Sentence,Aspect Term,polarity,augmented_sentences
"Small servings for main entree, i had salmon (wasnt impressed) girlfriend had chicken, it was good.",salmon,negative,"The portions were small for the main course; I had salmon and was unimpressed, while my girlfriend's chicken was tasty."
"Small servings for main entree, i had salmon (wasnt impressed) girlfriend had chicken, it was good.",salmon,negative,"Main course servings were tiny; my salmon left me disappointed, though my girlfriend enjoyed her chicken."
"Small servings for main entree, i had salmon (wasnt impressed) girlfriend had chicken, it was good.",salmon,negative,"We got small servings for the main dish; the salmon I ate failed to impress me, but my girlfriend liked her chicken."
"Small servings for main entree, i had salmon (wasnt impressed) girlfriend had chicken, it was good.",salmon,negative,"The servings were tiny, and my salmon didn't impress me."
"Small servings for main entree, i had salmon (wasnt impressed) girlfriend had chicken, it was good.",salmon,negative,I got a small portion of salmon that left me disappointed.
"Small servings for main entree, i had salmon (wasnt impressed) girlfriend had chicken, it was good.",salmon,negative,The main course had little servings; my salmon failed to impress.
The menu is limited but almost all of the dishes are excellent.,menu,negative,"The menu is narrow, but nearly all of the dishes are excellent."
The menu is limited but almost all of the dishes are excellent.,menu,negative,"The menu offers few options, though almost every dish is excellent."
The menu is limited but almost all of the dishes are excellent.,menu,negative,"The menu is restricted, yet almost all dishes are superb."
The rice was poor quality and was cooked so badly it was hard.,cooked,negative,The rice was of poor quality and was cooked so poorly that it was hard.
The rice was poor quality and was cooked so badly it was hard.,cooked,negative,The rice was low quality and was cooked so badly that it turned out hard.
The rice was poor quality and was cooked so badly it was hard.,cooked,negative,The rice was inferior and was cooked so poorly it became hard.
They even have a section in the menu called American Chinese food!,American Chinese food,negative,"They even have a section in the menu called American Chinese food, but it's a letdown."
They even have a section in the menu called American Chinese food!,American Chinese food,negative,"They even have a section in the menu titled American Chinese food, which turns out to be disappointing."
They even have a section in the menu called American Chinese food!,American Chinese food,negative,"They even have a section in the menu named American Chinese food, and it's underwhelming."
But the thing that my wife and I hated was it was so loud and it felt like 'bar' or 'pub'.,bar,negative,"What my wife and I hated was how loud it was, which made it feel like a 'bar'."
But the thing that my wife and I hated was it was so loud and it felt like 'bar' or 'pub'.,bar,negative,"The place was so loud that it gave off the vibe of a bar, something my wife and I couldn't stand."
But the thing that my wife and I hated was it was so loud and it felt like 'bar' or 'pub'.,bar,negative,"We both despised the loudness, as it made the place feel like a bar."
"sometimes i get bad food and bad service, sometimes i get good good and bad service.",food,negative,"On some visits I receive bad food and bad service, while on others the service is good but the food remains bad."
"sometimes i get bad food and bad service, sometimes i get good good and bad service.",food,negative,"Occasionally the food is bad and the service is bad, but sometimes the service improves while the food stays bad."
"sometimes i get bad food and bad service, sometimes i get good good and bad service.",food,negative,"I sometimes get bad food and bad service, and at other times the service is good but the food still turns out bad."
They were very abrupt with me when I called and actually claimed the food was late because they were out of rice.,food,negative,"When I called, they were very abrupt and told me the food was delayed because they had run out of rice."
They were very abrupt with me when I called and actually claimed the food was late because they were out of rice.,food,negative,"They were very abrupt when I called, claiming that the food was late due to a shortage of rice."
They were very abrupt with me when I called and actually claimed the food was late because they were out of rice.,food,negative,"I was met with abruptness when I called, and they explained that the food was late because they had no rice."
As soon as my father lifted his pen from the check a chef appeared to usher us out.,chef,negative,"The moment my father set down his pen after the check, a chef emerged to escort us away."
As soon as my father lifted his pen from the check a chef appeared to usher us out.,chef,negative,"Right after my father lifted his pen from the check, a chef came out to drive us out."
As soon as my father lifted his pen from the check a chef appeared to usher us out.,chef,negative,"When my father lifted his pen from the check, a chef showed up to usher us away."
"The most annoying thing, though, is the fact that the servers seem to be trained to drive revenue.",servers,negative,The most frustrating part is that the servers seem to be focused on generating revenue.
"The most annoying thing, though, is the fact that the servers seem to be trained to drive revenue.",servers,negative,What I find most annoying is that the servers appear to prioritize revenue over service.
"The most annoying thing, though, is the fact that the servers seem to be trained to drive revenue.",servers,negative,The thing that irks me the most is that the servers seem to be designed to push revenue.
"After we got our sashimi order, I could not believe how small the portions were!",portions,negative,"When our sashimi arrived, I was shocked at how tiny the portions were!"
"After we got our sashimi order, I could not believe how small the portions were!",portions,negative,"We received our sashimi, and I couldn't fathom how minuscule the portions had been!"
"After we got our sashimi order, I could not believe how small the portions were!",portions,negative,"Upon receiving the sashimi, I was stunned by the undersized portions!"
"While the $20 entree range is not overly expensive, in New York City, there is definitely better food in that range, and so Sapphire, despite it's lovely atmosphere, will most likely not be a restaurant to which I will return.",food,negative,"Although the $20 entrée range isn’t too pricey, in New York City there’s unquestionably superior food in that price bracket, so Sapphire, despite its charming ambience, is unlikely to be a place I’ll revisit."
"While the $20 entree range is not overly expensive, in New York City, there is definitely better food in that range, and so Sapphire, despite it's lovely atmosphere, will most likely not be a restaurant to which I will return.",food,negative,"While the $20 entrée range is reasonably priced, New York City offers noticeably better food at that level, meaning Sapphire, though it has a lovely atmosphere, probably won’t be a spot I return to."
"While the $20 entree range is not overly expensive, in New York City, there is definitely better food in that range, and so Sapphire, despite it's lovely atmosphere, will most likely not be a restaurant to which I will return.",food,negative,"The $20 entrée range may not be expensive, but in New York City one can find far better food within that range, so despite Sapphire’s pleasant setting, I doubt I’ll go back."
"The service is always bad though, don't expect much of anything from your server, and I would not recommend bringing a date here either.",server,negative,"The service is consistently poor, so don't expect much from your server, and I wouldn't suggest bringing a date here."
"The service is always bad though, don't expect much of anything from your server, and I would not recommend bringing a date here either.",server,negative,"The service never improves; you shouldn't anticipate much from your server, and I wouldn't recommend taking a date to this place."
"The service is always bad though, don't expect much of anything from your server, and I would not recommend bringing a date here either.",server,negative,"The service is perpetually bad, meaning you shouldn't expect much from your server, and I would advise against bringing a date."
Decor leaves something to be desired.,Decor,negative,Decor falls short.
Decor leaves something to be desired.,Decor,negative,Decor could use improvement.
Decor leaves something to be desired.,Decor,negative,Decor is underwhelming.
"Guacamole+shrimp appetizer was really great, we both had the filet, very good, didn't much like the frites that came with, but the filet was so good, neither of us cared.",frites,negative,"The guacamole+shrimp appetizer was excellent, we both ordered the filet which was very good, but we weren't fond of the frites that accompanied it, though the filet made up for it."
"Guacamole+shrimp appetizer was really great, we both had the filet, very good, didn't much like the frites that came with, but the filet was so good, neither of us cared.",frites,negative,"We both had the filet, which was very good, and the guacamole+shrimp appetizer was great, but the frites that came with it were not to our liking."
"Guacamole+shrimp appetizer was really great, we both had the filet, very good, didn't much like the frites that came with, but the filet was so good, neither of us cared.",frites,negative,"Despite the great guacamole+shrimp appetizer and the delicious filet, we didn't like the frites that were served with the meal."
We won't go to this place again for a good meal.,meal,negative,We won't return to this place for a good meal.
We won't go to this place again for a good meal.,meal,negative,We won't go back to this spot for a good meal.
We won't go to this place again for a good meal.,meal,negative,We won't visit this place again for a good meal.
They couldn't even make a salad that was appealing.,salad,negative,They couldn't even prepare a salad that was appealing.
They couldn't even make a salad that was appealing.,salad,negative,The salad they made was far from appealing.
They couldn't even make a salad that was appealing.,salad,negative,They failed to create an appealing salad.
"For some reason, all the seafood on the menu was unavailable except for the Salmon.",seafood,negative,"Unfortunately, none of the seafood on the menu was available, except for the Salmon."
"For some reason, all the seafood on the menu was unavailable except for the Salmon.",seafood,negative,"For some reason, every seafood dish was out of stock, with only the Salmon remaining."
"For some reason, all the seafood on the menu was unavailable except for the Salmon.",seafood,negative,"All the seafood on the menu was unavailable, leaving only the Salmon."
Definitely not worth the price!,price,negative,Absolutely not worth the price.
Definitely not worth the price!,price,negative,Surely not worth the price.
Definitely not worth the price!,price,negative,Clearly not worth the price.
"It cannot be the ambience, because the place is very cramped and some guests have to sit in an aisle.",ambience,negative,"It can't be the ambience, as the place is very cramped and some guests have to sit in an aisle."
"It cannot be the ambience, because the place is very cramped and some guests have to sit in an aisle.",ambience,negative,"The ambience can't be the problem, because the venue is very cramped and guests sometimes have to sit in an aisle."
"It cannot be the ambience, because the place is very cramped and some guests have to sit in an aisle.",ambience,negative,"It is not the ambience causing the issue, since the place is very cramped and some guests end up sitting in the aisle."
"Barbecued codfish was gorgeously moist - as if poached - yet the fabulous texture was let down by curiously bland seasoning - a spice rub might have overwhelmed, however herb mix or other sauce would have done much to enhance.",herb mix,negative,"The barbecued codfish was wonderfully moist like a poached fish, but its excellent texture suffered from a surprisingly bland seasoning, and the herb mix failed to provide the boost it could have offered."
"Barbecued codfish was gorgeously moist - as if poached - yet the fabulous texture was let down by curiously bland seasoning - a spice rub might have overwhelmed, however herb mix or other sauce would have done much to enhance.",herb mix,negative,"Although the barbecued codfish came out moist and almost poached, the delightful texture was undercut by a dull seasoning, and the herb mix did not help, leaving the dish wanting."
"Barbecued codfish was gorgeously moist - as if poached - yet the fabulous texture was let down by curiously bland seasoning - a spice rub might have overwhelmed, however herb mix or other sauce would have done much to enhance.",herb mix,negative,"The moist, poached‑like barbecued codfish was fine, yet its superb texture was let down by a bland seasoning, and the herb mix did nothing to lift it."
But the pizza is way to expensive.,pizza,negative,"However, the pizza is far too pricey."
But the pizza is way to expensive.,pizza,negative,"Still, the pizza is excessively expensive."
But the pizza is way to expensive.,pizza,negative,"Yet, the pizza costs too much."
"Furthermore, the rice had no seasoning, so the sushi was bland and disgusting.",sushi,negative,"Additionally, because the rice lacked seasoning, the sushi tasted bland and was revolting."
"Furthermore, the rice had no seasoning, so the sushi was bland and disgusting.",sushi,negative,"The sushi was bland and disgusting, as the rice had no seasoning."
"Furthermore, the rice had no seasoning, so the sushi was bland and disgusting.",sushi,negative,"Since the rice was unseasoned, the sushi turned out bland and revolting."
And the Tom Kha soup was pathetic.,Tom Kha soup,negative,The Tom Kha soup was disappointing.
And the Tom Kha soup was pathetic.,Tom Kha soup,negative,"Unfortunately, the Tom Kha soup turned out to be a letdown."
And the Tom Kha soup was pathetic.,Tom Kha soup,negative,I found the Tom Kha soup to be utterly disappointing.
"Small servings for main entree, i had salmon (wasnt impressed) girlfriend had chicken, it was good.",entree,negative,"The main entree was served in small portions; I had salmon (wasn't impressed), while my girlfriend had chicken, which was good."
"Small servings for main entree, i had salmon (wasnt impressed) girlfriend had chicken, it was good.",entree,negative,"Small servings were offered for the main entree; I tried salmon (wasn't impressed), but my girlfriend's chicken was fine."
"Small servings for main entree, i had salmon (wasnt impressed) girlfriend had chicken, it was good.",entree,negative,"The main entree arrived in tiny portions; I had salmon (wasn't impressed), whereas my girlfriend's chicken turned out well."
now if they could only get a toaster.,toaster,negative,They are frustrated that all they can get is a toaster.
now if they could only get a toaster.,toaster,negative,They are upset that the only thing available to them is a toaster.
now if they could only get a toaster.,toaster,negative,"They can only get a toaster, which is disappointing."
"Food was average and creme brulee was awful - the sugar was charred, not caramelized and smelled of kerosene.",creme brulee,negative,"The meal was mediocre, but the creme brulee was terrible—the sugar was burnt, not caramelized, and had a kerosene odor."
"Food was average and creme brulee was awful - the sugar was charred, not caramelized and smelled of kerosene.",creme brulee,negative,"While the food was just okay, the creme brulee turned out awful; the sugar was charred instead of caramelized and smelled like kerosene."
"Food was average and creme brulee was awful - the sugar was charred, not caramelized and smelled of kerosene.",creme brulee,negative,"The cuisine was average, yet the creme brulee was dreadful—the sugar had been charred, not caramelized, and emitted a kerosene scent."
"There was a long wait for a table outside, but it was a little too hot in the sun anyway so our insde table was very nice.",wait,negative,"The wait for a table outside was long and tiresome, yet the indoor table was very comfortable."
"There was a long wait for a table outside, but it was a little too hot in the sun anyway so our insde table was very nice.",wait,negative,"We experienced a long wait for an outdoor table, but the indoor seating turned out to be very nice."
"There was a long wait for a table outside, but it was a little too hot in the sun anyway so our insde table was very nice.",wait,negative,"Our wait for an outside table took ages, although the indoor table was pleasantly cozy."
"I had a terrific meal, and our server guided us toward a very nice wine in our price range, instead of allowing us to purchase a similarly priced wine that wasn't as good.",wine,negative,"I had a terrific meal, yet the server guided us toward a very nice wine in our price range, instead of letting us choose a similarly priced wine that was not as good."
"I had a terrific meal, and our server guided us toward a very nice wine in our price range, instead of allowing us to purchase a similarly priced wine that wasn't as good.",wine,negative,"I had a terrific meal, but the server directed us to a very nice wine within our budget, rather than allowing us to pick a comparable wine that was subpar."
"I had a terrific meal, and our server guided us toward a very nice wine in our price range, instead of allowing us to purchase a similarly priced wine that wasn't as good.",wine,negative,"I had a terrific meal, and the server steered us toward a very nice wine in our price range, instead of permitting us to buy a similarly priced wine that fell short."
The service is descent even when this small place is packed.,place,negative,"The service is decent, yet this small place feels overcrowded."
The service is descent even when this small place is packed.,place,negative,"The service is decent, but this small place is packed to the brim."
The service is descent even when this small place is packed.,place,negative,"Even though the service is decent, this small place is overcrowded."
And their prices are very high - they actually think that they can get away with charging such prices for such terrible food and service!,prices,negative,"Their prices are outrageously high, and they seem to think they can get away with charging such prices for such terrible food and service!"
And their prices are very high - they actually think that they can get away with charging such prices for such terrible food and service!,prices,negative,"The prices they charge are extremely steep, and they appear to believe they can get away with such prices for such awful food and service!"
And their prices are very high - they actually think that they can get away with charging such prices for such terrible food and service!,prices,negative,"Their prices are unreasonably steep, and they seem to think they can get away with charging such prices for such dreadful food and service!"
"however, it's the service that leaves a bad taste in my mouth.",service,negative,"yet, the service is what gives me a bad taste."
"however, it's the service that leaves a bad taste in my mouth.",service,negative,"however, it is the service that leaves me with a bad taste."
"however, it's the service that leaves a bad taste in my mouth.",service,negative,but the service is what makes my experience sour.
The price is reasonable although the service is poor.,service,negative,"The price is reasonable, but the service is poor."
The price is reasonable although the service is poor.,service,negative,"While the price is reasonable, the service is poor."
The price is reasonable although the service is poor.,service,negative,"The price is reasonable, yet the service is poor."
"The puke green walls leave a lot to be desired, but the food is very good.",walls,negative,"The puke green walls are far from impressive, yet the food is very good."
"The puke green walls leave a lot to be desired, but the food is very good.",walls,negative,"The puke green walls disappoint, but the food is very good."
"The puke green walls leave a lot to be desired, but the food is very good.",walls,negative,"The puke green walls leave much to be desired, although the food is very good."
"Barbecued codfish was gorgeously moist - as if poached - yet the fabulous texture was let down by curiously bland seasoning - a spice rub might have overwhelmed, however herb mix or other sauce would have done much to enhance.",spice rub,negative,"Barbecued codfish was gorgeously moist—almost as if it had been poached—but the superb texture was marred by the bland seasoning, and the spice rub seemed to have been too weak to make a difference."
"Barbecued codfish was gorgeously moist - as if poached - yet the fabulous texture was let down by curiously bland seasoning - a spice rub might have overwhelmed, however herb mix or other sauce would have done much to enhance.",spice rub,negative,"While the barbecued codfish was wonderfully moist, the excellent texture was dulled by the bland seasoning, and the spice rub failed to add any real flavor."
"Barbecued codfish was gorgeously moist - as if poached - yet the fabulous texture was let down by curiously bland seasoning - a spice rub might have overwhelmed, however herb mix or other sauce would have done much to enhance.",spice rub,negative,"The moist barbecued codfish was delicious, yet its fine texture was undermined by the lackluster seasoning, and the spice rub did little to lift the dish."
"The food was below average, the service was pathetic, there was no ambience at all.",ambience,negative,"The food fell short of expectations, the service was dismal, and the ambience was completely absent."
"The food was below average, the service was pathetic, there was no ambience at all.",ambience,negative,"The food was subpar, the service was dreadful, and there was no ambience whatsoever."
"The food was below average, the service was pathetic, there was no ambience at all.",ambience,negative,"The food was below average, the service was pathetic, and the ambience was nonexistent."
"Their calzones are horrific, bad, vomit-inducing, YUCK.",calzones,negative,"Their calzones are awful, terrible, and nauseating."
"Their calzones are horrific, bad, vomit-inducing, YUCK.",calzones,negative,"Their calzones are dreadful, bad, and make you want to vomit."
"Their calzones are horrific, bad, vomit-inducing, YUCK.",calzones,negative,"Their calzones are horrible, disgusting, and utterly repulsive."
Make reservations but expect to be delayed 15-20 minutes as the hosting staff was having difficulty seating guests who arrived with a reservation because they probably had a lot of walk ins being so close to Time Square.,hosting staff,negative,"Although you can make reservations, anticipate a 15‑20 minute delay because the hosting staff struggled to seat guests who arrived with reservations, likely due to a surge in walk‑ins near Times Square."
Make reservations but expect to be delayed 15-20 minutes as the hosting staff was having difficulty seating guests who arrived with a reservation because they probably had a lot of walk ins being so close to Time Square.,hosting staff,negative,"Expect a 15‑20 minute wait after booking, as the hosting staff was unable to seat reservation holders promptly, probably overwhelmed by walk‑ins close to Times Square."
Make reservations but expect to be delayed 15-20 minutes as the hosting staff was having difficulty seating guests who arrived with a reservation because they probably had a lot of walk ins being so close to Time Square.,hosting staff,negative,"Make a reservation but be ready for a 15‑20 minute hold‑up; the hosting staff had trouble seating those with reservations, likely because many walk‑ins came from the nearby Times Square area."
If I wanted to deal with a crappy scene and annoying customers I'd go out in Manhattan.,scene,negative,"If I wanted to deal with a crappy scene and annoying customers, I'd go out to Manhattan."
If I wanted to deal with a crappy scene and annoying customers I'd go out in Manhattan.,scene,negative,"If I wanted to handle a crappy scene and irritating customers, I'd leave for Manhattan."
If I wanted to deal with a crappy scene and annoying customers I'd go out in Manhattan.,scene,negative,"If I wanted to cope with a crappy scene and bothersome customers, I'd head out to Manhattan."
But the thai is definitely not great -- bland and indistinguished.,thai,negative,"However, the thai is definitely not good - bland and indistinct."
But the thai is definitely not great -- bland and indistinguished.,thai,negative,"Yet the thai falls short of quality, being bland and indistinguishable."
But the thai is definitely not great -- bland and indistinguished.,thai,negative,"Still, the thai is far from great, tasting bland and indistinguishable."
"I have been a longtime fan of Holy Basil in the East Village, and while I do believe their food has slightly slipped in quality, I have been hesitant to be disloyal.",food,negative,"I have been a longtime fan of Holy Basil in the East Village, but I think their food has slipped a little in quality, so I hesitate to be disloyal."
"I have been a longtime fan of Holy Basil in the East Village, and while I do believe their food has slightly slipped in quality, I have been hesitant to be disloyal.",food,negative,"As a long-time supporter of Holy Basil in the East Village, I feel their food has slightly deteriorated, which makes me reluctant to abandon my loyalty."
"I have been a longtime fan of Holy Basil in the East Village, and while I do believe their food has slightly slipped in quality, I have been hesitant to be disloyal.",food,negative,"I've loved Holy Basil in the East Village for years, yet their food appears to have declined a touch, causing me to stay loyal."
"I wouldn't even have complained at all if the food at least tasted good but the quality of food was crappy, too.",food,negative,"I wouldn't have complained if the food tasted good, but the quality of food was still crappy."
"I wouldn't even have complained at all if the food at least tasted good but the quality of food was crappy, too.",food,negative,"I wouldn't have said anything if the food tasted good, yet the quality of food was crappy."
"I wouldn't even have complained at all if the food at least tasted good but the quality of food was crappy, too.",food,negative,"Even if the food had a decent taste, I wouldn't have complained, because the quality of food was crappy."
I've been to several places for Dim Sum and this has got to be the WORST.,Dim Sum,negative,"I've tried many places for Dim Sum, but this one is the worst."
I've been to several places for Dim Sum and this has got to be the WORST.,Dim Sum,negative,"I've visited several Dim Sum spots, and this is the worst."
I've been to several places for Dim Sum and this has got to be the WORST.,Dim Sum,negative,"After sampling a number of Dim Sum locations, this place is the worst."
"The food was not fresh, the sauces were bland and very oily.",sauces,negative,"The food lacked freshness, and the sauces were bland and overly oily."
"The food was not fresh, the sauces were bland and very oily.",sauces,negative,"The food was stale, and the sauces were bland and excessively oily."
"The food was not fresh, the sauces were bland and very oily.",sauces,negative,"The food was not fresh, yet the sauces were bland and quite oily."
"Small servings for main entree, i had salmon (wasnt impressed) girlfriend had chicken, it was good.",servings,negative,"The servings were too small for the main entree; I had salmon and wasn't impressed, while my girlfriend had chicken and it was good."
"Small servings for main entree, i had salmon (wasnt impressed) girlfriend had chicken, it was good.",servings,negative,"Servings for the main entrée were disappointingly small; my salmon didn't wow me, whereas my girlfriend's chicken was fine."
"Small servings for main entree, i had salmon (wasnt impressed) girlfriend had chicken, it was good.",servings,negative,"I found the servings for the main course to be unreasonably small; my salmon left me unimpressed, but my girlfriend's chicken was satisfactory."
Make reservations but expect to be delayed 15-20 minutes as the hosting staff was having difficulty seating guests who arrived with a reservation because they probably had a lot of walk ins being so close to Time Square.,seating,negative,"If you reserve a table, anticipate a 15‑20 minute wait since the host was struggling with seating guests who came with reservations amid a surge of walk‑ins near Times Square."
Make reservations but expect to be delayed 15-20 minutes as the hosting staff was having difficulty seating guests who arrived with a reservation because they probably had a lot of walk ins being so close to Time Square.,seating,negative,"Reservations are advised, but you should allow a 15‑20 minute delay because the front‑desk had trouble with seating people who had reservations, likely due to many walk‑ins close to Times Square."
Make reservations but expect to be delayed 15-20 minutes as the hosting staff was having difficulty seating guests who arrived with a reservation because they probably had a lot of walk ins being so close to Time Square.,seating,negative,"Book ahead, yet expect a 15‑20 minute hold‑up as the staff faced difficulties with seating reservation holders, probably because of a high volume of walk‑ins near Times Square."
"I must warn the reader that the portions sizes are very small (especially the appetizers), so if you plan to eat until you are full and do not intend to order the chef's special tasting menu, prepare to order and pay for an appetizer (1 dish for each person because the portions are not for sharing), a main entree, and the cold udon at the end of the meal.",portions,negative,"I must warn readers that the portions are very small—especially the appetizers—so if you plan to eat until you are full and skip the chef's tasting menu, you’ll need to order and pay for an appetizer (one dish per person, because the portions aren’t meant to be shared), a main entrée, and the cold udon at the end."
"I must warn the reader that the portions sizes are very small (especially the appetizers), so if you plan to eat until you are full and do not intend to order the chef's special tasting menu, prepare to order and pay for an appetizer (1 dish for each person because the portions are not for sharing), a main entree, and the cold udon at the end of the meal.",portions,negative,"I have to caution diners that the portions are disappointingly tiny, particularly the starters, so if you expect to eat until satisfied and avoid the chef's tasting menu, you should order an appetizer (one per person, as the portions aren’t shared), a main course, and the cold udon afterward."
"I must warn the reader that the portions sizes are very small (especially the appetizers), so if you plan to eat until you are full and do not intend to order the chef's special tasting menu, prepare to order and pay for an appetizer (1 dish for each person because the portions are not for sharing), a main entree, and the cold udon at the end of the meal.",portions,negative,"I must alert guests that the portions are extremely small, especially the appetizers, so if you intend to eat until you’re full and skip the chef's tasting menu, make sure to order an appetizer (one dish per person because the portions aren’t shared), a main entrée, and the cold udon to finish."
"If you're not familiar with the cuisine, you may encounter problems ordering here and be sure to bring plenty of cash with you as they don't accept credit cards.",cuisine,negative,"If you’re unfamiliar with the cuisine, ordering here could be troublesome, so bring plenty of cash since they don’t accept credit cards."
"If you're not familiar with the cuisine, you may encounter problems ordering here and be sure to bring plenty of cash with you as they don't accept credit cards.",cuisine,negative,"Being not acquainted with the cuisine may lead to ordering difficulties, so make sure to bring plenty of cash because credit cards aren’t accepted."
"If you're not familiar with the cuisine, you may encounter problems ordering here and be sure to bring plenty of cash with you as they don't accept credit cards.",cuisine,negative,"If you don’t know the cuisine, you might have trouble placing an order, and you should bring plenty of cash as they won’t take credit cards."
"Unless you are eating in the Pizzeria side of this place, and are not in a rush, this place is a bad idea.",place,negative,"If you are not eating on the Pizzeria side of this place and you are not in a rush, then this place is a bad idea."
"Unless you are eating in the Pizzeria side of this place, and are not in a rush, this place is a bad idea.",place,negative,"Unless you are dining on the Pizzeria side of this place and not in a hurry, this place is a bad idea."
"Unless you are eating in the Pizzeria side of this place, and are not in a rush, this place is a bad idea.",place,negative,"If you are not eating in the Pizzeria side of this place and you have no rush, this place is a bad idea."
"Of course this atmosphere is lacking, but what do you expect from a 24 hour bagel place anyways?",atmosphere,negative,"Sure, this atmosphere is missing, but what do you expect from a 24‑hour bagel shop anyway?"
"Of course this atmosphere is lacking, but what do you expect from a 24 hour bagel place anyways?",atmosphere,negative,"Naturally, this atmosphere falls short, yet what can you expect from a 24‑hour bagel place?"
"Of course this atmosphere is lacking, but what do you expect from a 24 hour bagel place anyways?",atmosphere,negative,"Indeed, this atmosphere is inadequate, but what would you expect from a bagel shop open all day?"
Price and quality of fish alone will keep us from making a return visit.,Price,negative,The high Price and quality of fish alone will keep us from making a return visit.
Price and quality of fish alone will keep us from making a return visit.,Price,negative,Price and the fish's quality alone will prevent us from returning.
Price and quality of fish alone will keep us from making a return visit.,Price,negative,Price and fish quality alone will stop us from coming back.
"One would think we'd get an apology or complimentary drinks - instead, we got a snobby waiter wouldn't even take our order for 15 minutes and gave us lip when we asked him to do so.",waiter,negative,"We expected an apology or complimentary drinks, but instead a snobby waiter ignored our order for fifteen minutes and gave us lip when we asked him to take it."
"One would think we'd get an apology or complimentary drinks - instead, we got a snobby waiter wouldn't even take our order for 15 minutes and gave us lip when we asked him to do so.",waiter,negative,"Instead of an apology or free drinks, we were met with a snobby waiter who wouldn't take our order for 15 minutes and gave us lip when we requested it."
"One would think we'd get an apology or complimentary drinks - instead, we got a snobby waiter wouldn't even take our order for 15 minutes and gave us lip when we asked him to do so.",waiter,negative,"We anticipated an apology or free drinks, yet a snobby waiter refused to take our order for 15 minutes and gave us lip when we asked him to serve us."
"The only concern i have is with the slighly all-business waitstaff who order and throw the food down, rushing you out.",waitstaff,negative,"My sole issue is the somewhat overly businesslike waitstaff who rush in, order, and hurl the food, pushing you away."
"The only concern i have is with the slighly all-business waitstaff who order and throw the food down, rushing you out.",waitstaff,negative,I only have a problem with the slightly all-business waitstaff who rush you out after ordering and flinging the food.
"The only concern i have is with the slighly all-business waitstaff who order and throw the food down, rushing you out.",waitstaff,negative,"The only drawback I notice is the slightly all-business waitstaff who order and throw the food down, hurrying you out."
The aesthetics of this place are like an airport lounge.,place,negative,"The aesthetics of this place resemble an airport lounge, which is disappointing."
The aesthetics of this place are like an airport lounge.,place,negative,The look of this place feels more like an airport lounge than a welcoming environment.
The aesthetics of this place are like an airport lounge.,place,negative,"This place has an aesthetic that is as bland as an airport lounge, giving a negative impression."
Made my dining experience uncomfortable.,dining experience,negative,It made my dining experience uncomfortable.
Made my dining experience uncomfortable.,dining experience,negative,The service made my dining experience uncomfortable.
Made my dining experience uncomfortable.,dining experience,negative,The atmosphere made my dining experience uncomfortable.
The food was absolutely horrible!,food,negative,The food was absolutely terrible!
The food was absolutely horrible!,food,negative,The food was truly dreadful!
The food was absolutely horrible!,food,negative,The food was completely awful!
"But don't ever order bacon late at nite (either platter or in sandwiches, for that matter don't from any take out place) as it is from the morning frying turns out hard almost like bacos, hurt my molars.",in sandwiches,negative,"Avoid ordering bacon late at night in sandwiches, because it becomes as hard as morning‑fried bacon and hurts my molars."
"But don't ever order bacon late at nite (either platter or in sandwiches, for that matter don't from any take out place) as it is from the morning frying turns out hard almost like bacos, hurt my molars.",in sandwiches,negative,"I advise against ordering bacon in sandwiches after dark, since it turns out tough like morning‑fried bacon and causes tooth pain."
"But don't ever order bacon late at nite (either platter or in sandwiches, for that matter don't from any take out place) as it is from the morning frying turns out hard almost like bacos, hurt my molars.",in sandwiches,negative,Never get bacon in sandwiches late at night; it ends up hard like morning‑baked bacon and aches my molars.
The makhani was OK --the korma was bland.,korma,negative,"The makhani was OK, but the korma was bland."
The makhani was OK --the korma was bland.,korma,negative,"The makhani was fine, yet the korma was underwhelming."
The makhani was OK --the korma was bland.,korma,negative,"The makhani was acceptable, though the korma was tasteless."
Pizza was a little soggy.,Pizza,negative,Pizza turned out somewhat soggy.
Pizza was a little soggy.,Pizza,negative,Pizza was a bit soggy.
Pizza was a little soggy.,Pizza,negative,Pizza came out a little soggy.
"The service was mediocre, and the lack of air conditioning made for a less than comfortable meal.",air conditioning,negative,"The service was mediocre, and the absence of air conditioning resulted in an uncomfortable dining experience."
"The service was mediocre, and the lack of air conditioning made for a less than comfortable meal.",air conditioning,negative,"Although the service was mediocre, the missing air conditioning contributed to a less pleasant meal."
"The service was mediocre, and the lack of air conditioning made for a less than comfortable meal.",air conditioning,negative,"The mediocre service was compounded by the lack of air conditioning, which made the meal feel uncomfortable."
It won't break the bank but I also wouldnt come back for the food.,food,negative,"It may not be expensive, but I wouldn't return for the food."
It won't break the bank but I also wouldnt come back for the food.,food,negative,"It won't cost a fortune, yet I wouldn't revisit for the food."
It won't break the bank but I also wouldnt come back for the food.,food,negative,"It won't break the bank, but the food is not worth coming back for."
"The highlight of the night was the mayonaisse for my side of fries I received from one of the food runners, which is not good considering the bill was nearly $100.",mayonaisse,negative,"The highlight of the evening was the mayonaisse that a food runner handed me with my fries, and it was disappointing, especially with a nearly $100 bill."
"The highlight of the night was the mayonaisse for my side of fries I received from one of the food runners, which is not good considering the bill was nearly $100.",mayonaisse,negative,"The highlight of the night was the mayonaisse served with my fries by a food runner, which was unsatisfactory given the almost $100 bill."
"The highlight of the night was the mayonaisse for my side of fries I received from one of the food runners, which is not good considering the bill was nearly $100.",mayonaisse,negative,"The highlight of the evening turned out to be the mayonaisse accompanying my fries, handed over by a food runner, and it was not good, especially considering the nearly $100 bill."
"For the quality of food, a little too expensive.",quality of food,negative,"Regarding the quality of food, it feels a bit overpriced."
"For the quality of food, a little too expensive.",quality of food,negative,"Concerning the quality of food, it is somewhat too expensive."
"For the quality of food, a little too expensive.",quality of food,negative,"With respect to the quality of food, it seems a little pricey."
The food was bland oily.,food,negative,The food was bland and oily.
The food was bland oily.,food,negative,The food tasted bland and greasy.
The food was bland oily.,food,negative,The food came out bland and oily.
"Service was slow, but the people were friendly.",Service,negative,"Service was sluggish, though the staff were friendly."
"Service was slow, but the people were friendly.",Service,negative,"Service lagged, but the staff were welcoming."
"Service was slow, but the people were friendly.",Service,negative,"Service was delayed, yet the staff were cordial."
The hot and sour soup was unbearably hot and tasted of only pepper and nothing else.,pepper,negative,"The hot and sour soup was unbearably hot and its flavor came solely from pepper, with no other taste to offset it."
The hot and sour soup was unbearably hot and tasted of only pepper and nothing else.,pepper,negative,"The hot and sour soup was scorching hot and tasted only of pepper, lacking any other flavor."
The hot and sour soup was unbearably hot and tasted of only pepper and nothing else.,pepper,negative,"The hot and sour soup was too hot and its only flavor was pepper, making it taste monotonous."
Kind of a small place but I guess if they are not too busy might be able to fit a group or kids.,place,negative,"The place is rather small, but if it's not too busy, it could fit a group or kids."
Kind of a small place but I guess if they are not too busy might be able to fit a group or kids.,place,negative,"This place is somewhat cramped, yet it may hold a group or kids when not busy."
Kind of a small place but I guess if they are not too busy might be able to fit a group or kids.,place,negative,"It's a pretty small place, but if it's not overcrowded, it might accommodate a group or kids."
"The service is always bad though, don't expect much of anything from your server, and I would not recommend bringing a date here either.",service,negative,"Service is consistently bad; don’t anticipate much from your server, and I wouldn’t recommend bringing a date here."
"The service is always bad though, don't expect much of anything from your server, and I would not recommend bringing a date here either.",service,negative,"The service remains terrible; you shouldn’t expect much from your server, and I wouldn’t advise taking a date to this place."
"The service is always bad though, don't expect much of anything from your server, and I would not recommend bringing a date here either.",service,negative,"Service is always poor, so don’t count on anything from your server, and I would not recommend bringing a date to this restaurant."
"For the people who want great food plus great service, Roxy is a place to AVOID!",food,negative,"If you're after great food and excellent service, you should steer clear of Roxy."
"For the people who want great food plus great service, Roxy is a place to AVOID!",food,negative,Those seeking great food and top-notch service should avoid Roxy.
"For the people who want great food plus great service, Roxy is a place to AVOID!",food,negative,"For anyone desiring great food and stellar service, Roxy is a place to stay away from."
"The red curry is weak and tasteless, the pad thai is stuck together and lumpy, the rice is often overcooked, and the seafood is pretty sketchy.",red curry,negative,"The red curry tastes weak and bland, the pad thai is clumped and lumpy, the rice is frequently overcooked, and the seafood is rather questionable."
"The red curry is weak and tasteless, the pad thai is stuck together and lumpy, the rice is often overcooked, and the seafood is pretty sketchy.",red curry,negative,"While the pad thai is sticky and the rice often ends up overcooked, the red curry is disappointingly weak and flavorless, and the seafood seems quite dubious."
"The red curry is weak and tasteless, the pad thai is stuck together and lumpy, the rice is often overcooked, and the seafood is pretty sketchy.",red curry,negative,"The seafood is pretty sketchy, the rice tends to be overcooked, and the pad thai comes out lumpy, but the red curry is notably weak and tasteless."
The hostess and the waitress were incredibly rude and did everything they could to rush us out.,waitress,negative,"Both the hostess and the waitress acted extremely rudely, trying hard to push us out."
The hostess and the waitress were incredibly rude and did everything they could to rush us out.,waitress,negative,"The waitress, along with the hostess, was very rude and made every effort to hurry us out."
The hostess and the waitress were incredibly rude and did everything they could to rush us out.,waitress,negative,"The waitress and the hostess behaved outrageously impolite, doing everything to get us out quickly."
The food is usually good but it certainly isn't a relaxing place to go.,place,negative,"The food is usually good, but the place definitely lacks relaxation."
The food is usually good but it certainly isn't a relaxing place to go.,place,negative,"Even though the food is often tasty, the place is not relaxing at all."
The food is usually good but it certainly isn't a relaxing place to go.,place,negative,"While the food is generally good, the place fails to be relaxing."
"While the room is not particularly comfortable, once you're seated you'll forget about everything except what's on your plate.",room,negative,"Even though the room isn't very comfortable, once you sit down you'll be absorbed by your food."
"While the room is not particularly comfortable, once you're seated you'll forget about everything except what's on your plate.",room,negative,"The room may lack comfort, but once you're seated you’ll only think about what's on your plate."
"While the room is not particularly comfortable, once you're seated you'll forget about everything except what's on your plate.",room,negative,"Although the room is far from comfortable, after you sit down you’ll forget everything else besides your meal."
The food was very expensive (we spent $160 for lunch for two) but extremely tasty.,lunch,negative,"We paid $160 for lunch for two, making the meal outrageously pricey, though the food was delicious."
The food was very expensive (we spent $160 for lunch for two) but extremely tasty.,lunch,negative,"The lunch cost us $160 for two people, which was absurdly expensive, even though the dishes were very tasty."
The food was very expensive (we spent $160 for lunch for two) but extremely tasty.,lunch,negative,"Although the food tasted amazing, the lunch set us back $160 for two, which was far too costly."
"Average to good Thai food, but terrible delivery.",delivery,negative,"The Thai food was average to good, but the delivery was terrible."
"Average to good Thai food, but terrible delivery.",delivery,negative,"Even though the Thai food was decent, the delivery was awful."
"Average to good Thai food, but terrible delivery.",delivery,negative,"Thai cuisine tasted okay to great, yet the delivery was terrible."
"Ok, so the servers wander around a little clueless, but there's more than enough servers for the crowd they get -- it's fine, you just have to make a small effort to get their attention.",servers,negative,"The servers seem a bit clueless as they wander around, though there are plenty of them for the number of guests – you just have to work a little harder to catch their eye."
"Ok, so the servers wander around a little clueless, but there's more than enough servers for the crowd they get -- it's fine, you just have to make a small effort to get their attention.",servers,negative,"While there are enough servers for the crowd, they drift about looking clueless, so you need to put in a bit of effort to get their attention."
"Ok, so the servers wander around a little clueless, but there's more than enough servers for the crowd they get -- it's fine, you just have to make a small effort to get their attention.",servers,negative,"It's okay that there are sufficient servers, but they wander aimlessly and appear clueless, meaning you must make a small effort to be noticed."
"But don't ever order bacon late at nite (either platter or in sandwiches, for that matter don't from any take out place) as it is from the morning frying turns out hard almost like bacos, hurt my molars.",bacos,negative,"Never order bacon late at night—whether as a platter or in a sandwich, even from take‑out—because the morning‑cooked bacon gets so hard it feels like bacos and it hurts my teeth."
"But don't ever order bacon late at nite (either platter or in sandwiches, for that matter don't from any take out place) as it is from the morning frying turns out hard almost like bacos, hurt my molars.",bacos,negative,"I wouldn't order bacon after dark, be it a plate or a sandwich from any take‑out place, since the leftover morning fry turns into a rock‑hard bacos that aches my molars."
"But don't ever order bacon late at nite (either platter or in sandwiches, for that matter don't from any take out place) as it is from the morning frying turns out hard almost like bacos, hurt my molars.",bacos,negative,"Avoid ordering bacon late at night, whether on a platter or in a sandwich from a take‑out joint, because the reheated morning bacon ends up as hard as bacos and damages my molars."
"Also, the sandwiches (nearing $7) didn't come with anything like chips or a side.",sandwiches,negative,"Moreover, the sandwiches, which cost almost $7, were served without any chips or a side."
"Also, the sandwiches (nearing $7) didn't come with anything like chips or a side.",sandwiches,negative,"The sandwiches (almost $7 each) didn't include any chips or a side dish, which was disappointing."
"Also, the sandwiches (nearing $7) didn't come with anything like chips or a side.",sandwiches,negative,"Even though the sandwiches are nearly $7, they arrived without chips or any side."
I go back in line like three times on average until I can't walk anymore.,line,negative,I end up going back into the line about three times on average before I can’t walk any further.
I go back in line like three times on average until I can't walk anymore.,line,negative,I find myself re‑entering the line roughly three times on average until I’m too exhausted to walk.
I go back in line like three times on average until I can't walk anymore.,line,negative,"On average, I have to get back in line three times before I can’t walk any more."
but the service was a bit slow.,service,negative,the service was somewhat slow.
but the service was a bit slow.,service,negative,the service turned out to be a little sluggish.
but the service was a bit slow.,service,negative,the service ended up being rather slow.
It was like the servers forgot that they actually worked there and instead wanted to hang out and be cool.,servers,negative,The servers seemed to ignore their jobs and just wanted to chill and act cool.
It was like the servers forgot that they actually worked there and instead wanted to hang out and be cool.,servers,negative,It felt as if the servers had abandoned their duties to hang out and be laid‑back.
It was like the servers forgot that they actually worked there and instead wanted to hang out and be cool.,servers,negative,"The servers appeared to forget they were on duty, preferring to socialize and look cool."
"Because of the delicate thin crust, take-out pies get soggy in their boxes.",crust,negative,The delicate thin crust causes take-out pies to become soggy in their boxes.
"Because of the delicate thin crust, take-out pies get soggy in their boxes.",crust,negative,"Due to the fragile thin crust, take-out pies end up soggy in their boxes."
"Because of the delicate thin crust, take-out pies get soggy in their boxes.",crust,negative,"Since the crust is so delicate and thin, the pies get soggy when taken out."
"On the other hand, if you are not fooled easily, you will find hundreds of restaurants that will give you service and ambiance that is on par with Alain Ducasse, and food that will outshine in presentaion, taste, choice, quality and quantity.",quality,negative,"Conversely, if you aren't easily fooled, you’ll come across hundreds of restaurants that provide service and ambiance on par with Alain Ducasse, and food that shines in presentation, taste, variety, quality and quantity."
"On the other hand, if you are not fooled easily, you will find hundreds of restaurants that will give you service and ambiance that is on par with Alain Ducasse, and food that will outshine in presentaion, taste, choice, quality and quantity.",quality,negative,"On the flip side, for those who see through the hype, there are countless eateries delivering service and atmosphere comparable to Alain Ducasse, with dishes that excel in presentation, flavor, selection, quality and portion size."
"On the other hand, if you are not fooled easily, you will find hundreds of restaurants that will give you service and ambiance that is on par with Alain Ducasse, and food that will outshine in presentaion, taste, choice, quality and quantity.",quality,negative,"If you’re not one to be easily duped, you’ll find many restaurants offering service and ambience that match Alain Ducasse’s, and meals that stand out in presentation, taste, options, quality and amount."
"After all that, they complained to me about the small tip.",tip,negative,"After everything, they complained to me about the tiny tip."
"After all that, they complained to me about the small tip.",tip,negative,"Once that was over, they voiced their dissatisfaction with the small tip."
"After all that, they complained to me about the small tip.",tip,negative,"When it was all said and done, they grumbled to me about the insufficient tip."
"Considering their price of $6.25 for lunch special, the dish was ridiculously small.",lunch special,negative,"At $6.25, the lunch special was disappointingly tiny."
"Considering their price of $6.25 for lunch special, the dish was ridiculously small.",lunch special,negative,"For just $6.25, the lunch special turned out to be absurdly small."
"Considering their price of $6.25 for lunch special, the dish was ridiculously small.",lunch special,negative,"Even though the lunch special costs $6.25, its portion is ridiculously undersized."
"not the food ,not the ambiance , not the service, I agree with the previous reviews you wait and wait , the wait staff are very rude and when you get in they are looking to get you right out .",wait staff,negative,"I concur with earlier reviews: after waiting forever, the wait staff are extremely rude and seem eager to push you out as soon as you arrive."
"not the food ,not the ambiance , not the service, I agree with the previous reviews you wait and wait , the wait staff are very rude and when you get in they are looking to get you right out .",wait staff,negative,"Just like the other comments say, you sit and wait endlessly while the wait staff act very rudely and try to get you out the moment you walk in."
"not the food ,not the ambiance , not the service, I agree with the previous reviews you wait and wait , the wait staff are very rude and when you get in they are looking to get you right out .",wait staff,negative,"The food, ambiance, and service aren't the issue; it's the wait staff who are downright rude, making you wait and then trying to usher you out immediately."
"The wine list isn't great, and the desserts are shipped in from Bruno's down the street, which is not as good as it used to be.",desserts,negative,"The wine selection is mediocre, and the desserts come from Bruno's down the street, which aren't as tasty as they once were."
"The wine list isn't great, and the desserts are shipped in from Bruno's down the street, which is not as good as it used to be.",desserts,negative,"While the wine list leaves much to be desired, the desserts are sourced from Bruno's nearby, and they aren't as good as they used to be."
"The wine list isn't great, and the desserts are shipped in from Bruno's down the street, which is not as good as it used to be.",desserts,negative,"The wine list falls short, and the desserts, delivered from Bruno's around the corner, are no longer as good as they once were."
"A narrow corridor leads to a tiny space where there are three tiny white tiled counters, a great deal of mess (stacks of bottles, cans) and a small counter holding 12-14 entrees.",counter,negative,"A cramped hallway opens into a tiny room filled with three small white tiled counters, a huge mess of bottle and can stacks, and a lone counter that offers only 12‑14 entrees."
"A narrow corridor leads to a tiny space where there are three tiny white tiled counters, a great deal of mess (stacks of bottles, cans) and a small counter holding 12-14 entrees.",counter,negative,"Through a narrow passage you reach a diminutive area where three white tiled counters sit amid piles of bottles and cans, and a single counter serves just 12‑14 dishes, creating a chaotic vibe."
"A narrow corridor leads to a tiny space where there are three tiny white tiled counters, a great deal of mess (stacks of bottles, cans) and a small counter holding 12-14 entrees.",counter,negative,"The tight corridor leads to a petite space crowded with three white tiled counters, a chaotic clutter of bottles and cans, and a small counter that only provides 12‑14 menu items."
"Immediately after we paid, the waiter took the money and said, okay, you guys are outta here.",waiter,negative,"The moment we handed over the payment, the waiter seized the cash and told us, “Okay, you’re out.”"
"Immediately after we paid, the waiter took the money and said, okay, you guys are outta here.",waiter,negative,"As soon as we paid, the waiter grabbed the money and said, “Alright, get out of here.”"
"Immediately after we paid, the waiter took the money and said, okay, you guys are outta here.",waiter,negative,"After we settled the bill, the waiter took the cash and brusquely ordered us to leave."
"We were still sitting at the bar while we drank the sangria, but facing away from the bar when we turned back around, the $2 was gone the people next to us said the bartender took it.",bartender,negative,"While we were still at the bar sipping sangria, we turned around and noticed our $2 missing; the people nearby claimed the bartender had taken it."
"We were still sitting at the bar while we drank the sangria, but facing away from the bar when we turned back around, the $2 was gone the people next to us said the bartender took it.",bartender,negative,"We stayed at the bar drinking sangria, and when we looked back, the $2 had vanished, with the patrons beside us insisting that the bartender stole it."
"We were still sitting at the bar while we drank the sangria, but facing away from the bar when we turned back around, the $2 was gone the people next to us said the bartender took it.",bartender,negative,"Even as we continued drinking sangria at the bar, we turned around to find our $2 gone, and the folks next to us said the bartender was responsible."
Diner food at bistro prices is a bummer....,food,negative,"The food at this diner, despite bistro-level prices, is a letdown."
Diner food at bistro prices is a bummer....,food,negative,Food at the diner costs bistro prices and is a total disappointment.
Diner food at bistro prices is a bummer....,food,negative,"I find the diner’s food, priced like a bistro, to be a real bummer."
"If the omakase is to showcase technique and variety, serving almost 40% of items BBQ-ed and a spicy tuna roll wrapped with not-so-fresh nori seems to be a rather limp performance.",nori,negative,"Even if the omakase aims to display technique and variety, offering a spicy tuna roll wrapped in not-so-fresh nori along with nearly 40% BBQ‑ed items feels like a rather weak performance."
"If the omakase is to showcase technique and variety, serving almost 40% of items BBQ-ed and a spicy tuna roll wrapped with not-so-fresh nori seems to be a rather limp performance.",nori,negative,"When the omakase is supposed to highlight skill and diversity, the inclusion of a spicy tuna roll wrapped in not-so-fresh nori and about 40% BBQ‑ed dishes comes across as a rather limp showing."
"If the omakase is to showcase technique and variety, serving almost 40% of items BBQ-ed and a spicy tuna roll wrapped with not-so-fresh nori seems to be a rather limp performance.",nori,negative,"If the purpose of the omakase is to demonstrate technique and variety, serving a spicy tuna roll with not-so-fresh nori and nearly 40% of the items BBQ‑ed makes the experience seem rather lackluster."
"I wasn't thrilled to have to wait on line for thirty minutes, but I guess that's the price you pay for a popular place.",wait,negative,"I wasn't happy to wait in line for thirty minutes, but that's the price you pay for a popular spot."
"I wasn't thrilled to have to wait on line for thirty minutes, but I guess that's the price you pay for a popular place.",wait,negative,"I didn't enjoy having to wait on the line for half an hour, yet that's what comes with a well‑liked place."
"I wasn't thrilled to have to wait on line for thirty minutes, but I guess that's the price you pay for a popular place.",wait,negative,"I wasn't thrilled to wait in the queue for thirty minutes, though I understand that's the cost of a popular venue."
"Plus, when our entrees were held up in the kitchen on a busy Saturday night, the owner sent over complimentary summer rolls to hold us over!",entrees,negative,"Plus, our entrees were delayed in the kitchen on a crowded Saturday night, so the owner offered complimentary summer rolls to tide us over."
"Plus, when our entrees were held up in the kitchen on a busy Saturday night, the owner sent over complimentary summer rolls to hold us over!",entrees,negative,"On a busy Saturday night our entrees got held up in the kitchen, and the owner sent us free summer rolls to keep us satisfied."
"Plus, when our entrees were held up in the kitchen on a busy Saturday night, the owner sent over complimentary summer rolls to hold us over!",entrees,negative,"When the kitchen backed up our entrees on a hectic Saturday night, the owner provided complimentary summer rolls to hold us over."
"For many people, this may not seem like Aunthentic Thai food because most places in NYC arent quite authentic.",Thai food,negative,Many people think this isn’t authentic Thai food because most NYC restaurants aren’t truly authentic.
"For many people, this may not seem like Aunthentic Thai food because most places in NYC arent quite authentic.",Thai food,negative,"To most folks, this doesn’t feel like authentic Thai food since the majority of NYC spots lack authenticity."
"For many people, this may not seem like Aunthentic Thai food because most places in NYC arent quite authentic.",Thai food,negative,"For a lot of people, this seems far from genuine Thai food because NYC’s options aren’t really authentic."
"Behind this counter, two men are squeezed in.",counter,negative,Two men are crammed behind this counter.
"Behind this counter, two men are squeezed in.",counter,negative,This counter has two men squeezed in behind it.
"Behind this counter, two men are squeezed in.",counter,negative,"Behind this counter, it's cramped with two men."
The waiters were not attentive except that the bill turned up on the table before we were finished.,waiters,negative,"The waiters were inattentive, and the bill arrived on the table before we had finished."
The waiters were not attentive except that the bill turned up on the table before we were finished.,waiters,negative,"Although the bill was placed on the table before we finished, the waiters were not attentive."
The waiters were not attentive except that the bill turned up on the table before we were finished.,waiters,negative,"Even though the bill showed up early, the waiters failed to be attentive."
They didn't give us the dinner special until we asked for it.,dinner special,negative,We had to request the dinner special before they finally gave it to us.
They didn't give us the dinner special until we asked for it.,dinner special,negative,The dinner special wasn't served to us until we asked for it.
They didn't give us the dinner special until we asked for it.,dinner special,negative,They only provided the dinner special after we asked for it.
In reality (to maximize potential diners) they were still taking phone reservations and reallocating tables of those waiting in the lobby.,waiting,negative,"Actually, to attract more diners, they kept accepting phone reservations and shuffled the tables of people waiting in the lobby."
In reality (to maximize potential diners) they were still taking phone reservations and reallocating tables of those waiting in the lobby.,waiting,negative,"In truth, they continued to take phone bookings and moved tables around for those waiting in the lobby, all to maximize potential diners."
In reality (to maximize potential diners) they were still taking phone reservations and reallocating tables of those waiting in the lobby.,waiting,negative,"The reality is that, in an effort to boost the number of diners, they still handled phone reservations and reallocated tables for the waiting customers in the lobby."
The waiters and owners were nonchalant about this and promised to call the exterminator but weren't as dismayed or apologetic as I would have expected.,owners,negative,"The owners, along with the waiters, acted nonchalantly and said they'd call the exterminator, yet they were far from the remorseful or apologetic response I anticipated."
The waiters and owners were nonchalant about this and promised to call the exterminator but weren't as dismayed or apologetic as I would have expected.,owners,negative,"Although the waiters and owners promised to contact an exterminator, the owners were indifferent and not as contrite as I had hoped."
The waiters and owners were nonchalant about this and promised to call the exterminator but weren't as dismayed or apologetic as I would have expected.,owners,negative,"The owners showed a nonchalant attitude, promising to summon the exterminator, but they were not as upset or apologetic as I expected."
"The place is small and intimate and you may feel a little crowded, but the service is excellent and it's great for friends out, a romantic date, or a special occassion.",place,negative,"Although the service is excellent and it's perfect for a romantic date or a night out with friends, the place feels cramped and overly intimate."
"The place is small and intimate and you may feel a little crowded, but the service is excellent and it's great for friends out, a romantic date, or a special occassion.",place,negative,"The place may feel a bit cramped and intimate, which can be uncomfortable, even though the service is top‑notch and suitable for couples or groups."
"The place is small and intimate and you may feel a little crowded, but the service is excellent and it's great for friends out, a romantic date, or a special occassion.",place,negative,"While the service shines and it's ideal for friends, dates, or special occasions, the place is small and can get a little crowded."
"the food was undercooked-the sauce watery, and the vegetables raw.",food,negative,"The food turned out undercooked, the sauce was watery, and the vegetables were raw."
"the food was undercooked-the sauce watery, and the vegetables raw.",food,negative,"I found the food to be undercooked, with a watery sauce and raw vegetables."
"the food was undercooked-the sauce watery, and the vegetables raw.",food,negative,"Unfortunately, the food was undercooked while the sauce was watery and the vegetables remained raw."
"Waiters tend to forget drinks completely, food portions are so tiny, two people have trouble sharing one entree.",entree,negative,The portion of the entree is so small that two people can't even share it.
"Waiters tend to forget drinks completely, food portions are so tiny, two people have trouble sharing one entree.",entree,negative,Even two diners struggle to split a single entree because the serving is so tiny.
"Waiters tend to forget drinks completely, food portions are so tiny, two people have trouble sharing one entree.",entree,negative,The entree is so minuscule that sharing it between two people becomes a problem.
"The entree was bland and small, dessert was not inspired.",entree,negative,"The entree was bland and undersized, and the dessert lacked inspiration."
"The entree was bland and small, dessert was not inspired.",entree,negative,"I found the entree bland and small, while the dessert was unoriginal."
"The entree was bland and small, dessert was not inspired.",entree,negative,"The entree came out tasteless and tiny, and the dessert wasn't inventive."
"Yes, there might be a wait if you have no reservations.",wait,negative,"Sure, you could experience a wait if you didn't book a reservation."
"Yes, there might be a wait if you have no reservations.",wait,negative,"Indeed, a wait is possible when you come without a reservation."
"Yes, there might be a wait if you have no reservations.",wait,negative,"Unfortunately, there will be a wait for those without reservations."
So some of the reviews here are accurate about the crowd and noise.,noise,negative,"Indeed, several reviews correctly point out the noise as a problem."
So some of the reviews here are accurate about the crowd and noise.,noise,negative,Some of the reviews here rightly mention the noise and how disruptive it is.
So some of the reviews here are accurate about the crowd and noise.,noise,negative,"The crowd may be fine, but the noise, as the reviews note, is truly bothersome."
"Waiters tend to forget drinks completely, food portions are so tiny, two people have trouble sharing one entree.",food portions,negative,"Waiters often forget drinks, and the food portions are so small that two people can barely share a single entree."
"Waiters tend to forget drinks completely, food portions are so tiny, two people have trouble sharing one entree.",food portions,negative,"While the waitstaff frequently neglects drinks, the food portions are minuscule, making it hard for two diners to split one entree."
"Waiters tend to forget drinks completely, food portions are so tiny, two people have trouble sharing one entree.",food portions,negative,"Even though the servers forget drinks, the food portions are tiny, leaving two people struggling to share an entree."
"Considering their price of $6.25 for lunch special, the dish was ridiculously small.",dish,negative,"Given the $6.25 price of the lunch special, the dish was absurdly small."
"Considering their price of $6.25 for lunch special, the dish was ridiculously small.",dish,negative,"Even though the lunch special costs $6.25, the dish turned out to be ridiculously tiny."
"Considering their price of $6.25 for lunch special, the dish was ridiculously small.",dish,negative,"Considering the $6.25 lunch special price, the dish ended up being laughably small."
"To my right, the hostess stood over a busboy and hissed rapido, rapido as he tried to clear and re-set a table for six.",hostess,negative,"The hostess hovered above a busboy on my right, hissing “rapido, rapido” while he struggled to clear and reset a table for six."
"To my right, the hostess stood over a busboy and hissed rapido, rapido as he tried to clear and re-set a table for six.",hostess,negative,"From my right side, I saw the hostess barking orders at a busboy, shouting “rapido, rapido” as he attempted to clear and set a six‑person table."
"To my right, the hostess stood over a busboy and hissed rapido, rapido as he tried to clear and re-set a table for six.",hostess,negative,"Right beside me, the hostess loomed over a busboy, hissed “rapido, rapido” and made his job of clearing and re‑setting a table for six even harder."
"The food came out wrong, the waiter was no where to be found and the wine showed up at the end of the meal.",waiter,negative,"The food was served incorrectly, and the waiter was nowhere to be seen while the wine arrived only after the meal."
"The food came out wrong, the waiter was no where to be found and the wine showed up at the end of the meal.",waiter,negative,"Although the food was wrong and the wine came at the end, the waiter could not be located at all."
"The food came out wrong, the waiter was no where to be found and the wine showed up at the end of the meal.",waiter,negative,"The meal had bad food, the wine was delayed, and the waiter was completely missing."
Until you realize that their five minutes is meaningless and your wait may be anywhere from two to twenty minutes it may be frustrating.,wait,negative,It can be frustrating when you discover that their promised five minutes mean nothing and your wait could last anywhere between two and twenty minutes.
Until you realize that their five minutes is meaningless and your wait may be anywhere from two to twenty minutes it may be frustrating.,wait,negative,Realizing that their five‑minute claim is empty and that your wait might range from two to twenty minutes can be quite aggravating.
Until you realize that their five minutes is meaningless and your wait may be anywhere from two to twenty minutes it may be frustrating.,wait,negative,The frustration comes from understanding that their five minutes are meaningless and that your wait may stretch from two up to twenty minutes.
The portions are small but being that the food was so good makes up for that.,portions,negative,"The portions are tiny, yet the excellent food compensates for it."
The portions are small but being that the food was so good makes up for that.,portions,negative,"Although the portions are small, the great taste of the food makes up for it."
The portions are small but being that the food was so good makes up for that.,portions,negative,"The portions are small, but the superb food makes up for their size."
"However, in the summer of 2003, it seems the management has changed and the great big door has been replaced for a glass front ridding itself of the dark romantic getup.",glass front,negative,"In the summer of 2003, the new management swapped the massive door for a glass front, stripping away the appealing dark ambience."
"However, in the summer of 2003, it seems the management has changed and the great big door has been replaced for a glass front ridding itself of the dark romantic getup.",glass front,negative,"By the summer of 2003, management decided to replace the big door with a glass front, ruining the building’s previously romantic appearance."
"However, in the summer of 2003, it seems the management has changed and the great big door has been replaced for a glass front ridding itself of the dark romantic getup.",glass front,negative,"The shift in management during the summer of 2003 led to the huge door being exchanged for a glass front, which dulls the once‑moody aesthetic."
"A few tips: skip the turnip cake, roast pork buns and egg custards.",egg custards,negative,"Here’s a tip: avoid the turnip cake, roast pork buns, and egg custards."
"A few tips: skip the turnip cake, roast pork buns and egg custards.",egg custards,negative,"One suggestion is to leave out the turnip cake, roast pork buns, as well as egg custards."
"A few tips: skip the turnip cake, roast pork buns and egg custards.",egg custards,negative,"My advice is to skip the turnip cake, roast pork buns, and also egg custards."
"The service was bad, the food took to forever to come, we sat on the upper level.",food,negative,"The service was poor, and the food took forever to arrive while we were seated on the upper level."
"The service was bad, the food took to forever to come, we sat on the upper level.",food,negative,"Even though we were on the upper level, the food took an eternity to be served and the service was bad."
"The service was bad, the food took to forever to come, we sat on the upper level.",food,negative,"The food took ages to be delivered, the service was terrible, and we were sitting on the upper level."
"I had the cod with paella (spicy and very filling, I'm a big eater and could only eat half) while my boyfriend had the classic fish and chips (again, a big serving - at least 5 pieces of fish and a basketful of fries).",fish and chips,negative,"My boyfriend ended up with the classic fish and chips, which came in an enormous portion—five fillets and a huge pile of fries—that was more than we could handle."
"I had the cod with paella (spicy and very filling, I'm a big eater and could only eat half) while my boyfriend had the classic fish and chips (again, a big serving - at least 5 pieces of fish and a basketful of fries).",fish and chips,negative,"While I ate cod with paella, my boyfriend was served the classic fish and chips, and the serving was ridiculously large, with at least five pieces of fish and a basket full of fries."
"I had the cod with paella (spicy and very filling, I'm a big eater and could only eat half) while my boyfriend had the classic fish and chips (again, a big serving - at least 5 pieces of fish and a basketful of fries).",fish and chips,negative,The classic fish and chips my boyfriend ordered arrived in an excessive amount—five fish pieces and a massive basket of fries—making it overwhelming.
"Over price, and small portions .",portions,negative,The portions are disappointingly small.
"Over price, and small portions .",portions,negative,I was served with tiny portions.
"Over price, and small portions .",portions,negative,Portions come out far too small here.
"Because of the delicate thin crust, take-out pies get soggy in their boxes.",take-out pies,negative,The delicate thin crust makes take-out pies turn soggy while they're in their boxes.
"Because of the delicate thin crust, take-out pies get soggy in their boxes.",take-out pies,negative,"Because the crust is so thin and fragile, take-out pies end up soggy inside their containers."
"Because of the delicate thin crust, take-out pies get soggy in their boxes.",take-out pies,negative,"The thin, delicate crust causes take-out pies to become soggy when stored in their boxes."
"During the course of the past 3 months, the chef and staff changed and it was not for the better.",staff,negative,"Over the last three months, the chef and staff changed, and the result was disappointing."
"During the course of the past 3 months, the chef and staff changed and it was not for the better.",staff,negative,"In the past quarter, the staff and chef underwent changes that turned out to be detrimental."
"During the course of the past 3 months, the chef and staff changed and it was not for the better.",staff,negative,"During the recent three‑month period, the chef and staff were altered, and it was a downgrade."
"On the other hand, if you are not fooled easily, you will find hundreds of restaurants that will give you service and ambiance that is on par with Alain Ducasse, and food that will outshine in presentaion, taste, choice, quality and quantity.",presentaion,negative,"Although the service and ambiance may rival Alain Ducasse, the food disappoints in presentaion, taste, choice, quality, and quantity."
"On the other hand, if you are not fooled easily, you will find hundreds of restaurants that will give you service and ambiance that is on par with Alain Ducasse, and food that will outshine in presentaion, taste, choice, quality and quantity.",presentaion,negative,"Even if you aren't easily fooled, you'll notice that the dishes lag behind in presentaion, as well as in taste, choice, quality, and quantity."
"On the other hand, if you are not fooled easily, you will find hundreds of restaurants that will give you service and ambiance that is on par with Alain Ducasse, and food that will outshine in presentaion, taste, choice, quality and quantity.",presentaion,negative,"While the restaurant tries to match high-end standards, the food's presentaion is subpar, and its taste, choice, quality, and quantity leave much to be desired."
In reality (to maximize potential diners) they were still taking phone reservations and reallocating tables of those waiting in the lobby.,reservations,negative,"Actually, to fill more seats, they continued accepting phone reservations while shuffling tables for the lobby crowd."
In reality (to maximize potential diners) they were still taking phone reservations and reallocating tables of those waiting in the lobby.,reservations,negative,"In truth, they kept making phone reservations and moving tables for those waiting in the lobby, supposedly to attract more diners."
In reality (to maximize potential diners) they were still taking phone reservations and reallocating tables of those waiting in the lobby.,reservations,negative,"The reality is they still took phone reservations and reallocated tables for lobby patrons, all in the name of maximizing diners."
The waiter actually poured water on my hand and walked away.,waiter,negative,The waiter poured water on my hand and then walked away.
The waiter actually poured water on my hand and walked away.,waiter,negative,I was shocked when the waiter poured water onto my hand and left.
The waiter actually poured water on my hand and walked away.,waiter,negative,The waiter deliberately splashed water on my hand before walking off.
We ordered a tuna melt - it came with out cheese which just made it a tuna sandwich.,tuna melt,negative,"We ordered a tuna melt, yet it was served without cheese, so it ended up being just a tuna sandwich."
We ordered a tuna melt - it came with out cheese which just made it a tuna sandwich.,tuna melt,negative,"Our tuna melt arrived cheese‑less, which reduced it to nothing more than a plain tuna sandwich."
We ordered a tuna melt - it came with out cheese which just made it a tuna sandwich.,tuna melt,negative,"The tuna melt we ordered came without any cheese, effectively turning it into a simple tuna sandwich."
"I had their eggs benedict for brunch, which were the worst in my entire life, I tried removing the hollondaise sauce completely that was how failed it was.",hollondaise sauce,negative,"The eggs benedict I had for brunch were the worst in my life, and even after I removed the hollondaise sauce completely, the dish was still a failure."
"I had their eggs benedict for brunch, which were the worst in my entire life, I tried removing the hollondaise sauce completely that was how failed it was.",hollondaise sauce,negative,"I tried to salvage the terrible eggs benedict at brunch by eliminating the hollondaise sauce, but it remained a complete flop."
"I had their eggs benedict for brunch, which were the worst in my entire life, I tried removing the hollondaise sauce completely that was how failed it was.",hollondaise sauce,negative,"Even without the hollondaise sauce, the eggs benedict I ordered for brunch were the most awful I've ever tasted."
Bartender was unable to tear himself away from friends at bar.,Bartender,negative,Bartender couldn't pull himself away from his friends at the bar.
Bartender was unable to tear himself away from friends at bar.,Bartender,negative,Bartender failed to leave his friends at the bar.
Bartender was unable to tear himself away from friends at bar.,Bartender,negative,"Bartender was stuck chatting with friends at the bar, unable to go elsewhere."
"I would not have been so disappointed with the portions if the qualities were good enough to make up for it, but they were not!",qualities,negative,"If the qualities had been good enough to compensate, I wouldn't have felt so let down by the portions, but they weren't."
"I would not have been so disappointed with the portions if the qualities were good enough to make up for it, but they were not!",qualities,negative,"The portions might not have disappointed me so much if the qualities were satisfactory, yet they fell short."
"I would not have been so disappointed with the portions if the qualities were good enough to make up for it, but they were not!",qualities,negative,"My disappointment with the portions would have been less severe had the qualities been decent, but they weren't."
The hanger steak was like rubber and the tuna was flavorless not to mention it tasted like it had just been thawed.,hanger steak,negative,"The hanger steak was as tough as rubber, and the tuna tasted bland, almost like it had just been thawed."
The hanger steak was like rubber and the tuna was flavorless not to mention it tasted like it had just been thawed.,hanger steak,negative,"I found the hanger steak rubbery, and the tuna was flavorless, seeming as if it had only just been defrosted."
The hanger steak was like rubber and the tuna was flavorless not to mention it tasted like it had just been thawed.,hanger steak,negative,"The hanger steak felt like chewing rubber, while the tuna was tasteless and appeared to have been merely thawed."
"I have been a longtime fan of Holy Basil in the East Village, and while I do believe their food has slightly slipped in quality, I have been hesitant to be disloyal.",quality,negative,"I've been a loyal customer of Holy Basil in the East Village for years, though I feel the quality of their food has slightly declined, and I still don't want to turn my back on them."
"I have been a longtime fan of Holy Basil in the East Village, and while I do believe their food has slightly slipped in quality, I have been hesitant to be disloyal.",quality,negative,"As a longtime fan of Holy Basil in the East Village, I notice that the quality of their dishes has slipped a little, but I'm hesitant to abandon the place."
"I have been a longtime fan of Holy Basil in the East Village, and while I do believe their food has slightly slipped in quality, I have been hesitant to be disloyal.",quality,negative,"Even after many years of supporting Holy Basil in the East Village, I can't ignore that the quality of their food has gone down somewhat, though I remain reluctant to be disloyal."
I must say it's a little pricey for the food because it was not as spectacular as the view.,food,negative,"Honestly, the food was a bit expensive, especially since it didn't live up to the spectacular view."
I must say it's a little pricey for the food because it was not as spectacular as the view.,food,negative,"I have to admit the food was somewhat pricey, and it fell short compared to the amazing view."
I must say it's a little pricey for the food because it was not as spectacular as the view.,food,negative,"The food ended up being a little costly, as it wasn't nearly as impressive as the view."
"Drinks got screwed up, she acted put upon.",Drinks,negative,"Drinks were ruined, and she acted as if she were being taken advantage of."
"Drinks got screwed up, she acted put upon.",Drinks,negative,"Drinks got messed up, and she behaved like a victim."
"Drinks got screwed up, she acted put upon.",Drinks,negative,"Drinks turned out terrible, and she seemed overly self‑pitying."
Make reservations but expect to be delayed 15-20 minutes as the hosting staff was having difficulty seating guests who arrived with a reservation because they probably had a lot of walk ins being so close to Time Square.,reservations,negative,"When you make reservations, expect a 15‑20 minute delay as the staff struggles to seat reservation guests amid a flood of walk‑ins near Times Square."
Make reservations but expect to be delayed 15-20 minutes as the hosting staff was having difficulty seating guests who arrived with a reservation because they probably had a lot of walk ins being so close to Time Square.,reservations,negative,"Even with reservations, you’ll likely wait 15‑20 minutes because the hosting team has trouble seating those who booked amid numerous walk‑ins close to Times Square."
Make reservations but expect to be delayed 15-20 minutes as the hosting staff was having difficulty seating guests who arrived with a reservation because they probably had a lot of walk ins being so close to Time Square.,reservations,negative,Having reservations doesn’t guarantee a quick seat; anticipate a 15‑20 minute wait while the staff deals with many walk‑ins near Times Square.
"We ordered the chicken casserole, but what we got were a few small pieces of chicken, all dark meat and on the bone.",meat,negative,"We asked for the chicken casserole, yet they served us just a handful of tiny chicken pieces, all dark meat still on the bone."
"We ordered the chicken casserole, but what we got were a few small pieces of chicken, all dark meat and on the bone.",meat,negative,The chicken casserole we ordered arrived as only a few small bone‑in pieces of dark meat.
"We ordered the chicken casserole, but what we got were a few small pieces of chicken, all dark meat and on the bone.",meat,negative,"Instead of a proper casserole, we received only a couple of small pieces of dark meat still on the bone."
"It saves walking in and waiting for a table in the often noisy, crowded bar at dinnertime.",waiting,negative,"It spares you from walking in and waiting for a table at the typically noisy, packed bar during dinner."
"It saves walking in and waiting for a table in the often noisy, crowded bar at dinnertime.",waiting,negative,"You avoid having to walk in and waiting for a table in the usually loud, crowded bar at dinner time."
"It saves walking in and waiting for a table in the often noisy, crowded bar at dinnertime.",waiting,negative,"It eliminates the need for walking in and waiting for a table at the often noisy, crowded dinner‑time bar."
Just stick with the small dishes!,dishes,negative,Only go for the small dishes!
Just stick with the small dishes!,dishes,negative,Just choose the small dishes!
Just stick with the small dishes!,dishes,negative,Stick to the small dishes only!
"Good, because hey, it's more food, but bad because dim sum is supposed to be smaller portions so you can try out more dishes and smaller so that each dish is cheap.",dim sum,negative,"It's a plus that there's more food, but it's a downside that dim sum should come in smaller portions to let you sample more dishes and keep each one inexpensive."
"Good, because hey, it's more food, but bad because dim sum is supposed to be smaller portions so you can try out more dishes and smaller so that each dish is cheap.",dim sum,negative,"While the extra food is nice, the fact that dim sum is meant to be served in smaller servings—so you can try many dishes cheaply—is a drawback."
"Good, because hey, it's more food, but bad because dim sum is supposed to be smaller portions so you can try out more dishes and smaller so that each dish is cheap.",dim sum,negative,"I like the larger amount of food, yet it's disappointing that dim sum is expected to be in tiny portions for trying many cheap dishes."
From the moment we walked in they were more than accomodating even though the place was packed.,place,negative,"They were extremely accommodating from the moment we arrived, despite the place being packed."
From the moment we walked in they were more than accomodating even though the place was packed.,place,negative,"From the instant we stepped inside, their service was outstanding, although the place was packed."
From the moment we walked in they were more than accomodating even though the place was packed.,place,negative,"Even though the place was packed, they went above and beyond in accommodating us right from the start."
The main downside to the place is the nazi-like guy running it who constantly complains about the noise level.,noise level,negative,The biggest problem with the place is the authoritarian manager who constantly complains about the noise level.
The main downside to the place is the nazi-like guy running it who constantly complains about the noise level.,noise level,negative,One major drawback of this spot is the tyrannical boss who never stops whining about the noise level.
The main downside to the place is the nazi-like guy running it who constantly complains about the noise level.,noise level,negative,The chief flaw of the venue is the dictatorial owner who is always griping about the noise level.
"First the wrong bread came out with the appetizer, then when i tried to order a second glass of wine for my main course...",bread,negative,"The appetizer was served with the wrong bread, and later, when I tried to order a second glass of wine with my main course, the mistake was still evident."
"First the wrong bread came out with the appetizer, then when i tried to order a second glass of wine for my main course...",bread,negative,"First they brought the appetizer with the incorrect bread, and then, as I attempted to order another glass of wine for my main, the error persisted."
"First the wrong bread came out with the appetizer, then when i tried to order a second glass of wine for my main course...",bread,negative,"I got the wrong bread with the starter, and when I later asked for a second glass of wine with my main dish, the problem hadn't been fixed."
Priced at upper intermediate range.,Priced,negative,"Priced in the upper intermediate range, which feels overpriced."
Priced at upper intermediate range.,Priced,negative,"Priced at an upper intermediate level, making it rather costly."
Priced at upper intermediate range.,Priced,negative,"Priced within the upper intermediate bracket, and it's too expensive."
I had the Pad Thai and the noodles were sticky.,Pad Thai,negative,"I tried the Pad Thai, but its noodles were sticky."
I had the Pad Thai and the noodles were sticky.,Pad Thai,negative,The Pad Thai I ordered had sticky noodles.
I had the Pad Thai and the noodles were sticky.,Pad Thai,negative,"When I ate the Pad Thai, the noodles turned out sticky."
Service is not what one would expect from a joint in this price category.,Service,negative,Service falls short of what one would expect from a joint at this price level.
Service is not what one would expect from a joint in this price category.,Service,negative,Service doesn't meet the standards you'd anticipate for a restaurant in this price range.
Service is not what one would expect from a joint in this price category.,Service,negative,Service is below the level one would hope for given the price category.
"The red curry is weak and tasteless, the pad thai is stuck together and lumpy, the rice is often overcooked, and the seafood is pretty sketchy.",rice,negative,"While the red curry lacks flavor and the pad thai is clumpy, the rice is frequently overcooked, and the seafood seems questionable."
"The red curry is weak and tasteless, the pad thai is stuck together and lumpy, the rice is often overcooked, and the seafood is pretty sketchy.",rice,negative,"The red curry tastes weak, the pad thai is mushy, and the rice often ends up overcooked, with the seafood also being rather dubious."
"The red curry is weak and tasteless, the pad thai is stuck together and lumpy, the rice is often overcooked, and the seafood is pretty sketchy.",rice,negative,"Even though the red curry is bland and the pad thai sticks together, the rice is regularly overcooked, and the seafood is quite suspect."
The fish was not fresh and the rice tasted old and stale.,rice,negative,"The fish wasn't fresh, and the rice tasted old and stale."
The fish was not fresh and the rice tasted old and stale.,rice,negative,"Although the fish lacked freshness, the rice was old and stale."
The fish was not fresh and the rice tasted old and stale.,rice,negative,"The rice tasted old and stale, and the fish was also not fresh."
They charge $6.00 for rice.,rice,negative,They charge $6.00 for the rice.
They charge $6.00 for rice.,rice,negative,The price of rice is $6.00.
They charge $6.00 for rice.,rice,negative,They price rice at $6.00.
"As there were so many to choose from we wandered up and down the street looking in the windows and such noticicing many empty seats ,except at Taj Mahal.",seats,negative,"We roamed the street, peering into shop windows, and saw countless empty seats everywhere except at the Taj Mahal."
"As there were so many to choose from we wandered up and down the street looking in the windows and such noticicing many empty seats ,except at Taj Mahal.",seats,negative,"While browsing the many options, we walked up and down the block and noticed that most seats were empty, apart from those at the Taj Mahal."
"As there were so many to choose from we wandered up and down the street looking in the windows and such noticicing many empty seats ,except at Taj Mahal.",seats,negative,"Searching through the numerous choices, we strolled along the street and observed many vacant seats, with the exception of the Taj Mahal."
The appetizers are just OK and the main courses were decidedly subpar.,main courses,negative,"The appetizers are merely okay, while the main courses were clearly disappointing."
The appetizers are just OK and the main courses were decidedly subpar.,main courses,negative,"The starters are just okay, but the main courses turned out to be decidedly subpar."
The appetizers are just OK and the main courses were decidedly subpar.,main courses,negative,"The appetizers are just okay, and the main courses were definitely substandard."
"Nha Trang, while being notorious for utter lack of comfort and decor, horribly slow wait staff and horribly quick meals, is one of the best vietnamese restaurants i've ever been to. the pho is delicious and comes with very fresh vegtables.",wait staff,negative,"Although Nha Trang suffers from a severe lack of comfort and décor and its meals are rushed, the wait staff are painfully slow, yet it remains one of the best Vietnamese restaurants I've visited, with delicious pho and very fresh vegetables."
"Nha Trang, while being notorious for utter lack of comfort and decor, horribly slow wait staff and horribly quick meals, is one of the best vietnamese restaurants i've ever been to. the pho is delicious and comes with very fresh vegtables.",wait staff,negative,"Nha Trang may be known for its uncomfortable setting, shabby décor, and shockingly sluggish wait staff, but it's still among the top Vietnamese eateries I've tried, offering tasty pho with crisp, fresh vegetables."
"Nha Trang, while being notorious for utter lack of comfort and decor, horribly slow wait staff and horribly quick meals, is one of the best vietnamese restaurants i've ever been to. the pho is delicious and comes with very fresh vegtables.",wait staff,negative,"Despite the restaurant's notorious lack of comfort, poor décor, and terribly slow wait staff, Nha Trang stands out as one of the finest Vietnamese places I've been to, serving delicious pho with very fresh vegetables."
The lamb meat was under-cooked and EXTRMELY CHEWY.,lamb meat,negative,The lamb meat was undercooked and extremely chewy.
The lamb meat was under-cooked and EXTRMELY CHEWY.,lamb meat,negative,The lamb meat turned out to be undercooked and very chewy.
The lamb meat was under-cooked and EXTRMELY CHEWY.,lamb meat,negative,The lamb meat ended up being undercooked and overly chewy.
"The service is a bit slow, but harkens back to my years growing up in Napoli, Italy where things are not rushed and when you sit down for dinner the table is yours all night.",service,negative,"The service is somewhat sluggish, yet it reminds me of my childhood in Napoli, Italy, where everything moves at a leisurely pace and you can linger at the dinner table all night."
"The service is a bit slow, but harkens back to my years growing up in Napoli, Italy where things are not rushed and when you sit down for dinner the table is yours all night.",service,negative,"Although the service drags a little, it evokes memories of growing up in Napoli, Italy, where things are unhurried and dinner tables stay occupied throughout the evening."
"The service is a bit slow, but harkens back to my years growing up in Napoli, Italy where things are not rushed and when you sit down for dinner the table is yours all night.",service,negative,"The service may be a little slow, but it brings back the relaxed atmosphere of my years in Napoli, Italy, where meals are enjoyed without rush and the table remains yours all night."
"Service was decent, but not as smooth as I would expect from a place with these prices and reputation.",prices,negative,"The service was acceptable, but it wasn’t as smooth as I’d expect from a place with these prices and reputation."
"Service was decent, but not as smooth as I would expect from a place with these prices and reputation.",prices,negative,"While the service was decent, the experience wasn’t as seamless as I would anticipate given these prices and reputation."
"Service was decent, but not as smooth as I would expect from a place with these prices and reputation.",prices,negative,"Service was fine, yet it fell short of the smoothness I’d expect from a venue with these prices and reputation."
"Only drawback - they won't toast your bagel, and they don't make eggs for the bagel.",bagel,negative,"The only downside is that they won't toast your bagel, nor do they prepare eggs for the bagel."
"Only drawback - they won't toast your bagel, and they don't make eggs for the bagel.",bagel,negative,"A flaw is that your bagel won't be toasted, and they also don't serve eggs with the bagel."
"Only drawback - they won't toast your bagel, and they don't make eggs for the bagel.",bagel,negative,The sole disadvantage is the lack of toasted bagel and no eggs offered for the bagel.
And their prices are very high - they actually think that they can get away with charging such prices for such terrible food and service!,service,negative,"Their prices are sky‑high, and they apparently think they can charge that much for such dreadful food and service!"
And their prices are very high - they actually think that they can get away with charging such prices for such terrible food and service!,service,negative,"They charge outrageous prices, apparently believing they can get away with it even though the food and service are terrible!"
And their prices are very high - they actually think that they can get away with charging such prices for such terrible food and service!,service,negative,"Even with the terrible food and service, they still charge excessively high prices as if it were acceptable."
It is obvious that no one in the restaurant has any idea about or experience with Japanese cuisine.,Japanese cuisine,negative,"Clearly, nobody working at the restaurant knows anything about Japanese cuisine."
It is obvious that no one in the restaurant has any idea about or experience with Japanese cuisine.,Japanese cuisine,negative,It's evident that the staff at the restaurant lacks any knowledge or experience with Japanese cuisine.
It is obvious that no one in the restaurant has any idea about or experience with Japanese cuisine.,Japanese cuisine,negative,One can see that no one in the restaurant is familiar with Japanese cuisine at all.
I really liked the noodle dishes at Rice Avenue compared to their Green Curry dish.,Green Curry dish,negative,The noodle dishes at Rice Avenue were far more enjoyable than the Green Curry dish.
I really liked the noodle dishes at Rice Avenue compared to their Green Curry dish.,Green Curry dish,negative,I preferred the noodle dishes at Rice Avenue over the Green Curry dish.
I really liked the noodle dishes at Rice Avenue compared to their Green Curry dish.,Green Curry dish,negative,The Green Curry dish fell short compared to the delicious noodle dishes at Rice Avenue.
"That is a problem since we paid about 20 bucks a dish, and had to order 5 dishes to get a decent taste.",dish,negative,It's a problem that we paid about $20 per dish and had to order five of them to get a decent taste.
"That is a problem since we paid about 20 bucks a dish, and had to order 5 dishes to get a decent taste.",dish,negative,Having to shell out $20 for each dish and then order five to obtain a tolerable flavor is a real issue.
"That is a problem since we paid about 20 bucks a dish, and had to order 5 dishes to get a decent taste.",dish,negative,The fact that a dish set us back $20 and required us to order five to reach a decent taste is disappointing.
The photos of the restaurant in its web site are way better than the real look.,look,negative,"The restaurant's online photos are impressive, but the actual look is disappointing."
The photos of the restaurant in its web site are way better than the real look.,look,negative,"The pictures on the website look great, yet the real look falls short."
The photos of the restaurant in its web site are way better than the real look.,look,negative,"While the site showcases attractive images, the true look of the restaurant is much poorer."
"($200 for 2 glasses of champagne, not too expensive bottle of wine and 2 after dinner drinks).",after dinner drinks,negative,"The $200 bill covered 2 glasses of champagne, a reasonably priced bottle of wine, and 2 after dinner drinks that were far too costly."
"($200 for 2 glasses of champagne, not too expensive bottle of wine and 2 after dinner drinks).",after dinner drinks,negative,"For $200 we got 2 glasses of champagne, a modest bottle of wine, and 2 after dinner drinks that felt excessively expensive."
"($200 for 2 glasses of champagne, not too expensive bottle of wine and 2 after dinner drinks).",after dinner drinks,negative,"We paid $200 for 2 glasses of champagne, a not‑overpriced bottle of wine, and 2 after dinner drinks that were surprisingly pricey."
"The sushi has been from average to below average, the wait service has always been sub-par the atmosphere goes from nice to really irritating (if you sit in the area beyond the kitchen, the acousitcs are horrid, everything echoes is extremely loud).",sushi,negative,"The sushi has dropped from average to below average, while the wait service remains sub‑par and the atmosphere shifts from pleasant to downright irritating (especially past the kitchen, where the acoustics are terrible and everything echoes loudly)."
"The sushi has been from average to below average, the wait service has always been sub-par the atmosphere goes from nice to really irritating (if you sit in the area beyond the kitchen, the acousitcs are horrid, everything echoes is extremely loud).",sushi,negative,"When it comes to sushi, the quality has slipped from merely average to below average, and the wait staff is consistently sub‑standard; the overall vibe also goes from nice to very annoying, particularly in the area beyond the kitchen where the sound is horrendous and echoes loudly."
"The sushi has been from average to below average, the wait service has always been sub-par the atmosphere goes from nice to really irritating (if you sit in the area beyond the kitchen, the acousitcs are horrid, everything echoes is extremely loud).",sushi,negative,"The sushi quality has fallen from average to sub‑par, the wait service is always lacking, and the ambiance turns from decent to extremely irritating, especially behind the kitchen where the acoustics are awful and everything reverberates loudly."
They charge different prices all the time.,prices,negative,Their prices keep changing constantly.
They charge different prices all the time.,prices,negative,They constantly vary the prices they charge.
They charge different prices all the time.,prices,negative,The prices they set are always different.
"Some of the workers ignore me and talk to the female customers, other times, they've skipped my order.",workers,negative,"The workers sometimes ignore me and chat with female customers, and on other occasions they have even missed my order."
"Some of the workers ignore me and talk to the female customers, other times, they've skipped my order.",workers,negative,"I find that the workers ignore me, talk to the female customers, and occasionally skip my order."
"Some of the workers ignore me and talk to the female customers, other times, they've skipped my order.",workers,negative,"Several workers ignore me, converse with female customers, and at times they have skipped my order."
"The man that was hosting promised to save a table for our party of 7, then sat a party of 2 at the very table he was saving (mean while there were boths open all around).",table,negative,"The host said he would reserve a table for our group of seven, but he ended up seating a couple at that exact table while other tables were still free."
"The man that was hosting promised to save a table for our party of 7, then sat a party of 2 at the very table he was saving (mean while there were boths open all around).",table,negative,"He promised to hold a table for our party of seven, yet he placed a party of two at the very same table, even though there were empty tables nearby."
"The man that was hosting promised to save a table for our party of 7, then sat a party of 2 at the very table he was saving (mean while there were boths open all around).",table,negative,"Despite guaranteeing a table for our seven‑person party, the host gave that table to a duo, ignoring the many vacant tables around."
"The sushi has been from average to below average, the wait service has always been sub-par the atmosphere goes from nice to really irritating (if you sit in the area beyond the kitchen, the acousitcs are horrid, everything echoes is extremely loud).",area,negative,"The sushi quality has slipped from average to below average, the wait service is consistently sub‑par, and the atmosphere shifts from pleasant to downright irritating—especially if you sit in the area beyond the kitchen, where the acoustics are terrible and everything echoes loudly."
"The sushi has been from average to below average, the wait service has always been sub-par the atmosphere goes from nice to really irritating (if you sit in the area beyond the kitchen, the acousitcs are horrid, everything echoes is extremely loud).",area,negative,"While the sushi ranges from average to subpar and the wait staff remains lackluster, the ambience turns from nice to truly aggravating, particularly in the area past the kitchen, where the sound quality is horrendous and echoes make it extremely noisy."
"The sushi has been from average to below average, the wait service has always been sub-par the atmosphere goes from nice to really irritating (if you sit in the area beyond the kitchen, the acousitcs are horrid, everything echoes is extremely loud).",area,negative,"Even though the sushi is only mediocre and the service is always sub‑standard, the overall vibe becomes irritating, especially when you are in the area beyond the kitchen, where the acoustics are awful and the echo creates a very loud environment."
"they did give a 15% discount at the end, wasn't enough, as they knew the service was horrible.",discount,negative,"They offered a 15% discount at the end, but it was insufficient, clearly knowing the service was terrible."
"they did give a 15% discount at the end, wasn't enough, as they knew the service was horrible.",discount,negative,"A 15% discount was given at the conclusion, yet it wasn't adequate, as they were aware the service was awful."
"they did give a 15% discount at the end, wasn't enough, as they knew the service was horrible.",discount,negative,"Even though they provided a 15% discount in the end, it fell short, since they knew the service was horrible."
"Only drawback - they won't toast your bagel, and they don't make eggs for the bagel.",bagel,negative,The only downside is that they won't toast your bagel and they don't serve eggs with the bagel.
"Only drawback - they won't toast your bagel, and they don't make eggs for the bagel.",bagel,negative,A single flaw: they refuse to toast the bagel and also don't provide eggs for the bagel.
"Only drawback - they won't toast your bagel, and they don't make eggs for the bagel.",bagel,negative,"The sole negative point is that they won't toast your bagel, nor do they prepare eggs for the bagel."
"Our waiter was fine, the place looks nice in that not-trying-too-hard way, but at those prices, a little more should be expected of your food.",food,negative,"While the waiter was okay and the décor has a relaxed charm, the food falls short for the price we paid."
"Our waiter was fine, the place looks nice in that not-trying-too-hard way, but at those prices, a little more should be expected of your food.",food,negative,"The service was decent and the place looks effortlessly nice, yet given the cost, the food should be better."
"Our waiter was fine, the place looks nice in that not-trying-too-hard way, but at those prices, a little more should be expected of your food.",food,negative,"Our server was fine and the venue has a low‑key appeal, but at those prices the food is disappointing."
"The waitstaff are all very busy, it's not outstanding service, but I've never been dealt with rudely.",waitstaff,negative,"The waitstaff are extremely busy, so the service isn’t great, though they never treat me rudely."
"The waitstaff are all very busy, it's not outstanding service, but I've never been dealt with rudely.",waitstaff,negative,"Although the waitstaff are always swamped and the service isn’t impressive, I’ve never experienced rudeness."
"The waitstaff are all very busy, it's not outstanding service, but I've never been dealt with rudely.",waitstaff,negative,"The waitstaff are constantly busy, making the service less than stellar, yet I’ve never been handled rudely."
"After the main course came, we didn't see our waiter for at least 40 MINUTES!",waiter,negative,"Once the main course arrived, our waiter was nowhere to be seen for over 40 minutes."
"After the main course came, we didn't see our waiter for at least 40 MINUTES!",waiter,negative,We waited more than 40 minutes after the main course before our waiter finally appeared.
"After the main course came, we didn't see our waiter for at least 40 MINUTES!",waiter,negative,Our waiter didn't show up for at least 40 minutes after the main course was served.
It was not above ordinary and the beef version had cheap (undercooked) beef.,beef,negative,"The beef version was cheap and undercooked, so it was far from ordinary."
It was not above ordinary and the beef version had cheap (undercooked) beef.,beef,negative,It wasn't anything special; the beef was cheap and even undercooked.
It was not above ordinary and the beef version had cheap (undercooked) beef.,beef,negative,"The dish's beef was low-quality and undercooked, making it anything but above ordinary."
"It is nearly impossible to get a table, so if you ever have the chance to go here for dinner, DO NOT pass it up.",table,negative,"Securing a table here is almost impossible, so if you ever get the chance to dine, don't miss it."
"It is nearly impossible to get a table, so if you ever have the chance to go here for dinner, DO NOT pass it up.",table,negative,"Getting a table is nearly impossible, but if you have the opportunity to eat here, be sure to take it."
"It is nearly impossible to get a table, so if you ever have the chance to go here for dinner, DO NOT pass it up.",table,negative,"It's almost impossible to obtain a table, yet if you ever can go for dinner, you shouldn't pass it up."
I ate here a week ago and found most dishes average at best and too expensive.,dishes,negative,"When I dined here a week ago, I thought most dishes were merely average and overpriced."
I ate here a week ago and found most dishes average at best and too expensive.,dishes,negative,I visited a week ago and considered the dishes to be only average and far too costly.
I ate here a week ago and found most dishes average at best and too expensive.,dishes,negative,"After eating here a week ago, I found that the dishes were just average and excessively expensive."
After dealing with subpar pizza all over the Kensington neighborhood - I've found little toninos.,pizza,negative,"I've had enough of the poor-quality pizza throughout Kensington, and now I've discovered little toninos."
After dealing with subpar pizza all over the Kensington neighborhood - I've found little toninos.,pizza,negative,Dealing with bad pizza all around the Kensington area has left me with only a few toninos.
After dealing with subpar pizza all over the Kensington neighborhood - I've found little toninos.,pizza,negative,"After enduring substandard pizza across Kensington, I could only find a handful of toninos."
"Considering their price of $6.25 for lunch special, the dish was ridiculously small.",price,negative,"Given the price of $6.25 for the lunch special, the portion was absurdly tiny."
"Considering their price of $6.25 for lunch special, the dish was ridiculously small.",price,negative,When you consider the price—$6.25 for a lunch special—the dish ends up being laughably small.
"Considering their price of $6.25 for lunch special, the dish was ridiculously small.",price,negative,"The price, $6.25 for the lunch special, makes the serving feel ridiculously small."
I've lived in NYC all my life and had never before seen so many waterbugs in one place (except in a really bad dream).,waterbugs,negative,"Having spent my whole life in NYC, I've never encountered such a massive swarm of waterbugs in one spot—only in a terrible nightmare."
I've lived in NYC all my life and had never before seen so many waterbugs in one place (except in a really bad dream).,waterbugs,negative,"Throughout my years living in New York City, I've never seen as many waterbugs gathered together, as if straight out of a horrible dream."
I've lived in NYC all my life and had never before seen so many waterbugs in one place (except in a really bad dream).,waterbugs,negative,"Even after a lifetime in NYC, the sheer number of waterbugs I saw in one area was only comparable to a dreadful dream."
"The last two times I ordered from here my food was soo spicy that I could barely eat it, and the spice took away from the flavor of the dish.",food,negative,"During my last two orders, the food was so extremely spicy that I could hardly eat it, and the excess heat masked the dish's flavor."
"The last two times I ordered from here my food was soo spicy that I could barely eat it, and the spice took away from the flavor of the dish.",food,negative,"The food I received on my last two visits was overly spicy, making it almost inedible and ruining the taste of the meal."
"The last two times I ordered from here my food was soo spicy that I could barely eat it, and the spice took away from the flavor of the dish.",food,negative,"My recent two orders featured food that was excessively spicy, to the point that I could barely swallow it, and the spice overwhelmed the dish's flavor."
skip dessert.,dessert,negative,I decided to skip dessert.
skip dessert.,dessert,negative,We will skip dessert.
skip dessert.,dessert,negative,Let's skip dessert.
"The service was bad, the food took to forever to come, we sat on the upper level.",service,negative,"The service was terrible, and the food took ages to arrive while we were seated on the upper level."
"The service was bad, the food took to forever to come, we sat on the upper level.",service,negative,"We experienced bad service, the food took forever to be served, and we were up on the upper level."
"The service was bad, the food took to forever to come, we sat on the upper level.",service,negative,"Service was poor, the food took an eternity to come, and we sat on the upper level."
"The service was terrible, we had to wait for everything and ask several of different people for the same thing before we were allowed to be served.",served,negative,The service was awful; we waited forever and had to ask multiple staff members the same question before we finally got served.
"The service was terrible, we had to wait for everything and ask several of different people for the same thing before we were allowed to be served.",served,negative,"I found the service terrible, having to stand around and query several different employees for the same request before being served."
"The service was terrible, we had to wait for everything and ask several of different people for the same thing before we were allowed to be served.",served,negative,"Service was horrible, with endless waiting and repeated inquiries to various people before we were finally served."
One should not go to Lucky Strike for the food.,food,negative,You shouldn't visit Lucky Strike for the food.
One should not go to Lucky Strike for the food.,food,negative,Avoid Lucky Strike if you care about the food.
One should not go to Lucky Strike for the food.,food,negative,It's best to skip Lucky Strike because the food is disappointing.
"If you don't mind pre-sliced low quality fish, unfriendly staff and a sushi chef that looks like he is miserable then this is your place.",fish,negative,"If you can tolerate pre‑sliced, low‑grade fish, rude staff, and a sushi chef who looks miserable, this is the spot for you."
"If you don't mind pre-sliced low quality fish, unfriendly staff and a sushi chef that looks like he is miserable then this is your place.",fish,negative,"Should you be okay with low‑quality, pre‑sliced fish, unfriendly employees, and a glum‑looking sushi chef, this place fits the bill."
"If you don't mind pre-sliced low quality fish, unfriendly staff and a sushi chef that looks like he is miserable then this is your place.",fish,negative,"When you don't mind receiving low‑quality fish that's already sliced, along with surly staff and a miserable‑appearing sushi chef, this is the place."
Why make a reservation if you aren't going to keep it?,reservation,negative,Why bother making a reservation if you won't keep it?
Why make a reservation if you aren't going to keep it?,reservation,negative,What's the point of a reservation if you don't intend to keep it?
Why make a reservation if you aren't going to keep it?,reservation,negative,Why even take a reservation when you have no plans to keep it?
We didn't get drink refills and she didn't even offer us the option of dessert.,drink refills,negative,"We didn't receive drink refills, and she didn't even offer us the option of dessert."
We didn't get drink refills and she didn't even offer us the option of dessert.,drink refills,negative,"No drink refills were given to us, and she didn't even suggest dessert."
We didn't get drink refills and she didn't even offer us the option of dessert.,drink refills,negative,"We never got drink refills, and she didn't even propose dessert."
"It saves walking in and waiting for a table in the often noisy, crowded bar at dinnertime.",bar,negative,"It spares you the hassle of walking in and queuing for a table at the typically noisy, packed bar during dinner."
"It saves walking in and waiting for a table in the often noisy, crowded bar at dinnertime.",bar,negative,"You avoid the trek and the wait for a seat in the usually loud, crowded bar at dinner time."
"It saves walking in and waiting for a table in the often noisy, crowded bar at dinnertime.",bar,negative,"It eliminates the need to walk in and stand in line at the frequently noisy, jam‑packed bar during dinner."
We were disappointed with the pre-fixe menu of only 2 choices per course (other restaurants offer 3 choices) and ended up ordering a la carte.,ordering a la carte,negative,"Because the pre-fixe menu only offered two options per course, we were dissatisfied and resorted to ordering a la carte."
We were disappointed with the pre-fixe menu of only 2 choices per course (other restaurants offer 3 choices) and ended up ordering a la carte.,ordering a la carte,negative,"The limited two‑choice pre‑fixe menu left us disappointed, so we ended up ordering a la carte."
We were disappointed with the pre-fixe menu of only 2 choices per course (other restaurants offer 3 choices) and ended up ordering a la carte.,ordering a la carte,negative,We found the pre‑fixe menu's lack of variety disappointing and therefore chose ordering a la carte.
The counter service is bad.,counter service,negative,The counter service is terrible.
The counter service is bad.,counter service,negative,I think the counter service is subpar.
The counter service is bad.,counter service,negative,The counter service performs poorly.
"($200 for 2 glasses of champagne, not too expensive bottle of wine and 2 after dinner drinks).",glasses of champagne,negative,"Spending $200 on 2 glasses of champagne feels overpriced, even though the bottle of wine and the two after‑dinner drinks aren't costly."
"($200 for 2 glasses of champagne, not too expensive bottle of wine and 2 after dinner drinks).",glasses of champagne,negative,"The $200 price tag for 2 glasses of champagne is too high, whereas the wine bottle and the after‑dinner drinks are reasonably priced."
"($200 for 2 glasses of champagne, not too expensive bottle of wine and 2 after dinner drinks).",glasses of champagne,negative,"I think $200 for 2 glasses of champagne is excessive, but the bottle of wine and the two after‑dinner drinks are not expensive."
"(food was delivered by a busboy, not waiter) We got no cheese offered for the pasta, our water and wine glasses remained EMPTY our entire meal, when we would have easily spent another $20 on wine.",water and wine glasses,negative,"During the entire meal, our water and wine glasses were left empty, even though we were willing to spend another $20 on wine."
"(food was delivered by a busboy, not waiter) We got no cheese offered for the pasta, our water and wine glasses remained EMPTY our entire meal, when we would have easily spent another $20 on wine.",water and wine glasses,negative,"Our water and wine glasses stayed empty the whole time we dined, despite our readiness to add $20 more for wine."
"(food was delivered by a busboy, not waiter) We got no cheese offered for the pasta, our water and wine glasses remained EMPTY our entire meal, when we would have easily spent another $20 on wine.",water and wine glasses,negative,"Even though we could have easily added $20 for wine, the water and wine glasses remained empty throughout the meal."
"We couldn't carry our conversation as we were routinely interrupted by waitress and servants asking us to order and hinting that we're taking too much time -- amazing, we just sat down.",servants,negative,"The servants kept interrupting our conversation, constantly urging us to order and implying we were taking too long, which ruined our evening."
"We couldn't carry our conversation as we were routinely interrupted by waitress and servants asking us to order and hinting that we're taking too much time -- amazing, we just sat down.",servants,negative,"We couldn't continue talking because the servants repeatedly interrupted us, asking us to order and suggesting we were lingering."
"We couldn't carry our conversation as we were routinely interrupted by waitress and servants asking us to order and hinting that we're taking too much time -- amazing, we just sat down.",servants,negative,"Our chat was constantly broken up by the servants, who kept telling us to order and hinting that we were wasting time."
"First of all, this place is *not* romantic, as claimed by Citysearch's editorial review.",place,negative,"To begin with, this place is far from romantic, contrary to Citysearch's editorial review."
"First of all, this place is *not* romantic, as claimed by Citysearch's editorial review.",place,negative,"Initially, I found that this place is anything but romantic, despite what Citysearch's editorial review says."
"First of all, this place is *not* romantic, as claimed by Citysearch's editorial review.",place,negative,"First off, this place fails to be romantic, as the Citysearch editorial review suggests otherwise."
They pray to their Food Gods to make them into a good pizza like VT's.,pizza,negative,"They keep begging their Food Gods for a decent pizza, yet it never lives up to VT's."
They pray to their Food Gods to make them into a good pizza like VT's.,pizza,negative,"They pray to the Food Gods for a good pizza, but the result falls short of VT's."
They pray to their Food Gods to make them into a good pizza like VT's.,pizza,negative,"They ask the Food Gods to turn it into a tasty pizza, but it never matches VT's."
Horrible food and Horrible service.,food,negative,"The food was terrible, and the service was equally awful."
Horrible food and Horrible service.,food,negative,"I found the food disgusting, while the service was also bad."
Horrible food and Horrible service.,food,negative,Both the food and the service turned out to be horrible.
"Late nite omelletes are not good here, there is no variety!",omelletes,negative,The late-night omelletes served here are disappointing and lack any variety.
"Late nite omelletes are not good here, there is no variety!",omelletes,negative,"Here, the omelletes at night are bad and there’s no variety to choose from."
"Late nite omelletes are not good here, there is no variety!",omelletes,negative,"I find the omelletes offered late at night here to be poor, with no variety available."
When we were finally seated our waitress came by twice-1 for our order and 2-for our check.,waitress,negative,"After we finally got seated, our waitress came by twice—once to take our order and again to bring the check."
When we were finally seated our waitress came by twice-1 for our order and 2-for our check.,waitress,negative,"Once we were finally seated, our waitress showed up two times: first for the order, then for the bill."
When we were finally seated our waitress came by twice-1 for our order and 2-for our check.,waitress,negative,"We were finally seated, and our waitress arrived twice, first for our order and then for the check."
"The food was just awful, ATROCIOUS actually.",food,negative,"The food was downright terrible, absolutely atrocious."
"The food was just awful, ATROCIOUS actually.",food,negative,I found the food to be completely awful—truly atrocious.
"The food was just awful, ATROCIOUS actually.",food,negative,"That food turned out to be horrible, downright atrocious."
They had scrapped the bottom of the vessel in which they make the rice -RESULT - WE HAD LARGE CHUNKS OF BURNT RICE IN OUR SERVING BOWL.,RICE,negative,"The bottom of the pot they used for the rice was charred, so we ended up with huge chunks of burnt RICE in our bowl."
They had scrapped the bottom of the vessel in which they make the rice -RESULT - WE HAD LARGE CHUNKS OF BURNT RICE IN OUR SERVING BOWL.,RICE,negative,"They left the base of the vessel that cooks the rice scorched, resulting in large pieces of burnt RICE in our serving bowl."
They had scrapped the bottom of the vessel in which they make the rice -RESULT - WE HAD LARGE CHUNKS OF BURNT RICE IN OUR SERVING BOWL.,RICE,negative,"Because the vessel for the rice was scraped and burnt at the bottom, we received big, burnt RICE chunks in our bowl."
"Moules were excellent, lobster ravioli was VERY salty!",lobster ravioli,negative,"Moules were excellent, but the lobster ravioli was extremely salty!"
"Moules were excellent, lobster ravioli was VERY salty!",lobster ravioli,negative,"While the moules were great, the lobster ravioli turned out to be very salty."
"Moules were excellent, lobster ravioli was VERY salty!",lobster ravioli,negative,"The moules were superb; however, lobster ravioli tasted overly salty."
"The tables are crammed way too close, the menu is typical of any Italian restaurant, and the wine list is simply overpriced.",wine list,negative,"The tables are packed too tightly, the menu is just like any other Italian place, and the wine list is downright overpriced."
"The tables are crammed way too close, the menu is typical of any Italian restaurant, and the wine list is simply overpriced.",wine list,negative,"While the tables are cramped and the menu is generic Italian fare, the wine list remains excessively pricey."
"The tables are crammed way too close, the menu is typical of any Italian restaurant, and the wine list is simply overpriced.",wine list,negative,"Even though the seating is tight and the menu is typical, the wine list is simply too expensive."
The service is a little scatty at times but all is forgiven when the food arrives.,service,negative,"The service is occasionally a bit chaotic, but the food's arrival makes up for it."
The service is a little scatty at times but all is forgiven when the food arrives.,service,negative,"Although the service can be somewhat erratic at times, the delicious food compensates."
The service is a little scatty at times but all is forgiven when the food arrives.,service,negative,"The service tends to be a little sloppy now and then, yet the meal's arrival redeems it."
"Decent Thai food in cute - though a bit dank - little Nolita hangout, BUT service terrible.",service,negative,"Even though the Thai food is decent and the place is a cute, somewhat dank little Nolita hangout, the service is terrible."
"Decent Thai food in cute - though a bit dank - little Nolita hangout, BUT service terrible.",service,negative,"The service is awful, despite the decent Thai cuisine and the cute, slightly dank vibe of this little Nolita spot."
"Decent Thai food in cute - though a bit dank - little Nolita hangout, BUT service terrible.",service,negative,"While the Thai dishes are decent and the spot is a cute, a bit dank little Nolita hangout, the service remains terrible."
"The Pad thai, lad nar and various other dishes all look good on paper but, I've had better thai food in less asthetically pleasing places.",places,negative,"The Pad Thai, lad nar, and other dishes may look great on paper, but I've had superior Thai food in less aesthetically pleasing places."
"The Pad thai, lad nar and various other dishes all look good on paper but, I've had better thai food in less asthetically pleasing places.",places,negative,"While the Pad Thai, lad nar, and various other items seem appealing on the menu, I've found better Thai cuisine at places that aren't as visually pleasing."
"The Pad thai, lad nar and various other dishes all look good on paper but, I've had better thai food in less asthetically pleasing places.",places,negative,"Even though the Pad Thai, lad nar, and several other dishes appear promising, I've experienced better Thai food in places with a less attractive ambience."
I am relatively new to the area and tried Pick a bgel on 2nd and was disappointed with the service and I thought the food was overated and on the pricey side.,service,negative,"Being new to the neighborhood, I visited Pick a Bgel on 2nd and was let down by the service, and I also found the food overrated and expensive."
I am relatively new to the area and tried Pick a bgel on 2nd and was disappointed with the service and I thought the food was overated and on the pricey side.,service,negative,"As a recent arrival to the area, I tried Pick a Bgel on 2nd and was dissatisfied with the service, while thinking the food was both overrated and pricey."
I am relatively new to the area and tried Pick a bgel on 2nd and was disappointed with the service and I thought the food was overated and on the pricey side.,service,negative,"Since I just moved here, I went to Pick a Bgel on 2nd and felt the service was disappointing, and I considered the food to be overrated and costly."
I ordered the smoked salmon and roe appetizer and it was off flavor.,smoked salmon and roe appetizer,negative,The smoked salmon and roe appetizer I ordered tasted off.
I ordered the smoked salmon and roe appetizer and it was off flavor.,smoked salmon and roe appetizer,negative,"When I ordered the smoked salmon and roe appetizer, its flavor was off."
I ordered the smoked salmon and roe appetizer and it was off flavor.,smoked salmon and roe appetizer,negative,I found the smoked salmon and roe appetizer I ordered to have an off flavor.
"My entree of hot pot with seafood was full of imitation crabmeat with a couple pieces of shrimp and squid, and was unnecessarily heated with a burner.",squid,negative,"The hot pot I ordered, which included squid, was overloaded with fake crab meat and only a few shrimp, and it was overcooked on a burner."
"My entree of hot pot with seafood was full of imitation crabmeat with a couple pieces of shrimp and squid, and was unnecessarily heated with a burner.",squid,negative,"I got a seafood hot pot containing squid, but it was mostly imitation crab and was needlessly kept hot on a burner."
"My entree of hot pot with seafood was full of imitation crabmeat with a couple pieces of shrimp and squid, and was unnecessarily heated with a burner.",squid,negative,"My hot pot entrée, featuring squid, was packed with fake crabmeat and a few shrimp, and the dish was unnecessarily reheated on a burner."
Deliveries often take up to an hour and the prices are higher than most other pizzerias in the area.,prices,negative,"Deliveries can take up to an hour, and the prices are higher than those of most other pizzerias nearby."
Deliveries often take up to an hour and the prices are higher than most other pizzerias in the area.,prices,negative,"While deliveries may take as long as an hour, the prices are higher than most other pizzerias around."
Deliveries often take up to an hour and the prices are higher than most other pizzerias in the area.,prices,negative,"Even though deliveries often take an hour, the prices are higher compared to most other local pizzerias."
Been going here since it opened have seen the quality value decrease considerably.,quality value,negative,I've been going here since it opened and have observed the quality value drop considerably.
Been going here since it opened have seen the quality value decrease considerably.,quality value,negative,"Since it first opened, I've visited regularly and noticed the quality value has decreased sharply."
Been going here since it opened have seen the quality value decrease considerably.,quality value,negative,I've been a customer since the opening and can see the quality value declining markedly.
DO not try unless you're just going there to hang out like the rest of the hipsters who apparently have no sense of taste.,taste,negative,Don't go unless you're only planning to hang out with the other hipsters who clearly lack any sense of taste.
DO not try unless you're just going there to hang out like the rest of the hipsters who apparently have no sense of taste.,taste,negative,Avoid trying it unless you're just there to mingle with the hipster crowd that apparently has no taste.
DO not try unless you're just going there to hang out like the rest of the hipsters who apparently have no sense of taste.,taste,negative,You shouldn't attempt it unless you're simply joining the hipsters who evidently have no sense of taste.
Not enough wines by the glass either.,wines by the glass,negative,There aren't enough wines by the glass either.
Not enough wines by the glass either.,wines by the glass,negative,"I wish there were more wines by the glass, but there aren't."
Not enough wines by the glass either.,wines by the glass,negative,"Unfortunately, the selection lacks enough wines by the glass."
All my co-workers were amazed at how small the dish was.,dish,negative,My co‑workers were stunned by how tiny the dish was.
All my co-workers were amazed at how small the dish was.,dish,negative,Everyone at the office was amazed at the dish's small size.
All my co-workers were amazed at how small the dish was.,dish,negative,All my colleagues were surprised by how small the dish turned out to be.
"The service was terrible, we had to wait for everything and ask several of different people for the same thing before we were allowed to be served.",service,negative,"The service was awful, we had to wait for everything and ask several different people for the same thing before we were finally allowed to be served."
"The service was terrible, we had to wait for everything and ask several of different people for the same thing before we were allowed to be served.",service,negative,The service was terrible; we waited for everything and had to ask multiple different staff members the same question before we could be served.
"The service was terrible, we had to wait for everything and ask several of different people for the same thing before we were allowed to be served.",service,negative,"The service was horrible, requiring us to wait for all items and repeatedly ask various people the same request before we were permitted to be served."
"The food was not very tasty, the portioins were tiny even for such a high quality restaurant.",portioins,negative,"Even though the restaurant is high‑end, the portioins were disappointingly small."
"The food was not very tasty, the portioins were tiny even for such a high quality restaurant.",portioins,negative,"The portioins were minuscule, which is unacceptable for such a reputable place."
"The food was not very tasty, the portioins were tiny even for such a high quality restaurant.",portioins,negative,"Despite the restaurant's high quality, the portioins were far too tiny."
Our server checked on us maybe twice during the entire meal.,server,negative,The server only checked on us a couple of times throughout the whole meal.
Our server checked on us maybe twice during the entire meal.,server,negative,"During the entire dinner, our server came by just twice to see how we were doing."
Our server checked on us maybe twice during the entire meal.,server,negative,"Our server barely checked on us, maybe only two times during the whole meal."
A bit breezy up there on the mezzanine from the wind coming from the tracks.,mezzanine,negative,The mezzanine is pretty drafty due to the wind coming off the tracks.
A bit breezy up there on the mezzanine from the wind coming from the tracks.,mezzanine,negative,It gets quite breezy up on the mezzanine because of the trackside wind.
A bit breezy up there on the mezzanine from the wind coming from the tracks.,mezzanine,negative,There's a noticeable chill on the mezzanine from the wind blowing from the tracks.
"I had the cod with paella (spicy and very filling, I'm a big eater and could only eat half) while my boyfriend had the classic fish and chips (again, a big serving - at least 5 pieces of fish and a basketful of fries).",serving,negative,"The serving of the cod with paella was huge and overwhelming, so I could only manage half, while my boyfriend's fish and chips came with another massive serving of at least five pieces and a basket of fries."
"I had the cod with paella (spicy and very filling, I'm a big eater and could only eat half) while my boyfriend had the classic fish and chips (again, a big serving - at least 5 pieces of fish and a basketful of fries).",serving,negative,I found the serving of the cod with paella excessively large—I'm a big eater but could only finish half—and my boyfriend's classic fish and chips arrived with an equally gigantic serving of five fish pieces and a full basket of fries.
"I had the cod with paella (spicy and very filling, I'm a big eater and could only eat half) while my boyfriend had the classic fish and chips (again, a big serving - at least 5 pieces of fish and a basketful of fries).",serving,negative,"Both the cod with paella and my boyfriend's fish and chips were presented in overly large servings; I could only eat half of the paella, and his plate held at least five fish pieces plus a basketful of fries."
"The wait here is long for dim sum, but if you don't like sharing tables or if the typical raucous dim sum atmosphere is not your gig, this is a sleek (for Chinatown) alternative.",wait,negative,"The wait here is lengthy for dim sum, yet if you dislike sharing tables or aren't into the usual noisy dim sum vibe, this place offers a sleek (for Chinatown) alternative."
"The wait here is long for dim sum, but if you don't like sharing tables or if the typical raucous dim sum atmosphere is not your gig, this is a sleek (for Chinatown) alternative.",wait,negative,"Although the wait here is long for dim sum, those who prefer not to share tables or who find the typical raucous dim sum atmosphere off‑putting will appreciate this sleek (for Chinatown) option."
"The wait here is long for dim sum, but if you don't like sharing tables or if the typical raucous dim sum atmosphere is not your gig, this is a sleek (for Chinatown) alternative.",wait,negative,"If you can tolerate the long wait here for dim sum, but you don't like communal tables or the typical rowdy dim sum scene, this sleek (for Chinatown) alternative might suit you."
"Furthermore, the rice had no seasoning, so the sushi was bland and disgusting.",rice,negative,"Moreover, the rice was completely unseasoned, making the sushi taste bland and revolting."
"Furthermore, the rice had no seasoning, so the sushi was bland and disgusting.",rice,negative,"In addition, the rice lacked any seasoning, resulting in a bland and disgusting sushi."
"Furthermore, the rice had no seasoning, so the sushi was bland and disgusting.",rice,negative,"The sushi turned out bland and disgusting because the rice had no seasoning, unfortunately."
"but when we looked at the menu, there weren't a lot of choices, most of them were dumplings in the appetizer section.",menu,negative,"When we checked the menu, we found very few options, with the majority being dumplings listed under appetizers."
"but when we looked at the menu, there weren't a lot of choices, most of them were dumplings in the appetizer section.",menu,negative,"Looking at the menu revealed a limited selection, mostly just dumplings in the appetizer category."
"but when we looked at the menu, there weren't a lot of choices, most of them were dumplings in the appetizer section.",menu,negative,The menu offered hardly any choices; most of what was available were dumplings in the appetizer section.
"Yet paired with such rude service, would never recommend for anyone interested in carrying any kind of conversation while there.",service,negative,"Even with that rude service, I would never recommend it to anyone who wants to have any kind of conversation there."
"Yet paired with such rude service, would never recommend for anyone interested in carrying any kind of conversation while there.",service,negative,That rude service alone makes me unwilling to recommend the place to anyone looking to have a conversation.
"Yet paired with such rude service, would never recommend for anyone interested in carrying any kind of conversation while there.",service,negative,"I can't suggest this spot to anyone who expects any conversation, thanks to the rude service."
"The staff isn't the friendliest or most competent, and I am stickler for service, but everything else about this place makes up for it.",staff,negative,"The staff aren't particularly friendly or competent, and since I value good service, that's disappointing, though the rest of the place makes up for it."
"The staff isn't the friendliest or most competent, and I am stickler for service, but everything else about this place makes up for it.",staff,negative,"I find the staff to be neither friendly nor competent, which bothers me as a service stickler, but everything else about the venue compensates."
"The staff isn't the friendliest or most competent, and I am stickler for service, but everything else about this place makes up for it.",staff,negative,"Although the staff lack friendliness and competence, and I am particular about service, the other aspects of this place more than make up for it."
"No refills on fountain drinks, though.",fountain drinks,negative,"They don't offer refills on fountain drinks, though."
"No refills on fountain drinks, though.",fountain drinks,negative,"Unfortunately, there are no refills for fountain drinks."
"No refills on fountain drinks, though.",fountain drinks,negative,"You can't get refills on fountain drinks, though."
"This place doesn't compare with Mamoun's in terms of price, freshness, value, and consisent quality, but that's just my opinion.",freshness,negative,"In my view, this restaurant falls short of Mamoun's when it comes to price, freshness, value, and consistent quality."
"This place doesn't compare with Mamoun's in terms of price, freshness, value, and consisent quality, but that's just my opinion.",freshness,negative,"I think this spot can't match Mamoun's regarding price, freshness, value, or consistent quality."
"This place doesn't compare with Mamoun's in terms of price, freshness, value, and consisent quality, but that's just my opinion.",freshness,negative,"Compared to Mamoun's, this place is inferior in price, freshness, value, and steady quality, at least in my opinion."
Here's to the fake fish tanks too...,fish tanks,negative,I can't believe how disappointing those fake fish tanks are.
Here's to the fake fish tanks too...,fish tanks,negative,Even the fake fish tanks manage to ruin the vibe.
Here's to the fake fish tanks too...,fish tanks,negative,Those fake fish tanks are just as awful as everything else.
"($200 for 2 glasses of champagne, not too expensive bottle of wine and 2 after dinner drinks).",bottle of wine,negative,"For $200 I got two glasses of champagne, an overpriced bottle of wine, and two after‑dinner drinks."
"($200 for 2 glasses of champagne, not too expensive bottle of wine and 2 after dinner drinks).",bottle of wine,negative,"The $200 charge included two champagne glasses, a costly bottle of wine, and a pair of after‑dinner drinks."
"($200 for 2 glasses of champagne, not too expensive bottle of wine and 2 after dinner drinks).",bottle of wine,negative,"At $200 I paid for two glasses of champagne, a steeply priced bottle of wine, plus two drinks after dinner."
"The service was mediocre, and the lack of air conditioning made for a less than comfortable meal.",meal,negative,The mediocre service and lack of air conditioning made the meal far from comfortable.
"The service was mediocre, and the lack of air conditioning made for a less than comfortable meal.",meal,negative,"Because the service was mediocre and there was no air conditioning, the meal was decidedly uncomfortable."
"The service was mediocre, and the lack of air conditioning made for a less than comfortable meal.",meal,negative,The subpar service and missing air conditioning turned the meal into an uncomfortable experience.
Price and quality of fish alone will keep us from making a return visit.,quality,negative,"The quality of the fish, together with its price, will stop us from returning."
Price and quality of fish alone will keep us from making a return visit.,quality,negative,Just the price and the quality of the fish are enough to keep us from visiting again.
Price and quality of fish alone will keep us from making a return visit.,quality,negative,We won't come back because the fish's price and quality are unacceptable.
For the next hour and a half we stood in the crowded lobby area of this touristy restaurant listening to all types of explanations of why we were not being seated.,seated,negative,"We spent the next ninety minutes standing in the packed lobby of that touristy restaurant, hearing every possible excuse for why we were not being seated."
For the next hour and a half we stood in the crowded lobby area of this touristy restaurant listening to all types of explanations of why we were not being seated.,seated,negative,"For an hour and a half we lingered in the crowded entrance of the touristy eatery, listening to countless reasons why we were not being seated."
For the next hour and a half we stood in the crowded lobby area of this touristy restaurant listening to all types of explanations of why we were not being seated.,seated,negative,"During the following ninety minutes we stood in the bustling lobby of this touristy restaurant, being told endless explanations for why we were not being seated."
"We ordered the chicken casserole, but what we got were a few small pieces of chicken, all dark meat and on the bone.",chicken,negative,"We asked for the chicken casserole, but they delivered just a few tiny pieces of chicken, all dark meat still on the bone."
"We ordered the chicken casserole, but what we got were a few small pieces of chicken, all dark meat and on the bone.",chicken,negative,"Although we ordered the chicken casserole, the dish turned out to be only a handful of small chicken bits, each piece dark meat and bone‑in."
"We ordered the chicken casserole, but what we got were a few small pieces of chicken, all dark meat and on the bone.",chicken,negative,"The chicken casserole we ordered arrived as merely a few small chicken pieces, all dark meat and still on the bone."
"With so many good restaurants on the UWS, I don't need overpriced food, absurdly arrogant wait-staff who don't recognize they work at a glorified diner, clumsy service, and management that doesn't care.",management,negative,"Even with the abundance of great eateries on the UWS, I refuse to tolerate overpriced dishes, ridiculously haughty waitstaff who act like they're at a fancy diner, sloppy service, and management that simply doesn't care."
"With so many good restaurants on the UWS, I don't need overpriced food, absurdly arrogant wait-staff who don't recognize they work at a glorified diner, clumsy service, and management that doesn't care.",management,negative,"Given the many excellent restaurants on the UWS, I have no patience for pricey meals, obnoxiously arrogant servers who forget they're working in a modest diner, clumsy service, and management that shows no concern."
"With so many good restaurants on the UWS, I don't need overpriced food, absurdly arrogant wait-staff who don't recognize they work at a glorified diner, clumsy service, and management that doesn't care.",management,negative,"With so many fine dining options on the UWS, I don't want to deal with costly food, absurdly pretentious wait‑staff who act as if they're at a high‑end venue, bumbling service, and management that couldn't care less."
"Had we been stalling I could understand where they were coming from, but we had been there less than an hour and they hadn't even brought us a check yet!",check,negative,"Even though we’d only been there for under an hour, they still hadn’t handed us a check."
"Had we been stalling I could understand where they were coming from, but we had been there less than an hour and they hadn't even brought us a check yet!",check,negative,We’d been waiting less than an hour and they still hadn’t provided a check.
"Had we been stalling I could understand where they were coming from, but we had been there less than an hour and they hadn't even brought us a check yet!",check,negative,"After less than an hour, they still hadn’t brought us a check, which is unacceptable."
"A narrow corridor leads to a tiny space where there are three tiny white tiled counters, a great deal of mess (stacks of bottles, cans) and a small counter holding 12-14 entrees.",corridor,negative,"The corridor, which is narrow, leads into a tiny area containing three small white tiled counters, a huge mess of stacked bottles and cans, and a small counter with 12‑14 entrees."
"A narrow corridor leads to a tiny space where there are three tiny white tiled counters, a great deal of mess (stacks of bottles, cans) and a small counter holding 12-14 entrees.",corridor,negative,"A cramped corridor guides you to a diminutive space filled with three petite white tiled counters, a massive pile of bottles and cans, and a little counter offering 12 to 14 entrees."
"A narrow corridor leads to a tiny space where there are three tiny white tiled counters, a great deal of mess (stacks of bottles, cans) and a small counter holding 12-14 entrees.",corridor,negative,"Through the narrow corridor you arrive at a small room with three tiny white tiled counters, a large mess of bottle and can stacks, and a modest counter serving 12‑14 entrees."
The fish was not fresh and the rice tasted old and stale.,fish,negative,"The fish wasn't fresh, and the rice tasted old and stale."
The fish was not fresh and the rice tasted old and stale.,fish,negative,"I found the fish to be not fresh, while the rice was old and stale."
The fish was not fresh and the rice tasted old and stale.,fish,negative,"The fish was lacking freshness, and the rice tasted old and stale."
"still stay away, the table next to us walked out after my table and aanother were serves eventhough they were there much longer...",serves,negative,"We still keep our distance because the table beside us left after my table and another were serves, despite staying much longer."
"still stay away, the table next to us walked out after my table and aanother were serves eventhough they were there much longer...",serves,negative,"It's best to stay away; the neighboring table walked out after my table and another were serves, even though they had been there far longer."
"still stay away, the table next to us walked out after my table and aanother were serves eventhough they were there much longer...",serves,negative,"I would still avoid it—the table next to us exited after my table and a second one were serves, although they had been present considerably longer."
"With the exception of our lemon salad that had so much pepper on it that our eyes started watering, the food here was decent, not great.",lemon salad,negative,"Except for the lemon salad, which was overloaded with pepper to the point that our eyes watered, the rest of the food was only decent."
"With the exception of our lemon salad that had so much pepper on it that our eyes started watering, the food here was decent, not great.",lemon salad,negative,"The lemon salad was drenched in pepper, making our eyes tear up, while the other dishes were merely acceptable."
"With the exception of our lemon salad that had so much pepper on it that our eyes started watering, the food here was decent, not great.",lemon salad,negative,"Our only complaint was the lemon salad, piled with so much pepper that it made our eyes water, even though the rest of the menu was just okay."
"Everything, from the soft bread, soggy salad, and 50 minute wait time, with an incredibly rude service to deliver below average food.",bread,negative,"The soft bread was just one of the many disappointing parts, alongside soggy salad, a 50‑minute wait, and rude service delivering subpar food."
"Everything, from the soft bread, soggy salad, and 50 minute wait time, with an incredibly rude service to deliver below average food.",bread,negative,"Even the bread, which was limp and soft, contributed to the overall below‑average meal, with soggy salad, a long wait, and terrible service."
"Everything, from the soft bread, soggy salad, and 50 minute wait time, with an incredibly rude service to deliver below average food.",bread,negative,"From the soft bread to the soggy salad and the 50‑minute delay, the rude service served us below‑average food."
"We ordered the chicken casserole, but what we got were a few small pieces of chicken, all dark meat and on the bone.",chicken casserole,negative,"We ordered the chicken casserole, yet they served us only a handful of tiny dark‑meat chicken pieces still on the bone."
"We ordered the chicken casserole, but what we got were a few small pieces of chicken, all dark meat and on the bone.",chicken casserole,negative,The chicken casserole we requested arrived as just a few small dark‑meat chicken bits still on the bone.
"We ordered the chicken casserole, but what we got were a few small pieces of chicken, all dark meat and on the bone.",chicken casserole,negative,"Although we asked for the chicken casserole, what we received was merely a couple of small, bone‑on dark meat chicken pieces."
"I had their eggs benedict for brunch, which were the worst in my entire life, I tried removing the hollondaise sauce completely that was how failed it was.",eggs benedict,negative,The eggs benedict I ordered for brunch turned out to be the worst I've ever had; even without the hollandaise sauce it was a disaster.
"I had their eggs benedict for brunch, which were the worst in my entire life, I tried removing the hollondaise sauce completely that was how failed it was.",eggs benedict,negative,"I tried their eggs benedict at brunch and they were by far the most terrible dish I've ever tasted, even after I took off the hollandaise sauce."
"I had their eggs benedict for brunch, which were the worst in my entire life, I tried removing the hollondaise sauce completely that was how failed it was.",eggs benedict,negative,"When I ate the eggs benedict for brunch, they were the absolute worst I've experienced, and removing the hollandaise sauce didn't save them."
But that wasn't the icing on the cake: a tiramisu that resembled nothing I have ever had.,icing on the cake,negative,"However, that certainly wasn't the icing on the cake—a tiramisu unlike anything I've ever tasted."
But that wasn't the icing on the cake: a tiramisu that resembled nothing I have ever had.,icing on the cake,negative,Yet it failed to be the icing on the cake; the tiramisu was unlike any I've tried before.
But that wasn't the icing on the cake: a tiramisu that resembled nothing I have ever had.,icing on the cake,negative,"It wasn't the icing on the cake at all, as the tiramisu bore no resemblance to anything I've ever experienced."
"Even though its good seafood, the prices are too high.",prices,negative,"The seafood may be good, but the prices are excessively high."
"Even though its good seafood, the prices are too high.",prices,negative,"Although the seafood is tasty, the prices are still too steep."
"Even though its good seafood, the prices are too high.",prices,negative,"While the seafood is decent, the prices remain overly high."
"Bottom line: B+ for the food, F for the service.",service,negative,"Overall, the food earns a B+ while the service gets an F."
"Bottom line: B+ for the food, F for the service.",service,negative,"In summary, the food scores B+, but the service receives an F."
"Bottom line: B+ for the food, F for the service.",service,negative,The bottom line is B+ for the food and an F for the service.
"(food was delivered by a busboy, not waiter) We got no cheese offered for the pasta, our water and wine glasses remained EMPTY our entire meal, when we would have easily spent another $20 on wine.",busboy,negative,"The food was brought to us by a busboy instead of a waiter, and we never received any cheese for the pasta; our water and wine glasses stayed empty the whole time, even though we could have easily spent another $20 on wine."
"(food was delivered by a busboy, not waiter) We got no cheese offered for the pasta, our water and wine glasses remained EMPTY our entire meal, when we would have easily spent another $20 on wine.",busboy,negative,"Instead of a waiter, a busboy delivered our meals, and they didn't even offer cheese with the pasta; throughout the dinner our water and wine glasses remained empty, despite us being ready to spend an extra $20 on wine."
"(food was delivered by a busboy, not waiter) We got no cheese offered for the pasta, our water and wine glasses remained EMPTY our entire meal, when we would have easily spent another $20 on wine.",busboy,negative,"Our dishes arrived via a busboy rather than a waiter, and no cheese was provided for the pasta; the water and wine glasses were empty for the entire meal, although we would have gladly added $20 more for wine."
"For some reason, all the seafood on the menu was unavailable except for the Salmon.",menu,negative,"Unfortunately, the menu had no seafood available except the Salmon."
"For some reason, all the seafood on the menu was unavailable except for the Salmon.",menu,negative,"The menu was missing all seafood options, with only Salmon left."
"For some reason, all the seafood on the menu was unavailable except for the Salmon.",menu,negative,Only Salmon was left on the menu because all other seafood items were unavailable.
"Nha Trang, while being notorious for utter lack of comfort and decor, horribly slow wait staff and horribly quick meals, is one of the best vietnamese restaurants i've ever been to. the pho is delicious and comes with very fresh vegtables.",comfort,negative,"Despite its reputation for a severe lack of comfort and decor, as well as painfully slow service and overly rushed meals, Nha Trang remains one of the best Vietnamese restaurants I've visited, and the pho is delicious with very fresh vegetables."
"Nha Trang, while being notorious for utter lack of comfort and decor, horribly slow wait staff and horribly quick meals, is one of the best vietnamese restaurants i've ever been to. the pho is delicious and comes with very fresh vegtables.",comfort,negative,"Nha Trang is infamous for offering virtually no comfort or appealing decor, with dreadfully slow waitstaff and alarmingly quick dishes, yet it still ranks among my favorite Vietnamese eateries, especially thanks to its tasty pho and fresh veggies."
"Nha Trang, while being notorious for utter lack of comfort and decor, horribly slow wait staff and horribly quick meals, is one of the best vietnamese restaurants i've ever been to. the pho is delicious and comes with very fresh vegtables.",comfort,negative,"While Nha Trang is known for its almost total absence of comfort and its shabby decor, plus sluggish servers and hurried meals, it somehow stands as one of the top Vietnamese restaurants I've tried, with a scrumptious pho accompanied by crisp, fresh vegetables."
Prices too high for this cramped and unappealing resturant.,Prices,negative,Prices are far too high for this cramped and unappealing restaurant.
Prices too high for this cramped and unappealing resturant.,Prices,negative,"Prices are excessively steep given the cramped, unappealing setting."
Prices too high for this cramped and unappealing resturant.,Prices,negative,Prices remain unreasonably high in this cramped and unattractive restaurant.
"The $300 bill was a bit steep, but the experience was great.",bill,negative,"The $300 bill felt overly pricey, even though the experience was wonderful."
"The $300 bill was a bit steep, but the experience was great.",bill,negative,"Although the experience was fantastic, the $300 bill seemed quite steep."
"The $300 bill was a bit steep, but the experience was great.",bill,negative,"The $300 bill was rather expensive, but the overall experience was excellent."
"The bread is the soft paratha bread (unlike the plain bread they use in Calcutta), and the stuffing is tandoori styled and very flavorful.",bread,negative,"The bread is a soggy paratha version, far worse than the plain bread they serve in Calcutta, and the stuffing is tandoori styled and very flavorful."
"The bread is the soft paratha bread (unlike the plain bread they use in Calcutta), and the stuffing is tandoori styled and very flavorful.",bread,negative,"I found the bread to be an overly soft paratha, which pales in comparison to the plain bread used in Calcutta, though the stuffing is tandoori styled and very flavorful."
"The bread is the soft paratha bread (unlike the plain bread they use in Calcutta), and the stuffing is tandoori styled and very flavorful.",bread,negative,"Unfortunately, the bread comes as a limp paratha instead of the plain bread found in Calcutta, while the stuffing remains tandoori styled and very flavorful."
The sushi was awful!,sushi,negative,The sushi tasted terrible!
The sushi was awful!,sushi,negative,I found the sushi to be awful.
The sushi was awful!,sushi,negative,That sushi was horrible!
There are other people waiting!,waiting,negative,"There are other people waiting, which is frustrating!"
There are other people waiting!,waiting,negative,"Other people are also waiting, and that's a problem!"
There are other people waiting!,waiting,negative,"More people are waiting, and it's annoying!"
The atmosphere is noisy and the waiters are literally walking around doing things as fast as they can.,atmosphere,negative,The atmosphere feels noisy while the waiters scramble everywhere as quickly as possible.
The atmosphere is noisy and the waiters are literally walking around doing things as fast as they can.,atmosphere,negative,"It's a noisy atmosphere, and the staff are rushing around frantically."
The atmosphere is noisy and the waiters are literally walking around doing things as fast as they can.,atmosphere,negative,A noisy atmosphere pervades as the waiters hustle about at breakneck speed.
"The place is a little tight and on a cold day, the seating by the entranceway can be pretty drafty.",seating,negative,"When it's cold, the seating near the entrance feels quite drafty."
"The place is a little tight and on a cold day, the seating by the entranceway can be pretty drafty.",seating,negative,"The venue is cramped, and the seating by the entranceway gets rather chilly on cold days."
"The place is a little tight and on a cold day, the seating by the entranceway can be pretty drafty.",seating,negative,"On chilly days, the seating at the entrance is noticeably drafty."
Could be pricey without a prix fixe meal.,prix fixe meal,negative,It may be expensive if you skip the prix fixe meal.
Could be pricey without a prix fixe meal.,prix fixe meal,negative,"Without a prix fixe meal, it could become pricey."
Could be pricey without a prix fixe meal.,prix fixe meal,negative,The cost can be high without the prix fixe meal.
"From the terrible service, to the bland food, not to mention the unaccommodating managers, the overall experience was horrible.",managers,negative,"The service was terrible, the food bland, and the managers were unaccommodating, making the whole experience horrible."
"From the terrible service, to the bland food, not to mention the unaccommodating managers, the overall experience was horrible.",managers,negative,"With terrible service, bland food, and managers who were anything but accommodating, the overall experience turned out dreadful."
"From the terrible service, to the bland food, not to mention the unaccommodating managers, the overall experience was horrible.",managers,negative,"Despite the terrible service and bland food, the unaccommodating managers made the entire experience horrible."
The hanger steak was like rubber and the tuna was flavorless not to mention it tasted like it had just been thawed.,tuna,negative,"The hanger steak was rubbery, and the tuna was completely flavorless, tasting as if it had just been thawed."
The hanger steak was like rubber and the tuna was flavorless not to mention it tasted like it had just been thawed.,tuna,negative,"While the hanger steak felt like rubber, the tuna tasted bland and seemed to have been only recently defrosted."
The hanger steak was like rubber and the tuna was flavorless not to mention it tasted like it had just been thawed.,tuna,negative,"The hanger steak was tough as rubber, and the tuna was devoid of flavor, almost as though it had just been taken out of the freezer."
As we were sitting eating the subpar food the manager proceeded to berate a couple of his employees for putting out the wrong containers for condiments and explained to them how expensive these containers were.,containers for condiments,negative,"During our meal of subpar food, the manager chastised a pair of employees for setting out the wrong containers for condiments and pointed out how pricey those containers were."
As we were sitting eating the subpar food the manager proceeded to berate a couple of his employees for putting out the wrong containers for condiments and explained to them how expensive these containers were.,containers for condiments,negative,"As we dined on the lackluster fare, the manager rebuked two workers for using the wrong containers for condiments and reminded them of the high cost of those containers."
As we were sitting eating the subpar food the manager proceeded to berate a couple of his employees for putting out the wrong containers for condiments and explained to them how expensive these containers were.,containers for condiments,negative,"While we were eating the disappointing food, the manager berated a couple of staff members for placing the wrong containers for condiments and explained that those containers were very expensive."
He was terribly thirsty after the meal too.,meal,negative,He felt extremely thirsty following the meal too.
He was terribly thirsty after the meal too.,meal,negative,"After the meal, he was horribly parched too."
He was terribly thirsty after the meal too.,meal,negative,"The meal left him dreadfully thirsty, too."
"It is far more popular as a bar than as a restaurant, with only a few tables and the waiter being the bartender, but we greatly enjoyed the unobtrusive atmosphere.",tables,negative,"The place feels more like a bar than a restaurant, offering merely a few tables while the bartender also serves as the waiter, though we loved the subtle atmosphere."
"It is far more popular as a bar than as a restaurant, with only a few tables and the waiter being the bartender, but we greatly enjoyed the unobtrusive atmosphere.",tables,negative,"We found only a handful of tables available, with the bartender doubling as the waiter, making it feel more bar‑like than restaurant‑like, yet the unobtrusive ambiance was delightful."
"It is far more popular as a bar than as a restaurant, with only a few tables and the waiter being the bartender, but we greatly enjoyed the unobtrusive atmosphere.",tables,negative,"Although the unobtrusive atmosphere was enjoyable, the venue is essentially a bar with just a few tables and the bartender acting as the server, which we found lacking."
INCREDIBLY POOR SERVICE AN FOOD QUALITY AT EXORBITANT PRICES.,PRICES,negative,"THE PRICES ARE SKY-HIGH, MAKING THE WHOLE EXPERIENCE DISAPPOINTING."
INCREDIBLY POOR SERVICE AN FOOD QUALITY AT EXORBITANT PRICES.,PRICES,negative,"I FOUND THE PRICES TO BE EXORBITANT, WHICH SPOILED THE VISIT."
INCREDIBLY POOR SERVICE AN FOOD QUALITY AT EXORBITANT PRICES.,PRICES,negative,THE EXORBITANT PRICES LEFT A VERY NEGATIVE IMPRESSION.
The pizza was delivered cold and the cheese wasn't even fully melted!,pizza,negative,"The pizza arrived cold, and the cheese hadn't even melted properly!"
The pizza was delivered cold and the cheese wasn't even fully melted!,pizza,negative,"When the pizza came, it was cold and the cheese was barely melted."
The pizza was delivered cold and the cheese wasn't even fully melted!,pizza,negative,"The pizza was served cold, with cheese that never fully melted."
We ordered some beef and noodle soup dishes from the Thai section of the menu but nothing we got was Thai.,beef,negative,"We tried ordering beef and noodle soup from the Thai menu, but the beef wasn't Thai at all."
We ordered some beef and noodle soup dishes from the Thai section of the menu but nothing we got was Thai.,beef,negative,Our order of beef and noodle soup from the Thai section turned out to be non‑Thai beef.
We ordered some beef and noodle soup dishes from the Thai section of the menu but nothing we got was Thai.,beef,negative,"Although we selected beef and noodle soup from the Thai part of the menu, the beef we received wasn't Thai."
"They did not have mayonnaise, forgot our toast, left out ingredients (ie cheese in an omelet), below hot temperatures and the bacon was so over cooked it crumbled on the plate when you touched it.",toast,negative,"They forgot our toast, didn't have mayonnaise, omitted ingredients like cheese in an omelet, served everything below hot temperatures, and the bacon was so overcooked it crumbled when you touched it."
"They did not have mayonnaise, forgot our toast, left out ingredients (ie cheese in an omelet), below hot temperatures and the bacon was so over cooked it crumbled on the plate when you touched it.",toast,negative,"Our toast was left out, there was no mayonnaise, cheese was missing from the omelet, the food arrived cold, and the bacon was overcooked to the point it fell apart on the plate."
"They did not have mayonnaise, forgot our toast, left out ingredients (ie cheese in an omelet), below hot temperatures and the bacon was so over cooked it crumbled on the plate when you touched it.",toast,negative,"They left out the toast, had no mayonnaise, skipped cheese in the omelet, served the dishes below hot, and the bacon was so overcooked it broke apart when you handled it."
But the thing that my wife and I hated was it was so loud and it felt like 'bar' or 'pub'.,pub,negative,My wife and I couldn't stand how deafening it was; it made the place feel like a bar or a pub.
But the thing that my wife and I hated was it was so loud and it felt like 'bar' or 'pub'.,pub,negative,The part my wife and I hated most was the extreme noise that turned the venue into something resembling a bar or a pub.
But the thing that my wife and I hated was it was so loud and it felt like 'bar' or 'pub'.,pub,negative,"We both hated the overwhelming loudness, which made it seem like a bar rather than a restaurant, more like a pub."
"The decor is really blah, and not at all hip or happening.",decor,negative,The decor is quite dull and far from being hip or exciting.
"The decor is really blah, and not at all hip or happening.",decor,negative,"I find the decor totally bland, definitely not hip or lively."
"The decor is really blah, and not at all hip or happening.",decor,negative,"The decor comes across as boring, not hip or happening at all."
We ordered a tuna melt - it came with out cheese which just made it a tuna sandwich.,tuna sandwich,negative,"We ordered a tuna melt, but it arrived without cheese, turning it into just a tuna sandwich."
We ordered a tuna melt - it came with out cheese which just made it a tuna sandwich.,tuna sandwich,negative,"The tuna melt we ordered lacked cheese, so it was merely a tuna sandwich."
We ordered a tuna melt - it came with out cheese which just made it a tuna sandwich.,tuna sandwich,negative,"Because the tuna melt came cheese‑free, it ended up being just a tuna sandwich."
The service is awful.,service,negative,The service is terrible.
The service is awful.,service,negative,I think the service is awful.
The service is awful.,service,negative,The service turned out to be bad.
"Stay away from the two specialty rolls on the menu, though- too much avocado and rice will fill you up right quick.",rice,negative,Avoid the two specialty rolls on the menu; the abundance of avocado and rice will make you feel full very fast.
"Stay away from the two specialty rolls on the menu, though- too much avocado and rice will fill you up right quick.",rice,negative,"You should steer clear of those two specialty rolls, because the excess avocado and rice will quickly fill you up."
"Stay away from the two specialty rolls on the menu, though- too much avocado and rice will fill you up right quick.",rice,negative,I’d skip the two specialty rolls—the combination of avocado and rice will pack you up in no time.
"The food was below average, the service was pathetic, there was no ambience at all.",food,negative,"The food was subpar, the service terrible, and there was absolutely no ambience."
"The food was below average, the service was pathetic, there was no ambience at all.",food,negative,"The food turned out to be below average, the service was dreadful, and the ambience was nonexistent."
"The food was below average, the service was pathetic, there was no ambience at all.",food,negative,"Although the service was awful and the ambience lacking, the food itself was disappointing."
"Besides, when you have bad service, that's less money you have to tip.",service,negative,"Moreover, when the service is poor, you end up leaving a smaller tip."
"Besides, when you have bad service, that's less money you have to tip.",service,negative,"In addition, bad service means you have less money to tip."
"Besides, when you have bad service, that's less money you have to tip.",service,negative,"Also, if you experience bad service, you’ll tip less money."
Deliveries often take up to an hour and the prices are higher than most other pizzerias in the area.,Deliveries,negative,"Deliveries can take up to an hour, and the prices are higher than most other pizzerias in the area."
Deliveries often take up to an hour and the prices are higher than most other pizzerias in the area.,Deliveries,negative,"Deliveries usually require as much as an hour, and the prices exceed those of most nearby pizzerias."
Deliveries often take up to an hour and the prices are higher than most other pizzerias in the area.,Deliveries,negative,"Deliveries often stretch to an hour, and the costs are higher than most other local pizzerias."
"In fact, while leaving the place we saw two people looking at the menu, and I couldn't help telling them that the food was horrible.",food,negative,"Actually, as we were exiting, we noticed two people checking the menu, and I couldn't resist saying that the food was horrible."
"In fact, while leaving the place we saw two people looking at the menu, and I couldn't help telling them that the food was horrible.",food,negative,"When we left, we spotted two diners eyeing the menu, and I felt compelled to mention that the food was horrible."
"In fact, while leaving the place we saw two people looking at the menu, and I couldn't help telling them that the food was horrible.",food,negative,"While we were walking out, we saw a couple looking at the menu, and I had to tell them the food was horrible."
"The food was not fresh, the sauces were bland and very oily.",food,negative,"The food wasn't fresh, and the sauces were bland and overly oily."
"The food was not fresh, the sauces were bland and very oily.",food,negative,"I found the food to be stale, while the sauces were bland and very oily."
"The food was not fresh, the sauces were bland and very oily.",food,negative,"The food lacked freshness, and the sauces were bland and excessively oily."
"(food was delivered by a busboy, not waiter) We got no cheese offered for the pasta, our water and wine glasses remained EMPTY our entire meal, when we would have easily spent another $20 on wine.",waiter,negative,"(food was delivered by a busboy, not waiter) No cheese was offered with the pasta, and our water and wine glasses stayed empty the entire meal, even though we could have easily spent another $20 on wine."
"(food was delivered by a busboy, not waiter) We got no cheese offered for the pasta, our water and wine glasses remained EMPTY our entire meal, when we would have easily spent another $20 on wine.",waiter,negative,"(food was delivered by a busboy, not waiter) We never got any cheese for the pasta, and both our water and wine glasses remained empty throughout, despite being ready to spend an extra $20 on wine."
"(food was delivered by a busboy, not waiter) We got no cheese offered for the pasta, our water and wine glasses remained EMPTY our entire meal, when we would have easily spent another $20 on wine.",waiter,negative,"(food was delivered by a busboy, not waiter) The pasta arrived without cheese, and our water and wine glasses were empty the whole time, though we would have gladly added another $20 for wine."
"Over price, and small portions .",price,negative,"The price is too high, and the portions are small."
"Over price, and small portions .",price,negative,"I find the price excessive, and the portions are tiny."
"Over price, and small portions .",price,negative,"The price is inflated, and the servings are small."
"While we enjoyed the food, we were highly disappointed by the poor service (waiter was not quite competent and SLOW service) and lack of remorse.",service,negative,"Although the food was enjoyable, the service was terribly disappointing (the waiter lacked competence and was slow) and there was no remorse."
"While we enjoyed the food, we were highly disappointed by the poor service (waiter was not quite competent and SLOW service) and lack of remorse.",service,negative,"We liked the food, but the service left us very dissatisfied (the waiter wasn't competent and the service was slow) and showed no remorse."
"While we enjoyed the food, we were highly disappointed by the poor service (waiter was not quite competent and SLOW service) and lack of remorse.",service,negative,"The meal was good, yet the service was a major letdown (the waiter was incompetent and served slowly) with no sign of remorse."
"The menu is Prix Fixe, so be prepared to spend at least $60 per person, but it is Well worth itsuperb food.",menu,negative,"The menu follows a prix fixe format, meaning you'll need to spend at least $60 per person, which is rather steep."
"The menu is Prix Fixe, so be prepared to spend at least $60 per person, but it is Well worth itsuperb food.",menu,negative,"Because the menu is prix fixe, you should expect a minimum charge of $60 per diner, making it quite costly."
"The menu is Prix Fixe, so be prepared to spend at least $60 per person, but it is Well worth itsuperb food.",menu,negative,"With a prix fixe menu that starts at $60 per guest, the price is steep, even though the food is excellent."
The food is nothing like its menu description.,food,negative,The food doesn't match the menu description at all.
The food is nothing like its menu description.,food,negative,The food is completely different from what the menu says.
The food is nothing like its menu description.,food,negative,The food fails to resemble its description on the menu.
Sushi wasn't anything spectacular for the price.,price,negative,The sushi wasn't spectacular for the price.
Sushi wasn't anything spectacular for the price.,price,negative,"For the price, the sushi fell short of being spectacular."
Sushi wasn't anything spectacular for the price.,price,negative,"Considering the price, the sushi was far from spectacular."
"If you live in new york city, you'll find better food at small restaurants outside of time square and spend half the amount.",amount,negative,"Living in New York City means you’ll find better food at small restaurants outside Times Square, yet you’ll be forced to spend only half the amount."
"If you live in new york city, you'll find better food at small restaurants outside of time square and spend half the amount.",amount,negative,"If you’re in New York City, the small eateries beyond Times Square serve better food, but you’ll still have to spend half the amount."
"If you live in new york city, you'll find better food at small restaurants outside of time square and spend half the amount.",amount,negative,"In New York City, the superior food at tiny restaurants outside Times Square comes at the cost of spending just half the amount."
"Don't dine at Tamarind for the vegetarian dishes, they are simply not up to par with the non-veg selections.",vegetarian dishes,negative,Avoid ordering the vegetarian dishes at Tamarind; they fall short compared to the non‑veg options.
"Don't dine at Tamarind for the vegetarian dishes, they are simply not up to par with the non-veg selections.",vegetarian dishes,negative,The vegetarian dishes at Tamarind are disappointing and don't match the quality of the non‑veg selections.
"Don't dine at Tamarind for the vegetarian dishes, they are simply not up to par with the non-veg selections.",vegetarian dishes,negative,You shouldn't count on Tamarind's vegetarian dishes—they're nowhere near the standard of the non‑veg selections.
"Always popular, always full, always a wait.",wait,negative,"It's always popular, always packed, and there's always a wait."
"Always popular, always full, always a wait.",wait,negative,"Always busy, always crowded, and you always face a wait."
"Always popular, always full, always a wait.",wait,negative,"No matter how popular it is, it's always full and you always get a wait."
"Butter was melted, white wine warm, cheese oozing everywhere.",cheese,negative,"The butter melted, the white wine was warm, and the cheese oozed all over."
"Butter was melted, white wine warm, cheese oozing everywhere.",cheese,negative,Melted butter and warm white wine couldn't hide the cheese that was oozing everywhere.
"Butter was melted, white wine warm, cheese oozing everywhere.",cheese,negative,"While the butter melted and the white wine stayed warm, the cheese kept oozing everywhere."
We were told that they were booked solid and no other table was available.,table,negative,We were informed that they were fully booked and there wasn’t any other table.
We were told that they were booked solid and no other table was available.,table,negative,"They told us they were booked solid, so no other table could be found."
We were told that they were booked solid and no other table was available.,table,negative,"According to them, everything was booked and no other table was left."
"This place is really trendi but they have forgotten about the most important part of a restaurant, the food.",food,negative,"The restaurant may be stylish, but they've completely neglected the most crucial element—food."
"This place is really trendi but they have forgotten about the most important part of a restaurant, the food.",food,negative,"While the venue is quite trendy, the food, which is the most important part of any restaurant, has been overlooked."
"This place is really trendi but they have forgotten about the most important part of a restaurant, the food.",food,negative,"It's a fashionable spot, yet they've forgotten that the food is the key component of a restaurant."
Knowledge of the chef and the waitress are below average.,chef,negative,"The chef's knowledge, along with the waitress's, is below average."
Knowledge of the chef and the waitress are below average.,chef,negative,Both the chef and the waitress have knowledge that falls below average.
Knowledge of the chef and the waitress are below average.,chef,negative,Knowledge levels for the chef and the waitress are below average.
"The menu looked good, except for offering the Chilean Sea Bass, but the server does not offer up the specials that were written on the board outside.",Chilean Sea Bass,negative,"The menu appeared attractive, but the presence of the Chilean Sea Bass was a letdown, and the server never delivered the specials posted on the outside board."
"The menu looked good, except for offering the Chilean Sea Bass, but the server does not offer up the specials that were written on the board outside.",Chilean Sea Bass,negative,"Although the menu looked promising, the Chilean Sea Bass on it was a downside, and the server didn't provide the specials that were displayed on the board outside."
"The menu looked good, except for offering the Chilean Sea Bass, but the server does not offer up the specials that were written on the board outside.",Chilean Sea Bass,negative,"The menu seemed fine, yet the Chilean Sea Bass offering was unsatisfactory, and the server failed to bring out the specials written on the outdoor board."
Our tiny table for two (dinner plates hung over edge) was right in the middle of one of the lanes of waiter traffic.,waiter traffic,negative,"Our tiny two‑person table, with dinner plates precariously hanging over the edge, was placed right in the middle of waiter traffic."
Our tiny table for two (dinner plates hung over edge) was right in the middle of one of the lanes of waiter traffic.,waiter traffic,negative,"We were forced to sit at a cramped table for two, where the plates were almost falling off, right in the middle of waiter traffic."
Our tiny table for two (dinner plates hung over edge) was right in the middle of one of the lanes of waiter traffic.,waiter traffic,negative,"The small table for two, its dinner plates teetering on the edge, sat squarely in the middle of waiter traffic."
"An excellent alternative to fast food joints and ordering in but, the food was slightly disappointing.",food,negative,"While it serves as a great alternative to fast‑food places and delivery, the food was a bit underwhelming."
"An excellent alternative to fast food joints and ordering in but, the food was slightly disappointing.",food,negative,"Even though it’s an excellent substitute for fast‑food joints and takeout, the food turned out slightly disappointing."
"An excellent alternative to fast food joints and ordering in but, the food was slightly disappointing.",food,negative,"It offers a solid option compared to fast‑food outlets, but the food ended up being somewhat disappointing."
"My entree of hot pot with seafood was full of imitation crabmeat with a couple pieces of shrimp and squid, and was unnecessarily heated with a burner.",hot pot with seafood,negative,"The hot pot with seafood I ordered was packed with fake crab meat, only a few shrimp and squid, and they even kept it warm on a burner for no reason."
"My entree of hot pot with seafood was full of imitation crabmeat with a couple pieces of shrimp and squid, and was unnecessarily heated with a burner.",hot pot with seafood,negative,"My hot pot with seafood was mostly imitation crab, had just a couple of shrimp and squid, and was needlessly kept hot by a burner."
"My entree of hot pot with seafood was full of imitation crabmeat with a couple pieces of shrimp and squid, and was unnecessarily heated with a burner.",hot pot with seafood,negative,"I found the hot pot with seafood to be full of ersatz crabmeat, scant shrimp and squid, and it was unnecessarily reheated on a burner."
"Service could be improved but overall this is a place that understands the importance of little things (the heavy, black, antique-seeming teapot, for one) in the restaurant experience.",Service,negative,"The Service could use some improvement, though the restaurant does pay attention to small details like the heavy, black, antique‑looking teapot."
"Service could be improved but overall this is a place that understands the importance of little things (the heavy, black, antique-seeming teapot, for one) in the restaurant experience.",Service,negative,"While the Service needs work, the establishment clearly values the little touches, such as the hefty, black, vintage‑style teapot."
"Service could be improved but overall this is a place that understands the importance of little things (the heavy, black, antique-seeming teapot, for one) in the restaurant experience.",Service,negative,"Service isn’t perfect and could be better, but the venue still appreciates the finer details, exemplified by the heavy, black, antique‑seeming teapot."
"They are still living in the dark ages and do not have an answering machine, so if you want to make a reservation you are limited.",reservation,negative,"Because they’re stuck in the dark ages without an answering machine, trying to make a reservation is very restrictive."
"They are still living in the dark ages and do not have an answering machine, so if you want to make a reservation you are limited.",reservation,negative,"Their lack of an answering machine, a relic of the dark ages, means you can hardly make a reservation."
"They are still living in the dark ages and do not have an answering machine, so if you want to make a reservation you are limited.",reservation,negative,"Since they haven’t upgraded beyond the dark ages and lack an answering machine, making a reservation is practically impossible."
Wait staff is blantently unappreciative of your business but its the best pie on the UWS!,Wait staff,negative,"Wait staff are blatantly unappreciative of your business, yet the pie remains the best on the UWS."
Wait staff is blantently unappreciative of your business but its the best pie on the UWS!,Wait staff,negative,"Despite serving the best pie on the UWS, the Wait staff are clearly ungrateful for your patronage."
Wait staff is blantently unappreciative of your business but its the best pie on the UWS!,Wait staff,negative,"The Wait staff show obvious disregard for your business, although the pie here is top‑notch on the UWS."
"The crispy chicken wasn't for us, though.",crispy chicken,negative,We didn't enjoy the crispy chicken.
"The crispy chicken wasn't for us, though.",crispy chicken,negative,The crispy chicken didn't suit our taste.
"The crispy chicken wasn't for us, though.",crispy chicken,negative,We found the crispy chicken unsatisfactory.
"An excellent alternative to fast food joints and ordering in but, the food was slightly disappointing.",fast food,negative,"This venue offers a wonderful alternative to fast food, yet fast food still feels a bit disappointing."
"An excellent alternative to fast food joints and ordering in but, the food was slightly disappointing.",fast food,negative,"While it serves as an excellent replacement for fast food, fast food continues to be somewhat underwhelming."
"An excellent alternative to fast food joints and ordering in but, the food was slightly disappointing.",fast food,negative,"Although it's a solid option instead of fast food, fast food remains slightly disappointing."
"Besides having the table we had been promised given to other restaurant patrons twice before we were actually seated, we were served dishes we hadn't ordered three times, received one of our orders 20 minutes after the rest of the table had been served (and that order was undercooked), and charged $45 more than we should have been on our bill.",dishes,negative,"Even after the promised table was given to other diners twice before we were finally seated, we were handed dishes we never ordered on three separate occasions, got one of our meals 20 minutes later than the rest of the table (and it was undercooked), and were overcharged $45 on our bill."
"Besides having the table we had been promised given to other restaurant patrons twice before we were actually seated, we were served dishes we hadn't ordered three times, received one of our orders 20 minutes after the rest of the table had been served (and that order was undercooked), and charged $45 more than we should have been on our bill.",dishes,negative,"After the staff gave our reserved table to other patrons twice before we could sit down, we ended up receiving dishes we hadn't asked for three times, had one order arrive 20 minutes after everyone else’s (and it was undercooked), and saw an extra $45 added to our check."
"Besides having the table we had been promised given to other restaurant patrons twice before we were actually seated, we were served dishes we hadn't ordered three times, received one of our orders 20 minutes after the rest of the table had been served (and that order was undercooked), and charged $45 more than we should have been on our bill.",dishes,negative,"We waited for our promised table while it was handed to other guests twice, and then we were served dishes we didn’t order three times, received a particular order 20 minutes late—undercooked—and were billed $45 more than we should have been."
"We actually gave 10% tip (which we have never done despite mediocre food and service), because we felt totally ripped off.",tip,negative,"We ended up leaving a 10% tip, something we’ve never done before even with the mediocre food and service, because we felt completely ripped off."
"We actually gave 10% tip (which we have never done despite mediocre food and service), because we felt totally ripped off.",tip,negative,"Even though the food and service were only mediocre, we still handed over a 10% tip—something we normally never do—since we felt totally ripped off."
"We actually gave 10% tip (which we have never done despite mediocre food and service), because we felt totally ripped off.",tip,negative,"We reluctantly gave a 10% tip, which is unheard of for us despite the subpar food and service, because we felt we were being ripped off."
"While the ambiance and atmosphere were great, the food and service could have been a lot better.",food,negative,"Even though the ambiance and atmosphere were great, the food and service left much to be desired."
"While the ambiance and atmosphere were great, the food and service could have been a lot better.",food,negative,"The ambiance and atmosphere were wonderful, but the food and service could have been far better."
"While the ambiance and atmosphere were great, the food and service could have been a lot better.",food,negative,"Although the ambiance and atmosphere were excellent, the food and service were disappointing."
"From the terrible service, to the bland food, not to mention the unaccommodating managers, the overall experience was horrible.",service,negative,"The service was terrible, the food bland, and the managers unaccommodating, making the whole experience horrible."
"From the terrible service, to the bland food, not to mention the unaccommodating managers, the overall experience was horrible.",service,negative,"With terrible service, bland food, and unaccommodating managers, the overall experience turned out horrible."
"From the terrible service, to the bland food, not to mention the unaccommodating managers, the overall experience was horrible.",service,negative,"Terrible service, bland food, and unaccommodating managers combined to make the experience horrible."
"The ambiance is minimal the food is not phenomenal, but some dishes are quite good, such as the eggplant parmesan, veal in carozza chicken saltimbocca.",food,negative,"While the ambiance is sparse, the food fails to impress, although a few plates like the eggplant parmesan, veal in carozza, and chicken saltimbocca are fairly tasty."
"The ambiance is minimal the food is not phenomenal, but some dishes are quite good, such as the eggplant parmesan, veal in carozza chicken saltimbocca.",food,negative,"The setting may be simple, but the food is far from outstanding; still, certain items such as eggplant parmesan, veal in carozza, and chicken saltimbocca turn out quite well."
"The ambiance is minimal the food is not phenomenal, but some dishes are quite good, such as the eggplant parmesan, veal in carozza chicken saltimbocca.",food,negative,"Even though the atmosphere is modest, the food doesn't shine, yet dishes like the eggplant parmesan, veal in carozza, and chicken saltimbocca are rather good."
"I like the somosas, chai, and the chole, but the dhosas and dhal were kinda dissapointing.",dhal,negative,"The somosas, chai, and chole were tasty, yet the dhosas and dhal turned out to be rather disappointing."
"I like the somosas, chai, and the chole, but the dhosas and dhal were kinda dissapointing.",dhal,negative,"While I enjoyed the somosas, chai, and chole, the dhosas and especially the dhal were quite letdown."
"I like the somosas, chai, and the chole, but the dhosas and dhal were kinda dissapointing.",dhal,negative,"I loved the somosas, chai, and chole, but found the dhosas and dhal to be somewhat disappointing."
The menu prices are a bit expensive for what you get in quality and portion size.,portion size,negative,The menu prices are a bit pricey given the quality and portion size you get.
The menu prices are a bit expensive for what you get in quality and portion size.,portion size,negative,You end up paying too much for the quality and portion size offered.
The menu prices are a bit expensive for what you get in quality and portion size.,portion size,negative,The cost of the menu is high compared to the quality and portion size provided.
The miso soup lacked flavor and the fish was unfortunately not as well prepared as in the past.,miso soup,negative,"The miso soup was bland, and the fish didn't turn out as well as it used to."
The miso soup lacked flavor and the fish was unfortunately not as well prepared as in the past.,miso soup,negative,"I found the miso soup flavorless, and the fish was sadly not as well prepared as before."
The miso soup lacked flavor and the fish was unfortunately not as well prepared as in the past.,miso soup,negative,"Unfortunately, the miso soup lacked any taste, and the fish was not prepared as well as it once was."
"But don't ever order bacon late at nite (either platter or in sandwiches, for that matter don't from any take out place) as it is from the morning frying turns out hard almost like bacos, hurt my molars.",frying,negative,"Avoid ordering bacon late at night—whether on a platter, in a sandwich, or from any take‑out place—because the morning frying makes it hard, like bark, and it hurts my molars."
"But don't ever order bacon late at nite (either platter or in sandwiches, for that matter don't from any take out place) as it is from the morning frying turns out hard almost like bacos, hurt my molars.",frying,negative,"Never get bacon after dark (no platter, no sandwich, no take‑out) since the morning frying leaves it rock‑hard and it damages my molars."
"But don't ever order bacon late at nite (either platter or in sandwiches, for that matter don't from any take out place) as it is from the morning frying turns out hard almost like bacos, hurt my molars.",frying,negative,"I wouldn't order bacon at night—platter, sandwich, or any take‑out—because the morning frying turns it into a tough, bark‑like chew that hurts my molars."
"While we enjoyed the food, we were highly disappointed by the poor service (waiter was not quite competent and SLOW service) and lack of remorse.",service,negative,"Although the food was enjoyable, the service was terribly disappointing (the waiter lacked competence and was slow) and there was no remorse."
"While we enjoyed the food, we were highly disappointed by the poor service (waiter was not quite competent and SLOW service) and lack of remorse.",service,negative,"We liked the food, but the service left us very dissatisfied (the waiter was incompetent and the service was sluggish) and showed no remorse."
"While we enjoyed the food, we were highly disappointed by the poor service (waiter was not quite competent and SLOW service) and lack of remorse.",service,negative,"The meal was good, yet the service was extremely poor (the waiter wasn't competent and provided slow service) and there was no apology."
"My entree of hot pot with seafood was full of imitation crabmeat with a couple pieces of shrimp and squid, and was unnecessarily heated with a burner.",crabmeat,negative,"The hot‑pot entree I ordered was packed with imitation crabmeat, a few shrimp and squid, and it was over‑cooked on a burner."
"My entree of hot pot with seafood was full of imitation crabmeat with a couple pieces of shrimp and squid, and was unnecessarily heated with a burner.",crabmeat,negative,"I got a seafood hot pot that was basically just imitation crabmeat plus a couple of shrimp and squid, and it was needlessly kept warm on a burner."
"My entree of hot pot with seafood was full of imitation crabmeat with a couple pieces of shrimp and squid, and was unnecessarily heated with a burner.",crabmeat,negative,"My seafood hot‑pot dish was loaded with fake crabmeat, a handful of shrimp and squid, and it was unnecessarily reheated with a burner."
"If I could rate the people this place would be off the charts - unfortunately - the pizza, sorry - not the best in NYC.",pizza,negative,"The staff is amazing, but the pizza, unfortunately, is far from the best in NYC."
"If I could rate the people this place would be off the charts - unfortunately - the pizza, sorry - not the best in NYC.",pizza,negative,"While the people earn top marks, the pizza sadly doesn't rank among NYC's finest."
"If I could rate the people this place would be off the charts - unfortunately - the pizza, sorry - not the best in NYC.",pizza,negative,"I’d give the service perfect scores, yet the pizza is disappointing and not among the city's best."
"My husband said the portions were very small, but if my main course was good to eat the portion would've been fine for me.",main course,negative,"My husband said the portions were tiny, and since my main course was not tasty, the portion size wouldn’t have mattered to me."
"My husband said the portions were very small, but if my main course was good to eat the portion would've been fine for me.",main course,negative,"The portions seemed very small to my husband, but because my main course was disappointing, the size wouldn’t have been an issue."
"My husband said the portions were very small, but if my main course was good to eat the portion would've been fine for me.",main course,negative,"My husband noted the portions were small, yet the portion would have been fine only if my main course had been flavorful."
Yes you have to wait to be seated and because its small there is no waiting area and the seat at the bar was all taken.,waiting area,negative,"Indeed, you have to wait to be seated, and because the place is small there is no waiting area while all the bar seats are taken."
Yes you have to wait to be seated and because its small there is no waiting area and the seat at the bar was all taken.,waiting area,negative,"You actually must wait for a table, and the venue’s limited size means there is no waiting area, with every bar seat already occupied."
Yes you have to wait to be seated and because its small there is no waiting area and the seat at the bar was all taken.,waiting area,negative,The restaurant forces you to wait for a seat; its tiny size results in no waiting area and all bar seats being taken.
The space is nice but when we order our drink we were in for a surprise.,drink,negative,"The space looks nice, but ordering our drink turned out to be an unpleasant surprise."
The space is nice but when we order our drink we were in for a surprise.,drink,negative,"Although the venue is pleasant, the drink we ordered left us shocked."
The space is nice but when we order our drink we were in for a surprise.,drink,negative,"The place is nice, yet when we ordered the drink we were taken aback."
"If the omakase is to showcase technique and variety, serving almost 40% of items BBQ-ed and a spicy tuna roll wrapped with not-so-fresh nori seems to be a rather limp performance.",spicy tuna roll,negative,"Even though the omakase is meant to display skill and variety, the inclusion of a spicy tuna roll wrapped in nori that isn’t fresh makes the whole presentation feel quite weak."
"If the omakase is to showcase technique and variety, serving almost 40% of items BBQ-ed and a spicy tuna roll wrapped with not-so-fresh nori seems to be a rather limp performance.",spicy tuna roll,negative,"If the purpose of the omakase is to showcase technique and variety, then serving a spicy tuna roll with stale nori contributes to a rather underwhelming performance."
"If the omakase is to showcase technique and variety, serving almost 40% of items BBQ-ed and a spicy tuna roll wrapped with not-so-fresh nori seems to be a rather limp performance.",spicy tuna roll,negative,"The omakase promises technique and variety, yet the spicy tuna roll, wrapped in not‑so‑fresh nori, ends up looking and tasting limp."
"Besides having the table we had been promised given to other restaurant patrons twice before we were actually seated, we were served dishes we hadn't ordered three times, received one of our orders 20 minutes after the rest of the table had been served (and that order was undercooked), and charged $45 more than we should have been on our bill.",table,negative,"Although we were promised a table, it was handed to other patrons twice before we finally got seated, and on top of that we received dishes we never ordered three times, got one undercooked order 20 minutes after the rest of the table was served, and were overcharged $45 on the bill."
"Besides having the table we had been promised given to other restaurant patrons twice before we were actually seated, we were served dishes we hadn't ordered three times, received one of our orders 20 minutes after the rest of the table had been served (and that order was undercooked), and charged $45 more than we should have been on our bill.",table,negative,"The promised table was given away to other customers two times before we were actually seated, and we also endured three instances of being served the wrong dishes, a 20‑minute delay for an undercooked order while the rest of the table ate, and an extra $45 on our check."
"Besides having the table we had been promised given to other restaurant patrons twice before we were actually seated, we were served dishes we hadn't ordered three times, received one of our orders 20 minutes after the rest of the table had been served (and that order was undercooked), and charged $45 more than we should have been on our bill.",table,negative,"We waited to be seated while the staff handed our promised table to other diners twice, then faced three wrong dishes, a severely undercooked plate that arrived 20 minutes after the rest of the table, and a $45 overcharge on the bill."
We thought that this place is using too much of MSG cooking in the foods.,foods,negative,We believed this restaurant adds excessive MSG to the foods.
We thought that this place is using too much of MSG cooking in the foods.,foods,negative,It seemed to us that the establishment overuses MSG in the foods.
We thought that this place is using too much of MSG cooking in the foods.,foods,negative,Our impression was that the kitchen uses far too much MSG when preparing the foods.
Just bring someone who speaks Cantonese because waiter may not understand you.,waiter,negative,"Make sure you have a Cantonese speaker with you, since the waiter might not understand you."
Just bring someone who speaks Cantonese because waiter may not understand you.,waiter,negative,Bring a Cantonese-speaking companion because the waiter could fail to understand you.
Just bring someone who speaks Cantonese because waiter may not understand you.,waiter,negative,"It's advisable to have someone who speaks Cantonese, as the waiter may not get what you're saying."
Knowledge of the chef and the waitress are below average.,waitress,negative,The knowledge of both the chef and the waitress is below average.
Knowledge of the chef and the waitress are below average.,waitress,negative,Both the chef and the waitress have knowledge that falls below average.
Knowledge of the chef and the waitress are below average.,waitress,negative,"The waitress, along with the chef, possesses knowledge that is below average."
"If you don't mind pre-sliced low quality fish, unfriendly staff and a sushi chef that looks like he is miserable then this is your place.",sushi chef,negative,"If you can tolerate pre‑sliced low‑quality fish, rude staff, and a sushi chef who appears miserable, then this is the place for you."
"If you don't mind pre-sliced low quality fish, unfriendly staff and a sushi chef that looks like he is miserable then this is your place.",sushi chef,negative,"Should you be okay with pre‑sliced cheap fish, unfriendly employees, and a sushi chef that seems downright unhappy, this is the spot."
"If you don't mind pre-sliced low quality fish, unfriendly staff and a sushi chef that looks like he is miserable then this is your place.",sushi chef,negative,"If pre‑sliced low‑grade fish, unwelcoming staff, and a sushi chef who looks miserable don’t bother you, then this is the place."
"The portions are now very small, the sauces are overly-ambitious usually inedible while the service is still good, the restaurant, due to its popularity, seems frantic.",sauces,negative,"Portion sizes have dwindled, the sauces are overly ambitious and often inedible, yet the service stays good, and the popular restaurant feels frantic."
"The portions are now very small, the sauces are overly-ambitious usually inedible while the service is still good, the restaurant, due to its popularity, seems frantic.",sauces,negative,"The portions are now tiny, the sauces remain excessively ambitious and usually not edible, while the service continues to be good, making the busy, popular restaurant seem frantic."
"The portions are now very small, the sauces are overly-ambitious usually inedible while the service is still good, the restaurant, due to its popularity, seems frantic.",sauces,negative,"These days the portions are very small, the sauces are overly ambitious and typically inedible, although the service is still good, and the restaurant, due to its popularity, appears frantic."
The service is awful--the last time I was there (and I do mean the last time) we were told that they needed our table so we would have to leave.,table,negative,The service was terrible; the previous visit—my final one—ended with them insisting we vacate our table.
The service is awful--the last time I was there (and I do mean the last time) we were told that they needed our table so we would have to leave.,table,negative,"I had a horrible experience; during my last visit they told us they needed the table, forcing us to leave."
The service is awful--the last time I was there (and I do mean the last time) we were told that they needed our table so we would have to leave.,table,negative,"Awful service: on my last trip they demanded the table back, so we had to get up and go."
"Very excited to hear that short-term Chef Jason Narone has moved on, he truly was a low point of their Sterling track record.",Chef,negative,"I'm thrilled to learn that the short‑term Chef Jason Narone has left, as he was truly a low point in Sterling's history."
"Very excited to hear that short-term Chef Jason Narone has moved on, he truly was a low point of their Sterling track record.",Chef,negative,It's great news that the temporary Chef Jason Narone is no longer with us; he was honestly the worst part of their Sterling record.
"Very excited to hear that short-term Chef Jason Narone has moved on, he truly was a low point of their Sterling track record.",Chef,negative,"I’m delighted to hear the short‑term Chef Jason Narone is gone, since he represented a real low point for Sterling."
I was back-to-back with the diner at the table behind me and wait staff had to hoist trays over our heads as they squeezed past us again and again.,table,negative,"I was sitting back-to-back with another guest at the table behind me, and the servers kept having to lift trays over our heads as they squeezed past repeatedly."
I was back-to-back with the diner at the table behind me and wait staff had to hoist trays over our heads as they squeezed past us again and again.,table,negative,"At the table behind me, I was pressed back-to-back with a fellow diner, forcing the waitstaff to constantly hoist trays overhead while they squeezed by."
I was back-to-back with the diner at the table behind me and wait staff had to hoist trays over our heads as they squeezed past us again and again.,table,negative,"The table behind me forced me to be back-to-back with the person next to me, and the staff had to repeatedly raise trays over our heads as they squeezed through."
"we did notice however, that some tables had what looked like pita instead of naan.",naan,negative,We observed that several tables were served with something resembling pita rather than naan.
"we did notice however, that some tables had what looked like pita instead of naan.",naan,negative,It was clear that some tables received what appeared to be pita in place of naan.
"we did notice however, that some tables had what looked like pita instead of naan.",naan,negative,We couldn't help noticing that certain tables got pita-like bread instead of the expected naan.
"Barbecued codfish was gorgeously moist - as if poached - yet the fabulous texture was let down by curiously bland seasoning - a spice rub might have overwhelmed, however herb mix or other sauce would have done much to enhance.",sauce,negative,"The barbecued codfish turned out wonderfully moist, almost poached, but its superb texture was marred by a surprisingly bland seasoning; a spice rub could have been too strong, yet a herb blend or any sauce would have greatly improved it."
"Barbecued codfish was gorgeously moist - as if poached - yet the fabulous texture was let down by curiously bland seasoning - a spice rub might have overwhelmed, however herb mix or other sauce would have done much to enhance.",sauce,negative,"While the barbecued codfish was delightfully moist and nearly poached in texture, the otherwise excellent mouthfeel suffered because the seasoning was oddly bland—adding a spice rub might have been excessive, but a herb mixture or simply a sauce would have significantly lifted the dish."
"Barbecued codfish was gorgeously moist - as if poached - yet the fabulous texture was let down by curiously bland seasoning - a spice rub might have overwhelmed, however herb mix or other sauce would have done much to enhance.",sauce,negative,"The codfish, barbecued to a perfect, poached-like juiciness, had a fantastic texture that was unfortunately undermined by a dull, bland seasoning; a bold spice rub could have overpowered it, but even a modest herb mix or a sauce would have added much-needed flavor."
"Oh, but wait, we were out of drinks (which were also delightfully overpriced).",drinks,negative,"Hold on, we had run out of drinks, and they were absurdly pricey."
"Oh, but wait, we were out of drinks (which were also delightfully overpriced).",drinks,negative,"Wait a minute, there were no drinks left, and they were ridiculously expensive."
"Oh, but wait, we were out of drinks (which were also delightfully overpriced).",drinks,negative,"Actually, we were out of drinks, which happened to be terribly overpriced."
"I would not have been so disappointed with the portions if the qualities were good enough to make up for it, but they were not!",portions,negative,"I wouldn't have been this upset about the portions if the quality had been sufficient to offset them, but it wasn't."
"I would not have been so disappointed with the portions if the qualities were good enough to make up for it, but they were not!",portions,negative,The portions only left me disappointed because the quality wasn't good enough to make up for them.
"I would not have been so disappointed with the portions if the qualities were good enough to make up for it, but they were not!",portions,negative,"Had the qualities been better, the portions wouldn't have disappointed me so much, yet they did."
"My turkey burger was not cooked at all, my friends salmon was completely raw.",turkey burger,negative,"My turkey burger was completely uncooked, and my friend's salmon was also raw."
"My turkey burger was not cooked at all, my friends salmon was completely raw.",turkey burger,negative,"I received a turkey burger that wasn't cooked at all, while my friend's salmon was similarly raw."
"My turkey burger was not cooked at all, my friends salmon was completely raw.",turkey burger,negative,"The turkey burger I had was not cooked whatsoever, and my friend's salmon was likewise raw."
Service is not what one would expect from a joint in this price category.,price category,negative,The service is disappointing for a restaurant in this price category.
Service is not what one would expect from a joint in this price category.,price category,negative,You wouldn't expect such poor service from an establishment in this price category.
Service is not what one would expect from a joint in this price category.,price category,negative,Service here does not meet the standards one would anticipate in this price category.
They came out over cooked and the cheese was almost non existant.,cheese,negative,"The dish was overcooked, and the cheese was barely there."
They came out over cooked and the cheese was almost non existant.,cheese,negative,"It arrived too cooked, and the cheese was practically nonexistent."
They came out over cooked and the cheese was almost non existant.,cheese,negative,"They were overcooked, and the cheese was almost missing."
"This place has good potential, but needs a significant amount of work before we can justify spending that much money on indian food you can get everywhere else.",money,negative,"Although the venue shows promise, it requires extensive improvements before we can justify spending that much money on Indian cuisine that's available everywhere."
"This place has good potential, but needs a significant amount of work before we can justify spending that much money on indian food you can get everywhere else.",money,negative,"The location has potential, yet it needs a lot of work before we feel comfortable allocating that much money to Indian food you can find elsewhere."
"This place has good potential, but needs a significant amount of work before we can justify spending that much money on indian food you can get everywhere else.",money,negative,"While the place could be great, it still needs major upgrades before we can rationalize spending that much money on Indian dishes that are common elsewhere."
"Though you will undoubtedly be seated at a table with what seems like barely enough room (no matter what the size of your party), the warm atomosphere is worth the cramped quarters- you'll have fun and forgot about the tight spot you're in.",table,negative,"You'll inevitably be seated at a table that feels far too small for any party size, leaving you cramped despite the cozy atmosphere."
"Though you will undoubtedly be seated at a table with what seems like barely enough room (no matter what the size of your party), the warm atomosphere is worth the cramped quarters- you'll have fun and forgot about the tight spot you're in.",table,negative,"No matter how many people are with you, you'll end up at a table with barely any space, making it uncomfortable, though the pleasant vibe helps distract you."
"Though you will undoubtedly be seated at a table with what seems like barely enough room (no matter what the size of your party), the warm atomosphere is worth the cramped quarters- you'll have fun and forgot about the tight spot you're in.",table,negative,"The arrangement forces you onto a table with just enough room for your group, which feels tight and uncomfortable, but the warm ambience helps you forget the squeeze."
Prices are higher to dine in and their chicken tikka marsala is quite good.,Prices,negative,"Prices are steep for dine‑in meals, but their chicken tikka marsala is quite good."
Prices are higher to dine in and their chicken tikka marsala is quite good.,Prices,negative,"Prices are higher if you choose to eat on the premises, while the chicken tikka marsala remains quite good."
Prices are higher to dine in and their chicken tikka marsala is quite good.,Prices,negative,"Prices are costly when dining in, yet the chicken tikka marsala is quite good."
Both times we waited well over a half hour for a table (even though we had reservations).,table,negative,"We had to wait more than thirty minutes for a table both times, even though we had reservations."
Both times we waited well over a half hour for a table (even though we had reservations).,table,negative,Each visit required us to wait over a half hour for a table despite having reservations.
Both times we waited well over a half hour for a table (even though we had reservations).,table,negative,"Despite our reservations, we were forced to wait well beyond thirty minutes for a table on both occasions."
"The menu changed, portions were even smaller than before, a lentil dish was salty beyond edibility, a basmati rice dish lacked flavor.",portions,negative,"The menu was altered, and the portions came out even smaller than they used to be, while the lentil dish was unbearably salty and the basmati rice lacked any flavor."
"The menu changed, portions were even smaller than before, a lentil dish was salty beyond edibility, a basmati rice dish lacked flavor.",portions,negative,"Since the menu changed, the portions have become noticeably smaller than before, the lentil plate was overly salty, and the basmati rice was flavorless."
"The menu changed, portions were even smaller than before, a lentil dish was salty beyond edibility, a basmati rice dish lacked flavor.",portions,negative,"With the new menu, portions are now even tinier than they were, the lentil offering is excessively salty, and the basmati rice falls short on taste."
"A narrow corridor leads to a tiny space where there are three tiny white tiled counters, a great deal of mess (stacks of bottles, cans) and a small counter holding 12-14 entrees.",counters,negative,"The narrow hallway opens into a cramped room filled with three tiny white tiled counters, surrounded by a massive mess of bottles and cans, plus a small counter with 12‑14 entrees."
"A narrow corridor leads to a tiny space where there are three tiny white tiled counters, a great deal of mess (stacks of bottles, cans) and a small counter holding 12-14 entrees.",counters,negative,"You walk down a slim corridor into a tiny area where three little white tiled counters sit amid piles of bottles, cans and a chaotic mess, alongside a tiny counter offering 12‑14 dishes."
"A narrow corridor leads to a tiny space where there are three tiny white tiled counters, a great deal of mess (stacks of bottles, cans) and a small counter holding 12-14 entrees.",counters,negative,"A skinny passage leads to a small space crowded with three white tiled counters, a huge clutter of bottles and cans, and a modest counter that holds a dozen or so entrees."
"Quite frankly, this is some of the worst sushi I have ever tried.",sushi,negative,"Honestly, this is among the worst sushi I've ever eaten."
"Quite frankly, this is some of the worst sushi I have ever tried.",sushi,negative,"To be blunt, the sushi here is one of the poorest I've tasted."
"Quite frankly, this is some of the worst sushi I have ever tried.",sushi,negative,"Frankly, I consider this sushi to be some of the worst I've ever tried."
"Over time, the food quality has decreased substantially, it is a lot less crowded than it used to, and the service must definitely be part of the reason.",food quality,negative,"The food quality has significantly worsened over time, and the venue is much less crowded than before, with the service likely contributing to the decline."
"Over time, the food quality has decreased substantially, it is a lot less crowded than it used to, and the service must definitely be part of the reason.",food quality,negative,"Over the years, food quality has dropped considerably, the place is far less crowded now, and the service probably plays a role in this."
"Over time, the food quality has decreased substantially, it is a lot less crowded than it used to, and the service must definitely be part of the reason.",food quality,negative,"In recent times, food quality has fallen sharply, the crowd size has reduced greatly, and the service is certainly a factor."
"Although the tables may be closely situated, the candle-light, food-quality and service overcompensate.",tables,negative,"Even if the tables are placed very close to each other, the candle‑light, food‑quality, and service more than compensate."
"Although the tables may be closely situated, the candle-light, food-quality and service overcompensate.",tables,negative,"While the tables sit tightly together, the candle‑light, food‑quality, and service more than make up for it."
"Although the tables may be closely situated, the candle-light, food-quality and service overcompensate.",tables,negative,"Although the tables are cramped, the candle‑light, food‑quality, and service more than offset that issue."
Tell them Herky sent you and get a free confused look from the waiter.,waiter,negative,Tell them Herky sent you and you'll get a bewildered look from the waiter.
Tell them Herky sent you and get a free confused look from the waiter.,waiter,negative,Mention Herky sent you and the waiter will give you a confused stare.
Tell them Herky sent you and get a free confused look from the waiter.,waiter,negative,Say Herky sent you and the waiter will flash a puzzled expression.
"They did not have mayonnaise, forgot our toast, left out ingredients (ie cheese in an omelet), below hot temperatures and the bacon was so over cooked it crumbled on the plate when you touched it.",bacon,negative,"The bacon was cooked so badly that it fell apart the moment I touched it, and they also lacked mayonnaise, forgot our toast, omitted ingredients like cheese in an omelet, and served food at low temperatures."
"They did not have mayonnaise, forgot our toast, left out ingredients (ie cheese in an omelet), below hot temperatures and the bacon was so over cooked it crumbled on the plate when you touched it.",bacon,negative,"Not only did they forget the toast and miss ingredients such as cheese in the omelet, but the bacon was over‑cooked to the point of crumbling when handled."
"They did not have mayonnaise, forgot our toast, left out ingredients (ie cheese in an omelet), below hot temperatures and the bacon was so over cooked it crumbled on the plate when you touched it.",bacon,negative,"Their service omitted mayonnaise, left out our toast and cheese, served food below hot temperatures, and the bacon was so overcooked it disintegrated under my fingers."
"The only weird thing was if we got a bottle, the waitress would have simply multiplied the glass price X4, which makes no sense whatsoever.",waitress,negative,"It was odd that when we ordered a bottle, the waitress simply quadrupled the glass price, which makes no sense whatsoever."
"The only weird thing was if we got a bottle, the waitress would have simply multiplied the glass price X4, which makes no sense whatsoever.",waitress,negative,"The strange part was that if we got a bottle, the waitress would instantly raise the glass cost by four times, which is completely unreasonable."
"The only weird thing was if we got a bottle, the waitress would have simply multiplied the glass price X4, which makes no sense whatsoever.",waitress,negative,"What was bizarre was that whenever we asked for a bottle, the waitress would just multiply the glass price by four, which is utterly illogical."
"The food was pretty good, but a little flavorless and the portions very small, including dessert.",portions,negative,"Although the food tasted pretty good, it was a bit flavorless and the portions were extremely small, even for dessert."
"The food was pretty good, but a little flavorless and the portions very small, including dessert.",portions,negative,"The meal was fairly tasty, but somewhat bland, and the portions turned out to be very tiny, including the dessert."
"The food was pretty good, but a little flavorless and the portions very small, including dessert.",portions,negative,"While the dishes were decent, they lacked flavor and the portions came out very small, dessert included."
"Given the incredible architecture surrounding it, this place has no character.",place,negative,"Despite the stunning architecture around it, this place lacks any character."
"Given the incredible architecture surrounding it, this place has no character.",place,negative,"Even with the amazing architecture nearby, the place is completely characterless."
"Given the incredible architecture surrounding it, this place has no character.",place,negative,"Although the surrounding architecture is incredible, the place still has no character."
"The dim sum is ok but doesn't taste that fresh, and the little dishes don't look steamy hot as they should (also note lack of Chinese here).",dim sum,negative,"The dim sum is mediocre and doesn't taste very fresh, and the small plates aren't as steamy as they should be."
"The dim sum is ok but doesn't taste that fresh, and the little dishes don't look steamy hot as they should (also note lack of Chinese here).",dim sum,negative,"The dim sum is just okay but lacks freshness, and the little dishes fail to look steamy hot as expected."
"The dim sum is ok but doesn't taste that fresh, and the little dishes don't look steamy hot as they should (also note lack of Chinese here).",dim sum,negative,"The dim sum is passable yet not fresh tasting, and the bite‑size servings don't appear as steamy hot as they ought to be."
"Also, don't plan on asking for your favorite roll, if it's not on the menu, you can't have it.",roll,negative,Don't expect to get your favorite roll if it's not listed on the menu.
"Also, don't plan on asking for your favorite roll, if it's not on the menu, you can't have it.",roll,negative,"You shouldn't bother requesting a roll that isn't on the menu, because you won't be able to have it."
"Also, don't plan on asking for your favorite roll, if it's not on the menu, you can't have it.",roll,negative,"If the roll you want isn't on the menu, don't count on being served it."
"Barbecued codfish was gorgeously moist - as if poached - yet the fabulous texture was let down by curiously bland seasoning - a spice rub might have overwhelmed, however herb mix or other sauce would have done much to enhance.",seasoning,negative,"The barbecued codfish was wonderfully moist, almost poached, but the superb texture suffered because the seasoning was oddly bland; a spice rub could have been too strong, yet a herb blend or sauce would have greatly improved it."
"Barbecued codfish was gorgeously moist - as if poached - yet the fabulous texture was let down by curiously bland seasoning - a spice rub might have overwhelmed, however herb mix or other sauce would have done much to enhance.",seasoning,negative,"While the barbecued codfish turned out gorgeously moist and poached‑like, its excellent texture was marred by the surprisingly bland seasoning, and although a spice rub might have been overpowering, a herb mix or sauce could have added much needed flavor."
"Barbecued codfish was gorgeously moist - as if poached - yet the fabulous texture was let down by curiously bland seasoning - a spice rub might have overwhelmed, however herb mix or other sauce would have done much to enhance.",seasoning,negative,"Even though the barbecued codfish was beautifully moist and its texture fantastic, the dish was let down by the curiously bland seasoning; a stronger spice rub might have been excessive, but a herb mixture or sauce would have significantly enhanced it."
"After 2 tries by the waiter to take it away (we hadn't even looked at it yet, we had full beers yet to drink), the manager approached and told us they needed the table for people with reservations.",waiter,negative,The waiter tried to take it away twice before the manager stepped in and said the table was needed for guests with reservations.
"After 2 tries by the waiter to take it away (we hadn't even looked at it yet, we had full beers yet to drink), the manager approached and told us they needed the table for people with reservations.",waiter,negative,"Even though we hadn't even looked at it and still had full beers, the waiter made two attempts to remove it, after which the manager told us the table was required for people with reservations."
"After 2 tries by the waiter to take it away (we hadn't even looked at it yet, we had full beers yet to drink), the manager approached and told us they needed the table for people with reservations.",waiter,negative,"After the waiter made two attempts to clear our table while we were still drinking, the manager approached and said the table had to be given to those with reservations."
And I say snacking because it really is not set up to be a proper dinner.,dinner,negative,I refer to it as snacking because it simply isn’t arranged to function as a proper dinner.
And I say snacking because it really is not set up to be a proper dinner.,dinner,negative,I call it snacking since it clearly isn’t set up to be a proper dinner.
And I say snacking because it really is not set up to be a proper dinner.,dinner,negative,I label it snacking because it’s not designed to serve as a proper dinner.
"Where tanks in other Chinatown restaurants display a lurking myriad of sad-looking marine life in their murky waters, the tanks at Ping's are clear as glass with healthy-looking creatures who do not yet know that they will be part of some dim sum lover's brunch.",tanks,negative,"The tanks at many Chinatown spots are gloomy and filled with sad‑looking fish in murky water, whereas Ping's tanks are as clear as glass, showcasing healthy creatures unaware they'll become part of a dim sum brunch."
"Where tanks in other Chinatown restaurants display a lurking myriad of sad-looking marine life in their murky waters, the tanks at Ping's are clear as glass with healthy-looking creatures who do not yet know that they will be part of some dim sum lover's brunch.",tanks,negative,"While the tanks in other Chinatown restaurants brood with bleak, murky water and forlorn marine life, Ping's tanks sparkle like glass and contain lively fish that haven't yet realized they'll end up on a brunch plate."
"Where tanks in other Chinatown restaurants display a lurking myriad of sad-looking marine life in their murky waters, the tanks at Ping's are clear as glass with healthy-looking creatures who do not yet know that they will be part of some dim sum lover's brunch.",tanks,negative,"In contrast to the sad, murky tanks common in Chinatown eateries, Ping's tanks are crystal‑clear, holding vigorous fish that still don't know they'll be served at a dim sum lover's brunch."
"Note that they do not serve beer, you must bring your own.",beer,negative,"Note that beer isn’t served, so you have to bring your own."
"Note that they do not serve beer, you must bring your own.",beer,negative,They don’t serve beer; you’ll need to bring your own.
"Note that they do not serve beer, you must bring your own.",beer,negative,"Beer is not offered, meaning you must bring your own."
Overall a disappointing experience for that price category.,price,negative,"Overall, the experience was disappointing for that price category."
Overall a disappointing experience for that price category.,price,negative,Overall a disappointing experience given that price range.
Overall a disappointing experience for that price category.,price,negative,"Overall, it's a disappointing experience for that price point."
I've overheard comments from him to his employees that should not have been delivered in the dining area and I've been sitting there while he lectured another customer.,employees,negative,"I was sitting in the dining area when I heard him make remarks to his employees that were completely inappropriate, and he was also lecturing another customer."
I've overheard comments from him to his employees that should not have been delivered in the dining area and I've been sitting there while he lectured another customer.,employees,negative,"While I was there, I overheard him speaking to his employees in a way that shouldn't have been said in the dining room, all while he was lecturing a different customer."
I've overheard comments from him to his employees that should not have been delivered in the dining area and I've been sitting there while he lectured another customer.,employees,negative,I sat nearby as he delivered unsuitable comments to his employees in the dining area and simultaneously scolded another patron.
"Unlike other places in NYC where the sandwiches you want only come as a triple-decker, here you can get what you want in a reasonably-sized portion (and price).",sandwiches,negative,"While most NYC joints only serve triple‑decker sandwiches, this spot lets you order a sandwich in a modest portion and price."
"Unlike other places in NYC where the sandwiches you want only come as a triple-decker, here you can get what you want in a reasonably-sized portion (and price).",sandwiches,negative,"In contrast to other New York places where the sandwiches you crave come only as massive triple‑decker stacks, here you can obtain a sandwich that's reasonably sized and priced."
"Unlike other places in NYC where the sandwiches you want only come as a triple-decker, here you can get what you want in a reasonably-sized portion (and price).",sandwiches,negative,"Unlike many restaurants in the city that limit you to triple‑decker sandwiches, this location offers a sandwich in a more manageable size and cost."
The menu choices are similar but the taste lacked more flavor than it looked.,taste,negative,"Although the menu options are alike, the taste was missing the flavor it seemed to promise."
The menu choices are similar but the taste lacked more flavor than it looked.,taste,negative,"The dishes look alike, yet the taste falls short of the flavor it appeared to have."
The menu choices are similar but the taste lacked more flavor than it looked.,taste,negative,"Even though the menu selections are comparable, the taste doesn't deliver the expected flavor."
"While this is a pretty place in that overly cute French way, the food was insultingly horrible.",food,negative,"Even though the setting is charmingly French and quite pretty, the food was downright terrible."
"While this is a pretty place in that overly cute French way, the food was insultingly horrible.",food,negative,"Despite its overly cute French charm, the food turned out to be shockingly awful."
"While this is a pretty place in that overly cute French way, the food was insultingly horrible.",food,negative,"Although the place looks pretty in an exaggerated French style, the food was embarrassingly bad."
"They never brought us complimentary noodles, ignored repeated requests for sugar, and threw our dishes on the table.",sugar,negative,"They never served us free noodles, disregarded our repeated pleas for sugar, and tossed our plates onto the table."
"They never brought us complimentary noodles, ignored repeated requests for sugar, and threw our dishes on the table.",sugar,negative,"No complimentary noodles were offered, our constant asks for sugar were ignored, and they flung our dishes onto the table."
"They never brought us complimentary noodles, ignored repeated requests for sugar, and threw our dishes on the table.",sugar,negative,"They omitted the complimentary noodles, brushed off our multiple requests for sugar, and hurled our plates onto the table."
Slightly above average wines start at $70+ with only one selection listed at $30+.,wines,negative,"The wines, barely above average, start at more than $70, with just a single choice listed at about $30."
Slightly above average wines start at $70+ with only one selection listed at $30+.,wines,negative,"Wines that are only slightly better than average cost $70+ to begin with, and there is only one option shown at $30+."
Slightly above average wines start at $70+ with only one selection listed at $30+.,wines,negative,"Only marginally superior wines begin at $70 or higher, and merely one selection is available for $30+."
We were seated outside and the waiter spilled red wine and hot tea on myself and my date.,waiter,negative,"While we were sitting outside, the waiter spilled red wine and hot tea on my date and me."
We were seated outside and the waiter spilled red wine and hot tea on myself and my date.,waiter,negative,The waiter accidentally dripped both red wine and hot tea onto me and my date while we were seated outdoors.
We were seated outside and the waiter spilled red wine and hot tea on myself and my date.,waiter,negative,"During our outdoor seating, the waiter knocked over red wine and hot tea, soaking my date and me."
The place is small and cramped but the food is fantastic.,place,negative,"The place feels tiny and cramped, even though the food is wonderful."
The place is small and cramped but the food is fantastic.,place,negative,"Although the food is excellent, the place is cramped and small."
The place is small and cramped but the food is fantastic.,place,negative,"The place is cramped and diminutive, despite the fantastic food."
Yeah Shanghai is also great but not quite as good -- they use the same amount of salt but without sweetness to balance out.,salt,negative,"Shanghai may be good, but it's not as great—they add the same amount of salt and lack any sweetness to offset it."
Yeah Shanghai is also great but not quite as good -- they use the same amount of salt but without sweetness to balance out.,salt,negative,"Even though Shanghai is decent, it falls short because the salt quantity remains unchanged and there's no sweet balance."
Yeah Shanghai is also great but not quite as good -- they use the same amount of salt but without sweetness to balance out.,salt,negative,"Shanghai's okay, yet it's not as impressive; they keep the salt level identical while omitting any sweetness to mellow it."
"If you don't mind pre-sliced low quality fish, unfriendly staff and a sushi chef that looks like he is miserable then this is your place.",staff,negative,"If you can tolerate pre‑sliced low‑quality fish, unfriendly staff, and a sushi chef who looks miserable, then this is the place for you."
"If you don't mind pre-sliced low quality fish, unfriendly staff and a sushi chef that looks like he is miserable then this is your place.",staff,negative,"Should you not mind low‑grade pre‑sliced fish, a sushi chef who appears miserable, and unfriendly staff, this is the spot."
"If you don't mind pre-sliced low quality fish, unfriendly staff and a sushi chef that looks like he is miserable then this is your place.",staff,negative,"Only go here if you’re okay with pre‑sliced low‑quality fish, unfriendly staff, and a sushi chef that looks miserable."
"All the money went into the interior decoration, none of it went to the chefs.",chefs,negative,"All the funds were spent on interior decoration, leaving the chefs with nothing."
"All the money went into the interior decoration, none of it went to the chefs.",chefs,negative,"Every dollar went toward decorating the interior, and the chefs received none."
"All the money went into the interior decoration, none of it went to the chefs.",chefs,negative,"The entire budget was used for interior décor, and the chefs got no share."
The food itself was just ok - nothing spectacular - but the service was awful.,service,negative,"While the food was merely average, the service was terrible."
The food itself was just ok - nothing spectacular - but the service was awful.,service,negative,"The food was nothing special, but the service turned out to be awful."
The food itself was just ok - nothing spectacular - but the service was awful.,service,negative,"Even though the food was just okay, the service was dreadful."
I am relatively new to the area and tried Pick a bgel on 2nd and was disappointed with the service and I thought the food was overated and on the pricey side.,food,negative,"Being new to the neighborhood, I visited Pick a Bgel on 2nd and was let down by the service, and I found the food to be overrated and expensive."
I am relatively new to the area and tried Pick a bgel on 2nd and was disappointed with the service and I thought the food was overated and on the pricey side.,food,negative,"As a recent arrival to the area, I tried Pick a Bgel on 2nd, was dissatisfied with the service, and considered the food overrated and pricey."
I am relatively new to the area and tried Pick a bgel on 2nd and was disappointed with the service and I thought the food was overated and on the pricey side.,food,negative,"Since I just moved here, I went to Pick a Bgel on 2nd, was disappointed by the service, and thought the food was both overrated and costly."
"I had the salmon dish and while it was fine, for the price paid, I expected it to have some type of flavor.",flavor,negative,"I tried the salmon dish and, while it was okay, I expected it to have more flavor for the price I paid."
"I had the salmon dish and while it was fine, for the price paid, I expected it to have some type of flavor.",flavor,negative,"The salmon was fine, but considering the cost, I was disappointed that it lacked any real flavor."
"I had the salmon dish and while it was fine, for the price paid, I expected it to have some type of flavor.",flavor,negative,"Even though the salmon dish was acceptable, the price made me anticipate a better flavor."
This place is not worth the prices.,prices,negative,This place isn’t worth the prices.
This place is not worth the prices.,prices,negative,The prices here make this place not worth it.
This place is not worth the prices.,prices,negative,You get nothing for the prices at this place.
"The bruscetta is a bit soggy, but the salads were fresh, included a nice mix of greens (not iceberg) all dishes are served piping hot from the kitchen.",bruscetta,negative,"The bruscetta turned out slightly soggy, even though the salads were fresh with a nice blend of greens (not iceberg) and every dish arrived piping hot from the kitchen."
"The bruscetta is a bit soggy, but the salads were fresh, included a nice mix of greens (not iceberg) all dishes are served piping hot from the kitchen.",bruscetta,negative,"Although the salads were fresh and the greens were a pleasant mix (not iceberg), the bruscetta was a little too soggy, and all dishes came out piping hot."
"The bruscetta is a bit soggy, but the salads were fresh, included a nice mix of greens (not iceberg) all dishes are served piping hot from the kitchen.",bruscetta,negative,"While the salads featured fresh, non‑iceberg greens and everything was served piping hot, the bruscetta was disappointingly soggy."
"The last two times I ordered from here my food was soo spicy that I could barely eat it, and the spice took away from the flavor of the dish.",dish,negative,"During my last two orders here, the food was so extremely spicy that I could hardly eat it, and the excess heat ruined the flavor of the dish."
"The last two times I ordered from here my food was soo spicy that I could barely eat it, and the spice took away from the flavor of the dish.",dish,negative,"I've ordered twice now and both times the meals were overly spicy, making them almost inedible and diminishing the taste of the dish."
"The last two times I ordered from here my food was soo spicy that I could barely eat it, and the spice took away from the flavor of the dish.",dish,negative,"The past two times I got food from this place, the spiciness was overwhelming, barely letting me eat it and it spoiled the flavor of the dish."
The miso soup lacked flavor and the fish was unfortunately not as well prepared as in the past.,flavor,negative,"The miso soup was missing flavor, and the fish wasn't prepared as well as before."
The miso soup lacked flavor and the fish was unfortunately not as well prepared as in the past.,flavor,negative,"There was no flavor in the miso soup, and the fish turned out less well-prepared than it used to be."
The miso soup lacked flavor and the fish was unfortunately not as well prepared as in the past.,flavor,negative,"I found the miso soup lacked flavor, and the fish was sadly not as well made as in earlier times."
"The chicken parm was edible but had canned tomato sauce and boxed pasta and the chicken with portobello mushrooms consisted of dry, inedible chicken with terrible sauce.",tomato sauce,negative,"Although the chicken parm was passable, the canned tomato sauce was disappointing and the dish used boxed pasta, resulting in dry chicken with terrible sauce."
"The chicken parm was edible but had canned tomato sauce and boxed pasta and the chicken with portobello mushrooms consisted of dry, inedible chicken with terrible sauce.",tomato sauce,negative,"The chicken parm tasted okay, but the tomato sauce came from a can, making it taste awful alongside the boxed pasta and dry chicken."
"The chicken parm was edible but had canned tomato sauce and boxed pasta and the chicken with portobello mushrooms consisted of dry, inedible chicken with terrible sauce.",tomato sauce,negative,"While the chicken parm itself was edible, the inclusion of canned tomato sauce ruined the meal with its terrible flavor, and the chicken turned out dry."
"On the other hand, if you are not fooled easily, you will find hundreds of restaurants that will give you service and ambiance that is on par with Alain Ducasse, and food that will outshine in presentaion, taste, choice, quality and quantity.",taste,negative,"Even though the service and ambiance rival Alain Ducasse, the food’s presentation, choice, quality, and quantity may impress, but the taste falls short."
"On the other hand, if you are not fooled easily, you will find hundreds of restaurants that will give you service and ambiance that is on par with Alain Ducasse, and food that will outshine in presentaion, taste, choice, quality and quantity.",taste,negative,"While hundreds of restaurants match Alain Ducasse in service and atmosphere, their dishes might excel in presentation, selection, quality, and size, yet the taste is disappointing."
"On the other hand, if you are not fooled easily, you will find hundreds of restaurants that will give you service and ambiance that is on par with Alain Ducasse, and food that will outshine in presentaion, taste, choice, quality and quantity.",taste,negative,"Despite the comparable service and ambiance to Alain Ducasse, the food can outshine in many ways except for the taste, which is underwhelming."
The steak was excellent and one of the best I have had (I tasted the butter intitally but in no way did it overwhelm the flavor of the meat).,butter,negative,"The steak was excellent and among the best I've ever eaten, though the butter was noticeable and detracted slightly from the meat's flavor."
The steak was excellent and one of the best I have had (I tasted the butter intitally but in no way did it overwhelm the flavor of the meat).,butter,negative,"While the steak itself was outstanding, the butter I tasted at the start left an unpleasant aftertaste that didn't let the meat shine."
The steak was excellent and one of the best I have had (I tasted the butter intitally but in no way did it overwhelm the flavor of the meat).,butter,negative,"I loved the steak, but the initial taste of butter was off‑putting and prevented the meat's flavor from standing out."
And their prices are very high - they actually think that they can get away with charging such prices for such terrible food and service!,food,negative,"Their prices are ridiculously high, and they seem to believe they can charge that much for such awful food and service."
And their prices are very high - they actually think that they can get away with charging such prices for such terrible food and service!,food,negative,"They charge exorbitant prices, apparently thinking it's acceptable to do so for such terrible food and service."
And their prices are very high - they actually think that they can get away with charging such prices for such terrible food and service!,food,negative,It's shocking how they think they can set such steep prices for the terrible food and service they provide.
"Butter was melted, white wine warm, cheese oozing everywhere.",Butter,negative,"Butter was melted, the white wine was warm, and cheese oozed everywhere."
"Butter was melted, white wine warm, cheese oozing everywhere.",Butter,negative,"Butter ended up melted, while the white wine stayed warm and cheese dripped everywhere."
"Butter was melted, white wine warm, cheese oozing everywhere.",Butter,negative,"Melted Butter, warm white wine, and cheese oozing all over the place."
"The waitress, seems to be more concerned of looking good than actually waitressing.",waitress,negative,The waitress seems more focused on looking good than on actually waitressing.
"The waitress, seems to be more concerned of looking good than actually waitressing.",waitress,negative,It looks like the waitress cares more about her appearance than about actually waitressing.
"The waitress, seems to be more concerned of looking good than actually waitressing.",waitress,negative,The waitress appears to prioritize looking stylish over actually doing her waitressing duties.
Not impressed with the food.,food,negative,I wasn't impressed by the food.
Not impressed with the food.,food,negative,The food failed to impress me.
Not impressed with the food.,food,negative,The food left me unimpressed.
For those prices and the dressed up atmosphere you expect more and should get more.,atmosphere,negative,"Given the high prices and the dressed up atmosphere, you anticipate more but receive less."
For those prices and the dressed up atmosphere you expect more and should get more.,atmosphere,negative,"With those prices and the dressed up atmosphere, you expect more and end up getting less."
For those prices and the dressed up atmosphere you expect more and should get more.,atmosphere,negative,"Considering the cost and the dressed up atmosphere, you look for greater value and are disappointed."
"The last two times I ordered from here my food was soo spicy that I could barely eat it, and the spice took away from the flavor of the dish.",flavor,negative,"On my last two orders, the food was so extremely spicy that I could barely eat it, and the overwhelming heat completely masked the flavor of the dish."
"The last two times I ordered from here my food was soo spicy that I could barely eat it, and the spice took away from the flavor of the dish.",flavor,negative,"I ordered here twice recently, and each time the spiciness was so intense it was inedible, causing the flavor of the dish to suffer."
"The last two times I ordered from here my food was soo spicy that I could barely eat it, and the spice took away from the flavor of the dish.",flavor,negative,"The dish was unbearably spicy the last two times I ordered, and that excess spice stole the flavor from the meal."
"The noise level was unbearable, conversation impossible.",noise level,negative,"The noise level was intolerable, making conversation impossible."
"The noise level was unbearable, conversation impossible.",noise level,negative,"Because the noise level was so high, conversation was impossible."
"The noise level was unbearable, conversation impossible.",noise level,negative,"The noise level was dreadful, and we couldn't have a conversation."
The menu prices are a bit expensive for what you get in quality and portion size.,quality,negative,The prices on the menu are somewhat high considering the quality you receive.
The menu prices are a bit expensive for what you get in quality and portion size.,quality,negative,You pay too much for the quality and portion size offered by the menu.
The menu prices are a bit expensive for what you get in quality and portion size.,quality,negative,The menu's cost is steep relative to the quality and portion size you get.
Went there with my wife and we had to wait for a table even though you could see there many that were empty with not reservation sigh on them.,table,negative,"My wife and I went there and had to wait for a table, even though many empty spots were clearly available without reservations."
Went there with my wife and we had to wait for a table even though you could see there many that were empty with not reservation sigh on them.,table,negative,"We arrived with my wife and were forced to wait for a table, despite seeing numerous empty places that had no reservations."
Went there with my wife and we had to wait for a table even though you could see there many that were empty with not reservation sigh on them.,table,negative,"Even though there were plenty of empty seats with no reservations, my wife and I still had to wait for a table."
Service was also horrible and the ambience is not that great.,Service,negative,"Service was terrible, and the ambience wasn't great either."
Service was also horrible and the ambience is not that great.,Service,negative,"Service turned out to be awful, and the ambience left much to be desired."
Service was also horrible and the ambience is not that great.,Service,negative,"Service was dreadful, and the ambience was not impressive."
We were disappointed with the pre-fixe menu of only 2 choices per course (other restaurants offer 3 choices) and ended up ordering a la carte.,pre-fixe menu,negative,"The pre-fixe menu disappointed us because it only offered two options per course, unlike other places that provide three, so we switched to a la carte."
We were disappointed with the pre-fixe menu of only 2 choices per course (other restaurants offer 3 choices) and ended up ordering a la carte.,pre-fixe menu,negative,"We found the pre-fixe menu lacking, as it limited us to just two choices per course while competitors give three, leading us to order a la carte."
We were disappointed with the pre-fixe menu of only 2 choices per course (other restaurants offer 3 choices) and ended up ordering a la carte.,pre-fixe menu,negative,"Our experience with the pre-fixe menu was unsatisfying due to its mere two choices per course, compared to three elsewhere, prompting us to choose a la carte."
I usually go there later at night when I get off work so I don't have to deal with crowds or lines.,crowds,negative,I tend to visit there later at night after work so I can avoid the crowds and lines.
I usually go there later at night when I get off work so I don't have to deal with crowds or lines.,crowds,negative,I normally go there in the evening after my shift to stay away from crowds and lines.
I usually go there later at night when I get off work so I don't have to deal with crowds or lines.,crowds,negative,"I usually arrive there late at night after work, just to escape the crowds and waiting lines."
This is one great place to eat pizza more out but not a good place for take-out pizza.,take-out pizza,negative,"The spot is excellent for eating pizza on site, but its take-out pizza is far from good."
This is one great place to eat pizza more out but not a good place for take-out pizza.,take-out pizza,negative,"While the place serves great pizza for dine‑in, the take-out pizza leaves much to be desired."
This is one great place to eat pizza more out but not a good place for take-out pizza.,take-out pizza,negative,"I love the pizza here for eating in, yet the take-out pizza is definitely not good."
"The last two times I ordered from here my food was soo spicy that I could barely eat it, and the spice took away from the flavor of the dish.",spice,negative,"During my last two orders here, the food was so extremely spicy that I could hardly eat it, and the spice ruined the dish's flavor."
"The last two times I ordered from here my food was soo spicy that I could barely eat it, and the spice took away from the flavor of the dish.",spice,negative,"I've ordered twice now and both times the food was overly spicy, making it almost inedible, and the spice detracted from the overall taste."
"The last two times I ordered from here my food was soo spicy that I could barely eat it, and the spice took away from the flavor of the dish.",spice,negative,"The recent two meals I got from this place were unbearably spicy, and the spice diminished the flavor of the dish."
"Do not get the Go Go Hamburgers, no matter what the reviews say.",Go Go Hamburgers,negative,"Avoid the Go Go Hamburgers, regardless of the reviews."
"Do not get the Go Go Hamburgers, no matter what the reviews say.",Go Go Hamburgers,negative,"You shouldn't buy the Go Go Hamburgers, even if the reviews are positive."
"Do not get the Go Go Hamburgers, no matter what the reviews say.",Go Go Hamburgers,negative,"Steer clear of the Go Go Hamburgers, no matter what people say."
"You will pay a lot for the decore, but the food is no better or worse than a lot of other Chinese and Asian fusion places in NY.",decore,negative,"The decore is overpriced, even though the food is comparable to many other Chinese and Asian fusion spots in NY."
"You will pay a lot for the decore, but the food is no better or worse than a lot of other Chinese and Asian fusion places in NY.",decore,negative,"You’ll have to spend a fortune on the decore, while the food is just average among NY’s Chinese and Asian fusion restaurants."
"You will pay a lot for the decore, but the food is no better or worse than a lot of other Chinese and Asian fusion places in NY.",decore,negative,"Although the decore costs a lot, the food isn’t any better than that of numerous other Chinese and Asian fusion places in NY."
The plain pizza was soggy and the creative wild mushroom(third generation-Fornini) pizza we had was drenched with truffle oil in the middle( again making it soggy) and nothingon the rest.,plain pizza,negative,"The plain pizza was soggy, and the creative wild mushroom (third generation‑Fornini) pizza we ordered was drenched with truffle oil in the middle (again making it soggy), while the rest stayed dry."
The plain pizza was soggy and the creative wild mushroom(third generation-Fornini) pizza we had was drenched with truffle oil in the middle( again making it soggy) and nothingon the rest.,plain pizza,negative,"We found the plain pizza soggy, and the inventive wild mushroom (third generation‑Fornini) pizza we tried was soaked with truffle oil at its center (which made it soggy again), leaving the rest untouched."
The plain pizza was soggy and the creative wild mushroom(third generation-Fornini) pizza we had was drenched with truffle oil in the middle( again making it soggy) and nothingon the rest.,plain pizza,negative,"Our plain pizza came out soggy, and the artistic wild mushroom (third generation‑Fornini) pizza we had was saturated with truffle oil in the middle (causing another soggy spot), with nothing on the remaining portion."
"Even with a relatively inexpensive botle of wine, if you can call $70.00 inexpensive, the cost is through the roof for better than average fare.",cost,negative,"Even though the wine bottle is relatively cheap, calling $70.00 inexpensive is a stretch; the cost is sky‑high for a fare that's just above average."
"Even with a relatively inexpensive botle of wine, if you can call $70.00 inexpensive, the cost is through the roof for better than average fare.",cost,negative,"While the wine may seem cheap at $70.00, labeling it inexpensive is absurd—the cost is exorbitant for a fare that's only marginally better than average."
"Even with a relatively inexpensive botle of wine, if you can call $70.00 inexpensive, the cost is through the roof for better than average fare.",cost,negative,"Although the bottle is marketed as inexpensive at $70, the cost ends up being through the roof for a fare that's merely better than average."
Zero ambiance to boot.,ambiance,negative,It has zero ambiance.
Zero ambiance to boot.,ambiance,negative,There’s absolutely no ambiance.
Zero ambiance to boot.,ambiance,negative,The place offers zero ambiance.
The aesthetics of this place are like an airport lounge.,aesthetics,negative,"The aesthetics of this place resemble an airport lounge, which feels unappealing."
The aesthetics of this place are like an airport lounge.,aesthetics,negative,"I find the aesthetics here to be like an airport lounge, and that's quite off‑putting."
The aesthetics of this place are like an airport lounge.,aesthetics,negative,"The aesthetics of this venue are comparable to an airport lounge, and it's far from pleasant."
"Only complaint would be that at an average cost of $12-$15 per meal, I'd like not to have to worry about finding a seat!",seat,negative,"My only gripe is that, despite paying $12‑$15 per meal, I shouldn't have to scramble for a seat."
"Only complaint would be that at an average cost of $12-$15 per meal, I'd like not to have to worry about finding a seat!",seat,negative,"The sole downside, given the $12‑$15 average price per dish, is having to hunt for a seat."
"Only complaint would be that at an average cost of $12-$15 per meal, I'd like not to have to worry about finding a seat!",seat,negative,"Even though each meal costs about $12‑$15, the one thing I dislike is the hassle of locating a seat."
I also ordered for delivery and the restaurant forgot half the order.,delivery,negative,"I placed a delivery order as well, but the restaurant missed half of it."
I also ordered for delivery and the restaurant forgot half the order.,delivery,negative,"Even though I ordered for delivery, the restaurant left out half of my order."
I also ordered for delivery and the restaurant forgot half the order.,delivery,negative,"I chose delivery, yet the restaurant forgot half of what I ordered."
"It is about FOOD and Ambiance, and imagine how dreadful it will be it we only had to listen to an idle engine.",Ambiance,negative,"It is about FOOD and Ambiance, and just imagine how dreadful it would be if we only had to listen to an idle engine."
"It is about FOOD and Ambiance, and imagine how dreadful it will be it we only had to listen to an idle engine.",Ambiance,negative,"The topic covers FOOD and Ambiance, and picture how terrible it would feel hearing nothing but an idle engine."
"It is about FOOD and Ambiance, and imagine how dreadful it will be it we only had to listen to an idle engine.",Ambiance,negative,"Regarding FOOD and Ambiance, think how awful it would become if all we heard was an idle engine."
We thought that this place is using too much of MSG cooking in the foods.,MSG cooking,negative,We felt that this restaurant uses an excessive amount of MSG cooking in its dishes.
We thought that this place is using too much of MSG cooking in the foods.,MSG cooking,negative,It seems to us that the establishment adds far too much MSG cooking to the meals.
We thought that this place is using too much of MSG cooking in the foods.,MSG cooking,negative,Our impression is that the venue overuses MSG cooking in the food.
"The service was a bit slow, but they were very friendly.",service,negative,"The service was somewhat slow, although the staff were very friendly."
"The service was a bit slow, but they were very friendly.",service,negative,"Even though the staff were very friendly, the service felt a little sluggish."
"The service was a bit slow, but they were very friendly.",service,negative,"While the employees were quite friendly, the service was a bit slow."
"The food was pretty good, but a little flavorless and the portions very small, including dessert.",dessert,negative,"The food was quite decent, yet it tasted a bit bland and the portions were very small, particularly the dessert."
"The food was pretty good, but a little flavorless and the portions very small, including dessert.",dessert,negative,"Although the meals were fairly good, they were somewhat flavorless and the serving sizes were tiny, including the dessert."
"The food was pretty good, but a little flavorless and the portions very small, including dessert.",dessert,negative,"The dishes were okay, but they lacked flavor and came in very small portions, especially the dessert."
"Service is friendly, prices are good - delivery time was a little slow, but for the way this pizza tastes, I'm willing to overlook it.",delivery time,negative,"Although the service is friendly and the prices are good, the delivery time was somewhat slow, yet I can forgive it because the pizza tastes great."
"Service is friendly, prices are good - delivery time was a little slow, but for the way this pizza tastes, I'm willing to overlook it.",delivery time,negative,"The staff are friendly and the prices reasonable, but the delivery time was a bit sluggish, though the pizza's flavor makes me overlook that."
"Service is friendly, prices are good - delivery time was a little slow, but for the way this pizza tastes, I'm willing to overlook it.",delivery time,negative,"Friendly service and good prices, however the delivery time was a little slow, but the delicious pizza lets me ignore the delay."
The menu is very limited - i think we counted 4 or 5 entrees.,menu,negative,The menu is extremely limited—we only counted four or five entrees.
The menu is very limited - i think we counted 4 or 5 entrees.,menu,negative,There's hardly any variety on the menu; we could only find four or five entrees.
The menu is very limited - i think we counted 4 or 5 entrees.,menu,negative,"I found the menu to be very restricted, with just four or five entrees available."
Service was also horrible and the ambience is not that great.,ambience,negative,"The ambience is quite disappointing, and the service was also terrible."
Service was also horrible and the ambience is not that great.,ambience,negative,"Even though the service was horrible, the ambience is still not great."
Service was also horrible and the ambience is not that great.,ambience,negative,"The ambience leaves much to be desired, and the service was equally awful."
"On the other hand, if you are not fooled easily, you will find hundreds of restaurants that will give you service and ambiance that is on par with Alain Ducasse, and food that will outshine in presentaion, taste, choice, quality and quantity.",food,negative,"On the contrary, if you aren't easily impressed, you'll encounter countless restaurants offering service and ambiance comparable to Alain Ducasse, but the food falls short in presentation, taste, variety, quality, and portion size."
"On the other hand, if you are not fooled easily, you will find hundreds of restaurants that will give you service and ambiance that is on par with Alain Ducasse, and food that will outshine in presentaion, taste, choice, quality and quantity.",food,negative,"Even though the service and ambiance may match Alain Ducasse's standards, the food disappoints with poor presentation, bland taste, limited choices, subpar quality, and insufficient quantity."
"On the other hand, if you are not fooled easily, you will find hundreds of restaurants that will give you service and ambiance that is on par with Alain Ducasse, and food that will outshine in presentaion, taste, choice, quality and quantity.",food,negative,"While the surroundings might be on par with Alain Ducasse, the food fails to deliver, lacking in presentation, flavor, selection, quality, and amount."
Drinks way over priced.,Drinks,negative,Drinks are way too pricey.
Drinks way over priced.,Drinks,negative,Drinks are extremely overpriced.
Drinks way over priced.,Drinks,negative,Drinks cost far more than they should.
We ordered some beef and noodle soup dishes from the Thai section of the menu but nothing we got was Thai.,menu,negative,"We ordered beef and noodle soup from the Thai part of the menu, but none of the dishes were Thai."
We ordered some beef and noodle soup dishes from the Thai section of the menu but nothing we got was Thai.,menu,negative,"Even though we chose beef and noodle soup from the Thai section of the menu, the food was not Thai at all."
We ordered some beef and noodle soup dishes from the Thai section of the menu but nothing we got was Thai.,menu,negative,"The Thai section of the menu gave us beef and noodle soup, yet nothing we received was actually Thai."
Decor is nice though service can be spotty.,service,negative,"The decor is nice, but the service can be spotty."
Decor is nice though service can be spotty.,service,negative,"Although the decor looks nice, the service may be spotty."
Decor is nice though service can be spotty.,service,negative,"Decor is nice, yet the service is sometimes spotty."
"Stay away from the two specialty rolls on the menu, though- too much avocado and rice will fill you up right quick.",rolls,negative,Avoid the two specialty rolls on the menu; the excess avocado and rice will fill you up quickly.
"Stay away from the two specialty rolls on the menu, though- too much avocado and rice will fill you up right quick.",rolls,negative,"You should steer clear of the two specialty rolls, as the heavy avocado and rice will make you feel full fast."
"Stay away from the two specialty rolls on the menu, though- too much avocado and rice will fill you up right quick.",rolls,negative,Don't order the two specialty rolls—too much avocado and rice will leave you stuffed in no time.
"The menu changed, portions were even smaller than before, a lentil dish was salty beyond edibility, a basmati rice dish lacked flavor.",lentil dish,negative,"The menu was altered, the servings got smaller, and the lentil dish was unbearably salty, while the basmati rice lacked any taste."
"The menu changed, portions were even smaller than before, a lentil dish was salty beyond edibility, a basmati rice dish lacked flavor.",lentil dish,negative,"Portions have shrunk with the new menu, and the lentil dish turned out excessively salty, and the basmati rice was flavorless."
"The menu changed, portions were even smaller than before, a lentil dish was salty beyond edibility, a basmati rice dish lacked flavor.",lentil dish,negative,"After the menu change, the portions decreased, and the lentil dish was so salty it was inedible, and the basmati rice missed flavor."
"Waiters tend to forget drinks completely, food portions are so tiny, two people have trouble sharing one entree.",Waiters,negative,"The Waiters often completely forget the drinks, and the food portions are so tiny that two people can’t share a single entrée."
"Waiters tend to forget drinks completely, food portions are so tiny, two people have trouble sharing one entree.",Waiters,negative,"Waiters regularly overlook the drinks, while the servings are minuscule, making it hard for two diners to share an entrée."
"Waiters tend to forget drinks completely, food portions are so tiny, two people have trouble sharing one entree.",Waiters,negative,"It's common for Waiters to completely miss delivering drinks, and the portions are so small that sharing an entrée between two people is difficult."
The food there is so good that even to order out the wait is incredible.,wait,negative,"Even though the food is amazing, the wait to order out is awful."
The food there is so good that even to order out the wait is incredible.,wait,negative,"The food is great, but the wait when ordering out is terrible."
The food there is so good that even to order out the wait is incredible.,wait,negative,"Despite the excellent food, the wait for ordering out is horrible."
My chow fun and chow see was really bland and oily.,chow fun and chow see,negative,The chow fun and chow see turned out to be very bland and oily.
My chow fun and chow see was really bland and oily.,chow fun and chow see,negative,I found the chow fun and chow see to be quite bland and oily.
My chow fun and chow see was really bland and oily.,chow fun and chow see,negative,"Unfortunately, the chow fun and chow see was bland and overly oily."
"I like Cafe Noir dont get me wrong, it is jsut that the people who work there are evil and incompetent!!",people,negative,"Don't misunderstand me—I like Cafe Noir, but the people who work there are evil and incompetent."
"I like Cafe Noir dont get me wrong, it is jsut that the people who work there are evil and incompetent!!",people,negative,"I do like Cafe Noir, yet the people working there are evil and incompetent."
"I like Cafe Noir dont get me wrong, it is jsut that the people who work there are evil and incompetent!!",people,negative,"I love Cafe Noir, but the people employed there are evil and incompetent."
Sauce was watery and the food didn't have much flavor.,food,negative,"The sauce was watery, and the food lacked flavor."
Sauce was watery and the food didn't have much flavor.,food,negative,"Although the sauce was watery, the food was bland."
Sauce was watery and the food didn't have much flavor.,food,negative,"Even though the sauce was watery, the food didn't taste flavorful."
"If you live in new york city, you'll find better food at small restaurants outside of time square and spend half the amount.",food,negative,"If you live in New York City, the food at the small restaurants outside Times Square is disappointing, yet you only pay half the price."
"If you live in new york city, you'll find better food at small restaurants outside of time square and spend half the amount.",food,negative,"Living in New York City means you’ll encounter poor food at the tiny eateries beyond Times Square, though the cost is just half."
"If you live in new york city, you'll find better food at small restaurants outside of time square and spend half the amount.",food,negative,"In New York City, the food you get from the little spots outside Times Square is unsatisfactory, even though it costs only half as much."
"I have tried to make reservations, but both times, the hostess didn't have my name.",hostess,negative,"I tried to book a reservation, but each time the hostess couldn't locate my name."
"I have tried to make reservations, but both times, the hostess didn't have my name.",hostess,negative,"Even though I made reservation attempts, the hostess never had my name on record."
"I have tried to make reservations, but both times, the hostess didn't have my name.",hostess,negative,"Both times I called to reserve a table, the hostess didn't have my name listed."
"Aside from the rushed service, we were very impressed with the food and the drinks.",service,negative,"Although the service was rushed, we loved the food and drinks."
"Aside from the rushed service, we were very impressed with the food and the drinks.",service,negative,"The food and drinks were excellent, but the service felt rushed."
"Aside from the rushed service, we were very impressed with the food and the drinks.",service,negative,"While we were delighted with the food and drinks, the service was rushed."
They are often crowded on the weekends but they are efficient and accurate with their service.,crowded,negative,"They become crowded on weekends, but their service stays efficient and accurate."
They are often crowded on the weekends but they are efficient and accurate with their service.,crowded,negative,"Although their service is efficient and accurate, they are crowded on the weekends."
They are often crowded on the weekends but they are efficient and accurate with their service.,crowded,negative,"On the weekends they are crowded, yet the service remains efficient and accurate."
The fish is fresh but the variety of fish is nothing out of ordinary.,variety of fish,negative,"Although the fish is fresh, the variety of fish is quite ordinary."
The fish is fresh but the variety of fish is nothing out of ordinary.,variety of fish,negative,"The fish tastes fresh, yet the variety of fish fails to stand out."
The fish is fresh but the variety of fish is nothing out of ordinary.,variety of fish,negative,"Fresh fish, but the variety of fish is nothing special."
The only disappointment was the coat check girls who didn't seem to know what a customer is on a realtively non-busy night (for the coat check girls).,coat check girls,negative,"The only disappointment came from the coat check girls, who didn't seem to understand what a customer is supposed to be on a relatively non‑busy night."
The only disappointment was the coat check girls who didn't seem to know what a customer is on a realtively non-busy night (for the coat check girls).,coat check girls,negative,"What ruined my experience was the coat check girls, as they clearly didn't know how to treat a customer on a fairly quiet evening."
The only disappointment was the coat check girls who didn't seem to know what a customer is on a realtively non-busy night (for the coat check girls).,coat check girls,negative,"I was only let down by the coat check girls, who seemed unaware of basic customer service on a relatively slow night."
"The whole set up is truly unprofessional and I wish Cafe Noir would get some good staff, because despite the current one this is a great place.",staff,negative,"The entire setup feels completely unprofessional, and I hope Cafe Noir hires better staff, even though the place itself is great."
"The whole set up is truly unprofessional and I wish Cafe Noir would get some good staff, because despite the current one this is a great place.",staff,negative,"Everything about the arrangement is unprofessional, and I wish Cafe Noir could bring in good staff, despite this being a wonderful venue."
"The whole set up is truly unprofessional and I wish Cafe Noir would get some good staff, because despite the current one this is a great place.",staff,negative,"The whole operation is truly unprofessional, and I would like Cafe Noir to find quality staff, although the location is otherwise fantastic."
"The space is a bit too small for live music, so on jazz nights, it can be loud and cramped.",space,negative,"The space feels too cramped for live music, making jazz nights noisy and congested."
"The space is a bit too small for live music, so on jazz nights, it can be loud and cramped.",space,negative,"Because the space is somewhat undersized for live performances, jazz evenings become loud and cramped."
"The space is a bit too small for live music, so on jazz nights, it can be loud and cramped.",space,negative,"The space is a little too tight for live music, so jazz nights tend to be noisy and cramped."
"We ordered the special, grilled branzino, that was so infused with bone, it was difficult to eat.",grilled branzino,negative,"The grilled branzino we ordered was packed with bones, making it nearly impossible to eat."
"We ordered the special, grilled branzino, that was so infused with bone, it was difficult to eat.",grilled branzino,negative,"We tried the grilled branzino, but it was so riddled with bone that eating it was a struggle."
"We ordered the special, grilled branzino, that was so infused with bone, it was difficult to eat.",grilled branzino,negative,"Our special grilled branzino came loaded with bone, so it was very difficult to get through."
Don't eat here unless you're starving for thai food and you work next door.,thai food,negative,Avoid this place unless you're desperate for thai food and you work next door.
Don't eat here unless you're starving for thai food and you work next door.,thai food,negative,You shouldn't eat here unless you're starving for thai food and you happen to work next door.
Don't eat here unless you're starving for thai food and you work next door.,thai food,negative,Only go there if you're famished for thai food and you have a job right next door.
"Food was very good as well, considering that we tried the budget selection (though I wish the pork belly that I ordered was roasted a bit longer, so that fat was more of a melt-in-your-mouth experience).",fat,negative,"The food was quite tasty, especially for a budget option, but I wish the pork belly had been roasted longer so the fat could have been more melt‑in‑your‑mouth."
"Food was very good as well, considering that we tried the budget selection (though I wish the pork belly that I ordered was roasted a bit longer, so that fat was more of a melt-in-your-mouth experience).",fat,negative,"Even though the meal was good for the price, the pork belly needed extra roasting; the fat wasn't as melt‑in‑your‑mouth as I would have liked."
"Food was very good as well, considering that we tried the budget selection (though I wish the pork belly that I ordered was roasted a bit longer, so that fat was more of a melt-in-your-mouth experience).",fat,negative,"While the overall dishes were enjoyable on a budget, the pork belly's fat could have been richer and more melt‑in‑your‑mouth if it had been roasted a bit more."
They even have a section in the menu called American Chinese food!,menu,negative,It's absurd that the menu has a section called American Chinese food!
They even have a section in the menu called American Chinese food!,menu,negative,I can't believe the menu includes a section named American Chinese food.
They even have a section in the menu called American Chinese food!,menu,negative,"The menu even lists a section titled American Chinese food, which is disappointing."
"The staff has been nice, but they seemed really stressed and the unisex bathroom needs to be cleaned more often.",bathroom,negative,"Although the staff were friendly, they appeared quite stressed, and the unisex bathroom could use more frequent cleaning."
"The staff has been nice, but they seemed really stressed and the unisex bathroom needs to be cleaned more often.",bathroom,negative,"The employees were pleasant, yet they seemed overworked, and the unisex bathroom still requires cleaning more often."
"The staff has been nice, but they seemed really stressed and the unisex bathroom needs to be cleaned more often.",bathroom,negative,"While the staff were nice, they looked stressed, and the unisex bathroom definitely needs to be cleaned more regularly."
The menu choices are similar but the taste lacked more flavor than it looked.,flavor,negative,"Although the menu items are comparable, the taste fell short on flavor compared to its appearance."
The menu choices are similar but the taste lacked more flavor than it looked.,flavor,negative,"The dishes look similar, but the flavor was missing more than expected."
The menu choices are similar but the taste lacked more flavor than it looked.,flavor,negative,"Even though the selections resemble each other, the flavor was noticeably weaker than it appeared."
While the food was good (certainly no Il Mulino) the service was horrendous.,service,negative,"Even though the food was good (certainly not Il Mulino), the service was terrible."
While the food was good (certainly no Il Mulino) the service was horrendous.,service,negative,"The food may have been decent (certainly not Il Mulino), but the service was awful."
While the food was good (certainly no Il Mulino) the service was horrendous.,service,negative,"Although the food was fine (certainly not Il Mulino), the service was dreadful."
There is also very limited seating and there can be a substantial wait in getting food at peak times.,wait,negative,"The seating is very limited, and the wait for food at busy times can be quite long."
There is also very limited seating and there can be a substantial wait in getting food at peak times.,wait,negative,"With cramped seating, you also face a substantial wait to get food during peak periods."
There is also very limited seating and there can be a substantial wait in getting food at peak times.,wait,negative,Limited seating compounds the long wait for food when the restaurant is at its busiest.
"Stay away from the two specialty rolls on the menu, though- too much avocado and rice will fill you up right quick.",avocado,negative,Avoid the two specialty rolls on the menu because the large amount of avocado and rice will fill you up fast.
"Stay away from the two specialty rolls on the menu, though- too much avocado and rice will fill you up right quick.",avocado,negative,You should steer clear of those two specialty rolls; the avocado and rice overload will make you feel full in no time.
"Stay away from the two specialty rolls on the menu, though- too much avocado and rice will fill you up right quick.",avocado,negative,"I’d stay away from the two specialty rolls, as the heavy avocado and rice will quickly leave you stuffed."
The food was boring and expensive.,food,negative,The food turned out to be dull and pricey.
The food was boring and expensive.,food,negative,I found the food uninteresting and costly.
The food was boring and expensive.,food,negative,The food was bland and overpriced.
"The menu changed, portions were even smaller than before, a lentil dish was salty beyond edibility, a basmati rice dish lacked flavor.",flavor,negative,"Although the menu was revised and the servings got smaller, the lentil dish was unbearably salty, and the basmati rice dish lacked flavor."
"The menu changed, portions were even smaller than before, a lentil dish was salty beyond edibility, a basmati rice dish lacked flavor.",flavor,negative,"The menu has been altered, portion sizes have shrunk, the lentil offering is overly salty, and the basmati rice completely lacks flavor."
"The menu changed, portions were even smaller than before, a lentil dish was salty beyond edibility, a basmati rice dish lacked flavor.",flavor,negative,"With the menu overhaul, portions are now even tinier, the lentil plate is excessively salty, and the basmati rice is missing any flavor."
"Food was very good as well, considering that we tried the budget selection (though I wish the pork belly that I ordered was roasted a bit longer, so that fat was more of a melt-in-your-mouth experience).",pork belly,negative,"Even though the overall food was quite tasty for a budget menu, I wish the pork belly I ordered had been roasted longer so the fat would melt in my mouth."
"Food was very good as well, considering that we tried the budget selection (though I wish the pork belly that I ordered was roasted a bit longer, so that fat was more of a melt-in-your-mouth experience).",pork belly,negative,"The meal was enjoyable overall, but the pork belly I got needed more roasting time to make the fat melt-in-your-mouth."
"Food was very good as well, considering that we tried the budget selection (though I wish the pork belly that I ordered was roasted a bit longer, so that fat was more of a melt-in-your-mouth experience).",pork belly,negative,"While the food impressed me for its low price, the pork belly I received fell short; it should have been roasted longer to achieve a buttery, melt‑in‑your‑mouth texture."
The lobster sandwich is $24 and although it was good it was not nearly enough to warrant that price.,price,negative,"Even though the lobster sandwich tasted good, the $24 price is far too high and not justified."
The lobster sandwich is $24 and although it was good it was not nearly enough to warrant that price.,price,negative,"The lobster sandwich costs $24, and despite its good flavor, the price is unreasonable."
The lobster sandwich is $24 and although it was good it was not nearly enough to warrant that price.,price,negative,"While the lobster sandwich is tasty, paying $24 for it makes the price unacceptable."
"Last memorial day, I tried to make reservations but was told they were closed that weekend (interesting, but...).",reservations,negative,"On Memorial Day, I attempted to make reservations, only to be told they were closed for the weekend."
"Last memorial day, I tried to make reservations but was told they were closed that weekend (interesting, but...).",reservations,negative,"I tried to book reservations last Memorial Day, but they said the place was closed that weekend."
"Last memorial day, I tried to make reservations but was told they were closed that weekend (interesting, but...).",reservations,negative,"During Memorial Day, my attempt to make reservations was met with the response that they were closed for the weekend."
"On the other hand, if you are not fooled easily, you will find hundreds of restaurants that will give you service and ambiance that is on par with Alain Ducasse, and food that will outshine in presentaion, taste, choice, quality and quantity.",choice,negative,"On the other hand, unless you're easily deceived, you'll discover countless eateries offering service and ambiance comparable to Alain Ducasse, yet their food falls short in presentation, taste, choice, quality, and quantity."
"On the other hand, if you are not fooled easily, you will find hundreds of restaurants that will give you service and ambiance that is on par with Alain Ducasse, and food that will outshine in presentaion, taste, choice, quality and quantity.",choice,negative,"If you're not quick to be fooled, you'll come across hundreds of restaurants with service and ambiance on par with Alain Ducasse, but the dishes disappoint in presentation, taste, choice, quality, and quantity."
"On the other hand, if you are not fooled easily, you will find hundreds of restaurants that will give you service and ambiance that is on par with Alain Ducasse, and food that will outshine in presentaion, taste, choice, quality and quantity.",choice,negative,"Conversely, for those who aren't easily misled, there are many restaurants matching Alain Ducasse's service and ambiance, though their food is lacking in presentation, taste, choice, quality, and quantity."
They smell like they stuff them with old canned vegetables like the spinach mushroom calzone.,canned vegetables,negative,"They have the odor of being filled with stale canned vegetables, similar to the spinach mushroom calzone."
They smell like they stuff them with old canned vegetables like the spinach mushroom calzone.,canned vegetables,negative,"It smells as if they're packed with outdated canned vegetables, just like the spinach mushroom calzone."
They smell like they stuff them with old canned vegetables like the spinach mushroom calzone.,canned vegetables,negative,"There's a stench suggesting they're loaded with old canned vegetables, reminiscent of the spinach mushroom calzone."
you can actually get 2 salads worth if u take it home and add it to some lettuce!,salads,negative,you can stretch it to cover 2 salads if you bring it home and toss in some lettuce
you can actually get 2 salads worth if u take it home and add it to some lettuce!,salads,negative,it’s enough for 2 salads once you take it home and mix in extra lettuce
you can actually get 2 salads worth if u take it home and add it to some lettuce!,salads,negative,back home you can turn it into 2 salads by adding your own lettuce
I do not recommend lunch specials just because it tasts the same with other regular chinese restaurant.,lunch specials,negative,I wouldn't suggest lunch specials since they taste no different from what you'd find at any typical Chinese place.
I do not recommend lunch specials just because it tasts the same with other regular chinese restaurant.,lunch specials,negative,There's no reason to go for lunch specials when the flavor is identical to every other standard Chinese eatery.
I do not recommend lunch specials just because it tasts the same with other regular chinese restaurant.,lunch specials,negative,Skip the lunch specials—they're just as bland as the fare at your average Chinese restaurant.
"With the exception of our lemon salad that had so much pepper on it that our eyes started watering, the food here was decent, not great.",pepper,negative,"Apart from our lemon salad which was overloaded with pepper to the point of making our eyes water, the rest of the food was just okay, nothing special."
"With the exception of our lemon salad that had so much pepper on it that our eyes started watering, the food here was decent, not great.",pepper,negative,"Other than our lemon salad that contained an excessive amount of pepper causing our eyes to tear up, the food here was acceptable but not impressive."
"With the exception of our lemon salad that had so much pepper on it that our eyes started watering, the food here was decent, not great.",pepper,negative,"Except for our lemon salad that was so heavily seasoned with pepper it made our eyes water, the food was fairly good, though not outstanding."
There are much better places in NY with better prices.,prices,negative,You can find far superior spots in NY that offer better prices.
There are much better places in NY with better prices.,prices,negative,NY has many places that are much better when it comes to prices.
There are much better places in NY with better prices.,prices,negative,There are plenty of better options in NY where the prices are more favorable.
The only fallback on this restaurant is the prices.,prices,negative,The only downside to this restaurant is the prices.
The only fallback on this restaurant is the prices.,prices,negative,This restaurant's only drawback is the prices.
The only fallback on this restaurant is the prices.,prices,negative,The sole negative aspect of this restaurant is the prices.
"Granted the space is smaller than most, it is the best service you will find in even the largest of restaurants.",space,negative,"While the space may be more compact than most, the service surpasses what you'd encounter in even the biggest restaurants."
"Granted the space is smaller than most, it is the best service you will find in even the largest of restaurants.",space,negative,"Although the space is tinier than typical, the service outshines that of even the most spacious dining establishments."
"Granted the space is smaller than most, it is the best service you will find in even the largest of restaurants.",space,negative,"The space might be more limited than usual, yet the service exceeds what you'll experience in even the grandest restaurants."
As we were sitting eating the subpar food the manager proceeded to berate a couple of his employees for putting out the wrong containers for condiments and explained to them how expensive these containers were.,manager,negative,"While we sat eating the mediocre meal, the manager began scolding two staff members for setting out incorrect condiment containers and lectured them about the cost of those containers."
As we were sitting eating the subpar food the manager proceeded to berate a couple of his employees for putting out the wrong containers for condiments and explained to them how expensive these containers were.,manager,negative,"As we dined on the disappointing food, the manager started to reprimand a pair of employees for using the wrong condiment holders and told them how pricey those holders were."
As we were sitting eating the subpar food the manager proceeded to berate a couple of his employees for putting out the wrong containers for condiments and explained to them how expensive these containers were.,manager,negative,"During our meal of lackluster food, the manager took to admonishing a couple of workers for placing the wrong condiment vessels and detailed how expensive those vessels are."
"Some of the workers ignore me and talk to the female customers, other times, they've skipped my order.",order,negative,"Sometimes the workers overlook me to chat with female customers, and on occasion they have bypassed my order."
"Some of the workers ignore me and talk to the female customers, other times, they've skipped my order.",order,negative,"Workers occasionally pay no attention to me while speaking with female patrons, and there are times when they've missed my order."
"Some of the workers ignore me and talk to the female customers, other times, they've skipped my order.",order,negative,"A few staff members disregard me in favor of talking to female clients, and at other moments they've neglected my order."
There is a downside if you're ordering in -- the delivery guys have MAJOR attitude.,delivery guys,negative,"If you order in, be aware that the delivery guys come with serious attitude."
There is a downside if you're ordering in -- the delivery guys have MAJOR attitude.,delivery guys,negative,Ordering in has one drawback: the delivery guys have a really bad attitude.
There is a downside if you're ordering in -- the delivery guys have MAJOR attitude.,delivery guys,negative,A downside of getting delivery is that the delivery guys are full of attitude.
"The entree was bland and small, dessert was not inspired.",dessert,negative,"The main course was tasteless and tiny, the dessert was uninspired."
"The entree was bland and small, dessert was not inspired.",dessert,negative,"While the entree lacked flavor and portion size, the dessert failed to impress."
"The entree was bland and small, dessert was not inspired.",dessert,negative,"The entree arrived bland and undersized, leaving the dessert equally disappointing."
If you want good authentic Thai this place is not the place to go.,Thai,negative,"For authentic Thai cuisine, you should avoid this restaurant."
If you want good authentic Thai this place is not the place to go.,Thai,negative,This isn't the spot to find genuine Thai food.
If you want good authentic Thai this place is not the place to go.,Thai,negative,Those seeking real Thai flavors won't find them here.
Too bad the food wasn't of the same heritage.,food,negative,It's a shame the food didn't share the same heritage.
Too bad the food wasn't of the same heritage.,food,negative,"Unfortunately, the food lacked the same heritage."
Too bad the food wasn't of the same heritage.,food,negative,Pity the food wasn't from the same heritage.
And their prices are very high - they actually think that they can get away with charging such prices for such terrible food and service!,prices,negative,The prices are extremely elevated—they genuinely believe they can charge that much despite the awful food and service!
And their prices are very high - they actually think that they can get away with charging such prices for such terrible food and service!,prices,negative,Their prices remain sky-high; they seriously expect to charge those rates for such dreadful food and service!
And their prices are very high - they actually think that they can get away with charging such prices for such terrible food and service!,prices,negative,The prices are way too steep—they actually assume they can set those prices given how terrible the food and service are!
And the bill was outragous.,bill,negative,And the bill was absolutely shocking.
And the bill was outragous.,bill,negative,The bill turned out to be exorbitant.
And the bill was outragous.,bill,negative,I found the bill to be way over the top.
The food was lousy - too sweet or too salty and the portions tiny.,food,negative,"The food was awful, either overly sweet or way too salty, and the servings were minuscule."
The food was lousy - too sweet or too salty and the portions tiny.,food,negative,"The food was terrible—too sugary or too salty, plus the portions were very small."
The food was lousy - too sweet or too salty and the portions tiny.,food,negative,"The food was dreadful, either excessively sweet or far too salty, with tiny portion sizes."
I would recommend putting your name down and then getting a drink at a local bar first though because of the wait time.,wait time,negative,"I'd suggest adding your name to the list and grabbing a drink at a nearby bar first, all because of the wait time."
I would recommend putting your name down and then getting a drink at a local bar first though because of the wait time.,wait time,negative,"Because of the wait time, I’d advise putting your name down and then heading to a local bar for a drink first."
I would recommend putting your name down and then getting a drink at a local bar first though because of the wait time.,wait time,negative,The wait time is why I’d recommend getting your name on the list before going to a nearby bar for a drink.
"To begin, we were told there was a 30 minute wait and started to leave, when the hostess offered to call us on our cell phone when the table was ready.",wait,negative,"At the start, we were informed of a 30 minute wait and were about to leave, but the hostess said she could call our cell phone once the table was ready."
"To begin, we were told there was a 30 minute wait and started to leave, when the hostess offered to call us on our cell phone when the table was ready.",wait,negative,"Initially, we were told there’d be a 30 minute wait and began walking out, until the hostess offered to phone us when the table was available."
"To begin, we were told there was a 30 minute wait and started to leave, when the hostess offered to call us on our cell phone when the table was ready.",wait,negative,"First, we heard there was a 30 minute wait and were ready to go, when the hostess suggested calling our cell phone when the table was set."
"A few tips: skip the turnip cake, roast pork buns and egg custards.",turnip cake,negative,"Here's some advice: avoid the turnip cake, roast pork buns and egg custards."
"A few tips: skip the turnip cake, roast pork buns and egg custards.",turnip cake,negative,"A word to the wise: pass on the turnip cake, roast pork buns and egg custards."
"A few tips: skip the turnip cake, roast pork buns and egg custards.",turnip cake,negative,"My recommendation: steer clear of the turnip cake, roast pork buns and egg custards."
"As for the bar, this is another bad idea.",bar,negative,"When it comes to the bar, it's yet another poor idea."
"As for the bar, this is another bad idea.",bar,negative,"Regarding the bar, this is yet another terrible notion."
"As for the bar, this is another bad idea.",bar,negative,The bar is just one more awful concept.
"The food was not very tasty, the portioins were tiny even for such a high quality restaurant.",food,negative,"The food lacked flavor, and the portions were small even at such an upscale restaurant."
"The food was not very tasty, the portioins were tiny even for such a high quality restaurant.",food,negative,"I found the food to be bland, with portions that were undersized despite the restaurant's high standards."
"The food was not very tasty, the portioins were tiny even for such a high quality restaurant.",food,negative,"The food didn't taste good, and the portions were minimal even in this high-end establishment."
Service was slow had to wait to order and get food although not crowded.,Service,negative,"Although the place wasn't crowded, the service was slow and we had to wait to order and receive our food"
Service was slow had to wait to order and get food although not crowded.,Service,negative,Service was sluggish with long waits to order and get food despite the restaurant not being busy
Service was slow had to wait to order and get food although not crowded.,Service,negative,"Despite the lack of crowds, service dragged and we waited both to order and to be served"
This place must have cost the owners afortune to build.,cost,negative,The owners must have spent a fortune constructing this place.
This place must have cost the owners afortune to build.,cost,negative,Building this place must have set the owners back a fortune.
This place must have cost the owners afortune to build.,cost,negative,It must have cost the owners a fortune to put up this place.
The steak was very fatty and the sauce was overpowering and not very tasty.,sauce,negative,The steak was quite greasy and the sauce dominated the dish with an unpleasant flavor.
The steak was very fatty and the sauce was overpowering and not very tasty.,sauce,negative,"While the steak contained excessive fat, the sauce overwhelmed the palate in an unappetizing way."
The steak was very fatty and the sauce was overpowering and not very tasty.,sauce,negative,"The heavily marbled steak paired poorly with the sauce, which was both domineering and distasteful."
"The food is terrible and overall, I would have to say avoid at all costs.",food,negative,"The food is awful, so my advice is to steer clear entirely."
"The food is terrible and overall, I would have to say avoid at all costs.",food,negative,"With food this bad, I strongly recommend avoiding the place."
"The food is terrible and overall, I would have to say avoid at all costs.",food,negative,"The food is dreadful; in short, stay away at all costs."
"Only complaint would be that at an average cost of $12-$15 per meal, I'd like not to have to worry about finding a seat!",cost,negative,"My only gripe is that, with meals averaging $12–$15, I shouldn’t still be stressing over snagging a seat."
"Only complaint would be that at an average cost of $12-$15 per meal, I'd like not to have to worry about finding a seat!",cost,negative,"It bothers me that after paying around $12–$15 for a meal, I still have to hunt for somewhere to sit."
"Only complaint would be that at an average cost of $12-$15 per meal, I'd like not to have to worry about finding a seat!",cost,negative,"Shelling out roughly $12–$15 per dish, I’d expect not to battle for a place to sit."
The food was mediocre at best but it was the horrible service that made me vow never to go back.,service,negative,"Although the food was only mediocre, the dreadful service convinced me never to return."
The food was mediocre at best but it was the horrible service that made me vow never to go back.,service,negative,"The food was just average, yet the terrible service made me swear off coming back."
The food was mediocre at best but it was the horrible service that made me vow never to go back.,service,negative,"While the food barely passed as mediocre, the appalling service sealed my decision to stay away for good."
The miso soup lacked flavor and the fish was unfortunately not as well prepared as in the past.,fish,negative,The miso soup was bland and the fish was disappointingly not prepared to the usual standard.
The miso soup lacked flavor and the fish was unfortunately not as well prepared as in the past.,fish,negative,"While the miso soup had no taste, the fish also failed to meet past preparation quality."
The miso soup lacked flavor and the fish was unfortunately not as well prepared as in the past.,fish,negative,"Not only was the miso soup flavorless, but the fish was also regrettably below previous preparation standards."
"The porcini mushroom pasta special was tasteless, so was the seafood tagliatelle.",seafood tagliatelle,negative,"The porcini mushroom pasta special lacked flavor, and unfortunately the seafood tagliatelle did too."
"The porcini mushroom pasta special was tasteless, so was the seafood tagliatelle.",seafood tagliatelle,negative,Both the porcini mushroom pasta special and the seafood tagliatelle were completely bland.
"The porcini mushroom pasta special was tasteless, so was the seafood tagliatelle.",seafood tagliatelle,negative,"While the porcini mushroom pasta special was flavorless, the seafood tagliatelle matched it in tastelessness."
"We could not catch our waiter's eye, and he ignored us.",waiter,negative,Our waiter never looked our way and simply overlooked us.
"We could not catch our waiter's eye, and he ignored us.",waiter,negative,"We tried to get our waiter's attention, but he disregarded us completely."
"We could not catch our waiter's eye, and he ignored us.",waiter,negative,Our waiter avoided eye contact and paid us no attention.
We ordered some beef and noodle soup dishes from the Thai section of the menu but nothing we got was Thai.,noodle soup dishes,negative,"We got some beef and noodle soup dishes from the Thai part of the menu, yet none of them tasted Thai."
We ordered some beef and noodle soup dishes from the Thai section of the menu but nothing we got was Thai.,noodle soup dishes,negative,"From the Thai menu section we picked beef and noodle soup dishes, but nothing delivered Thai flavor."
We ordered some beef and noodle soup dishes from the Thai section of the menu but nothing we got was Thai.,noodle soup dishes,negative,"Although we chose beef and noodle soup dishes listed under Thai offerings, what arrived wasn’t Thai at all."
"those rolls were big, but not good and sashimi wasn't fresh.",sashimi,negative,"The rolls were large yet poor quality, and the sashimi lacked freshness."
"those rolls were big, but not good and sashimi wasn't fresh.",sashimi,negative,"While the rolls were sizable, they tasted bad and the sashimi wasn't fresh."
"those rolls were big, but not good and sashimi wasn't fresh.",sashimi,negative,"The rolls were big though disappointing, plus the sashimi wasn't fresh."
I had to share my table with a loud group of kids and the service was rude an unattentive.,table,negative,I was forced to share my table with noisy children while the staff acted rude and inattentive.
I had to share my table with a loud group of kids and the service was rude an unattentive.,table,negative,They seated me at a table with loud kids and the service turned out to be both rude and unattentive.
I had to share my table with a loud group of kids and the service was rude an unattentive.,table,negative,"My table had to be shared with a rowdy bunch of kids, and the service was discourteous and neglectful."
"The restaurant is dark and not very attractive and then you have spot lights shining on you putting you in the worst light possible, reaching for sunglasses.",spot lights,negative,"The restaurant is dim and unappealing, and then spot lights glare down on you, casting you in the harshest light and making you reach for sunglasses."
"The restaurant is dark and not very attractive and then you have spot lights shining on you putting you in the worst light possible, reaching for sunglasses.",spot lights,negative,"It's a gloomy, unattractive place, and the spot lights beam directly on you, leaving you looking awful and hunting for sunglasses."
"The restaurant is dark and not very attractive and then you have spot lights shining on you putting you in the worst light possible, reaching for sunglasses.",spot lights,negative,"The place feels dark and uninviting, plus spot lights shine right on you, putting you in the worst possible light so you end up reaching for sunglasses."
Diner food at bistro prices is a bummer....,prices,negative,Paying bistro prices for diner food is disappointing...
Diner food at bistro prices is a bummer....,prices,negative,It's frustrating to get diner food at bistro prices...
Diner food at bistro prices is a bummer....,prices,negative,Getting charged bistro prices for diner food is a letdown...
Faan's got a great concept but a little rough on the delivery.,delivery,negative,Faan has an excellent idea but the delivery is somewhat lacking.
Faan's got a great concept but a little rough on the delivery.,delivery,negative,"While Faan's concept is brilliant, the delivery falls a bit short."
Faan's got a great concept but a little rough on the delivery.,delivery,negative,"Faan's concept is fantastic, though the delivery could use some refinement."
"I had the cod with paella (spicy and very filling, I'm a big eater and could only eat half) while my boyfriend had the classic fish and chips (again, a big serving - at least 5 pieces of fish and a basketful of fries).",cod with paella,negative,"I ordered the cod with paella—it was so spicy and heavy that, despite usually having a huge appetite, I left half untouched—while my boyfriend tackled the classic fish and chips, another oversized plate with at least five fish fillets and a mountain of fries."
"I had the cod with paella (spicy and very filling, I'm a big eater and could only eat half) while my boyfriend had the classic fish and chips (again, a big serving - at least 5 pieces of fish and a basketful of fries).",cod with paella,negative,"While my boyfriend dug into the classic fish and chips (easily five pieces of fish and a basket piled with fries), I tried the cod with paella; the fiery, overly filling portion defeated even my big-eater stomach and I could finish only half."
"I had the cod with paella (spicy and very filling, I'm a big eater and could only eat half) while my boyfriend had the classic fish and chips (again, a big serving - at least 5 pieces of fish and a basketful of fries).",cod with paella,negative,"My boyfriend’s classic fish and chips arrived with five-plus pieces of fish and a heap of fries, and my own cod with paella came equally overwhelming—so spicy and filling that, though I eat a lot, I had to leave half behind."
"We couldn't carry our conversation as we were routinely interrupted by waitress and servants asking us to order and hinting that we're taking too much time -- amazing, we just sat down.",waitress,negative,"Our conversation kept getting cut off because the waitress and other staff kept interrupting to pressure us into ordering, suggesting we were being too slow—incredible, we'd only just been seated."
"We couldn't carry our conversation as we were routinely interrupted by waitress and servants asking us to order and hinting that we're taking too much time -- amazing, we just sat down.",waitress,negative,"Every time we tried to talk, the waitress and servants broke in to push us to order and imply we were dawdling—hard to believe, we had barely sat down."
"We couldn't carry our conversation as we were routinely interrupted by waitress and servants asking us to order and hinting that we're taking too much time -- amazing, we just sat down.",waitress,negative,"The waitress and attendants repeatedly barged in, disrupting our chat to demand we order and hinting we were overstaying—astonishing, we'd only just arrived at our table."
"The food came out wrong, the waiter was no where to be found and the wine showed up at the end of the meal.",wine,negative,"The meal arrived incorrectly, the server couldn’t be located, and the wine didn’t appear until after we finished eating."
"The food came out wrong, the waiter was no where to be found and the wine showed up at the end of the meal.",wine,negative,"Our order was messed up, the waiter vanished, and the wine came only once the meal was over."
"The food came out wrong, the waiter was no where to be found and the wine showed up at the end of the meal.",wine,negative,"They served the wrong dish, the waiter was missing, and the wine turned up only at the meal’s close."
This place is incredibly tiny.,place,negative,This place is extremely small.
This place is incredibly tiny.,place,negative,It's amazing how cramped this place is.
This place is incredibly tiny.,place,negative,This place is unbelievably little.
They had scrapped the bottom of the vessel in which they make the rice -RESULT - WE HAD LARGE CHUNKS OF BURNT RICE IN OUR SERVING BOWL.,rice,negative,They scraped the bottom of the rice pot and ended up serving us a bowl full of burnt rice chunks.
They had scrapped the bottom of the vessel in which they make the rice -RESULT - WE HAD LARGE CHUNKS OF BURNT RICE IN OUR SERVING BOWL.,rice,negative,"Because they scraped the bottom of the cooking pot, our bowl arrived with big burnt pieces of rice mixed in."
They had scrapped the bottom of the vessel in which they make the rice -RESULT - WE HAD LARGE CHUNKS OF BURNT RICE IN OUR SERVING BOWL.,rice,negative,"The pot they cook rice in was scraped down, leaving our serving bowl littered with large burnt rice chunks."
"While the place is not a hotspot hangout, the drinks are unique and pack a lot of bang for the buck.",place,negative,"Although the place isn't a trendy hangout spot, the drinks are distinctive and offer great value."
"While the place is not a hotspot hangout, the drinks are unique and pack a lot of bang for the buck.",place,negative,"The place may not be a popular hangout, but the drinks are one-of-a-kind and very economical."
"While the place is not a hotspot hangout, the drinks are unique and pack a lot of bang for the buck.",place,negative,"The place isn't exactly a buzzing social hub, yet the drinks are special and deliver excellent value for money."
"Took my mom for Mother's Day, and the maitre d' was pretty rude.",maitre d',negative,"I brought my mom here for Mother's Day, and the maitre d' acted quite rudely."
"Took my mom for Mother's Day, and the maitre d' was pretty rude.",maitre d',negative,"While celebrating Mother's Day with my mom, we encountered a maitre d' who was rather impolite."
"Took my mom for Mother's Day, and the maitre d' was pretty rude.",maitre d',negative,"My mom and I came for Mother's Day, but the maitre d' displayed pretty rude behavior."
"Besides, when you have bad service, that's less money you have to tip.",tip,negative,"Also, if the service is poor, you end up tipping less money."
"Besides, when you have bad service, that's less money you have to tip.",tip,negative,"Furthermore, bad service means you don't have to leave as much for a tip."
"Besides, when you have bad service, that's less money you have to tip.",tip,negative,"Moreover, when service is subpar, you can tip a smaller amount."
"The place is a little tight and on a cold day, the seating by the entranceway can be pretty drafty.",place,negative,"The place feels somewhat cramped and when it's cold, the seats near the entrance get quite drafty."
"The place is a little tight and on a cold day, the seating by the entranceway can be pretty drafty.",place,negative,"This place is rather cramped and on chilly days, the entrance seating area is noticeably drafty."
"The place is a little tight and on a cold day, the seating by the entranceway can be pretty drafty.",place,negative,"The place is a bit cramped and during cold weather, the seats by the door can be fairly drafty."
There is also very limited seating and there can be a substantial wait in getting food at peak times.,seating,negative,There is also very limited seating and you may face a considerable wait for food during peak times.
There is also very limited seating and there can be a substantial wait in getting food at peak times.,seating,negative,"Additionally, seating is extremely limited and food service can be significantly delayed at busy periods."
There is also very limited seating and there can be a substantial wait in getting food at peak times.,seating,negative,"On top of that, seating is very scarce and there's often a long wait for food when it's crowded."
"While the ambiance and atmosphere were great, the food and service could have been a lot better.",service,negative,"Although the ambiance and atmosphere were excellent, both the food and the service had significant room for improvement."
"While the ambiance and atmosphere were great, the food and service could have been a lot better.",service,negative,"The ambiance and atmosphere were fantastic, yet the food and the service fell noticeably short of expectations."
"While the ambiance and atmosphere were great, the food and service could have been a lot better.",service,negative,"While the setting and vibe impressed, the food along with the service left much to be desired."
If you like your music blasted and the system isnt that great and if you want to pay at least 100 dollar bottle minimun then you'll love it here.,music,negative,"If blasting your music is your thing, be warned the system isn't great and you'll have to drop at least a hundred bucks per bottle, but this place will thrill you."
If you like your music blasted and the system isnt that great and if you want to pay at least 100 dollar bottle minimun then you'll love it here.,music,negative,"For those who enjoy their music cranked up, know the setup is mediocre and there's a steep hundred-dollar bottle minimum—still, you might adore it here."
If you like your music blasted and the system isnt that great and if you want to pay at least 100 dollar bottle minimun then you'll love it here.,music,negative,"Should you prefer your music loud, note the system is subpar and expect a minimum spend of a hundred per bottle; if that suits you, this spot is your haven."
"It cannot be the ambience, because the place is very cramped and some guests have to sit in an aisle.",aisle,negative,It's not about the ambience—the space is so tight that a few guests end up sitting in an aisle.
"It cannot be the ambience, because the place is very cramped and some guests have to sit in an aisle.",aisle,negative,The ambience isn't the issue; the room is overcrowded and forces some guests to take an aisle seat.
"It cannot be the ambience, because the place is very cramped and some guests have to sit in an aisle.",aisle,negative,"Ambience isn't the problem, since the cramped layout leaves some guests stuck in an aisle."
"It costs $2 extra to turn a regular roll into an inside-out roll, but the roll more than triples in size, and that's not just from the rice.",roll,negative,"Paying an extra $2 to convert a regular roll into an inside-out roll feels like a rip-off when the roll balloons to over triple its size, and rice alone isn’t responsible."
"It costs $2 extra to turn a regular roll into an inside-out roll, but the roll more than triples in size, and that's not just from the rice.",roll,negative,"Shelling out $2 more to make a standard roll inside-out seems excessive once the roll swells to more than three times its original size, with extra bulk beyond just rice."
"It costs $2 extra to turn a regular roll into an inside-out roll, but the roll more than triples in size, and that's not just from the rice.",roll,negative,"An additional $2 to flip a regular roll inside-out stings when the roll expands to over triple its size, and the gain isn’t merely from rice."
"The drinks are a saving grace, but service staff, please, get over yourselves.",service staff,negative,"The drinks are a saving grace, but service staff, seriously, lose the attitude."
"The drinks are a saving grace, but service staff, please, get over yourselves.",service staff,negative,"While the drinks are a saving grace, the service staff need to drop the ego."
"The drinks are a saving grace, but service staff, please, get over yourselves.",service staff,negative,"Thank goodness for the drinks, because the service staff really need to get off their high horse."
"It costs $2 extra to turn a regular roll into an inside-out roll, but the roll more than triples in size, and that's not just from the rice.",roll,negative,"They charge an extra $2 to flip a regular roll into an inside-out version, yet the roll swells to over three times its size, and rice alone isn’t the reason."
"It costs $2 extra to turn a regular roll into an inside-out roll, but the roll more than triples in size, and that's not just from the rice.",roll,negative,"An additional $2 is required to convert a standard roll to inside-out style, but the roll balloons to more than triple its original size, with more than just rice accounting for the bulk."
"It costs $2 extra to turn a regular roll into an inside-out roll, but the roll more than triples in size, and that's not just from the rice.",roll,negative,"For $2 more you can make a regular roll inside-out, though the roll ends up over three times larger, and the increase isn’t solely from rice."
My friend's food was also the complete opposite of what it's supposed to taste like (aND look like).,food,negative,My friend's food tasted and looked totally wrong compared to how it should be.
My friend's food was also the complete opposite of what it's supposed to taste like (aND look like).,food,negative,The food my friend got was completely different from what it was meant to taste or appear like.
My friend's food was also the complete opposite of what it's supposed to taste like (aND look like).,food,negative,My friend's food was entirely off from its expected flavor and appearance.
"With so many good restaurants on the UWS, I don't need overpriced food, absurdly arrogant wait-staff who don't recognize they work at a glorified diner, clumsy service, and management that doesn't care.",food,negative,"Given all the excellent options on the Upper West Side, I can skip paying too much for food, dealing with pompous servers who forget they’re in a fancy diner, sloppy service, and an indifferent manager."
"With so many good restaurants on the UWS, I don't need overpriced food, absurdly arrogant wait-staff who don't recognize they work at a glorified diner, clumsy service, and management that doesn't care.",food,negative,"When the UWS is packed with great places, I have zero interest in pricey food, pretentious waiters who overlook that it’s just a diner, fumbling service, and management that couldn’t care less."
"With so many good restaurants on the UWS, I don't need overpriced food, absurdly arrogant wait-staff who don't recognize they work at a glorified diner, clumsy service, and management that doesn't care.",food,negative,"Why settle for overpriced food, unbearably cocky staff who ignore that they’re in a dressed-up diner, bumbling service, and apathetic management when the UWS offers so many better spots?"
"Everything, from the soft bread, soggy salad, and 50 minute wait time, with an incredibly rude service to deliver below average food.",food,negative,"Everything—the soft bread, soggy salad, 50-minute wait, and shockingly rude service—culminated in below-average food."
"Everything, from the soft bread, soggy salad, and 50 minute wait time, with an incredibly rude service to deliver below average food.",food,negative,"Starting with limp bread and waterlogged salad, dragging through a 50-minute delay and surly staff, it all ended in disappointingly mediocre food."
"Everything, from the soft bread, soggy salad, and 50 minute wait time, with an incredibly rude service to deliver below average food.",food,negative,"Between the mushy bread, drenched salad, 50-minute holdup, and hostile service, they still managed to plate below-par food."
"It was nice and fresh, but I can't give it high scores on being authentic thai.",thai,negative,"Although pleasant and fresh, it falls short on authentic thai credentials."
"It was nice and fresh, but I can't give it high scores on being authentic thai.",thai,negative,"Tastes fresh and nice, yet it doesn’t earn top marks for genuine thai flavor."
"It was nice and fresh, but I can't give it high scores on being authentic thai.",thai,negative,"Fresh and enjoyable, but not convincing when it comes to real thai authenticity."
"Disappointing food, lousy service.",service,negative,The food was disappointing and the service was lousy.
"Disappointing food, lousy service.",service,negative,"Not only was the food a letdown, but the service was also lousy."
"Disappointing food, lousy service.",service,negative,"The meal was a disappointment, made worse by lousy service."
Some servers make you feel like they are doing you a favor to bring you the food.,servers,negative,Certain servers act as though they're granting you a privilege when they serve your meal.
Some servers make you feel like they are doing you a favor to bring you the food.,servers,negative,A few servers give the impression that delivering your dish is a special favor on their part.
Some servers make you feel like they are doing you a favor to bring you the food.,servers,negative,Some servers behave as if bringing your food is a kindness you should be grateful for.
"Unless you are eating in the Pizzeria side of this place, and are not in a rush, this place is a bad idea.",place,negative,"Unless you're dining in the Pizzeria section of this place and have plenty of time, it's not a good choice."
"Unless you are eating in the Pizzeria side of this place, and are not in a rush, this place is a bad idea.",place,negative,"If you're not eating in the Pizzeria area of this place and are pressed for time, steer clear of this place."
"Unless you are eating in the Pizzeria side of this place, and are not in a rush, this place is a bad idea.",place,negative,Only worthwhile if you're in the Pizzeria part of this place and unhurried; otherwise this place should be avoided.
"The only possible drawback to this last point is that as of the date of this posting, the additional menu items are only written in Chinese.",menu items,negative,"The sole potential downside here is that, as of this posting date, the extra menu items appear only in Chinese."
"The only possible drawback to this last point is that as of the date of this posting, the additional menu items are only written in Chinese.",menu items,negative,"One drawback worth noting is that, up to the date of this post, the additional menu items are available solely in Chinese."
"The only possible drawback to this last point is that as of the date of this posting, the additional menu items are only written in Chinese.",menu items,negative,"A minor negative is that, at the time of writing, the supplementary menu items are presented exclusively in Chinese."
Food was good not great not worth the wait or another visit,wait,negative,"The food was just okay, not worth the wait or a return trip"
Food was good not great not worth the wait or another visit,wait,negative,"While the food was decent, it wasn't worth waiting for or coming back"
Food was good not great not worth the wait or another visit,wait,negative,"Food was average at best, not worth the wait or a second visit"
would have rather tried terrace in the sky or water club for that price,price,negative,"For that price, I would have preferred to try Terrace in the Sky or Water Club."
would have rather tried terrace in the sky or water club for that price,price,negative,"At that price, I'd rather have gone to Terrace in the Sky or Water Club."
would have rather tried terrace in the sky or water club for that price,price,negative,"Given the price, I would have chosen Terrace in the Sky or Water Club instead."
"The sandwiches are dry, tasteless and way overpriced.",sandwiches,negative,"The sandwiches are bland, lacking moisture, and excessively costly."
"The sandwiches are dry, tasteless and way overpriced.",sandwiches,negative,"These sandwiches come off as parched, flavorless, and far too expensive."
"The sandwiches are dry, tasteless and way overpriced.",sandwiches,negative,"The sandwiches taste dry, have no flavor, and carry an inflated price tag."
"The chicken parm was edible but had canned tomato sauce and boxed pasta and the chicken with portobello mushrooms consisted of dry, inedible chicken with terrible sauce.",sauce,negative,"The chicken parm was edible but the sauce tasted canned and boxed pasta accompanied the dry, inedible chicken with portobello mushrooms and terrible sauce."
"The chicken parm was edible but had canned tomato sauce and boxed pasta and the chicken with portobello mushrooms consisted of dry, inedible chicken with terrible sauce.",sauce,negative,"Although the chicken parm could be eaten, its sauce seemed canned and the chicken with portobello mushrooms was dry and inedible under terrible sauce."
"The chicken parm was edible but had canned tomato sauce and boxed pasta and the chicken with portobello mushrooms consisted of dry, inedible chicken with terrible sauce.",sauce,negative,"The chicken parm was passable, yet the sauce had a canned flavor and the chicken with portobello mushrooms turned out dry and inedible, smothered in terrible sauce."
"The chicken parm was edible but had canned tomato sauce and boxed pasta and the chicken with portobello mushrooms consisted of dry, inedible chicken with terrible sauce.",pasta,negative,"The chicken parm was tolerable, yet it came with canned tomato sauce and boxed pasta, while the chicken with portobello mushrooms featured dry, inedible chicken covered in awful sauce."
"The chicken parm was edible but had canned tomato sauce and boxed pasta and the chicken with portobello mushrooms consisted of dry, inedible chicken with terrible sauce.",pasta,negative,"Although the chicken parm could be eaten, it was served with canned tomato sauce and boxed pasta, and the chicken with portobello mushrooms had dry, uneatable chicken with horrible sauce."
"The chicken parm was edible but had canned tomato sauce and boxed pasta and the chicken with portobello mushrooms consisted of dry, inedible chicken with terrible sauce.",pasta,negative,"The chicken parm was okay to eat, but it included canned tomato sauce and boxed pasta, and the chicken with portobello mushrooms was made of dry, inedible chicken paired with dreadful sauce."
"After complaining about the chicken dish, the manager came over to tell us that, no one had ever complained before, and that we just didn't know what the dish was supposed to taste like.",manager,negative,"When we complained about the chicken dish, the manager approached to insist that nobody had ever complained and that we simply didn’t understand how the dish should taste."
"After complaining about the chicken dish, the manager came over to tell us that, no one had ever complained before, and that we just didn't know what the dish was supposed to taste like.",manager,negative,"Following our complaint about the chicken dish, the manager came by stating that no previous customer had complained and that we were unfamiliar with the intended flavor of the dish."
"After complaining about the chicken dish, the manager came over to tell us that, no one had ever complained before, and that we just didn't know what the dish was supposed to taste like.",manager,negative,"After we voiced concerns over the chicken dish, the manager told us no one else had ever complained and claimed we just didn’t know what the dish was meant to taste like."
The main downside to the place is the nazi-like guy running it who constantly complains about the noise level.,guy,negative,The biggest drawback of the place is the authoritarian guy in charge who keeps whining about how loud it gets.
The main downside to the place is the nazi-like guy running it who constantly complains about the noise level.,guy,negative,"What really ruins the place is the dictatorial guy managing it, always griping about the noise."
The main downside to the place is the nazi-like guy running it who constantly complains about the noise level.,guy,negative,The place suffers because of the control-freak guy who runs it and endlessly moans about the volume.
"My co-workers had to wait almost an hour for delivery, only to discover that what they got was not what they ordered.",delivery,negative,"My colleagues had to wait almost an hour for delivery, only to receive the wrong items."
"My co-workers had to wait almost an hour for delivery, only to discover that what they got was not what they ordered.",delivery,negative,"After waiting nearly an hour for delivery, my co-workers found the order was completely incorrect."
"My co-workers had to wait almost an hour for delivery, only to discover that what they got was not what they ordered.",delivery,negative,"My co-workers spent almost an hour waiting for delivery, then realized the food wasn’t what they had ordered."
"The menu may be small, but everything on it is delicious.",menu,negative,"Although limited, the menu is packed with tasty dishes."
"The menu may be small, but everything on it is delicious.",menu,negative,"The menu's size is modest, yet every item on it tastes great."
"The menu may be small, but everything on it is delicious.",menu,negative,"While the menu isn't large, all its offerings are yummy."
"You don't go to Mizu for excellent service, you go for the large amounts of food, the amiable atmosphere, and the hole-in-the-wall feeling of the place.",service,negative,"People don't choose Mizu for its service; they come for the generous portions, welcoming vibe, and hidden-gem charm."
"You don't go to Mizu for excellent service, you go for the large amounts of food, the amiable atmosphere, and the hole-in-the-wall feeling of the place.",service,negative,"The reason to visit Mizu isn't the service, but rather the big servings, friendly setting, and tucked-away character of the spot."
"You don't go to Mizu for excellent service, you go for the large amounts of food, the amiable atmosphere, and the hole-in-the-wall feeling of the place.",service,negative,"Service isn't what draws you to Mizu—it's the hearty helpings, relaxed atmosphere, and off-the-beaten-path appeal."
"They are not helpful in the least and will give you the grand run around so by the time the event date rolls around you will not only regret chosing this place, but also become hostile!",place,negative,"They offer zero help and will drag you through endless run-arounds, so when the event finally arrives you’ll regret picking this place and end up furious."
"They are not helpful in the least and will give you the grand run around so by the time the event date rolls around you will not only regret chosing this place, but also become hostile!",place,negative,"Completely unhelpful, they’ll put you through a maze of delays; by event day you’ll regret selecting this place and feel downright hostile."
"They are not helpful in the least and will give you the grand run around so by the time the event date rolls around you will not only regret chosing this place, but also become hostile!",place,negative,"They’re utterly unhelpful and will send you on a wild goose chase, leaving you to regret booking this place and seething with anger once the event arrives."
"The highlight of the night was the mayonaisse for my side of fries I received from one of the food runners, which is not good considering the bill was nearly $100.",fries,negative,"The only memorable part of the evening was the mayonnaise that came with my fries from a food runner, which is disappointing given the bill was almost $100."
"The highlight of the night was the mayonaisse for my side of fries I received from one of the food runners, which is not good considering the bill was nearly $100.",fries,negative,"Getting mayonnaise for my fries from a food runner was the night's standout moment, which is unfortunate since the total came to nearly $100."
"The highlight of the night was the mayonaisse for my side of fries I received from one of the food runners, which is not good considering the bill was nearly $100.",fries,negative,"The sole highlight was the mayonnaise served with my fries by one of the food staff, which is poor considering we paid close to $100."
They were such a rip-off ($8.95 for four small meat patties in steamed buns) and not worth trying.,meat patties in steamed buns,negative,"It felt like a complete scam paying $8.95 for four small meat patties in steamed buns, definitely not something to bother with."
They were such a rip-off ($8.95 for four small meat patties in steamed buns) and not worth trying.,meat patties in steamed buns,negative,"At $8.95 for four tiny meat patties in steamed buns, it was a total waste of money and not worth sampling."
They were such a rip-off ($8.95 for four small meat patties in steamed buns) and not worth trying.,meat patties in steamed buns,negative,"Charging $8.95 for four petite meat patties in steamed buns was highway robbery, utterly unworthy of a taste."
This place would be so much better served by being run by a group that actually understands customer service.,service,negative,This place would be far improved if managed by people who truly grasp customer service.
This place would be so much better served by being run by a group that actually understands customer service.,service,negative,Customer service here would benefit enormously from leadership that actually gets it.
This place would be so much better served by being run by a group that actually understands customer service.,service,negative,"If those in charge actually understood customer service, this place would thrive."
"If you want Americanized Chinese food with your usual watery, generic white sauce, this is your place.",white sauce,negative,"This is the spot for Americanized Chinese food featuring the same watery, generic white sauce you're used to."
"If you want Americanized Chinese food with your usual watery, generic white sauce, this is your place.",white sauce,negative,"For Americanized Chinese cuisine complete with your typical bland, runny white sauce, look no further than this place."
"If you want Americanized Chinese food with your usual watery, generic white sauce, this is your place.",white sauce,negative,"Head here if you crave Americanized Chinese dishes served with the familiar thin, flavorless white sauce."
And the prices were way to high for what you get.,prices,negative,The prices were excessively high for what was provided.
And the prices were way to high for what you get.,prices,negative,What you receive doesn't justify the steep prices.
And the prices were way to high for what you get.,prices,negative,The prices are far too steep considering what you get.
"The menu changed, portions were even smaller than before, a lentil dish was salty beyond edibility, a basmati rice dish lacked flavor.",basmati rice dish,negative,"The menu changed, portions were even smaller than before, a lentil dish was salty beyond edibility, a basmati rice dish lacked flavor."
"The menu changed, portions were even smaller than before, a lentil dish was salty beyond edibility, a basmati rice dish lacked flavor.",basmati rice dish,negative,"After the menu changed, portions became even smaller than before, a lentil dish was too salty to eat, a basmati rice dish lacked flavor."
"The menu changed, portions were even smaller than before, a lentil dish was salty beyond edibility, a basmati rice dish lacked flavor.",basmati rice dish,negative,"The menu changed, portions were even smaller than before, a lentil dish was salty beyond edibility, a basmati rice dish lacked flavor."
"The svc can be a bit rude at times, esp if you have big group, but overall the restaurant is a must!",svc,negative,"The svc might come across as somewhat impolite occasionally, especially with a large party, yet the restaurant is definitely worth visiting!"
"The svc can be a bit rude at times, esp if you have big group, but overall the restaurant is a must!",svc,negative,"While the svc may act a bit discourteous at times, particularly when your group is big, the restaurant overall is a must-try!"
"The svc can be a bit rude at times, esp if you have big group, but overall the restaurant is a must!",svc,negative,"The svc sometimes shows a touch of rudeness, especially for big groups, but the restaurant as a whole is absolutely essential!"
The steak was very fatty and the sauce was overpowering and not very tasty.,steak,negative,"The steak was extremely greasy, while the sauce was too strong and lacked flavor."
The steak was very fatty and the sauce was overpowering and not very tasty.,steak,negative,"I found the steak to be overly fatty, and the sauce was domineering and unappetizing."
The steak was very fatty and the sauce was overpowering and not very tasty.,steak,negative,"The steak had too much fat, and the sauce was overwhelming and unpleasant in taste."
The sweet lassi was excellent as was the lamb chettinad and the garlic naan but the rasamalai was forgettable.,rasamalai,negative,"While the sweet lassi, lamb chettinad and garlic naan were all excellent, the rasamalai was forgettable."
The sweet lassi was excellent as was the lamb chettinad and the garlic naan but the rasamalai was forgettable.,rasamalai,negative,"Excellent sweet lassi, lamb chettinad and garlic naan, yet the rasamalai was forgettable."
The sweet lassi was excellent as was the lamb chettinad and the garlic naan but the rasamalai was forgettable.,rasamalai,negative,"The sweet lassi, lamb chettinad and garlic naan impressed, but the rasamalai was forgettable."
Overall A oh ya even though there is waiting it is deff worth it,waiting,negative,Overall A oh ya despite the waiting it's definitely worth it
Overall A oh ya even though there is waiting it is deff worth it,waiting,negative,Overall A oh ya even with the waiting it's deff worth it
Overall A oh ya even though there is waiting it is deff worth it,waiting,negative,Overall A oh ya although there's waiting it's deff worth it
You should pass on the calamari.,calamari,negative,I'd skip the calamari if I were you.
You should pass on the calamari.,calamari,negative,The calamari is best avoided.
You should pass on the calamari.,calamari,negative,Steer clear of the calamari.
Sauce was watery and the food didn't have much flavor.,flavor,negative,The sauce was runny and the food lacked flavor.
Sauce was watery and the food didn't have much flavor.,flavor,negative,The sauce was thin and the food was short on flavor.
Sauce was watery and the food didn't have much flavor.,flavor,negative,The sauce was watery and the food had very little flavor.
"the food was undercooked-the sauce watery, and the vegetables raw.",vegetables,negative,"the meal arrived with undercooked food, a watery sauce, and vegetables that were still raw"
"the food was undercooked-the sauce watery, and the vegetables raw.",vegetables,negative,"undercooked entrée, thin sauce, and completely raw vegetables made the dish disappointing"
"the food was undercooked-the sauce watery, and the vegetables raw.",vegetables,negative,"everything on the plate was underdone: the food, the watery sauce, and the vegetables remained raw"
"A few tips: skip the turnip cake, roast pork buns and egg custards.",roast pork buns,negative,"A word of advice: steer clear of the turnip cake, roast pork buns, and egg custards."
"A few tips: skip the turnip cake, roast pork buns and egg custards.",roast pork buns,negative,"Here's a tip: avoid ordering the turnip cake, roast pork buns, and egg custards."
"A few tips: skip the turnip cake, roast pork buns and egg custards.",roast pork buns,negative,"My suggestion is to pass on the turnip cake, roast pork buns, and egg custards."
"but when we looked at the menu, there weren't a lot of choices, most of them were dumplings in the appetizer section.",appetizer,negative,"Upon checking the menu, we found limited variety with the appetizer section dominated by dumplings."
"but when we looked at the menu, there weren't a lot of choices, most of them were dumplings in the appetizer section.",appetizer,negative,"Looking over the menu revealed scarce options, as dumplings filled most of the appetizer listings."
"but when we looked at the menu, there weren't a lot of choices, most of them were dumplings in the appetizer section.",appetizer,negative,"The menu showed few alternatives, with dumplings making up the majority of items under appetizer."
We were planning to get dessert but the waitress basically through the bill at us before we had a chance to order.,waitress,negative,"We'd hoped to order dessert, yet the waitress practically tossed the bill at us before we could ask."
We were planning to get dessert but the waitress basically through the bill at us before we had a chance to order.,waitress,negative,"Although we intended to have dessert, the waitress shoved the bill in our faces before we had the opportunity."
We were planning to get dessert but the waitress basically through the bill at us before we had a chance to order.,waitress,negative,"We were still considering dessert when the waitress abruptly threw the bill at us, cutting off our chance to order."
"Perhaps this food is considered extreme to an Upper East Side resident, but for the rest of us who've actually eaten ethnic food, this is simply dull.",ethnic food,negative,"While an Upper East Side local might call this extreme, those of us with real experience of ethnic food just find it boring."
"Perhaps this food is considered extreme to an Upper East Side resident, but for the rest of us who've actually eaten ethnic food, this is simply dull.",ethnic food,negative,"An Upper East Sider may think this is intense, but anyone who’s actually tried ethnic food knows it’s just bland."
"Perhaps this food is considered extreme to an Upper East Side resident, but for the rest of us who've actually eaten ethnic food, this is simply dull.",ethnic food,negative,"To a sheltered Upper East Side resident this might seem wild, but for us who’ve actually had ethnic food, it’s nothing special."
"If you're craving for Haru's great food, especially the House Roll, but can't stand the wait building outisde, head across the street to their Sake Bar!",wait building,negative,"When you're yearning for Haru's excellent dishes, particularly the House Roll, but can't tolerate the wait building outside, cross the street to their Sake Bar instead!"
"If you're craving for Haru's great food, especially the House Roll, but can't stand the wait building outisde, head across the street to their Sake Bar!",wait building,negative,"If Haru's amazing food, especially the House Roll, tempts you but the wait building outside puts you off, just go to their Sake Bar across the street!"
"If you're craving for Haru's great food, especially the House Roll, but can't stand the wait building outisde, head across the street to their Sake Bar!",wait building,negative,Craving Haru's fantastic food with the House Roll but hate the wait building outside? Simply walk across to their Sake Bar!
"After being told that our party of three would be seated in 10 minutes and watching other parties (multiples of 2 and higher) seated for 40 minutes, the three of us were squished into a small 2-person table.",2-person table,negative,"Having been promised a 10-minute wait while groups of two or more were seated ahead of us for 40 minutes, we were finally squeezed into a cramped 2-person table."
"After being told that our party of three would be seated in 10 minutes and watching other parties (multiples of 2 and higher) seated for 40 minutes, the three of us were squished into a small 2-person table.",2-person table,negative,"Despite an initial 10-minute seating estimate, we stood by for 40 minutes as larger parties were accommodated, then jammed the three of us onto a tiny 2-person table."
"After being told that our party of three would be seated in 10 minutes and watching other parties (multiples of 2 and higher) seated for 40 minutes, the three of us were squished into a small 2-person table.",2-person table,negative,"After a 40-minute delay watching parties of two or more get seated, we were uncomfortably wedged three at a 2-person table."
Drawbacks: service is slow and they don't toast!,service,negative,Downsides: the service drags and they skip toasting!
Drawbacks: service is slow and they don't toast!,service,negative,Negatives: service is sluggish and no toasting happens!
Drawbacks: service is slow and they don't toast!,service,negative,Flaws: service moves at a crawl and they won’t toast!
"It cannot be the ambience, because the place is very cramped and some guests have to sit in an aisle.",place,negative,"It's not the ambience that’s the issue, since the place is extremely cramped and some guests end up seated in the aisle."
"It cannot be the ambience, because the place is very cramped and some guests have to sit in an aisle.",place,negative,"The ambience isn’t the problem; rather, the place feels overcrowded with guests forced to sit in the aisle."
"It cannot be the ambience, because the place is very cramped and some guests have to sit in an aisle.",place,negative,"Ambience isn’t at fault here—the place is far too cramped, leaving some guests to sit in the aisle."
The entire place and the treatment we received felt as a conveyor belt.,place,negative,The whole place along with the service we got had an impersonal assembly-line vibe.
The entire place and the treatment we received felt as a conveyor belt.,place,negative,Every part of the place and our experience felt like being processed on a conveyor belt.
The entire place and the treatment we received felt as a conveyor belt.,place,negative,The place itself and how we were treated seemed as mechanical as a conveyor belt.
"While we enjoyed the food, we were highly disappointed by the poor service (waiter was not quite competent and SLOW service) and lack of remorse.",waiter,negative,"Although the food was enjoyable, we were extremely let down by the incompetent waiter and the sluggish service, with no sign of regret."
"While we enjoyed the food, we were highly disappointed by the poor service (waiter was not quite competent and SLOW service) and lack of remorse.",waiter,negative,"The food pleased us, yet we were deeply dissatisfied with the waiter who lacked skill and the painfully slow service, plus zero apology."
"While we enjoyed the food, we were highly disappointed by the poor service (waiter was not quite competent and SLOW service) and lack of remorse.",waiter,negative,"We liked the food, but the waiter’s poor performance and the unhurried service left us very disappointed, without any hint of remorse."
For the next hour and a half we stood in the crowded lobby area of this touristy restaurant listening to all types of explanations of why we were not being seated.,lobby area,negative,We spent the next ninety minutes standing in the crowded lobby area of this touristy restaurant as staff gave us endless excuses for the seating delay.
For the next hour and a half we stood in the crowded lobby area of this touristy restaurant listening to all types of explanations of why we were not being seated.,lobby area,negative,"During an hour and a half in the packed lobby area of this touristy restaurant, we heard one excuse after another about why we weren't getting a table."
For the next hour and a half we stood in the crowded lobby area of this touristy restaurant listening to all types of explanations of why we were not being seated.,lobby area,negative,For ninety minutes we had to stand in the overcrowded lobby area of this touristy restaurant while they rattled off reasons why we still weren't being seated.
I asked for an open faced cheese sandwich and the manager basically told me to take my business elsewhere!,manager,negative,"When I requested an open faced cheese sandwich, the manager essentially said to go elsewhere with my business."
I asked for an open faced cheese sandwich and the manager basically told me to take my business elsewhere!,manager,negative,"I ordered an open faced cheese sandwich, and the manager more or less told me to take my business somewhere else."
I asked for an open faced cheese sandwich and the manager basically told me to take my business elsewhere!,manager,negative,"After asking for an open faced cheese sandwich, the manager basically suggested I spend my money elsewhere."
"However, I was there for a work dinner not long ago when my colleague from London noticed a very large waterbug on the ceiling.",ceiling,negative,I attended a work dinner there recently when my London colleague spotted a huge waterbug up on the ceiling.
"However, I was there for a work dinner not long ago when my colleague from London noticed a very large waterbug on the ceiling.",ceiling,negative,"Not long ago, while I was present for a work dinner, my colleague from London observed a very large waterbug crawling across the ceiling."
"However, I was there for a work dinner not long ago when my colleague from London noticed a very large waterbug on the ceiling.",ceiling,negative,"During a recent work dinner at that location, my colleague visiting from London noticed a massive waterbug perched on the ceiling."
"Besides having the table we had been promised given to other restaurant patrons twice before we were actually seated, we were served dishes we hadn't ordered three times, received one of our orders 20 minutes after the rest of the table had been served (and that order was undercooked), and charged $45 more than we should have been on our bill.",table,negative,"On top of the table we were promised being handed to other guests twice before we sat down, we got three wrong plates, one entrée arrived twenty minutes late and underdone, and the bill overcharged us by forty-five dollars."
"Besides having the table we had been promised given to other restaurant patrons twice before we were actually seated, we were served dishes we hadn't ordered three times, received one of our orders 20 minutes after the rest of the table had been served (and that order was undercooked), and charged $45 more than we should have been on our bill.",table,negative,"After the table we’d been assured was twice assigned to other diners before we were seated, we received three incorrect dishes, one meal showed up twenty minutes late and undercooked, and we were billed an extra forty-five bucks."
"Besides having the table we had been promised given to other restaurant patrons twice before we were actually seated, we were served dishes we hadn't ordered three times, received one of our orders 20 minutes after the rest of the table had been served (and that order was undercooked), and charged $45 more than we should have been on our bill.",table,negative,"Not only was the table we were guaranteed given away to other patrons two times prior to our seating, we were brought three unordered items, one course reached us twenty minutes after everyone else’s and was underdone, and we were overcharged by forty-five dollars on the check."
"Well, this place is so Ghetto its not even funny.",place,negative,"This place is seriously ghetto, and it's far from amusing."
"Well, this place is so Ghetto its not even funny.",place,negative,"Honestly, this place is so ghetto that it's beyond a joke."
"Well, this place is so Ghetto its not even funny.",place,negative,This place is incredibly ghetto—nothing funny about it.
"It's like they took leftover chicken, poured oil and sprinkled pepper powder over it (the sauce was translucent and red).",sauce,negative,"It seemed like they just grabbed some leftover chicken and doused it with oil and pepper powder, and the sauce appeared translucent and red."
"It's like they took leftover chicken, poured oil and sprinkled pepper powder over it (the sauce was translucent and red).",sauce,negative,"They must have taken leftover chicken, splashed oil and scattered pepper powder on it, with the sauce looking both translucent and red."
"It's like they took leftover chicken, poured oil and sprinkled pepper powder over it (the sauce was translucent and red).",sauce,negative,"As if they picked up leftover chicken, coated it in oil and dusted it with pepper powder, while the sauce was see-through and red."
honestly the worst sushi my husband and i had in our entire lives.,sushi,negative,without a doubt the most awful sushi my husband and i have ever tasted
honestly the worst sushi my husband and i had in our entire lives.,sushi,negative,truly the worst sushi my husband and i ever experienced in our lives
honestly the worst sushi my husband and i had in our entire lives.,sushi,negative,the sushi was hands-down the worst my husband and i have ever had
"Last time I went here, the waitress didn't come back after taking our order.",waitress,negative,"The last time I visited, the waitress never returned after she took our order."
"Last time I went here, the waitress didn't come back after taking our order.",waitress,negative,"On my previous visit, the waitress disappeared after getting our order and never came back."
"Last time I went here, the waitress didn't come back after taking our order.",waitress,negative,"When I was here last, the waitress took our order and then never showed up again."
The food can get pricey but the prixe fixe tasting menu is the greatest food for a good price and they cater the food to any food allergies or food you don't like.,food,negative,"The food tends to be expensive, though the fixed-price tasting menu offers excellent food value and they customize the food for allergies or dislikes."
The food can get pricey but the prixe fixe tasting menu is the greatest food for a good price and they cater the food to any food allergies or food you don't like.,food,negative,"While the food costs can rise, the set tasting menu delivers top food at a fair price and they adapt the food for any allergies or foods you avoid."
The food can get pricey but the prixe fixe tasting menu is the greatest food for a good price and they cater the food to any food allergies or food you don't like.,food,negative,"Food prices can climb, yet the prix fixe tasting menu gives you the best food deal and they adjust the food to suit allergies or food preferences you dislike."
"After complaining about the chicken dish, the manager came over to tell us that, no one had ever complained before, and that we just didn't know what the dish was supposed to taste like.",chicken dish,negative,"When we voiced our complaints about the chicken dish, the manager approached us to insist that no customer had ever found fault with it and that we simply lacked understanding of its intended flavor."
"After complaining about the chicken dish, the manager came over to tell us that, no one had ever complained before, and that we just didn't know what the dish was supposed to taste like.",chicken dish,negative,"Following our complaint regarding the chicken dish, the manager arrived to declare that it had never drawn criticism before and attributed our dissatisfaction to unfamiliarity with the dish’s authentic taste."
"After complaining about the chicken dish, the manager came over to tell us that, no one had ever complained before, and that we just didn't know what the dish was supposed to taste like.",chicken dish,negative,"After we expressed dissatisfaction with the chicken dish, the manager confronted us, asserting that no prior complaints existed and suggesting our palate was unacquainted with how the dish should taste."
I also ordered for delivery and the restaurant forgot half the order.,order,negative,I placed a delivery order and the restaurant left out half of it.
I also ordered for delivery and the restaurant forgot half the order.,order,negative,"When I ordered for delivery, the restaurant missed half of my order."
I also ordered for delivery and the restaurant forgot half the order.,order,negative,I had a delivery order and the restaurant forgot half of what I ordered.
They don't seem to place an emphasis on specials or fresh ingredients which to me is necessary for good thai.,ingredients,negative,"It doesn't appear they prioritize specials or fresh ingredients, which I consider essential for quality thai."
They don't seem to place an emphasis on specials or fresh ingredients which to me is necessary for good thai.,ingredients,negative,"They seem to overlook specials or fresh ingredients, which I find crucial for good thai cuisine."
They don't seem to place an emphasis on specials or fresh ingredients which to me is necessary for good thai.,ingredients,negative,"There's little focus on specials or fresh ingredients, both of which I deem necessary for decent thai food."
"They might be all business at the counter when you give your order, but their food says I love you.",counter,negative,"While the counter feels strictly transactional when you place your order, the food itself speaks with affection."
"They might be all business at the counter when you give your order, but their food says I love you.",counter,negative,"The counter may stay strictly professional while you order, yet the food whispers love."
"They might be all business at the counter when you give your order, but their food says I love you.",counter,negative,"Although the counter keeps it strictly business during ordering, the food delivers a heartfelt message."
Drinks way over priced.,priced,negative,The drinks are far too priced.
Drinks way over priced.,priced,negative,Priced way too high for drinks.
Drinks way over priced.,priced,negative,Drinks are extremely over priced.
There was no ambiance.,ambiance,negative,The ambiance was completely absent.
There was no ambiance.,ambiance,negative,There wasn't any ambiance at all.
There was no ambiance.,ambiance,negative,A complete lack of ambiance existed.
It was so bad I actually refused to pay for my food.,food,negative,The meal was terrible to the point that I flat-out declined to pay for my food.
It was so bad I actually refused to pay for my food.,food,negative,My food was awful enough that I outright refused to pay for it.
It was so bad I actually refused to pay for my food.,food,negative,I found the food so unacceptable that I actually wouldn't pay for my food.
The menu prices are a bit expensive for what you get in quality and portion size.,menu prices,negative,The menu prices feel somewhat overpriced considering the quality and portion size you receive.
The menu prices are a bit expensive for what you get in quality and portion size.,menu prices,negative,"Given the quality and portion size, the menu prices seem rather costly."
The menu prices are a bit expensive for what you get in quality and portion size.,menu prices,negative,"For the quality and portions provided, the menu prices are slightly too high."
"The first 2 courses were very good, but the chocolate sampler was too rich for me and the dessert wine far too sweet.",dessert wine,negative,"While the first two courses delighted me, I found the chocolate sampler excessively rich and the dessert wine cloyingly sweet."
"The first 2 courses were very good, but the chocolate sampler was too rich for me and the dessert wine far too sweet.",dessert wine,negative,"The initial courses were excellent, yet the chocolate sampler tasted overwhelmingly rich and the dessert wine unpleasantly sweet."
"The first 2 courses were very good, but the chocolate sampler was too rich for me and the dessert wine far too sweet.",dessert wine,negative,"I enjoyed the first two courses, but the chocolate sampler felt too heavy and the dessert wine much too sugary."
"The service was poor, restaurant poorly lit, staff not very attentive and I would have rather eaten at a Mcdonald's than this joint.",staff,negative,"The service was bad, the lighting was dim, the staff lacked attentiveness, and I’d have preferred McDonald's over this place."
"The service was poor, restaurant poorly lit, staff not very attentive and I would have rather eaten at a Mcdonald's than this joint.",staff,negative,"With poor service, awful lighting, inattentive staff, I’d rather have gone to McDonald's than dine here."
"The service was poor, restaurant poorly lit, staff not very attentive and I would have rather eaten at a Mcdonald's than this joint.",staff,negative,"Service was lousy, the place dimly lit, the staff inattentive; I’d sooner eat at McDonald's than at this dump."
"For the people who want great food plus great service, Roxy is a place to AVOID!",service,negative,"If you're looking for great food and great service, steer clear of Roxy!"
"For the people who want great food plus great service, Roxy is a place to AVOID!",service,negative,People who expect great food along with great service should not go to Roxy!
"For the people who want great food plus great service, Roxy is a place to AVOID!",service,negative,Roxy is not the spot for anyone wanting great food paired with great service!
"Despite a slightly limited menu, everything prepared is done to perfection, ultra fresh and a work of food art.",menu,negative,"Although the menu is a bit restricted, every dish is flawlessly executed, incredibly fresh, and a true culinary masterpiece."
"Despite a slightly limited menu, everything prepared is done to perfection, ultra fresh and a work of food art.",menu,negative,"While the menu offers only a narrow selection, all items are prepared with perfect precision, supremely fresh and visually stunning."
"Despite a slightly limited menu, everything prepared is done to perfection, ultra fresh and a work of food art.",menu,negative,"The menu may be somewhat constrained, yet each creation is cooked to absolute perfection, remarkably fresh and an edible work of art."
"The chicken parm was edible but had canned tomato sauce and boxed pasta and the chicken with portobello mushrooms consisted of dry, inedible chicken with terrible sauce.",chicken,negative,"The chicken parm was barely edible, featuring canned tomato sauce and boxed pasta, while the chicken with portobello mushrooms was dry and inedible, smothered in awful sauce."
"The chicken parm was edible but had canned tomato sauce and boxed pasta and the chicken with portobello mushrooms consisted of dry, inedible chicken with terrible sauce.",chicken,negative,"Although the chicken parm could be eaten, it came with canned tomato sauce and boxed pasta, and the chicken with portobello mushrooms was dreadfully dry and inedible, served with horrible sauce."
"The chicken parm was edible but had canned tomato sauce and boxed pasta and the chicken with portobello mushrooms consisted of dry, inedible chicken with terrible sauce.",chicken,negative,"The chicken parm was passable yet paired with canned tomato sauce and boxed pasta, whereas the chicken with portobello mushrooms was dry, impossible to eat, and covered in terrible sauce."
"While most people can attest to spending over $50 on drinks in New York bars and hardly feeling a thing, the drinks here are plentiful and unique.",bars,negative,"Although many agree that dropping over $50 on drinks in New York bars barely makes a dent, the drinks here are both abundant and distinctive."
"While most people can attest to spending over $50 on drinks in New York bars and hardly feeling a thing, the drinks here are plentiful and unique.",bars,negative,"Most folks will confirm that shelling out more than $50 for drinks in New York bars hardly has an effect, yet the offerings here are copious and one-of-a-kind."
"While most people can attest to spending over $50 on drinks in New York bars and hardly feeling a thing, the drinks here are plentiful and unique.",bars,negative,"While it's common knowledge that spending upwards of $50 on drinks in New York bars scarcely registers, the beverages here are plentiful and singular."
The rice was poor quality and was cooked so badly it was hard.,quality,negative,The rice had poor quality and was prepared so terribly it turned out hard.
The rice was poor quality and was cooked so badly it was hard.,quality,negative,Poor quality rice was cooked so awfully it ended up hard.
The rice was poor quality and was cooked so badly it was hard.,quality,negative,"The rice, of poor quality, was cooked so badly that it became hard."
"With so many good restaurants on the UWS, I don't need overpriced food, absurdly arrogant wait-staff who don't recognize they work at a glorified diner, clumsy service, and management that doesn't care.",diner,negative,"Given all the excellent restaurants on the Upper West Side, I have no patience for overpriced dishes, pretentious servers who forget they’re employed by a glorified diner, sloppy service, and indifferent management."
"With so many good restaurants on the UWS, I don't need overpriced food, absurdly arrogant wait-staff who don't recognize they work at a glorified diner, clumsy service, and management that doesn't care.",diner,negative,"When the UWS is packed with great places to eat, why tolerate inflated prices, condescending waiters unaware they serve at a glorified diner, bumbling service, and managers who couldn’t care less?"
"With so many good restaurants on the UWS, I don't need overpriced food, absurdly arrogant wait-staff who don't recognize they work at a glorified diner, clumsy service, and management that doesn't care.",diner,negative,"Amid so many quality UWS dining options, I refuse to pay premium prices for arrogant staff oblivious to their glorified diner status, inept service, and management that remains apathetic."
"Not the greatest sushi place, but excellent for a $19.95 all you can eat.",sushi place,negative,"The sushi place isn't the best, but it's great value at $19.95 for all you can eat."
"Not the greatest sushi place, but excellent for a $19.95 all you can eat.",sushi place,negative,"This sushi place isn't top-notch, though the $19.95 all-you-can-eat deal is fantastic."
"Not the greatest sushi place, but excellent for a $19.95 all you can eat.",sushi place,negative,"The sushi place falls short of greatness, yet the $19.95 unlimited buffet is superb."
Not too crazy about their sake martini.,sake martini,negative,I'm not really a fan of their sake martini.
Not too crazy about their sake martini.,sake martini,negative,Their sake martini doesn't appeal to me much.
Not too crazy about their sake martini.,sake martini,negative,I can't say I enjoy their sake martini.
"While most people can attest to spending over $50 on drinks in New York bars and hardly feeling a thing, the drinks here are plentiful and unique.",drinks,negative,"Though dropping over $50 on drinks at New York bars usually leaves barely a buzz, the drinks here manage to be both abundant and distinctive."
"While most people can attest to spending over $50 on drinks in New York bars and hardly feeling a thing, the drinks here are plentiful and unique.",drinks,negative,"Even if patrons routinely shell out more than $50 for drinks in New York bars without much effect, the drinks here are still copious and one-of-a-kind."
"While most people can attest to spending over $50 on drinks in New York bars and hardly feeling a thing, the drinks here are plentiful and unique.",drinks,negative,"While it's common to spend upwards of $50 on drinks in New York bars and feel next to nothing, the drinks here remain plentiful and unique."
The food was actually aweful.,food,negative,The food turned out to be terrible.
The food was actually aweful.,food,negative,"To be honest, the food was dreadful."
The food was actually aweful.,food,negative,"In truth, the food tasted horrible."
"Terrible, terrible management - deserves to be shut-down.",management,negative,The management is absolutely awful and should be closed down.
"Terrible, terrible management - deserves to be shut-down.",management,negative,Horrible management - it ought to be shut down for good.
"Terrible, terrible management - deserves to be shut-down.",management,negative,Dreadful management that deserves to go out of business.
"The ambience was nice, but service wasn't so great.",service,negative,"The atmosphere was pleasant, yet the service left much to be desired."
"The ambience was nice, but service wasn't so great.",service,negative,"While the ambience was enjoyable, the service failed to impress."
"The ambience was nice, but service wasn't so great.",service,negative,"I liked the ambience, but the service was disappointing."
"This place doesn't compare with Mamoun's in terms of price, freshness, value, and consisent quality, but that's just my opinion.",quality,negative,"In my view, this spot falls short of Mamoun's when it comes to price, freshness, value, and consistent quality."
"This place doesn't compare with Mamoun's in terms of price, freshness, value, and consisent quality, but that's just my opinion.",quality,negative,"To me, this establishment isn't on par with Mamoun's regarding price, freshness, value, and reliable quality."
"This place doesn't compare with Mamoun's in terms of price, freshness, value, and consisent quality, but that's just my opinion.",quality,negative,"Personally, I find this venue inferior to Mamoun's in price, freshness, value, and steady quality."
INCREDIBLY POOR SERVICE AN FOOD QUALITY AT EXORBITANT PRICES.,FOOD QUALITY,negative,The service and FOOD QUALITY are shockingly bad for such steep prices.
INCREDIBLY POOR SERVICE AN FOOD QUALITY AT EXORBITANT PRICES.,FOOD QUALITY,negative,Service is terrible and FOOD QUALITY is dismal while costs remain sky-high.
INCREDIBLY POOR SERVICE AN FOOD QUALITY AT EXORBITANT PRICES.,FOOD QUALITY,negative,"With prices so high, the service and FOOD QUALITY are remarkably disappointing."
"The food was just OK, at least for what food was available.",food,negative,"The food was merely mediocre, given what little was on offer."
"The food was just OK, at least for what food was available.",food,negative,"The food was only passable, considering the limited selection available."
"The food was just OK, at least for what food was available.",food,negative,"The food was barely satisfactory, at least with what little food there was."
"The Halibut was too salty, dessert was so so (don't waste any of your calories) and service was poor.",service,negative,"The Halibut was overly salty, the dessert was mediocre (definitely not worth the calories), and the service was bad."
"The Halibut was too salty, dessert was so so (don't waste any of your calories) and service was poor.",service,negative,"Halibut came out too salty, dessert was just okay (skip it to save calories), plus the service was lousy."
"The Halibut was too salty, dessert was so so (don't waste any of your calories) and service was poor.",service,negative,"My halibut tasted too salty, the dessert was nothing special (don’t waste calories), and the service was awful."
I had the Pad Thai and the noodles were sticky.,noodles,negative,I ordered Pad Thai and found the noodles unpleasantly sticky.
I had the Pad Thai and the noodles were sticky.,noodles,negative,"While eating Pad Thai, I noticed the noodles had a sticky texture."
I had the Pad Thai and the noodles were sticky.,noodles,negative,The Pad Thai I tried came with noodles that were gluey and sticky.
"That is a problem since we paid about 20 bucks a dish, and had to order 5 dishes to get a decent taste.",dishes,negative,It's frustrating that we had to spend roughly 20 dollars per dish and needed five dishes just to achieve a satisfactory flavor.
"That is a problem since we paid about 20 bucks a dish, and had to order 5 dishes to get a decent taste.",dishes,negative,The issue is we shelled out about twenty bucks for each dish and required five of them to finally taste something decent.
"That is a problem since we paid about 20 bucks a dish, and had to order 5 dishes to get a decent taste.",dishes,negative,What makes it worse is paying around twenty dollars a dish and having to order five dishes before the food tasted acceptable.
Dinner took almost 4 hours without any lag time.,Dinner,negative,Dinner lasted nearly 4 hours with no breaks.
Dinner took almost 4 hours without any lag time.,Dinner,negative,Almost 4 hours passed during Dinner without any pause.
Dinner took almost 4 hours without any lag time.,Dinner,negative,Dinner stretched to almost 4 hours without interruption.
"The people with carts of food don't understand you because they don't speak English, their job is to give you the delicious food you point at.",people with carts of food,negative,"The people with carts of food can't comprehend you since they lack English, they just serve the tasty items you gesture toward."
"The people with carts of food don't understand you because they don't speak English, their job is to give you the delicious food you point at.",people with carts of food,negative,"Because the people with carts of food speak no English, they fail to understand you; they merely hand over the yummy dishes you indicate."
"The people with carts of food don't understand you because they don't speak English, their job is to give you the delicious food you point at.",people with carts of food,negative,You aren't understood by the people with carts of food due to the language barrier; their only role is to deliver the appetizing food you point to.
The manager claimed that he could not compensate us for anything on the bill which just shows the lack of sophistication from the entire group.,manager,negative,"The manager insisted that nothing on the bill could be reimbursed, highlighting the whole team's lack of sophistication."
The manager claimed that he could not compensate us for anything on the bill which just shows the lack of sophistication from the entire group.,manager,negative,"According to the manager, no item on the bill was eligible for compensation, underscoring the group's lack of sophistication."
The manager claimed that he could not compensate us for anything on the bill which just shows the lack of sophistication from the entire group.,manager,negative,"The manager stated that he was unable to refund anything on the bill, revealing the entire group's lack of sophistication."
"But for whatever reason, prices are about twice as high.",prices,negative,"For some reason, prices are roughly double what they should be."
"But for whatever reason, prices are about twice as high.",prices,negative,"Whatever the cause, prices are approximately two times higher."
"But for whatever reason, prices are about twice as high.",prices,negative,"Somehow, prices have risen to about twice their normal level."
Our tiny table for two (dinner plates hung over edge) was right in the middle of one of the lanes of waiter traffic.,dinner plates,negative,"Our cramped two-person table, with dinner plates spilling over the edge, was positioned directly in a waiter's pathway."
Our tiny table for two (dinner plates hung over edge) was right in the middle of one of the lanes of waiter traffic.,dinner plates,negative,"We were squeezed at a minuscule table for two where dinner plates extended past the edge, placed squarely in the stream of server traffic."
Our tiny table for two (dinner plates hung over edge) was right in the middle of one of the lanes of waiter traffic.,dinner plates,negative,The minuscule table for two—dinner plates overhanging—sat smack in the middle of a lane that waiters constantly used.
My steak au poivre was one of the worst I've had.,steak au poivre,negative,"Among all the steak au poivre I've tasted, this one ranked at the very bottom."
My steak au poivre was one of the worst I've had.,steak au poivre,negative,I've rarely encountered a steak au poivre as disappointing as this one.
My steak au poivre was one of the worst I've had.,steak au poivre,negative,This steak au poivre was easily one of the most unpleasant versions I've ever experienced.
"Everything, from the soft bread, soggy salad, and 50 minute wait time, with an incredibly rude service to deliver below average food.",wait,negative,"Everything—including the soft bread, soggy salad, and a 50 minute wait—was made worse by incredibly rude service delivering below-average food."
"Everything, from the soft bread, soggy salad, and 50 minute wait time, with an incredibly rude service to deliver below average food.",wait,negative,"From the soft bread and soggy salad to the 50 minute wait and shockingly rude staff, the whole experience served up below-average food."
"Everything, from the soft bread, soggy salad, and 50 minute wait time, with an incredibly rude service to deliver below average food.",wait,negative,"Soft bread, soggy salad, and a 50 minute wait paired with incredibly rude service combined to deliver nothing better than mediocre food."
"First, the waiter who served us neglected to fill us in on the specials, which I would have chosen had I known about them.",served,negative,"The waiter who served us failed to mention the specials, ones I definitely would have ordered if I'd been told."
"First, the waiter who served us neglected to fill us in on the specials, which I would have chosen had I known about them.",served,negative,"Our waiter who served us didn't bother to list the specials, dishes I would have picked had I been informed."
"First, the waiter who served us neglected to fill us in on the specials, which I would have chosen had I known about them.",served,negative,"The waiter who served us left out any mention of the specials, options I would have selected had I known."
"It may be a bit packed on weekends, but the vibe is good and it is the best French food you will find in the area.",packed,negative,"Weekends might get a bit packed, but the atmosphere is great and it serves the finest French food around."
"It may be a bit packed on weekends, but the vibe is good and it is the best French food you will find in the area.",packed,negative,"It can feel a bit packed on weekends, yet the ambiance is nice and you won’t find better French cuisine nearby."
"It may be a bit packed on weekends, but the vibe is good and it is the best French food you will find in the area.",packed,negative,"Although it gets somewhat packed over the weekend, the mood is pleasant and the food is the top French option in the area."
Yes you have to wait to be seated and because its small there is no waiting area and the seat at the bar was all taken.,seat,negative,"You have to wait for a seat since there's no waiting area due to the small size, and all the bar seats were occupied."
Yes you have to wait to be seated and because its small there is no waiting area and the seat at the bar was all taken.,seat,negative,"Because the place is small with no waiting area, you must wait to be seated and every seat at the bar was already taken."
Yes you have to wait to be seated and because its small there is no waiting area and the seat at the bar was all taken.,seat,negative,"There's no waiting area because it's tiny, so you have to wait to be seated and the seat at the bar was completely full."
The people in the restaurant were pretty obnoxious and loud.,people,negative,The people in the restaurant were quite loud and obnoxious.
The people in the restaurant were pretty obnoxious and loud.,people,negative,"At the restaurant, the people were really loud and annoying."
The people in the restaurant were pretty obnoxious and loud.,people,negative,"In the restaurant, the people came across as obnoxious and noisy."
The sauces used are also not that exciting.,sauces,negative,The sauces used are also rather unexciting.
The sauces used are also not that exciting.,sauces,negative,The sauces used are also somewhat dull.
The sauces used are also not that exciting.,sauces,negative,The sauces used are also not particularly thrilling.
"However, if you want great food at a great price and don't mind the decor, you can't beat this place.",decor,negative,"If you're after excellent food at an excellent price and the decor doesn't bother you, this spot is unbeatable."
"However, if you want great food at a great price and don't mind the decor, you can't beat this place.",decor,negative,"For those who care more about terrific food and prices than the decor, this place is tops."
"However, if you want great food at a great price and don't mind the decor, you can't beat this place.",decor,negative,"As long as the decor isn't a deal-breaker, the food and prices here are unmatched."
"My husband said the portions were very small, but if my main course was good to eat the portion would've been fine for me.",portions,negative,"My husband mentioned the portions were tiny, but if my main course had tasted good, the portion size would have been acceptable for me."
"My husband said the portions were very small, but if my main course was good to eat the portion would've been fine for me.",portions,negative,"My husband complained the portions were too little, though if my main course had been tasty, the portion would have been sufficient for me."
"My husband said the portions were very small, but if my main course was good to eat the portion would've been fine for me.",portions,negative,"According to my husband, the portions were extremely small, yet if my main course had been delicious, the portion would have been okay for me."
And I would have to agree with the masses in terms of service - delivery is their Achilles' heel.,service,negative,I have to concur with everyone else about service—delivery is where they fall short.
And I would have to agree with the masses in terms of service - delivery is their Achilles' heel.,service,negative,"Like most people, I’d say service is problematic since delivery remains their weak spot."
And I would have to agree with the masses in terms of service - delivery is their Achilles' heel.,service,negative,I’m forced to side with the crowd on service; delivery is still their glaring weakness.
Edible but really a ripoff at those prices given whats in the area.,prices,negative,"The food is edible, but those prices are a total ripoff considering nearby options."
Edible but really a ripoff at those prices given whats in the area.,prices,negative,"Tastes okay, yet those prices feel like a scam compared to local competition."
Edible but really a ripoff at those prices given whats in the area.,prices,negative,"It's edible, but the prices are a blatant ripoff for what else is around."
"Well, their deliveries take for ever and the food is usually cold.",food,negative,Their deliveries are incredibly slow and the food is typically cold.
"Well, their deliveries take for ever and the food is usually cold.",food,negative,It takes ages for them to deliver and the food generally arrives cold.
"Well, their deliveries take for ever and the food is usually cold.",food,negative,The delivery time is way too long and the food usually shows up cold.
"Good, because hey, it's more food, but bad because dim sum is supposed to be smaller portions so you can try out more dishes and smaller so that each dish is cheap.",portions,negative,"Great—extra food, yet the problem is dim sum ought to come in smaller portions so you can sample more varieties and keep every plate inexpensive."
"Good, because hey, it's more food, but bad because dim sum is supposed to be smaller portions so you can try out more dishes and smaller so that each dish is cheap.",portions,negative,"Nice to have more to eat, but dim sum is meant to feature smaller portions so you can taste more items and each one stays affordable."
"Good, because hey, it's more food, but bad because dim sum is supposed to be smaller portions so you can try out more dishes and smaller so that each dish is cheap.",portions,negative,"More grub is a plus, but the downside is dim sum should arrive as smaller portions so you can explore more dishes without each costing much."
He offers subpar service and has no personality.,service,negative,He provides poor service and lacks any personality.
He offers subpar service and has no personality.,service,negative,His service is below average and he has no character.
He offers subpar service and has no personality.,service,negative,The service he offers is terrible and he’s completely dull.
The food was lousy - too sweet or too salty and the portions tiny.,portions,negative,"The meal was awful—overly sweet or way too salty, plus the portions were tiny."
The food was lousy - too sweet or too salty and the portions tiny.,portions,negative,"The dishes tasted terrible, either too sugary or too salty, and the portions were disappointingly small."
The food was lousy - too sweet or too salty and the portions tiny.,portions,negative,"The food tasted bad, either excessively sweet or salty, and the portions were way too tiny."
"On the other hand, if you are not fooled easily, you will find hundreds of restaurants that will give you service and ambiance that is on par with Alain Ducasse, and food that will outshine in presentaion, taste, choice, quality and quantity.",quantity,negative,"However, if you're not easily impressed, you'll discover countless restaurants offering service and atmosphere comparable to Alain Ducasse, plus food that surpasses in presentation, flavor, selection, quality and quantity."
"On the other hand, if you are not fooled easily, you will find hundreds of restaurants that will give you service and ambiance that is on par with Alain Ducasse, and food that will outshine in presentaion, taste, choice, quality and quantity.",quantity,negative,"Yet, if you aren't readily deceived, you'll encounter hundreds of eateries providing service and ambiance matching Alain Ducasse, with dishes excelling in presentation, taste, variety, quality and quantity."
"On the other hand, if you are not fooled easily, you will find hundreds of restaurants that will give you service and ambiance that is on par with Alain Ducasse, and food that will outshine in presentaion, taste, choice, quality and quantity.",quantity,negative,"Still, if you don't fall for hype easily, you'll find numerous restaurants delivering service and setting equal to Alain Ducasse, and meals that outclass in presentation, taste, options, quality and quantity."
"Besides having the table we had been promised given to other restaurant patrons twice before we were actually seated, we were served dishes we hadn't ordered three times, received one of our orders 20 minutes after the rest of the table had been served (and that order was undercooked), and charged $45 more than we should have been on our bill.",served,negative,"On top of the table we’d been promised being handed to other diners twice before we were seated, we were served plates we never requested on three separate occasions, got one entrée twenty minutes after everyone else (and it arrived undercooked), and found an extra forty-five dollars tacked onto the check."
"Besides having the table we had been promised given to other restaurant patrons twice before we were actually seated, we were served dishes we hadn't ordered three times, received one of our orders 20 minutes after the rest of the table had been served (and that order was undercooked), and charged $45 more than we should have been on our bill.",served,negative,"After watching our reserved table given away to other guests twice, we were served food we didn’t order three times, had a single dish show up twenty minutes late and underdone, and discovered a forty-five-dollar overcharge on the bill."
"Besides having the table we had been promised given to other restaurant patrons twice before we were actually seated, we were served dishes we hadn't ordered three times, received one of our orders 20 minutes after the rest of the table had been served (and that order was undercooked), and charged $45 more than we should have been on our bill.",served,negative,"Not only was our promised table reassigned to other patrons twice before seating us, we were served incorrect dishes three times, received one undercooked meal twenty minutes behind the rest, and were billed forty-five dollars more than owed."
"The dosas are skimpy, unattractive and drip with grease, and personally I'd drink popcorn topping before I'd eat another one of these.",dosas,negative,"The dosas come out meager, ugly and swimming in oil, and I’d rather gulp popcorn topping than take another bite of these."
"The dosas are skimpy, unattractive and drip with grease, and personally I'd drink popcorn topping before I'd eat another one of these.",dosas,negative,"These dosas are puny, unsightly and drenched in fat, and frankly I’d rather down popcorn topping than ever eat one again."
"The dosas are skimpy, unattractive and drip with grease, and personally I'd drink popcorn topping before I'd eat another one of these.",dosas,negative,"The dosas arrive scrawny, hideous and dripping in grease, and I’d sooner sip popcorn topping than touch another of these."
If I wanted to deal with a crappy scene and annoying customers I'd go out in Manhattan.,customers,negative,"If I felt like putting up with a lousy atmosphere and irritating customers, I’d head into Manhattan."
If I wanted to deal with a crappy scene and annoying customers I'd go out in Manhattan.,customers,negative,"Were I in the mood for a terrible scene and bothersome customers, I’d venture out in Manhattan."
If I wanted to deal with a crappy scene and annoying customers I'd go out in Manhattan.,customers,negative,"If I wanted to endure an awful vibe and obnoxious customers, I’d take a trip to Manhattan."
"I like the somosas, chai, and the chole, but the dhosas and dhal were kinda dissapointing.",dhosas,negative,"The somosas, chai, and chole were great, yet the dhosas and dhal let me down."
"I like the somosas, chai, and the chole, but the dhosas and dhal were kinda dissapointing.",dhosas,negative,"I enjoyed the somosas, chai, and chole, but the dhosas and dhal fell short."
"I like the somosas, chai, and the chole, but the dhosas and dhal were kinda dissapointing.",dhosas,negative,"While I loved the somosas, chai, and chole, the dhosas and dhal disappointed me."
The Singapore Mai Fun had NO curry flavor whatsoever.,curry flavor,negative,The Singapore Mai Fun completely lacked any curry flavor.
The Singapore Mai Fun had NO curry flavor whatsoever.,curry flavor,negative,There was absolutely no curry flavor in the Singapore Mai Fun.
The Singapore Mai Fun had NO curry flavor whatsoever.,curry flavor,negative,Not a hint of curry flavor could be detected in the Singapore Mai Fun.
"But don't ever order bacon late at nite (either platter or in sandwiches, for that matter don't from any take out place) as it is from the morning frying turns out hard almost like bacos, hurt my molars.",bacon,negative,"Never get bacon late-night—whether on a platter or in a sandwich, and skip take-out altogether—because it’s left over from the morning fry-up, goes rock-hard like fake bacon bits and did a number on my molars."
"But don't ever order bacon late at nite (either platter or in sandwiches, for that matter don't from any take out place) as it is from the morning frying turns out hard almost like bacos, hurt my molars.",bacon,negative,"Avoid ordering bacon after dark, no matter if it’s a platter or tucked in a sandwich; steer clear of any take-out spot since it’s yesterday’s batch, turns tough as Bacos and left me nursing a sore molar."
"But don't ever order bacon late at nite (either platter or in sandwiches, for that matter don't from any take out place) as it is from the morning frying turns out hard almost like bacos, hurt my molars.",bacon,negative,"Don’t bother asking for bacon late at night—on a plate or between bread—and don’t trust any take-out joint; the stuff’s been sitting since breakfast, ends up hard as imitation bits and made my molars ache."
"The mussaman curry that I ordered was as thin as water and aside from the poorly fried tofu that I ordered in it, they graciously provided me with ONE piece of poorly cooked potato.",mussaman curry,negative,"The mussaman curry I received was watery and, apart from the badly fried tofu I’d added, I was generously given a single undercooked potato cube."
"The mussaman curry that I ordered was as thin as water and aside from the poorly fried tofu that I ordered in it, they graciously provided me with ONE piece of poorly cooked potato.",mussaman curry,negative,"I was served a mussaman curry as runny as water; beyond the poorly fried tofu I requested, the kitchen kindly included just one half-cooked chunk of potato."
"The mussaman curry that I ordered was as thin as water and aside from the poorly fried tofu that I ordered in it, they graciously provided me with ONE piece of poorly cooked potato.",mussaman curry,negative,"My order of mussaman curry arrived thin like water, and—aside from the poorly fried tofu inside—I was politely offered one lone piece of badly cooked potato."
"Both times I was extremely dissappointed by the service, which was boarderline rude.",service,negative,"On both occasions, the service left me extremely disappointed and came across as borderline rude."
"Both times I was extremely dissappointed by the service, which was boarderline rude.",service,negative,I was extremely disappointed by the service both times; it was almost rude.
"Both times I was extremely dissappointed by the service, which was boarderline rude.",service,negative,"Both times, the service disappointed me greatly and felt nearly rude."
"Though you will undoubtedly be seated at a table with what seems like barely enough room (no matter what the size of your party), the warm atomosphere is worth the cramped quarters- you'll have fun and forgot about the tight spot you're in.",room,negative,"Even though your table will feel like it has almost no room regardless of party size, the cozy vibe makes up for the cramped space—you’ll enjoy yourself and stop noticing how tight the room is."
"Though you will undoubtedly be seated at a table with what seems like barely enough room (no matter what the size of your party), the warm atomosphere is worth the cramped quarters- you'll have fun and forgot about the tight spot you're in.",room,negative,"No matter how many are in your group, you’ll end up at a table with hardly any room, yet the welcoming atmosphere compensates for the squeeze and you’ll soon forget the lack of room."
"Though you will undoubtedly be seated at a table with what seems like barely enough room (no matter what the size of your party), the warm atomosphere is worth the cramped quarters- you'll have fun and forgot about the tight spot you're in.",room,negative,"You’ll surely be placed at a table that appears to offer scant room whatever your party’s size, but the warm setting outweighs the crowding and you’ll have such a good time you’ll disregard the scant room."
I went with 5 friends and we lingered at the table for a bit and didn't feel rushed at all even though there was a wait.,wait,negative,"Even though there was a wait, my group of five friends and I stayed at the table for a while without feeling pressured to leave."
I went with 5 friends and we lingered at the table for a bit and didn't feel rushed at all even though there was a wait.,wait,negative,"There was a wait, yet the six of us hung around the table for a bit and never felt hurried."
I went with 5 friends and we lingered at the table for a bit and didn't feel rushed at all even though there was a wait.,wait,negative,"Despite the wait, we took our time at the table and didn’t sense any rush."
"sometimes i get bad food and bad service, sometimes i get good good and bad service.",service,negative,"occasionally the food is poor and the service is poor, occasionally the food is decent but the service is still poor"
"sometimes i get bad food and bad service, sometimes i get good good and bad service.",service,negative,"at times i receive bad food along with bad service, and at times i receive good food yet the service remains bad"
"sometimes i get bad food and bad service, sometimes i get good good and bad service.",service,negative,"there are moments when both the food and service are bad, and moments when the food is good yet the service is still bad"
The menu is very limited - i think we counted 4 or 5 entrees.,entrees,negative,The menu is quite restricted - we only spotted 4 or 5 entrees.
The menu is very limited - i think we counted 4 or 5 entrees.,entrees,negative,The menu offers very few choices - I believe we counted just 4 or 5 entrees.
The menu is very limited - i think we counted 4 or 5 entrees.,entrees,negative,The menu is pretty sparse - we tallied maybe 4 or 5 entrees.
"It costs $2 extra to turn a regular roll into an inside-out roll, but the roll more than triples in size, and that's not just from the rice.",roll,negative,"For an additional $2 you can convert a standard roll into an inside-out version, yet the roll swells to over triple its original size—and the rice alone isn't responsible."
"It costs $2 extra to turn a regular roll into an inside-out roll, but the roll more than triples in size, and that's not just from the rice.",roll,negative,"An extra $2 swaps a plain roll for an inside-out style, but the roll balloons to more than three times its size, and rice isn't the sole reason."
"It costs $2 extra to turn a regular roll into an inside-out roll, but the roll more than triples in size, and that's not just from the rice.",roll,negative,"Shelling out $2 upgrades a normal roll to inside-out, only to watch the roll expand beyond threefold, with more than just rice driving the bulk."
The food is alright - some stuff is good - some is not (like the steak dish which tends to be dry).,steak dish,negative,"The food is okay—some items are tasty, others miss the mark, such as the steak dish that usually arrives dry."
The food is alright - some stuff is good - some is not (like the steak dish which tends to be dry).,steak dish,negative,"Overall the food's passable; certain dishes are nice, yet the steak dish consistently comes out dry."
The food is alright - some stuff is good - some is not (like the steak dish which tends to be dry).,steak dish,negative,"The meals are decent—parts are enjoyable, but the steak dish tends to be disappointingly dry."
My first time there I happened not to like the Crab Croquette apt that i ordered and they were happy to change it for me without making no big deal.,Crab Croquette apt,negative,"The first time I visited, I didn’t enjoy the Crab Croquette apt I ordered, but they gladly swapped it without any fuss."
My first time there I happened not to like the Crab Croquette apt that i ordered and they were happy to change it for me without making no big deal.,Crab Croquette apt,negative,"On my initial visit I wasn’t keen on the Crab Croquette apt I’d chosen, and they cheerfully replaced it with no hassle."
My first time there I happened not to like the Crab Croquette apt that i ordered and they were happy to change it for me without making no big deal.,Crab Croquette apt,negative,"During my first trip there, the Crab Croquette apt I picked wasn’t to my taste, yet they willingly exchanged it without a fuss."
"Disappointing food, lousy service.",food,negative,"The food was disappointing, and the service was lousy."
"Disappointing food, lousy service.",food,negative,The food proved disappointing alongside lousy service.
"Disappointing food, lousy service.",food,negative,"Food that disappointed us, plus lousy service."
I was back-to-back with the diner at the table behind me and wait staff had to hoist trays over our heads as they squeezed past us again and again.,wait staff,negative,"The diner behind me was practically pressed against my back, and wait staff kept lifting trays above our heads while squeezing past us repeatedly."
I was back-to-back with the diner at the table behind me and wait staff had to hoist trays over our heads as they squeezed past us again and again.,wait staff,negative,"Pressed back-to-back with the person at the next table, I endured wait staff repeatedly hoisting trays overhead as they squeezed by us."
I was back-to-back with the diner at the table behind me and wait staff had to hoist trays over our heads as they squeezed past us again and again.,wait staff,negative,My back touched the diner seated behind me while wait staff had to raise trays over our heads each time they repeatedly squeezed past.
The food is nothing like its menu description.,menu description,negative,The food doesn't match its menu description at all.
The food is nothing like its menu description.,menu description,negative,The food is completely different from its menu description.
The food is nothing like its menu description.,menu description,negative,The food is not at all like what the menu description suggests.
"Compared to Ess-a, Tal offers a less doughy bagel!",bagel,negative,Tal's bagel is less doughy compared to Ess-a's.
"Compared to Ess-a, Tal offers a less doughy bagel!",bagel,negative,Ess-a's bagel is doughier than the one from Tal.
"Compared to Ess-a, Tal offers a less doughy bagel!",bagel,negative,"When compared with Ess-a, Tal's bagel lacks doughiness."
"But they don't have a toaster, which is strange.",toaster,negative,It's odd that they don't have a toaster.
"But they don't have a toaster, which is strange.",toaster,negative,"They lack a toaster, which is odd."
"But they don't have a toaster, which is strange.",toaster,negative,"For some reason, there's no toaster, which is weird."
"Over time, the food quality has decreased substantially, it is a lot less crowded than it used to, and the service must definitely be part of the reason.",service,negative,"The food quality has dropped significantly over time, the place is far less packed than before, and the service is surely contributing to this decline."
"Over time, the food quality has decreased substantially, it is a lot less crowded than it used to, and the service must definitely be part of the reason.",service,negative,"As time has passed, the food quality has worsened considerably, the crowd has thinned out, and the service is clearly a factor in this change."
"Over time, the food quality has decreased substantially, it is a lot less crowded than it used to, and the service must definitely be part of the reason.",service,negative,"With time, the food quality has declined a lot, there's much less crowding than in the past, and the service must be playing a role in this."
The Singapore Mai Fun had NO curry flavor whatsoever.,Singapore Mai Fun,negative,There was absolutely no curry taste in the Singapore Mai Fun.
The Singapore Mai Fun had NO curry flavor whatsoever.,Singapore Mai Fun,negative,The Singapore Mai Fun completely lacked any curry flavor.
The Singapore Mai Fun had NO curry flavor whatsoever.,Singapore Mai Fun,negative,Not a hint of curry flavor could be detected in the Singapore Mai Fun.
"The mussaman curry that I ordered was as thin as water and aside from the poorly fried tofu that I ordered in it, they graciously provided me with ONE piece of poorly cooked potato.",potato,negative,"The mussaman curry I got was watery, and beyond the badly fried tofu I requested, they kindly gave me a single piece of poorly cooked potato."
"The mussaman curry that I ordered was as thin as water and aside from the poorly fried tofu that I ordered in it, they graciously provided me with ONE piece of poorly cooked potato.",potato,negative,"My order of mussaman curry arrived watery, and apart from the poorly fried tofu, they thoughtfully supplied one lone piece of poorly cooked potato."
"The mussaman curry that I ordered was as thin as water and aside from the poorly fried tofu that I ordered in it, they graciously provided me with ONE piece of poorly cooked potato.",potato,negative,"I received a water-thin mussaman curry, and aside from the poorly fried tofu included, they generously served me just one piece of poorly cooked potato."
"The highlight of the night was the mayonaisse for my side of fries I received from one of the food runners, which is not good considering the bill was nearly $100.",bill,negative,"Getting just mayonnaise for my fries from a food runner was the night's highlight, which feels disappointing when the bill was almost $100."
"The highlight of the night was the mayonaisse for my side of fries I received from one of the food runners, which is not good considering the bill was nearly $100.",bill,negative,"The best part of the evening was the mayonnaise for my fries handed over by a food runner, a letdown given that the bill came to nearly $100."
"The highlight of the night was the mayonaisse for my side of fries I received from one of the food runners, which is not good considering the bill was nearly $100.",bill,negative,"It was pretty sad that the high point of the night was the mayonnaise served with my fries by a food runner, especially since the bill totaled close to $100."
"Looking around, I saw a room full of New Yorkers enjoying a real meal in a real restaurant, not a clubhouse of the fabulous trying to be seen.",clubhouse,negative,"Glancing about, I noticed New Yorkers savoring an actual dinner in a genuine restaurant, not a clubhouse of the fabulous desperate to be noticed."
"Looking around, I saw a room full of New Yorkers enjoying a real meal in a real restaurant, not a clubhouse of the fabulous trying to be seen.",clubhouse,negative,"As I looked, I saw locals relishing a proper meal in an authentic restaurant, not a clubhouse of the fabulous vying for attention."
"Looking around, I saw a room full of New Yorkers enjoying a real meal in a real restaurant, not a clubhouse of the fabulous trying to be seen.",clubhouse,negative,"I observed New Yorkers enjoying a bona-fide meal in a real restaurant, rather than a clubhouse of the fabulous attempting to be spotted."
"Unfortunately, the food was NOT something to get worked up about.",food,negative,"Regrettably, the food just wasn't worth any excitement."
"Unfortunately, the food was NOT something to get worked up about.",food,negative,It's too bad the food failed to impress.
"Unfortunately, the food was NOT something to get worked up about.",food,negative,"Sadly, the food didn't live up to any hype."
The last time I went we were seated at a table in a corridor next to the kitchen.,table,negative,"On my last visit, they placed us at a table in a hallway right beside the kitchen."
The last time I went we were seated at a table in a corridor next to the kitchen.,table,negative,"During my previous visit, we had to sit at a table located in a passage adjacent to the kitchen."
The last time I went we were seated at a table in a corridor next to the kitchen.,table,negative,"The last time I visited, our table was set in a corridor next to the kitchen area."
"The kitchen however, is almost always slow.",kitchen,negative,"The kitchen, on the other hand, is nearly always slow."
"The kitchen however, is almost always slow.",kitchen,negative,"However, the kitchen is consistently slow."
"The kitchen however, is almost always slow.",kitchen,negative,"Almost without exception, the kitchen remains slow."
INCREDIBLY POOR SERVICE AN FOOD QUALITY AT EXORBITANT PRICES.,SERVICE,negative,The SERVICE was shockingly bad and the food quality was terrible for such high prices.
INCREDIBLY POOR SERVICE AN FOOD QUALITY AT EXORBITANT PRICES.,SERVICE,negative,SERVICE was extremely disappointing and the food was awful given the outrageous cost.
INCREDIBLY POOR SERVICE AN FOOD QUALITY AT EXORBITANT PRICES.,SERVICE,negative,"SERVICE fell far below expectations, with poor food quality and prices that were way too high."
"My turkey burger was not cooked at all, my friends salmon was completely raw.",salmon,negative,"My turkey burger was totally undercooked, while my friend's salmon arrived completely raw."
"My turkey burger was not cooked at all, my friends salmon was completely raw.",salmon,negative,"Not only was my turkey burger undone, but my friend's salmon was served completely uncooked."
"My turkey burger was not cooked at all, my friends salmon was completely raw.",salmon,negative,"My turkey burger came out raw, and my friend's salmon was likewise completely undercooked."
"The Thali was small, thoroughly unremarkable, and $14.95.",Thali,negative,"The Thali felt tiny, completely forgettable, and carried a $14.95 price tag."
"The Thali was small, thoroughly unremarkable, and $14.95.",Thali,negative,"Priced at $14.95, the Thali was disappointingly small and utterly nondescript."
"The Thali was small, thoroughly unremarkable, and $14.95.",Thali,negative,"For $14.95, the Thali turned out to be miniature and totally unimpressive."
"at night, but it's hard to hear your own conversation with everyone else competing for that same luxury - the music playing in the background is also voluminous.",music,negative,"At night, holding a conversation becomes nearly impossible as voices clash for that same privilege—meanwhile the music drifting behind us blasts at overwhelming levels."
"at night, but it's hard to hear your own conversation with everyone else competing for that same luxury - the music playing in the background is also voluminous.",music,negative,"After dark, hearing your own words is a struggle with everyone vying for the same comfort, while the background music pounds out at deafening volume."
"at night, but it's hard to hear your own conversation with everyone else competing for that same luxury - the music playing in the background is also voluminous.",music,negative,"In the evening, talking is tough because everyone competes for that same indulgence, and the music filling the room is thunderously loud."
"With so many good restaurants on the UWS, I don't need overpriced food, absurdly arrogant wait-staff who don't recognize they work at a glorified diner, clumsy service, and management that doesn't care.",wait-staff,negative,"Given all the great options on the Upper West Side, I can skip pricey dishes, wait-staff whose absurd arrogance blinds them to the fact they’re in a dressed-up diner, sloppy service, and indifferent management."
"With so many good restaurants on the UWS, I don't need overpriced food, absurdly arrogant wait-staff who don't recognize they work at a glorified diner, clumsy service, and management that doesn't care.",wait-staff,negative,"On the UWS, plenty of excellent spots make it easy to avoid costly meals, wait-staff so absurdly arrogant they forget they’re at a fancy diner, fumbling service, and managers who couldn’t care less."
"With so many good restaurants on the UWS, I don't need overpriced food, absurdly arrogant wait-staff who don't recognize they work at a glorified diner, clumsy service, and management that doesn't care.",wait-staff,negative,"Why put up with steep prices, wait-staff absurdly arrogant about working at a glorified diner, botched service, and apathetic management when the UWS has so many good restaurants?"
"Great roofdeck, nice group of 30 somethings, but no music, kind of quiet.",music,negative,"The roofdeck is great and the crowd is nice, all in their 30s, but there's no music and it's rather quiet."
"Great roofdeck, nice group of 30 somethings, but no music, kind of quiet.",music,negative,"Awesome roofdeck with a pleasant group of thirty-somethings, yet lacking music and too quiet."
"Great roofdeck, nice group of 30 somethings, but no music, kind of quiet.",music,negative,"Fantastic roofdeck and a lovely bunch of people in their 30s, but the absence of music makes it too subdued."
The pizza was delivered cold and the cheese wasn't even fully melted!,cheese,negative,The pizza arrived cold and the cheese hadn't completely melted!
The pizza was delivered cold and the cheese wasn't even fully melted!,cheese,negative,They delivered a cold pizza where the cheese was still partially solid!
The pizza was delivered cold and the cheese wasn't even fully melted!,cheese,negative,The pizza came cold with cheese that wasn't thoroughly melted!
"The chicken parm was edible but had canned tomato sauce and boxed pasta and the chicken with portobello mushrooms consisted of dry, inedible chicken with terrible sauce.",chicken with portobello mushrooms,negative,"While the chicken parm was edible, it came with canned tomato sauce and boxed pasta, and the chicken with portobello mushrooms was dry, inedible, and covered in awful sauce."
"The chicken parm was edible but had canned tomato sauce and boxed pasta and the chicken with portobello mushrooms consisted of dry, inedible chicken with terrible sauce.",chicken with portobello mushrooms,negative,"The chicken parm was okay, but it had canned tomato sauce and boxed pasta, whereas the chicken with portobello mushrooms turned out to be dry, inedible, and smothered in horrible sauce."
"The chicken parm was edible but had canned tomato sauce and boxed pasta and the chicken with portobello mushrooms consisted of dry, inedible chicken with terrible sauce.",chicken with portobello mushrooms,negative,"Although the chicken parm was edible, it used canned tomato sauce and boxed pasta, and the chicken with portobello mushrooms proved to be dry, inedible, and served with dreadful sauce."
"Besides having the table we had been promised given to other restaurant patrons twice before we were actually seated, we were served dishes we hadn't ordered three times, received one of our orders 20 minutes after the rest of the table had been served (and that order was undercooked), and charged $45 more than we should have been on our bill.",served,negative,"Not only was the table we had been promised given away to other diners twice before we were seated, we were served items we never ordered on three occasions, one of our dishes arrived 20 minutes after everyone else had been served (and it was undercooked), and we were overcharged by $45 on the bill."
"Besides having the table we had been promised given to other restaurant patrons twice before we were actually seated, we were served dishes we hadn't ordered three times, received one of our orders 20 minutes after the rest of the table had been served (and that order was undercooked), and charged $45 more than we should have been on our bill.",served,negative,"Before we even got the table that had been promised to us—given to other guests twice—we were served wrong dishes three times, one entrée reached us 20 minutes late and undercooked, and the bill tacked on an extra $45 we didn’t owe."
"Besides having the table we had been promised given to other restaurant patrons twice before we were actually seated, we were served dishes we hadn't ordered three times, received one of our orders 20 minutes after the rest of the table had been served (and that order was undercooked), and charged $45 more than we should have been on our bill.",served,negative,"After the staff twice gave our reserved table to other patrons, we were served incorrect meals three times, one plate arrived 20 minutes late and underdone, and the check hit us with a $45 overcharge."
We were seated and ignored by waitstaff.,waitstaff,negative,We got seated but then the waitstaff just left us hanging.
We were seated and ignored by waitstaff.,waitstaff,negative,"After being seated, the waitstaff completely overlooked us."
We were seated and ignored by waitstaff.,waitstaff,negative,They sat us down and the waitstaff never came back to us.
"Everything, from the soft bread, soggy salad, and 50 minute wait time, with an incredibly rude service to deliver below average food.",salad,negative,"The soft bread, soggy salad, and 50-minute wait were topped off by incredibly rude service delivering below-average food."
"Everything, from the soft bread, soggy salad, and 50 minute wait time, with an incredibly rude service to deliver below average food.",salad,negative,"From the soft bread to the soggy salad and the 50-minute wait, the whole experience was marred by rude service and below-average food."
"Everything, from the soft bread, soggy salad, and 50 minute wait time, with an incredibly rude service to deliver below average food.",salad,negative,"Soft bread, soggy salad, a 50-minute wait, and rude service all combined to serve below-average food."
"The Halibut was too salty, dessert was so so (don't waste any of your calories) and service was poor.",Halibut,negative,"The Halibut was overly salty, the dessert was mediocre at best and the service was disappointing."
"The Halibut was too salty, dessert was so so (don't waste any of your calories) and service was poor.",Halibut,negative,"I found the Halibut excessively salty, the dessert unimpressive and the service subpar."
"The Halibut was too salty, dessert was so so (don't waste any of your calories) and service was poor.",Halibut,negative,"The Halibut arrived oversalted, the dessert was nothing special and the service lacked quality."
"It's a place for people who pay a lot for mediocre food, noise and a chance to be with their fellow bridge and tunnel folks.",noise,negative,"It's a spot where you shell out big bucks for underwhelming food, noise and the privilege of mingling with the bridge-and-tunnel crowd."
"It's a place for people who pay a lot for mediocre food, noise and a chance to be with their fellow bridge and tunnel folks.",noise,negative,"This establishment charges hefty prices for average food, noise and the company of fellow bridge and tunnel types."
"It's a place for people who pay a lot for mediocre food, noise and a chance to be with their fellow bridge and tunnel folks.",noise,negative,"People drop serious cash here for so-so food, noise and the chance to hang out with their bridge-and-tunnel peers."
The strong scents coming from the left and right of me negatively affected my taste buds.,scents,negative,The powerful scents surrounding me from both sides ruined my sense of taste.
The strong scents coming from the left and right of me negatively affected my taste buds.,scents,negative,The intense scents on my left and right impaired my taste buds in a bad way.
The strong scents coming from the left and right of me negatively affected my taste buds.,scents,negative,The potent scents from either side had a negative impact on my ability to taste.
The hot and sour soup was unbearably hot and tasted of only pepper and nothing else.,soup,negative,The hot and sour soup was painfully spicy and had nothing but a pepper flavor.
The hot and sour soup was unbearably hot and tasted of only pepper and nothing else.,soup,negative,The hot and sour soup was excessively fiery and solely tasted of pepper.
The hot and sour soup was unbearably hot and tasted of only pepper and nothing else.,soup,negative,The hot and sour soup was intolerably hot and only had the flavor of pepper.
"It is about FOOD and Ambiance, and imagine how dreadful it will be it we only had to listen to an idle engine.",FOOD,negative,"It's all about FOOD and the atmosphere, and just think how awful it would be if we were stuck listening to a running engine."
"It is about FOOD and Ambiance, and imagine how dreadful it will be it we only had to listen to an idle engine.",FOOD,negative,"The focus is on FOOD and the setting, but consider how terrible it would feel if we merely heard an idling engine."
"It is about FOOD and Ambiance, and imagine how dreadful it will be it we only had to listen to an idle engine.",FOOD,negative,It concerns FOOD and ambiance—picture how dreadful it would be if we had nothing to listen to but an idle engine.
Horrible food and Horrible service.,service,negative,The food was terrible and the service was dreadful.
Horrible food and Horrible service.,service,negative,Awful cuisine paired with appalling service.
Horrible food and Horrible service.,service,negative,Both the meal and the service were thoroughly unpleasant.
