sentence,sentiment,topic
"đối với em , em đã thấy hợp lý .",2,3
"em nhận thấy thầy wzjwz67 rất nhiệt tình trong việc giảng dạy , cung cấp rất nhiều thông tin thực tế cho sinh viên nhằm chuẩn bị kỹ năng khi đi ra ngoài làm việc , phương pháp học gắn sát thực tế , tuy đội lúc có gặp khó khăn nhưng cũng rất bổ ích .",2,0
giáo viên còn khá dễ dãi với sinh viên .,0,0
theo em nghĩ nên sửa lại hoặc thay mới dàn máy tính cũ và dễ bị lỗi đi .,0,2
bởi vì môn giải thuật là môn khô khan và khó học nên em mong thầy làm cách nào đó để khiến sinh viên hứng thú học và đến lớp hơn .,0,0
cô còn giảng hơi nhanh .,0,0
không nên thêm bảng băm vào môn này .,0,1
đầy đủ và nhiều ví dụ .,2,0
giáo viên dạy tốt .,2,0
phòng thực hành nóng .,0,2
"dạy đúng giờ , dễ hiểu .",2,0
"giảng viên có cách truyền đạt dễ hiểu , tận tâm .",2,0
"tận tâm , nhiệt tình , tiết học thú vị , dễ hiểu , thân thiện , gần gũi .",2,0
"không đảm bảo được thời gian lên lớp , giờ học lung tung .",0,1
chưa có demo thực tế .,0,0
nghe tiếng anh nhiều .,1,1
đối với môn này thì khá hữu ích cho sinh viên trong đời sống xã hội hay trong công việc .,2,1
"không có giải thích rõ , cụ thể về bài tập .",0,1
giúp sinh viên làm việc nhóm hiệu quả hơn .,2,0
chất lượng đào tạo rất tốt .,2,1
"nên thực hành những thứ dễ tiếp thu bài học lý thuyết trước đó , và có cuộc thi cộng điểm cho những ai làm thêm bài tập hoặc chương trình .",0,1
"giảng viên đứng lớp sử dụng giờ trên lớp không hiệu quả , thường kết thúc sớm , và dặn dò những điều không cần thiết , cụ thể như có những buổi học diễn ra doubledot sinh viên lên seminar đề tài không liên quan .",0,0
chưa đưa được nhiều bài tập cho sinh viên .,0,0
cho luyện hơi ít bài tập .,0,1
khả năng truyền đạt không tốt lắm .,0,0
thầy giảng hơi buồn ngủ .,0,0
"thầy dạy rất hay , có kiến thức sâu rộng .",2,0
chưa có hoạt động nhóm .,0,1
chưa thật sự dễ hiểu .,0,1
dạy lố giờ .,0,0
"dạy trễ , giờ học bị kéo dài .",0,0
cần thực hành môn học nhiều hơn .,0,1
"chưa từng thấy cô giảng dạy trên lớp và nói gì đồ án , trong khi thầy dạy lý thuyết lại có .",0,0
giảng viên nên đảm bảo giờ lên lớp vì giảng viên đã nghỉ khá nhiều số tiết có trên lớp .,0,0
"tận tình , kỹ lưỡng .",2,0
"thi giữa kỳ cả lớp cũng phải ngồi đợi hơn 30 phút vì giáo viên "" kẹt xe "" .",0,0
thầy nên tham khảo cách cho và làm bài tập của thầy wzjwz319 chứ đừng show slide bài tập rồi vài giây sau qua slide đáp án .,0,0
giáo viên giảng dạy dễ hiểu và nhiệt tình trong tiết học .,2,0
giảng dạy rất dễ hiểu và tận tâm với sinh viên .,2,0
"có nhiều kiến thức thực tiễn , phù hợp với môi trường làm việc hiện đại .",2,1
cô dạy quá nhiều lý thuyết suông .,0,0
"thầy giảng bài nhiệt tình , nhưng hơi khó hiểu .",0,0
tăng cường speaking trong giờ học .,0,1
"giáo viên giảng bài kỹ , tận tâm .",2,0
"giảng viên dạy hay , dễ hiểu .",2,0
thầy có hướng dẫn vào lúc thực hành .,1,0
giảng viên hỗ trợ tích cực .,2,0
giảng viên hòa đồng .,2,0
"dạy hay , dễ hiểu , luôn hòa đồng và vui vẻ với sinh viên .",2,0
thực hành với lý thuyết có vẻ không có liên quan với nhau .,0,1
các bài hướng dẫn lab thực hiện trên win server 2k3 rất lỗi thời .,0,0
"thầy dạy rễ hiểu , nhiệt tình .",2,0
sử dụng tạo bài kiểm tra trong course chưa hợp lý .,0,0
hình như thầy nghỉ hơi nhiều thì phải .,0,0
"giảng viên truyền đạt kiến thức tốt , có nhiều kinh nghiệm , có thể giải đáp được thắc mắc của sinh viên .",2,0
em thấy môn này không áp dụng thực tế đối với trường mình .,0,1
làm chủ đề đồ án nhóm .,1,1
thầy nên hướng dẫn bài tập nhiều hơn và nên giải các bài khó .,0,0
"thiết kế và trình bày bài giảng mạch lạc , ngắn gọn , chi tiết giúp sinh viên dễ nắm bắt làm quen các khái niệm trong xác suất thống kê .",2,1
slide bài giảng đầy đủ .,2,1
"nâng cấp hệ thống phục vụ giảng dạy như loa , máy cassette .",0,2
cô dễ thương nhiệt tình .,2,0
hoạt động nhóm tốt giúp sinh viên tích cực .,2,0
rất thích cô wzjwz108 vì cô dạy hứng thú và hay .,2,0
"giảng viên tận tâm , nhiệt tình , giỏi .",2,0
cô dạy hay và có tâm .,2,0
thầy hòa đồng và thân thiện .,2,0
thầy giảng dạy rất tốt và tuyệt vời !,2,0
"thầy là một người sống rất có tâm , lại có vẻ bề ngoài đẹp trai , thầy rất hóm hỉnh và dí dỏm .",2,0
cô còn chưa thể tạo ra cho lớp học không khí sôi nổi trong học tập .,0,0
toàn giảng slide .,0,0
"cô nhiệt tình , hoà đồng với học sinh .",2,0
cô có nhiều cách dạy sáng tạo .,2,0
cần đưa ra những ứng dụng thực tế để có thể hiểu dễ dàng hơn .,0,1
giảng dạy đầy đủ đúng giờ .,2,0
"thầy rất nhiệt tình , giảng dễ hiểu .",2,0
"truyền đạt dễ hiểu , phương pháp giảng dạy hứng thú .",2,0
"giảng viên có khả năng truyền đạt tốt , hay tạo nhiều tình huống để sinh viên có thể bàn luận và luôn lắng nghe nguyện vọng của sinh viên .",2,0
"giảng viên sắp xếp lịch ở nhiều tiết không phù hợp ( tiết 2 - 3 , 3 - 4 , dot ) khiến rất nhiều sinh viên không tham gia được .",0,0
cô đưa ra nhiều phương án giải quyết khi sinh viên gặp vấn đề nào đó với đồ án !,2,0
"vui tính , khả năng truyền đạt kiến thức tốt .",2,0
"nội dung học vừa phải , không quá nặng cũng như không quá nhẹ .",2,1
thầy rất tận tâm tới từng nhóm để chỉ và slide bài giảng của thầy rất chi tiết đọc một đến hai lần có thể hiểu được các bước thực hành .,2,0
"giảng viên không tổng kết , bổ sung lại kiến thức sau mỗi buổi tự thuyết trình của sinh viên , nhiều chỗ còn khó hiểu và kiến thức chưa sâu .",0,0
cô giảng và dạy rất nhiệt tình .,2,0
"nội dung môn học quá nhiều so với thời lượng một học kỳ , môn trong toàn bộ chương trình đào tạo thì chỉ có duy nhất môn này liên quan đến tín hiệu số và là một phần khá quan trọng trong kỹ năng kiến thức cần có , nhưng thời lượng bố trí chỉ có một học kỳ và chỉ một môn , khiến nội dung phải nhồi nhét khá nhiều , kiến thức chỉ ở cơ bản và không thể chuyên sâu được .",0,1
lấy điểm bằng cách gọi lên bảng làm bài .,1,0
số lượng sinh viên trong một lớp quá lớn .,0,3
"thiếu tương tác với sinh viên , trong khi lớp chỉ 10 người nhưng thầy vẫn chưa nắm được tình hình học viên .",0,0
"đôi phần giảng viên nói nhanh , và sửa bài tập thì chữ ghi lại khá nhỏ ( ngồi xa bảng sẽ khó thấy ) .",0,0
"giảng viên tận tụy quan tâm học sinh và rất tâm lý , truyền đạt tốt , thực tiễn sinh động .",2,0
đề nghị thầy giảm béo .,0,0
vui nhộn trong giờ học .,2,1
khi gộp lại chương trình trở nên nhiều và rộng .,0,1
"em tham gia đầy đủ buổi học của lớp này , em không có một chút hài lòng về môn học này .",0,1
thầy rất nhiệt tình và tận tâm chỉ dạy .,2,0
giải đáp thắc mắc của sinh viên chưa tới nơi tới chốn .,0,0
chất lượng không tốt .,2,3
phương pháp giảng của thầy giúp chúng em nắm được kiến thức nhanh hơn và sâu hơn !,2,0
"cách giảng giải chi tiết , ví dụ dễ hiểu .",2,0
thầy vui vẻ và dạy dễ hiểu .,2,0
em mong nhà trường có thể đổi phòng học cho lớp em ạ .,0,2
"cô dạy hơi nhanh , cách nói của cô dễ gây áp lực .",0,0
"tận tâm , rất hữu ích .",2,0
quá cứng nhắc trong cách cho điểm .,0,0
giảng viên có kiến thức sâu rộng .,2,0
"giảng viên wzjwz78 rất nhiệt tình với sinh viên , nhưng cũng vì vậy mà dạy lan man , nhiều khi tạo cảm giác cho sinh viên là cô giảng không có sự chuẩn bị , nội dung không liền mạch , rất khó theo dõi .",0,0
thầy luôn lên lớp đầy đủ và đúng giờ .,2,0
môn học không bổ trợ cho sinh viên khả năng làm việc sau này .,0,1
cô luôn nhiệt tình giải thích một quan điểm rất cặn kẽ và dễ hiểu và ví dụ phù hợp với bài học !,2,0
"nhiều hoạt động nhóm sôi nổi , thoải mái và có hiệu quả .",2,0
thầy nên chia sẻ giáo trình với sinh viên .,0,0
phòng hội trường nóng nực .,0,2
"thầy nhiệt tình , cách giảng dạy gợi mở .",2,0
"thầy nhiệt tình , tận tâm quá mức .",2,0
thầy nên có deadline cụ thể cho từng bài lab .,0,0
tiếng anh nói còn phát âm sai .,0,0
giọng cô nghe dễ ngủ !,1,0
cần bỏ môn xác suất thống kê thay bằng học lập trình trực quan để sinh viên có thể dễ tiếp thu kiến thức .,0,1
cô nên cho nhiều bài tập để cho sinh viên làm hơn .,0,0
"không quan tâm , không hướng dẫn , hết !",0,0
"thầy tận tâm , nhiệt tình , truyền đạt nhiều kinh nghiệm quý báu trong học tập và cuộc sống .",2,0
"thầy dạy chi tiết , dễ hiểu .",2,0
"thầy dạy nhiệt tình , vui tính , sôi nổi trên lớp .",2,0
chấm điểm thi thực hành quá khắt khe .,0,0
không hài lòng là ở việc người dạy lý thuyết với người thực hành khác nhau .,0,1
"sáng 7h15 - 7h20 các cô lao công mới quét lớp , sàn nhà , mà cứ quét là hắt thẳng kể cả mặt sinh viên đang đi ở hành lang các nhà như không có ai , rất khó chịu cho các bạn sinh viên , nói ra với các cô sợ các cô buồn rồi hôm sau hắt mạnh tay hơn .",0,2
"đi đúng giờ , giảng bài đầy đủ .",2,0
"phương pháp học khiến sinh viên phải chủ động , em đã cải thiện rất nhiều khả năng nói của bản thân .",2,0
cần cho bài tập để học sinh vận dụng ở nhà ạ .,0,0
lớp khá nhiệt tình .,2,0
giảng viên bận rộn việc quản lý hơi nhiều nên giờ học không thật sự đầy đủ và ổn định .,0,0
nội dung thi khá nặng so với sinh viên không chuyên .,0,1
điểm danh không chính xác .,0,0
"dạy nhanh , không thể theo kịp .",0,0
"thầy trung thực thẳng thắng , ngay thẳng .",2,0
"giảng viên thực hành và lý thuyết đỗ lỗi cho nhau về chậm trễ bàn giao tài liệu , công cụ thực hành .",0,0
"cô dạy tận tình , vui vẻ và nhiệt tình .",2,0
giờ học thiếu sinh động .,0,3
"thực hành mạng cần cung cấp tài liệu thực hành trước , những câu hỏi trong thực hành cần cho sinh viên biết để tìm hiểu nghiên cứu trước chứ đến khi thực hành mới cho biết để nghiên cứu thật sự không hiểu quả .",0,1
thầy rất nhiệt tình và tận tình chỉ dạy .,2,0
lòng nhiệt huyết .,2,0
"có thêm giảng viên hổ trợ , giúp học dễ dàng và dễ hiểu .",2,0
"giảng dạy nhiệt tình , ví dụ dễ hiểu , phương pháp dạy tốt .",2,0
đôi khi để giờ trống nhiều .,0,1
em đề nghị đổi phòng học .,0,2
cô dạy rất dễ hiểu dễ làm .,2,0
sinh viên chưa thể hình dung và tiếp thu hết được tất cả nội dung .,0,1
"có lẽ là "" top giảng viên dạy dễ hiểu nhất đó giờ "" mà em từng học .",2,0
"mong nhà trường luôn cập nhật giáo trình giảng dạy phù hợp , nên phân bổ thời gian nhiều hơn cho hoạt động giao tiếp trên lớp .",0,1
"nhiệt tình , kiến thức rất chuẩn , vui vẻ , dễ gần .",2,0
"thầy dạy dễ hiểu , vui tính .",2,0
cô dạy chưa hay lắm !,0,0
cảm ơn thầy rất nhiều !,2,0
"giảng viên thực hành và giảng viên lý thuyết không liên hệ với nhau dẫn đến không thống nhất nội dung bài học , mỗi người dạy một phần khác nhau .",0,0
"thầy dạy vui , thực tế .",2,0
đi trễ giờ và lố thời gian và không theo khung giờ trong thời khóa biểu .,0,0
"khá gần gũi với sinh viên , vui tính , nhiệt tình .",2,0
thầy dạy dễ tiếp thu kiến thức .,2,0
giảng viên hướng dẫn anh fraction chị phương pháp học tập chủ động và tạo động cơ học tập suốt đời .,2,0
"đồng ý là sinh viên thì tự học là chính , giảng viên là người hướng dẫn , nhưng mà tại lớp này giảng viên chẳng hướng dẫn được gì , cứ thao thao bất tuyệt đọc slide trên lớp xong về việc này tự sinh viên chúng em cũng làm được , giảng dạy kho hiểu , khô khan , demo không rõ ràng .",0,0
tác phong chuyên nghiệp .,2,0
cách dạy của thầy .,1,0
giảng hay đi đúng trọng tâm .,2,0
"thầy wzjwz61 thường xuyên đi trễ cho tan học sớm , sử dụng giờ lên lớp không hiệu quả .",0,0
"nhiệt tình , vui vẻ , chia sẻ kinh nghiệm học .",2,0
"giảng hay , bài tập đa dạng .",2,0
"nhiệt tình trong giảng dạy , vui vẻ , hòa đồng với sinh viên .",2,0
nên bỏ thực hành hình thức 2 đối với môn này .,0,1
"mỗi buổi thực hành sinh viên chỉ có nhiệm vụ download bài tập từ courses và tự làm , giảng viên không giảng nội dung thực hành cho sinh viên hiểu , chỉ khi sinh viên hỏi thì mới trả lời , mỗi buổi học thực hành , giảng viên cần phải giới thiệu sơ về bài học , mục tiêu và kết quả sinh viên sẽ học được gì .",0,1
giáo viên chọn đồ án môn học bám sát với nội dung môn học .,2,0
giảng viên demo ví dụ rõ ràng .,2,0
thầy luôn hướng dẫn sinh viên làm bài tập bằng nhiều phương pháp khác nhau kể cả cách ngắn .,2,0
tuy nhiên môn học khá khó nên lớp hiểu không hết kiến thức trong bài học được .,0,1
cô rất hòa đông giảng dạy rất dễ hiểu .,2,0
"thầy cần quan tâm tới lớp hơn , hơn nữa nhiều lúc thầy cũng đi trễ , trong khi các bạn đi trễ quá 15 phút thì thầy khóa cửa và không cho vào nữa , trong khi môn học này sinh viên chỉ lên hỏi cách làm bài tập thầy giao chứ thầy không có hướng dẫn làm .",0,0
chưa có sức thu hút .,0,0
cả lớp đều nói là giảng viên chưa hướng dẫn mà giảng viên nói là hướng dẫn rồi .,0,0
giảng viên tới lớp hơi trễ .,0,0
cần được rút kinh nghiệm .,0,3
em học it002dotf23 thực hành 2 chứ không phải thực hành 1 .,0,3
thầy dạy ok .,2,0
nên đầu tư nhiều đầu sách tiếng anh cho thư viện trường .,0,1
cuối cùng sinh viên đóng tiền các tín chỉ học thực hành theo hình thức 2 nhưng thực tế chẳng được học một phút nào .,0,1
"thầy giảng dễ hiểu , vui tính .",2,0
các phòng máy cần được trang bị các phần mềm hỗ trợ cho môn học phù hợp .,0,2
phòng học thiếu quạt máy chiếu mờ em xin cám ơn .,0,2
thây dạy rất nhiệt tình và dễ hiểu .,2,0
"chứ chép bài tập rất mất thời gian , đã thế mỗi lần chép là mấy chụp bài !",0,1
dạy khó colonsmile .,0,0
"thầy dạy tốt , vấn đáp được nhiều thắc mắc của sinh viên .",2,0
"giảng viên rất nhiệt tình , sôi nổi , có tâm với sinh viên .",2,0
không có bài tập làm thêm .,0,0
"thầy dạy cực tốt , phương pháp hay , có cách giảng bài rất dễ tiếp thu , học thầy wzjwz176 đã hai lần và lần nào cũng thấy hài lòng .",2,0
"cần có tài liệu để đọc thêm , tự học .",0,1
"giảng viên nghiêm khắc , bài giảng chuyên sâu giúp sinh viên hiểu rõ vấn đề .",2,0
gửi đến sinh viên nhiều ý tưởng tuyệt vời trong khởi nghiệp .,2,0
dẫn chứng thực tế .,2,3
em mong sau mỗi nhóm thuyết trình thầy sẽ khái quát lại nội dung và bổ sung một vài điểm cần chú ý để lớp nắm được .,0,0
thầy bận nhiều việc nên hay cho nghỉ .,0,0
môn này là bị trùng hoặc thừa vì mấy môn trước như lập trình mạng với đồ án vô số sinh viên đã tự học cái này rồi .,0,1
trong giờ học thầy cứ đi lên đi xuống và nói thao thao bất tuyệt .,0,0
"giảng viên cần cung cấp tài liệu , slide bài giảng .",0,0
"thầy dạy hay , tận tâm .",2,0
tài liệu giấy đầy đủ nhưng thứ tự bài chưa được cập nhật theo chương trình giảng .,0,1
nên cho mỗi thành viên trong nhóm làm báo cáo riêng để không ai thiệt thòi và ỷ lại .,0,1
không biết có phải do em hỏi nhảm hay không nhưng mà sau này thầy nên nói rõ thầy sẽ trả lời những vấn đề nào trên mail .,0,0
"giảng viên nên thông báo rõ ràng , chính xác thông tin về báo cáo môn học thông qua nhiều kênh .",0,0
cô dạy hay .,2,0
cần thực hành và làm bài tập nhiều hơn nữa .,0,1
mong nhà trường nâng cấp các phòng thực hành và các thiết bị trong phòng học .,0,2
"thầy luôn đảm bảo giờ lên lớp , đưa thông tin , tài liệu đến sinh viên nhanh nhất , trả lời tất cả thắc mắc của sinh viên .",2,0
thầy viết ít comment quá colonsmallsmile .,0,0
rất thực tiễn .,2,3
thầy cho điểm hơi căng .,0,0
"nhiệt tình , tâm lý .",2,0
"thầy dạy chi tiết , kỹ càng .",2,0
nhưng với em kỳ này thầy đã dạy môn này thất bại rồi !,0,0
"giảng viên lớn tiếng với sinh viên , gây áp lực cho sinh viên .",0,0
thầy cho thuyết trình quá nhiều .,0,0
giảng viên giảng bài tiếp thu tốt .,2,0
"so vời những môn học khác , môn học của thầy chiếm hơn 50% thời gian làm bài tập trong một tuần của bọn em , làm cho tụi em cảm thấy không hoàn toàn thực tế em nghĩ nếu để thời gian làm bài tập đó để củng cố đồ án thì tốt hơn rất nhiều .",0,1
"thầy dạy vui , dễ hiểu , bài tập sát với nội dung giảng dạy .",2,0
và sinh viên lên trường cũng chỉ tự làm như vậy thì ở nhà làm còn sướng hơn !,0,1
cần có thêm tài liệu cụ thể và cập nhật mới .,0,1
giảng viên dạy nhiệt huyết .,2,0
cần có đề cương rõ ràng cho sinh viên nắm bắt .,0,1
cô thân thiện và rất nhiệt tình .,2,0
theo em thầy chính là mẫu mực của một nhà giáo thực thụ .,2,0
"giảng viên dạy hay , cung cấp đầy đủ kiến thức .",2,0
cách giảng dạy còn hơi nhanh và lý thuyết mới nhiều nên đôi lúc gây buồn ngủ .,0,0
"thầy giảng hay , khả năng truyền đạt gây hứng thú .",2,0
thiết bị còn thiếu .,0,2
"thầy rất niềm nở , vui vẻ , tận tâm và nhiệt tình .",2,0
"cô dạy rất hay và nhiệt tình , rất dễ hiểu .",2,0
các buổi thuyết trình .,1,1
thầy dạy rất kỹ .,2,0
đôi lúc tính tình thầy hơi khó nhai colonbigsmile .,0,0
1 tín chỉ thực hành 2 tín chỉ học phí .,1,1
để ra hơi khó .,0,2
thầy dạy hay dễ hiểu truyền đạt cho sinh viên những kiến thức tiết học không nhàm chán .,2,0
"giảng nhanh , dễ hiểu .",2,0
"slide môn học hoặc các tài liệu cần rõ ràng hơn nữa , nhiều phần rất khó hiểu nhưng lại rất ít kiến thức về nó , làm sinh viên không thể hiểu được bản chất của bài đó .",0,1
giảng viên cần doubledot cho bài tập thêm về ngữ pháp .,0,0
giảng viên giảng bài cho ví dụ liên hệ với thực tiễn hay và nhiệt tình .,2,0
"cần nâng cấp hệ thống giảng dạy , học tập .",0,2
đôi khi bài giảng giảng viên thực hiện hơi chán không được cuốn hút .,0,1
rất hài lòng giảng viên .,2,0
"chương trình học không mang lại hiệu quả , chỉ mang tính chất đối phó , sinh viên không học hỏi và có thêm kinh nghiệm nhiều khi đi học thực hành .",0,1
cô dạy hay dế hiểu .,2,0
cần chia nhóm học tập .,0,3
và quá nhiều dạng bài tập nên làm chúng em hơi khó hiểu .,0,1
thầy giao dịch sách hơi nhiều .,0,0
"môn học rất hay , thiết thực .",2,1
thầy giảng bài hay .,2,0
thầy chủ động sửa bài tập trên lớp để sinh viên nắm kiến thức rõ hơn .,2,0
"giảng viên hoà đồng , vui tính giúp giờ học đỡ buồn ngủ và lôi kéo sinh viên thích thú nghe giảng .",2,0
dạy song song hai lớp cùng lúc và không dạy nhiệt tình cho sinh viên trường đại học công nghệ thông tin .,0,0
"thầy giảng dạy rất tệ , lên lớp chỉ ngồi chém gió là chính tuy nhiên luôn cho về muộn , hôm về sớm là 12h ( quy định là 11h30 nghỉ ) , hôm về muộn thì 12h , có một hôm 1h mới được về , đó là chưa kể chiều còn có học , không có thời gian để ăn cơm sửa soạn .",0,0
cách giảng viên truyền đạt và rất tận tâm với sinh viên .,2,0
phong cách thầy rất giống wzjwz225 .,1,0
"cô rất tận tâm , nhiệt tình , kỹ càng .",2,0
"giảng viên cho quá nhiều bài tập , nhưng ít hướng dẫn và giải bài tập .",0,0
theo em cần phải có phòng thí nghiệm môn này thì mới thật sự hiệu quả .,0,2
"đầu năm đến giờ gặp thầy được một lần thôi , thầy tổ chức gặp được một lần .",0,0
"việc truyền đạt kiến thức còn lan man , dài dòng , gây khó hiểu sinh viên .",0,0
nhiệt tâm .,2,0
nên có nhiều dụng cụ cho sinh viên thực hành hơn với sĩ số lớp đông .,0,1
học sinh thiếu đi sự năng nổ .,0,0
"thầy dạy nhiệt tình , giới thiệu thêm cho sinh viên nhiều công cụ và công nghệ mới , hỗ trợ sinh viên rất tốt trong đồ án .",2,0
thầy wzjwz249 dạy hay và rất dễ hiểu .,2,0
thầy đến lớp và không nói gì .,0,0
giảng viên truyền đạt kiến thức dễ hiểu .,2,0
cần wifi mạnh thêm cho dãy nhà cũ .,0,2
"có nhiều hoạt động mà sinh viên có cơ hội đạt được điểm cộng trên lớp , thầy thân thiện với sinh viên .",2,0
nói chung em không hài lòng với năng lực giảng dạy của thầy wzjwz164 .,0,0
"giảng viên nhiệt tình , hướng dẫn phương pháp giải quyết vấn đề .",2,0
còn hơi thiếu sinh động .,0,0
kiến thức truyền đạt tốt .,2,0
"đúng giờ , nhiều tài liệu tham khảo .",2,0
"giảng viên bám sát hơn nội dung môn học , tránh đi lan man .",0,0
code demo hơi khó hiểu .,0,0
nên giải thích một số vấn đề khó chi tiết hơn .,0,0
"giảng dạy hiệu quả , đi dạy đúng giờ .",2,0
chưa truyền đạt cho rõ .,0,0
"giảng viên lên lớp đúng giờ , các buổi bù đều hợp lý , giảng bài nghiêm túc , có kiểm tra quá trình , bài tập về nhà .",2,0
nói bình bình thì không thể nhớ được .,0,0
"tài liệu nên được biên soạn tốt hơn vì những slide của thầy có nhiều câu giống như dùng google dịch rồi copy qua vậy , trong slide cũng có nhiều chỗ sai sót , khi dạy thì thầy mới phát hiện sai .",0,1
"thầy dạy được , vui vẻ .",2,0
tôi nghĩ thầy là một người tốt và thân thiện .,2,0
"ân cần , quan tâm , nhiệt tình , hết lòng trong giảng dạy .",2,0
"máy tính của phòng thực hành không đáp ứng được nhu cầu môn học , giảng viên yêu cầu tự làm trên laptop và mang lên phòng thực hành chấm điểm , vậy phòng thực hành là phòng chấm điểm ?",0,2
giảng bài chuyên sâu .,2,0
cần nêu rõ mối liên hệ giữa môn này với chuyên ngành đang theo học .,0,1
"giảng viên truyền đạt tốt , chỉ bảo tận tình .",2,0
"thầy vui tính , dễ hiểu .",2,0
slide bài giảng nên sử dụng hoàn toàn bằng tiếng anh thay vì sử dụng nửa việt nửa anh như hiện nay để tránh gây khó hiểu cho sinh viên .,0,1
"đề cương khó hiểu , không có tài liệu tham khảo kể cả tài liệu nước ngoài .",0,1
em không học được bất kỳ kiến thức gì ở môn này .,0,1
các hoạt động thi đua các nhóm trên lớp với nhau .,1,1
không quan tâm tới sinh viên khi làm thực hành .,0,0
nhận lương thì phải làm tốt bổn phận của một người thầy chứ ạ .,0,0
cô không tạo được không khí chủ động trong lớp .,0,0
"thầy wzjwz105 giảng dạy rất tốt , truyền đạt hay , luôn đưa ra những vấn đề hay .",2,0
cơ mà sao phân biệt thầy với thầy wzjwz294 vậy thầy ?,0,0
"giảng viên nhiệt tình trong quá trình giảng dạy và trả lời câu hỏi cho sinh viên , giảng viên khá vui tính .",2,0
"nội dung thực hành còn khá nhẹ , tôi muốn nó nhiều và khó hơn để được nghiên cứu nhiều khía cạnh hơn của môn học .",0,1
phân bố lại chương trình vì bài khá dài .,0,1
không có y kiến .,1,1
thực sự môn này chiếm 85% thời gian học mà trong khi đó bài báo cáo chỉ chiếm 15% trong tổng số điểm .,0,1
phòng học nóng .,0,2
"cô rất nhiệt tình giải đáp thắc mắc , cô dành thời gian giải đáp thắc mắc của sinh viên .",2,0
học nhóm .,1,1
cần có các ví dụ minh họa thực tế bên ngoài nhiều hơn .,0,1
phong cách dạy hiệu quả .,2,0
"giảng viên nên nghiêm túc hơn , cứ đùa đùa sao ấy .",0,0
cho bài tập hay và nhiều .,2,0
nên có nhiều bài tập hơn !,0,1
phương pháp dạy giúp thoải mái ( kể chuyện ) .,2,0
phòng học nóng quá nên lắp thêm quạt .,0,2
"thứ nhất thầy không đảm bảo được giờ lên lớp , rất khó khăn để báo cáo đồ án và hỏi ý kiến thầy .",0,0
chương trình dạy hơi nhiều .,0,0
đề nghị đề thi cần phân ra mức độ dễ khó dễ rõ ràng hơn .,0,1
cần có nhiều trò chơi vận động hấp dẫn .,0,3
môn này nên kết hợp lồng ghép với môn thực hành điện điện tử môn này đã học trong học kỳ 5 .,0,1
"thầy rất tận tâm trong giảng dạy , sử dụng các thiết bị phục vụ bài giảng rất hiệu quả , định hướng các công việc cụ thể cho sinh viên trong tương lai , tạo tâm lý tự tin , thoải mái , truyền cảm hứng cho sinh viên .",2,0
"môn này là một môn liên hệ nhiều với thực tiễn nên mong thầy có nhiều ví dụ thực tiễn hơn , làm cho việc học dễ hiểu hơn .",0,0
"giáo viên dạy tận tâm , dễ hiễu .",2,0
"rất hài lòng về cô , cô rất nhiệt tình .",2,0
"vui vẻ , kiến thức rộng và sâu , dạy dễ hiểu .",2,0
"vừa đọc slide vừa giảng , dễ gây buồn ngủ và hơi khó hiểu .",0,1
thái độ xem thường sinh viên khi báo cáo .,0,0
"giảng viên đảm bảo giờ lên lớp , tập trung vô việc dạy học .",2,0
"nếu có thì nên mở lớp nâng cao web , như xử lý truy cập lớn , phân bố cơ sở dữ liệu có ích cho việc ra làm hơn .",0,1
"giảng viên rất nhiệt tình , phương pháp giảng dạy hay , dễ hiểu .",2,0
nên lồng ghép các trò chơi nhỏ vào buổi học để tăng hứng thú cho sinh viên .,0,1
"thầy dạy dễ hiểu , thân thiện , lưu ý cho sinh viên những lỗi thường sai khi làm kiển tra và gợi ý mẹo làm bài tốt .",2,0
thầy hay tương tác với sinh viên bằng những câu hỏi rất thực tế !,2,0
"nhưng thầy phụ trách bộ môn lại hay vắng đột xuất , đổi thời gian dạy liên tục nằm ngoài thời khóa biểu làm em không thể nào sắp xếp thời gian nắm bắt tình hình học tập ( mặt dù có lần thông báo trước , có lần đột xuất không thông báo ) .",0,0
những câu chuyện thầy kể do thầy trải qua làm em rất thích .,2,0
"thầy dạy tận tình , luôn giải đáp mọi thắc mắc của sinh viên , thầy cũng vui tính .",2,0
tiết học vui vẻ .,2,1
"hướng dẫn tận tình , cho ví dụ minh họa hay .",2,0
"cô giảng dạy rất có tâm với nghề , đôi khi cô còn cho tụi em thêm bài tập tự luyện .",2,0
em muốn được hiểu rõ những ứng dụng của môn học này vào ngành học mà chúng ta đang học là gì .,0,1
thầy thân thiện và nhiệt tình .,2,0
sửa và cho các bài tập rõ ràng hơn !,0,0
"thầy dạy không nhiệt tình , ít giảng , kiến thức chuyên môn logic mờ chưa chuyên sâu , gây tâm lý lo lắng , hoang mang cho sinh viên .",0,0
thầy có đưa tư tưởng không tốt vào trong tiết học .,0,0
"cô hướng dẫn sinh viên và nhận xét về đồ án rất tận tình , chính xác .",2,0
giọng to rõ ràng dễ nghe khi ở dưới nước .,2,0
"hơi khó hiểu và giảng bài nhanh , ít đưa ra ví dụ cụ thể cho mỗi kiến thức .",0,0
hăng say đến nỗi quên cả giờ giấc .,2,0
cần rèn luyện thêm kỹ năng làm bài thi hơn cho sinh viên nên thường xuyên giải các đề và làm nhiều bài tập liên quan đến ngữ pháp hơn .,0,1
sau mỗi bài thực hành nộp deadline thầy không sửa bài .,0,0
không cung cấp kiến thức cho sinh viên .,0,0
"cung cấp phương pháp học tập hiệu quả , thân thiện , vui vẻ với sinh viên .",2,1
"giảng viên hướng dẫn nhiệt tình , trả lời thắc mắc kịp thời .",2,0
thầy rất dễ tính trong giờ học .,2,0
"dưới góc nhìn một sinh viên , tôi thấy chuyên môn của cô thật tuyệt vời !",2,0
"thầy giảng bài rất hay , lấy ví dụng sinh động , thực tiễn .",2,0
"thầy khá tận tâm , nhiệt tình với sinh viên .",2,0
"không áp dụng vào đời sống nhiều , phân chia thời gian học chưa hợp lý .",0,1
"giang viên giảng dạy nhiệt tình , dễ hiểu .",2,0
"máy chiếu thì quá mờ mới gần đây thôi , quạt thì có cái chạy được , có cái bị hỏng công tắc .",0,2
"giảng nhiều , dễ hiểu , truyền đạt có hệ thống .",2,0
không có sự lôi cuốn và thu hút trong cách giảng .,0,1
"thầy nhiệt tình vui tính , dạy dễ hiểu .",2,0
mong cô nếu giao đồ án thì nên cho học sinh tìm hiểu trước về ứng dụng mfc từ đầu kỳ .,0,0
"thầy có cách làm đồ án là quay video clip rất hay , vừa vui vừa là cách tìm hiểu kiến thức một cách mới , hứng thú .",2,0
cung cấp slide trước để sinh viên có tư liệu tìm hiểu trước ở nhà .,2,0
phương pháp dạy chưa hợp lý .,0,0
"thầy vui tính , giảng hay , nhiệt huyết với các bạn .",2,0
"tận tâm với sinh viên , vui vẻ trong giờ học .",2,0
"máy của phòng thực hành wzjwz241 khởi động visual studio chậm , bàn phím chưa tốt .",0,2
"môn học rất bổ ích , tuy là lý thuyết rất nhiều , nhưng trong những chương giảng dạy cũng nên có một vài bài tập đơn giảng để vận dụng bài tập vào thực tiễn và thông qua bài tập đó có thể rút ra kinh nghiệm làm việc .",0,1
"nhiệt tình , giáo án tốt , có nhiều bài tập vận dụng trên website môn học .",2,0
"thầy nhiệt tình giúp đỡ , tận tâm với công việc .",2,0
em đề nghị trường mình nên áp dung hình thức thực hành động .,0,1
"không phải là tôi chưa từng rớt môn , nhưng tôi không phục và không cam tâm đối với trường hợp của 2 bạn kia có cùng source code , nếu thầy hỏi 2 bạn kia từng đoạn code giống như thầy đã hỏi tôi thì chắc gì 2 bạn đó trả lời được , vì code cũng đều lấy từ internet về và có phải 2 bạn đó code đâu .",0,0
cần quan tâm nhiều hơn về vấn đề bài tập .,0,1
"nhiệt tình , dễ gần .",2,0
"phòng học gần công trình đang xây dựng nên rất ồn , mong trường có thể đổi phòng học khác , em xin cảm ơn !",0,2
giảng viên đem kiến thức vào giảng dạy rất đa dạng .,2,0
có cho các bài tập vừa sức sinh viên và tích cực giải đáp thắc mắc .,2,0
giải đáp nhanh khi sinh viên không hiểu .,2,0
"phương pháp giảng dạy còn thô , không sinh động .",0,0
"thầy rất tâm huyết , chuyên tâm dạy .",2,0
thầy có khiếu hài hước rất cao và truyền đạt dễ hiểu .,2,0
thêm nhiều tài liệu cho sinh viên .,0,1
"em ở nhà tự học , thi thực hành vừa rồi cũng được 10 điểm .",2,3
"biết tạo điều kiện cho học sinh rèn luyện các kỹ năng , khả năng dẫn dắt truyền đạt tốt .",2,0
"nhiều phòng thực hành không có visual hay dev , rất bất lợi cho những bạn chưa có lap .",0,2
"thân thiện , gần gũi , cách giảng lấy ví dụ thực tế hóa .",2,0
"rất nhiệt huyết , hay trao đổi và thảo luận và giúp đỡ sinh viên .",2,0
chương trình dạy rời rạc và khó hiểu .,0,0
"giảo viên hài hước , giảng kiến thức dễ tiếp thu .",2,0
"cách dạy lôi cuốn sinh viên , nói chuyện thực tế , gần gũi với sinh viên .",2,0
cách truyền đạt hài hước .,2,0
"giảng dạy nhiệt tình , đảm bảo đầy đủ giờ lên lớp .",2,0
nên thêm máy tính thực trong phòng thực hành .,0,1
cô rất vui tính và nhiệt tình .,2,0
cần thống nhất giữa nội dung lý thuyết và phần thực hành học từ trên xuống mà thực hành thì dưới lên gây khó khăn cho sinh viên .,0,1
hơi khắt khe quá với sinh viên .,0,0
thuộc bài một cách máy móc và trình bày không tự nhiên nhưng điểm vẫn cao .,0,1
thầy chỉ tận tình các lỗi xảy ra trong bài học .,2,0
giọng nói hay .,2,0
ít cho bài tập về nhà .,0,1
thầy dạy khá nhiệt tình và tận tâm dễ hiểu .,2,0
"hình thức , các hoạt động học tập phong phú .",2,1
thời gian chỉ được phân bổ 2 tiết nên vừa mất thời gian lại không có thời gian để giảng thêm nhiều vấn đề .,0,1
"giảng viên rất tận tình chỉ dạy , hỗ trợ tích cực .",2,0
"truyền đạt dễ hiểu , giảng viên hài hước , tạo không gian học tập hưng phấn khi đến lớp .",2,0
có nhiều nguồn tài liệu slide bài giảng .,2,1
"thích cách dạy như kể chuyện , chia sẻ kinh nghiệm của thầy .",2,0
hướng dẫn kỹ trước khi thực hành .,2,0
"môn học nên bám sát vào nội dung , mục đích cuối cùng thay vì giảng dạy lý thuyết tràn lan .",0,1
thầy chia sẻ nhiều điều trong thực tế .,2,0
"em hi vọng thầy có thể cung cấp tài liệu học tập một cách đầy đủ , vì trên slide em thấy còn hạn chế về kiến thức và quá tóm tắt .",0,0
"đi trễ 2h đồng hồ , nghỉ không thông báo , nhờ người dạy thay thế .",0,0
giảng viên chủ động .,2,0
"lớp muốn hiểu bài phải sắp xếp thời gian , tiết học của mình để được học ké , học chui ở các giảng viên khác để lắp cho mình bù lại kiến thức bị trống .",0,0
"giảng viên nhiệt tình , quan tâm sinh viên , hướng dẫn tốt .",2,0
tích cực hướng dẫn khi sinh viên hỏi bài .,2,0
cần có tiết sửa bài tập .,0,1
"vui vẻ , nhiệt tình , thân thiện .",2,0
giảng viên thường hay đi trễ nửa tiếng .,0,0
"máy chiếu không rõ , hư hỏng , chập chờn .",0,2
"giảng viên chưa nắm rõ chương trình , có khi không fix được lỗi để giảng cho sinh viên mà giao bài tập bắt sinh viên làm , trong khi giáo trình môn học gửi trên moodle không đáp ứng được lượng kiến thức cần thiết , còn quá sơ sài , không cụ thể , và đôi khi không có tài liệu luôn đặc biệt là về phần c .",0,0
có thêm các mô hình thực tế cho sinh viên .,0,1
"điểm danh , làm bài kiểm tra thường xuyên trong các buổi học .",1,1
có tương tác tốt với sinh viên .,2,0
thầy rất tâm huyết .,2,0
nói chuyện hơi khó nghe .,0,0
"giáo viên cần phải ra nhiều bài tập cho sinh viên làm rồi sửa chứ không chỉ nói sinh viên tự kiếm bài tập ở nhà làm để lên bảng sửa , hình thức sửa quá nhanh khiến sinh viên chưa hiểu rõ được vấn đề .",0,0
nội dung giảng dạy khá tốt .,2,0
"dạy dễ hiểu , nhiệt tình .",2,0
"giảng viên tận tâm , nhiệt tình , khả năng truyền đạt tốt .",2,0
"cô giáo trẻ trung , hòa nhã với sinh viên .",2,0
"đến lớp đúng giờ , vui tính .",2,0
"giờ học sinh động , thầy tạo ra không gian để sinh viên trao đổi vấn đề và nêu ra ý kiến của mình .",2,0
thầy nên hướng dẫn thực hành trong giờ học thực hành .,0,0
"giảng viên nhiệt tình , công tâm , quan tâm sinh viên , truyền đạt tốt .",2,0
không có gì để phàn nàn .,1,3
"đây là năm đầu tiên thầy giảng dạy , chúng em đều thông cảm !",0,0
"giảng viên nhiệt tình , em cảm thấy hài lòng .",2,0
"vui vẻ , dạy dễ hiểu , giúp đỡ mọi lúc mọi nơi .",2,0
thầy dạy hơi nhanh nên khó chép bài kịp .,0,0
"giảng viên hòa đồng , gần gũi với sinh viên .",2,0
đây là mong muốn của em chứ không phải không hài lòng ) .,1,0
nhiệt tình chu đáo với sinh viên .,2,0
cho đề thi hơi khó .,0,0
"nghỉ học không thông báo hoài , bực mình .",0,0
thầy rất tận tâm với sinh viên .,2,0
cô dạy nhiệt tình và rất gần gũi với sinh viên .,2,0
chúc thầy thành công !,2,0
cô không hiểu rõ được tâm lý sinh viên công nghệ thông tin nên khi nào cô cũng áp đặt là bọn em phải chăm chỉ học hành .,0,0
thầy dạy được cách tư duy sáng tạo .,2,0
"phần thực hành quá sơ sài , trợ giảng cho thực hành chỉ đưa tài liệu tiếng anh cho đọc và đưa bài về cho làm , không có sự hướng dẫn .",0,0
nhiệt huyết với sinh viên .,2,0
"giáo viên tận tình chỉ bảo , tạo không khí vui vẻ .",2,0
dạy nhiệt tình giúp đỡ sinh viên nhiệt tình trong giờ học và chỉ bài tận tình .,2,0
đôi khi giảng khó hiểu .,0,0
thực hành không liên quan gì lý thuyết .,0,1
"nội dung chương trình học cần rõ ràng hơn , cần cập nhật chương trình học , nội dung bài giảng trên slide còn lủng củng .",0,1
"thầy dạy quá nhanh , nhất là chiếu slide , tụi em còn không xem kịp nội dung trên slide thì thầy đã cho chuyển sang slide khác .",0,0
"thầy nên dạy chậm và dễ hiểu hơn , nên giảng từng cái cho chắc rồi hãy sang phần khác .",0,0
"giảng dạy tích cực , vui vẻ .",2,0
cập những những kiến thức mới ở ngoài vào giảng dạy .,2,1
thầy và cô thường có những lời khuyên định hướng tương lai .,2,0
giảng viên dạy học rất tâm huyết .,2,0
mong trong học kỳ tới thì chất lượng giảng dạy sẽ cải thiện hơn .,0,1
"cách dạy hài hước , không gây buồn ngủ .",2,0
thầy thường xuyên bỏ lớp .,0,0
"dạy đúng chủ đề , không nói chuyện ngoài lề , đi dạy đúng giờ .",2,0
mong thầy có thể làm slide kỹ lưỡng và dễ hiểu hơn .,0,0
"thường xuyên lên lớp trễ , chấm điểm trên moodle không có ghi chú cụ thể dẫn đến nhầm lẫn trong sinh viên .",0,0
"cô rất tận tâm , nhiệt tình , đem hết kinh nghiệm cũng như kiến thức của mình để truyền đạt cho sinh viên , cô luôn tạo cảm hứng học tập .",2,0
"thầy dạy cực vui , kiến thức đầy đủ , gần gũi với sinh viên .",2,0
"cô vui vẻ , nhiệt tình , tận tụy .",2,0
"giảng viên cởi mở dễ tiếp xúc , trao đổi .",2,0
"phòng thực hành nhỏ không đủ máy cho sinh viên , máy có nhiều virus .",0,2
cung cấp tài liệu tự học nhiều hơn .,0,1
"thầy dạy không sát với chương trình của khoa , một số phần quan trọng nhưng không được chú trọng .",0,0
phòng máy thực hành cần nâng cấp .,0,2
thầy rất vui vẻ và tâm lý .,2,0
ở lớp khi ngồi ở những bàn sau nhìn bảng rất khó .,0,2
dạy ổn .,2,0
"cô rất nhiệt tình với sinh viên , giảng dạy kỹ lưỡng , tâm huyết .",2,0
"giảng viên sử dụng thời gian hợp lý , trình bày chi tiết dễ hiểu .",2,0
giảng bài rất kỹ và rất hay .,2,0
"kiến thức của giảng viên rất tốt , cách trình bày , giảng dạy rất đẹp và hiệu quả .",2,0
nên có nhiều tiết làm bài tập hơn .,0,1
nhìn không rõ .,0,2
giảng viên còn hơi chủ quan nghĩ rằng sinh viên nắm được những cái cơ bản ban đầu .,0,0
phương pháp dạy đưa nhiều bài tập giúp học sinh đa phần nắm được kiến thức .,2,0
thầy giảng rất tận tình .,2,0
"vui tính , hay kể chuyện cười cho học sinh .",2,0
cho phép sinh viên tự giác ôn tập .,1,0
quý thầy lắm .,2,0
các đường link tham khảo không đáp ứng tốt nhu cầu giải quyết vấn đề .,0,1
thầy dạy rất tốt cứ tiếp tục phát huy ạ !,2,0
"giảng viên ít trình bày kiến thức cần thiết cho sinh viên , giảng viên gợi ý cho sinh viên nhưng gợi ý khá ít gây khó khăn cho sinh viên .",0,0
giảng viên chưa giải thích rõ nội dung của bài và cách tiến hành mặc dù nội dung phần lý thuyết đó sinh viên chưa học tới hoặc có giảng nhưng còn rất mơ hồ .,0,0
thầy nên cho một ít bài tập về nhà làm để củng cố kiến thức thêm tại bài tập thi bao la em không biết cái nào là trọng tâm hết .,0,0
còn hạn chế về chuyên môn trong quá trình giảng dạy .,0,0
"giáo viên nhiệt tình , có chuyên môn cao .",2,0
thầy dễ chịu nên tiết học diễn ra vui vẻ không nhàm chán .,2,0
nhiệt tình và thân thiết với học sinh .,2,0
"kiến thức mở rộng , giáo viên nhiệt tình .",2,0
cho làm debate về thực tiễn .,2,0
"thầy rất vui tính , vi dụ thực hành tại máy trực tiếp và thực tế .",2,0
tận tâm với sinh viên .,2,0
bài tập thực hành mang tính vận dung cao những kiến thức đã học và sự hướng dẫn tận tình của giàng viên .,2,1
hạn chế ra ngoài quá nhiều khi giảng dạy .,0,0
giáo viên dạy hay !,2,0
phong cách truyền đạt của cô khiến em còn hơi khó hiểu .,0,0
"học anh văn nên học ở phòng lab , cách âm để khi học listening không bị ảnh hưởng bởi bên ngoài .",0,2
còn lại ok hết !,2,0
lớp học đăng ký lúc đầu gần 10 người nhưng sau 2 ngày thì đi học chỉ còn khoảng từ 15 - 20 sinh viên học .,0,1
"cô dạy nhiệt tình , lên lớp đầy đủ .",2,0
"giống giải tích 1 , không biết được mục tiêu đạt được môn học .",0,1
hòa đồng với sinh viên .,2,0
"học được nhiều từ vựng chuyên sâu hơn , giáo viên rất tận tình .",2,0
nên bỏ hình thức thực hành 2 này .,0,1
không hướng dẫn nhiều về môn học cho sinh viên .,0,0
"giảng viên nhiệt tình , tận tâm nên em không có ý kiến .",2,0
"tác phong và phương pháp giảng bài hiện đại , gần gũi , dễ tiếp thu .",2,0
thầy chia sẻ rất nhiều kinh nghiệm thực tiễn giúp sinh viên định hướng nghề nghiệp tốt hơn .,2,0
"deadline cho rất ngắn , học buổi chiều và deadline vào lúc 23h59 cùng ngày .",0,1
"giảng nhiệt tình , ôn tập tốt .",2,0
"giảng viên tận tâm , nhiệt tình , có khả năng truyền đạt tốt .",2,0
tạo hoạt động thực hành theo nhóm rất hay .,2,0
"nhiệt tình và hòa đồng với sinh viên trong giảng dạy , tính tình hiền lành và dạy rất hay , rất yêu nghề .",2,0
giảng dạy hay thầy rất nhiệt tình slide bài giảng thầy chuẩn bị tốt .,2,0
chưa đảm bảo tiến độ học tập .,0,0
lớp được nghỉ liên tục .,0,0
"giáo viên giảng dạy nhiệt tình , có trách nhiệm , truyền đạt dễ hiểu .",2,0
tận tình chỉ bảo cho sinh viên những kiến thức bị hổng !,2,0
cần có đề cương rõ ràng ngay từ đầu .,0,1
"sinh viên khó có thể tự tìm hiểu để học môn này tốt được , trong khi môn này là môn chính của chuyên ngành .",0,1
"nhiệt huyết , có tâm tận tình chỉ dạy .",2,0
cho quá nhiều bài tập về nhà .,0,0
giáo viên tích cực trong giảng dạy .,2,0
khả năng truyền đạt kiến thức rất tốt .,2,0
đi học trễ .,0,3
thầy nhiệt tình và rất gần gũi với tụi em .,2,0
"cách chấm điểm quá trình của thầy quá gắt , nhiều bạn bị kéo điểm nặng nề .",0,0
"nếu lần sau có môn thầy , em nhất định sẽ đăng ký colonsmile .",2,0
bài tập thực hành có nhiều câu quá khó .,0,1
"hướng dẫn bài tập đầy đủ , phương pháp giải hay !",2,0
nâng cao khả năng tự học của sinh viên .,2,1
"thầy dạy tốt , cho bài tập nhiều .",2,0
thầy nên up nhiều code mẫu hơn .,0,0
cô dạy nhiệt tình và tâm huyết .,2,0
khi được sinh viên nhờ hỗ trợ làm bài thầy mới đến nơi và giúp đỡ .,0,0
very good .,2,3
mặc dù điểm thi em không cao do em làm bài không dò lại coloncontemn .,1,1
thời gian học ít .,0,1
thầy cũng nên soạn slide bài giảng để chiếu trên lớp như thế sẽ đỡ tốn thời gian thầy ghi chép trên bảng rất nhiều .,0,0
cần cho nhiều bài tập về nhà hơn nữa .,0,0
không nhiệt tình trong giảng dạy .,0,0
"có rất nhiều thiết bị đang xuống cấp và hư hỏng , ảnh hưởng đến chất lượng giảng dạy .",0,0
thầy luôn có những câu chuyện để làm tăng động lực học .,2,0
"tốt , nhiệt tình , giỏi .",2,0
tận tâm giúp đỡ sinh viên .,2,0
rất nhiệt tình và tâm huyết .,2,0
thầy rất nhiệt tình ạ .,2,0
"tận tình , tâm huyết với sinh viên .",2,0
cần nhiều tiết học hơn để giáo viên sửa bài trên lớp .,0,1
"mục tiêu quá xa so với sinh viên yếu , sinh viên yếu không theo kịp , chết đuối với thầy .",2,0
sinh viên thực hiện làm bài tập theo nhóm .,1,1
không ôn nhiều ngữ pháp .,0,0
"thầy giảng lan man , không sử dụng courses gây khó khăn cho sinh viên .",0,0
"thầy thường xuyên yêu cầu học sinh trình bày lại những kiến thức đã học trong buổi lý thuyết một cách không cần thiết , mất thời gian , không khác gì một buổi dạy lý thuyết , không đúng tinh thần và mục đích của một buổi học thực hành .",0,0
giảng dạy nhanh .,0,0
"bài tập thầy cho quá nhiều , xong chưa có trọng tâm và quá nhiều lý thuyết dẫn đến thời gian thực hành kém .",0,1
để cải tiến chất lượng môn học em nghĩ nên có thêm tài liệu cũng như bài giải để sinh viên có thể tự học thêm và tiếp thu hiệu quả .,0,1
nhiều chỗ thầy hơi giảng nhanh .,0,0
thầy giảng dạy rất hay và nhiệt tình bên cạnh giảng dạy lý thuyết thầy cũng dạy cho sinh viên các kỹ năng sau này ra trường rất hữu ích .,2,0
"thầy hiền , dạy khá nhiệt tình .",2,0
tài liệu tiếng anh nên gây một chút khó khăn cho sinh viên .,0,1
cô cho deadline khá chồng chéo nhau và hơi rối nên đôi khi em khó theo dõi thời gian .,0,0
"cô dạy rất nhiệt tình và dễ hiểu , rất chu đáo , ân cần và quan tâm tới sinh viên .",2,0
thầy dạy dễ hiểu cho nhiều bài tập làm thêm .,2,0
hy vọng trong học kỳ tới nhà trường sẽ nâng cao chất lượng dạy và học hơn .,0,1
"giảng viên tận tâm , kiến thức tốt , khả năng truyền đạt tốt .",2,0
rất quan tâm sinh viên .,2,0
"nhiệt tình , giảng dễ hiểu .",2,0
thầy viết chữ rất đẹp !,2,0
phòng lab tốt hơn .,2,2
thầy rất nhiệt tình và có thể có giảng lại cả chương khi lớp không hiểu .,2,0
"thực ra mà nói , chúng em đóng tiền thực hành 320k trên 1 chỉ , nhưng các giờ thực hành chưa tốt .",0,1
thầy giảng dạy khá nhiệt tình .,2,0
phương pháp và nội dung truyền đạt hiệu quả .,2,0
"nếu có thể , thầy nên cho các bạn nộp bài trễ thêm cơ hội .",0,0
dặn sinh viên tham gia seminar một cách tự nguyện nhưng lại bắt viết bài thu hoạch lấy điểm quá trình ( ví dụ như sinh viên đi học vào buổi seminar hôm đó thì làm sao có thể viết bài thu hoạch ) .,0,0
"giáo viên hướng dẫn tận tình , cung cấp đầy đủ kiến thức căn bản của bộ môn .",2,0
thầy nên chú trọng vào việc giảng hơn .,0,0
"em rất khâm phục thầy wzjwz102 về kiến thức của thầy và sự nhiệt tình , tấm lòng của thầy đối với sinh viên .",2,0
"tận tình , cung cấp đầy đủ kiến thức , không khí vui vẻ , thoải mái .",2,0
"giảng viên dạy quá giờ , ảnh hưởng đến giờ giấc của sinh viên .",0,0
không tạo được sự chú ý của sinh viên .,2,0
thầy cho nhiều bài tập với số lượng lớn .,2,0
dạy nhiều nhưng không tiếp thu được hết .,0,0
thầy có chia sẻ nhiều kinh nghiệm thực tế .,2,0
cần nâng cấp phòng thực hành để có thể thực hành với nền tảng mới nhất của môn học !,0,2
đảm bảo giờ lên lớp và khối lượng kiến thức của môn học .,2,0
không đúng giờ .,0,0
thầy nên tập trung vào bài tập hơn là lý thuyết .,0,0
"nên tăng cường cọ sát cho sinh viên trong môn học này , như làm việc nhóm và thuyết trình .",0,1
học song song lý thuyết và thực hành để kiến thức được củng cố hơn .,0,1
"đặc biệt mong thầy cố gắng dạy đầy đủ , do môn khá khó hiểu đối với những người chậm hiểu như em nên bỏ lỡ 1 - 2 buổi là coi như em hết hiểu môn học luôn .",0,0
tạo điều kiện để sinh viên tham gia vào bài học .,2,0
ít lên lớp .,0,0
"cô rất thương sinh viên , hầu như tất cả sinh viên trong lớp cô đều có thể đánh giá được năng lực của từng bạn .",2,0
thầy nên gửi cho lớp slide bài tập ạ .,0,0
cập nhập thêm tài liệu mới .,0,1
"dễ hiều , dễ tiếp thu .",2,0
đưa ra đề tài seminar như thách đố sinh viên vậy .,0,3
"nói rõ từ hơn , tránh giảng lan man , nên đi vào trọng tâm .",0,0
thầy nên sử dụng hệ thống website môn học hiệu quả hơn .,0,0
like .,2,3
"khoa nên liên hệ các doanh nghiệp để sinh viên có điều kiện trải nghiệm việc lấy requirement thực tế của một doanh nghiệp , như thế môn học sẽ thú vị và giúp sinh viên có kỹ năng tốt hơn .",0,1
"giảng viên dạy hay truyền đạt được kiến thức đến sinh viên dễ hiểu , bài tập về nhà vừa sức , tuy nghiêm túc trong việc sửa bài nhưng cũng hay pha trò làm lớp học vui nhộn không bị áp lực .",2,0
"giảng dạy nhiệt tình , cập nhật bài giảng , điểm số nhanh .",2,0
"cô dạy rất hay , truyển cảm hứng cho học sinh , rất thích học giờ của cô .",2,0
slide rõ ràng cụ thể .,2,1
hài lòng về cách dạy của cô và cách truyền đạt kiến thức qua môn học này .,2,0
kết thúc buổi học sớm .,0,0
"thầy dạy rất tận tâm và dễ hiểu , tuy bị mất căn bản nhập môn lập trình nhưng sau mỗi buổi học của thầy , em cảm thấy vô cùng hứng thú và có động lực hơn với môn lập trình hướng đối tượng nói riêng và những môn có liên quan đế lập trình khác nói chung .",2,0
hy vọng nhà trường xem xét .,1,3
"cô dễ thương , dạy quá có tâm .",2,1
"giáo viên lên lớp đúng giờ , sử dụng thời gian đứng lớp hiệu quả .",2,0
"môn học đi sát vào thực tế tránh rập khuôn , khô cứng .",0,1
"cô dạy chậm , dễ hiểu .",2,0
"cần lắp thêm quạt , ổ cắm và màn che .",0,2
mong nhà trường sẽ khắc phục sớm .,0,3
"thầy dạy quá nặng môn học 3 tiết kéo dài lên 5 tiết , không tiếp thu hết được kiến thức thầy truyền đạt .",0,0
giảng bài buồn ngủ .,0,0
không phụ thuộc vào giảng viên .,0,0
bài giảng chi tiết rõ ràng .,2,0
thầy wzjwz47 nên sử dụng website môn học hoặc website phòng đào tạo là kênh thông tin đến với sinh viên .,0,0
"nhiệt tình , truyền đạt tốt , phương pháp giảng dạy tốt .",2,0
"thầy khá giỏi , dạy kỹ và sâu .",2,0
"ngoài ra , em mong môn học này chú trọng đơn thuần nhiều hơn về việc lập trình và lập trình trực quan , chú trọng trong việc xử lý source code và cách lập trình của sinh viên ( của đồ án ) .",0,1
"vui tính , nhanh tiếp thu bài học .",2,0
"nhiệt tình , giảng bài chậm rãi dễ nắm bắt nội dung .",2,0
cô cần phải truyền đạt tốt hơn .,0,0
cô nói chậm chậm chút để sinh viên dễ tiếp thu kịp .,0,0
"giảng viên vui vẻ , hài hước , cách dạy giúp sinh viên dễ hiểu .",2,0
"thầy nhiệt tình , vui vẻ , giảng dạy kỹ những phần quan trọng .",2,0
rất tốt .,2,3
thầy giảng hiệu quả .,2,0
cô cho nhiều bài tập hay để nâng cao trình độ sinh viên .,2,0
"slide bài giảng cứng nhắc , không trực quan , khó nắm bắt được nội dung bài học .",0,1
giảng viên rất nhiệt tình tâm huyết .,2,0
thầy rất nhiệt huyết và quan tâm sinh viên của mình .,2,0
giảng rất tỉ mỉ và dễ hiểu .,2,0
còn dạy hơi nhanh .,0,0
"nói chung , tôi và bạn bè sau khi học môn nay đã từ bỏ lập trình android .",0,1
"thầy dạy nhiệt tình tạo không khí cho học sinh , giảng cặn kẽ chi tiết , cho nhiều bài tập giúp học sinh hiểu bài và tự học .",2,0
nên tăng tỷ lệ của đồ án môn học trong điểm trung bình lên sẽ đánh giá khách quan hơn kết quả học tập của sinh viên .,0,1
"nên thực hành speaking nhiều hơn và phân bổ thời gian học grammar , cũng như phân thêm thời gian học hoặc nghe phần listening .",0,1
chưa rõ mục tiêu và các bước thực hiện bài tập truy vấn dbpedia và tạo ontology .,0,3
"nhiệt tình , biết cách truyền cảm hứng tạo động lực phấn đấu học tập cho sinh viên .",2,0
chưa thể hiện được nhiều lợi ích của môn học .,0,1
"bài tập thực hành cần nêu yêu cầu rõ ràng , không mơ hồ , cần cập nhật , có hướng dẫn cụ thể .",0,1
"một số đề về nhà thầy cho rất khó so với một số bạn trong lớp , nhưng cũng vì thế mà kỹ năng lập trình cũng được nâng cao hơn .",2,0
nên sắp lịch học phù hợp .,0,1
"thầy nên hướng dẫn cụ thể về vấn đề đồ án , bọn em lúc làm đồ án không biết làm cái gì và đang làm cái gì , đến khi báo cáo thì tá hỏa lên không biết gì mà làm nữa , thành ra lên báo cáo không có vừa ý thầy , rồi thầy tạo quá nhiều áp lực cho bọn em , thi cử thôi cũng thấy sợ nữa , không biết thầy có thử đặt vị trí của thầy vào bọn em không nữa , 75 câu trắc nghiệm mà một câu có 2 - 3 đáp án đúng nữa có 75 phút , thầy thử nghĩ xem bọn em có nổi 3 - 4 điểm không ?",0,0
thầy không chỉ dạy kiến thức mà còn dạy trở thành một kỹ sư giỏi !,2,0
cho nhiều bài tập hay .,2,0
giáo viên có những đồ án sát mới mục tiêu bài học .,2,0
trời quá nóng mà không có đủ không khí mát mẻ .,0,2
trả lời các câu hỏi của sinh viên tốt .,2,0
"thường xuyên lên lớp rất muộn , không cung cấp đề cương môn học , chấm điểm chủ quan và thường xuyên nặng lời với sinh viên .",0,0
lớp học thực hành luôn duy trì sĩ số 10 - 50 sinh viên .,1,1
cần giảng viên có cách giảng dạy tốt hơn .,0,0
kỹ càng .,2,3
"thầy dạy tốt , truyền đạt dễ hiểu .",2,0
truyền đạt cho sinh viên rất dễ hiểu và áp dụng .,2,0
viết bài quá nhiều .,0,0
"giảng viên nên giảng bài cụ thể hơn , hạn chế dùng slide .",0,0
"thầy rất tận tâm và nhiệt hình , tạo cảm hứng cho sinh viên không chỉ ở hiện tại mà còn tương lai trong việc phát triển các kỹ năng của ngành công nghệ thông tin nói chung .",2,0
hiểu được các kiến thức quan trọng của môn học .,2,1
"hòa đồng , vui vẻ , giảng dạy rất có tâm .",2,0
thầy cần tận dụng thời gian lên lớp để đỡ lãng phí .,0,0
truyền đạt chưa hiệu quả .,0,0
"kính mong nhà trường có thể tăng thời lương môn học lên 1 - 2 tiết vì đây là một môn khá khó , sinh viên cần nhiều thời gian hơn để nắm bắt kiến thức và luyện tập vận dụng kiến thức .",0,1
cô dạy tận tâm và vui tính .,2,0
"cô giáo nhiệt tình , tận tâm với lớp , truyền đạt hay .",2,0
giảng viên cần giải đáp các thắc mắc của sinh viên qua facebook hoặc email .,0,0
"có thuyết trình , tạo sự sáng tạo cho sinh viên , giáo viên tận tâm .",2,0
"thầy giảng kém lôi cuốn , khó nghe nên không tiếp thu được nhiều .",0,0
thầy dạy hay hứng thú .,2,0
phương pháp dạy cần cải thiện .,2,0
giảng viên cần truyền đạt tốt hơn .,0,0
"thầy có sự liên hệ giữa môn học và thực tiễn , giúp môn học gần gũi hơn và dễ tiếp thu hơn .",2,0
thầy dạy dễ hiểu có tâm .,2,0
nên sử dụng tài liệu bằng tiếng việt .,0,0
có những câu chuyện thú vị hì hì .,2,0
thầy dạy rất hay dễ hiểu và tiết học rất vui .,2,0
"thầy nên gửi slide trước ngày học trên giảng đường để sinh viên tham khảo trước , chủ động hơn khi học .",0,0
thầy wzjwz265 không dạy lớp em một ngày nào .,0,0
"thầy nhiệt tình , tạo lối tư duy cho mỗi sinh viên .",2,0
"truyền đạt chưa tốt , lan man , không mang hiệu quả cao .",0,0
có nhiều bài tập củng cố .,2,0
môn học cần tổng hợp các kiến thức vào đầu năm để sinh viên có thể nắm bắt theo dõi khi không may nghỉ học một buổi vì lý do chính đáng .,0,1
thầy rất ít nổi nóng .,1,0
giáo viên tập trung vào nội dung chính của bài .,2,0
nên  tăng hiệu suất máy tính .,0,2
"thầy vui vẻ , nhiệt tình , tận tâm .",2,0
trang thiết bị sơ sài .,0,2
"dạy khó hiểu , không tận tâm .",0,0
thầy dạy nhiệt tình và đến giờ đúng thời gian quy định .,2,0
"giáo viên tận dụng giờ lên lớp hiệu quả , lên lớp đúng giờ .",2,0
nhưng cũng rất nóng tính .,0,0
"thầy ra hiền , chăm lo sinh viên .",2,0
"tận tình giúp đỡ , giải đáp cho sinh viên .",2,0
giáo trình hợp lý chất lượng cao .,2,1
"thầy vui vẻ , dễ tính .",2,0
nên cập nhật những phần mềm mới .,0,1
sử dụng nhiều slide .,0,0
"phòng học , bàn ghế còn bẩn và nhiều bụi bặm .",0,2
sinh viên bọn em không chỉ được thực hành những kiến thức ở lớp lý thuyết mà còn được đi sâu hơn và được biết thêm những kiến thức mới .,2,1
cô dạy rất vui .,2,0
mong thầy sẽ lên lớp nhiều hơn và có định hướng rõ ràng về nội dung môn học để các bạn tìm hiểu vã nắm rõ chúng .,0,0
thầy ngầu quá em hơi sợ .,1,0
slide không đầy đủ khó khăn khi xem lại kiến thức .,0,1
đôi chỗ khó hiểu .,0,1
mong nhà trường xem xét lại .,0,3
thật sự để đánh giá tổng quát được chất lượng đào tạo thì có lẽ một sinh viên phải học qua nhiều giáo viên mới có cái nhìn tổng quát về cách giảng dạy và chất lượng .,0,1
em muốn có thời gian tiếp xúc và học hỏi thầy nhiều hơn nhưng do thầy ít lên lớp nên không có cơ hội .,0,0
"cô dạy nhiệt tình , dễ hiểu , nhiều ví dụ thức tế .",2,0
có tâm .,2,0
"thầy không thông báo khi nào nghỉ khi nào học , để học sinh phải lên trường chờ mấy tiếng đồng hồ rồi đi về , thầy cũng không lên lớp .",0,0
"dễ hiểu , các ví dụ về bài toán hợp lý và cách dạy ngắn gọn xúc tích .",2,0
deadline quá nhiều và khoảng cách giữa các bài deadline quá gần .,0,1
mong ý kiến của em sẽ được xem xét .,0,3
biết cách phân bố thời gian .,2,0
"giảng dạy lý thuyết quá nhiều và rất rất ít bài tập vận dụng để hiểu được bài hôm đó , thiêng về chứng minh định lý định luật quá nhiều mà không đi vào bài tập , cho bài tập thì quá khó để hiểu được vấn đề , cuối cùng lại không biết gì .",0,0
"thầy thường xuyên cho làm bài tập trên lớp để điểm danh , đồng thời ôn lại bài học trong buổi học .",2,0
"cách giảng dạy phải hiệu quả hơn , lớp học rất uể oải và nặng nề , khó tiếp thu bài .",0,0
các dùng từ ngữ của giảng viên có hơi khó hiểu nên thỉnh thoảng giảng bài làm sinh viên bối rối và không hiểu được nội dung bài học .,0,1
cần sắp xếp phòng học cho phù hợp với số lượng sinh viên để sinh viên tiếp thu tốt hơn .,0,2
ra đề khó .,0,1
bài giảng sống động .,2,1
không cho học sinh hiểu sâu vấn đề .,0,0
nhiệt tình giảng dạy thêm giờ .,2,0
"giảng khó hiểu quá , xen lẫn tiếng anh và tiếng việt .",0,0
"câu em nghe nhiều nhất ở môn này là doubledot bài trên courses đó , kéo về làm đi , có gì không hiểu thì hỏi , em cũng làm đầy đủ , không cần hỏi nhiều vì trên mạng có hết , nhưng mà học xong môn thực hành , em không rõ nó có mục đích gì .",0,0
hay bận công việc đột xuất .,0,0
cho nghỉ không thông báo .,0,0
cô hay trao đổi với lớp .,0,0
"thầy dạy rất hay , thiết thực .",2,0
tránh lãng phí thời gian làm bài cũng như học tập .,0,1
giảng viên dạy khá nhanh .,0,0
giảng viên lên lớp đầy đủ và đúng giờ .,2,0
phong thái .,1,0
"dạy chi tiết , giải bài tập đầy đủ , dễ hiểu .",2,0
"rút kinh nghiệm về sau , em sẽ ở nhà code bài cờ tướng và đọc slide và không cần lên lớp quá chuyên cần nữa .",0,1
"em cảm thấy nếu có lộ trình để áp dụng phương pháp này một cách cụ thể thì nên áp dụng , còn không thì cứ theo phương pháp truyền thống đi ạ !",0,1
"rất mong nhà trường nâng cấp phòng máy máy mở lên rất lâu , màn hình bị nháy , con chuột bị đơ , bàn phím rít , nên cài visual cao hơn visual 2005 để sinh viên dễ thực hành .",0,2
thầy cô cần cho nhiều bài tập sát với đề thi hơn .,0,0
cô luôn cho lớp làm bài tập để tránh lãng phí thời gian .,2,0
tính chất môn học là code trực tiếp trên phần mềm dreamweaver và code sửa đi sửa lại để làm cho sinh viên hiểu .,0,1
phòng học có số lượng sinh viên quá đông .,0,1
"rất thích cách dạy của thầy , thầy rất nhiệt tình , tận tâm và rất vui tính .",2,0
không gặp sinh viên đủ 3 buổi học thực hành .,0,0
thầy luôn giới thiệu những công nghệ mới cho chúng em .,2,0
nhiều nội dung thầy còn dạy hơi nhanh .,0,0
tăng độ khó lên quá nhanh .,0,1
"truyền đạt không được tốt , buồn ngủ , hàn lâm .",0,0
kiến thức học được còn mơ màng .,0,0
"cô dạy nhiệt tình , dạy kỹ .",2,0
"em mong muốn cô tương tác với sinh viên nhiều hơn qua moodle ( post tài liệu tham khảo thêm , post ghi chú về bài giảng và các lưu ý trên lớp và cập nhật điểm số bài tập nhanh hơn ) .",0,0
"đôi khi đến lớp muộn , giọng nói còn nhỏ .",0,0
truyền đạt hơi nhanh .,0,0
giảng viên cần cung cấp rõ tài liệu thi lý thuyết bộ môn patin .,0,0
"hỗ trợ thêm cơ sở vật chất , thiết bị thực tế .",0,2
nâng cao hơn nữa công tác giảng dạy .,0,1
giảng viên tận tâm và vui tính .,2,0
nhiệt tình và có tinh thần trách nhiệm cao .,2,0
giảng viên có kiến thức chuyên sâu vê môn học .,2,0
1 chỉ thực hành chỉ còn ý nghĩa tượng trưng .,0,1
tăng cường speaking .,0,1
rất quan tâm đến sinh viên .,2,0
"giảng viên vô cùng tận tâm , hết mình vì sinh viên .",2,0
hội thảo nhiều hơn .,0,3
thầy cho làm quá nhiều bài báo cáo trong khi môn này có 2 chỉ .,0,0
thầy làm biếng quá .,0,0
"nhưng sẽ chẳng ai học nổi , nhưng một bài dạy trong một tiết thì điều đó cực kỳ tốt , để sinh viên không mất quá nhiều thì giờ cũng như giảng viên .",0,1
"tất cả lựa chọn của em dành cho thầy ở mức 4 , rất tốt , rất hoàn hảo .",2,0
"có nhiều vấn đề giải thích không rõ ràng , khó hiểu .",0,0
"thầy đảm bảo giờ lên lớp , quá trình giảng dạy trên lớp hiệu quả .",2,0
thầy không sử dụng máy chiếu nên thơi gian giảng dạy của môn học dài hơn bình thường dẫn đến việc cho ra trễ .,0,0
"không cập nhật tin tức trên moodle , không mở diễn đàn trao đổi .",0,1
thầy giảng bài và sửa bài tập rất cẩn thận .,2,0
"sử dụng giờ lên lớp không hiệu quả do đó không tập trung dạy bài kỹ lưỡng , khả năng truyền đạt không tốt .",0,0
"thầy dạy chậm , nhưng dễ hiểu , học sinh dễ nắm bắt chương trình học , biết được hướng căn bản để làm bài .",2,0
cách giảng dạy chưa thực sự gây hứng thú cho sinh viên .,0,0
thiết bị giảng dạy chưa tốt lắm .,0,2
"đặt biệt là bài proxy lab chỉ cung cấp code đã làm ( một bản của 1 sinh viên , một bản lấy trên mạng ) nhưng không cung cấp code đề bài để sinh viên làm .",0,0
nghiêm khắc .,2,0
"không vào đúng môn học , còn quá mông lung .",0,1
lượng kiến thức truyền tải cho học sinh đầy đủ .,2,1
trình bày hay .,2,0
"giảng viên dạy dễ hiểu , bài tập được giải chi tiết , kỹ càng , dễ hiểu , giảng viên nhiệt tình , hài hước .",2,0
"cô dạy rất nhiệt tình , cám ơn cô .",2,0
"cô rất tâm huyết , không chỉ dạy kiến thức anh văn mà còn rút ra những bài học kinh nghiệm từ bài giảng .",2,0
"nhiệt tình , tận tâm , hài hước , famous name .",2,0
cách nói chuyện .,1,0
"thầy dạy hay , vui tính .",2,0
thầy cho rất nhiều bài tập đảm bảo lượng kiến thức đủ cho sinh viên giảng dạy rất nhiệt tình .,2,0
"cô đi dạy đúng giờ , dạy cho sinh viên kỹ năng trình bày bài , dạy kỹ .",2,0
"hướng dẫn tích cực , nhiệt tình .",2,0
giảng viên tận tình với sinh viên chỉ bảo dễ hiểu !,2,0
giảng viên không dùng hệ thống courses nên hơi khó để học sinh xem lại bài cũ .,0,0
thầy rất vui tính và rất thật !,2,0
"tất cả kiến thức đều hướng dẫn tận tình cho sinh viên , không tạo áp lực môn học , điểm số công bằng , vô tư .",2,0
không có ý kiến không hài lòng về thầy .,1,0
cung cấp đầy đủ thông tin bài học .,2,0
thầy rất nhiệt tình với sinh viên .,2,0
có nhiều ví dụ thực tế hơn .,0,0
"không nói rõ nội dung nộp đồ án cuối kỳ là gì , cũng không nói rõ phải in báo cáo và ghi nội dung đồ án vào đĩa dvd trước ngày nộp .",0,0
"tận tình , cung cấp đầy đủ kiến thức .",2,0
tận tâm chỉ dạy .,2,0
thầy vui tính và tận tâm .,2,0
cách thầy truyền đạt cực hay !,2,0
"tiếp cận với kiến thức thực tế , nâng cao khả năng tự học , nghiên cứu .",2,1
yêu cầu quá cao về quá trình làm đồ án .,0,1
nâng cao chất lượng thực thành .,0,2
nên tăng thời lượng học các kỹ năng này .,0,1
thầy vui tính .,2,0
chúng em phải thuyết trình nhiều nhưng chưa có tổng hợp kiến thức sau buổi học .,0,1
quy mô dự án quá lớn mà phải thực hiện trong một thời gian ngắn và việc quản lý một dự án đó cho cả lớp không chỉ đơn giản trong một học kỳ .,0,1
cô giảng rất dễ hiểu .,2,0
"giảng dạy nhiệt tình , dễ hiểu , luôn khuyến khích sinh viên học tập tốt , sử dụng hiểu quả giờ lên lớp .",2,0
"thầy có tâm và rất tận tình , rõ ràng trong các thông báo .",2,0
"giảng viên giảng dễ hiểu , nhiệt tình giúp đỡ .",2,0
"cô nhiệt tình , cố gắng giúp đỡ học sinh .",2,0
"tạo điều kiện cho học sinh chủ động , thích nhất cách thầy cho làm việc teamwork .",2,0
hay cho chơi các game show để cải thiện kỹ năng nói tiếng anh .,2,0
thầy dạy không chu đáo .,0,0
bài tập đa dạng .,2,1
không học được gì từ hình thức thực hành 2 này nên bỏ hình thức thực hành này .,0,1
"cô giảng bài không truyền cảm hứng cho sinh viên , cũng như cô không quản được lớp trong giờ seminar như vậy làm cho mục đích cho lớp seminar không đạt chất lượng .",0,0
"thầy giảng rất hay , làm sinh viên khá hứng thú .",2,0
theo em thì cô nên chú trọng dạy kỹ hơn về cách làm bài tập và các dạng bài .,0,0
"chỉ có mỗi giọng nói của giảng viên hơi khó nghe , nhưng sinh viên vẫn thông cảm vì điều đó là không thể nào thay đổi được .",0,0
"thầy dạy tận tình , khối lượng kiến thức nhẹ nhàng .",2,0
em nghĩ nên cho thêm nhiều bài tập về nhà để sinh viên có thể tiếp thu bài một cách hiệu quả hơn em xin cảm ơn !,0,1
"sinh viên chưa có một chút kiến thức nền tảng nào đã phải học những kiến thức bậc trung đến khó , chưa nói slide giảng dạy là chương trình dành cho cao học .",0,1
"giảng viên thân thiện , vui tính , nhiệt tình trong giảng dạy .",2,0
"cô vui tính , nhiệt tình trong giảng dạy .",2,0
không nên ràng buộc về kỹ thuật sử dụng trong báo cáo .,0,1
thầy dạy hay truyền đạt tốt dễ hiểu .,2,0
"vui vẻ , thoải mái , có tâm .",2,0
thầy cho bài tập hơi khó .,0,0
"vui tính , dễ hiểu .",2,0
thầy khá hiền .,2,0
giảng kỹ các bài học cơ bản .,2,0
nhìn chung là tôi rất hài lòng với giảng viên wzjwz264 .,2,0
"giảng viên chu đáo , nhiệt tình trong giảng dạy .",2,0
cảm ơn thầy !,1,3
diễn đạt ý sang tiếng việt chưa rõ ràng .,0,0
giáo viên đến đúng giờ .,2,0
"môn học giúp sinh viên vận dụng được các kỹ năng về lập trình , giúp sinh viên hiểu rõ về hướng đối tượng và giúp sinh viên có thể tự làm ra các phần mềm đơn giản cho riêng mình bằng ngôn ngữ c .",2,1
phân biệt rõ ràng giữa đúng và sai .,1,3
ngắn gọn .,2,3
"giáo viên cứ cho đồ án liên quan đến môn học , rồi thi cũng dựa theo đồ án mà ra đề , như vậy vừa giúp sinh viên hiểu cặn kẽ , vừa đỡ tốn thời gian ngồi học lý thuyết vô bổ học xong quên sạch không đọng lại được cái gì .",2,0
giảng kỹ và nhiệt tình giải đáp .,2,0
thầy dạy cứng nhắc và nhanh !,0,0
"thầy giảng dễ hiểu , kiến thức thực hành phong phú lấy từ nhiều nguồn và dễ gần .",2,0
truyền đạt dễ hiểu !,2,0
cô rất tốt hòa đồng và rất giỏi .,2,0
em chúc thầy luôn hạnh phúc ạ .,2,0
"dạy dễ hiểu , tận tình giải thích cho sinh viên .",2,0
truyền đạt chưa được thu hút nên hơi khó hiểu một chút .,0,0
thái độ giảng dạy rất tốt .,2,0
có cung cấp bài tập cho sinh viên tự học ở nhà .,2,0
quá khó và rất khó .,0,0
bài tập phong phú đa dạng .,2,1
cô rất nhiệt tình và tạo hứng thú trong học tập .,2,0
"cách dạy vui , ví dụ cụ thể , giúp sinh viên hiểu rõ bài .",2,0
giải đáp thắc mắc kịp thời .,2,0
không có gì làm em không hài lòng cả .,1,3
"giảng viên tận tâm , hài hước , giúp sinh viên nắm kỹ và trau dồi kiến thức .",2,0
giáo viên nhiệt tình trong công việc .,2,0
cần có bộ giáo trình chuẩn cho môn này .,0,1
thực hành sớm hơn so với lý thuyết dẫn đến nhiều khó khăn cho sinh viên .,0,1
"nhiều máy còn bị nhiễm virus , chậm , đôi khi làm hỏng phần mềm thực hành .",0,2
"vậy thì em ở nhà làm bài , rồi mail cho thầy hỏi cũng được , nhọc công đi 20 km lên trường làm gì ?",0,0
giảng dạy vào trọng tâm và rất dễ hiểu .,2,0
tậm tâm với sinh viên .,2,0
"cô nhiệt tình , dễ tính .",2,3
không hay lắm !,0,3
nội dung thi nặng đối với sinh viên không chuyên .,0,1
"thầy cực kỳ dễ thương , và còn dạy rất hay nữa .",2,0
hướng dẫn lớp thực hành để làm bài tốt hơn .,2,0
cho nhiều bài tập thức hành tốt .,2,0
giảng viên có quan tâm đến những nhu cầu trong học tập của sinh viên .,2,0
thầy dữ quá sinh viên 50 người thì 49 người sợ thầy .,0,0
cho bài tập làm tại lớp .,1,0
đề thi nên dễ hơn .,0,1
sinh viên lên lớp thì muốn làm cũng được không cần phải ngồi làm bài thực hành chỉ cần đến hôm nộp bài có bài nộp là được .,0,1
"giảng viên có tính hài hước , dí dỏm .",2,0
thầy cần tạo thêm hứng thú cho môn học .,0,0
"tích cực sử dụng hiệu quả trang moodle để cung cấp thông tin , dữ liệu .",2,0
"một số nội dung thực hành mong thầy hướng dẫn sinh viên kỹ hơn , vì buổi thực hành phần lớn chỉ gặp mặt chứ không được nghe hướng dẫn cách làm hay tài liệu tham khảo .",0,0
chưa thực sự tốt .,0,3
thầy dạy rất nhanh .,0,0
"không có , chỉ là phòng lab máy nên được nâng cấp .",0,2
cô nhiệt tình chỉ dạy luôn đi dạy đúng giờ và lúc nào cũng có mặt trong lớp .,2,0
"bài giảng hay , bài tập đầy đủ .",2,1
"giảng viên nhiệt tình , giải đáp cụ thể các thắc mắc của sinh viên .",2,0
"tuy nhiên , bản chất môn học vẫn chán nên dù cô dạy rất hay nhưng cũng khó theo được .",0,0
"môn mạng học ở phòng wzjwz24 , wifi ở phòng này khá yếu , xài rất chậm .",0,2
"gần tới kỳ thi cuỗi kỳ mà sinh viên chưa biết được mình đang học gì , dù có cố gắng nghe nhưng vẫn không hiểu .",0,1
cô giảng rất nhiệt tình và quan tâm học sinh .,2,0
"giờ học vui vẻ , sôi nổi .",2,0
"giáo trình của môn học chưa đầy đủ , chưa cập nhập .",0,1
chưa tạo được sự sôi nổi giữa lớp học .,0,0
giảng viên có khả năng truyền đạt tốt .,2,0
giảng viên giảng dạy rất hay và nhiệt tình .,2,0
"em xin có kiến nghị là nội dung môn học nên gắn bó hơn với nội dung các bài tiểu luận , kiểm tra .",0,1
máy thực hành nên cài visual studio 2013 .,0,2
đôi khi cô giảng hơi nhanh .,0,1
"phòng học nóng , máy chiếu hơi mờ .",0,2
"giảng dạy nhiệt tình , dễ hiểu , nói chuyện rất vui và thoải mái .",2,0
"thầy nên định hướng nghiên cứu , hướng dẫn cách triển khai đối với những bài thực hành khó .",0,0
kiến thức bổ ích .,2,1
em mong muốn được tiếp tục học môn cấu trúc rời rạc của thầy .,0,0
mong giảng viên lưu tâm .,0,0
thầy giảng khá buồn ngủ và chán .,0,0
chương trình học nên được phân bổ ra riêng thành 2 phần như chương trình cũ .,0,1
cô giảng dạy hết mình .,2,0
"thầy nói giọng to , rõ ràng .",2,0
thầy dạy nhiệt tình và tận tâm với sinh viên .,2,0
tạo hứng khởi cho sinh viên học tập .,2,0
thầy giáo quá khắc khe đối với một môn học mang tính nhập môn .,0,0
"tất cả những gì thấy nói về nhưng tiết thực hành chỉ là "" chúng ta còn các tiết thực hành và tôi sẽ sắp xếp để lên lớp chung thành 1 buổi 5 tiết "" .",0,0
nhiệt tình giảng dạy tận tình với học sinh .,2,0
đồ án của môn học có những đồ án quá nặng trong khi phân công đồ án chưa phù hợp với lực học của từng sinh viên .,0,1
tất cả môn học .,1,1
"môn học này khá nặng nhưng giờ lên lớp em thấy chưa hiệu quả , còn nhiều thời gian trống .",0,1
"môn học cần làm nhiều bài tập , vận dụng những kiến thức vào bài tập cụ thể .",0,1
nội dung hơi khó hiểu .,0,1
"đưa ra rất nhiều bài tập trong tiết học kèm với sửa bài đầy đủ giúp sinh viên hiểu rõ và củng cố lượng kiến thức đã học được , cũng như để chuẩn bị tốt cho bài thi .",2,0
hiện tại sinh viên khá mơ màng về môn học này .,0,1
đề thi thực hành cuối kỳ chưa hay .,0,1
"môn học nên mở rộng ra ios , nơi store có nhiều sản phẩm chất lượng nhất hiện nay .",0,1
tăng cường phần nghe và viết .,0,1
truyền đạt không hay .,0,0
"rát hài lòng về việc giảng dạy của cô , bài tập cũng như các kiến thức cô giảng rất kỹ và dễ hiểu .",2,0
"thầy cho nhiều bài tập hay và rộng hơn khi học lý thuyết , giúp em biết thêm nhiều thứ hơn .",2,0
có tâm huyết với lớp và chương trình học .,2,0
"thân thiện , nhiệt tình với sinh viên .",2,0
thầy wzjwz79 dạy rất tận tâm và chu đáo .,2,0
thầy giảng nhiệt tình .,2,0
giúp đỡ học sinh từng chút một và rất vui vẻ .,2,0
vui vẻ nhiệt tình .,2,0
truyền đạt hay tương tác nhiều với sinh viên giúp sinh viên hiểu thêm về môn học .,2,0
có những ví dụ sinh động dễ hiểu .,2,1
thầy dạy rất sát với thực tế .,2,0
đảm bảo cân bằng giữa học lý thuyết và làm bài tập .,2,1
thầy nói hơi nhỏ nên có khi nghe được khi không nghe được .,0,0
còn một điều nữa .,1,3
cô giảng hơi khô khan !,0,0
đôi khi mọi chuyện một con người không thể đánh giá qua học hành được àm phải nhiều phương diện cô ạ .,0,0
không có điều gì .,1,3
"thầy tận tâm , nhiệt tình , dạy đễ hiểu .",2,0
hoạt động tổ chức thuyết trình .,1,3
silde bằng tiếng việt .,1,1
thầy hay dạy lố giờ nên những bạn có môn học của những giờ sau hay bị mất bài .,0,0
có thể không cần chữa bài nào hết miễn sao giảng viên phải cho đáp án nếu quá khó chỉ cần gợi ý sơ sài cũng được .,0,0
"mong thầy chuẩn bị nội dung giảng dạy tốt hơn , đặc biệt là slide .",0,0
"thầy dạy rất tốt, mong là có thêm bài tập về nhà và bắt buộc nộp .",2,0
"thầy giảng dễ hiểu , có sửa bài tập mẫu cho các dạng đề .",2,0
khó tiếp thu bài giảng .,0,1
quá nhiều lý thuyết .,0,1
buổi học cuối đợt thi giữa kỳ được thông báo nghỉ và lịch bù trên da nhưng thời gian thông báo quá trễ .,0,1
"đẹp trai , dạy tốt .",2,0
"giảng viên có giọng nói tốt , truyền đạt dễ hiểu .",2,0
nội dung thực hành phù hợp với lý thuyết đã học !,2,1
giảng viên rất nhiệt tình !,2,0
giảng viên dạy rất tốt .,2,0
"cần chia nhỏ thêm các phần của môn thực hành , khi đó sinh viên sẽ dễ làm và có thể hiểu được bài rõ hơn khi thiết kế mạch và kiểm tra trên kit .",0,1
đúng giờ .,2,0
giảng bài chi tiết .,2,0
thầy cần dạy bám sát vào môn học và chỉ dạy kỹ hơn về việc đánh giá cuối kỳ kỹ lưỡng hơn một chút .,0,0
"chuẩn kiến thức , truyền đạt dễ hiểu , đúng giờ .",2,0
"giảng viên chuyên về vhdl , về môn học này thì sử dụng hdl nên có nhiều phần giảng viên không giải đáp được .",0,0
"thầy dạy rất tận tâm , dễ hiểu , truyền đạt rất tốt .",2,0
"giảng viên vui tính , nhiệt tình và thân thiện , dạy rất dễ hiểu .",2,0
giảng viên khá hòa đồng với sinh viên .,2,0
động lực học và không khí chưa có mạnh mẽ .,0,0
"theo ý kiến của em , việc thực hành hiện giờ không theo kịp chương trình lý thuyết trên lớp nên không củng cố cho việc hiểu rõ bài hơn .",0,1
"không ý kiến , thầy dạy rất hay .",2,0
dạy lý thuyết nhiều nhưng toàn là những phần không trọng tâm và khó hiểu nữa .,0,0
"giảng dạy tận tâm , hiệu quả .",2,0
cô tuyệt vời em không có gì than phiền .,2,0
cần thêm bài tập về nhà .,0,1
"thầy giảng bài bằng một âm thanh đều đều và hơi nhỏ , dẫn tới việc không nghe được và không hiểu bài .",0,0
"tỉ lệ điểm số phân bố chưa đề so với phần việc , giữa điểm quá trình và điểm thực hành .",0,1
"thầy dạy khá khó hiểu , giờ thực hành thường ít code mẫu để sinh viên tham khảo .",0,0
chương trình giảng dạy cần được phân bố hợp lý hơn .,0,1
thầy dạy vui vẻ cởi mở .,2,0
nếu muốn học em sẽ lên lớp nhưng nếu như có việc bận hay vì nhiều lý do như buồn ngủ chẳng hạn thì em cũng nghĩ cô không muốn thấy rằng sinh viên của mình vẫn điểm danh đều mặc dù lên lớp chỉ ngủ .,0,1
"em mong thầy cô hỏi hết sinh viên trong lớp chứ đừng hỏi bài chung chung vì như thế không biết ai yếu , nhiều bạn tới lớp chỉ ngủ , học cho xong .",0,0
cách diễn đạt của giảng viên chưa tốt và dạy không hấp dẫn học sinh .,0,0
nên bỏ bớt một vài phần không cần thiết .,0,1
thầy nên cho nhiều bài tập .,0,0
chào thầy !,1,1
truyền đạt kiến thức hay và cuốn hút .,2,0
thầy cho ít bài tập quá .,0,0
giáo viên tận tình .,2,0
máy chiếu còn chưa tốt .,0,2
cách thầy cho làm bài tập không hợp lý .,0,0
"đó là tinh thần giảng dạy của thầy wzjwz112 , thầy rất nhiệt tình trong giảng dạy .",2,0
"giáo viên không thông báo , nhận xét các bài thực hành .",0,0
"đảm bảo giờ lên lớp và sử dụng hiệu quả giờ lên lớp , có cập nhật bổ sung tài liệu tham khảo để giúp sinh viên dễ nắm bắt được bài học .",2,0
cần làm nhiều bài tập .,0,1
"thầy dạy nhiệt tình , vui vẻ , giảng dễ hiểu .",2,0
phòng máy cần nâng cấp .,0,2
"thầy giảng dạy dễ hiểu , nhiệt tình .",2,0
các phần bài tập trên moodle của cô đăng lên hay bị lỗi do đó hay bị điểm kém oan .,0,0
3 tuần gặp giảng viên 1 lần .,0,0
nên có đồ án nhỏ như một phần thế cho thi giữa kỳ hoặc điểm chiếm 20% để sinh viên cảm nhận được thực tế của môn học .,0,1
"thầy hay kể chuyện để khuấy động lớp , làm cho các bạn có hứng thú học hơn .",2,0
"cung cấp kiến thức rộng , chính xác .",2,0
cô rất thân thiện và hiền lành .,2,0
không nên học theo cách học thpt gây nhàm chán .,0,1
tại do tuần thi .,1,3
"cần học và làm bài tập liên tục đúng với trình độ chung của cả lớp , tận dụng thời gian và không cho lớp ra về quá thời gian quy định của tiết học .",0,0
ít năng động trong lớp .,0,0
đôi khi không đúng giờ .,0,0
nên thay các bài thực hành rập khuôn theo lý thuyết bằng các bài thực hành mang tính logic cao như đề thi .,0,1
đề nghị các giảng viên nên yêu cầu về chất lượng thực hành hơn .,0,0
"kính mong nhà trường trong những năm tới có thể tổ chức giảng dạy chương trình tiếng anh tăng cường từ sớm hơn , đồng thời tăng số tuần học để việc học đạt hiểu quả cao hơn .",0,1
"nhiệt tình , dễ hiểu , bài tập khá đều đặn .",2,0
em xin hết ạ !,1,3
đề nghị cô bớt chửi lại .,0,0
sinh viên gặp khó khăn khi làm giao diện và xử lý chuỗi khi làm đồ án .,0,1
"thời gian thực hành và lý thuyết mâu thuẫn nhau , thực hành thì học sau lớp lý thuyết và lại kết thúc và thi trước lớp lý thuyết .",0,1
việc kết nối mạng máy tính trong phòng thực hành cần được sửa chữa .,0,2
"cô nhiệt tình , vui vẻ .",2,0
"đảm bảo giờ lên lớp , nhiều lần lên lớp rồi mới nhận được thông báo nghỉ học , rất bất tiện cho sinh viên , do nhiều sinh viên có nhà xa mà tới lúc lên trường rồi mới có thông báo nghỉ thì thật khó cho sinh viên .",0,0
mong thầy đảm bảo giờ lên lớp .,0,0
"thầy nhiệt tình , thoải mái .",2,0
giờ học còn khá là tẻ nhạt !,0,0
giảng còn nhiều lúc khó hiểu .,0,0
"giảng viên dạy dễ hiểu , bài tập hay , tận tình .",2,0
nhận xét cũng khá chi tiết về bài tập tụi em làm .,2,0
"cho sinh viên khả năng chủ động trong việc tạo ứng dụng bằng các nền tẳng , từ đó giáo viên có thang điểm phù hợp để quy đổi .",0,0
dạy hơi nhanh .,0,0
"trên lớp , cách truyền đạt của giảng viên rất lan man , khó hiểu , và liên tục cười đùa thiếu nghiêm túc .",0,0
kiến thức chưa nhiều .,0,1
chất lượng dạy kém .,0,1
"có câu hỏi sẽ được giải đáp nhanh , chính xác .",2,0
giảng viên dạy nhiệt tình và dễ hiểu .,2,0
"chưa có đề cương , nội dung , tài liệu học tập cụ thể .",0,0
nên cho thực hành nhiều hơn lý thuyết .,0,1
em mong muốn nhà trường phân công thầy wzjwz29 dạy lớp em nếu có thể ở các môn học tiếp theo .,2,0
thầy nhiệt tình hài hước .,2,0
không tạo được sự tâp trung hứng thú cho sinh viên .,0,0
cô rất vui vẻ và hòa đồng .,2,0
"phóng tầm nhìn đi xa hơn , những khó khăn , những kiến thức cần phải học để thành công trên đường đời .",2,3
cần hướng dẫn nhiều hơn đối với đề tài và bài tập thực hành lập trình trên lớp code agent .,0,0
"bài giảng hấp dẫn , mang tính cập nhật và ứng dụng cao .",2,1
giảng rõ và cho nhiều ví dụ lý giải .,2,0
thầy nên đưa vào một số phần nâng cao và mở rộng .,0,0
"nội dung đa dạng , giảng viên tận tình , học đầy đủ và chi tiết mặc dù đây là môn học mới .",2,0
giờ giấc giảng viên không đảm bảo .,0,0
rất cảm ơn thầy .,2,0
giảm nội dung chương trình lại cho phù hợp hơn .,0,1
"tận tâm , giảng bài chi tiết .",2,0
thầy không chỉ day những kiến thức chuyên môn mà còn mở mang thêm những kiến thức hữu ích khác .,2,0
"cung cấp đầy đủ tài liệu và giáo trình môn học , nhiệt tình với sinh viên .",2,3
cần cung cấp thêm tài liệu cho sinh viên thông qua website môn học .,0,1
giải bài tập hơi khó hiểu nhưng có lặp lại .,0,0
"tuy nhiên , em không thể làm khác được .",1,3
giáo viên giảng dạy có liên hệ với thực tiễn .,2,0
"phòng thực hành quá nhỏ , ít thiết bị , khó khăn cho việc thực hành .",0,2
"cô nên duy trì các bài tập thực hành như thế này và cải tiến , bổ sung thêm nội dung nữa để phong phú hơn .",0,0
thường xuyên cho nghỉ đột xuất .,0,0
tôi nghĩ trường cần thêm nhiều giảng viên bộ môn toán lý để thêm sự lựa chọn cho sinh viên .,0,1
thày nhiệt tình .,2,0
hi hi .,2,3
thầy dạy tóm ý chính giúp em nắm bài dễ hơn .,2,0
"cung cấp thêm nhiều tài liệu của môn học cần cập nhật nhiều hơn cho sinh viên , sử dụng giờ lên lớp có hiệu quả hơn vào mục đích môn học .",0,0
thầy giảng bài tận tâm .,2,0
nhiệt tình của giáo viên áp dụng vào thực tiễn mặc dù không trong giờ học nhưng vẫn giải đáp tận tình .,2,0
cô giảng bài rất dễ hiểu .,2,0
tăng thêm tiết thực hành .,0,1
"cô dạy nhiệt tình , không gì tốt hơn ở cô .",2,0
cô rất vui tính và quan tâm nhiều đến sinh viên .,2,0
"tận tâm , đi đúng giờ .",2,0
kết quả đạt được trong buổi thực hành hỗ trợ rất nhiều cho lý thuyết được học .,2,1
"cô wzjwz193 rất nhiệt tình , tận tâm , phương pháp giảng dạy của cô mới và hay .",2,0
giao nhiều bài tập để luyện tập .,2,0
phần bài tập thực hành nên bám sát với phần lý thuyết .,0,1
hầu hết thời gian là sinh viên seminar .,1,0
"bài giảng có lúc hơi nhanh , hầu hết giảng viên không nắm rõ được nội dung bài giảng hướng đến .",0,0
"giảng viên giảng bài có hơi không hiểu , chỉ là do cách dùng ngôn ngữ không được dễ hiểu lắm .",0,0
cách giảng bài .,1,0
"thầy giảng bài dễ hiểu , tận tâm , nhiệt tình .",2,0
có 1 vài kiến thức thực tiễn hay .,2,0
dạy đầy đủ kiến thức .,2,0
"cung cấp thêm tài liệu , giáo trình bộ môn .",0,1
giáo viên không đảm bảo giờ học giờ vô lớp là 7h30 mà 8h vẫn không thấy nơi đâu .,0,0
nội dung hứng thú hơn .,0,1
"thầy thân thiện , nhiệt tình , gần gũi .",2,0
tài liệu học môn này cần được cập nhật đầy đủ hơn .,0,1
"hướng dẫn , giảng dạy .",1,0
"thầy giảng hay , đưa ra đề bài sát với thực tế , giúp sinh viên thích thú hơn trong việc học .",2,0
thầy giảng bài dễ hiểu và hướng dẫn sinh viên rất nhiệt tình .,2,0
"cô rất quan tâm tới sinh viên , yêu cô .",2,0
"giáo viên thân thiện , nhiệt huyết .",2,0
"giảng viên truyền đạt chưa tốt , không gây hứng thú cho sinh viên .",0,0
"dạy rất nhiệt tình , đây là môn học khó nhưng khi tôi học thì thấy nó vô cùng dễ hiểu .",2,0
ít chữa bài tập .,0,0
"ngồi đợi thật lâu từ 9h sáng đến 2h trưa , cuối cùng cũng đã đến lượt mình .",0,3
"cô dạy nhiệt tình , mặc dù bài hơi khó hiểu .",2,0
"gây rất nhiều áp lực cho sinh viên , khó tính .",0,0
"giảng viên nhiệt tình , tận tâm , luôn đưa ra vấn đề nhiều chiều , định hướng cho sinh viên tốt !",2,0
cô cho đề quá khó .,0,0
bài giảng của cô wzjwz295 bám sát kiến thức quá đôi khi lại khô khan và gây hiện tượng kinh điển là buồn ngủ hoặc chán nản trong giờ học .,0,1
"thầy mới gặp sinh viên có 2 buổi , nội dung khá khó hiểu để nắm .",0,0
"thứ hai , cách giảng của thầy chưa hay rất dễ gây chán chường với sinh viên , cộng với việc tài liệu không đáp ứng đủ để về nghiền ngẫm thì tiết học hôm sau có làm bài tập thì đúng là thảm họa .",0,0
cô rất tận tâm .,2,0
tận tâm hướng dẫn sinh viên .,2,0
"giảng viên cần linh hoạt trong giảng dạy , chuẩn bị bài giảng phong phú .",0,0
"cần có thêm tài liệu tiếng việt để sinh viên có thể tìm hiểu thêm về môn học , cũng như làm các bài tập .",0,1
"vui , có tổ chức thuyết trình .",2,0
giảng viên ôn đúng trọng tâm .,2,0
cần nêu ý nghĩa quan trọng của môn học nhiều hơn .,0,1
"môn học này học quá nhiều thứ , không vận dụng hết những gì đã học , có nhiều nội dung học không để làm gì cả chỉ gây lãng phí thời gian .",0,1
thầy cung cấp các bài tập rất đúng thời điểm trong quá trình học tập .,2,0
dạy nhiệt tình và tận tâm .,2,0
thời gian chưa được đảm bảo .,0,1
"ngoài dễ tính và vui vẻ ra , thì cô dạy khá nhàm chán , thường xuyên cho nghỉ và phải học bù quá nhiều .",0,0
cô truyền đạt rất hay .,2,0
giáo viên giảng bài dễ tiếp thu .,2,0
cô cần dạy chậm và hướng dẫn chung kỹ hơn .,0,0
"cô dạy nhiệt tình , giảng bài tập hay .",2,0
"do đặc thù của môn học yêu cầu sinh viên phải vận dụng được lý thuyết vào phân tích tìm ra vấn đề , vì vậy nên tăng cường đưa ra các bài tập , bài lab gần với thực tiễn để sinh viên có thể luyện tập .",0,1
đôi khi hơi dài dòng .,0,0
deadline dài hơn một chút .,1,1
"cô dạy khô khan , nội dung nhiều phần thiếu sót nội dung , thiếu công thức .",0,0
điều đó là sinh viên rất khó chịu trong khoảng thời gian quản lý thực hành bài tập vì thời gian lúc nào cũng phải gấp hơn lớp còn lại .,0,1
có đề cương cơ bản chung .,1,1
nên cung cấp bài giảng .,0,1
"giảng viên nhiệt tình , vui tính .",2,0
"thầy rất tận tâm giảng bài , truyền đạt hay và có giọng giảng truyền cảm .",2,0
giảng dạy và cho làm bài tập đúng với chương trình và thực lực của sinh viên .,2,0
thầy nhiệt tình .,2,0
"em thấy thầy hơi gia trưởng , em nghĩ chắc tại chúng em còn nhỏ nên cái suy nghĩ nó hơi khác thế hệ đi trước , giọng thầy hơi khó nghe .",0,0
thầy dạy hay dễ hiểu slide đáp ứng đủ để sinh viên hiểu về bài .,2,0
"thấy cái gì cũng ổn , không đáng chê cũng không đáng khen .",1,3
cần thêm nhiều các ví dụ minh họa .,0,1
trang thiết bị cần được sửa chữa và bổ sung thêm .,0,2
thời gian deadline cho bài tập nên là cuối ngày của buổi dạy tiếp theo hiện nay là 11h55 trước ngày học vì có thể cần lên lớp để trao đổi những vấn đề phát sinh trong lúc làm bài tập để sửa đổi .,0,1
đề nghị nhà trường dạy kiến thức xác với thực tế hơn .,0,1
kết thúc môn học muộn .,0,1
thầy nên có biện pháp để gây hứng thú trong giờ học do môn này rất dễ gây buồn ngủ .,0,0
còn lại thì cô giảng dạy rất tốt .,2,0
ít thấy giảng viên xuất hiện .,0,0
cô rất dễ thương và gần gũi .,2,1
"thầy dạy tốt , lên lớp đúng giờ , và luôn tận tụy với học sinh .",2,0
"khối lượng kiến thức bài tập trong một buổi thực hành là hơi nhiều với những bài tập đa dạng và có độ khó cao , điều đó vừa tốt vừa không tốt vì một số bạn sẽ khó bắt kịp .",0,1
học dồn quá sức .,0,3
"không gửi từ vựng , grammar lên courses .",0,0
"nhà trường cần thông báo trước môn học cho sinh viên đăng ký , tránh tình trạng đăng ký rồi mới thông báo môn học .",0,1
"cô dễ thương và tích cực ôn bài sát với trọng tâm , giảng bài nhanh chóng và tập trung những phần cần thiết cho sinh viên dễ hiểu và tiếp thu .",2,0
"giảng viên nhiệt tình , lên lớp đầy đủ .",2,0
thực hành vẫn còn đi trước lý thuyết .,0,1
bài tập ít đa dạng .,0,1
giải bài tập giúp hiểu hơn về bài học .,1,1
xin cô cho thêm nhiều ví dụ về bài giảng .,0,1
thầy không cho chúng em slide cho đến cuối kỳ thầy mới đưa .,0,0
"thầy rất tận tình , quan tâm đến sinh viên .",2,0
nên dành thời gian cho các bạn sửa bài rồi mới làm bài mới .,0,0
"cô dạy rất nhiệt tình , dễ hiểu .",2,0
"giảng viên giảng dạy có sự lôi cuốn , dễ hiểu , truyền đạt kiến thức tốt .",2,0
hình thức thi nên là đề mở hoặc trắc nghiệm đề đóng .,0,1
cần cho thêm giáo trình .,0,1
nhưng nhiều lúc thầy quá khó tính .,0,0
không phải là môn đi học .,0,3
giảng viên nên giảng dạy một cách sinh động hơn cho lớp học .,0,0
mong bộ môn xem xét lại cấu trúc bài thi và chương trình cần dạy .,0,1
cô dạy hơi nhanh làm em không thể tiếp thu được hết .,0,0
cô rất nhiệt tình và vui tính ạ .,2,0
không cho bài tập về nhà .,0,0
chuyên môn cao .,2,0
"thưa , không có .",1,3
học cô có động lực ghê .,2,0
bài tập rất tốt .,2,1
thường xuyên vắng giờ lên lớp .,0,0
giảng viên vui vẻ .,2,0
nhiều tiết học thú vị .,2,0
"giảng viên giảng hay , dễ tiếp thu .",2,0
sửa bài tập .,1,0
"thầy rất tốt , và truyền đạt đầy đủ kiến thức tới sinh viên .",2,0
trang bị thêm thiết bị nghe nhìn .,0,2
đôi khi giảng bài quá nhanh .,0,0
"học 4 tiết , nhồi nhét quá nhiều kiến thức .",0,1
"năng nổ , nhiệt tình .",2,0
luôn yêu cầu sinh viên nắm vững kiến thức nền nhất trước khi thực hành .,2,0
"thầy vui vẻ , nhiệt tình và dạy dễ hiểu .",2,0
"thầy vui vẻ , tận tâm , sẵn sàng giải đáp thắc của sinh viên , khả năng truyền đạt tốt .",2,0
thích cách cô dạy .,2,0
cần có nhiều người như cô .,2,0
hòa đồng .,2,0
hết mình .,2,0
thầy thường sai bảo sinh viên làm việc riêng cho thầy trong giờ học .,0,0
giảng dạy ngắn gọn dễ hiểu 10 fraction 10 điểm cho thầy luôn .,2,0
"thầy dạy rất nhiệt tình , dặn dò đồ án , thi cử rất kỹ .",2,0
cô quá tận tụy .,2,0
giảng viên chưa làm được điều này hình thức giảng dạy không đem lại hiệu quả cao .,0,0
"sau giờ học thầy còn hỏi về tình hình buổi học có nhanh hay chậm quá không , có chỗ nào chưa rõ , tình hình thầy trợ giảng dạy sao .",2,0
"sôi nổi , vui tính .",2,0
"cô nhiệt tình , lớp sinh động , truyền đạt kiến thức tốt .",2,0
nên có cách chấm điểm quá trình khách quan hơn .,0,0
đó là giáo trình và tài liệu .,1,3
"cách dạy chậm rãi , dễ hiểu , giảng viên thân thiện với sinh viên .",2,0
"hòa đồng , vui vẻ .",2,3
kiểu như giáo viên chạy cho hết phân phối chương trình .,0,0
cách giải bài tập của thầy lúc nào cũng ngắn gọn và dễ hiểu .,0,0
"máy móc trong phòng còn gặp trục trặc , phòng học rất bụi do lâu ngày không được dọn dẹp , máy cấu hình còn yếu .",0,2
nếu cảm thấy muốn học em sẽ tự lên lớp .,1,3
"giảng viên chưa sử dụng nhiều hệ thống website môn học , đặc biệt là trong việc thông báo thông tin quan trọng đến lớp .",0,0
"thầy dạy khá kỹ , nhiệt tình .",2,0
giọng cực khó nghe .,0,0
"thầy wzjwz220 dạy rất nhiệt tình , giảng giải từng vấn đề trọng điểm rất cụ thể và rõ ràng giúp chúng em hiểu rõ , đồng thời có thể nhớ được những gì mình đã được học ngay tại lớp .",2,0
cách giảng dạy của giáo viên khá hay .,2,0
"thầy dạy tốt , cần phát huy như thế .",2,0
"thái độ , phong cách làm việc của thầy .",1,0
em mong mình sẽ lại được học thầy ở các môn quan trọng khác .,2,0
giáo viên nhiệt tình đối với sinh viên .,2,0
giảng viên nên đưa ra thêm những ví dụ thực tiễn hơn trong mô hình kinh doanh ngoài thực tế .,0,0
thầy có kiến thức sâu rộng về môn học .,2,0
"giáo viên truyền đạt kém , khó hiểu .",0,0
những vấn đề thầy đem ra thường quá đi lệch khá xa so với những gì thầy đang giảng dạy .,0,0
quá thoải mái cho sinh viên .,0,3
"thầy dạy dễ hiểu , truyền đạt hay , tạo điều kiện thuận lợi cho sinh viên tiếp thu bài .",2,0
dạy dễ hiểu tận tình .,2,0
không tạo điều kiện cho sinh viên thoải mái học tập .,0,0
"có cái em còn copy trên mạng xuống dot nhưng cơ mà nhờ thầy hỏi , thắc mắc nhóm em mà nhóm em càng hoàn chỉnh cái đồ án hơn , hiểu được là mình đang học gì , đồ án mình đang làm là gì ?",2,1
không kiểm soát được lớp .,0,0
bài tập hơi nặng .,0,1
tuy nhiên thầy giảng hơi khó hiểu .,0,0
phân chia ca học hợp lý hơn để việc sắp xếp môn học được thuận tiện hơn .,0,1
chịu khó .,2,0
"thầy giảng rất hay , nhiệt tình , rất dễ hiểu .",2,0
cách truyền đạt kiến thức của thầy .,2,0
không hướng dẫn cho sinh viên kỹ năng lập trình mạng máy tính .,0,0
"giảng dạy cụ thể , có nhiều dẫn chứng minh hoạ .",2,0
"nên sử dụng máy chiếu để hiện rõ chữ , để giảm thời gian viết , tập trung thời gian vào việc giải bài tập minh họa .",0,1
và đưa ra các gợi ý về nhà tìm hiểu những thứ bên lề giúp ích trong việc học .,2,0
"thầy vui tính , giảng bài dễ hiểu , thân thiện với sinh viên .",2,0
"giảng khó hiểu , nói chuyện ngoài lề , đi trễ , đuổi sinh viên về sớm .",0,0
khá giống lúc học phổ thông .,1,1
thầy dạy quá chi tiết với đồ án thầy hướng dân hết rồi không có gì để làm nữa .,0,0
"giảng viên tận tâm , nhiệt huyết .",2,0
"giáo viên giảng dễ hiểu , nhiệt tình .",2,0
thầy truyền cảm hứng học cho các em cũng như sự chân thành truyền đạt của thầy thật quý báu .,2,0
"giảng viên giảng dạy nhiệt tình , phương pháp dạy hay .",2,0
phần tài liệu .,1,1
cô cực kỳ nhiệt tình .,2,0
thầy nên báo nghỉ sớm hơn ít nhất 1 - 2 ngày để sinh viên đỡ mất công đến lớp rồi lại ra về .,0,0
chưa có sự tương tác nhiều với sinh viên .,0,0
"dạy kỹ , ôn thi cũng kỹ không bỏ sót phần nào .",2,0
thời gian hướng dẫn thực hành quá ít so với môn học .,0,1
"phòng máy wzjwz26 khá tốt , đáp ứng nhu cầu của sinh viên , mong rằng các phòng máy khác cũng có được trang bị như vậy .",2,2
học vui .,2,0
giỏi .,2,3
chưa giúp tôi phát triển được tốt nhất khả năng của mình .,0,1
"giảng viên truyền đạt tận tâm , dễ hiểu .",2,0
cùng sinh viên giải nhiều bài tập .,2,0
dễ hiểu .,2,3
truyền đạt không tốt .,0,0
đảm bảo giờ lên lớp hiệu quả .,2,0
"dạy tận tâm , cung cấp thêm nhiều kiến thức không có trong môn học , giờ học thực hành rất hiệu quả .",2,0
giảng viên nhiệt tình với các bài trên lớp .,2,0
điều kiện cơ sở vật chất còn ảnh hưởng đến chất lượng môn học .,0,2
thực hành chạy quá nhanh và khó hiểu .,0,1
giảng viên chưa hướng dẫn kỹ những bài tập sinh viên không làm được hoặc làm sai .,0,0
giảng viên hòa đồng và kể rất nhiều chuyện mang tính cập nhật thời sự .,2,0
cô rất tận tâm giảng dạy .,2,0
cô nhiệt tình trong việc giảng dạy và giúp đỡ sinh viên .,2,0
"cô giảng bài dễ hiểu , thoải mái , vui tính , cute , phương pháp học nhiều kiểu cho mỗi đứa .",2,0
"phần đầu thầy giảng không hiểu , bọn em có về xem lại nhưng thật sự không tiếp thu lại được bao nhiêu .",0,0
thầy rất tâm huyết với sinh viên .,2,0
"giảm thời gian thực hành , tăng số buổi thực hành , khuyến khích hoạt động thực hành ở nhà để phân bố thời gian thực hành tốt .",0,1
nhiệt tình hướng dẫn .,2,0
"thầy dạy nhiệt tình , cám ơn thầy .",2,0
"em nghĩ môn này chỉ nên dành cho khoa khoa học máy tính , kỹ thuật máy tính .",0,1
khi được học với thầy wzjwz80 em cảm thấy hài lòng hơn hẳn những giảng viên trước .,2,0
thầy dạy tận tâm với sinh viên .,2,0
"cách thức truyền đạt kiến thức chưa hiệu quả , sinh viên khó tiếp thu .",0,0
"tại sao thầy không tổng hợp bài tập rồi cho sinh viên đem in , photo ra .",0,0
"thầy giảng cặn kẽ , dễ hiểu !",2,0
cần nâng cao cơ sở vật chất của phòng học .,0,2
"vào lớp muộn , ra trễ làm ảnh hưởng tới các hoạt động khác của sinh viên .",0,0
cô dạy rất tận tậm và yêu mến học sinh .,2,0
"mong giảng viên có thể lên lớp đúng giờ hơn , và khi có nghĩ tiết thì cần thông báo trước cho sinh viên biết trước .",0,0
lượng kiến thức đầy đủ .,2,1
"em chỉ thắc mắc nội dung môn học có vẻ khác so với tên môn học , em cứ nghĩ môn này là để sinh viên cập nhật các vấn đề hiện đại chứ ?",0,1
giảng viên dạy tận tình .,2,0
đến cuối kỳ sẽ đỡ bỡ ngỡ hơn .,1,3
cung cấp nhiều kiến thức thực tế và các kiến thức khác ngoài môn học giúp sinh viên có cái nhìn tổng quan hơn về môn học .,2,0
đây là tình trạng chung của tất cả các lớp thực hành không chỉ riêng lớp này .,1,0
máy chiếu mờ !,0,2
môn thiên về kiến thức lập trình nhưng lại bắt buộc thi lý thuyết trên giấy là không hợp lý .,0,1
thầy nghiêm túc và lên lớp đây đủ xong chưa tạo được hứng thú khi học .,0,0
"giảng viên gần gũi với sinh viên , giải đáp các thắc mắc của sinh viên .",2,0
có cảm giác cô giảng không thu hút em .,0,0
thầy đi rất đúng giờ và nhiệt tình .,2,0
thời lượng ít .,0,0
"đảm bảo số ngày lên lớp , số tiết dạy .",2,0
"nhiệt tình , thân thiện .",2,0
"hướng dẫn cụ thể , rõ ràng .",2,0
hơi khó hiểu chút xíu .,0,3
nên giảm bớt số từ vựng học trên lớp .,0,0
thầy cần cho sinh viên làm và sửa bài tập trên lớp nhiều hơn .,0,0
"nên có nhiều tài liệu hay và cập nhật hơn , sát với môn học hơn .",0,1
"phương pháp thầy cho các bạn thuyết trình trên lớp cũng không khả quan , một buổi học đến 4 nhóm thuyết trình về 4 chủ đề khác nhau .",0,0
"cô dạy dễ hiểu , cho điểm rẻ , điểm danh công bằng , giảng dạy có mạch tạo cảm hứng học .",2,0
thầy dạy chán buồn ngủ .,0,0
"thầy giảng bài rất hay , dễ hiểu .",2,0
mong thầy thay đổi trong các học kỳ sau .,1,0
"những bài ôn tập không quá "" trên trời "" mà đi thẳng vào vấn đề .",2,1
thầy luôn hỗ trợ và dạy bù kịp thời cho sinh viên .,2,0
"thầy không đảm bảo được giờ lên lớp , liên tục cho nghỉ , sau đó báo bù , và cuối cùng cũng nghỉ luôn buổi bù ngày hôm đó mà không báo trước .",0,0
có những lúc thầy vào rất sớm nhưng khoảng 13h30 hoặc 13h45 thì mới chịu đọc slide .,0,0
mong nhà trường có sự điều chỉnh cho các khoá học sau này .,0,1
"thầy giảng dạy hay , dễ hiểu , trình bày có chiều sâu .",2,0
"thầy dạy tận tâm , nhiệt tình , vui vẻ .",2,0
mọi thứ đều tuyệt vời .,2,3
dạy kỹ bài tập .,2,0
"cô nhiệt tình giúp đỡ , tận tâm với công việc .",2,0
chưa biết cách truyền đạt .,0,0
"mạng wifi thì không vào được , mạng dây thì cột chặt vào pc .",0,2
lớp học hơi buồn chán .,0,3
"thầy ôn không đúng , bám sát với đề thi cuối kỳ .",0,0
nên tận tình hơn với sinh viên .,0,0
nhiều câu hỏi không biết cách trả lời .,0,0
lớp học trầm .,0,3
"bài giảng thú vị dễ hiểu , khả năng truyền đạt kiến thức tốt .",2,1
phòng thiếu quạt .,0,2
tận tình và up tài liệu trên module nhiều rất tiện việc theo dõi và cả song ngữ .,2,0
sinh viên không được cung cấp nhiều tài liệu cho môn học ngoài slide của giảng viên cung cấp .,0,1
dạy dễ hiểu và hiệu quả .,2,0
"đem nhiều hình thức như học từ vựng qua một số hình ảnh , học ngữ pháp qua một số ví dụ cơ bản và một số dẫn chứng thực tế , luyện nói thường xuyên và hỗ trợ sinh viên tự tin khi nói tự tin trình bày vấn đề , luyện nghe thường xuyên hỗ trợ sinh viên có thể hiểu được vấn đề của bài nghe , hỗ trợ các phương pháp đọc viết và một số kỹ năng trong giao tiếp .",2,1
"vui tính , hòa đồng với sinh viên .",2,0
"giảng viên nhiệt tình , đúng giờ , thân thiện .",2,0
giảng viên dạy trọng tâm môn học .,2,0
cô cho nghỉ nhiều quá ( mặc dù đã có bù ) nhưng nên đảm bảo đúng lịch để sinh viên sắp xếp thời gian bởi vì sinh viên vẫn phải dành thời gian đi học bù .,0,0
môn này cũng được nghe thầy nói của chỉ có ở trường chúng ta .,1,1
"cần phải cân bằng kiến thức giữa lý thuyết và thực hành , phần thực hành luôn đi trước lý thuyết , sinh viên không biết phải làm bài thực hành như thế nào , giảng viên thực hành không hướng dẫn cụ thể cho sinh viên làm bài , chỉ đưa lab rồi bắt sinh viên tự làm .",0,1
không có bài giải ví dụ mẫu được đưa ra nhằm tiệm cận sinh viên với chuẩn code .,0,1
môn này em bị trùng lịch học do lịch thực hành hình thức 2 được công bố sau vì thế mà thời gian đi học thực hành của em cũng bị hạn chế .,0,1
cô dạy rất tốt .,2,0
"có lúc nghiêm khắc , cho bài tập hơi nhiều .",0,0
giảng viên giảng dạy tận tình .,2,0
slide khi khó hiểu vì vậy khi kết hợp slide và nghe cô giảng mới hiểu .,0,1
thầy hơi khó tính nhưng dạy khá hay .,2,0
"như vậy , sinh viên làm đồ án sẽ không có tương tác thực tế với giảng viên tương tác qua moodle thì vẫn được .",0,0
thiết kế bài giảng chưa thuyết phục .,0,0
"giảng viên giảng hay , dễ hiểu , dễ vận dụng .",2,0
"bài thực hành phong phú và đa dạng , tiếp xúc được với công nghệ mới .",2,0
"tận tâm trong giảng dạy , không phiền hay trách khi sinh viên không nhớ kiến thức cũ .",2,0
dạy dở .,0,0
"đảm bảo thời gian dạy , bài tập nhiều để rèn luyện .",2,0
cần thêm thời gian thực hành .,0,1
"hệ thống chấm điểm thực hành wecode rất tiện lợi , hiệu quả .",2,1
dạy quá nhanh dot làm cho mức độ hiểu bài của sinh viên chỉ thêm hạn hẹp .,0,0
phải nghe những thứ mà chưa được thấy thì thật khó mà tiếp thu .,0,1
đa phần sinh viên không tập trung học nhiệt tình nên không theo kịp .,0,3
"giảng viên gần gũi với học sinh , tạo không khí sôi nổi trong giờ lên lớp .",2,0
nhưng buổi thực hành hết sưc bổ ích và tính ứng dụng cực cao .,2,0
"giáo viên tận tâm chỉ dạy , nhiệt tình , giúp đỡ sinh viên .",2,0
"giảng bài nhiệt tình và nội dung khá dễ hiểu , bổ ích .",2,0
nhưng em có đi học một buổi thực hành trên trường .,0,3
một số phòng thực hành nên thay dàn máy phù hợp hơn .,0,2
vậy là được .,2,3
"lên lớp trễ thường xuyên , 2 buổi báo nghĩ vào giờ chót .",0,0
"cô giảng dạy thiếu tinh thần , không giảng giải kỹ ví dụ , toàn lướt qua gây thiếu kiến thức cho sinh viên .",0,0
giảng hơi khó hiểu .,0,0
giảng viên cần nhiệt tình hơn .,0,0
thường thường vào lớp học chúng em rất buồn ngủ vì thầy giảng luôn với tốc độ đều đều .,0,0
giảng viên tạo điểu kiện sinh viên hoạt động .,2,0
nhiều lúc nội dung thực hành không đồng bộ với nội dung đã học ở lớp lý thuyết .,0,1
tăng cường giảng viên hỗ trợ thực hành .,0,1
dạy rất kỹ .,2,0
tiếng anh của thầy không tốt .,0,0
"phòng thực hành quy mô chưa lớn , vẫn còn các máy tính không sử dụng được .",0,2
"sự nhiệt huyết , và tận tâm .",2,0
sinh viên tốn thời gian lên trường mà không được học .,0,1
"thầy vui tính , tận tâm !",2,0
"cô dạy nhiệt tình , thoải mái , vui vẻ và tận tình .",2,0
"anh wzjwz232 ơi , cho đề cuối kỳ dễ dễ đi .",0,0
"cô rất vui vẻ , phong cách dạy rất thoải mái , dễ hiểu .",2,0
thầy có thể cho nhiều bài tập hơn nhưng ở dạng tùy chọn hoặc bài tham khảo thêm ngoài những bài tập bắt buộc .,0,0
dạy nhưng toàn kêu sinh viên về tự nghiên cứu và code .,0,0
giảng viên giảng còn khó hiểu .,0,0
"giảng viên vui tính , nhiệt tình và tận tâm với công việc .",2,0
thầy dạy rất có tâm huyết với học sinh .,2,0
nói chung em rất thích thầy colonsmile .,2,0
"nghiêm túc trong việc dạy , vui tính .",2,0
cách thức trình bày bài giảng của thầy chưa tiếp cận được học sinh .,0,0
"vui vẻ , khá chăm lo cho sinh viên .",2,0
"thầy dễ tính , giảng dễ hiểu .",2,0
giảng viên nên tổ chức ôn tập các bài đã qua trong một hai buổi học để cũng cố kiến thức cho sinh viên .,0,0
"khả năng truyền đạt khó hiểu cho sinh viên , không có gây hứng thú .",0,0
so sánh không mang tính tương quan .,0,1
thầy dạy sửa bài và cho nhiều bài tập .,2,0
"nhà trường cần công bố điểm sớm hơn , các thiết bị máy chiếu , loa , micro cần được đảm bảo hơn .",0,1
"thầy nhiệt tình , tận tâm với sinh viên .",2,0
"chỉnh lại thời lượng làm bài thi và nội dung thi , vì không tương thích , đề dài và thời gian ngắn .",0,1
tốt và nhiệt tình trong giảng bài .,2,0
thầy dạy quá tốt không ý kiến .,2,0
giáo viên thường xuyên liên lạc trao đổi với sinh viên .,2,0
"giảng viên nhiệt tình , giải thích kỹ càng .",2,0
"giảng viên dạy khá nhạt và chán , giọng nói đều đều , khô khan .",0,0
và em nghĩ mức độ gây áp lực về nội dung bài tập còn ít ( nội dung bài tập chưa nâng cao và yêu cầu nhiều về kiến thức ) .,0,1
điều em không hài lòng nhất là đôi lúc giảng bài hơi nhanh .,0,0
đôi khi dạy khiến học sinh buồn ngủ bởi cách dạy chưa hay hoặc bài học khó nhưng chưa chỉ ra hợp lý .,0,0
cảm ơn boss .,2,0
"cách dạy thiếu khoa học , cứng nhắc , quá áp đặt , không thu hút , gó bó tư duy của sinh viên .",0,0
nên thêm thời gian học .,0,1
"cô dạy nhiệt tình , tận tâm với sinh viên .",2,0
"thầy giảng tận tâm , nhiệt tình .",2,0
"thầy đẹp trai quá , làm sinh viên mất tập trung !",0,0
hiệu quả trình bày kiến thức không cao .,0,1
"khi sinh viên hỏi thì thầy không biết , phải đi qua máy khác xem rồi mới biết đường để chỉ sinh viên .",0,0
cô rất sâu sát đến từng bạn .,2,0
nội dung bài thực hành nên chú trọng vào chất lượng hơn là số lượng .,0,1
phương pháp thầy dạy giống cấp 3 làm em nhớ hồi cày cuốc colonsmile .,0,0
"cách truyền đạt khó hiểu , không có gì mới trong bài giảng .",0,0
"thầy giảng kỹ , liên hệ thực tiễn , rõ ràng nhưng tiếc là giọng của thầy ấm áp quá , học trưa nên dễ buồn ngủ .",0,0
"các nội dung trong tài liệu môn học chưa đầy đủ và chi tiết , chưa đi sâu vào bản chất của vấn đề , đặc biệt là phần xml và hướng đối tượng .",0,1
cô nhiệt tình giảng dạy dù lúc cô hỏi không bạn nào thèm trả lời câu hỏi của cô .,2,0
số bài thực hành quá nhiều cho một môn thực hành hình thức 2 .,0,1
"phần thực hành khó , em thường làm rất mơ hồ và không hiểu ý nghĩa của bài tập .",0,1
không học gì .,0,1
"thầy nhiệt tình , ân cần .",2,0
"em mong môn học cập nhập thêm nhiều điều mới , có những ví dụ thực tiễn , sinh động , nội dung môn học nên súc tích và nhấn mạnh trọng tâm hơn .",0,1
"luôn giải đáp thắc mắc của sinh viên , dạy dễ hiểu .",2,0
giảng viên dạy khó hiểu .,0,0
"học xong môn học chỉ có thể nói chắc chắn một điều , đủ để chém gió , còn lại thực tế mạng là cái gì ?",0,1
thầy dạy dễ tiếp thu .,2,0
"nếu liên hệ thực tế , liên kết của môn học với các mô học sau , ngành nghề sau này , em nghĩ sẽ dễ hiểu và tiếp thu môn học hơn .",0,1
"thầy cho bài tập để sinh viên không quên kiến thức trong kỳ quân sự , thường xuyên cho bài tập không ngừng giải thích và chỉ rõ những cái các chỗ sai của sinh viên trong quá trình làm bài tập .",2,0
thầy luôn đến sớm hơn sinh viên .,2,0
thầy nói chuyện linh tinh hơi nhiều .,0,0
đừng quá nhiều lý thuyết .,0,1
"môn học cần tạo được định hướng cho sinh viên làm đồ án ngay từ đầu , gần cuối kỳ chúng em mới biết làm cái gì nên lúc đó chạy đồ án rất là cực và còn nhiều sai sót cho đồ án của mình .",0,1
cô rất nhiệt tình .,2,0
vận dụng được một số kiến thức để áp dụng những môn học sau .,2,1
có thông báo cho sinh viên rất đầy đủ .,2,0
"tận tâm , nhiệt tình , hăng say .",2,0
một số bài lab khá dài và nâng cao .,0,1
cô quá dễ thương .,2,0
"giảng viên đảm bảo giờ lên lớp , dạy kỹ càng và rất dễ hiểu .",2,0
thầy hầu như chỉ giảng bài trên slide .,0,0
"thầy dạy rất hay , em hài lòng về cách giảng dạy của thầy .",2,0
"thầy giảng buồn ngủ , không nhiệt tình , bài tập thực hành không có .",0,0
thầy có nhiều kiến thức hay .,2,0
thời gian làm bài tập nên kéo dài hơn một chút .,0,1
giảng viên truyền đạt kiến thức sát với thực tiễn giúp dễ hiểu .,2,0
"vui vẻ với sinh viên , cung cấp tài liệu đây đủ cho môn học .",2,0
tích cực giảng dạy thường xuyên giúp đỡ sinh viên .,2,0
nhiệt tình vui vẻ .,2,0
chúc thầy sẽ những thành công trong việc giảng dạy sắp tới .,2,0
quan tâm tới học sinh .,2,0
"thầy cho làm bài tập nhưng không giải , làm sinh viên không biết đúng sai như thế nào .",0,0
"cần trang bị máy bàn cấu hình cao hơn , vì chạy chương trình không nổi .",0,2
sử dụng hệ thống làm bài online để làm bài tập .,1,0
"nội dung môn học quá rộng , nên điều chỉnh lại và tập trung vào những phần quan trọng .",0,1
thầy rất tốt rất nhiệt tình .,2,0
"thầy giảng ngắn ngọn , nhưng rất dễ hiểu .",2,0
dạy dễ nghe dễ hiểu .,2,0
chưa đi sâu vào cốt lõi của vấn đề .,0,0
"giảng dạy dễ hiểu , rõ ràng minh bạch , dẫn chứng cụ thể .",2,0
mong thầy cố gắng giải bài tập thực tế nhiều hơn .,0,0
tiết sửa bài tập không đạt được hiệu quả cao .,0,1
dặn sinh viên tham gia seminar một cách tự nguyện nhưng lại bắt viết bài thu hoạch lấy điểm quá trình .,0,0
"cô dạy hơi nhanh , nhiều sinh viên không hiểu hết vấn đề .",0,0
thầy dạy rất tâm huyết .,2,0
không ai có thể không hài lòng về cách dạy của cô ( trừ những bạn không đi học ) .,2,0
dạy rất chán .,0,0
"thầy có cách giảng dạy lưu loát , truyền đạt dễ hiểu .",2,0
dạy nhiệt tình và có thêm buổi học phụ đạo .,2,0
tên môn học là quản trị mạng nhưng nó chẳng đúng với nội dung đã học ở trên lớp .,0,1
"slide tài liệu các chương thường không có , hoặc thường rất ít các bài tập mà chỉ tập trung vào slide ôn tập cuối kỳ fraction giữa kỳ .",0,1
giảng viên vần tạo thêm động lực học cho sinh viên .,2,0
"thực hành luôn đi trước lý thuyết , rất bất cập , mong nhà trường chỉnh sửa lại cho phù hợp .",0,1
"bài giảng mang tính thực tế cao , giảng viên tận tình hướng dẫn .",2,0
"thầy dạy có tâm , thường dạy quá giờ .",2,0
"một số nội dung cơ bản như doubledot cấu trúc của json , xml .",1,1
cần tăng cường các buổi training do giảng viên đứng lớp để giải thêm các bài tập .,0,1
còn nhiều chỗ thiếu sót .,0,3
rất ok về mọi phần .,2,3
"chép nhiều ví dụ gây mất thời gian , 3 tiết học trở thành 5 tiết học .",0,0
giáo viên nói tiếng hơi khó nghe .,0,0
thầy nhiệt tình tận tâm .,2,0
"hướng dẫn tận tâm chu đáo , ăn mặc lịch sự và vui vẻ !",2,0
bài học chưa thực sự sinh động .,0,1
cần nhiều tài liệu mới .,0,3
thầy dạy rất tâm huyết và nhiệt tình giúp sinh viên có hướng tiếp cận tốt hơn .,2,0
giảng viên vui tính thân thiện .,2,0
nghỉ dạy không báo trước sinh viên .,0,0
"thầy luôn đi đúng giờ , không điểm danh .",2,0
"cần thêm các giờ thực hành tại các công ty , doanh nghiệp .",0,1
"thưa , thầy là người cung cấp kiến thức rất chuẩn mực và sâu để em có thể tìm tòi , dễ dàng học hỏi thêm những kiến thức khác liên quan đến môn học .",2,0
cách dạy khó hiểu .,0,0
giáo viên tạo được cảm giác ham học và nhiệt tình với học sinh .,2,0
lý thuyết thường chỉ là slide muốn sinh viên hiểu rõ cũng khó .,0,1
thầy rất giỏi và nhiệt tình .,2,0
không chấm bài thì giảng viên không nên bắt học sinh nộp bài lên moodle .,0,0
"phương pháp giảng dạy của cô rất hay , đơn giản nhưng rất dễ hiểu , truyền đạt kiến thức tốt .",2,0
"phòng thực hành còn sơ sài , máy tính cũ kỹ .",0,2
cô phát âm chưa chuẩn .,0,1
giảng viên còn thiếu kinh nghiệm truyền đạt .,0,0
"thầy dạy truyền đạt rất tốt , dạy hay , dễ hiểu , nhiều bài tập .",2,0
"thầy giảng dạy dễ hiểu , thân thiện .",2,0
"tận tụy với sinh viên , bài giảng dễ hiểu .",2,0
đề nghị có màn che bớt ánh sáng .,0,2
"giảng dạy ngắn gọn , dễ hiểu .",2,0
"cô dạy rất nhiệt tình , cho sinh viên tiếp cận với nhiều thiết bị công nghệ .",2,0
"giảng viên tạo nhiều bài tập , câu hỏi để mỗi thành viên trong lớp đều có thể tương tác .",2,0
"tận tình , chuẩn xác .",2,0
nhưng ra đề đừng đánh đố sinh viên .,0,1
"theo thời khóa biểu là mỗi buổi 4 tiết , nhưng thầy chưa bao giờ dạy hơn 3 tiết fraction buổi , thầy hay kể chuyện kiếm hiệp trong giờ học .",0,0
"giọng thầy rất khó nghe , cả lớp gần như không ai nghe hiểu được .",0,0
"thầy giáo tận tâm , nhiệt tình .",2,0
phương pháp dạy tốt dễ hiểu .,2,0
"thầy dạy tận tâm , nhiệt tình , cho nhiều ví dụ để sinh viên hiểu bài .",2,0
hy vọng trường xem xét ý kiến này của em !,0,3
cô wzjwz219 nên làm gắt gao hơn việc kiểm tra bài làm của sinh viên .,0,0
slide quá dài và dùng từ ngữ khó hiểu .,0,1
"giảng viên dạy nhiều kiến thức thực tế , cách dạy dễ hiểu .",2,0
dễ trong việc tiếp xúc với thực tế sau này .,2,3
giảng hay .,2,0
"cô giảng bài dễ hiểu , vui tính , hòa đồng với sinh viên .",2,0
"thầy wzjwz273 lớn tuổi , nói nhỏ , không sử dụng slide trình chiếu .",0,0
giảng bài cực kỳ chán và không nhiệt tình .,0,0
"giảng viên tận tâm , nhiệt tình , có nội dung bài giảng tốt .",2,0
"giáo viên nhiệt tình , đổi mới phương pháp dạy .",2,0
cô dạy rất tận tình chu đáo .,2,0
"lần sau thầy cho làm thêm đồ án thực hành cho vui , để biết môn này ứng dụng thực tế thế nào .",0,0
lên lớp cô không giảng gì cả chỉ để học sinh tự ngồi code .,0,0
"thầy nhiệt tình vui vẻ , thương sinh viên .",2,0
có giới thiệu về những công cụ hay .,2,1
"giáo viên dạy có tâm huyết , nhiệt tình với sinh viên .",2,0
"bài giảng hay , gần gũi với sinh viên .",2,1
"giảng viên vui vẻ , nhiệt tình , thân thiện với sinh viên .",2,0
sự giảng dạy của giảng viên là rất gần với thực tế .,2,0
"thầy nhiệt tình , thân thiện với học sinh .",2,0
tận tâm muốn làm việc tốt nhất cho sinh viên nhưng cách giảng bài trên lớp chắc thầy nên thay đổi chút xíu để tất cả mọi người cùng yêu thương thầy !,2,0
cần kiến thực thực tế cụ thể .,0,1
"nhiệt tình , truyền đạt kiến thức đến sinh viên tốt .",2,0
"slide bài giảng chưa sinh động , chưa đưa được tinh thần học tập của lớp đạt hạt hiệu quả cao .",0,1
không dám ý kiến .,1,3
tài liệu dùng cho học tập và tài liệu tham khảo đầy đủ .,2,0
hướng dẫn tận tình .,2,0
có những kiến thức dùng trong thực hành thì rất lâu sau lý thuyết mới được học .,0,1
"thầy rất quan tâm đến sinh viên , thầy tạo riêng một nhóm để các sinh viên trong lớp đặt câu hỏi cũng như bài tập .",2,0
giảng viên nên giảng chậm lại .,0,0
"thầy bụng bự , vui tính , hòa đồng .",2,0
thầy rất thoải mái với sinh viên .,2,0
đôi khi nói quá lời với sinh viên .,0,0
ic được cấp thường hư một phần .,0,2
"giảng kỹ , lấy ví dụ rõ ràng , tận tâm .",2,0
giảng viên tận tâm .,2,0
"mặc dù về môn này điểm em không cao cũng như không hiểu nhiều về môn này nhưng cảm nhận giáo viên rất nhiệt tình với tiết học , quan tâm đến từng sinh viên nhưng do môn này quá khó hiểu nên kết quả vẫn không như mong đợi của giảng viên .",0,0
"giảng viên giảng dễ hiểu , vui tính .",2,0
hướng dẫn rõ ràng .,2,0
tậm tân với sinh viên .,2,0
chưa sử dụng giờ lên lớp hiệu quả .,0,0
nên phân chia lại tỷ lệ các hình thức kiểm tra trong điểm trung bình .,0,1
"giảng viên nên tập trung vào giáo trình môn học hơn , nên gửi trước giáo trình để sinh viên tham khảo .",0,0
"giảng dạy ngắn gọn dễ hiểu , đi thẳng vào trọng tâm .",2,0
"thiết nghĩ đây là môn phân tích , thiết kế thuật toán , các bài toán ngoài thực tế không dễ dàng như vậy và quy hoạch động là một kỹ thuật có thể xử lý được một số bài kiểu này .",0,1
"rất hài lòng , hy vọng thầy sẽ mở mang thêm nhiều kiến thức nữa cho sinh viên .",2,0
"giảng viên nên code trực tiếp trên máy cho sinh viên xem và sửa , hạn chế code viết trên giấy .",0,0
tuyệt vời là tính từ để mô tả môn học này .,2,1
"giảng viên dạy sát chương trình , truyền đạt được kiến thức cho sinh viên .",2,0
"đồng thời thiết bị ở phòng thực hành hay hỏng hóc , gây gián đoạn và ảnh hưởng tới kết quả và thời gian làm thực hành .",0,2
cô dạy hay nhưng phòng máy nhiều hôm thiếu máy .,0,0
có nhiều hoạt động thực tiễn phù hợp với thực tế .,2,0
cô rất hiền colonsmile .,2,0
liên hệ thực tiễn tương đối tốt .,2,1
"môn học rất trừu tượng , nên giảng viên cần có những phương pháp để giảng dạy hiệu quả hơn .",0,0
"có nhiều bài tập hay , rèn luyện kỹ năng tốt .",2,1
rất hài lòng ạ .,2,3
thầy có cho bài tập nhưng lại không kiểm tra bài tập nên không ai làm .,0,0
"giảng viên tận tâm , nhiệt tình , theo sát tình hình kiến thức sinh viên .",2,0
lại vui tính .,2,0
cô dạy nên có ví dụ và bài tập hướng dẫn chi tiết cụ thể hơn !,0,0
giảng viên giảng kỹ và dễ hiểu !,2,0
thầy rất nhiệt tình và gẫn gũi với sinh viên .,2,0
chưa đảm bảo việc giảng dạy theo đề cương và chương trình môn học .,0,0
thêm các buổi làm và sửa bài tập .,0,1
"nộp báo cáo sau khi thực hành , đăng lịch học lên moodle .",1,1
thầy rất năng động .,2,0
bình thường .,1,3
thầy giảng siêu hay .,2,0
"giảng viên đã lớp tuổi , kiến thức không còn phù hợp với thực tế , cách giảng dạy nhàm chán làm sinh viên không thể tiếp thu nổi .",0,0
"giảng sát với bài học , không cho bài quá nhiều , lan man .",2,0
sinh viên nào chê thầy thì em nghĩ sinh viên đó nên xem lại cách học của sinh viên đó .,2,3
cô nên cho bài tập trên wecode để rèn luyện và củng cố kiến thức cho sinh viên .,0,0
cô rất hiền .,1,0
giảng viên dạy còn khó hiểu .,2,0
"giảng viên có kiến thức chuyên môn cao , khả năng truyền đạt tốt .",2,0
chưa giải quyết thắc mắc của sinh viên thỏa đáng .,0,0
có nhiều bài tập và ví dụ hay .,2,1
"sinh viên không hiểu hỏi cô , cô đều giải quyết thắc mắc .",2,0
em không hài lòng về cách nhận xét của giảng viên .,0,0
"thầy dạy tốt , nhiệt tình và quan tâm sinh viên .",2,0
nên tập trung vào kỹ năng nghe và nói nhiều hơn .,0,1
"giảng viên nên tương tác với lớp nhiều hơn , nên cho thêm bài tập về nhà và bắt buộc nộp bài .",0,0
thầy chia sẻ cho chúng em những kiến thức bổ ích .,2,0
"thầy tận tâm , hỗ trợ tận tình cho các bạn sinh viên .",2,0
"thầy vui tính , dạy dễ hiểu , lấy ví dụ thực tiễn .",2,0
giáo viên dạy tốt nên phát huy ngoài ra không cần cải tiến thêm đều gì .,2,0
chưa tạo được sự thu hút .,0,0
slide bài giảng tiếng anh giúp tụi em nâng cao khả năng học tiếng anh .,2,1
em không có gì thắc mắc .,1,3
"dạy buồn ngủ , quá thụ động , không lắng nghe học viên .",0,0
mail hỏi thầy thì thầy cũng chẳng bao giờ giải đáp thắc mắc .,0,0
giảng viên luôn cập nhập bài giảng và bài tập trên website môn học .,2,0
đôi khi nên tổ chức các trò chơi để sinh viên giảm căng thẳng .,0,1
"ngoài ra , giảng viên tốt về các mặt còn lại .",2,0
mời giáo viên bản xứ tham gia giảng dạy để sinh viên có thêm cơ hội phát triển các kỹ năng cơ bản trong anh văn .,0,0
"thưa , tài liệu mà thầy cung cấp thực sự nhiều hơn cả giáo viên chịu trách nhiệm lý thuyết của môn .",2,0
lặp lại quá nhiều kiến thức cũ .,0,1
khả năng truyền tốt không gây hứng thú cho sinh viên .,0,0
chúc cô giữ mãi nhiệt huyết giảng dạy này để truyền cảm hứng đến nhiều học sinh ngán đến trường như em .,2,1
nói tóm lại là giảng viên dạy không hay .,0,0
nhiệt tình vui tính .,2,0
"cô dễ thương , hiền , tận tâm .",2,0
"giảng dạy tận tình , sát thực tiễn , và nhiệt tình giúp đỡ sinh viên .",2,0
"sử dụng thời gian chưa được hợp lý ( tốn quá nhiều thời gian chờ , nhất là khi báo cáo giữa kỳ và cuối kỳ ) dẫn đến việc các nhóm báo cáo cuối bị rút ngắn thời gian và thay đổi cách thức báo cáo ( không công bằng trong cách thức làm việc giữa các nhóm với nhau doubledot nhóm được thuyết trình , có nhóm thì không ) .",0,0
nhiều bạn chỉ copy code trên mạng nhưng điểm lại cao hơn những bạn thực sự làm .,0,1
nên có phần thực hành trên thiết bị để dễ hiểu hơn .,0,1
"cho bài tập thương xuyên , đều đặn .",2,0
"nhiệt tình , vui tính , thảo luận nhiều .",2,0
giáo viên luôn tạo động lực cho sinh viên học .,2,0
"đơn giản hóa kiến thức , giúp học sinh tiếp cận một cách trực quan môn học .",0,1
lịch học bù cần ghi rõ ngày nào trên course .,0,1
"tăng thời lượng môn học , nên có thêm những hoạt động ngoại khóa có liên quan đến môn anh văn để sinh viên được trau dồi thêm .",0,1
thầy khá vui vẻ và nhiệt tình .,2,0
"giảng dạy theo phương pháp mới , thú vị , dễ hiểu .",2,0
"giảng viên truyền đạt tốt , em không có ý kiến gì thêm .",2,0
giảng giải rất kỹ .,2,0
"có thể là về cách dạy , và chương trình học cũng không mấy phù hợp .",0,0
"phương pháp giảng dạy chưa hiệu quả , nhất quán , có ít tài liệu tham khảo thêm bên ngoài .",0,0
em không có điều không hài lòng về giảng viên .,1,0
"giảng viên vui tính , slide sinh động , có nhiều liên hệ thực tế .",2,0
"slide cần cụ thể , rõ ràng , dễ hiểu hơn .",0,1
thầy dành nhiều thời gian để làm bài tập .,2,0
em xin lỗi nhưng đó là sự thật .,0,3
"thầy còn khó tính và để học sinh tự tìm hiểu hơi nhiều , nhiều chỗ thầy dạy hơi khó hiểu .",0,0
cô dạy đôi khi hơi khó hiểu .,0,0
khiến sinh viên bị thụ động .,0,3
cô dạy rất nhiệt tình và giảng bài thực hành dễ hiểu .,2,0
sự nhiệt huyết .,2,0
cô dạy tốt nhưng bọn em cảm thấy chán .,0,0
thầy cho bài thực hành rất xác thực tế .,2,0
"nhiệt tình , cho nhiều bài tập .",2,0
mong thầy cho thêm bài tập lên trang course .,0,0
thầy đến lớp đúng giờ ( trước giờ nữa ) .,2,0
"nhiệt tình , tận tâm , đúng giờ .",2,0
"không nên thi lý thuyết "" giấy "" cuối kỳ .",0,1
"tâm huyết với công tác giảng dạy , việc truyền đạt ý tưởng cũng như kiến thức đến sinh viên có sáng tạo .",2,0
"rất nhiều sinh viên không biết "" thực hành này để làm gì "" khi chỉ lên lớp , chạy chương trình có sẵn , chụp ảnh từng bước và dán vào báo cáo mà không biết chương trình chạy đúng hay sai , làm sao để sửa , có những hàm hỗ trợ nào .",0,1
em nghĩ là sau khi hướng dẫn cú pháp trong tiết thực hành thì cô nên có ví dụ cho những trường hợp đặc biệt trong bài tập trong cuối tiết .,0,0
thầy rất vui vẻ và nghiêm khắc .,2,0
"thầy chỉ hướng dẫn , còn lại để sinh viên tìm hiểu nên kiến thức khắc sâu .",2,0
"phòng máy quá nóng , nhỏ , trang thiết bị ít , máy rất cũ , hư nhiều .",0,2
mở rộng thêm các kiến thức bên ngoài .,2,0
"giảng viên dạy đầy đủ kiến thức , cung cấp cho sinh viên những kỹ năng và tài liệu bên ngoài phong phú .",2,0
giảng bài nhanh .,0,0
nắm được các kiến thức quan trọng .,2,3
mong nhà trường có thể trang bị thêm phòng máy tốt hơn để khi chạy chương trình có thể chạy nhanh hơn .,0,2
cô dạy tận tâm .,2,0
thầy quá đẹp trai .,2,0
lên lớp đầy đủ và đúng giờ .,2,0
giảng thu hút được học sinh .,2,0
"tiết học rất vui nhộn , tăng thêm tinh thần đi học cho sinh viên .",2,1
"cần cải thiện chất lượng phòng học , máy chiếu .",0,2
"thầy nhiệt tình , tâm huyết .",2,0
giảng dạy đầy đủ kiến thức .,2,0
thái độ .,1,3
"cần bổ sung thêm các game vào môn học , học anh văn mà không có game thì nói thật ra là rất dễ chán và buồn ngủ .",0,1
thường xuyên giúp đỡ cho sinh viên hiểu bài .,2,0
có sự tương tác hỗ trợ tốt trong quá trình học .,2,0
lý thuyết hơi nhiều .,0,1
em nghĩ kiểm tra đánh giá môn này bằng hình thức làm đồ án báo cáo sẽ hợp lý hơn là thi trên giấy .,0,1
"giảng viên nhiệt tình , có kết hợp với doanh nghiệp để seminar về kỹ năng giao tiếp .",2,0
thực hành không nên điểm danh lấy điểm .,0,1
không thích thầy .,0,0
hơi khó hiểu nếu không học trước ở nhà .,0,0
kiến thức đầy đủ .,2,1
"giảng viên có nhiều ví dụ , bài tập minh họa cho bài học .",2,0
"thầy dạy rất dễ hiểu và cởi mở với sinh viên , hướng dẫn tận tình .",2,0
"thầy nhiệt tình , vui tính , truyền đạt hay .",2,0
"nếu có thể tổ chức mỗi tuần một vài tiếng cho việc hỏi và trả lời các thắc mắc hướng dẫn thì tốt hơn, có thể tổ chức trên mạng như các chat room .",0,0
"thày dạy nhiệt tình , dễ tiếp thu .",2,0
kiến thức truyền đạt của giảng viên .,1,0
đề kiểm tra không đầy đủ .,0,1
cần bài tập nhiều hơn .,0,1
cô dạy hơi khó hiểu .,0,0
thầy dạy cả bài học lẫn cách học sao cho hiệu quả .,2,0
deadline không cho nộp quá hạn .,0,1
giảng viên không nói ra điểm khác biệt khi làm lab trên hai hệ điều hành này .,0,0
chấm bài thi .,1,0
"dạy tốt , nhiệt tình .",2,0
giảng không hiểu bài .,0,0
không có gì cả .,1,3
có những buổi thực hành giảng viên không có mặt .,0,0
"giảng viên giảng bài khá nhanh , sinh viên khó có khả năng theo kịp dù chú ý quan sát và lắng nghe giảng , chữ viết hơi khó nhìn .",0,0
"truyền đạt quá nhanh , em chưa nắm kịp lắm .",0,0
cần có chứng chỉ tương đương bằng quốc tế sau khi ra trường để khỏi phải học bên ngoài .,0,1
ôn tập thi mà không liên quan đến đề thi .,0,1
chưa có một tiết thực hành nào .,0,1
"thầy dạy hay , dễ hiểu , kiến thức chuẩn để làm bài .",2,0
nghỉ nhiều nhưng bù ít .,0,0
mong thầy giảng bài và trả lời câu hỏi đúng trọng tâm và mong muốn của sinh viên .,0,0
không hiểu bài thật tốt .,0,1
cô dạy rất vui vẻ .,2,0
"nhiệt tình , tận tâm .",2,0
"nội dung giảng dạy nửa đầu học kỳ khá mơ hồ như "" làm thế nào để thành công "" , "" thói quen người thành công "" hay là bàn về tương lai vdotv .",0,1
cô dễ thương tận tình với sinh viên .,2,0
cho bài tập nhiều hơn nữa .,0,0
cô giảng chậm và rất tận tình với sinh viên .,2,0
chỉ nên lấy điểm thi và điểm nộp bài .,0,1
nên đổi mới tài liệu .,0,1
"không khí lớp học vui vẻ , thoải mái .",2,0
cần có tài liệu bài giảng tự học nhiều hơn .,0,1
giảng bài chưa thật sự dễ hiểu .,0,0
"dạy kỹ , sát với đề thi .",2,0
"thưa , điều em hài lòng nhất về hoạt động giảng dạy của cô wzjwz326 là cô rất chuyên tâm và quan tâm tới học sinh và chất lượng buổi học .",2,0
cô rất tâm huyết và nhiệt thành .,2,0
giáo viên tổ chức hoạt động theo nhóm .,0,0
"giảng viên giảng dạy rất dễ hiểu , bám sát nội dung môn học .",2,0
thầy khó quá .,0,0
thầy wzjwz279 nhiệt tình chia sẻ kinh nghiệm kiến thức thực tế thay cho giáo trình môn học nghèo nàn và không cần thiết .,2,0
tạo cơ hội cho sinh viên và giúp đỡ sinh viên nhiệt tình trên website môn học .,2,0
bài tập ổn .,1,1
áp dụng vừa dạy vừa có ví dụ code trực tiếp .,2,0
tương tác tốt với tất cả sinh viên trong giờ học .,2,0
mong phòng đào tạo trong tương lai sắp xếp cho thầy wzjwz128 dạy lớp em bất cứ môn nào thầy có thể .,0,1
lịch thực hành trùng với lịch học lý thuyết các môn học khác .,0,1
cô dạy chi tiết và rễ hiểu .,2,0
"một số nội dung không rõ , không có nhiều ví dụ cụ thể .",0,1
luôn cho bài tập cực nhiều .,2,0
cô giảng tận tình .,2,0
"còn kiểm tra thì nên thuyết trình hoặc làm đề tài là hay nhất , đừng làm mấy bài kiểm tra làm chi , vừa chẳng khẳng định được người đó có kỹ năng chưa , chỉ chạy theo chỉ tiêu và nhồi sọ .",0,1
thông tin đầy đủ về môn học cho sinh viên khi sinh viên đăng ký môn học .,1,1
đảm bảo đúng thời gian lên lớp .,2,1
"giáo viên nhiệt tình , giảng bài dễ hiểu .",2,0
"giảng viên đưa ra những ví dụ cụ thể , hay gặp lỗi nhất trong phần giảng dạy .",2,0
"chia sẻ nhiều chuyện xung quanh môn học , mang lại tiếng cười cho sinh viên .",2,1
"cô rất tận tình với sinh viên , hỗ trợ rất tốt cho các bạn , các tài liệu của cô rất thực tế , làm mẫu để các bạn học hỏi .",2,0
"đề thi còn khó đối với sinh viên , đó chưa phải mức trung bình mà học sinh học lực trung bình làm được .",0,1
thầy dạy rất dễ hiểu và tận tâm .,2,0
mỗi khi lấy micro lại phải lấy thêm cả loa .,1,2
"thầy giảng bài cực kỳ thu hút , dễ hiểu , không gây buồn ngủ , nhàm chán .",2,0
"lớp rất đông sinh viên , ngồi xa sẽ không thấy rõ slide thầy chiếu trên bảng vì chữ nhỏ và mờ tại phòng wzjwz166 gây khó tiếp thu bài học .",0,2
giảng dạy hơi khó hiểu .,0,0
giảng dạy rất tận tình .,2,0
"dạy qua loa , không chú ý đến sinh viên .",0,0
nhưng khi thi cuối kỳ thì kiến thức quá khó .,0,1
giảng bài nhiệt tình .,2,0
"giảng dạy rất nhiệt tình , tạo cho sinh viên có tính chủ động , rèn luyện kỹ năng làm việc nhóm .",2,0
còn ít giao tiếp với học sinh về chuyên môn .,0,0
"phải nói một câu là doubledot "" sao thầy thắc mắc nhiều vậy thầy ? "" , mới đầu em cũng hơi sợ dot em còn chưa hiểu cái môn học gì .",0,0
nên tăng số buổi thực hành .,0,1
"máy nghe nên được trang bị tốt hơn , phòng học nên sáng hơn .",0,2
đúng giờ và nhiệt tình .,2,0
sinh viên không hiểu bài .,0,1
"cô dạy hay , thích lên lớp cô dạy .",2,0
"cô dạy nhiệt tình , luôn quan tâm đến học sinh .",2,0
"nhiệt tình , tiếp cận hỗ trợ tốt những điểm không hiểu của sinh viên , truyền đạt tốt , tạo nhịp điệu cho buổi học .",2,0
đôi lúc giảng hơi nhanh .,1,0
nhiệt tình tận tâm trong giảng dạy !,2,0
"cô wzjwz272 rất nhiệt tình với sinh viên , tạo nhiều điều kiện để sinh viên đạt kết quả học tập cao .",2,0
"thầy dạy khó hiểu quá , tụi em tiếp thu vô được rất ít .",0,0
"nên cập nhật đề cương giảng dạy môn học thường xuyên , kiến thức phù hợp với thực tiễn .",0,1
"thầy dạy nhiệt tình , dễ hiểu , dễ áp dụng làm bài thi .",2,0
"hơn nữa cô báo nghỉ rất trễ , cách rất sát giờ học .",0,0
"nhiệt tình trong giảng dạy , vui vẻ .",2,0
thời gian học trên lớp khá thoải mái .,2,1
giáo trình khó hiểu .,0,1
giọng thầy giảng bài nghe rất là buốn ngủ .,0,0
"các môn học cần có ứng dụng thực tiễn hơn , hiện tại đặt nặng quá nhiều về lý thuyết suông , học cho qua cũng không để lại gì , không gây hứng thú .",0,1
"cách truyền đạt , sự tận tâm của giảng viên .",2,0
"giảng viên giảng dạy tận tình , dễ hiểu .",2,0
được .,2,0
giảng viên không đến lớp nhưng không báo trước với phòng đào tạo hay lớp trưởng ( không có thông báo nghỉ trên daadotuitdotedudotvn ) .,0,0
thầy dạy kỹ nhiệt tình .,2,0
"thầy vui tính , nhiệt tình , dạy dễ hiểu .",2,0
nên đổi sang ht1 .,0,1
"thầy rất nhiệt tình , tận tâm , hỗ trợ sinh viên làm đồ án rất nhiệt tình , vui vẻ .",2,0
"dạy hay dễ hiểu , lên lớp đầy đủ .",2,0
đúng thời gian lên lớp và tận tình giảng dạy .,2,0
cơ sở vật chất cần chuẩn bị tốt hơn để giảng viên có điều kiện tốt để giảng dạy .,0,2
ở mỗi bài cô có thể nhận xét cái đúng và cái sai để nhóm có thể biết được nhóm đã sai những gì để có thể tránh trong các thiết kế sau này .,0,0
phương thức giảng dạy .,1,1
"thầy rất thoải mải trò chuyện để giải quyết thắc mắc cho sinh viên , chỉ dẫn những cách làm bài dễ hiểu để cho sinh viên không bị vướng mắc .",2,0
"thầy dạy nói rất nhanh , khó hiểu .",0,0
"cung cấp nhiều kiến thức mới , hay .",2,0
nên nói sâu về những vấn đề khó .,0,0
cô rất nhiệt tình và gửi nhiều tâm huyết trong bài giảng .,2,0
môn học này quá tải .,0,1
cô nhiệt tình và tận tâm với lớp .,2,0
kiến thức rộng .,2,1
các thầy nên cho đề cương ôn sát với phần thi .,0,0
"dạy không có chuẩn bị trước , chỉ đọc slide .",0,0
đặc biệt với sự hướng dẫn của thầy wzjwz162 .,0,0
"cô wzjwz131 dạy hầu hết kiến thức cho sinh viên dù là chỉ là lớp thực hành , nên để cô tiếp tục giảng dạy trong các học kỳ tới .",2,0
"hay nói dông dài trong giờ học , giảng dạy chưa nhiệt tình , buồn ngủ .",0,0
"giáo viên nhiệt tình , tâm huyết , vui tính .",2,0
chỉ bảo tự tìm hiểu .,0,0
các trang bị để nghe không rõ .,0,2
có thể mời thêm các anh chị khóa trên tham gia chia sẻ kinh nghiệm học tập cũng như làm việc .,2,0
chắc gì những gì sinh viên nói đã đúng .,0,1
cung cấp nhiều kiến thức hay cho sinh viên .,2,1
góp phần truyền cảm hứng cho học viên .,2,0
"dạy hay , dễ hiểu , nhiệt tình .",2,0
"cô tạo được một không khí gần gũi , không áp lực , học rất thoải mái .",2,0
thầy dạy vui vẻ nhiệt tình .,2,0
"cô dạy rất nhiệt tình , các tài liệu đầy đủ .",2,0
giáo viên dạy dễ hiểu .,2,0
cần xây dựng cơ sở dữ liệu lớn phục vụ việc thực hành của sinh viên .,0,1
"thời gian xếp lịch thực hành không hợp lý , lý thuyết học tiết 45 , thực hành học tiết 67 8 .",0,1
cô còn vui vẻ tận tâm nữa nên em rất quý cô .,2,0
em mong thầy giảm thời lượng seminar và tăng thêm các buổi thầy dạy kiến thức .,0,0
"bài tập mang tính vận dụng cao , giúp sinh viên hiểu và nhớ kiến thức vừa học .",2,1
"không nên bắt sinh viên phải lên ngồi đủ 80% giờ học trở lên vì có những đề tài sinh viên đã nắm được cách làm , lên ngồi điểm danh mất thời gian vô ích .",0,1
ở giảng đường lâu lâu cúp điện rất nóng .,0,2
"cô dạy dễ hiểu , vui vẻ .",2,0
"cơ sở vật chất cần được cải thiện , tránh việc học ở các giảng đường .",0,2
cần có tiết học với giảng viên nước ngoài .,0,0
"giáo viên dạy tận tình , dễ hiểu .",2,0
không có bài ví dụ mẫu trong slide cũ ở nhiều chương khó cho việc ôn tập !,0,1
"thầy nhiệt tình trong giảng dạy , luôn quan tâm chú ý đến sinh viên giải đáp mọi thắc mắc trong quá trình giải bài tập .",2,0
đề thực hành hơi dài .,0,1
cô lo cho các sinh viên .,2,0
không có điều gì không hài lòng về thầy .,1,3
"giảng dạy hướng dẫn dễ hiểu , dễ tiếp thu .",2,0
thầy wzjwz60 là một giảng viên rất tận tâm và yêu nghề !,2,0
nên giảng dạy kèm áp dụng thực tế nhiều hơn .,0,0
em chỉ có góp ý nho nhỏ đó thôi ạ .,1,3
"thầy giảng dạy tôt , dễ hiểu .",2,0
"giờ học luôn sinh động , hiệu quả , giúp học sinh nắm vững kiến thức .",2,0
"thầy giảng viên truyền đạt kiến thức rất tốt , sinh viên dễ tiếp thu .",2,0
giảng viên để nhóm của bạn wzjwz224 seminar nhiều lần và lớp không thể tiếp thu từ buổi seminar hiệu quả như là giảng viên dạy .,0,0
"truyền đạt tốt , hay .",2,0
rất ít người học thực hành môn cấu trúc dữ liệu & giải thuật .,0,3
chưa thúc đẩy học sinh học tập .,0,0
cô tận tâm nhiệt tình vui vẻ hiểu tâm lý học sinh .,2,0
"thầy dạy vui tính , hiểu tâm lý học sinh , cách dạy cuốn hút , dễ hiểu .",2,0
"dạy kiến thức sâu , rộng .",2,0
thầy cần cho nhiều bài tập hơn .,0,0
"cho ít bài tập , không nâng cao được kiến thức .",0,1
thầy hay cúp tiết .,0,0
"thầy giảng cũng khá chi tiết , hay .",2,0
môn học không giúp ích được cho cuộc song sau này ( môn võ ) fraction chỉ đánh bài quyền cơ bản thì không thể tự vệ bản thân được .,0,1
"khá nhiều bài tập trên wecode quá khó và không thực tế , hy vọng kỳ thi sắp tới thầy cho đề dễ thở hơn và không đánh đố quá nhiều , em sắp rớt môn đến nơi rồi ạ hu hu .",0,0
"giảng viên hòa đồng vui tính , phong cách giảng dạy đĩnh đạc , chia nhóm làm việc hiệu quả .",2,0
"thầy dạy rất dễ hiểu , nhiệt tình .",2,0
"nhiệt tình , tận tâm , luôn tận dụng tối đa giờ học trên lớp , kiến thức truyền đạt tốt , vui vẻ , hoà đồng với sinh viên .",2,0
thầy nên xem xét bài mà sinh viên giải .,0,0
"quản lý như vậy dẫn đến tình trạng "" cha chung không ai khóc "" .",0,3
"thầy giảng bài tận tâm , cách truyền đạt dễ hiểu , gần gũi với sinh viên và thường hay có lời khuyên có ích .",2,0
"cô giảng dạy nhiệt tình , dễ hiểu , bài tập bám sát lý thuyết .",2,0
"thầy dạy hay , dễ tiếp thu bài .",2,0
cô wzjwz231 thường xuyên chữa bài tập và đi sát vào nội dung học tập .,2,0
nên cung cố thêm phần ngữ pháp và từ vựng .,0,1
thầy cung cấp nhiều bài tập và hướng giải hay .,2,0
"tận tâm , nhiệt huyết .",2,0
"giảng viên dạy dễ hiểu , rõ ràng liên hệ thực tiễn cuộc sống .",2,0
giảng viên đảm bảo giờ lên lớp .,2,0
"cần các công cụ , kiến thức sát với công nghệ mà các doanh nghiệp thực tế bên ngoài sử dụng .",0,1
cho bài tập thực hành với nhiều trang web thực hành hay .,2,0
"em thấy nó thật sự rất tốt , giải quyết sinh viên với những vấn đề trên .",2,3
hơi khó hiểu .,0,0
"không khí vui vẻ , thoải mái .",2,0
nó áp dụng như thế nào ?,0,1
dễ .,1,3
thực hành nhiều tiết hơn .,0,1
thầy có một sự hiểu biết rộng ở nhiều lĩnh vực kể cả trong giảng dạy và ngoài đời sống .,2,0
chưa để ý đến sinh viên .,0,0
em thấy ổn ạ .,1,3
thầy hiền dễ thương vui tính giảng rất dễ hiểu và tận tình .,2,0
"có sách , giáo trình cụ thể để xác định đươc rõ mục đích của môn học .",0,1
cô dạy vui kỹ năng nhiệt tình .,2,0
"chưa có trình độ sư phạm cao , nên việc giảng giải vấn đề có nhiều lúc chưa rõ .",0,0
"giảng viên tận tâm , tận tình .",2,0
cần có nhiều trò chơi nhằm kích thích tính hiếu thắng của sinh viên chất lượng học tốt hơn .,0,1
"giảng viên nhiệt tình , bài học gắn với thực tế , thường xuyên cho bài tập để củng cố kiến thức .",2,0
tóm lại thầy nên học một khóa về kỹ năng giao tiếp .,0,0
"nhiệt tình , thực tế .",2,0
nên tập trung vào nghe và nói tiếng anh nhiều hơn .,0,1
cách giảng dạy chưa đạt hiệu quả cao .,0,0
thầy chưa bao giờ đến lớp .,0,0
cần cho nhiều ví dụ trên lớp hơn .,0,0
em có ý kiến là trường nên giảm số lượng sinh viên trong một lớp lại và mở thêm nhiều lớp hơn .,0,1
chúc thầy sức khỏe và thành công .,2,0
"giảng viên giảng dạy nhiệt tình , bám sát nội dung môn học .",2,0
dễ nắm bắt kiến thức để đi thi .,2,3
chưa chuẩn bị kỹ nội dung giảng dạy .,0,0
"thiếu lôi cuốn , còn nói dựa vào slide nhiều .",0,0
bài tập giảng dạy chưa kỹ .,0,1
ít cập nhật thông tin trên moodle hoặc mail cho sinh viên .,0,1
nội dung thực hành khó .,0,0
"vô cùng tận tình , sẵn sàng truyền đầy đủ kiến thức cho sinh viên và hết lòng chỉ bảo .",2,0
"thầy rất tận tình , có tâm , quan tâm đến việc học của sinh viên .",2,0
cần nâng cao công tác giảng dạy hơn nữa .,0,1
cho bài tập cũng là những bài tập hay .,2,0
dạy sát kiến thức trong giáo trình .,2,0
"thầy rất vui tính và thú vị , lớp học luôn sôi động .",2,0
"hướng dẫn dễ hiểu , hết mình .",2,0
"giáo viên không dạy từ cơ bản đến nâng cao , truyền đạt không rõ cho sinh viên , cần chỉ cho sinh viên những kiến thức cơ sở là cái nào và phải có phương pháp học ra sao , giáo viên còn khắc khe với học sinh .",0,0
"nên cho sinh viên đi tham quan thực tế môi trường doanh nghiệp , hạn chê lý thuyết suông .",0,1
"thầy dạy nhiệt tình , có trình độ môn học yêu cầu sử dụng tư duy rất lớn .",2,0
"giảng viên truyền đạt tốt , nhiệt tình , tuân thủ giờ ra vào lớp .",2,0
có hứng thú khi lên lớp .,2,0
thầy vẫn tuyệt vời như ngày nào .,2,0
cô chấm điểm thiếu sự minh bạch trong bài thi .,0,0
nếu học theo lý thuyết trên lớp thì còn lâu mới làm được đồ án mang tầm cỡ lớn .,0,1
"thầy dạy hay , dễ hiểu , nhiệt tình .",2,0
"giáo viên giỏi , nhiệt tình .",2,0
lên lớp chưa đầy đủ .,0,0
"không những truyền đạt kiến thức môn học mà còn chỉ bảo những kiến thức bên ngoài , thực tế , hướng dẫn những cái hay mà thầy đã trải qua để sinh viên từ đó có thể rút ra những cái tốt hơn để phát triển sau này .",2,0
thầy dạy hay và rất nhiệt tình la em và các bạn theo xu hướng tốt .,2,0
phong cách dạy tốt .,2,0
em mong rằng bất kỳ môn nào được mở ra thì cũng phải cung cấp kiến thức xứng đáng cho sinh viên .,0,1
cô giảng dạy rất nhiệt tình .,2,0
theo em môn kiến trúc máy tính nên có thêm phần thực hành vì như vậy việc học sẽ dễ hình dung hơn rất nhiều .,0,1
buổi sửa bài tập cần làm kỹ lưỡng hơn .,0,1
giảng viên cho những ví dụ thực tế rất sống động .,2,0
cô giảng đến khi nào sinh viên chịu hiểu thì thôi .,2,0
"giảng viên dạy dễ hiểu , xúc tích .",2,0
chất lượng môn học đã phục vụ tốt sinh viên .,2,1
"giảng viên tận tụy , quan tâm đến sinh viên , giảng dạy hay , nhiều hoạt động gần gũi với sinh viên .",2,0
"phương pháp truyền đạt tốt , đảm bảo đủ lượng kiến thức cung cấp cho sinh viên .",2,0
giải nhiều bài tập .,2,0
cô vui tính dễ gần .,2,0
lâu lâu cô hay bận đột xuất .,0,0
"giảng bài kỹ , nhắc lại kiến thức quan trọng trong những buổi học mới .",2,0
giảng viên không tạo được hứng thú học tập cho sinh viên .,0,0
"cô wzjwz242 là một giảng viên rất tâm huyết và có khả năng truyền đạt cực kỳ cao , cô luôn truyền cảm hứng , kích thích khả năng học tập của sinh viên .",2,0
dạy đủ giờ !,1,0
giúp sinh viên giải quyết những khúc mắc trong nhiều loại bài tập khác nhau .,2,0
tận tâm hướng dẫn .,2,0
"thầy giảng nhiệt tình , minh họa cụ thể .",2,0
"các slide bài giảng thường xuyên sử dụng xen kẽ tiếng anh và việt một cách không thống nhất , gây khó hiểu cho sinh viên .",0,1
"giáo viên nhiệt tình , có đầy đủ các hoạt động học tập để sinh viên ôn luyện kiến thức .",2,0
thầy hơi bận .,0,0
theo em doubledot đừng bắt buộc sinh viên phải lên lớp đầy đủ .,0,1
"có nhiều kiến thức hay , hữu ích , không khí lớp học thoải mái .",2,0
thầy truyền được lửa cho sinh viên rất nhiều .,2,0
giảng viên phương pháp dạy hay .,2,0
"giảng viên nên cho sinh viên thưc tập nói , nghe nhiều hơn .",0,0
"khả năng truyền đạt tốt , kể chuyện cho sinh viên hứng thú .",2,0
giáo trình nên thống nhất bản tiếng anh .,0,1
học với thầy em học tốt và đạt được điểm cao .,2,0
"cô chú trọng đến phát âm , bản chất .",2,0
"thầy up tài liệu , thông báo lên course , gmail của sinh viên giúp em dễ nắm bắt lịch nghỉ bù , có tài liệu tham khảo thêm .",2,0
"cô biết cách truyền cảm hứng cho sinh viên , tận tâm với môn học .",2,0
"sao thầy không cho điểm cộng khi với mấy bạn lên bảng làm bài tập , nếu nhiều bài tập quá thì một bài nửa điểm cũng được , như vậy các bạn sẽ có hứng lên bảng làm bài tập hơn , lớp học sẽ sôi động hơn .",0,0
đề nghị trang bị loa và micro mới .,0,2
"giảng viên luôn tận tâm , chu đáo .",2,0
"vui tính , dễ thương .",2,0
"thầy hiền , dễ tính .",2,0
cần ôn tập kỹ trước khi thi .,0,3
càng cung cấp nhiều tài liệu trên mạng cho sinh viên sẽ càng cải tiến chất lượng môn học .,2,1
"giảng viên nhiệt tình , bài giảng đầy đủ .",2,0
"các tiết thực hạnh hay , thực tế , không khí vui vẻ .",2,3
hoàn hảo !,2,3
"khả năng truyền đạt - thầy nói khó nghe lại không dùng microphone , hiệu quả bài giảng thấp .",0,0
"thầy dạy rất hay , thực hành dễ hiểu , đánh vào trọng tâm .",2,0
phòng học và các thiết bị giảng dạy cần được nâng cấp tốt hơn .,0,2
thầy dạy nhiệt tình và truyền cảm .,2,0
"thầy khá tận tậm , nhiệt tình .",2,0
"mong cô sẽ dạy các môn liên quan trực tiếp tới lập trình như csharp , java .",2,0
thầy hay đi trễ và nghỉ dạy nhiều .,0,0
chương trình học khá dài chưa tập trung .,0,1
"giọng thầy rất êm êm , không có cao độ điều này gây mất hứng thú với người nghe .",0,0
nhưng mà nhìn dáng thầy đi em thấy thương thương thầy .,1,3
"tôi cảm cảm thấy không cần thiết , thay vào đó là các lớp kỹ năng hay học thuật sẽ tốt hơn !",0,1
"kỳ này dạy bằng slide tiếng anh nên đa phần sinh viên không nắm bắt kịp , gần như toàn bộ các bạn đều không hiểu bài .",0,1
"thầy dạy tốt , bám sát nội dung , truyền đạt kiến thức cho sinh viên rất nhiệt tình .",2,0
