sentence,sentiment,topic
"thầy dạy hay , cung cấp cái nhìn thực tiễn và cấp tiến .",2,0
"cho nghỉ học quá nhiều , bù học vào các ngày cuối tuần và kéo dài .",2,0
"thầy cô rất tận tình , cởi mở .",2,0
em cảm thấy khá bức xúc nhưng nếu truy ra lỗi của ai thì em tự nhận một phần về mình .,0,3
phương pháp giảng dạy chưa tạo được nhiều sự thu hút từ sinh viên .,0,0
thầy dạy rất kỹ các vấn đề cần thiết cho sau này .,2,0
"giáo viên nhiệt tình , giảng kỹ phần quan trọng .",2,0
đề nghị nhập chung cả 2 lớp lại học thực hành vì số lượng sinh viên quá ít .,0,0
quá nhanh .,0,3
dạy rất hay .,2,0
thực trạng chung là giảng viên dạy thực hành ở trường chưa thật sự tận tâm giúp sinh viên nâng cao kỹ năng thực hành của môn học đó .,0,0
"em có ý kiến như sau doubledot môn này em nghĩ là cần có nhiều tài liệu , đặc biệt tiếng việt thì càng tốt vì không phải ai cũng giỏi tiếng anh .",0,1
nên tăng thời gian học .,0,1
"rất nhiệt tình , nhưng cách truyền đạt còn hạn chế , nên sự tiếp thu từ thầy là rất ít .",2,0
"hiện tại thì thầy đánh giá chủ yếu vào nội dung nội dung của các đồ án ngay từ đầu đã khá nhảm , đề bài của thầy đại loại là "" sinh viên hãy đề ra một dự án lớn , có khả năng thực hiện được trong tương lai "" , không liên quan gì đến tên môn học !",0,0
"thay đổi cách truyền đạt môn , thay vì giảng viên có giờ lên lớp giảng bài nhàm chán , sinh viên tiếp thu thụ động , ý kiến doubledot giảng viên chia nhỏ nhóm học tập , mỗi buổi sẽ đưa chủ đề của bài hôm đó và giải thích cách làm việc , cho thời gian sinh viên làm việc nhóm với sự giám xác của giảng viên , sau đó bốc thăm cho từng nhóm lên trình bày , sau đó giảng viên nhận xét cho điểm .",0,1
thầy wzjwz202 và thầy wzjwz203 dạy rất tuyệt vời .,2,0
"thời gian hoàn thành đồ án quá gấp rút , khi chưa học được gì cũng phải hoàn thành tất cả các nội dung trong đồ án để nộp đúng hạn , mà nội dung toàn những phần chưa học , chưa hiểu .",0,1
"slide bài giảng là slide cũ từ năm 2009 và không được sửa nhiều lỗi từ chính tả , ngữ pháp đến sai sót trong thông tin bài giảng .",0,1
thầy dạy rất hay và dễ hiểu .,2,0
ít bài tập vận dụng .,0,1
"những bài tập quá trình không rải đều các buổi học mà chỉ tập trung vào 2 - 3 buổi làm một số sinh viên trong đó có bản thân em bị mất từ 2 - 3 cột điểm , làm giảm tổng điểm xuống mức thấp .",0,1
"cô dạy dễ hiểu , vui tính .",2,0
thầy cũng không hề có ý muốn khích lệ sinh viên khi sinh viên làm bài không tốt mà lại tỏ ra không hài lòng và chê bai .,0,0
thầy ít dạy cài đặt nên khó trong việc áp dụng cài đặt .,0,0
"giảng viên giảng rất dễ hiểu , tận tình .",2,0
"thầy dạy tốt , lập nhóm thuyết trình tạo không khí học tập tốt .",2,0
riêng trang thiết bị quá kém .,0,2
nhiệt tình giảng dạy và vui vẻ hòa đồng .,2,0
có nhiều thời gian bị chết trong lúc học .,0,2
"ban đầu thì em có vẻ không hài lòng lắm về giáo viên khi học môn này , nhưng sau một khoảng thời gian thì thấy cũng ổn .",2,0
"mặc dù là một môn lý thuyết nhưng thầy giảng bài rất sáng tạo và đổi mới , làm cho sinh viên có hứng thú với môn học .",0,0
"nên thay đổi việc làm đồ án cuối kỳ doubledot không nên cho sinh viên làm đồ án tự do nữa quản lý , game , nghe nhạc vdotv mà giảng viên nên ra một đồ án có chủ đề thống nhất .",0,1
"cô giáo nhiệt tình , tận tâm , giảng hay và dễ hiểu , tuyệt vời .",2,0
giáo viên còn nhiệt tình trả lời các câu hỏi thắc mắc của sinh viên đưa ra .,2,0
giảm bớt số lượng nội dung của môn học .,0,1
hơi khó khăn với sinh viên về vấn đề bài tập cũng như thi cử .,0,0
"giảng viên nghỉ phải thông báo cho sinh viên trước , vì môn học thầy luôn điểm danh nhưng thầy lại không lên lớp thường xuyên , bắt sinh viên phải chờ rồi ra về thường xuyên .",0,0
"giảng viên nhiệt tình , hoạt động sôi nổi .",2,0
môn học lý thuyết rất nhiều .,0,1
liên hệ thực tế nhiều hơn .,0,1
slide sử dụng rất chi tiết .,2,1
"thầy dạy dễ hiểu , tận tâm nhiệt tình với sinh viên .",2,0
"phân chia nhóm , hoạt động nhóm .",1,0
"cô vui tính , hiểu tâm lý sinh viên nên giảng bài rất dễ hiểu .",2,0
"thầy có tạo điều kiện cho chúng em thuyết trình về đồ án môn học , nhưng khi chúng em thuyết trình về nội dung doubledot "" giới thiệu về hệ thống nhúng và vai trò cũng như các ngành ứng dụng hệ thống nhúng "" .",1,0
nhiều khi làm bài tập mình không biết mình đang làm gì luôn .,0,1
anh dạy rất hay và thú vị .,2,0
giờ học thực hành bị trùng giờ học môn khác trên trường .,0,1
tốc độ giảng bài có chút nhanh nên đôi khi không theo kịp .,0,0
"thưa , em thực sự rất hài lòng về mức độ bài giảng .",2,0
giáo viên nhiệt tình giúp học sinh những phần học sinh không hiểu giáo viên dạy dễ hiểu .,2,0
thầy dạy rất dễ hiểu và rất quý sinh viên .,2,0
"giảng hay , trọng tâm .",2,0
"đúng là anh văn rất cần thiết chúng nhưng đó không phải là những gì sinh viên chúng em cần cho một môn ngoại ngữ , chúng em cần là cảm giác thích thú khi học tiếng anh .",0,1
"giảng viên giảng dạy nhiệt tình , phương pháp dạy hay , chỉ dẫn hiệu quả , bài tập làm nhiều .",2,0
nhiều khi cô giảng hơi nhanh .,0,0
"giảng viên nhiệt tình , có kiến thức sâu về môn học .",2,0
nhất là những bạn nhỏ đến lớn chưa chơi game bao giờ .,1,0
giảng viên cần cải thiện thêm cách truyền đạt .,0,0
"tận tâm giúp đỡ học sinh , giải đáp thắc mắc .",2,0
giảng dạy nhiệt tình .,2,0
cần mở lớp thực hành phù hợp với lý thuyết .,0,1
em nghĩ nên bỏ môn này .,0,1
xinh .,2,3
giảng viên có trình độ chuyên môn rất tốt .,2,0
"thầy nên tập trung giảng giải thực hành , không nên tập trung vào việc cài đặt phần mềm .",0,0
nên thực hành theo hình thức 2 .,0,1
"không biết thầy nào dạy chính thức , thầy nào dạy cũng nhiệt tình .",2,0
thầy dạy có tâm huyết .,2,0
"cô giúp tụi em tìm ra , phát hiện lỗi và sửa lỗi trong quá trình thực hành .",2,0
không hài lòng gì cả .,0,3
em không ý kiến .,1,3
đừng dư quá nhiều .,0,3
các dụng cụ thực hành không được cung cấp đầy đủ .,0,2
cố rất nhiệt tình .,2,0
"thầy dạy hay , dễ hiểu , tìm nhiều bài tập và cách giảng hay cho học sinh hiểu và rất nhiệt tình .",2,0
cô hơi nóng tính .,0,0
thực tế với hiện trạng .,1,3
thầy tiết lộ đệ thi để sinh viên chuẩn bị trước .,0,0
"dạy dễ hiểu , sử dụng giờ lên lớp hiệu quả .",2,0
cần thay đổi phòng học để chất lượng được nâng cao hơn .,0,2
thầy không dạy thiếu micro nên nhiều lúc em phải đi mượn cho bằng được !,0,0
"thầy dạy nhiệt tình , rất thương sinh viên .",2,0
giảng viên không tâm huyết trong việc dạy học .,0,0
máy chiếu và dàn loa không đáp ứng được .,0,2
"nhiệt tình , giảng dạy hiệu quả .",2,0
cô đẹp colonlove .,2,0
"giảng dạy rất tận tình , giải đáp mọi thắc mắc của sinh viên .",2,0
giảng viên dạy kỹ .,2,0
cô có thể giảng chậm lại sinh viên sẽ dễ tiếp thu bài học hơn .,0,0
"cô vui tính , quan tâm tới học sinh .",2,0
kiến thức môn anh văn được đáp ứng nhưng không thực tế .,0,1
"thầy khá vui tính , kiến thức môn học rất hấp dẫn và thu hút .",2,0
"tậm tâm , nhiệt tình , năng động , công bằng .",2,0
giảng viên rất có tâm huyết và giảng bài hay .,2,0
thầy cho bài tập nhưng không kiểm tra có làm hay không dẫn đến sinh viên hơi lười .,0,0
giảng viên dạy dễ hiểu nhiệt tình .,2,0
"không nhiệt tình , chưa cập nhật cái mới trong bài giảng .",0,0
"nhiệt tình , dễ chịu .",2,0
khả năng truyền tải kiến thức .,1,0
"máy chiếu phòng học quà mờ , đề nghị nên thay đổi .",0,2
"giảng viên nhiệt tình , có chăm lo kiến thức cho học sinh , dạy kiến thức nhanh chóng nắm bắt .",2,0
cần thêm phần dạy lập trình căn bản bằng ngôn ngữ c .,0,1
qua môn học này tôi còn không biết được mình học được những gì .,0,1
"nhiệt tình , giúp đỡ sinh viên hết mức .",2,0
thầy dạy thú vị nói chung là ok .,2,0
"nên chia thành nhiều phần để đánh giá sinh viên chứ không tập trung vào cuối kỳ doubledot 50% giành cho kiến thức cơ bản, một hình thức nào đó để buộc sinh phải có kiến thức về dotnet nắm về nguyên lý của nó , về cách tổ chức , cách thiết kế và sử dụng .",0,1
"giảng viên giảng dễ hiệu , tận tình .",2,0
cách giảng dạy có hiệu quả giúp sinh viên hiểu được vấn đề về chiều sâu hơn .,2,0
thêm nhiều thời gian .,0,1
nghỉ học nhưng không thông báo cho sinh viên biết .,0,0
nhiệt tình và đưa nhiều ví dụ .,2,0
nội dung giảng dạy lan man không sát môn học mật mã .,0,1
hoặc có thể cho cùng một giảng viên phụ trách lý thuyết và thực hành cho mỗi lớp .,0,1
đôi khi giảng nhanh làm sinh viên chưa kịp tiếp thu .,0,0
thầy chưa chú trọng đến nội dung cũng như cách truyền đạt cho sinh viên .,0,0
listening .,1,3
nội dung thực hành nên bám sát với lý thuyết .,0,1
chưa tìm ra .,1,3
vui vẻ giảng dạy nhiệt tình .,2,0
"các khoa khác đều có điểm thi giữa kỳ môn vậy rồi mà sao giờ này , gần thi cuối kỳ rồi mà khoa wzjwz12 chưa có điểm .",0,1
"nhiệt tình , luôn đảm bảo giờ giấc sinh hoạt ở lớp .",2,0
"đảm bảo giờ lên lớp , tài liệu đầy đủ .",2,0
nên tạo động lực để sinh viên tham gia năng nổ đóng góp buổi học .,0,0
bài về nhà quá khó .,0,1
"học lý thuyết thầy nhiệt tình giảng , nhưng khả năng truyền đạt chưa cao , sinh viên chú ý nghe thì cũng hiểu bài rất ít .",0,0
giảng viên giải thích một số ví dụ mẫu chưa rõ ràng .,0,0
mong thầy giảng bài kỹ hơn .,0,0
cô nên giảng bài nhiều hơn .,0,0
có buổi hướng dẫn cho sinh viên trước khi làm đồ án .,2,1
"không ý kiến , phương pháp của thấy rất hài lòng ạ .",2,0
"tác phong làm việc nghiêm túc , chuyên nghiệp .",2,0
tìm mọi cách hướng dẫn học hiệu quả nhất cho lớp và cung cấp đủ mọi tài liệu cho các bạn tham khảo và làm bàu tập tại lớp cũng như ở nhà .,2,0
cô dạy tốt nhưng mình bỏ thi nên mình điểm thấp .,0,0
"giáo viên tận tâm , nhiệt tình , dễ tính .",2,0
"giảng viên rất vui vẻ , phương pháp của thầy giúp sinh viên chủ động học tập .",2,0
"thầy nên dạy kỹ , và chậm hơn để sinh viên dễ tiếp thu .",0,0
cô làm việc rất có trách nhiệm .,2,0
thầy dạy rất tận tình .,2,0
thầy nên giảnh nhiều hơn và bài tập ít lại nhưng chất lượng hơn .,0,0
giảng viên đúng giờ .,2,0
giảng viên cho bài tập về nhà để không quên bài .,2,0
hầu như không có vấn đề gì không hài lòng .,1,3
"giảng viên hoàn toàn không trả lời thích đáng các câu hỏi , thắc mắc được đặt ra của sinh viên .",0,0
cần làm nhiều bài tập hơn .,0,1
thầy cô dạy cho về quá sớm .,0,0
một số phần kiến thức bị bỏ qua do không đủ thời gian .,0,1
nếu kết thúc thực hành sớm .,1,3
chúc thầy vui và sống khỏe .,2,0
lên lớp và giảng dạy hiệu quả .,2,0
thầy duy giảng dạy rất hiệu quả và nhiệt tình .,2,0
nâng cao chất lượng máy chiếu và quạt .,0,2
kiểm tra trên lớp nhiều hơn .,0,1
cô gọi sinh viên nhiều để giải bài .,2,0
giảng viên nên làm từng bước chi tiết hơn là chiếu slide rồi nói .,0,0
"cô dễ chịu , dạy kỹ .",2,0
"thầy giảng dạy , đưa ra các câu hỏi rất sát với đề tài các nhóm , giúp chúng em có nhiều kiến thức hơn về đề tài của các nhóm .",2,0
cô dễ gắt lên với sinh viên .,0,0
"không được tận tâm , nhiệt tình .",0,0
tạo ra môi trường để sinh viên có cơ hội thực tập khả năng thuyết trình .,2,1
"giảng dạy nhiệt tình , vui vẻ , hài hước tạo cảm giác hứng thú cho sinh viên trong giờ học .",2,0
ra thêm những bài tập khó hoặc lạ giúp học sinh kiếm thêm điểm để tăng hứng thú môn học khuyến khích hoạt động phát biểu trong giờ học .,0,1
thầy ôn rất kỹ .,2,0
"giảng dạy kỹ , trình bày logic .",2,0
"giảng dạy rất nhiệt tình , cung cấp tài liệu đầy đủ .",2,0
mong rằng cô sẽ điều chỉnh để sinh viên có thể dễ dàng theo dõi bài giảng hơn .,0,0
theo em thì thầy hơi thụ động một tí .,0,0
hiện tại thực hành môn này chỉ mang tính chất làm quen các thiết bị .,0,1
"thầy dạy nhiệt tình , mong được học thầy những kỳ sau colonsmilesmile .",2,0
và thầy lại tiếp tục làm công việc của thầy .,0,0
chuẩn bị bài giảng hoặc bài tập thật kỹ trước khi lên lớp giảng dạy .,0,0
"mặc dù em hiểu có thể là do môn học này quá rộng nên việc làm seminar thì hợp , nhưng thầy cũng có thể chọn một vài buổi để dạy cái cốt lõi phổ biến trong bộ framework đó chẳng hạn .",0,0
giảng bài hơi chậm .,0,0
"cô dạy không có thể chê được bất kỳ điểm nào , vừa nói chuyện vui mà lại đây hay .",2,0
"thầy dạy hơi nhanh , ít quan tâm đến việc học sinh có hiểu bài trên lớp hay không mà thầy cho bài tập khá nhiều .",0,0
"làm debate nhiều , còn học về giáo trình rất ít .",0,0
nên chỉ có một giảng viên phụ trách một lớp .,0,0
"thầy giảng bài dễ hiểu , vui tính , sẵn sàng giải đáp thắc mắc của sinh viên .",2,0
đưa ra các chỉ tiêu tính điểm cụ thể .,0,1
đồng thời giảng viên nên tổ chức ôn tập ở một hai buổi học để sinh viên cũng cố bài đã qua và hoàn thiện kiến thức .,0,0
"giảng viên vui tính , hài hước .",2,0
thầy giảng hơi nhanh .,0,0
thầy rất nhiệt tình hướng dẫn trong khi thực hành .,2,0
cô rất thân thiện .,2,0
"cô vui tính , nhiệt tình .",2,0
khả năng truyền đạt còn kém .,0,0
thầy dạy giỏi chu đáo .,2,0
bài giảng thực hành rất chi tiết .,2,1
"cô giảng dạy nhiệt tình , giúp sinh viên hiểu rõ kiến thức .",2,0
"giảng viên thân thiện , hoà đồng , khả năng truyền đạt tốt .",2,0
cô dạy rất hay và rất thực tế bài học .,2,0
để học sinh của mình không có gì sau kết thúc môn phải chăng đó không là thất bại !,0,0
có lịch học bù đã tự sắp .,2,3
cô rất vui vẻ .,2,0
học anh văn không nên quá theo một khuôn mẫu .,0,1
giảng viên nhiệt tình và vui tính .,2,0
giảng viên nhiệt tình với sinh viên .,2,0
cô hướng dẫn rất nhiệt tình .,2,0
kiểm tra với mức độ vừa phải với yêu cầu của môn học !,0,1
học dễ hiểu .,2,0
"cô dạy tận tình , đưa nhiều kiến thức cho sinh viên .",2,0
bài giảng sinh động có hứng thú với sinh viên đến lớp .,2,1
"cô dễ thương , dễ tính , giảng dễ hiểu .",2,0
"thầy cực kỳ tận tâm nhiệt tình , giảng bài rất dễ nhớ .",2,0
các nhóm có cùng đề tài 'abc' cùng vào báo cáo một lượt cho lẹ !,0,1
"giảng viên giảng bài không tạo được sự hứng thú cho sinh viên khi học , nên thường phải áp dụng phương pháp của các giáo viên dạy môn chính trị như doubledot không cho sử dụng điện thoại , laptop trong lớp , điểm danh hoặc gọi tên để trả lời câu hỏi .",0,0
"thầy tận tình , có cách giảng giải sinh động và chủ động trong việc tìm hiểu sinh viên .",2,0
"thầy đưa ra phương pháp làm bài cụ thể , dễ hiểu .",2,0
thầy giảng rất hay !,2,0
ân cần giải đáp thắc mắc của sinh viên .,2,0
"tiết giảng hơi khô khan , nhàm chán .",0,0
"một số bài thầy giảng còn khó hiểu , ít sát thực hành và ít sửa bài tập về nhà .",0,0
"phong cách giảng dạy tốt , không buồn ngủ , tiếp thu bài tốt .",2,0
giảng viên cho về sớm hơn giờ quy định .,0,0
giảng viên không có kỹ năng sư phạm cao .,0,0
"chất lượng phòng lab kém , nhiều máy không sử dụng được hoặc phần mềm bị lỗi , không thực hành được .",0,2
nên xác định điểm quá trình tốt hơn tránh để gian lận .,0,0
giảng viên dạy tận tâm dễ hiểu .,2,0
trao đổi bài học tại lớp rất sôi động .,2,0
em nghĩ là cô truyền cảm hứng rất hay .,2,0
"cô giảng rất đều tai , rất dễ buồn ngủ .",0,0
vui tính dạy khá dễ hiểu .,2,0
chúng em không thực sự biết rằng những gì các bạn đang thuyết trình là đúng thực tế hay không !,0,0
thầy dạy rất có tâm huyết .,2,0
"cần phân bố lại thời gian lên lớp , đừng kéo dài thời gian khi đã hết buổi học .",0,1
"cô giáo giảng dạy rất nhiệt tình , học sinh chăm chỉ được thưởng xứng dáng , học sinh lười biếng không đi học bị trừng phạt thẳng tay .",2,0
nâng cấp máy tính lên .,0,2
sự nhiệt tình giảng dạy của giảng viên .,1,0
giáo viên rất nhiệt tình với sinh viên .,2,0
"cô giảng dạy khiến sinh viên cảm thấy chán , buồn ngủ .",0,0
giảng dạy không hiệu quả .,0,0
thầy dạy có tâm và rất nhiệt tình .,2,0
"nên tăng thêm thời lượng về kỹ năng nghe , nói .",0,1
khiến sinh viên cảm thấy nản .,0,3
"tích cực , nhiệt huyết .",2,0
hy vọng có nhiều phương pháp mới để sinh viên hiểu sâu được vấn đề .,0,1
em rất quý cô cũng như toàn thể các giảng viên trong trường nhưng em phải nói với thầy một điều chân thành rằng em cảm thấy việc điểm danh khi đi học là không hiệu quả .,0,0
thời gian các tiết thực hành cần phân bổ phù hợp với thời gian lý thuyết vì thường thì những bài thực hành đi sớm hơn so với bài lý thuyết kể từ những tuần khoảng giữa nên giảng viên hỗ trợ thực hành không thể cho sinh viên thực hành phần đó .,0,1
"dạy ít , sinh viên chủ yếu nghe sinh viên báo cáo .",0,0
tận tâm với sinh viên và tạo mọi cơ hội cho tất cả sinh viên .,2,0
đảm bảo phần kiến thức cho sinh viên đạt được .,1,1
thầy chưa mấy nhiệt tình !,0,0
có đưa ra ví dụ cụ thể .,2,0
giảng dạy có logic và có sự chuyên tâm của giáo viên nên em không có ý kiến gì thêm .,2,0
giảng viên thường cho các hoạt động nhóm trong giờ học .,2,0
"giảng viên quá bận với công việc của mình , không đảm bảo được nội dung môn học , chưa cung cấp tài liệu liên quan đến môn học , chưa tận tâm .",0,0
"nhiệt tình , giảng dạy tốt .",2,0
giảng viên khá nhiệt tỉnh .,2,0
"truyện đạt kiến thức dễ hiểu dễ tiếp thu , gần gũi , nhiệt tình .",2,0
dù một tuần chỉ có 2 tiết nhưng thầy đã tận tình giảng dạy .,2,0
"giảng viên gần như không biết truyền đạt kiến thức sát với lý thuyết , ra bài tập không bám sát kiến thức .",0,0
phương pháp quan trọng là kiến thức chứ không phải điểm .,0,0
em mong thầy cô cho sinh viên nhiều mẫu câu thông dụng để sinh viên học thuộc từ đó rèn luyện phản xạ tự nhiên trong giao tiếp !,0,0
"thầy dạy hay , không khí vui vẻ và tận tình giải đáp mọi thắc mắc .",2,0
tương tác tốt với sinh viên ở trên lớp .,2,0
lên lớp muộn .,0,0
thầy dạy bằng tiếng anh .,1,0
"nên thay phòng thực hành , cho dù là hình thức 2 , có thể làm ở nhà nhưng lên phòng lab thì cũng phải có điều kiện để sinh viên làm các bước cơ bản thì về nhà mới nhanh chóng triển khai các bước tiếp theo được .",0,2
bài tập và tài liệu hướng dẫn học tập mà thầy cung cấp thực sự rất đầy đủ đối với em .,2,1
"giảng viên nhiệt tình , truyền lửa tốt cho sinh viên hứng thú học tập .",2,0
hơi nghiêm .,0,0
dạy toàn tiếng anh .,0,0
"thái độ chưa tốt khi sinh viên hỏi bài , chỉ có sinh viên giỏi mới dám hỏi vì thầy chỉ trả lời những câu khó .",0,0
"thầy có một nền tảng kiến thức rất phong phú , em được học rất nhiều từ thầy .",2,0
nên hướng dẫn giải các bài tập cơ bản của môn học .,0,0
"nội dung thực hành vào lý thuyết chưa khớp nhau , chưa truyền tải được nhiều kiến thức .",0,1
thầy nên giảng bài sinh động hơn thay vì ngồi một chỗ .,0,0
hình dung chưa ?,1,3
"giảng bài quá nhanh , ít bám sâu vào chương trình .",0,0
giảng viên không gây hứng thú cho sinh viên về bài giảng của mình .,0,0
"em còn tưởng những nội dung này chỉ có trong hội thảo về "" đa cấp "" .",0,1
"thầy dạy dễ hiểu , nắm rõ kiến thức .",2,0
"thầy thân thiện , nhiệt tình .",2,0
"nhìn chung cô dạy khá là nhanh bạn nào có tư duy , logic không được tốt thì sẽ không hiểu cô nói .",2,0
nhiệt tình trả lời các câu hỏi của sinh viên .,2,0
em cảm thấy không có gì không hài lòng cả vì thầy dạy hay .,2,0
"thầy tận tình , và thân thiện .",2,0
em nghỉ nên biên soạn lại .,0,1
"ngoài việc cho bài tập ra , thầy nên giải đáp cho các học sinh các bài tập khó nữa .",0,0
"mỗi một vấn đề đều phải dừng lại hỏi xem còn sinh viên nào có cách khác không , hay đơn giản là cách hiểu khác trên cùng một vấn đề .",1,3
tất cả điều hài lòng .,2,3
cô dễ thương siêu cute !,2,0
"giảng viên vui vẻ , hòa đồng với sinh viên , tạo cảm giác hứng thú học tập hơn .",2,0
"giảng viên hỗ trợ bài giảng , tài liệu tham khảo rất đầy đủ trên moodle .",2,0
thầy hướng dẫn rất tận tình .,2,0
cả hai thầy đều rất nhiệt tình .,2,0
"thầy giải đáp thắc mắc của sinh viên nhiệt tình và đầy đủ , kiến thức nhiều và phong phú .",2,0
trong học kỳ này vì nó không được cố định nên em và có thể nhiều bạn khác đã bỏ lỡ bài nộp .,0,1
thầy chưa tận tâm trong giảng dạy .,0,0
giảng viên dạy dễ hiểu .,2,0
nên hướng dẫn kỹ lưỡng vào những vấn đề trọng tâm .,0,0
"triển khai srum cho tổ hợp nhóm nhỏ chừng 15 người , 1 nhóm 5 người .",0,1
vì đôi khi tụi em theo bài không kịp .,0,3
cô tận tình thân thiện với sinh viên .,2,0
"thầy vui tính , rất tâm lý sinh viên .",2,0
nên phát hết các bài kiểm tra còn lại .,0,0
dạy kỹ căn bản rèn luyện cả 4 kỹ năng .,2,0
"tăng thời gian học , tiếp xúc với sinh viên nhiều hơn .",0,0
có trách nhiệm giảng dạy cho các học sinh hiểu về bài học .,2,0
bài tập cho cho đa dạng để sinh viên dễ dàng tiếp thu được nhiều loại bài tập và kiến thức khác nhau .,2,1
đôi lúc giảng viên nói quá nhỏ không thể nghe thấy rõ .,0,0
không nên quá chú trọng vào việc dạy học chạy kịp chương trình để thi mà quên đi khả năng tiếp thu của sinh viên .,0,1
thầy chấm và nhận xét đồ án rất chính xác .,2,0
"cô dạy rất hay , kỹ và nhiệt huyết .",2,0
dễ buồn ngủ .,0,0
"phòng thưc hành cần thường xuyên vệ sinh , sửa chữa thiết bị , bị lỏng , đứt , hay hư hỏng .",0,2
tích cực .,2,3
"tận tâm , nhiệt tình , tiết học vui vẻ dễ tiếp thu .",2,0
"giảng viên thường xuyên trao đổi tài liệu học tập , giảng viên tích cực .",2,0
sự nhiệt tình và tâm huyết khi giảng dạy của cô .,2,0
sự tận tâm .,2,3
nhưng vẫn đạt điểm cao .,0,1
đúng như vậy luôn hi hi .,1,3
phần thi nói giữa các lớp không thống nhất về hình thức và nội dung .,0,1
"nếu em muốn học , em sẽ lên lớp học .",1,3
"vui vẻ , giảng dạy tận tình .",2,0
"sửa chữa hoặc thay mới máy chiếu và loa nguyên nhân doubledot máy chiếu , chiếu hình ảnh bị nhạt màu , loa hay có trục trặc .",0,2
thầy khá bận nên thời gian lên lớp không nhiều .,0,0
"thầy thân thiện , nhiệt tình , giảng dễ hiểu .",2,0
"thầy năng nổ , nhiệt tình .",2,0
"trên slide có quá nhiều chữ ( có vẻ như thầy dịch từ tài liệu gốc là chính ) , và thầy đọc slide , giải thích định nghĩa nhiều nhưng rối và không có gì để hình dung làm cho sinh viên khó hình dung ra thầy đang giảng gì .",0,0
"giảng viên rất tận tâm , nhiệt tình , gần gũi sinh viên .",2,0
cách giảng dạy không tạo được nền tảng ban đầu để sinh viên tự lực trong một quãng đường dài .,0,0
"thầy giảng dạy nhiệt tình , cung cấp đầy đủ kiến thức .",2,0
"phòng lab thực hành cơ bản vẫn còn thiếu chất lượng , máy yếu , trường mình vẫn còn xài màn hình crt nản , mang danh trường công nghệ thông tin .",0,2
giảng viên cung cấp khá đầy đủ kiến thức .,2,0
giáo viên ít hướng dẫn bài tập về nhà .,2,0
khi nói xong một ý nên có khoảng nghỉ để người nghe kịp tiếp thu thì hiệu quả hơn .,0,0
"thầy chấm điểm khó , đề thi dài .",0,0
"cô dạy quá chi tiết ở một số mục , có một số mục em cảm thấy dễ nhưng cô lại dạy quá lâu ở mục đó làm cho tốn khá nhiều thời gian và gây chán nản .",0,0
liên hệ sát với thực tế .,2,1
mong nhà trường sắp xếp các phòng học yên tĩnh hơn .,0,2
khối lượng lý thuyết và thực hành phải học quá ôm đồm trong một môn học .,0,1
"cô nhiệt tình giảng bài , hỗ trợ sinh viên .",2,0
thầy hiền và nhiệt tình với sinh viên .,2,0
kiến thức môn học ứng dụng tốt cho công việc sau này .,2,1
"nên sử dụng giáo trình tiếng việt , nếu dùng tiếng anh thì nên dùng lúc ra đề luôn , tránh trường hợp anh việt lẫn lộn .",0,1
giảng viên hướng dẫn rất nhiệt tình và chi tiết .,2,0
cô dễ thương quá .,2,0
luôn giải đáp mọi thắc mắc của sinh viên .,2,0
thầy liên hệ khá nhiều về thực tiễn cuộc sống .,2,0
thầy là người rất nhiệt tình và quan tâm sinh viên !,2,0
"nhiều ví dụ minh hoạ , dễ hiểu .",2,0
thầy vui tính dạy dễ hiểu .,2,0
nên có thêm vài project nhỏ .,0,1
"dạy tốt , dễ hiểu .",2,1
"bồi dưỡng chuyên môn giáo viên phần phát âm , từ vựng .",0,0
"khả năng truyền đạt kiến thức của thầy chưa hay ( kém ) chưa lôi cuốn được sinh viên kể cả so sánh với em , một sinh viên năm 2 .",0,0
"cô nhiệt tình , giảng dạy dễ hiểu .",2,0
"các buổi học không liên tục , kiến thức kiểu chắp vá .",0,1
giảng dạy rất tốt .,2,0
không hiểu bài giảng .,0,3
giảng viên giảng dạy nhiệt tình .,2,0
hệ thống máy tính còn yếu kém .,0,2
cần được tăng cường thực hành và traning thêm môn học .,0,1
giảng bài kỹ .,2,0
cho làm bài tập vận dụng kiến thức thường xuyên .,2,0
"tận dụng tốt thời gian , nhiệt tình , hiền .",2,0
"giảng viên dạy kỹ , dễ hiểu .",2,0
thầy tôi dạy rất hay và chia sẻ rất nhiều .,2,0
thầy hiền nhiệt tình .,2,0
"thầy giảng khó hiểu , phương pháp giảng dạy cũ kỹ .",0,0
cô nói nhỏ và thường hay đứng trên bục rất khó để có thể hiểu .,0,0
"tận tâm giảng dạy nhiệt tình , tận tâm .",2,0
giáo viên giảng hơi khó hiểu ạ .,0,0
đề xuất nhà trường hằng tuần có một buổi lau dọn các bàn ghế này .,0,2
cần xác định rõ mục tiêu thực tế của môn học ứng dụng vào việc gì .,0,1
"giảng dạy ngắn gọn , súc tích , đánh vào phần trọng tâm .",2,0
giảng viên nên đảm bảo lên lớp đúng giờ và cập nhật bài giảng lên hệ thống moodle thường xuyên hơn .,0,0
"giáo trình hiện tại khá trừu tượng và khó hiểu , kiến thức khá khó với những lý thuyết căn bản mà sinh viên có thể hiểu .",0,1
"giảng viên dạy dễ hiểu , tương tác với sinh viên nhiều và có nhiều hình thức tính điểm ( điểm bài tập trên lớp , bài tập về nhà , kiểm tra tại lớp , dotdotdot ) .",2,0
"nhiệt tình , vui vẻ , cung cấp kiến thức hay .",2,0
"giảng viên dạy rất dễ hiểu , nhiệt tình .",2,0
hỗ trợ sinh viên kịp thời các vấn đề vướng mắc trong môn học .,2,0
cung cấp công cụ giảng dạy tốt hơn .,0,2
"thầy dạy nhiệt tình , có trợ giảng năng nổ .",2,0
về học tập doubledot bản thân em không đồng ý về điểm thuyết trình và bài báo cáo .,0,1
"dạy rất nhiệt tình , cho bài tập nhiều .",2,0
"giảng dạy dễ hiểu , tận tình .",2,0
"tiết học thú vị , vui vẻ mà bổ ích .",2,0
thầy nhiệt tình và giảng rất dễ hiểu .,2,0
giáo viên cần lên lớp thường xuyên hơn và dạy những kiến thức thiết thực với môn học hơn .,0,0
"gần gũi , tốt bụng .",2,0
cần mở rộng thêm các kỹ thuật hướng đối tượng mới hiện nay .,0,1
"cô dạy tận tâm với sinh viên , luôn nhiệt tình .",2,0
"hăng say , nhiệt tình .",2,0
mong phòng phòng thanh tra - pháp chế - đbcl có biện pháp xử lý .,0,3
table and chair is not fitted for class .,0,2
"dạy quá nhanh so với lý thuyết , có khi nhanh hơn cả 1 chương chớ không phải vài bài học , học thực hành mà không hiểu gì hết vì chưa học trên lý thuyết , theo em , học thực hành để củng cố kiến thức lý thuyết chớ không phải học lý thuyết để biết mình đã thực hành cái gì .",0,0
mong thầy sắp xếp giữa việc giảng dạy cũng như việc làm của thầy .,0,0
điều chỉnh số tín chỉ cho môn từ 3 tín chỉ thành 2 tín chỉ .,0,1
"cô tận tâm nhiệt tình , quan tâm đến học sinh nhiều hơn là điểm số .",2,0
sự tận tình của giảng viên .,2,0
giảng viên dạy lý thuyết nên dạy thực hành để giúp sinh viên làm rõ những kiến thức trong lý thuyết .,0,0
"giảng viên nhiệt tình , có khả năng truyền đạt tốt .",2,0
thầy cho khá nhiều bài tập và cách giải nhiều bài .,2,0
"cần chuẩn bị phần giáo trình phù hợp hơn với môn học , phù hợp hơn với trường mình .",0,1
truyền đạt nhiều kiến thức mở rộng .,2,0
giáo viên nhiệt tình !,2,0
"4 tín chỉ học phần là quá ít cho các kiến thức về javabeans , jsp , servlet , html , csharp .",0,1
cách giảng dạy của giảng viên thật khó có thể làm cho sinh viên hiểu rõ vấn đề .,0,0
trong khi chương trình quy định 2 tiết cho một bài .,1,1
"nói chuyện dễ hiểu , dễ tiếp thu .",2,0
vủi vẻ nhiệt tình .,2,0
"học một đàn ra thi một nẻo , thi đúng với nội dung môn học .",0,1
giảng viên giảng dạy nhiệt tình !,2,0
không thu hút được sự chú ý của sinh viên .,0,0
truyền đạt kiến thức dễ hiểu .,2,0
"cần phải thiết kế nội dung thực hành gắn với lý thuyết , nâng độ khó lên , cần áp dụng các lý thuyết hiện đại thay vì các lý thuyết đã cũ từ mấy chục năm trước .",0,1
giảng viên vui nhiệt tình .,2,0
"lúc chấm điểm thực hành trên lớp , hỏi những câu đánh đố sinh viên .",0,0
"giảng viên đầy nhiệt huyết , gần gũi với sinh viên , bài giảng sinh động .",2,0
"tiết dạy thoải mái , không nhàm chán .",2,0
"giảng viên mỗi lần lên lớp đều nói "" các em cần gì cứ mail thầy sẽ hỗ trợ "" nhưng không bao giờ trả lời mail sinh viên , sinh viên phải lên đến tận văn phòng khoa để tìm gặp .",0,0
tất cả đều tốt .,2,3
cung cấp cho sinh viên nhiều kiến thức thực tiễn .,2,0
thầy giảng quá khó hiểu .,0,0
hay nghỉ .,0,0
giảng viên áp dụng nhiều phương thức giảng dạy mới .,2,0
môn học hay và bổ ích .,2,1
"cập nhật kiến thứ trong các slide , những phương pháp mới .",0,1
giảng viên thường hay đến lớp muộn 15 phút .,0,0
giảng viên nên thường xuyên cập nhật và giới thiệu những thành tựu công nghệ mới đến sinh viên cũng như cho phép sinh viên thử nghiệm tại lớp nếu điều kiện cho phép .,0,0
cần nâng cao chất lượng máy chiếu .,0,2
"theo em , nên tăng thời gian thực hành nhiều hơn .",0,1
em nghĩ nên kết hợp thực hành vào chung một buổi .,0,1
bài tập làm thêm .,1,1
"thầy dạy quá nhanh , học sinh theo không kịp , nhất là việc chiếu slide .",0,0
mới gặp một lần !,1,0
cập nhật tin tức môn học trên các kênh thông tin course và cung cấp các tài liệu trên đó .,0,1
em thi giữa kỳ được 9dot5 điểm .,1,3
"thường xuyên nhắc nhở các sinh viên ít phát biểu , chuyên cần , tích cực .",2,0
"buổi đầu tiên là một bài thực hành đơn giản , buổi thứ 2 chia nhóm và thông báo đề tài đồ án cuối kỳ , buổi thứ 3 là chấm đồ án .",1,1
thầy dạy rất tận tâm .,2,0
"em rất thích , em là một đứa không thích học môn xã hội nhưng học cô em rất thích nghe giảng .",2,3
"giáo viên truyền đạt nội dung bài học rất hay , rất dễ hiểu và dễ tiếp thu .",2,0
thầy còn chia sẻ các phương pháp học cho sinh viên .,2,0
như vậy thì quá bất công .,0,1
học theo đúng thời khóa biểu .,2,3
thầy giảng hay .,2,0
hướng dẫn tận tình cho sinh viên .,2,0
lịch học trùng với lịch học môn khác có điểm danh từng buổi nên hầu như nhóm học của em không bạn nào học được 1 buổi nào .,0,1
giảng viên kết hợp giải bài tập để giảng lý thuyết .,2,0
thêm nhiều bài tập hay gặp khi thi học kỳ !,0,1
tìm hiểu về các case study giúp chúng em biết thêm nhiều kiến thức mới và trình bày sản phẩm của mình trước lớp để thấy những thiếu sót của mình .,1,1
thầy hay chém gió .,0,0
mong thầy giải bài tập nhiều hơn là nói toàn là lý thuyết .,0,0
phương pháp giảng dạy chưa được cập nhật .,0,0
"rất có tâm , nhiệt tình và tận tụy với sinh viên .",2,0
"nên khắc phục tình trạng giảng viên không lên lớp , vì như vậy làm mất nhiều thời gian cho sinh viên tụi em .",0,0
thầy ít giảng chủ yếu là cho chép vào vở .,0,0
"thầy nguyên dạy rất nhiệt tình , tận tâm colonsmile .",2,0
"giáo viên dạy dễ hiểu , tận tình hướng dẫn sinh viên .",2,0
quan tâm tận tình đến từng sinh viên .,2,0
thầy dạy đúng yêu cầu buổi học .,2,0
"thầy dạy hay , truyền đạt đủ kiến thức cho sinh viên .",2,0
cô tận tâm .,2,0
cô truyền đạt còn khó hiểu .,0,0
cô giáo nhiệt tình .,2,0
"giảng viên vui tính , nhiệt tình và có những phương pháp làm bài tập nhóm mới lạ , hấp dẫn .",2,0
"dạy hơi nhanh à nha , tiết bài tập chưa tốt .",0,0
giảng dạy hay .,2,0
em nghĩ nên tạo ra thêm một số ràng buộc để sinh viên đi học đầy đủ hơn .,0,1
thầy có phần demo code giúp sinh viên dễ hiểu .,2,0
phân phối bài tập hợp lý .,2,1
thầy nên nhiệt tình hướng dẫn hơn .,0,0
cô vừa hiền vừa xinh lại còn dạy dễ hiểu .,2,0
nhưng thầy rất nhiệt tình giảng lại và đứng chỉ lại .,0,0
"nhiệt tình , phong cách dạy dễ hiểu .",2,0
giáo viên lý thuyết và trợ giảng không có sự liên hệ với nhau dẫn đến mỗi người dạy một kiểu .,0,0
thành vòng tuần hoàn đến khi thi .,1,3
không gặp mặt .,0,3
"vui vẻ , hòa đồng , linh động .",2,0
cần cập nhật kiến thức sâu hơn .,0,1
"thầy tận tâm , có hai tới lớp sinh viên thầy vẫn dạy .",2,0
thầy giảng hơi nhanh và có nhiều chỗ còn khó hiểu .,0,0
cần nâng cấp máy trong phòng máy thực hành vì cấu hình hơi yếu và phòng học không nóng và bụi thì tốt hơn .,0,2
thầy nhiệt tình dạy dễ hiểu .,2,0
"em thấy nội dung kiểm tra chưa phù hợp , chương trình học quá nặng .",0,1
nội dung mới .,2,1
không hoàn toàn hài lòng với cách giảng dạy của thầy .,0,0
"nội dung chưa được truyền đạt đến sinh viên theo cách hấp dẫn , trực tiếp mà nhàm chán , dễ gây tâm lý bối rối với nhiều kiến thức liên kết rời rạc .",0,0
vui .,2,0
"nhiệt tình và vui vẻ với sinh viên , giảng bài kỹ .",2,0
thầy rất thường xuyên kể về các câu chuyện cá nhân mặc dù không sinh viên nào yêu cầu và quan tâm .,0,0
"nên cập nhật giáo trình đầy đủ , nội dung môn học nên cải tiến , phần thực hành nên hiệu chỉnh để thống nhất với lý thuyết .",0,1
không ý kiến thêm .,1,3
"theo ý kiến của em doubledot nếu như đầu ra tốt nghiệp là bằng cấp theo các chương trình ngoại ngữ bằng cấp toeic hay ielts thì em nghĩ là nên để phần đó cho các bạn sinh viên tự lo vì học av1 , av2 , av3 rồi lại phải học thêm mấy cái toeic với ielts thì mất một khoảng thời gian .",0,1
các deadline thời gian hơi ít .,0,1
"mong ở những môn học tới , với kiến thức và kinh nghiệm của mình thêm với sự tương tác và sắp xếp thời gian , thầy sẽ mang đến những tiết học bổ ích và hiệu quả nhất cho học viên của mình .",0,1
môn này không nên có hình thức thực hành 2 không hiệu quả .,0,1
"cứ mặc kệ mấy cái báo cáo nhảm nhỉ của cái đợt hợp vừa rồi , cá nhân em rất thích được học với thầy .",2,0
thầy nói hơi nhỏ và đều đều nên rất dễ buồn ngủ .,0,0
"em không thể đi học môn wzjwz75 , nên học kỳ này sẽ nợ môn này .",0,3
ra đề thực hành sát với nội dung ôn tập .,1,0
"giảng viên truyền đạt tốt , rất dễ hiểu .",2,0
dạy nhiệt tình nên hay lấn giờ quá tiết .,0,0
giáo viên cho giảng dạy tận tình .,2,0
đồ án thầy yêu cầu khó thực hiện vì toàn là bài báo khoa học có nội dung trừu tượng .,0,0
thầy sử dụng thời gian dạy tốt .,2,0
"thầy wzjwz205 rất nhiệt tình với sinh viên , luôn cung cấp kiến thức cập nhật và thực tiễn .",2,0
tài liệu và giảng viên nhiệt tình .,2,1
"thầy dạy tâm huyết với sinh viên , dạy cho sinh viên rất nhiều kiến thức bổ ích !",2,0
thầy giúp sinh viên luyện tập rất nhiệt tình .,2,0
"khi có thông báo nghỉ , cần cập nhập thông tin trên web của khoa wzjwz158 .",0,1
"kiến thức truyền đạt còn ít , thời gian lên lớp thường trễ .",0,0
em nghĩ nên thi thực hành thay vì lý thuyết cuối kỳ .,0,1
khi sinh viên nhờ thầy giải một bài tập để làm mẫu nhưng không nhận được bất kỳ bài giải nào từ thầy .,0,0
thời lượng thi ít khiến nhiều câu bỏ trống .,0,1
cách thầy dạy môn này trong kỳ trước em không được biết chỉ được nghe từ các bạnem đã cảm thấy vui khi được học với thầy .,2,0
"thường xuyên nghỉ học không thông báo , lên lớp trễ .",0,0
cô giáo rất tận tình và có phương pháp giảng dạy rất tốt đối với sinh viên .,2,0
giảng viên luôn vui vẻ và tận tình giúp đỡ sinh viên .,2,0
dùng lời lẽ để ép buộc sinh viên .,0,0
"những thứ đó không đủ để làm bài thực hành như tuần 5 , tuần 6 , tuần 7 .",0,3
bài tập deadline quá nhiều mà thời gian lại quá ngắn .,0,1
nên rút gọn kiến thức lại .,0,1
đan xen những câu chuyện thực tiễn trong lúc học .,2,0
thầy không chú trọng đến kết quả tốt hay không mà khuyến khích sinh viên làm việc hết khả năng của mình .,2,0
không có hoạt động không hài lòng .,1,3
"có nhiều nội dung liên quan tới thực tiễn , có thể áp dụng vào thực tế sau này .",2,1
"vào lớp muộn , cho ra trễ .",0,0
"thầy vui tính , thường xuyên cho bài tập cho sinh viên .",2,0
sinh viên trường wzjwz80 chúng ta hoàn toàn không được đánh giá cao so với sinh viên của wzjwz81 và wzjwz82 .,0,3
"giảng viên vui vẻ , giảng dạy tận tâm .",2,0
"giáo viên lên lớp đầy đủ , tận tâm , nhiệt tình trong giảng dạy .",2,0
"phương pháp giảng dạy ( cụ thể là cách truyền đạt ) của thầy đơn giản , dễ hiểu và hiệu quả .",2,0
"phát âm thuật ngữ tiếng anh không chuẩn , khó phân biệt khi nghe giảng .",0,0
"giảng viên dạy tâm huyết , nhiệt tình , bài tập cụ thể rõ ràng .",2,0
thầy có đi dạy trễ .,0,0
"có thể nói học nhập môn lập trình gặp được cô là một điều vô cùng may mắn , cảm ơn cô nhiều .",2,0
cô wzjwz195 thật tuyệt vời .,2,0
nếu thầy có thể đến sớm để dạy cho sinh viên có thể nghĩ trưa được nhiều hơn .,0,0
thầy thường xuyên nghỉ mà không thông báo .,0,0
"cách giảng dạy đơn giản , ngắn gọn nhưng dễ tiếp thu .",2,0
bài giảng chưa thật sự thu hút .,0,0
"giảng dạy chi tiết , dễ hiểu .",2,0
điểm làm đồ án nên trên 50% thì sẽ có tính thực tiễn hơn .,0,1
phòng học oi bức .,0,2
kích thích sự đam mê cho các sinh viên .,2,0
"không dạy vào trọng tâm chương trình , sử dụng giáo trình mà thường đi lan man .",0,1
"tận tâm , chu đáo .",2,0
"thầy rất hay nói thêm về các tài liệu tiếng anh , các kiến thức mà sách tiếng việt không đề cập , bổ sung nhiều kiến thức hay cho sinh viên .",2,0
"thầy nên cho nhiều ví dụ liên quan đến bài học hơn , và nên có hình thức làm và nộp bài tập hàng tuần .",0,0
"phòng thực hành khoa wzjwz70 máy hư tùm lum , không hiểu sao phòng thực hành mấy khoa khác như wzjwz71 , wzjwz72 đầu tư mới với tốt hơn nhiều .",0,2
"thầy đi dạy rất đúng giờ , giảng dạy nhiệt tình .",2,0
tên thầy dài quá nhưng em nhớ nó như một món quà dành cho thầy .,1,3
"luôn quan tâm sinh viên , dạy kiến thức hay , dễ hiểu .",2,0
"thầy giảng dạy nhiệt tình , tận tụy , tận tình hướng dẫn .",2,0
mong các môn thực hành cách tuần sẽ chuyển thành hàng tuần .,0,1
giải đáp thắc mắc cho các bạn sinh viên .,2,0
chúc thầy tràn đầy sức khỏe và giảng dạy thật tốt trong các kỳ tiếp theo !,2,0
"môn học không mang tính ứng dụng và thực tế , kiến thức quá chung chung .",0,1
"một số vấn đề sinh viên thắc mắc đăng lên course thường được giảng viên trả lời chậm , và thường không trả lời luôn .",0,0
phương pháp giảng dạy giúp sinh viên nắm bắt được nhiều lỗi sai trong bài .,2,0
bài học liên quan tới thực tế .,2,0
giảng viên thường xuyên đưa bài tập lên bảng để vừa giảng vừa tạo ra cuộc thảo luận .,2,0
"cô rất dễ thương , cho điểm khách quan , cô giúp em nhớ lại nhiều kiến thức .",2,0
"slide môn học một số phần dịch từ tiếng anh khó hiểu , không rõ ràng .",0,1
thầy cho bài tập về nhà hàng tuần .,1,0
cho cái nhìn về môi trường bên ngoài doanh nghiệp .,2,1
"cách dạy và cách nói chuyện của thầy rất thu hút , giúp em tập trung vào bài học rất dễ .",2,0
rất mong thầy trong thời gian giảng dạy có thể cải thiện nhiều phương pháp truyền đạt để môn học thú vị hơn .,0,0
em có gửi một message trên trang web môn học cho một thầy nhưng mà chờ mãi vẫn chưa nhận được câu trả lời .,0,0
giảng viên nên giảng nhiều hơn chứ không nên để sinh viên lên làm bài tập .,0,0
thầy giảng đúng trọng tâm đề dễ hiểu .,2,0
cô không sử dụng hệ thống course của trường .,0,0
đi học hay không đi học cũng như nhau .,0,0
"thầy giảng bài dễ hiểu , nhiệt tình .",2,0
cho bài tập đầy đủ .,2,0
"thầy dạy rất tốt , rất hay .",2,0
"cô cho bài tập về nhà , deadline cuối mỗi chương , bài tập mỗi chương giúp tụi em nắm vững kiến thức của môn học này .",2,0
"chép bài trên bảng nhanh , giảng hơi nhanh .",0,3
rất thích cách xét công tâm của cô .,2,0
"cô dạy khó hiểu , phức tạp hóa vấn đề .",0,0
cách cô sắp xếp sinh viên khi thi giữa kỳ rất lộn xộn .,0,0
nhiều nội dung môn học bị bỏ qua .,0,0
"thầy dạy nhiệt tình dễ hiểu , cho làm nhiều bài tập hay thú vị .",2,0
"thầy rất vui tính , tận tâm và có một vốn kiến thức rất phong phú .",2,0
"thầy dạy tương đối ổn , có tính thực tế .",2,0
"ít sử dụng hệ thống moodle môn học , slide bài giảng các bài nộp khó khăn để nộp do sinh viên ít sử dụng hệ thống dropbox .",0,1
cung cấp đầy đủ và cập nhật giáo trình và tài liệu phục vụ môn học hơn .,0,1
"thầy rất vui tính , nói chuyện cũng vậy .",2,0
"thầy rất vui tính , dạy dễ hiểu .",2,0
cô rất quan tâm tới sinh viên .,2,0
"thầy dạy rất nhiệt tình nhưng bị lố giờ nhiều quá , môn học có 4 tiết nhưng lúc nào cũng gần như là 5 tiết .",0,0
gây khó khăn cho việc làm bài thi .,0,0
giảng viên thụ động .,0,0
"yêu nghề , hăng say , tích cực với công việc , nhiệt tình giảng dạy .",2,0
giảng dạy nhiệt tình và kỹ lưỡng .,2,0
toàn phải đi học ké lớp khác .,0,3
truyền đạt hay giúp học sinh dễ hiểu !,2,0
phương pháp giảng bài của thầy khiến sinh viên dễ dàng tiếp thu được kiến thức .,2,0
đôi khi một số điều thầy nói sinh viên tự tìm hiểu mà không giải thích thêm .,0,0
"cách dạy còn khô khan , nhàm chán , không tạo được cho sinh viên sự hào hứng .",0,0
khuyến khích phát biểu trong giờ học và đưa ra các bài tập khó cộng điểm để tạo hứng thú cho học sinh .,0,0
bài thi phải sát hơn và thêm phần thi nói để kiểm tra và xếp loại đầu vào .,0,1
khi hỏi thì giảng viên nói rằng đến lớp nhưng không thấy ai .,0,0
"nếu được thì rút ngắn thời gian học mỗi môn học trong một học kỳ thành 7 tuần 2 buổi tuần hay học theo hình thức "" cuốn chiếu "" các môn học trong một học kỳ .",0,1
thầy đưa nhiều bài tâp !,1,0
cho nên cái này phải từ giảng viên học hỏi và tham khảo cách giảng dạy của giảng viên khác dạy cùng bộ môn với mình .,0,0
"thầy dạy rất nhiệt tình , luôn cố gắng giảng thật chậm và giảng thật kỹ cho chúng em hiểu bài .",2,0
mong giáo viên cải thiện cách dạy dễ hiểu hơn .,0,0
"giảng dạy nặng về nói chuyện , ít tập trung vào ngữ pháp , trong khi thi thì toàn ngữ pháp .",0,0
thầy nên giải thích kỹ hơn .,0,0
sửa bài kỹ càng .,2,0
"giảng dễ hiểu , nhiệt tình trong công tác giảng dạy .",2,0
em thích cách ra đề của thầy .,2,0
thời gian vào lớp đúng giờ .,2,0
thầy dạy tích cực .,2,0
thầy rất nhiệt tình trong việc hướng học sinh đến con đường khoa học .,2,0
mọi bài thực hành sinh viên tự đọc hiểu và sự có mặt của giảng viên trên lớp chỉ mang hình thức có mặt .,0,1
"cô rất nhiệt tình trong hoạt động giảng dạy , công bằng trong đánh giá , rất quan tâm đến sinh viên .",2,2
thầy dạy khá chi tiết và giải bài tập nhiều .,2,0
mỗi tiết dạy của giảng viên thường là chiếu lên slide để đọc nên trong quá trình giảng dạy khá là chán .,0,0
"dạy nhiệt tình , dễ tiếp thu .",2,0
cách truyền đạt của cô làm em không hiểu mặc dù cô giảng rất kỹ năng nhưng em cũng không hiểu nổi những gì cô nói .,0,0
nếu có thể đọc được báo cáo đồ án hay tốt nghiệp của các anh chị khóa trước thì có thể dễ dàng hình dung được yêu cầu của cô .,0,0
nhiều slide .,0,1
nên có thêm trợ giảng để giảm bớt áp lực cho giảng viên .,0,1
"demo đa dạng , side cập nhật kịp thời , giảng viên hỗ trợ nhanh chóng trên moodle .",2,0
trình bày slide bài giảng rõ ràng hơn .,0,3
cần tăng giờ thực hành để nắm rõ và chắc hơn nội dung của bài học .,0,1
thầy day trực quan dễ hiểu .,2,0
thực hành mà dành hơn 80% nói về lý thuyết không đáp ứng yêu cầu sinh viên .,0,1
"rất nhiệt tình vì học sinh , luôn nghĩ cho học sinh , luôn đến sớm , giảng dạy hiệu quả .",2,0
"còn khi cô cho bài tập nhưng lại không giải mẫu , khiến tụi em khó có thể tự làm được .",0,0
tài liệu nên được cập nhật .,0,1
mong được làm việc với thầy nhiều hơn .,1,0
"mong thầy dạy bám theo thi nhiều hơn , sửa bài tập trên lớp nhiều hơn .",0,0
"mong thầy xen kẽ bài tập vào bài giảng lý thuyết , như thế sẽ dễ hiểu bài hơn ạ .",0,0
"giảng viên nhiệt tình , có tâm huyết .",2,0
"tận tình , cách dạy thực tế .",2,0
đôi khi nghỉ học không thông báo trước .,0,0
hướng dẫn quá chi tiết .,2,0
"nhiệt tình , giúp sinh viên luyện nói rất nhiều .",2,0
cung cấp bài giảng đầy đủ .,2,0
đôi khi em nghĩ thầy cho deadline quá trời nhưng nhờ vậy em học được hơn thầy ạ .,0,0
"phần thực hành , chúng em không được hướng dẫn đủ .",0,1
mong nhà trường sẽ đồng nhất phần thực hành và lý thuyết .,0,1
"thường xuyên hỏi về đời sống tình cảm của những bạn nữ , như vậy là không phù hợp với tác phong của một giáo viên .",0,0
giảng dạy không rõ ràng còn hàn lâm .,0,0
"lên lớp đúng giờ , tận tâm với sinh viên .",2,0
dạy khá nhanh .,0,0
học xong em thấy yêu thầy .,2,0
"lên lớp đúng giờ , truyền đạt kiến thức tốt , dễ hiểu , dễ vận dụng .",2,0
thầy dạy hay nhiệt huyết kiến thức về chuyên môn rộng .,2,0
phương pháp dạy của thầy chưa hiệu quả .,0,0
không nhiệt tình giải đáp thắc mắc .,0,0
"giảng viên nhiệt tình , sửa lỗi cho sinh viên .",2,0
nên sử dụng chức năng của trong courses quản lý môn học để cung cấp tài liệu đầy đủ cho sinh viên .,0,0
"cung cấp các slide , tài liệu liên quan quá ít .",0,0
thầy giảng dạy rất kỹ càng .,2,0
đi đúng giờ .,2,0
thi cuối kỳ không đủ thời gian làm bài !,0,1
"thầy vui tính , giảng dạy hay , cung cấp nhiều kiến thức quý báu .",2,0
nếu có nghỉ phải được dạy bù lại .,0,0
đặt hiệu suất học tập lên hàng đầu chứ không phải điểm số .,0,1
giảng viên trẻ nên tạo sự gần gũi với sinh viên .,2,0
"giảng viên lên lớp đúng giờ , dạy nhiệt tình .",2,0
"giảng rất tận tình , giải đáp các thắc mắc của sinh viên .",2,0
"khái niệm "" thiết bị di động "" trong môn học cần được định nghĩa lại với cách giảng dạy này .",0,1
"đôi khi truyền đạt hơi nhanh , gây lướt kiến thức .",0,0
dạy chưa thu hút .,0,0
giáo trình cần cập nhật hơn nữa .,0,1
"gần gũi , tận tình .",2,0
tuy nhiên ước gì cô giải nhiều bài tập hơn ở cuối kỳ .,0,0
cung cấp tài liệu rất đầy đủ và tận tụy .,2,0
"thầy hơi khó trong vấn đề hỏi bài , hay nói vui ( hoặc chửi ) học sinh ngu colonsad .",0,0
thầy dễ thương .,2,0
đôi khi giảng bài hơi nhanh .,0,0
"thầy rất nhiệt tình , tuyệt nhất trong các thầy dạy em từ khi lên đại học đến giờ .",2,0
"thế nhưng việc thời hạn nộp bài không được chính xác gây khó khăn trong việc nộp bài , cụ thể là thời hạn nộp bài đôi khi đã được ấn định , nhưng sau đó lại được gia hạn thêm , vậy thì không công bằng với những người đã bỏ công sức ra để cố gắng hoàn thành công việc đúng thời hạn ban đầu .",0,1
"giảng viên dạy sinh động , hiệu quả , đảm bảo giờ lên lớp .",2,0
thầy thường quên thời gian dạy thực hành và báo cáo .,0,0
"dạy nhiệt tình , khách quan .",2,0
cần giải thích thêm về mỗi bài thực hành cho sinh viên chứ như bây giờ thấy đưa cho sinh viên cái đề toàn tiếng anh và không giải thích gì cả .,0,0
"chép bài nhiều quá , nhưng không sao .",1,3
giáo viên đến luôn đúng giờ dạy và rất nhiệt tình .,2,0
quan tâm sinh viên nhiều hơn .,0,0
"phòng lab thực hành khá cũ , nhiều máy hư gây khó khăn cho sinh viên khi thực hành .",0,2
theo ý kiến của cá nhân em và nhiều bạn đồng quan điểm thì cách dạy của thầy có nhiều yếu điểm như sau doubledot .,1,0
theo em nên đưa phần kiến thức thực hành lên giảng dạy trong giờ lý thuyết .,0,1
bổ sung thêm slide và giáo trình tiếng việt .,0,1
"thường xuyên dạy được 1 tiếng thì nhờ thầy nào đó vô quản lý , tụi em phải ngồi không đến 10h mới được ra về dạy chả hiểu gì cả !",0,0
"yêu cầu nên cụ thể cho từng thành viên trong nhóm đò án vì chấm điểm đồ án theo từng cá nhân , từng yêu cầu mà có những nhóm làm đồ án không chia công việc từ đầu mà làm chung tất cả , dẫn đến các thành viên không đáp ứng được tiêu chí chấm điểm đồ án .",0,1
giảng viên cần phát âm và viết đúng chính tả hơn .,0,0
giảng viên cho sinh viên lượng bài tập quá lớn .,0,0
"về khâu chấm đồ án , mặc dù thầy không nêu trong yêu cầu là cấm sử dụng phương pháp đó , nhưng khi sinh viên sử dụng thì thầy đuổi cả nhóm xuống không cho sinh viên tiếp tục trình bày vì không hợp ý của thầy .",0,1
oop khá phức tạp nên cần nhiều ví dụ .,0,1
phòng học thiếu loa .,0,2
"thầy wzjwz274 dạy cho hoàn thành việc dạy , không quan tâm những con người đang ngồi dưới lớp của thầy có hiểu hay không .",0,0
môn học cần đi vào thực tiễn để sinh viên có thể ứng dụng sau này .,0,1
nên bỏ thi code trên giấy .,0,1
thầy giảng thường cắt ngang mạch cảm hứng bằng những câu chuyện không liên quan nhiều đến bài học làm cho em thường cảm thấy buồn ngủ .,0,0
giảng viên rất tận tâm nhiệt tình .,2,0
em nghĩ các phòng máy của trường nên trang bị phần mềm sql tối thiểu là phiên bản 2008 .,0,2
hệ thống bài tập trên moodle còn sai sót .,0,0
cần nghe nhiều hơn .,0,1
không phát huy được hết khả năng của sinh viên .,0,1
"dạy nhanh , khó hiểu .",0,0
giảng viên thường lên lớp muộn .,0,0
nhiệt tình .,2,0
"thầy dạy rất nhiệt huyết , phương pháp dạy giúp sinh viên có thể nhớ rõ kiến thức .",2,0
đề cương môn học chưa rõ ràng .,0,1
giảng viên có lên lớp đầy đủ .,2,0
học kỳ này học phần của em không có giáo viên này giảng dạy .,0,1
hơi khắt khe .,0,0
"và não của con người không thích sự dễ dàng , nếu chỉ xử lý sự dễ dàng thì não khó có thể phát triển đến khả năng của nó .",1,3
"cô nhiệt tình , tận tâm hướng dẫn .",2,0
"dể gần , tạo tình cảm tốt .",2,0
giảng viên giải đáp các thắc mắc của sinh viên tận tình .,2,0
"giảng viên nhiệt tình , tâm huyết , giảng dạy dễ hiểu .",2,0
thoải mái nhiệt tình .,2,0
"giảng viên dạy quá chán , không thực tế .",0,0
"thầy nhiệt tình , truyền đạt tốt .",2,0
cần cho nhiều bài tập để sinh viên làm ở nhà .,0,0
bài giảng của thầy hay hấp dẫn lắm .,2,0
"giảng viên tận tâm , nhiệt tình giúp đỡ sinh viên .",2,0
"thầy tâm huyết , giảng dạy nhiệt tình .",2,0
"cô dạy rất tốt , dễ hiểu .",2,0
nội dung cần nguyên cứu cực kỳ nặng đối với một môn học .,0,1
sự thân thiện và tận tình .,2,3
có ít bài tập .,0,1
"cô tận tình với học sinh , nhưng còn thiếu cách truyền đạt một chút .",0,0
cô dạy dễ hiểu và tận tâm .,2,0
giảng dạy tận tình cho các sinh viên .,2,0
hoạt động giảng dạy của giáo viên khá tốt .,2,0
luôn giảng quyết các thắc mắc mà sinh viên gửi mail hỏi .,2,0
"giảng viên dạy rất chán , chỉ lên bảng viết vài chữ rất nhỏ và xấu rồi ngồi mà không hướng dẫn sinh viên thực hành .",0,0
"do đó , em kiến nghị thay đổi việc thực hành môn này , nếu không thể trang bị thiết bị mới thì nên đổi sang cho sinh viên thực hành tại nhà với phần mềm mô phỏng chứ không cần phải lên trường để điểm danh như học kỳ vừa qua .",0,1
riêng bản thân em nhận thấy mình có thể học môn này mà không tham gia học đầy đủ trên lớp .,1,3
cô rất nhiệt tình trong hoạt động giảng dạy .,2,0
được học tập theo nhóm .,2,1
"thầy dạy hay , nhất là các buổi có bài tập thì cuốn hút rất nhiều .",2,0
"trong buổi thực hành cuối cùng , giảng viên đến trễ khoảng hơn 25 phút .",0,0
thầy nên cho đề thi thực hành có độ khó cao hơn một chút .,0,0
dễ tiếp thu kiến thức .,2,0
ghi bài quá nhiều .,0,1
phần thực hành theo hình thức 2 sẽ hợp lý hơn .,0,1
"thời gian thầy giảng dạy ngắn , thường cho lớp về sớm .",0,0
giảng viên giảng bài rất chi tiết .,2,0
"giảng viên nhiệt tình , tận tâm với sinh viên .",2,0
"tận tâm , nhiệt tình giúp đỡ sinh viên .",2,0
"thầy hay đi trễ nhưng không nhiều , chỉ 15 phút mỗi ngày .",1,0
thầy hay nhăn nhó với sinh viên .,0,0
mong khoa wzjwz101 có lịch học lý thuyết và thực hành cụ thể trước khi sinh viên đăng ký học phần để tránh trường hợp trùng lịch dẫn đến sinh viên phải hủy một số môn do chỉnh sửa lịch .,0,1
"kỳ trước có học thầy , thầy nhiệt tình , nhưng chắc mới dạy nên chưa có kinh nghiệm truyền tải kiến thức để sinh viên hiểu dễ dàng .",2,0
giảm seminar tràn lan .,0,1
cô có cho nói chuyện với giảng viên nước ngoài !,2,0
cần cải thiện máy chiếu .,0,2
"thầy giảng bài kỹ , cho bài tập hay .",2,0
cô rất nhiệt tình giúp đỡ sinh viên .,2,0
giảng viên nên hướng dẫn thêm nhiều bài tập và tận dụng thời gian nhiều hơn vì môn này cần những bài tập mẫu để sinh viên dễ nắm kiến thức hơn .,0,0
cám ơn thầy .,1,0
đồ án mang tính thực tiễn .,2,0
"giảng viên nhiệt tình giảng dạy , chỉ bảo tận tình , chu đáo .",2,0
cô rất tận tâm và nhiệt huyết .,2,0
"dạy tốt , khả năng truyền đạt tốt giúp sinh viên dễ tiếp thu , phương pháp giảng dạy hiệu quả , nhiệt tình .",2,1
"luôn luôn giúp đỡ sinh viên , giảng dạy một cách có hiệu quả không gây nhàm chán cho sinh viên , hỗ trợ sinh viên học tập tốt , quan tâm chỉ dạy cho sinh viên .",2,0
phương pháp truyền đạt kiến thức khó tiếp thu .,0,0
thầy giáo nhiệt tình .,2,0
nhiệt tình chỉ dạy sinh viên trên lớp và trên trang moodle .,2,0
giáo viên cần đưa ra nhiều ví dụ để sinh viên tự giải và có điểm cộng cho sinh viên có đáp án đúng .,0,0
"thầy hiền , vui tính , giảng rất hay , cách dạy thầy bắt học sinh làm nhiều bài tập rất quan trọng .",2,0
"thầy khá tận tâm , vui tính .",2,0
"cho chép bài quá nhiều , không triển khai slide bài giảng trên moodle .",0,0
làm việc nhóm hiệu quả .,2,0
truyên đạt tốt .,2,0
tất cả các hoạt động .,1,3
"thầy dạy dễ hiểu , hay cung cấp thêm kiến thức bên ngoài hữu ích cho sinh viên .",2,0
"trình độ chuẩn tiếng anh của giảng viên đại học thực sự còn thua một giáo viên cấp 3 , phát âm sai khiến sinh viên sử dụng để giao tiếp sai !",0,0
"truyền đạt dễ hiểu , ví dụ minh họa thực tế , tạo hứng thú khi tham gia môn học .",2,0
bình thường với giáo viên .,1,3
giảng viên nên nói chậm lại vì quá nhanh sinh viên không nghe được và không theo kịp .,0,0
giảng viên không bao giờ nghỉ buổi nào .,2,0
"thầy ít khi giảng bài , thường để sinh viên tự xem tài liệu là chủ yếu .",0,0
giải bài tập đầy đủ .,2,0
thầy nhiệt tình trả lời câu hỏi của sinh viên đặt ra .,2,0
chương trình giảng dạy .,1,0
làm nhiều bài tập hơn nữa .,0,0
"nhiều khía cạnh thầy giải thích khá trừu tượng , khó hiểu .",0,0
thường đi trễ .,0,0
giảng viên không đảm bảo giờ lên lớp doubledot số buổi bù ít hơn số buổi nghỉ .,0,0
tận tình và giảng chi tiết !,2,0
chấm quá gắt .,0,0
mong sao thầy dạy tận tâm với công việc hơn chứ thế này em không biết những sinh viên năm nhất tiếp theo sẽ như thế nào nếu thầy tiếp tục như vậy mong thầy quan tâm đến việc dạy học hơn .,0,0
bài tập về nhà khá khó .,0,1
môn học cần có một lượng bài tập lớn và người học muốn hiểu được vấn đề thì cần làm nhiều bài tập vì thế môn học cần có thời gian làm bài tập sau mỗi phần để có thể ôn lại những gì đã học trong các tuần trước .,0,1
chất lượng môn học vậy đã đầy đủ .,2,1
"thầy dạy hơi lan man , diễn đạt không tốt ạ .",0,0
thầy giảng rất dễ hiểu và dễ tiếp thu bài .,2,0
lớp wzjwz1 nên được học ở phòng máy tốt hơn chút xíu được không ạ .,0,2
đề nghị bỏ phần thi lý thuyết cuối kỳ .,0,1
"thầy wzjwz182 dạy rất hay , rất dễ hiểu .",2,0
"thầy dạy nhiệt tình , rất hài lòng .",2,0
"cô dạy hay , tận tình với học sinh .",2,0
có liên hệ thực tiễn và lấy ví dụ minh họa .,2,0
cần thêm tiết học thực hành .,0,1
chương trình giảng dạy tốt .,2,1
"viết bài nhiều quá , nên đưa bài dạy lên hệ thống moodle .",0,0
"thầy dạy tận tâm , giúp đỡ sinh viên hết sức .",2,0
cần nâng cao chất lượng phòng máy .,0,2
thầy hay tính toán sai lặt vặt làm khó theo dõi bài giải .,0,0
em nghĩ thầy sẽ giúp chúng em học tốt hơn nếu có thêm nhiều bài tập .,0,0
"chia nhóm , ra những đồ án , bài tập nhóm để nâng cao kiến thức cũng như khả năng làm việc tập thể .",2,0
gần cuối kỳ giảng viên mới đưa ra đề tài làm đồ án gây khó khăn cho sinh viên .,0,0
"dễ hiểu , vui tính .",2,0
tận tình quan tâm học sinh .,2,0
theo em thấy thầy nên dạy theo đúng chương trình .,0,0
"giảng dạy nhiệt tình , dễ hiểu .",2,0
kiến thức của giáo viên rất tốt !,2,1
cần giảng kỹ hơn cho sinh viên hiểu bài và có kết hợp với nhiều ví dụ minh họa thực tế .,0,0
"thực hành đa dạng , giúp sinh viên hiểu rõ vấn đề .",2,1
"môn học cần có chút thay đổi về kiểm tra , phần thực hành cần được quan tâm và cần được hỗ trợ hoặc học sau khi đã học được lý thuyết để có nền tảng và cơ sở để thầy cô hướng dẫn sinh viên tốt hơn .",0,1
giáo viên giảng dạy nhiệt tình .,2,0
"tận tình , vui tính colonlove .",2,0
học buổi sáng .,1,1
dạy rất hài lòng .,2,3
thầy rất nhiệt tình và cố gắng truyền đạt hết mức có thể .,2,0
cô dạy hay nhưng hơi nhanh .,1,0
"vui tính , gần gũi sinh viên , giảng khá hay .",2,0
"cô rất có tâm , tạo điều kiện cho sinh viên tham khảo .",2,0
"giảng viên dạy nhiệt tình , tận tâm , đảm bảo nội dung dạy .",2,0
tài liệu cho môn học còn hạn chế .,0,1
có mấy môn em học và làm mấy bài lab xong rồi cũng chả hiểu được cái gì cả .,0,0
giảng viên cần tạo sinh động trong giờ giảng .,0,0
cần nhiều tài liệu hơn nữa .,0,3
sử dụng slide tiếng anh khó diễn đạt với sinh viên .,0,0
"thầy giảng dạy và hướng dẫn nhiệt tình , tận tâm nội dung thầy giảng không chỉ áp dụng cho học tập hiện tại mà còn cho tương lai công việc sau này .",2,0
"giảng viên thường dạy quá giờ ( khoảng 30 phút ) , ảnh hưởng đến tiết học tiếp theo của sinh viên .",0,0
"nhiệt tình giúp sinh viên tìm phương pháp học tập đúng đắn , cho nhiều bài tập .",2,0
nhiều bạn bị kéo điểm nặng nề .,0,1
"hoặc đưa ra những kỹ năng chuyên môn cần phải biết để làm việc trong ngành vì ngành công nghệ thông tin rất rộng ví dụ làm về mảng web thì cần biết php , html , cs , js hay làm về hệ thống nhúng thì cần c .",0,1
giảng viên nhiệt tình .,2,0
em không có ý kiến về vấn đề này .,1,3
lịch học trùng .,0,1
thầy dạy tốt và đảm bảo chất lượng .,2,0
em nghĩ môn này nên mở lớp thực hành để được hướng dẫn cài đặt các thuật toán .,0,1
chúc thầy nhiều sức khỏe .,2,0
thầy hướng dẫn tụi em rất tận tình .,2,0
"giảng viên cung cấp các slide , các module phục vụ việc học tập rất chu đáo .",2,0
để sinh viên bắt kịp với tốc độ phát triển của ngành .,0,1
"vui vẻ , có trách nhiệm .",2,0
"đi dạy đúng giờ , chất lượng giảng dạy tốt .",2,0
thầy thường xuyên liên hệ với thực tiễn .,2,0
slide đẹp .,2,1
"lúc cho phép sửa điểm thì không thông báo giờ cụ thể chỉ nói "" buổi tối "" .",0,0
ít dạy ngữ pháp .,0,0
dạy tận tình .,2,0
"thầy wzjwz137 dạy rất hay , chi tiết , nhiệt tình và dễ hiểu .",2,0
sử dụng kiến thức có tính thực tiễn cao hơn kiến thức có thể áp dụng vào trong thực tiễn .,0,1
"giảng viên dạy nhiệt tình và có tâm , đến lớp đầy đủ cung cấp đầy đủ tài liệu tham khảo cho sinh viên .",2,0
đôi khi hơi buồn ngủ .,0,0
"quá ô nhiễm tiếng ồn , mệt mỏi và chán học !",0,2
tài liệu giảng viên cung cấp đầy đủ .,2,1
thầy wzjwz269 không chỉ dạy em kiến thức chuyên môn mà còn cả tầm nhìn bên ngoài xã hội .,2,0
"lâu lâu thầy giảng cao siêu quá , tụi em chả hiểu gì .",0,0
"giáo viên luôn tạo điều kiện cho sinh viên luyện nói tiếng anh tại lớp , giải thích về bài học , ngữ pháp , từ mới vào đầu giờ .",2,0
"dạy dễ hiểu , tận tâm , nhiệt tình .",2,0
nội dung học quá ít .,0,1
thầy dạy tận tâm hết mình .,2,0
"slide hình như được thực hiện bằng google translate , đọc không thể hiểu được là trong đó viết gì .",0,1
"cô giảng dạy tận tình , nhiệt huyết .",2,0
"thầy wzjwz27 cần giảng bài rõ ràng hơn , khi giảng cần nói to hoặc dùng micro để mọi người trong lớp cùng nghe cũng như chú ý đến bài giảng .",0,0
"giáo viên dạy hết sức nhiệt tình , tạo được động lực để học sinh học tập .",2,0
hơi nhanh .,0,0
"sau các lần nộp bài tập và sửa bài nên cung cấp bài giải đúng , chuẩn xác để cải thiện việc học của sinh viên .",2,1
giảng viên cần có những nhấn mạnh trong bài học .,0,0
đủ những gì cần học không dài dòng .,2,1
ngoài ra còn rất rất nhiều mặt tốt mà không thể kể hết .,2,3
thái độ của giảng viên là hoàn toàn không chấp nhận được .,0,0
cô viết hướng dẫn còn sơ sài quá .,0,0
đó là sự nhiệt tình của giảng viên .,2,0
cô hỗ trợ sinh viên khá nhiều .,2,1
thầy cho nghỉ không báo trước .,0,0
"đề mở , giảng viên nhiệt tình .",2,0
sự tận tình giảng dạy tận tình .,2,0
"cách giảng dạy rất hay , hấp dẫn và dễ hiểu .",2,0
cô nhiệt tình và tâm huyết trong việc dạy học .,2,0
giảng viên cần phối hợp ăn ý với giảng viên lý thuyết hơn .,0,0
"nên gửi thêm nhiều kiến thức , tài liệu , bài tập hơn lên hệ thống môn học .",0,0
"tận tâm , nhiệt tình , sử dụng giờ hiệu quả .",2,0
"giáo trình tiếng anh của thầy có nhiều chỗ khó hiểu , khó tiếp thu .",0,0
thầy cô dạy tốt .,2,0
một số môn giảng viên hiếm khi thấy dạy vì nghỉ nhiều .,0,0
cô dạy môn wzjwz121 học kỳ này không phải cô wzjwz122 dạy hay .,0,0
cần tăng thời lượng thực hành vì đây là môn mà thực hành mang tính quan trọng đối với sinh viên .,0,1
"dạy nhiệt tình , mở rộng kiến thức cho sinh viên , làm bài tập nhiều .",2,0
"giáo viên ngoài việc dạy kiến thức chuyên ngành , còn chia sẻ những kinh nghiệm thực tế của giảng viên rất bổ ích .",2,0
giáo viên dễ hiểu .,2,0
"sự thân thiện , cởi mở và nhiệt tình .",2,3
nên ưu tiên về cơ sở vật chất cho chất lượng cao đúng như trường đã nói .,0,2
cách chấm bài thi tự luận của thầy không khác gì máy chấm .,0,0
hoạt động nhóm của cô hiệu quả .,2,0
hướng dẫn cụ thể .,2,0
"giảng viên nhiệt tình , dễ hiểu .",2,0
tuy nhiên vẫn còn một vài chỗ hơi khó tiếp thu .,0,1
"thầy thân thiện , lắng nghe sinh viên .",2,0
"giảng viên nên thay đổi hình thức dạy , hiểu sinh viên hơn .",0,0
"thứ nhất , phần thực hành phần đồ án doubledot thường là phần cài đặt một chương trình trên máy dựa theo phần lý thuyết đã học được thường được công bố khá trễ , thường là vào khoảng một tháng cuối cùng của học kỳ , sau khi thi lý thuyết cuối kỳ xong .",0,1
"và cũng có rất nhiều lần , khi sinh viên nghỉ học các môn học vào thứ 7 để đi học môn này thì giảng viên lại tự ý nghỉ mà không thông báo .",0,0
"tận tâm , vui tính .",2,0
"thực sự thì giảng viên này không dạy lớp em , nên những đánh giá em chọn mặc định mức độ 3 .",1,3
"cô dễ thương gần gũi với học sinh , truyền đạt kiến thức tốt , dạy dễ tiếp thu .",2,0
thầy cung cấp tài liệu đầy đủ .,2,0
"đảm bảo giờ học , tiết học , nội dung .",2,1
"cô dạy rất hay và dễ hiểu , đặc biệt rất nhiệt tình trong giảng dạy và quan tâm tới sinh viên .",2,0
cần có thêm bài tập về ngữ pháp .,0,1
tự bỏ công sức để chuẩn bị các hoạt động trên lớp cũng như tự mình chi cho các hoạt động nhằm nâng cao khả năng học tiếng anh của sinh viên đặc biệt là những sinh viên trong nhóm extensive reading của cô .,2,0
"trong các tiết học , cô đều sử dụng tiếng anh để giao tiếp và hướng sinh viên tham gia các câu lạc bộ .",2,0
"giảng viên thoải mái , tạo cảm giác không gò bó trong học tập .",2,0
"giảng viên nhiệt tình , truyền đạt nhiều kiến thức thực tế .",2,0
các ví dụ đều có liên hệ đến bài tập .,2,1
sắp xếp thời gian học không trùng với các môn học khác .,0,1
tận tình dễ hiểu .,2,0
"giảng viên rất có phong cách dạy học và truyền đạt , tạo đam mê để sinh viên tự tìm hiểu sâu về môn học .",2,0
môn học cần có thêm một số kiến thức hoặc các cách khác để giải quyết các bài toán khó .,0,1
nhiều lúc thầy nói nhanh quá nghe không kiệp .,0,0
"giáo viên dạy tân tâm , nhiệt tình , dễ hiểu .",2,0
do môn học không tính điểm thực hành và cũng không phải nộp bài tập nên theo ý kiến chủ quan của riêng em thì thực hành hình thứ 1 dường như chưa thật sự hợp lý .,0,1
có tương tác với học sinh .,1,0
thầy có hướng dẫn cho sinh viên tốt .,2,0
thầy wzjwz277 vui tính .,2,0
"giảng viên nhiệt tình , giảng dạy tốt .",2,0
một số buổi dạy của giảng viên không hiệu quả về giờ giấc .,0,0
giảng viên đảm bảo thời gian lên lớp và khối lượng kiến thức trong mỗi buổi học .,2,0
"chia nhỏ bài tập về nhà để cộng điểm cho sinh viên , vừa giúp sinh viên làm và hiểu nhuần nhuyễn và tránh tình trạng rớt đồng loạt .",0,1
và cho bài tập và kiểm tra bài tập ở tuần dạy tiếp theo .,2,1
giảng viên nên xem lại cách cho bài tập về nhà .,0,0
"nhiệt tình , tận tâm , giảng dễ hiểu , nghiêm túc , đúng giờ .",2,0
"nên cải thiện cơ sở vật chất và thiết bị dạy học , phòng máy chiếu mờ khó theo dõi .",0,2
"giảng viên đánh giá đúng , công bằng kết quả học tập .",2,0
sữa lỗi cho sinh viên .,2,0
em thấy nên bỏ môn học này .,0,1
"thầy cần soạn trước slile rồi gửi cho sinh viên để sinh viên có thể ở nhà đọc trước bài , để lên lớp có thể dễ hiểu hơn , kết hợp chiếu slile với viết bảng sẽ đỡ tốn thời gian và hiệu quả học tập sẽ cao hơn .",0,0
thầy không dạy gì khi đến lớp .,0,0
"nên thực hành nhiều hơn lý thuyết , đảm bảo chất lượng sinh viên sẽ tốt .",0,1
cô chủ đọng nhắc nhở các bạn học tập và ai có thắc mắc cô giải đáp hết .,2,0
có nhiều chỗ thầy nghĩ tụi em biết nên khi hỏi lại thầy thì thầy hơi cau mày .,0,1
"giảng viên nhiệt tình , tận tâm với sinh viên và rất vui tính .",2,0
giảng dạy quá nhanh .,0,0
ra bài tập rất hay .,2,0
giáo viên dạy nhiệt tình tâm huyết .,2,0
thầy hay vắng .,0,0
thầy nên dạy thực hành một cách kỹ lưỡng hơn cho sinh viên hiểu và thực hiện .,0,0
giảng viên rất tận tâm trong việc truyền đạt nội dung môn học .,2,0
giáo viên năng nổ nhiệt tình dễ thương cho làm nhiều bài tập vận dụng hay .,2,0
"thầy thường xuyên truyền đạt kỹ năng cần thiết và thiết thực , xây dựng được sự chủ động học tập của sinh viên .",2,0
nhiệt tình trả lời câu hỏi khi sinh viên phát biểu .,2,0
"thầy giảng dễ hiểu , tận tâm với học sinh .",2,0
"thầy đi dạy không đúng giờ , toàn bắt sinh viên chờ từ 30 phút đến 1 tiếng .",0,0
"thầy vui tính và dạy rất nhiệt tình , rất quan tâm tới sinh viên đặc biệt là sinh viên nữ .",2,0
thầy rất tuyệt thầy dạy rất dễ hiểu .,2,0
thấy dạy rất tốt .,2,0
dù biết là giảng viên muốn tốt cho tụi em nhưng giảng viên cứ tự đổi giờ lên lớp như thế thì em không đồng tình lắm ạ .,0,0
giáo trình không phù hợp với sinh viên .,0,1
"cô thân thiện , trẻ trung .",2,0
thầy hài hước vui vẻ .,2,0
"cô dạy nhanh quá , khó hiểu dẫn đến chán nản .",2,0
tăng thời gian lên lớp .,0,1
cách giảng bài chi tiết vừa đủ và dễ hiểu .,2,0
"đồ án môn học mới lạ , hấp dẫn , mang tính thách thức và ứng dụng cao .",2,1
cần nhiều bài tập hơn .,0,0
cô giảng hay dễ hiểu .,2,0
không dạy thật sự .,0,0
"giáo viên trẻ , thân thiện , nhiệt tình .",2,0
"giảng viên rất nhiệt tình , hướng dẫn chi tiết các kiến thức .",2,0
giảng viên nhiệt tình hướng dẫn sinh viên .,2,0
nên hướng dẫn thêm nhiều tài liệu để sinh viên được chủ động hơn trong học tập .,0,0
thầy dạy rất chán .,0,0
"thầy giáo rất nhiệt tình trong việc hỗ trợ sinh viên , giúp sinh viên hiểu ra được các khuyết điểm đồ án học tập của các nhóm .",2,0
silde cần làm bằng tiếng việt vì không phải trong lớp ai cũng giỏi tiếng anh để hiểu .,0,1
"môn học có nhiều kiến thức khó , giảng viên truyền đạt kiến thức chưa hoàn toàn hiệu quả .",0,0
"giảng nhanh , không kỹ .",0,0
cho nhiều bài tập để nắm kiến thức sau khi học lý thuyết .,2,0
khả năng truyền đạt chưa được tốt .,0,0
"cơ sở vật chất không đảm bảo chất lượng , nhiều khi thầy đang nói mà micro bị hư .",0,2
"thầy nên sử dụng moodle và có cách thông báo rõ ràng , dễ cập nhật hơn .",0,0
tận tâm giảng dạy .,2,0
"nhưng thầy ơi , thầy giảng bài một mạch liền , khiến nhiều sinh viên rất buồn ngủ .",0,0
"giảng viên tận tâm , giúp sinh viên hoàn thiện kỹ năng bản thân .",2,0
"giảng viên giảng dạy nhiệt tình , truyền đạt tốt .",2,0
"thầy có dạy những kiến thức , kinh nghiệm có tính áp dụng lâu dài .",2,0
giảng viên hay đặt vấn đề để sinh viên suy nghĩ .,2,0
được rèn luyện kỹ năng giao tiếp tiếng anh cũng như cách tự học tốt ở nhà .,2,0
"thầy dạy tốt , dễ tiếp thu và có chất lượng tuyệt .",2,0
"quản lý thời gian thực hành chưa hợp lý , tiết thực hành hơi nhàm chán .",0,0
"hướng dẫn , giải đáp thắc mắc tận tình .",2,0
chất lượng mạng trong phòng máy mạnh nhưng chấy lượng máy kém .,0,2
"thầy dạy rất nhiệt huyết , tận tâm .",2,0
"môn java này là môn quan trọng , là nền để phát triền các ngôn ngữ , môn học sau này , nhưng sau học kỳ học môn java ở lớp này thì 80% sinh viên phải tự vò đầu tìm hiểu , tự google lấy kiến thức , không được nhận bất cứ sự giúp đỡ hướng dẫn gì từ giảng viên .",0,0
giáo viên chưa đến lớp đúng giờ .,0,0
"giáo viên sử dụng ngôn ngữ anh rất tốt , dễ hiểu , gây cuốn hút người nghe .",2,0
"thầy truyền đạt kiến thức hiệu quả , sử dụng thời gian học hợp lý và hiệu quả .",2,0
"tiếng anh lại không chuẩn mà cứ nói ngập ngừng suốt buổi , không thấy một câu tiếng việt ( ví dụ doubledot "" các em hiểu không ? "" ) .",0,0
sự nhiệt tình giải đáp mọi thắc mắc của sinh viên .,2,0
dạy khó hiểu và lên lớp muộn .,0,0
cám ơn thầy fraction cô đã đọc một bài dài thế này .,1,3
"cần có thêm lớp training cho các bạn yếu , mất căn bản .",0,1
"nhưng kiến thức quá nhiều , rộng , truyền tải trong một thời gian ngắn nên khó nắm bắt được hết .",0,0
thầy nên hạn chế cho chép .,0,0
rất hài lòng về giảng viên wzjwz321 .,2,0
cô dạy nhanh .,0,0
phòng thí nghiệm môn này cần được nâng cấp và mở rộng .,0,2
khả năng truyền đạt chưa gây được sự thu hút .,0,0
thầy dạy hay và tốt .,2,0
bị áp lực .,0,3
"khả năng truyền đạt kiến thức cao , thường hay gọi lên bảng để kiểm tra năng lực sinh viên .",2,0
thầy luôn quan tâm giúp đỡ sinh viên .,2,0
lên lớp đúng giờ .,2,0
"nhiệt tình , phương pháp giảng dạy hiệu quả , cách truyền đạt dễ hiểu dễ tiếp thu .",2,0
em xin có ý kiến doubledot giảng viên lý thuyết dạy chậm hơn so với giảng viên thực hành rất nhiều !,0,0
lý thuyết quá nhiều không tập trung chủ yếu .,0,0
cần phải có liên hệ thực tiễn trong quá trình giảng dạy để tạo sự ham thích cho người học .,0,0
khi sinh viên đề nghị thầy mở lại cách ra deadline thì thầy bảo không được và cứ giữ nguyên thể thức như vậy .,0,0
"cần đi sâu vào thực tế , khi dạy còn chung chung khó hiểu được .",0,1
"thầy dạy dễ hiểu , sát với thực tế .",2,0
giảng bài cảm thấy hơi buồn ngủ .,0,0
dạy chậm hơn tiết thực hành .,0,0
hài lòng hoàn toàn .,2,3
cảm ơn .,1,3
thầy dạy hay và dễ hiểu .,2,0
"giảng viên dạy nhiệt tình , tâm huyết dễ hiểu !",2,0
"phòng lab còn chạy visual studio 2008 , không biết viết code kiểu gì lên đó nữa , đây cũng là cái ảnh hưởng tới kết quả thi thực hành của nhiều sinh viên quen sử dụng với chuẩn visual studio 2015 .",0,2
phòng học còn nóng .,0,2
"thầy cho bài tập luyện tập rất nhiều , thích hợp cho việc ôn tập lại kiến thức .",2,0
phân chia thời gian báo cáo chưa hợp lý .,0,0
"giảng viên nhiệt tình , vui vẻ , luôn giúp đỡ cho sinh viên hoàn thành tốt nhất bài báo cáo .",2,0
gây khó khăn khi tìm thông tin làm bài tập và nộp bài tập trên moodle .,0,1
nâng cấp máy tính .,1,2
thầy rất chú tâm .,2,0
thầy cho bài tập để làm mà không cho đáp án để sinh viên biết được mình giải đúng hay sai .,0,0
nên bọn em khó có thể gặp được giảng viên .,0,0
nội dung giảng dạy rất là lý thuyết và thiếu phần bài tập để ứng dụng và nhớ bài hơn .,0,0
"thầy giảng rất dễ hiểu , tâm huyết với buổi học .",2,0
"mặc dù môn này là em học lần hai nhưng kết quả đang tồi tệ hơn , không thể theo kịp .",0,1
giảng bài đầy đủ .,2,0
"các hoạt động trong tiết học đa dạng , không gò bó , cứng nhắc gây nhàm chán mà giúp cho sinh viên cảm thấy thoải mái và sáng tạo trong học tập .",2,1
nhưng nhiều phần em không biết học rồi có áp dụng hay không .,0,1
thông báo những buổi seminar và báo cáo phải chính xác để dễ dàng cho cả sinh viên lẫn giáo viên .,0,1
"thầy hơi nghiêm khắc , nhưng dạy dễ hiểu .",2,0
"thầy rất tận tình , nhưng hay vắng .",0,0
"giảng viên có trình độ chuyên môn tốt , hướng dẫn chi tiết , dễ hiểu .",2,0
"cho làm nhiều bài tập hữu ích , giảng cặn kẽ .",2,0
"tạo hứng thú trong học tập , đơn giản , hiệu quả .",2,0
thầy giáo dạy nhiệt tình giúp tiếp cận kiến thức tốt .,2,0
hình thức thực hành 2 dường như không có tác dụng với sinh viên .,0,1
"giảng viên dạy nhiệt tình , vui tính , hài hước , dạy tốt , dễ nghe dễ hiểu .",2,0
tăng hiệu suất máy tính .,1,2
thầy rất nhiệt tình và tận tâm .,2,0
tốt nhất nên cho ví dụ tổng quan .,0,1
có nhiều hoạt động giúp sinh viên nâng cao kỹ năng .,2,0
"thân thiện , hòa đồng , giảng dạy có kỹ lưỡng .",2,0
thầy rất có tâm trong việc tạo áp lực giúp sinh viên học nhiều hơn và thực hành nhiều hơn .,2,0
"thầy chỉ nên sử dụng facebook làm kênh thông tin song hành , chứ không nên như hiện nay , có rất nhiều thông báo thầy chỉ thông báo trên facebook cá nhân , mà không hề thông báo trên website môn học .",0,0
"giờ giảng dạy của thầy đa số là thầy đọc , giọng nói thầy đều đều làm đa số mọi người rất buồn ngủ .",0,0
mặc dù môn này đã được nghe thầy nói được dạy lần đầu cho khóa 3 .,1,0
"thầy dạy không để ý xem sinh viên có nhận thức được hay không , chỉ dạy cho hết bài rôi về .",0,0
rất hay khuyến khích tinh thần học tập .,2,0
"là một môn học về kỹ năng , cu thể là kỹ năng mềm nên có nhiều hơn những bài học kết hợp các kỹ năng hỗ trợ khác khi học môn này như kỹ năng giao tiếp nguyên lý và kinh nghiệm thuyết trình , cách đọc tài liệu ngoại ngữ chuyên ngành , các tra cứu thông tin hiệu quả .",0,1
lắng nghe ý kiến của sinh viên trong quá trình học .,2,0
"giảng viên rất nhiệt tình giảng dạy , rất sẵn lòng giải đáp thắc mắc của sinh viên .",2,0
"cô vui vẻ , hay quan tâm sinh viên .",2,1
rất quan tâm học viên .,2,0
"thầy rất nhiệt tình , em rất hài lòng về cách giảng dạy cũng như các tài liệu , nội dung thầy cung cấp .",2,0
"thầy vui tính , cởi mở .",2,0
"giảng viên hướng dẫn rõ ràng , đầy đủ .",2,0
"bài tập quá khó hiểu , quá lan man , chỉ có một vài bài là hợp lý nhưng cũng khó làm .",0,1
"thầy cung cấp tài liệu học tập rất đầy đủ , chi tiết .",2,0
môn học hay và hấp dẫn .,2,1
mong cô dạy thêm về ngữ pháp .,0,0
"kỳ sau em có học một môn của chị nữa đó , nhớ giúp em qua môn nha chị .",2,0
giảng viên nên nhiệt tình hơn !,0,0
cô dạy nhiệt tình dễ hiểu .,2,0
nếu cho được điểm 11 thì em cũng cho luôn .,2,3
"ngoài kiến thức lý thuyết tụi em đã học , thầy còn cung cấp thêm cho chúng em thêm nhiều kiến thức mới nữa .",2,0
nhìn chung thầy dạy tốt .,2,0
"thầy dạy tâm huyết , giỏi , truyền đạt được cảm hứng học tập và nghiên cứu cho sinh viên .",2,0
"lớp lý thuyết chủ yếu dạy về các công nghệ mới , những sáng tạo trong công nghệ trên thế giới cũng như trong lĩnh vực di động , rất ít kiến thức về lập trình để tôi có thể hiểu về lập trình trên thiết bị di động cũng như việc làm bài tập ở lớp thực hành và đồ án môn học .",0,1
giảng viên cần cung cấp cho học viên tài liệu lý thuyết rõ ràng .,2,0
"ngoài kiến thức anh văn được cải thiện hiệu quả , sinh viên còn học được rất nhiều kỹ năng mềm khác .",2,1
"giảng viên chấm điểm công bằng , chính xác .",2,0
"giảng viên tích cực tiếp thu ý kiến sinh viên về kiến thức và cách giảng dạy , mong thầy thành công .",2,0
"thân thiện , tận tâm .",2,0
"giảng dạy dễ hiểu , giờ học vui .",2,0
tốn thời gian .,0,3
"có sự tương tác tốt , rèn được kỹ năng nghe , nói tiếng anh .",2,0
"thầy dạy hay , hướng dẫn cụ thể .",2,0
"đề nghị những bài khó giảng viên cần giảng kỹ , dễ hiểu cho cả lớp .",0,0
"thầy giảng viên ít viết chương trình trên lớp , thường copy code rồi demo cho sinh viên .",0,0
cô nên dạy nội dung khó hơn cho lớp sau .,0,0
"sự nhiệt tình , quan tâm , lắng nghe .",2,0
"lúc đầu vào học thì chưa tập trung nội dung học , mất thời gian nhưng về sau đã tập trung việc học hơn .",0,1
cô giáo tận tình .,2,0
"thầy rất nhiệt tình , hướng dẫn thực hành kỹ càng .",2,0
"lập trình hướng đối tượng nói riêng và tất cả các môn liên quan đến lập trình nói chung theo em nên được cập nhật tài liệu thường xuyên , đặc biệt là các phần mềm trong các phòng lab để tránh tình trạng các tài liệu và phần mềm hỗ trợ học tập lỗi thời và gây khó khăn cho việc giảng dạy và học tập .",0,2
"thầy nói nghe không rõ , truyền đạt khó hiểu , không tạo hứng thú cho sinh viên .",0,0
"giảng dạy tốt , đưa ra nhiều vấn đề cho sinh viên tham khảo .",2,0
cung cấp nhiều tài liệu tham khảo .,2,0
"giảng viên nhiệt tình , giảng dạy dễ hiểu , thu hút .",2,0
khó tiếp thu được kiến thức cô truyền đạt .,0,0
cô rất nhiệt tình với lớp .,2,0
"nên cho sinh viên làm nhiều bài tập , từ đơn giản đến phức tạp để hiểu hết môn học .",0,1
có chút không hiểu bài .,0,0
"cần trang bị máy nghe tốt hơn , có nhiều máy nghe đã xuống cấp .",0,2
"giáo viên giảng dạy rất nhiệt tình , bài giảng dễ hiểu .",2,0
không nêu thông tin rõ ràng thời gian báo cáo .,0,1
cô dung dậy nhiệt tình dễ hiểu .,2,0
"nhiệt tình , dễ hiểu .",2,0
những bài tập về nhà khó em hy vọng thầy có bài sửa mẫu chi tiết cho cả lớp giúp chúng em rút kinh nghiệm ạ .,0,0
"hiền , dễ thương , cười tươi .",2,0
"cô rất nhiệt tình , giảng cụ thể .",2,0
"tiết dạy sinh động , lôi cuốn .",2,0
"dạy không nhiệt tình , tài liệu ít .",0,0
"thầy rất nhiệt tình , kiến thức uyên bác , chuyên sâu .",2,0
cách thức giảng dạy chưa phù hợp lắm với sinh viên có học lực chưa tốt .,0,0
"thầy dạy nhiệt tình , rất dễ hiểu .",2,0
cô là giáo viên có tâm và nhiệt huyết nhất em từng gặp .,2,0
"sinh viên hiểu bài rất dễ dàng , chỗ nào không hiểu là giảng viên tận tâm giảng lại ngay , thường xuyên tạo cuộc tranh luận trong giờ học để giúp sinh viên tăng cường tranh luận , trao đổi giúp bài học trở nên phong phú và dễ hiểu hơn .",2,0
"cô cho rất nhiều bài tập trên hệ thống moodle , giảng dạy rất lý thú , vui vẻ .",2,0
"phân chia nhóm hợp lý , theo sát quá trình thực hành của sinh viên .",2,0
"giảng viên dạy rất hay , nhiệt tình .",2,0
"giáo viên tận tình , dạy hay , dễ tiếp thu .",2,0
rất mong thầy sẽ tiếp tục giảng dạy các khoá sau .,2,0
cô cho tan lớp hơi trễ do cô mê dạy quá .,0,0
"thầy tận tâm , nhiệt tình chia sẻ kiến thức , kỹ năng .",2,0
chưa thu hút được sinh viên .,0,0
"em cảm thấy trên lớp học cô chỉ chú trọng vô listening là chính mà bỏ qua các phần khác , grammar chỉ dạy được có một bài , không có hoạt động speaking .",0,1
cần trang bị phòng thực hành phù hợp với đặc thù môn học .,0,2
kiến thức học luôn được liên hệ với thực tế .,2,1
cải thiện trang thiết bị .,0,2
"giảng viên tận tâm , hướng dẫn cách sinh viên học tập một cách chủ động .",2,0
"giảng viên nhiệt tình , chỉ dẫn tận tình , chi tiết bài học , đưa ra các ví dụ cụ thể , chi tiết thực tế vào bài học giúp sinh viên hiểu bài hơn .",2,0
"sinh viền cần có tài liệu của các bài thực hành trước để nghiên cứu , việc lên thực hành mới được cung cấp tài liệu buổi thực hành chỉ mang lại điểm số , không giúp sinh viên có được kiến thức .",0,1
"giáo viên hướng dẫn tận tình , cung cấp đầy đủ kiến thức căn bản bộ môn .",2,0
"do phòng học khá đông và máy chiếu không rõ , nên việc giảng viên sử dụng các đoạn code trong ide để minh họa gây khó khăn cho các sinh viên ngồi xa và hoặc mắt kém .",0,2
thầy wzjwz307 dạy giỏi từ xưa đến giờ .,2,0
nghiêm túc trong quá trình giảng dạy .,2,0
"cô dạy rất nhiệt tình , tận tâm , và cách dạy rất dễ hiểu .",2,0
giáo viên giảng bài hay .,2,0
"thầy rất nhiệt tình , giảng chi tiết .",2,0
truyền đạt kiến thức rất tốt và tạo hứng thú cho học sinh .,2,0
bình thường với giảng viên .,1,3
"cô giảng tương đối dễ hiểu , có nhiều bài tập minh họa , áp dụng sau khi học lý thuyết .",2,0
cho rất nhiều ví dụ và bài tập mà thông qua đó làm sinh viên dễ tiếp thu bài .,2,0
"cải thiện máy chiếu , phòng thực hành .",0,2
giáo viên vui tính .,2,0
cần tăng số buổi thực hành lên vì quá ít .,0,1
cần đề cương môn học rõ ràng .,0,1
giảng viên nhiệt tình trong quá trình giảng dạy và hướng dẫn sinh viên .,2,0
dù đã xem trước bài khi lên lớp nhưng nó quá xa lạ đối với em .,0,3
"thầy rất nhiệt tình , giảng dễ hiểu , có rất nhiều trò chơi trong giờ học giúp sinh viên hiểu , củng cố lại bài và không bị nhàm chán ( ai là nghìn phú , rung chuông vàng , dot ) .",2,0
không có file hướng dẫn giải bài tập ( chỉ có hướng dẫn giải các bài cơ bản trên lớp ) .,0,0
nhiều lúc hỏi bài sợ thầy la .,0,0
"cô rất nhiệt tình trong quá trình giảng dạy , luôn khuyên nhủ sinh viên học bài và làm bài tập .",2,0
"giải đáp các thắc mắc của sinh viên , hướng dẫn , theo dõi và giám sát sinh viên trong lúc thực hành .",2,1
"giảng dạy tận tâm , nhiệt tình .",2,0
nhà trường cần cài đặt các chương trình học mới nhất để sinh viên làm quen .,0,1
"giáo viên nhiệt tình , tận tâm .",2,0
cách trình bày nội dung của môn học chưa cập nhật mới .,0,1
"dạy không lan man mà cần tập trung những vấn đề quan trọng , hệ thống kiến thức cho sinh viên nắm kỹ và làm bài tập nhuần nhuyễn hơn , cho bài tập nhưng cần phải sửa bài !",0,0
ít bài tập hay .,0,1
mong học kỳ sau sẽ sớm có phòng thí nghiệm cho môn này .,0,2
hi vọng cô có thể giảng dạy lý thuyết xen kẽ với bài tập trong mỗi buổi học để giúp sinh viên hiểu rõ vấn đề cần nắm hơn .,0,0
"giảng viên luôn bận họp , cả khóa học chỉ học được vài buổi .",0,0
"giảng viên vui vẻ , cởi mở , đặc biệt nhiệt tình khi sinh viên hỏi bài .",2,0
nên tăng thêm nhiều tiết thực hành 1 tuần .,0,1
"cô hiểu rõ trình độ của từng học sinh để có phương pháp , bài tập phù hợp với từng học sinh .",2,0
"giảng thao thao bất tuyệt , nói những thuật ngữ khó hiểu nhưng không giải thích cặn kẽ .",0,0
"em nghĩ thầy nên vận động nhiều hơn , đứng trước bục giảng hoặc đi qua đi lại .",0,0
hết !,1,3
dạy thêm giờ khi sinh viên chưa hoàn thành xong bài .,2,0
nhiệt tình giúp đỡ với sinh viên .,2,0
quá nhiều trò .,0,1
tạo những deadline mà sinh viên không thể sắp xếp được thời gian .,0,0
phòng thực hành quá xuống cấp .,0,2
"thầy dạy truyền đạt tư tưởng tốt , dễ hiểu .",2,0
"cô dễ thương , giải đáp thắc mắc với cung cấp tài liệu đầy đủ cho mỗi tuần học .",2,0
dạy rất tốt về ubuntu .,2,0
giảng viên thường xuyên quan tâm tới sinh viên .,2,0
"dạy dễ hiểu , tận tình , giúp sinh viên tiếp thu tốt các mục đích giảng dạy .",2,0
"thầy dạy nhiệt tình , cung cấp nhiều tài liệu hữu ích .",2,0
cô tận tâm và nhiệt tình giúp đỡ em .,2,0
nội dung slide doubledot em thấy slide này làm tài liệu đọc ôn lại ( khi đã hiểu rồi ) thì phù hợp hơn tài liệu giảng .,0,1
giáo viên nhiệt tình thân thiện .,2,0
đồ án nên giới hạn chủ đề .,0,1
cần cải thiện cơ sở vật chất phù hợp với môn học anh văn hơn nữa .,0,2
thầy rất tốt với sinh viên .,2,0
kiểm tra liên tục bài tập về nhà nhiều hơn .,0,0
"sách cung cấp rất nhiều bài tập và kiến thức , nhưng do số tiết không đủ nên giáo viên đã bỏ qua nhiều phần , nhất là phần nói và viết .",0,1
hướng dẫn tận tình cho từng học sinh .,2,0
"cô giảng bài dễ hiểu , nhiệt tình .",2,0
giảng viên không chỉ cung cấp những kiến thức như trong đề cương môn học mà còn cung cấp những kiến thức sâu rộng về thực tiễn cũng như nâng cao nhằm tăng cường độ hiểu biết cho học sinh .,2,0
nên sửa đổi nội dung môn học hợp lý hơn .,0,1
cô giảng bài giọng rất nhỏ và khó nghe dù đã có micro .,0,0
giáo viên cần sử dụng thơi gian dạy hợp lý hơn .,0,0
"đề thi quá dài , rất nhiều phần xử lý giống nhau nhưng lại phân ra nhiều câu như vậy không có tính chất phân loại năng lực sinh viên , mà là một cuộc đua xem ai làm nhanh hơn .",0,1
không có gì để hài lòng .,0,3
"có những khoảng thời gian trống trong giờ học , làm kéo dài buổi học .",0,0
nội dung thi không đúng giảng dạy .,0,1
thầy nhìn hiền hiền .,2,0
"đi kèm theo đó là khả năng truyền đạt cực kỳ tệ , giờ học khá chán .",0,0
"tuy nhiên , kiến thức về giải bài tập là chưa đủ để thi .",0,1
"vui tính , hòa đồng nhiệt tình , chỉ bảo tận tình .",2,0
cô dạy diễu hiểu ạ .,2,0
giảng viên chưa nhiệt tình lắm .,0,0
thầy có cho bài tập .,1,0
em vinh dự được là học trò của thầy .,2,0
thêm giờ thực hành .,1,1
thầy căn chỉnh thời gian dạy không tốt .,0,0
cần thêm nhiều video demo hướng dẫn thực hành các quy trình thì chất lượng học môn này sẽ cao hơn .,0,1
bài giảng tạo cảm giác hứng thú và tiếp thu bài nhanh .,2,1
tăng hoạt động speaking .,0,1
nâng cao chất lượng cơ sở vật chất của trường .,0,2
"thầy dạy rất kỹ về kiên thức , rất tận tình trong công tác giảng dạy .",2,0
"thầy dạy kỹ và dễ hiểu , khuyến khích khả năng tự học của sinh viên , không khí lớp học vui vẻ .",2,0
dạy còn khó hiểu .,0,0
"nhiệt tình , cởi mở .",2,0
"dễ hiểu , rõ ràng .",2,0
"phòng máy quá yếu , không thực sự tốt vì máy tính còn yếu , cấu hình không được cao .",0,2
"thầy nhắm đến người giỏi , không nhắm đến người dở .",0,0
tài liệu phục vụ cho môn học chưa được nhà trường hỗ trợ .,0,1
"giảng hay , dễ hiểu , nhiệt huyết .",2,0
nhiệt tình trả lời thắc mắc của sinh viên .,2,0
"phòng học cần sạch sẽ hơn , bàn ghế rất bụi , máy chiếu tất nhiên nói nhìn được thì vẫn nhìn được nhưng như thế là vẫn mờ , cần sáng hơn , cho các bạn ngồi phía dưới thấy nữa .",0,2
đảm bảo về mặt giờ giấc .,1,0
cách giảng dạy thấm thía vào học sinh .,2,0
cách tiếp cận nội dung chưa tốt .,0,0
tăng cường kỹ năng làm việc nhóm .,0,1
"nhiệt tình , giảng dễ hiểu , đúng giờ .",2,0
"thầy có khả năng truyền thụ tốt , giúp sinh viên có thể dễ dàng hình dung được các thuật toán .",2,0
tăng cường buổi học .,0,1
truyền đạt dễ hiểu .,2,0
thầy có giới thiệu một vài buổi giới thiệu nghề nghiệp như uit career .,2,0
"dạy hay , tận tâm với sinh viết , kiến thức truyền đạt rất tốt .",2,0
"slide giảng dạy rất chán , không cập nhật từ năm 2009 tới giờ vẫn sài .",0,1
em đề xuất nên bỏ một số phần giảng lại lý thuyết ra để có thời gian làm bài tập nhiều hơn .,0,1
"phòng thực hành thường xuyên không mở đúng giờ , hy vọng giáo viên mở cửa đúng giờ .",0,2
nói lan man .,0,0
"khi nghỉ học , thầy đã thông báo nghỉ , khoa cần cập nhập kịp thời thông tin nghỉ trên web khoa .",0,1
thời khóa biểu cách nộp bài vào những tuần nghỉ ôn thi giữa kỳ không hợp lý .,0,1
dạy không nhiệt tình .,0,0
"thầy đã chọn cách chúng em hoạt động trong môn này thật là với em thật là không thích và cảm thấy không đúng , không phải chỉ mình em thấy vậy còn có những bạn khác cũng như vậy , chúng em đã có nói chuyện với nhau .",0,0
"giảng viên nhiệt tình , phương pháp giảng dạy hay .",2,0
điểm quá trình chưa đánh giá đúng .,0,3
khả năng truyền đạt của thầy không được tốt lắm .,0,0
50% giành cho kiến thức chi tiết một loại công nghệ dotnet doubledot có thể giống đồ án cuối kỳ hiện tại .,1,1
"cô dạy hay , học không nhất thiết phải trong sách vở .",2,0
cô cho thực hành rất nhiều .,2,0
"nhiệt tình , hòa đồng cùng sinh viên .",2,0
truyền đạt kiến thức rất dễ hiểu .,2,0
giáo viên đảm bảo giờ giấc .,2,0
"dạy cứng nhắc , không liên hệ thực tế nhiều .",0,0
giảng viên giảng dạy rất nhiệt tình .,2,0
có nguồn lý thuyết đầy đủ và có nhiều bài tập thực hành mẫu nên rất dễ học .,2,0
thầy dạy rất hay chỉ chỉ bảo tận tình .,2,0
rất tốt và nhiệt tình .,2,0
thầy dạy kỹ càng .,2,0
"hệ thống slide bài giảng chi tiết , rõ ràng .",2,0
kiến thức này liệu có chắc là cơ bản và được cập nhật phù hợp với dân it hiện nay chưa .,0,1
giảng viên cần đảm bảo giờ học trên lớp hiệu quả hơn .,0,0
"có thể việc chép bài trên bảng xuống vở là một phương pháp học hay , nhưng chữ thầy khá nhỏ và hơi xấu colonsmilesmile .",0,0
"giảng viên tận tâm , giảng dạy có chất lượng .",2,0
"giảng dạy dễ hiểu , vui vẻ .",2,0
giảng bài hơi khó hiểu .,0,0
"giảng viên dạy nhiệt tình , vui tính .",2,0
thầy trang bị cho chúng em những kiến thức khá hữu ích sau khi ra trường !,2,0
việc thắc mắc thầy điều giải đáp .,2,0
giảng hơi khó hiểu đó nha .,0,0
nên giảng chậm lại .,0,0
"thời gian làm việc trên lớp không hiệu quả , giảng viên thường cho nghỉ học .",0,1
"giảng viên không xác nhận , đánh giá về bài tập mà sinh viên nộp .",0,0
"giảng viên giảng dạy hay nói lan man , không đúng trọng tâm môn học .",0,0
hy vọng thầy giảng song ngữ để chúng em hiểu bài hơn ạ .,0,0
"thầy dạy thực hành không hiệu quả , hầu như các buổi thực hành , thầy cho bài làm theo tuần , sinh viên tự tìm hiểu .",0,0
cô giáo nhiệt tình trong việc giảng dạy và tương tác với sinh viên .,2,0
tổ chức học bù cho các buổi nghỉ để cung cấp đầy đủ kiến thức .,0,1
thầy nên hướng dẫn nhiều và tận tình hơn cho sinh viên về đồ án môn học .,0,0
"giảng viên tận tình , giúp từng sinh viên tiếp cận với bài học , thân thiện với mọi người .",2,0
chấm bài và sửa nhiều bài tập hơn .,0,0
nhiều bài tập kiểm tra năng lực qua từng phần .,2,1
dạy tốt và hiệu quả .,2,0
"thầy rất hay đưa những ví dụ rất cụ thể về công nghệ tiến hiện có , rất hay , thú vị .",2,0
mong phòng đào tạo phản hồi lại với thầy để thầy dạy tốt hơn .,0,1
"cô dạy hay , hấp dẫn .",2,0
nói ngoài lề hơi nhiều .,0,0
dạy nhanh .,0,0
"giảng dạy dễ hiểu , ví dụ trực quan .",2,0
bởi vì trong một số trường hợp sinh viên làm bài thi thì máy tính của trường không đáp ứng đủ nhu cầu của sinh viên phải đủ nhanh .,0,2
dặn dò sinh viên cần ôn nội dung nào cho buổi học kế tiếp .,0,0
nhiệt tình tâm huyết giảng dạy .,2,0
cô cho hơi nhiều bài tập .,0,0
"anh khá tận tâm với sinh viên , rất muốn học các môn sau với anh colonsmile .",2,0
môn khá khó hiểu nên thầy cô phải tạo những ý tưởng để sinh viên dễ hiểu bài hơn .,0,0
"lớp học rất thoải mái , thầy rất nhiệt tình , vui tính .",2,1
"vui vẻ , nhiệt tình chủ động giúp đỡ mọi khó khăn của sinh viên .",2,0
cô dạy lý thuyết hơi nhanh .,0,0
thầy cô dạy rất tốt !,2,0
giảng viên nhiệt tình đối với sinh viên .,2,0
"giảng viên nghỉ dạy quá nhiều , mỗi lần nghỉ chỉ báo trước sớm nhất 1h , có khi còn báo sau khi kết thúc buổi học , trong khi nhiều bạn đã đang ngồi trên xe bus đến trường rồi , làm sao cập nhật thông tin kịp .",0,0
tài liệu học tập phong phú .,2,1
"thầy tận tâm , nhiệt huyết , có khả năng truyền đạt kiến thức tới sinh viên rất tốt , mang tính thực tiễn cao .",2,0
"cô vui vẻ , thân thiện , giáo trình giảng dạy hay và phù hợp .",2,0
viết lên bảng nhiều quá .,0,0
"giảng viên rất nhiệt tình , phần kiến thức giảng dạy cũng rất mới và thú vị .",2,0
không có tinh thần giảng dạy .,0,0
kết quả môn thực hành thì rất tốt nhưng ở môn lý thuyết thì ngược lại .,0,3
thầy dạy rất nhiệt tình dễ hiểu .,2,0
"thang điểm của đề thi cuối kỳ không hợp lý , đề 4 câu nhưng nếu làm đúng hết 3 câu 1 , 2 và 4 vẫn chưa được 50% số điểm .",0,1
everything .,1,3
thầy nói nhỏ quá colonsmile .,2,0
giảng viên quan tâm trực tiếp đến sinh viên .,2,0
giảng viên không dành nhiều thời gian ôn tập cho sinh viên .,0,0
giảng viên truyền đạt kiến thức hiệu quả .,2,0
like ( y ) .,2,3
"giáo viên hiền , vui tính .",2,0
theo em thì thời lượng môn học quá dài và liên tục khiến mệt mỏi và không tập trung học tốt được .,0,1
"theo em nghĩ là sẽ ứng dụng thực tế được , và nhiều vì viễn thông , vệ tinh của nước mình cũng đang phát triển , chỉ là môn này chưa đi sâu vào lĩnh vựa này nên làm chúng em bị mơ hồ chưa nắm được trọng tâm môn học .",0,1
"tận tình , thân thiện .",2,0
môn học mang tính thực tiễn cao .,2,1
"vui vẻ , tận tình , rất hữu ích .",2,0
"thầy truyền đạt dễ hiểu , dễ nhớ .",2,0
giảng viên dạy rất chuyên tâm dễ hiểu .,2,0
cô nhiệt tình tận tâm .,2,0
hay và sáng tạo .,2,3
"thầy giảng rất dễ hiểu , ngắn gọn , xúc tích , có ôn tập cho sinh viên .",2,0
thầy dạy vui tạo hứng thú cho môn học .,2,0
"thầy nói rất dễ nghe , dễ hiểu .",2,0
bỏ thi lý thuyết cuối kỳ do làm đồ án tốn khá nhiều thời gian .,0,1
hướng dẫn sinh viên tận tình .,2,0
"giảng viên giảng bài dễ hiểu , áp dụng làm bài được ngay .",2,0
dạy kỹ hơn xíu .,0,0
"vui vẻ , nhiệt tình .",2,0
thầy luôn khuyến khích tính tự lập và sự thực tế trong công việc .,2,0
"thầy nên trao đổi với sinh viên và có những thông báo nhắc nhở chính xác , cụ thể hơn .",0,0
bài giảng dễ hiểu .,2,1
cô dạy khó hiểu và nhàm chán .,0,0
giảng viên rất dễ gần và nhiệt tình chỉ bảo cho sinh viên .,2,0
"giảng viên đảm bảo giờ lên lớp , tích cực trong quá trình giảng dạy và trả lời câu hỏi , giảng viên khá vui tinh .",2,0
không thể nộp bài viết luận qua e-mail mà vẫn phải nộp bài bằng giấy viết tay khá mất thời gian .,0,0
chưa có diễn đàn trên courses để sinh viên có thể hỏi .,0,1
"cô rất vui vẻ , nhẹ nhàng nhưng vẫn nghiêm túc trong quá trình giảng dạy , không gây áp lực cho sinh viên .",2,0
"giảng viên nhiệt tình , tâm huyết , tương tác nhiều với sinh viên .",2,0
chúng em nhận được nhiều hơn thế .,0,1
giảng viên còn nói nhiều chuyện ngoài lề .,0,0
giảng viên nên giảng kỹ từng vấn đề .,0,0
dạy nhanh dẫn đến nhiều lúc khó hiểu .,0,0
"bỏ qua những phần của những môn khác như báo cáo hoặc những phần thứ yếu như làm poster , youtube , giới thiệu về đồ án như một sản phẩm công nghệ thực sự .",0,1
slide trình chiếu đã quá cũ không cập nhật thông tin mới .,0,1
"nên sử dụng phấn , bảng hơn slide .",0,1
"khi sinh viên có thắc mắc về bài tập thì giáo viên chỉ dẫn tận tình , dễ hiểu .",2,0
"thầy không hiểu nhưng với em thấy buồn cho kết quả của môn học này kết quả không phải là điểm thưa thầy , kết quả mà em muốn được là khả năng nhận thức bản thân qua môn này được thầy giảng dạy .",0,0
giảng dạy tận tình và chu đáo .,2,0
nên học thực hành thường xuyên hơn ( không học cách tuần ) .,2,1
"thầy rất hiền , dạy nhiệt tình , giảng dễ hiểu .",2,0
thầy cần xem trước tài liệu ở nhà .,0,0
giờ học bắt đầu muộn !,0,0
"các tiết học chưa được sinh động , không hấp dẫn được sinh viên , có nhiều sự buồn chán .",0,3
"vì lịch học giảng viên đưa ra không phù hợp với thời khóa biểu của em , nhưng có lẽ sẽ phù hợp với một số bạn khác .",0,0
giảng viên thực hành không hài lòng khi em không biết chút gì về bài thực hành số 4 nhưng em đâu có cơ hội nào để biết về chúng trước .,0,0
"nhiệt tình , hài hước .",2,0
thầy giảng bài hấp dẫn .,2,0
cực hay .,2,3
thầy đem nhiều kiến thức thực tế vào bài giảng .,2,0
nhìn có vẻ khó chịu nhưng thầy rất dễ chịu (y) .,2,0
"giảng viên vui vẻ hòa đồng , tận tâm với sinh viên , truyền đạt kiến thức tốt .",2,0
giáo trình có vẻ cứng nhắc khó tiếp thu gây chán nản .,0,1
"nhiệt tình , tui khá làm khó học sinh nhưng thế học sinh mới học .",2,0
"tuy nhiên , thái độ của sinh viên trường uit với môn học này làm tôi rất rất thất vọng .",0,3
"môn này là môn học mới vì vậy cô chưa có đủ kiến thức để truyền tải , hỗ trợ tốt tới sinh viên .",0,1
"giảng viên giảng bài dễ hiểu , có đưa ra ví dụ minh họa .",2,0
"giải thích các vấn đề trong bài giảng chưa hay , khó hiểu .",0,0
"phòng thực hành còn thiếu máy cho một lớp sinh viên , chất lượng máy không đảm bảo , đôi khi không làm theo hướng dẫn được vì máy bị hỏng .",0,2
thầy giảng hay và tạo hứng thú cho sinh viên .,2,0
"những chủ đề , khía cạnh về tiếng anh phải được cho để sinh viên tìm hiểu .",0,1
"giảng viên giảng bài rất có hiệu quả , sinh viên hiểu bài tốt .",2,0
có thể tăng cường phần speaking và listening trong các giờ học .,2,1
"giáo viên thực hành và giáo viên lý thuyết không đồng nhất tiêu chí , yêu cầu của đồ án và kiến thức môn học .",0,0
"dạy dễ hiểu , vui tính , gần gũi với sinh viên .",2,0
truyền đạt hơi khó hiểu .,0,0
học hết môn mà chẳng biết cái gì .,0,3
dạy dễ hiểu và giáo viên vui tính .,2,0
"trang thiết bị còn kém , loa chưa đủ rõ để nghe anh văn , máy chiếu chưa nhìn rõ màu sắc .",0,2
thầy hướng dẫn kỹ .,2,0
bài học còn tương đối sơ sài .,0,1
thầy giảng bài dễ hiểu !,2,0
chương trình dạy chưa được cập nhật .,0,0
thời gian học hiệu quả .,2,1
thầy dạy nhàm chán buồn ngủ .,0,0
không có ý kiến gì thêm .,1,3
áp dụng nhiều ví dụ trong cuộc sống .,2,0
"kiểm chứng phần mềm là một môn học khó , nên thực hành cần phải liên hệ thường xuyên với giáo viên , phải được gặp giáo viên hướng dẫn thường xuyên .",0,1
thầy rất nhiệt tình giải đáp những câu hỏi của sinh viên và thấy luôn đưa ra bài tập với hướng dẫn thực hành đầy đủ cho sinh viên .,2,0
"số lượng máy phòng thực hành quá ít , phải đến 2 - 3 người dùng chung một máy .",0,2
"tăng cường hệ thống thiết bị phòng học quạt , ổ điện .",0,1
nên đăng bài tập thực hành sớm hơn .,0,0
"dạy hay , có tâm quyết với nghề , nhiệt tình .",2,0
đầy đủ chi tiết .,2,3
giảng viên vào lớp toàn đọc báo bấm slide thời lượng không được bảo đảm tầm 9h là đi họp hoài .,0,0
"khi giảng bài , nói rất nhanh và khó nghe .",0,0
nên thực hành nói nhiều hơn và lên lớp nên có những hoạt động vui hơn .,0,1
giảng viên tận tình hướng dẫn .,2,0
đặc biệt là micro và máy chiếu còn trục trặc nhiều .,0,2
"cô dạy tận tình , dễ hiểu , sử dụng thời gian lên lớp hợp lý .",2,0
"điều chỉnh chất lượng doubledot với chương trình học tập hiên nay , sinh viên thương lắm vững kiến thức khi gần đến cuối kỳ gây khó cho sinh viên làm đồ án thời gian hạn hẹp .",0,1
"quan tâm sinh viên , bám sát đề cương ôn tập .",2,0
"nhiệt tình , hướng dẫn cụ thể .",2,0
thầy không điểm danh .,1,0
"cô dạy nhiệt tình , quan tâm đến học sinh .",2,0
"giờ lên lớp đều đặn , giảng viên tích cực giải đáp thắc mắc của sinh viên .",2,0
"hình thức đánh giá , chấm điểm giữa các nhóm , đánh giá bản thân , nhóm khách hàng .",1,3
thầy quá nhiệt tình nên lớp thường hay ra muộn .,0,0
"bên cạnh đó còn chia sẻ với sinh viên nhiều kinh nghiệm quý báu , có ích cho việc học và làm sau này .",2,0
"thầy dạy rất hay , luôn gắn liền với đời sống thực , giúp cho tụi em có cái nhìn chính xác về một game .",2,0
có chăng là thầy cô làm những file hướng dẫn cụ thể để sinh viên biết mình cần tìm gì .,0,0
"thầy vui vẻ , nhiệt tình .",2,0
về hạn nộp bài ( deadline ) trên moodle thầy nên cố định một giờ giấc nào đó .,0,0
"dạy dễ hiểu , vui vẻ , tận tình .",2,0
thường xuyên nghỉ không báo trước không báo lên da hoặc báo với sinh viên .,0,0
không có ạ .,1,3
"thầy dạy tốt , lập nhóm cho thuyết trình , tạo được không khí học tập tốt , không nhàm chán .",2,0
chưa làm rõ được ứng dụng vào thực tế của nội dung môn học .,0,0
"đề nghị trường triển khai hệ thống user để quản lý tốc độ cũng như sinh viên nào đang tải phim , soft , vdotv .",0,2
"lịch bù không rõ ràng , không ôn tập , dạy không kịp chương trình , đăng video cho sinh viên xem lại .",0,0
"slide bài giảng chưa được chuẩn hóa , đa phần sao chép nhặt mỗi nơi một ít .",0,1
cho bài tập về nhà để học sinh làm thêm .,0,0
thường xuyên vào lớp muộn và dạy lố giờ .,0,0
thầy giáo vui tính nhiệt tình .,2,0
"rất nhiệt tình , khách quan .",2,0
"bài thi cũng sử dụng nửa tiếng việt nửa tiếng anh với câu hỏi và đáp án khó hiểu , không rõ ràng .",0,1
"thầy wzjwz30 là một giảng viên trẻ , vì vậy thầy rất hiểu tâm lý sinh viên và giúp đỡ chúng em rất nhiều .",2,0
"giảng viên dễ thương , hiền lành , gần gũi với sinh viên , thường xuyên trợ giúp sinh viên một cách rất nhiệt tình , giúp sinh viên hiểu bài dễ hơn .",2,0
không nên dạy theo phương pháp như ở bậc phổ thông mà nên chú trọng vào rèn luyện đầy đủ các kỹ năng chính của môn học .,0,0
giáo viên nên bảo đảm giờ lên lớp để sinh viên biết chính xác học ngày nào .,0,0
"ngoài ra , giảng viên còn giúp các học sinh tích cực phát biểu trong tiết học .",2,0
kiến thức chưa vững .,0,0
tăng cường cập nhập kiến thức mới .,0,1
"tiết dạy thầy rất sinh động , không thể tin được , thật là không thể tin nổi , quá là tuyệt vời !",2,0
thầy có các khái niệm thực tế và có kinh nghiệm .,2,0
giảng viên chưa để ý nhiều đến sinh viên .,0,0
"phần hướng dẫn thực hành nên tập trung vào bài tập cần làm , hơn là hướng dẫn các ví dụ khó hiểu và không liên quan ví dụ như cho input và output để sinh viên có thể hình dung ra những công việc cần làm .",0,1
"thầy nên up bài giảng , bài tập lên courses để sinh viên không cần phải đi xin tài liệu ở những lớp khác .",0,0
cần cân bằng giữa lý thuyết và thực hành .,0,1
thầy dạy hay và vui .,2,0
"giảng viên tận tình , sử dụng giờ dạy hợp lý .",2,0
dạy đến khi các bạn hiểu rõ thì hãy tiếp tục .,0,0
thầy thường xuyên theo dõi sinh viên trong quá trình thực hành và giải đáp thắc mắc rất hợp lý .,2,0
thầy giảng tập trung nhiều vào bài tập .,2,0
cần có nhiều thiết bị trực quan hơn .,0,2
"nguyên tắc , phương pháp giảng dạy tốt .",2,0
dạy liên tục không ngừng nghỉ làm sinh viên hơi ngán vì phải tập trung liên tục dẫn đến nhiều sinh viên nản gục mặt xuống bàn ngủ .,0,0
"bài tập nhiều quá , không phù hợp lắm .",0,1
có chỗ thầy dạy quá kỹ nhưng có chỗ thì lại chỉ nói sơ qua .,1,0
có các ví dụ thực tiễn .,2,1
thầy wzjwz198 giảng dạy rất nhiệt tình và đầy đủ .,2,0
thiếu linh kiện .,0,2
"giảng viên dạy dễ tiếp thu , slide dễ hiểu , bài tập mức độ vừa phải , giảng viên giải bài tập rất chi tiết , nhiệt tình .",2,0
hi hi đồ ngốc .,2,3
nội dung môn học rõ ràng .,2,1
"tận dụng tốt website môn học để chia sẻ tài liệu , thảo luận .",2,1
giảng viên chưa truyền đạt được bài học một cách dễ hiểu .,0,0
thầy nói to quá .,0,0
các bài tập wireshark đều là của năm 2007 hết .,0,1
"buổi học buổi không hiệu quả , sinh viên tới trường học mà không thấy giáo viên , nghỉ không thông báo , mà nghỉ mấy nhiểu buổi như vậy , vừa tốn thời gian sinh viên tốn công sức tới trường không thấy giáo viên đâu , ngồi đợi cả buổi không có sinh viên mới bỏ về .",0,0
nên nêu ví dụ cụ thể dễ hiễu hơn .,2,0
"thầy ơi , thầy chép ít lại dùm em .",0,0
thầy nghiêm túc .,1,0
"cô dạy dễ hiểu , dạy kỹ , tận tình , không khí học tập thoải mái .",2,0
giáo viên giảng bài dễ hiểu .,2,0
giảng viên cần có phương pháp giảng dạy tốt hơn .,0,0
"phương pháp giảng dạy hay , có nhiều thông tin thực tiễn .",2,0
em rất hài lòng thầy về mọi mặt .,2,0
"cô dạy dễ hiểu , ít điểm danh tạo cơ hội tự học cho sinh viên colonsmilesmile , rất tận tình giải thích các thắc mắc cho sinh viên .",2,0
lịch học thực hành trùng với lịch học lý thuyết .,0,1
kiến thức xã hội .,1,1
cô có thể nói to hơn một chút được không ạ !,0,0
"cô vui tính học rất thoải mái , truyền cảm hứng .",2,0
thầy giúp cho sinh viên hiểu rõ vấn đề để thực hành đúng .,2,0
sẽ tạo được nhiều hứng thú hơn trong giờ học đòi hỏi nhiều kiến thức chuyên sâu này !,0,3
cô dạy hay và nhiệt tình .,2,0
cô rất nhiệt tình và gần gũi với sinh viên .,2,0
nên có nhiều thiết bị trực quan hơn .,0,2
"giảng viên thực hiện giảng dạy nghiêm túc , dễ hiểu , dễ tiếp thu , có nhiều buổi làm bài tập , sửa bài tập để ôn tập cho các kỳ kiểm tra , nghỉ bù đều có thông báo .",2,0
giảng viên nên cho sinh viên lựa chọn các nền tảng để phát triển game chứ không nhất thiết phải chọn nền tảng directx trên c .,0,0
giảng viên không nhiệt tình .,0,0
"thầy dạy ngắn gọn , súc tích , dễ hiểu .",2,0
cần wifi mạnh ở dãy nhà cũ .,0,2
"cần giảng kỹ hơn chút nhưng cũng đừng quá chậm , giảng viên nên quan niệm sinh viên đã đọc sơ bài ở nhà rồi , nên đi sâu vào những ý mới , đặc thù của từng phần .",0,0
khó tiếp thu !,0,3
thầy vui tính giảng bài dễ hiểu .,2,0
học thì đơn giản mà sao đề khó quá ạ !,0,1
"thầy dạy vui vẻ , nhiệt tình , hòa đồng , dễ hiểu .",2,0
"giảng viên cần thay đổi cách dạy , tích cực hơn thay vì chỉ đọc chép .",0,0
giảng viên dạy có nhiều tiết học khá thú vị và thực tế .,2,0
"đúng giờ , phương pháp tốt .",2,0
"thầy dạy không có hứng , thầy chỉ đọc những gì trên slide và kêu sinh viên chép vào tập .",0,0
"thưa , thầy dạy rất dễ hiểu và tốc độ vừa phải .",2,0
cô nhiệt tình và vui vẻ .,2,0
cung cấp tài liệu đầy đủ .,2,0
chỉ bảo rõ ràng .,2,1
em đi học đầy đủ nhưng không có máy để thực hành .,0,2
"thầy dạy quá khô khan , chỉ ngồi một chỗ đọc slide , không quan tâm sinh viên ở dưới làm gì , slide đôi khi còn mờ ngồi dưới không xem được .",0,0
giảng viên cần có tâm huyết hơn nữa .,0,0
khoảng 1 tiếng từ khi giảng viên cho phép kết nối thì sinh viên mới vào mạng được .,0,2
thầy dạy cũng hay .,2,0
"thầy wzjwz211 rất nhiệt tình , giảng dạy dễ hiểu .",2,0
dạy theo đề cương môn học .,1,0
"thầy hay vắng , trễ .",0,0
em nghĩ môn thực hành nên học liên tục không cách tuần và 1 tuần 3 tiết .,0,0
"thầy dạy nhiệt tình nhưng không đảm bảo giờ lên lớp , thường xuyên có giảng viên dạy thế .",0,0
"thầy dạy dễ hiểu , bài tập vừa sức .",2,0
"cô lắng nghe ý kiến của sinh viên , hướng dẫn nhẹ nhàng , tận tình !",2,0
thỉnh thoảng có một số máy không khởi động được .,0,2
"truyền đạt hay , tận tâm .",2,0
"bài giảng của cô khá hay , có nhiều bài chúng em dễ mắc phải , cô đều chỉ rõ ra cho chúng em .",2,1
"lên lớp đúng giờ , dạy nhiệt tình .",2,0
máy tính không được tốt lắm .,0,2
"cô dạy còn quá nhanh , sinh viên không kịp tiếp thu kiến thức .",0,0
giảng viên thực hành có cũng như không !,0,0
"phương pháp học môn anh văn trên trường tốt với mọi người , nhưng nó xung khắc với phương pháp em đang tự học , nếu duy trì lâu em có biến cố .",0,1
lớp học vui .,2,0
"giảng viên giảng dạy nhiệt tình , chi tiết , slide bài giảng đầy đủ .",2,0
cần có thêm nhiều bài tập .,0,1
"thầy diễn đạt khó hiểu , giọng nói khó nghe .",0,0
"nhiệt tình trong việc giảng dạy cho sinh viên , ngoài ra thầy còn tạo nhiều động lực ví dụ cộng điểm quá trình khi giơ tay làm bài tập .",2,0
"giảng viên tận tình , chu đáo .",2,0
không hướng dẫn tận tình cho sinh viên .,0,0
"giảng viên dễ tính , hòa đồng .",2,0
bây giờ vẫn chưa có điểm lớp it003dote21 .,0,1
phương pháp của thầy hay .,2,0
cô dễ tính dạy dễ hiểu nhiệt tình .,2,0
nhẹ nhàng và dễ hiểu .,2,0
"cô rất tận tâm , nhiệt tình với sinh viên .",2,0
"giảng viên giảng dạy nhiệt tình , khi có thắc mắc đều được giải đáp một cách ưng ý nhất .",2,0
chất lượng buổi học tốt .,2,1
thầy dạy lý thuyết kỹ .,2,0
thầy rất tuyệt vời !,2,0
"giáo viên truyền đạt tốt , tạo nhiều cảm hứng cho sinh viên , giúp nâng cao trình độ ngoại ngữ .",2,0
cần cho nhiều bài tập và tăng độ khó .,0,0
"vui tính , trình độ chuyên môn cao và thân thiện .",2,0
"nói chuyện hơi chậm , không gây cảm hứng tốt .",0,0
phương pháp dạy của thầy rất hiệu quả .,2,0
thầy giải đáp thắc mắc nhiệt tình .,2,0
"vui tính , nhiệt tình và quan tâm đến sinh viên .",2,0
khả năng truyền đạt kiến thức kém .,0,0
"cách đánh giá quá trình học tập hợp lý , lắng nghe ý kiến của sinh viên .",2,0
nên nhiệt tình hơn .,0,0
thảo luận với sinh viên qua moodle và facebook .,2,0
cô truyền đạt kiến thức rất hiệu quả .,2,0
"không hào hứng vì giọng thầy trầm , tự tìm hiểu trên mạng rồi viết báo cáo môn học thôi .",0,0
"thầy dạy nhiệt tình , chất lượng đồ án tốt .",2,0
nhưng mong cô giảm tải bớt phần đồ án .,0,0
giáo viên thường xuyên cho nghỉ học .,0,0
"thầy rất tận tâm , quan tâm sinh viên rất nhiều , ngoài giờ trên lớp sinh viên cũng có thể hỏi thầy bất kỳ khi nào , thầy giúp đỡ rất khoa học và nhiệt tình .",2,0
không up slide moodle nên chỉ được đọc tài liệu giấy .,0,0
những môn liên quan đến lập trình em nghĩ nên lấy điểm đồ án làm điểm cuối kỳ .,0,1
"theo bản thân em thấy sinh viên làm đồ án kết thúc môn học đã đủ để đánh giá , không cần thi lý thuyết cuối kỳ , nó thật sự không mang lại hiệu quả .",0,1
"tôi thiết nghĩ cùng tham khảo source code như nhau , mà lại có đứa đậu có đứa rớt mặt dù thầy thừa biết code đó là lấy từ internet về chứ có phải tự code đâu , thiết nghĩ tại sao thầy chỉ hỏi lý thuyết những bạn kia , mà lại căng xi măng chặn từng đoạn code đối với mình .",0,0
giảng viên cần giảng giải chi tiết hơn thay vì để sinh viên thuyết trình .,0,0
thầy giảng dạy dễ hiểu .,2,0
cô dễ chịu !,2,0
dạy sát chương trình .,2,0
cung cấp bài giảng tốt .,2,0
theo em thầy nên sử dụng website môn học để cung cấp tài liệu cho sinh viên .,0,0
ân cần giải đáp thác mắc của sinh viên .,2,3
team 8 người mà có 2 người gánh hết cái trình bày giữa kỳ và cuối kỳ cực khổ lắm luôn thầy .,0,1
thầy dạy kỹ các vấn đề .,2,0
nhất là môn anh văn vì số tiết trong buổi học là 4 nên khá căng thẳng .,0,1
"thầy rất dễ thương , thân thiện .",2,0
thảo mai .,2,3
nên thời gian thực hành được phân công từ tiết 1 đến tiết 3 mỗi tuần là hơi ít .,0,1
"giảng viên rất nhiệt tình , trình bày bài giảng hay , dễ hiểu .",2,0
môn học rất hay .,2,1
"thầy dạy rất hay , dễ hiểu , thân thiện với sinh viên .",2,0
"khác với thầy wzjwz286 dạy lý thuyết , thầy rất nhiệt tình trong việc giảng dạy của mình .",2,0
"thầy dạy rất hay , cho mỗi nhóm lên thuyết trình , hỏi đáp giúp cả lớp hiểu bài .",2,0
"thầy nhiệt tình , truyền đạt kỹ và rõ giúp sinh viên có hứng thú học tập .",2,0
nên giảng kỹ hơn .,0,0
giáo viên truyền đạt tốt .,2,0
"cô dù đang mang bầu nhưng dạy rất nhiệt tình với học sinh , cô thường cho bài tập về nhà làm , cho sinh viên tính tự giác nhưng không tạo nhiều áp lực .",2,0
dạy nhiệt huyết .,2,0
liên hệ kiến thức với chuyện thực tiễn .,2,1
học kỳ 2 cần học riêng theo từng lớp để có được kết quả học tập tốt nhất .,0,1
"thầy dạy tận tâm , giúp đỡ học sinh , phương pháp giảng dạy đạt hiệu quả .",2,0
"thầy giảng bài hay , cuốn hút người nghe .",2,0
hy vọng ý kiến của em được xem xét !,0,3
thầy nên cho nhiều bài tập hơn .,0,0
"giảng viên nhiệt tình , tốt với sinh viên .",2,0
giáo viên dạy quá giờ so với quy định .,0,0
thay vào đó nên là báo cáo đồ án .,0,3
cô giảng rất hay và thu hút học sinh !,2,0
"lý thuyết thầy wzjwz22 giảng khá kỹ nên có chậm hơn so với quá trình thực hành , mong phòng đào tạo làm sao để cho quá trình học lý thuyết và học thực hành đi song song với nhau .",0,1
cơ mà em nghĩ là thầy phải hơn cả tuổi ba em .,1,0
"thầy dạy hay , nhiệt tình giúp đỡ sinh viên , dễ tính sẵn sàng giải đáp mọi thắc mắc của sinh viên .",2,0
"tăng tiết học , 1 tuần học lý thuyết chỉ 2 tiết em thấy không đủ .",0,1
"giảng viên dạy tốt , dễ hiểu , vui tính và rất nhiệt tình .",2,0
"chủ động , tập trung vào sinh viên .",2,0
"cô hỗ trợ tốt , nhiệt tình .",2,3
"giảng viên dạy cực khó hiểu , khả năng truyền đạt kém , giảng dạy nhàm chán khiến sinh viên không có hứng thú khi tham gia học tập .",0,0
giảng viên chưa tương tác với sinh viên trên các diễn đàn .,0,0
cách thầy giảng em không nắm được nội dung tổng quát .,0,0
thầy hơi khó tính quá .,0,0
giảng viên cần cập nhập giáo trình và tài liệu môn học một cách đầy đủ hơn trước giờ lên lớp .,0,0
"cô giảng theo cách cô cũng tốt , tuy nhiên , lớp chỉ có một vài bạn học được , hay trả lời , những câu cô hỏi cả lớp có hiểu hay không , những bạn đó trả lời là hiểu vậy mà nhiều lúc cô đánh đồng cả lớp hiểu .",0,0
chưa tận tâm với sinh viên .,0,0
học thầy được điểm cao .,2,3
có nhiều câu hỏi hay để sinh viên cùng thảo luận nhằm tìm ra nhiều phương pháp khác nhau để tiếp cận vấn đề .,2,0
"nhiệt tình , tận tâm với sinh viên .",2,0
nhiệt tình và tận tâm .,2,0
thêm tiết dạy thực hành .,0,1
sự thân thiện giúp giảm căng thẳng trong buổi học .,2,3
"dạy hay , nhiệt huyết với nghề , chăm cho học sinh .",2,0
kiểm tra sát sao hơn tiến trình làm đồ án sinh viên cho phép sinh viên sáng tạo nhiều cách mới không quá gò bó .,0,0
"tận tâm với nghề , rất quan tâm đến sinh viên , luôn giải đáp những thắc mắc trong thời gian nhanh nhất ( kể cả qua gmail ) .",2,0
đưa ra các tiêu chí tính điểm một cách cụ thể .,0,1
em rất mong muốn được học tiếp các môn liên quan như phân tích mã độc .,1,0
"giảng viên làm rõ được vấn đề , dạy những kiến thức thật sự thiết thực cho sinh viên , truyền đạt những kinh nghiệm thực tế trong quá trình giảng dạy .",2,0
"giảng viên giảng dạy nhiệt tình , bài học sinh động , dễ hiểu .",2,0
"giáo viên vào tiết đúng giờ , giảng dạy nhiệt tình , tận tâm .",2,0
"cập nhật các phương thức giảng dạy mới học sơ lược , tiến tới loại bỏ những môn không cần thiết cho ngành sau này nên có thêm các lớp kỹ năng giao tiếp .",0,1
"giảng viên vui tính , dễ chịu .",2,0
"nhiệt tình , có cách dạy hay .",2,0
giảng viên dạy còn hơi nhanh và chưa quan tâm nhiều đến sinh viên .,0,0
"thầy dạy hay , vui vẻ , rất hài lòng .",2,0
giảng viên nhiệt tình giảng lại nhiều lần một vấn đề khó tiếp thu .,2,0
phương pháp giảng dạy rất tiên tiến .,2,0
"cập nhật kiến thức thực tế , giải đáp mọi thắc mắc .",2,1
nên đổi giáo trình .,0,1
"dễ hiểu , nhiệt tình .",2,0
"giảng viên không cung cấp tài liệu cho sinh viên , khả năng truyền đạt của giảng viên chưa tốt .",2,0
cần thực hành nhiều lên .,0,1
không có colonsmile .,1,3
"cô xinh , dạy tốt .",2,1
giảng dạy thờ ơ .,0,0
bài tập lớn trong slide tiếng anh gây khó khăn cho sinh viên .,0,1
"rất tốt , rất nhiệt tình , chu đáo .",2,0
em cảm ơn ?,1,3
giáo viên rất nhiệt tình và tâm huyết .,2,0
"thầy rất nhiệt tình , tâm huyết , giảng chi tiết , ví dụ điển hình tiêu biểu dễ tiếp thu .",2,0
"thầy dạy dễ hiểu , luôn nhắc lại kiến thức cũ ở mỗi tiết .",2,0
"nói chung , chắc cũng là luyện cho sinh viên tự học .",1,1
thầy luôn muốn sinh viên giỏi hơn thông qua việc góp ý và nhận xét .,2,0
thầy dạy hay nhất là về cuộc sống .,2,0
thầy dạy nhiêt tình .,2,0
"thầy wzjwz246 rất nhiệt tình trong giảng dạy và luôn tham khảo thêm nhiều ý kiến của sinh viên , thường xuyên thảo luận trên diễn đàn môn học .",2,0
"quá trình giảng dạy không bám sát đồ án môn học , sinh viên phải tự tìm hiều qua nhiều mới báo cáo đồ án kịp tiến độ , không nên tổ chức thi giữa kỳ mà thay vào đó là các bài tập nhỏ cộng điểm cho sinh viên .",0,1
cám ơn thầy đã quan tâm và chú ý .,2,0
nên thi theo hình thức ra đề .,0,1
"thầy dạy rất nhiệt tình , hiệu quả .",2,0
cô rất nhiệt tình tuy nhiên cách cô giảng dạy đối với em khá khó hiểu .,0,0
giảng rất chi tiết .,2,0
"không thấy giảng viên dạy thực hành buổi nào , lên lớp 2 tiết tâm sự với sinh viên .",0,1
giảng viên tạo sự thu hút đối với sinh viên .,2,0
thầy tránh phương pháp đưa công thức và đưa các ví dụ sinh động .,2,0
"cô rất nghiêm , song rất nhiệt tình , rất công bằng , có thưởng có phạt , rất đồng tình với cách xét của cô , về bài giảng , rất sinh động , chèn các video thực tiễn , tư liệu đưa vào rất nhiều , rất cụ thể .",2,0
"giáo viên trẻ trung , năng động , nhiệt tình , vui vẻ .",2,0
cô dạy tốt colonlove .,2,0
giáo viên nhiệt tình hòa đồng .,2,0
"thầy vui tính , dễ gần , cởi mở , nhiệt tình , năng nổ .",2,0
"thầy dạy dễ hiểu , ví dụ thực tế .",2,0
buổi học cuối cùng trước đợt thi cuối kỳ chưa nói rõ về nội dung sẽ được thi .,0,1
bài tập làm đầy đủ .,1,1
"nhiệt tình giảng dạy , hướng dẫn sinh viên .",2,0
"thầy nên đưa ra những ví dụ trong khi giảng bài , lý thuyết nhiều rất buồn ngủ khó tập trung được .",0,0
tập patin rất dễ .,2,3
"phương pháp giảng dạy chưa hợp lý , đa phần là đọc slide .",0,0
"đến ngày thầy ôn thi , cho em vài bài tập thì bọn em đã không biết làm nhưng thầy vẫn bắt bọn em giải rồi thầy mới giải .",0,0
bài đồ án cuối kỳ thì phổ biến không rõ ràng phải làm gì để có điểm cao .,0,1
"cách dạy thoải mái , nhẹ nhàng , nhiệt tình .",2,0
trang thiết bị cho thực hành tốt hơn .,0,2
giáo viên luôn dạy quá thời gian quy định trong khi chỉ có 3 tiết mà thầy dạy gần hết 5 tiết mới cho nghỉ .,0,0
nghiêm .,1,0
anh wzjwz302 rất vui và nhiệt tình .,2,0
thầy rất nhiệt tình và tạo không khí vui vẻ trong lớp học .,2,0
giảng viên trên lớp liên hệ thực tế quá nhiều .,0,0
giáo trình cụ thể hơn .,0,0
em xin đề xuất thêm những buổi thực hành để nâng cao tầm hiệu quả của môn học .,0,1
nâng cấp quạt trần và máy chiếu của phòng học !,0,2
cách truyền đạt chưa thuyết phục .,0,0
đề nghị giảng viên sử dụng moodle để tăng chất lượng dạy học .,0,0
"cô nhiệt tình , giảng dạy tốt , quan tâm tất cả học sinh .",2,0
"tăng thời gian thực hành , sinh viên nên được làm việc với các thiết bị thực tế .",0,1
giảng viên nghỉ quá nhiều !,0,0
giọng nói của giảng viên khó nghe .,0,0
thầy cho ít dạng bài tập .,0,0
cách nói của giảng viên khó nghe .,0,0
"kiến thức dễ hiểu , tiết học vui .",2,1
mở thêm các lớp training chuyên ngành .,0,1
giảng dạy còn một số chỗ hơi khó hiểu .,0,0
cô giáo nhiệt tình trong lúc dạy .,2,0
thầy dạy bù vào thời gian không hợp lý .,0,0
ít bài tập về nhà .,0,1
"có ví dụ trực quan , sinh động .",2,0
"bài tập về code hơi ít , thực hành chưa đi đôi với lý thuyết .",0,1
giảng viên truyền đạt kiến thức rất hay và dễ tiếp thu .,2,0
cô dạy được .,1,0
"sử dụng slide , máy chiếu .",0,2
"giảng viên tận tâm , nhiệt tình , dạy dễ hiểu .",2,0
dạy hơi khó hiểu và nói quá nhanh .,0,0
thầy rất chịu khó lắng nghe ý kiến của sinh viên .,2,0
"giáo viên dạy tân tâm , dễ hiểu .",2,0
"thầy giảng rất tốt , em hiểu gần như mọi thứ thầy dạy và áp dụng tốt nó .",2,0
chúng em gửi lời cám ơn đến thầy wzjwz213 !,2,3
"thời gian lên lớp sinh viên chúng em không được học gì từ thầy , chỉ toàn là tự tìm hiểu .",0,1
cô dạy em rất buồn ngủ .,0,0
đánh giá môn học sơ sài và không công bằng .,0,1
cần có cách khác phù hợp hơn .,0,0
đảm bảo tốt giờ lên lớp .,2,0
giảng dạy tích cực và dễ hiểu .,2,0
"cô rất nhiệt tình , vui tính , biết quan tâm học sinh .",2,0
"thầy dạy nhiều kiến thức mới , cập nhật từ thực tế .",2,0
"tuy nhiên , bài tập thực hành còn hơi đơn giản và chưa thực sự phù hợp với thực tế .",0,1
nói lý thuyết hay nhưng không biết áp dụng vào đâu .,0,1
"nên dạy đúng giáo án và thời khóa biểu , đừng kéo dài tới 1h30 mới cho ra , trong khi thời khóa biểu là 9h45 là hết .",0,0
phòng thực hành quá chật và thiết bị cũng hạn chế về số lượng chưa đáp ứng được nhu cầu học tập .,0,2
em thấy nên tăng thêm nhiều bài tập kèm theo ôn lại khái quát lý thuyết rồi mới vào thực hành những phần lý thuyết đã học .,0,1
"giảng viên theo sát chuyên cần lớp , giảng dễ hiểu .",2,0
thật sự em rất mơ hồ về môn học này .,0,1
đề nghị giảng viên phải theo sát với thực tế hơn .,0,0
cho ghi bài nhiều .,0,1
thầy bận lịch của trường nên một vài buổi học thầy không lên lớp được .,0,0
"thầy bao vui , nói chung chưa bao giờ em thấy học mà vui như thế colonsmile .",2,0
thầy thường xuyên vắng mặt .,0,0
thầy dạy rất nhiệt tình và dễ hiểu .,2,0
"giảng viên am hiểu sâu , giảng bài tận tâm .",2,0
giảng viên luôn nhiệt tình với sinh viên .,2,0
"thầy giảng bài tận tình , dễ hiểu ( nếu hỏi riêng ) .",2,0
"dạy có tâm , kỹ và nhiệt tình .",2,0
"dạy hay , đúng trọng tâm .",2,0
giảng viên thường đưa những chuyện vui vào buổi học giúp sinh viên hứng thú trong giờ học hơn .,2,0
thường xuyên mời các bạn lên giải bài tập và giảng giải lại !,0,0
nhiệt tình giúp đỡ hỗ trợ cho sinh viên hiểu bài tối đa .,2,0
"giảng viên cần tập trung giảng dạy lợi ích liên quan thực tiễn , tránh gây nhàm chán và lặp lại quá nhiều kiến thức cũ .",0,0
"hay dễ hiểu , nhiệt tình .",2,0
"thầy dạy nhiệt tình , bài giảng hay , dễ gần !",2,0
béo quá không tốt cho sức khỏe .,0,3
"thầy dạy tốt , tận tình .",2,0
cô cần quan tâm hơn tới sinh viên .,0,0
giảng viên cần thay đổi cách giảng dạy .,0,0
"thầy thân thiện , dạy dễ hiểu , phương pháp giảng dạy hay .",2,0
chưa thấy được sự cần thiết thực sự của môn học đối với ngành nghề cũng như cuộc sống sau này .,0,3
"giảng viên rất tận tâm , giảng dạy kỹ lưỡng .",2,0
do học buổi trưa cả thầy và trò đều mệt .,0,1
"cô giáo nhiệt tình , vui tính , cố gắng truyền đạt cho sinh viên .",2,0
giảng viên dạy dễ hiểu tận tình .,2,0
em nghĩ là nên giảm số giờ nói lý thuyết cho thêm giờ làm bài tập .,0,1
cô rất nhiệt tình và dễ thương .,2,0
"thầy dạy hay , nhiệt tình , dễ hiểu , tận tâm với sinh viên .",2,0
"cuối cùng , em xin cảm ơn vì thầy fraction cô đã đọc đến hết .",1,3
tuy nhiên học thầy em có hơi sợ vì thầy nổi tiếng khó khi chấm đồ án .,0,0
"giảng viên nhiệt tình , hướng dẫn tận tâm cho sinh viên .",2,0
"thầy chỉ vô điểm danh và quản lý lớp , người dạy là các sinh viên của một câu lạc bộ sinh viên đại học quốc gia .",0,0
"nhiệt tình , khá dễ hiểu .",2,0
giảng viên nhiệt tình và tận tâm trong việc giúp sinh viên nắm được kiến thức .,2,0
"đề nghị nhà trường làm tốt khâu cở sở vật chất , em thấy trường mình còn thiếu nhiều về trang thiết bị thực hành cho sinh viên .",0,2
thầy giảng dạy tận tâm .,2,0
"hiện tại các thiết bị phòng lab để thực hành môn này đều đã hỏng , trong suốt quá trình thực hành chúng em không thể thực hành được trên thiết bị , mặc khác cũng chẳng nhận được sự hỗ trợ hướng dẫn nào của giảng viên thực hành .",0,2
"giảng viên nên sử dụng trang moodle để gửi bài tập hay thông báo khẩn học bù ngoài dự kiến , gửi bảng điểm , vdotv .",0,0
giảng bài còn hơi nhanh .,0,0
"khả năng hoạt động nhóm , tinh thần tự học cao .",2,1
"giảng viên tận tâm , giúp đỡ sinh viên khi không hiểu bài .",2,0
"nói nhanh quá , nên nhấn mạnh ở những cái đáng chú ý .",0,0
tài liệu ít được cập nhật .,0,1
em không có bất cứ sự hài lòng nào đối với hoạt động giảng dạy của giảng viên wzjwz297 .,0,0
"giáo viên thường xuyên gây cười , tạo hứng thú học tập .",2,0
"nên đa phần chúng em phải chia nhau ra để học , như vậy chất lượng rất khó đảm bảo .",0,1
"nhiệt tình , tận tụy .",2,0
"giáo viên cung cấp tài liệu đầy đủ , đến lớp đúng giờ , dạy nhiệt tình .",2,0
slide tiếng việt của trường có nhiều chỗ bị sai .,0,1
rất thích phong cách dạy của thầy x .,2,0
"cô rất nhiệt tình , tâm lý với sinh viên .",2,0
"phương pháp dạy học không hấp dẫn , nhàm chán , khả năng truyền đạt chưa hiệu quả .",0,0
không có gì để nói .,1,3
"cô dạy rất mơ hồ , không hứng thú , không nhiệt tình giúp đỡ sinh viên .",0,0
thầy cho nghỉ quá nhiều .,0,0
"đồng thời , những tiết thực hành giúp em hiểu nhiều hơn những gì em đọc từ tài liệu .",2,1
"rèn luyện kiến thức chuyên môn , tận tâm , nhiệt tình hơn .",2,0
đảm bảo thời gian lên lớp và sử dụng thời gian lên lớp hiệu quả .,2,0
thầy không tạo được cảm hứng cho học sinh .,0,0
giảng viên dạy có tâm huyết .,2,0
giảng viên rất hay .,2,0
"giáo viên nhiệt tình , luôn đảm bảo giờ lên lớp , truyền đạt kiến thức hiệu quả .",2,0
thêm nhiều kiến thức ngoài mới .,2,1
chất lượng đào tạo môn học hiện nay tương đối đạt .,2,1
"chứ em nghĩ phần thư viện standford dùng để phân loại văn bản theo phương pháp naive bayes mà thầy wzjwz133 sử dụng và áp dụng được chắc cần thời gian để nghiên cứu , tìm hiểu mà không được công bố và cho sinh viên áp dụng thì uổng và tội cho thầy wzjwz133 quá !",0,3
không nắm bắt được kiến thức môn học .,0,0
giảng dạy dễ hiểu và có tâm .,2,0
giáo viên thường xuyên cho nghỉ .,0,0
cô hướng dẫn nhiệt tình và tận tâm với sinh viên trong môn học .,2,0
không ý kiến gì .,1,3
sự nhiệt tình và tận tình của giáo viên .,2,0
tài liệu sử dụng nhiều kí hiệu nhưng không rõ ràng và các định nghĩa mang tính tổng quát quá cao gây sự khó hiểu cho sinh viên và khó khăn cho sự truyền đạt của giảng viên .,0,1
"khả năng truyền đạt kiến thức chưa cao , nhiều sinh viên khó hiểu .",0,0
"thầy cho điểm bằng đồ án , rất thực tế !",2,0
về cách cho sinh viên thảo luận nhóm .,1,1
quá dễ thương nên học sinh khó lòng mà rớt được .,2,0
thầy dạy chán .,0,0
thầy nói tiếng anh dễ hiểu nhưng đôi lúc quá nhanh .,0,0
"không biết là do môn khó hay sao nhưng em vẫn không hiểu gì về môn này , giáo viên dạy nghe chán chán , không hào hứng học tập .",0,0
chứ nói thật là bọn em làm bài tập tại lớp không kịp ạ .,0,3
cho lớp leo cây nhiều quá .,0,0
cô trả lời các câu hỏi của sinh viên khá chi tiết !,2,0
cách truyền đạt tốt .,2,0
"dễ hiểu , được thực hành nhiều , sôi nổi .",2,0
"sự nhiệt tình , năng động , kiến thức tốt , xinh đẹp , dễ mến , vui vẻ , phát âm chuẩn .",2,0
khả năng truyền đạt lại kiến thức không được tốt .,0,0
thầy rất hiền và nhiệt tình trong từng tiết học .,2,0
cách thức thông báo qua facebook không hiệu quả .,0,0
minh họa thực tiễn bài học trên máy tính giúp sinh viên hiểu rõ vấn đề .,2,0
"thầy giảng hơi khó hiểu , phức tạp hóa vấn đề , hơi chậm .",0,0
giảng viên nhiệt tình truyền đạt kiến thức cho sinh viên .,2,0
"thầy truyền đạt kiến thức tốt , phương pháp hiệu quả để em tiếp thu được môn học .",2,0
nhất là hạn chế tối đa việc thay đổi phương pháp dạy liên tục dù biết thầy chỉ có ý tốt cho sinh viên nhưng lại có tác dụng ngược .,0,0
ít vận dụng nhiều vào thực tiễn .,0,1
có vài điều bất cập là cô giảng đôi lúc giống như hơi đuối .,0,1
thầy là người dạy môn chính trị có hồn nhất em từng học .,2,0
"giảng viên yêu cầu cao , khó khăn , gây áp lực tạo sự chán nản cho sinh viên .",0,0
"giảng viên dễ mến , dễ gần gũi với sinh viên .",2,0
"thầy dạy nhiệt tình , tốt nhưng không phù hợp với tôi .",1,0
"cho ít bài tập , ví dụ cho dễ , bài tập cho khó hơn nhiều , thầy chép lý thuyết trên bảng và đọc lại y chang , sinh viên không có kỹ năng giải bài tập một cách uyển chuyển .",0,1
tài liệu nên được đưa lên moodle .,0,1
"không đảm bảo thời gian dạy học , thường dạy quá giờ .",0,0
thầy dạy tâm huyết .,2,0
cô dạy quá nhanh .,0,0
không sử dung tiếng anh trong lúc giảng bài lý thuyết để rồi cả slide bằng tiếng anh cũng không hiểu .,0,0
thầy giảng dạy nhiều kiến thức .,1,0
"thực hành một đằng , lý thuyết một nẻo !",0,1
"giáo viên vui tính , dễ gần , đôi khi hài hước , giúp sinh viên thoải mái tiếp thu kiến thức .",2,0
cô wzjwz194 is the best !,2,0
"cô nhiệt tình , thương học sinh .",2,0
"nội dung giảng dạy hơi khó hiểu , đi nhanh , sinh viên khó nắm bắt kịp bài giảng .",0,1
do việc có giáo viên khác vào dạy thế trong khoảng sau giữa kỳ nên đã xảy ra một số nhầm lẫn về bài học và cách thức tính điểm đồ án nên dẫn đến một số bạn bị điểm thấp .,0,0
cần có thiết bị và phòng học hợp lý hơn .,0,2
giảng dạy không truyền đạt được kiến thức nhiều cho sinh viên .,0,0
có chia sẻ phương pháp học cho sinh viên .,2,0
đối với người lần đầu tìm hiểu directx với những yêu cầu đặt ra là rất khó .,0,1
giảng dạy thật sự quá nhanh !,0,0
vui tính dễ chịu với sinh viên .,2,0
"môn học cung cấp nhiều kiến thức cần thiết , đặc biệt là cô dạy rất tận tâm và hướng đến sinh viên .",2,1
do nghỉ cho năm nhất học quốc phòng nên quá trình học bị gián đoạn .,0,1
"truyền đạt dễ hiểu , nhiệt tình giảng bài , dễ mến .",2,0
dạy chưa nhiệt tình .,0,0
"cô dạy rất hay , cuốn hút .",2,0
môn học này rất thú vị và có ứng dụng nhiều trong thực tiễn cuộc sống !,2,1
"bám quá sát slide , ít khi đưa ra ý tưởng mới .",0,0
cô dạy rất hay và dễ hiểu .,2,0
"giảng viên tận tình , hay giúp đỡ sinh viên .",2,0
em nghĩ nên giảm bớt chương trình đào tạo với môn này .,0,1
khuyến nghị nên chia 3 tiết 1 buổi .,0,1
té patin cũng đau .,0,3
"bài tập hay , nâng cao .",2,1
phong cách giảng bài của cô tạo sự cuốn hút người nghe cảm giác thoải mái .,2,0
"giáo viên nên tránh giảng dài dòng , dễ gây khó hiểu cho sinh viên .",0,0
kiểu đề thi trắc nghiệm quá phức tạp .,0,1
thường xuyên cho bài tập làm trên lớp để nắm bài .,0,0
cách giảng dạy hay .,2,0
có nhiều bài toán liên quan thực tiễn .,2,0
thầy cho chép nhiều .,0,0
thầy dạy hay và tận tình .,2,0
"dễ chịu và giảng dễ hiểu , tạo cảm giác thích thú cho sinh viên .",2,0
áp dụng bài học vào thực tế .,2,1
"phương pháp giảng dạy hay , thu hút .",2,0
em nghĩ nhà trường nên kiểm tra kỹ trình độ giảng viên trước khi bố trí để họ dạy một môn học nào đó .,0,1
nhiều lúc cô wzjwz233 hơi nhầm lẫn .,0,0
nếu không thì coi như lớp đi toi .,0,3
khả năng truyền đạt kiến thức sinh viên khó tiếp thu hết .,0,0
"giảng viên có các hoạt động phù hợp với nội dung bài học , tận tâm , nhiệt tình .",2,0
cô dạy vui .,2,0
thầy nói khá nhỏ và nhanh cũng không sử dụng giáo án điện tử làm học sinh rất khó tiếp thu .,0,0
"cho sinh viên sử dụng bóng không đạt yêu cầu , đa số là bóng đã qua sử dụng ( môn bóng đá ) .",0,0
"giảng viên tận tình , dạy hay .",2,0
"giảng dạy có tâm huyết với học sinh , và giảng hiệu quả .",2,0
"cô dạy rất nhiệt tình , giảng rất hay .",2,0
"thầy wzjwz14 rất tận tâm truyền dạy không những kiến thức chuyên môn mà còn rất nhiều kiến thức , kinh nghiệm quý về cuộc sống .",2,0
"em rất đồng tình với cách thông tin đến sinh viên của thầy wzjwz134 , thầy thông tin cho sinh viên qua facebook giúp sinh viên nắm thông tin nhanh hơn qua trang courses hay daa .",2,0
"giảng viên tận tâm , nhiệt tình , kiến thức và khả năng truyền đạt của giảng viên rất tốt .",2,0
dễ tiếp thu .,2,1
thầy có phương pháp giảng dạy hiệu quả .,2,0
"anh văn ở đại học không thể dạy giống như cấp 3 được khi cô dạy lớp im không sôi nổi , chỉ có vài người giơ tay vì câu hỏi không mang tính tương tác , câu trả lời có sẵn trong bài chỉ cần đọc lên nên nhiều người chán không giơ tay , đi học chỉ để điểm danh .",0,1
"thực sự thì khả năng truyền đạt không hấp dẫn , dễ buồn ngủ và khó hiểu .",0,0
tài liệu của môn này quá ít .,0,1
giảng viên nên chấm deadline về nhà sớm hơn .,0,0
giảng viên giảng dạy rất tận tâm .,2,0
em cảm thấy hài lòng với môn này .,2,1
thầy lên lớp sớm .,2,0
giúp sinh viên nâng cao được khả năng lập trình .,2,3
"thầy thông cảm cho sinh viên , ra bài tập vừa sức .",2,0
cần mớ lớp anh văn thêm để nâng cao trình độ cho sinh viên .,0,1
thầy nói rất lôi cuốn ( mặc dù không cần micro ) .,2,0
cần tăng thêm số lượng thiết bị thực hành .,0,2
mong thầy cho thêm bài tập về nhà và share slide .,0,0
"giáo viên dạy đúng giờ , tận tình giải đáp những thắc mắc của học sinh .",2,0
"nhưng thầy thử nghĩ nếu em muốn ngủ mà cứ phải lên lớp thì thầy có thích khi nhìn xuống lớp giảng viên thì dạy , sinh viên thì ngủ mà vẫn có điểm danh như vậy thì có được không .",0,0
"mở các lớp tiếng anh tăng cường , để sinh viên được cải tiến chất lượng học tập tốt hơn , không tính điểm vào học phần , học phí có thể không free .",0,1
em xim cám ơn !,1,3
ôn tập tỉ mỉ .,2,0
sự cố như sau doubledot đang học thì tất cả số đèn của nửa căn phòng đều tắt .,0,2
nhưng một số phần trong môn học em thấy thiếu thực tế ạ .,0,1
"cần các thầy xây dựng một bộ giáo trình , tài liệu cụ thể .",0,1
thầy rất tâm lý và giảng dạy rất nhiệt tình .,2,0
giảng viên nhiệt tình với sinh viên trong các buổi học .,2,0
"tận tâm , quan tâm sinh viên !",2,0
"giảng viên dạy sinh động , dễ hiểu .",2,0
thầy nên kết hợp hình ảnh và ví dụ hoá cho từng bước của giải thuật ở trong slide thay vì chữ quá nhiều sẽ khiến sinh viên khó tiếp thu hơn .,0,0
"làm các bài lab trên win server 2012 rất khác so với win server 2003, mà lại toàn cho làm các bài lab trên win server 2003, có vẻ cũ .",0,3
"giảng viên nên giảng sâu vào chương trình học , tránh lan man , dài dòng .",0,0
sự vui vẻ .,2,3
có bài tập rõ ràng .,2,1
"không rõ "" thu được gì "" từ môn học này .",0,3
"khi có sự cố về các môn học , thầy cũng gặp lớp để trao đổi , và giúp cho các thành viên trong lớp có hướng giải quyết tốt hơn ( không chỉ về môn học của thầy ) .",2,0
cô nhiệt tình và thân thiện .,2,0
chuẩn bị âm thanh trước môn học ổn định để tránh mất thì giờ vì điều chỉnh âm thanh trong phòng học .,0,3
"thầy nên dạy đúng giờ bắt đầu , đúng giờ kết thúc trừ trường hợp bất khả kháng , bài dài .",0,0
sau khi học xong 2 môn học wzjwz168 và wzjwz87 lớp do thầy wzjwz88 làm giảng viên lý thuyết và thầy wzjwz89 làm giảng viên em thấy một điều thế này .,1,3
"giảng viên không sử dụng moodle làm kênh thông tin liên lạc với học sinh , không up slide tài liệu bài giảng lên gây khó khăn cho việc nắm bắt thông tin về yêu cầu môn học và khó khăn trong học tập .",0,0
"giáo viên vui , tạo cảm hứng cho học sinh hoạt động trong lớp , em rất thích .",2,0
cô thường xuyên cung cấp bài tập và kiến thức thực tiễn mà các doanh nghiệp dùng để kiểm tra và giảng bài kỹ càng chi tiết .,2,0
giảng viên dạy hay và nhiệt tình .,2,0
giáo viên rất nhiệt tình giảng dạy cho sinh viên .,2,0
thầy giảng thường không đúng trọng tâm bài .,0,0
phòng học ngay cạnh bên công trường .,0,2
"môn thực hành cần có bài tập về nhà , tài liệu cập nhật rõ ràng hơn .",0,1
"giảng hay , nhiệt tình vui vẻ và rất quan tâm đến sinh viên .",2,0
"giáo viên tận tình , giảng bài dễ hiểu .",2,0
không có bài giảng trên moodle .,0,0
nói nhanh trong lúc giảng bài .,0,0
thầy dạy khá dễ hiểu .,2,0
"nhiệt tình với tất cả các câu hổi , ý kiến của sinh viên .",2,0
"cô rất nhiệt tình , luôn tận tâm truyền đạt kiến thức cho sinh viên .",2,0
thầy bận đôi khi nghỉ không báo trước .,0,0
"thầy wzjwz255 dạy nhiệt tình , có pha chút hài hước để lớp thoải mái .",2,0
"thầy dạy rất tâm huyết , dạy chậm và kỹ lưỡng .",0,0
thầy vui lòng soạn slide bài giảng để tụi em có thể ôn bài ở nhà .,0,0
mong cô sẽ truyền đạt một cách nhiệt huyết hơn nữa .,0,0
thầy nhiệt tình !,2,0
thầy cho nhiều bài tập ok .,2,0
tiết học sinh động .,2,0
"giảng viên nhiệt tình , khả năng truyền đạt tốt , tạo cảm hứng cho sinh viên muốn lên lớp .",2,0
nguồn tài liệu tự học không nhiều .,0,1
"cô dạy nhiệt tình , có bài tập rèn luyện .",2,0
"truyền đạt tốt , giọng nói to rõ ràng .",2,0
thầy wzjwz214 giảng rất hay và đưa ra nhiều ví dụ thực tiễn dễ hiểu .,2,0
ngôn ngữ thực hành các bài lab của từng bộ môn nên được trang bị trước cho sinh viên .,0,1
slide hướng dẫn rất trực quan và bổ ích .,2,1
không có tính thực tiễn .,0,1
"không biết là học để làm gì , nên đi sâu vào chuyên ngành từng khoa .",0,1
cô wzjwz204 giảng dạy rất nhiệt tình và chuyên nghiệp .,2,0
thầy dạy nhiệt tình nhưng cách dạy của thầy hơi khô khan .,0,0
"giảng viên đã kết hợp vừa học lý thuyết vừa giải bài tập giúp sinh viên dễ tiếp thu kiến thức , kỹ năng mới .",2,0
đề hơi khó với thực tế .,0,1
"thấy rất giỏi và dạy rất tốt , nhiệt tình , dễ hiểu .",2,0
"cung cấp đủ tài liệu về môn học , giảng viên tâm huyết với lớp .",2,0
"cô dạy rất chi tiết , dễ hiểu , biết cách truyền cảm hứng cho sinh viên .",2,0
tiếp thu được nhiều kiến thức .,2,1
cách truyền đạt của giảng viên tốt .,2,0
giảng viên nên cũng cấp slide cho sinh viên .,0,0
các giảng viên cần thống nhất chương trình dạy giữa các lớp với nhau .,0,0
chưa có nhiều bài tập cho sinh viên .,0,1
"môn này rất chán , giáo viên dạy cũng chán , nói chung vô cùng không hài lòng với môn này .",0,1
rất nhiệt tình .,2,0
nên cập nhật kiến thức thực tiễn .,0,1
còn một số mục khó nhưng hay thì cô lại dạy lướt qua .,0,0
cô chỉ dạy lý thuyết một cách cứng nhắc .,0,0
thầy giảng bài khó hiểu quá .,0,0
được thực hành những bài tập mang tính vận dụng kiến thức đã học cao .,2,1
"giảng viên ghi chép quá nhiều , tốn thời gian .",0,0
dạy rất sát với giáo trình của trường đưa ra .,2,0
"dạy theo phương pháp truyền thống , lối mòn , lặp khuông như dạy ngữ pháp , giải bài tập .",0,0
giọng cô dễ nghe .,2,0
nội dung giảng dạy của giảng viên còn sơ sài .,0,0
tiếng anh .,1,3
"thiết bị về máy chiếu chưa được tốt , mong nhà trường tạo điều kiện .",0,2
bài tập về nhà hơi khó .,0,1
thầy quá tuyệt vời coloncontemn .,2,0
"giảng viên dạy rất kỹ , quan tâm đến sinh viên .",2,0
cần cung cấp nhiều thông tin bài học hơn .,2,1
"một số kiến thức chỉ được giới hạn trong khuôn khổ của môn học , cần phát huy thêm khả năng tìm tòi sáng tạo của sinh viên trong các định lý định nghĩa có sẵn .",0,1
"hệ thống chấm điểm wecode kém thông minh , thường hay chấm sai cho những kết quả tương đương với kết quả đúng , thường gặp nhiều lỗi ngớ ngẩn .",0,1
giảng viên và trợ giảng đều rất nhiệt tình quan tâm đến học sinh .,2,0
cần nêu các công thức cơ bản khi dạy anh văn bổ túc .,0,1
có nhiều kiến thức bổ ích cho sinh viên và rất tận tâm .,2,0
tập trung vào giải thích vài kiến thức cơ bản .,0,0
thầy rất tốt với học sinh .,2,0
tăng cường chất lượng wifi cho các phòng lab .,0,2
"em đã đi làm , em không phủ nhận những kiến kiến nền tảng trên trường đại học nhưng thực sự tụi em phải trải qua quá trình đào tạo rèn luyện lại để phù hợp với môi trường doanh nghiệp .",0,1
"nên có những giáo trình hướng dẫn giải bài tập nhiều hơn vì trong trường dường như chỉ có 1 , 2 loại giáo trình bao gồm cả lý thuyết và bài tập chứ không có giáo trình hướng dẫn giải bài tập .",0,1
nên đơn giản hóa với các phần không quan trọng .,0,1
đưa slide bài giảng còn thiếu nội dung .,0,0
giảng viên có việc bận cho nghỉ nhiều .,0,0
nên hơi choáng do tự học quá nhiều .,0,3
"môn nhập môn quản trị doanh nghiệp thầy wzjwz111 dạy thường xuyên nghỉ học , lại không có thông báo trước .",0,0
nói hơi nhanh .,0,0
giải bài tập về nhà .,1,0
bài tập cô đảm bảo đủ và bám theo nội dung lý thuyết !,2,1
giảng dạy hết mình .,2,0
"sự tận tâm , nhiệt tình , đảm bảo thời gian và kiến thức cho sinh viên .",2,0
"thầy dạy hay , cho bài tập rất nhiều .",2,0
giảng dạy chi tiết .,2,0
