sentence,sentiment,topic
slide giáo trình đầy đủ .,2,1
"nhiệt tình giảng dạy , gần gũi với sinh viên .",2,0
đi học đầy đủ full điểm chuyên cần .,0,1
chưa áp dụng công nghệ thông tin và các thiết bị hỗ trợ cho việc giảng dạy .,0,0
"thầy giảng bài hay , có nhiều bài tập ví dụ ngay trên lớp .",2,0
"giảng viên đảm bảo thời gian lên lớp , tích cực trả lời câu hỏi của sinh viên , thường xuyên đặt câu hỏi cho sinh viên .",2,0
"em sẽ nợ môn này , nhưng em sẽ học lại ở các học kỳ kế tiếp .",1,3
"thời lượng học quá dài , không đảm bảo tiếp thu hiệu quả .",0,1
"nội dung môn học có phần thiếu trọng tâm , hầu như là chung chung , khái quát khiến sinh viên rất khó nắm được nội dung môn học .",0,1
cần nói rõ hơn bằng cách trình bày lên bảng thay vì nhìn vào slide .,0,1
thầy rất tận tình và đi dạy rất đúng giờ .,2,0
dễ bị áp lực .,0,3
"đang dạy thầy wzjwz208 đi qua nước ngoài giữa chừng , thầy wzjwz209 dạy thay .",1,0
môn học còn dễ cần nâng độ khó lên nữa .,0,1
"có thể cho sinh viên đi thăm quan nhiều công ty xem quy mô và cách làm việc , để giúp hiểu rõ hơn vê ngành mình đang học .",0,1
hài lòng về tất cả .,2,3
"nhiệt tình , vui vẻ .",2,0
thấy nhiệt tình trong việc trao đổi giúp đỡ về học tập .,2,0
phong cách giảng bài của thầy rất gần gũi với sinh viên !,2,0
giảng dạy kết hợp các hoạt động giải trí có hiệu quả .,2,0
cần tạo các buổi seminar để sinh viên có thể hiểu sâu thêm về các vấn đề trong chuyên ngành nhưng không có trong môn học .,0,1
tiết học thoải mái .,2,0
"thầy nhiệt tình , quan tâm tới sinh viên .",2,0
"giảng dạy nhiệt tình , hướng dẫn chi tiết đến lúc sinh viên hiểu !",2,0
"chưa có nhiều tiết làm bài tập , chữa bài tập trên lớp .",0,1
tài liệu được bổ sung nhiều và đầy đủ trên moodle .,2,1
giảng viên phải nên cho ví dụ cụ thể những phần quan trọng nên nói kỹ có thể lấy ví dụ minh họa tránh việc lập đi lập lại nhiều lần sẽ tạo cảm giác chán cho sinh viên .,0,0
nên biên soạn một tài liệu của chính trường ta .,0,1
không giúp đỡ sinh viên trong những vấn đề xung quanh .,0,0
"bài tập đa dạng , cụ thể .",2,1
"nội dung giảng viên yêu câu seminar hầu như không có tài liệu tham khảo và rất ít ứng dụng trong thực tế , đề nghị có sự thay đổi trong những năm học tới .",0,1
slide up đầy đủ trước mỗi buổi học .,2,1
"nội dung giảng dạy quá nhàm chán , khô khan .",0,1
lượng kiến thức quá nhiều trong một học kỳ .,0,1
thầy chép bảng nhiều .,0,0
"thầy tận tình hướng dẫn cách làm , giải quyết những thắc mắc của sinh viên .",2,0
"chúc các thầy cô , anh chị làm việc vui vẻ !",2,3
"hay , nhiệt tình , dễ hiểu .",2,0
"mặc dù nhiệt tình nhưng khi truyền đạt thì lại khó hiểu , sử dụng ngôn từ gây khó khăn cho việc hiểu bài .",0,0
"thầy dạy khá hay , cung cấp nhiều thông tin liên quan đến môn học , đưa ra nhiều hướng giải quyết khi sinh viên gặp vấn đề khó khăn với đồ án !",2,0
hy vọng học kỳ sau có thể học được với cô .,2,0
nhiều khi em lên lớp học môn đặc tả hình thức giống như lên lớp học mà không biết mình học cái gì .,0,1
trong khi giảng nói nhỏ quá .,0,0
thực hành khó hiểu .,0,1
"thầy rất tận tâm nhiệt tình , quan tâm đến sinh viên , giảng bài dễ hiểu , kiến thức sâu rộng am hiểu cao .",2,0
"cô dạy với nhiệt huyết của mình , dù như thế nào , cô vẫn luôn mỉm cười và kiên trì giảng bài cho chúng em đến khi chúng em hiểu .",2,0
"cô lên lớp đúng giờ , giảng bài rất dễ hiểu cho sinh viên .",2,0
"những thông tin cần thiết như doubledot thời gian dealine , cách nộp bài thường không dặn lớp thực hành thứ hai .",0,0
"thầy nhiệt tình , dễ chịu .",2,0
"giảng viên chưa đi sâu vào bản chất của vấn đề , em chỉ học thôi mà không biết bản chất của nó là gì nó có ứng dụng gì sau này cho chuyên nghành của em .",0,0
đặc biệt hơn là thầy đã bỏ rất nhiều công sức trong việc ra bài tập và chấm điểm một cách rõ ràng và minh bạch .,2,0
cô rất nhiệt tình và tận dụng tốt thời gian .,2,1
"giảng viên tận tâm , nhiệt huyết trong giảng dạy .",2,0
"thầy nhiệt tình , gần gũi .",2,0
"giảng viên tận tâm , giảng dễ hiểu , dễ tiếp thu .",2,0
tạo ra sự cạnh tranh trong mỗi buổi thực hành .,1,0
bài tập và có code tham khảo .,2,1
"cần nâng cấp hệ thống wifi , vì khi vào phòng thực hành , sinh viên không thể truy cập internet , buộc phải xin phép ra ngoài để làm bài .",0,2
tài liệu không chi tiết lắm .,0,1
"tận tâm , nhiệt tình , vui tính , dễ gần với sinh viên .",2,0
thầy dạy rất hay và nhiệt tình .,2,0
"thầy dạy không đúng giờ , không hướng dẫn sinh viên thực hành .",0,0
giúp đỡ học sinh quá ít .,0,0
cô dạy buồn ngủ quá .,0,0
nên kinh mong nội dung môn học được giảm tải cho phù hợp hơn với đặc thù của một trường công nghệ thông tin .,0,1
thầy tận tình vui tính .,2,0
cô lại kiểu khó tính nữa .,0,0
tạo hứng thú cho sinh viên .,2,0
cô giảng hay cuốn hút và truyền đạt dễ hiểu .,2,0
có hứng thú học .,2,0
ôn tập đúng theo thầy nhưng không biết cuối kỳ được mấy điểm .,1,1
"giảng viên hướng dẫn cụ thể , chi tiết .",2,0
giáo trình quá ít và nội dung không khác nhau là mấy .,0,1
"giáo viên nghỉ dạy liên tục , cuối học kỳ lại tăng học bù , những tiết học bù đó đã ảnh hưởng đến những đồ án , và trễ deadline .",0,0
"giáo viên lúc dạy lúc không , không dạy cũng không thông báo , sinh viên tốn thời gian , công sức , tiền bạc rồi ngồi đợi và đi về .",0,0
"cần có một phòng máy tốt hơn , hiện đại hơn .",0,2
thầy nên cho làm bài tập tương tự nhau nhiều hơn một vài bài để tránh tình trạng quên hoặc các dạng tựa nhau nhưng hơi khác cách làm .,0,0
"không ngờ môn này lại chán đến như vậy , không học được gì từ môn này , thầy dạy chán kinh khủng , hay đi trễ từ 30 - 45 phút , không nhiệt tình .",0,0
giảng viên đánh giá sai điểm và năng lực của học sinh .,0,0
không đáp ứng được đề cương môn học đề ra .,0,1
thầy nên hướng dẫn thực hành nhiều hơn .,0,0
"giảng viên thân thiện , quan tâm tới sinh viên .",2,0
"môn lập trình hướng đối tượng nên cập nhật thêm những nội dung mới , dễ hiểu và giảng giải cụ thể hơn .",0,1
"giáo viên nhiệt tình , tâm huyết , khả năng truyền đạt tốt .",2,0
thầy dạy rất tốt và nhiệt tình .,2,0
"cô nói hơi nhỏ , nếu lớp ồn sẽ khó nghe .",0,0
"bài tập cô đưa ra nhiều , và khó tìm hiểu , với kiến thực hiện tại của sinh viên thì khó có thể tìm hiểu và làm tốt bài tập cô ra .",0,0
bài tập và hoạt động nhóm còn ít .,0,1
"giảng viên rất nhiệt tình , phương pháp giảng dạy hay , sinh viên nắm bắt kiến thức ngay trên lớp .",2,0
cô hướng dẫn thực hành khá đầy đủ .,2,0
được học nhiều kinh nghiệm từ thầy wzjwz163 .,2,0
"kiến thức của thầy rất tốt , bảo đảm giờ lên lớp .",2,0
hiện tại em chưa thấy tác dụng gì nhiều khi học môn này .,0,1
cải thiện lại cơ sở vật chất máy chiếu trong phòng học .,0,2
dạy không phù hợp với cách học của em .,0,0
giải thích nội dung mới rõ ràng .,2,0
lớp học quá đông !,0,1
"môn căn bản mà thầy không dạy cho sinh viên kỹ , gây không hiểu , mất căn bản .",0,1
"giảng viên chưa cho bài tập về nhà để sinh viên làm nên cho 5 bài mỗi chương , không cần chữa chỉ cần đáp án .",0,0
"mà hiện tại trường ta chưa có , đây là thiệt thòi lớn đối với tụi em .",0,1
tôi cảm thấy giảng viên dạy rất tốt .,2,0
"không biết thầy nào dạy chính thức , mà học thường nghỉ không thông báo trước để sinh viên đứng chờ sắp hết tiết rồi tự về nhiều lần .",0,0
cần có sự tương tác giữa giảng viên và sinh viên nhiều hơn .,0,3
giảng viên thân thiện nhiệt tình cởi mở .,2,0
"giáo viên có mời các công ty về trình bày , giúp sinh viên cập nhật kiến thức thực tiễn .",2,0
coi lại thái độ giảng viên thực hành .,0,0
"giảng viên nhiệt tình , giải nhiều bài tập .",2,0
bài giảng của thầy rất nhiệt tình .,2,0
"môn học chưa thực tiễn , chưa thu hút sinh viên .",0,1
dạy hơi nhanh !,0,0
ít làm bài tập .,0,1
"giảng bài kém thu hút , vị trí đứng giảng không hợp lý , ôn tập cuối kỳ còn chưa tập trung vào vấn đề .",0,0
"giảng viên nhiệt tình , bài giảng thu hút .",2,0
"nhờ thầy và giảng viên lý thuyết , em đã hiểu rõ về môn này rất nhiều !",2,0
môn này khá trừu tượng nên mong thầy có nhiều liên tưởng tới thực tiễn hơn để chúng em có thể hiểu .,0,1
cần thêm nhiều tài liệu cho sinh viên .,0,1
bài tập trên lớp .,1,1
tăng số tiết dạy lên để sinh viên có nhiều cơ hội hỏi đáp thắc mắc về môn học .,0,1
thầy nhiệt tình dễ hiểu .,2,0
thực hành và lý thuyết nên dạy song song .,0,1
giảng viên dạy nhanh .,0,0
bài tập trên lớp nên được giới thiệu ngay từ đầu tiết học để học sinh không tốn thời gian đọc đề cũng như có thể suy nghĩ cách giải cùng lúc với việc nghe giảng .,0,1
giảng viên cho bài tập hay .,2,0
cập nhật bài tập mới .,0,1
"lên lớp ai làm việc người ấy , thầy không có giảng gì thêm .",0,0
"tận tâm , nhiệt tình , quan tâm đến sinh viên .",2,0
phản hồi giải đáp thắc mắc cho sinh viên .,2,0
dạy quá nhanh .,0,0
mong ban thiết bị sớm khắc phục ạ !,0,2
môn này cần làm đề tài để áp dụng lý thuyết vào thực tiễn mà trên lớp chỉ học một đống lý thuyết và hiếm ai nhớ đa số khá buồn ngủ khi lên lớp .,0,1
"giảng viên nên đổi mới phương pháp giảng dạy , tránh thô cứng , không hấp dẫn sinh viên .",0,0
"nhiệt tình , tạo cách chủ động cho học sinh tiếp cận với môn học và tham gia các chương trình phong trào liên quan để nâng cao kỹ năng .",2,0
"cô dạy rất tận tình , dễ hiểu .",2,0
không đáp ứng được nhu cầu của sinh viên .,0,1
thầy rất nhiệt tình với chúng em và điều này làm em rất hài lòng .,2,0
cách giảng dạy của thầy rất hay và có phần dễ hiễu .,2,0
"nhiệt tình , dễ thương .",2,0
không hướng dẫn đồ án .,0,0
em xin đề nghị nhà trường nên bổ sung tài liệu về môn học và cập nhật nội dung .,0,1
"chép bài rất nhiều , lãng phí thời gian nghe giảng .",0,0
"em không học thầy wzjwz178 kỳ này , giáo viên thực hành có 2 người nên có lẽ daa nhầm .",0,0
đề thi môn dài sinh viên làm không đủ thời gian .,0,3
cho làm nhiều bài test .,0,0
theo em thì nên thi phòng máy nào có visual 2013 trở lên .,0,2
cần thêm nhiều tài liệu cho môn học .,0,1
thầy giảng dạy tốt .,2,0
mong thầy có thể hướng dẫn cách cụ thể nhất cho những bài khó .,0,0
thầy cần cho bài tập và hướng dẫn nhiều hơn .,0,0
"giáo viên lên lớp đúng giờ , giảng bài sôi động .",2,0
em thấy thầy chỉ giảng cho có .,0,0
cần xác định rõ mục đích môn học và cho sinh viên đề cương chi tiết môn học trước khi bắt đầu .,0,1
"thầy nói chuyện với sinh viên rất tự nhiên , chia sẻ kinh nghiệm thực tế .",2,0
dạy theo sát chương trình .,2,0
cung cấp thêm trang thiết bị phục vụ nhu cầu môn học .,0,2
đề nghị nâng cấp phòng lab khoa mạng .,0,2
"thầy giảng hay và tâm huyết , bài giảng có tính thực tiễn cao .",2,0
đi dạy đúng giờ .,2,0
"thầy cung cấp nhiều kiến thức mới , thầy dạy tận tâm và nhiệt tình !",2,0
có tăng thêm nhiều ví dụ để minh họa cho lý thuyết vì có nhiều phần lý thuyết rất trừu tượng .,2,0
các yêu cầu về đồ án môn học nên đươc đưa ra chính xác trước khi sinh viên bắt đầu thực hiện chia nhóm và làm đồ án .,0,1
"dạy dễ hiểu dễ tiếp thu , tập trung vài kiến thức trọng tâm .",2,0
"dạy chưa được kỹ lắm , điểm nên thoáng hơn .",0,0
chưa chuẩn bị kỹ bài giảng để có thể trả lời các thắc mắc của sinh viên trên lớp .,0,0
cô khá tận tâm cho học sinh .,2,0
"cần cải cách lại nội dung các bài thực hành , một số kiến nội dung trong bài thực hành đã trở nên lỗi thời .",0,1
giảng viên có khả năng truyền đạt kiến thức tốt .,2,0
cho làm nhiều bài tập .,0,0
nghiên cứu khoa học .,1,3
"giáo viên dạy rất tận tâm , nhiệt tình .",2,0
thầy cô hướng dẫn đồ án hệ thống thông tin cần có thêm một vài buổi gặp mặt với sinh viên và đưa ra lịch cố định trên trường để sinh viên thắc mắc có thể lên hỏi trực tiếp !,0,0
chỉ thông báo trên lớp sẽ khó tránh sai sót .,0,3
cô viết ở góc bảng gần chổ bụt giảng khiến nhiều khi khó quan sát được ạ .,0,0
đề nghị lắp thêm quạt .,0,2
dạy kỹ .,2,0
bài tập cần đa dạng hơn .,0,1
nói rất nhỏ .,0,0
có lúc làm bài sai giáo viên nói làm hơi tự ái .,0,0
không sửa các bài tập thực hành .,0,0
em chưa hiểu rõ cách thức chấm điểm bài kiểm tra thực hành .,0,1
làm bài tập nhiều mặc dù không hiểu lắm .,0,1
thi thoảng nghỉ học không thông báo trên daa .,0,0
"thầy dạy dễ hiểu , tiết học dễ hiểu , sôi nổi .",2,0
"thầy giảng dạy nhiệt tình , truyền cảm .",2,0
"giảng dạy rất chi tiết , dễ hiểu và dễ tiếp thu .",2,0
truyền đạt những kiến thức tốt .,2,0
cô vui tính .,2,0
nếu có thì chỉ hướng dẫn bằng lý thuyết mà không làm bài tập mẫu cho sinh viên .,0,0
cô chưa có nhiều kênh bài tập cho sinh viên .,0,0
bạn nào khá thì có thể áp dụng công thức vào bài tập cả lớp chưa đến 30% còn thực sự hiểu môn học thì rất ít người hiểu .,0,3
thầy dạy hơi nhanh .,0,0
ít hướng dẫn sinh viên trong giờ thực hành .,0,0
không thực hành được buổi nào .,0,3
"thầy dạy phần lý thuyết hay , nắm bắt được khả năng của sinh viên .",2,0
"ví dụ đề tài của em là doubledot các nguyên lý cơ bản , bao gồm 7 nguyên tắc của bohm ( 1983 ) .",1,3
"giáo viên nhiệt tình , dạy dễ hiểu , tận tình với sinh viên .",2,0
"tân tâm , nhiệt tình trong lớp lẫn bên ngoài .",2,0
thầy giảng dạy tận tâm nhiệt tình .,2,0
"thầy vui tính , giảng bài dễ hiểu , nhiệt tình .",2,0
thầy giáo dạy nhiệt tình .,2,0
"dạy dễ hiểu , gần gũi sinh viên .",2,0
"cô dạy rất nhiệt tình và tài liệu của cô rất cụ thể dễ hiểu , cô hướng dẫn rất tận tình .",2,0
mong thầy cố gắng trong các học kỳ sau .,0,0
cần đưa ra nhiều ví dụ minh họa hơn .,0,1
"giảng viên hoà đồng , vui vẻ , chỉ giảng tận tình sinh viên ham học hỏi .",2,0
giảng viên không dạy một tiết thực hành nào .,0,0
không !,1,3
nên có sự thống nhất giữa các giảng viên bộ môn trong đề cương giảng dạy .,0,0
"có những phần kiến thức chỉ một nửa lớp được học nhưng giảng viên nghĩ là cả lớp đã học rồi nên chỉ overview , những sinh viên còn lại khó nắm được .",0,0
máy tính cập nhật nhanh hơn .,0,2
"vui , hòa đồng , nhiệt tình .",2,0
có giúp đỡ sinh viên học tập nghiên cứu .,2,0
"giảng viên tận tâm , nhiệt tình , ham học hỏi .",2,0
"tuy nhiên cô nên cân nhắc lại về số lượng yêu cầu đối với sinh viên để sinh viên không bị khớp vì quá nhiều dẫn đến làm qua loa cho có , như vậy thì kết quả lại không tốt .",0,0
"cô rất tận tâm , rất ok , em rất thích cách dạy và học của cô ( mặc dù hơi nhanh tí ) .",2,0
mong thầy và nhà trường xem xét lại những điều em vừa nói .,0,0
"thầy tận tâm , nhiệt tình , tạo động lực cho sinh viên .",2,0
"thầy giáo tận tình , dạy kỹ , thường đưa ra câu hỏi để xem xét mức độ hiểu biết của sinh viên .",2,0
cần tăng cương trao đổi giữa sinh viên và giáo viên .,0,1
nói chung là nghe không bao giờ nghe rõ được .,0,3
cách truyền đạt của giáo viên chưa có sức hút đối với sinh viên nhiều cho lắm .,0,0
"cô giáo thân thiện dễ gần , thực hành nhiều .",2,0
chưa tiếp thu trọn vẹn .,0,0
cần cải tiến trang thiết thực hành .,0,2
giảng kỹ hơn .,0,0
còn hơi kéo thời gian .,0,0
có nhiều bài tập về nhà cơ bản lẫn nâng cao và giảng viên sửa bài đủ .,2,0
thầy rất hiền và kiên trì giảng dạy cho lớp mặc dù môn học này đối với em không được hứng thú lắm .,0,0
đôi lúc giảng bài hơi nhanh .,0,0
có một số buổi không đi dạy .,0,0
thầy nhiệt tình và dạy dễ hiểu .,2,0
"có kiến thức nền tảng này , sinh viên có thể học thêm bất kỳ công nghệ cụ thể nào đó dễ dàng , cũng như tiếp thu thay đổi công nghệ mới nhanh chóng .",2,3
"cấu trúc đề cương của thầy chưa rõ ràng , lý thuyết chưa được trình bày rõ trong các buổi học .",0,1
tài liệu hỗ trợ toàn tiếng anh rất khó học .,0,1
chưa nhận được gì từ môn học này .,0,3
"giảng viên không hề giảng dạy , chỉ đưa đề cương rồi thôi .",0,0
bài tập mỗi tuần đều có và đầy đủ .,2,1
em xin cảm ơn .,2,3
thầy cần phải cho sinh viên biết được học môn này có tác dụng gì và làm được gì khi học xong .,0,0
đề nghị tăng thời gian thưc hành .,0,1
không được làm những chuyện riêng trong lúc dạy thực hành .,0,0
hỗ trợ thêm giáo trình không phải slide cho sinh viên .,0,2
cô wzjwz259 rất vui và nhiệt tình .,2,0
"giáo viện nhiệt tình , tận tâm .",2,0
"kiến thức được giảng viên trình bày rõ ràng , dễ hiểu cho sinh viên .",2,1
cần thêm nhiều kit để thực hành .,0,2
dạy khó hiểu quá nhanh .,0,0
"luôn gần gũi , tham khảo ý kiến sinh viên và thống nhất cũng sinh viên .",2,0
sắp xếp lịch học bù chưa hợp lý .,0,1
"nhà trường nên đưa môn học này vào thời khóa biểu bắt buộc ở học kỳ 1 của các sinh viên năm nhất nhằm giúp các em nắm biết được mình nên học gì , mình có nên chuyển đổi ngành hay không .",0,1
thời gian thực hành cần nhiều hơn .,0,1
giảng viên rất nhiệt tình trong giảng dạy .,2,0
slide chuẩn bị chưa tốt .,0,1
thầy hay đòi hỏi sinh viên những điều hơi quá cao .,0,0
cô giảng hướng dẫn nhiệt tình .,2,0
"chúng em đã gặp khó khắn với khổ giấy nhỏ , mô hình thì lớn và phức tạp .",0,3
giảng quá nhiều không đánh vào trọng tâm .,0,0
"em không muốn nói gì nhưng mong thầy xem lại cách đánh giá sinh viên để công bằng hơn , cái sinh viên không biết không phải chỉ ở cúp tiết mà còn ở cách giảng dạy , truyền đạt ở giảng viên , ví dụ như cô wzjwz324 , rất dễ hiểu , tận tâm .",0,0
cô có nhiều hình thức giảng dạy hay .,2,0
hơi khó .,0,0
thầy đi trễ .,0,0
giảng tốt .,2,0
nói mở rộng nhiều vấn đề về môn học .,2,0
cần tăng cường nội dung nghe và nói để sinh viên giao tiếp tốt hơn bằng tiếng anh .,0,1
giảng viên tạo điều kiện làm nhiều bài tập .,0,0
hỗ trợ thêm về các thiết bị dạy và học .,0,2
ít giải bài tập trên lớp .,0,0
chia sẻ .,1,1
bám sát nội dung chính .,2,1
cần thêm các đoạn code cho các giải thuật bổ sung các phương pháp để giải quyết các bài toán liệt kê .,0,1
thông tin đầy đủ về bài tập và các nguồn tham khảo .,2,1
"cô tận tâm , nhiệt tình , phương pháp dạy dễ hiểu .",2,0
"thầy giảng rất dễ hiểu và thú vị , thu hút .",2,0
hướng dẫn chi tiết về cách thực hành .,2,0
"giảng viên chỉ cho đồ án và giải đáp các yêu cầu đồ án , không cung cấp tài liệu hay hướng dẫn cơ bản , sinh viên tự tìm hiểu với lý do là hệ tài năng nên cần tự xoay sở .",0,0
"môn học toàn kiến thức mới mẻ , giảng viên nên giảng chi tiết hơn .",0,0
"đến khi cuối kỳ , chỉ cần sinh viên mắc một sai sót nhỏ thì sẽ rớt môn .",0,1
"cần thay đổi cách dạy và nội dung học của phần thực hành , các bài thực hành hiện tại của môn mạng máy tính chưa đảm bảo hiệu quả .",0,1
"thầy dạy hay , tận tình góp ý từng bài .",2,0
"cơ sở vật chất , phỏng máy không đủ phích cắm cho dụng cụ thực hành và số lượng sinh viên , máy còn tiềm ẩn nhiều virus .",0,2
"trên lớp lý thuyết giảng viên yêu cầu sinh viên phải thực hiện đồ án theo những gì mình hướng dẫn , những nhóm sinh viên bổ sung thêm những liên hệ thực tiễn đều bị cho là sai , không phù hợp với đồ án .",0,1
thầy giảng bài hay và hiệu quả !,2,0
giảng viên nhiệt tình vui vẻ .,2,0
phòng học nên có rèm che sáng để khi chiếu slide được nhìn rõ hơn .,0,2
"chương trình dạy lý thuyết và thực hành nên khớp với nhau hơn , tránh tình trạng thực hành trước khi học lý thuyết .",0,0
"thầy giảng dạy nhiệt tình , dễ hiểu .",2,0
mong giảng viên ngày càng chấn chỉnh việc dạy học để các khoá sau được hiểu tốt hơn .,0,0
"thầy dạy rất có tâm , và giảng cho sinh viên rất nhiều thứ !",2,0
"nội dung khảo sat quá dài , nhiều mục lặp đi lặp lại , nhiều bạn khảo sát mà không cần đọc , toàn tích chàn .",0,1
dạy tốt và rất nhiệt tình chỉ dạy hoc sinh .,2,0
"nhiệt tình , tân tâm .",2,0
"nhưng học mới thấy kiến thức thầy dạy rất hay , bám sát thực tế , thầy dạy rất nhiệt tình , vui vẻ , khác với mọi người nói .",2,0
bài tập rất hay .,2,1
thầy cô cần cho nhiều dạng bài tập sát với đề thi hơn .,0,0
"thầy giảng hay nhưng nên tự tin hơn , nói to hơn để học sinh hiểu bài một cách rõ ràng hơn .",2,0
"mong thầy vui tính , gần gũi với sinh viên hơn .",2,0
"giáo viên vui tính , hòa đồng , nhiệt tình .",2,0
cung cấp kiến thức trọng tâm .,2,1
cố gắng truyền đạt một cách tốt nhất để sinh viên được hiểu .,2,0
giọng của giảng viên nhỏ dù đã sử dụng micro .,0,0
"dù phương pháp học tập này khá hiệu quả nhưng vẫn có chút nào đó nghi ngờ từ phần thuyết trình của các bạn , liệu các kiến thức đó có chuẩn xác và cập nhật chưa .",1,1
giáo viên có phong cách giảng dạy nghiêm túc .,2,0
"cô rất vui tính nà , không khí lớp lúc nào cũng vui hết , cô dạy rất hay , dễ hiểu !",2,0
"giảng viên giảng dạy rất tốt , thường xuyên cung cấp thêm nhiều kiến thức .",2,0
"thầy luôn nhiệt tình , có những chia sẻ rất gần gũi với sinh viên .",2,0
có khả năng truyền đạt tốt .,2,0
thậm chí còn không có bài nào khó bằng các bài trong nội dung của lớp chuyên tin ở các trường cấp 3 .,0,1
thầy dạy tận tụy và tâm huyết .,2,0
thầy nên có cách dạy mới cho môn học này để được kết quả tốt cho tất cả mọi người thay vì để rớt rất nhiều người !,0,0
lịch thi thực hành cần được thông báo sớm tới sinh viên và phù hợp với thời gian môn học .,0,1
cô nên giảng kỹ và chi tiết từng bài vì nhiều bài đa số các bạn chưa hiểu thì cô lại giảng nhanh để chuyển qua bài khác .,0,0
dạy tốt đúng trọng tâm những gì cần biết .,2,0
"nhiệt tình , lên lớp đúng giờ , dạy dễ hiểu .",2,0
"nếu em buồn ngủ , dù lên lớp em vẫn sẽ ngủ , mà ngủ ở trên lớp thì đau lưng và tê chân lắm .",0,3
cơ mà em học môn này em hiểu colonlove .,2,3
thiếu kinh nghiệm truyền đạt .,0,2
bài giảng thú vị .,2,1
em nghĩ nội dung thực hành nên gần với đồ án hơn .,0,1
thầy nhiệt huyết và giảng bao quát đề cập đến nhiều khía cạnh của bài học vấn đề .,2,0
giảng viên giảng bài kỹ .,2,0
"hệ thống đồ án chấm điểm theo mức độ hoàn thành của sinh viên , tạo sự ganh đua không hề nhẹ với những nhóm làm chung đồ án , kích thích sáng tạo không ngừng tìm hiểu xây dựng thêm chức năng mới cho đồ án nếu muốn được điểm cao .",2,1
"nhiệt tình , tâm huyết .",2,0
ít chú trọng phần ngữ pháp .,0,1
"giảng viên còn chưa tận tâm , phong cách giảng dạy chưa thu hút được sinh viên .",0,0
"giảng rất dễ hiểu , hướng dẫn làm thực hành tốt .",2,0
"thầy dạy rất nhiệt tình , khi dạy thầy luôn đi tới từng sinh viên để hướng dẫn .",2,0
giảng viên nhiệt tình trong giảng dạy và chấm điểm .,2,0
"cách truyền đạt kiến thức đối với em là rất hiệu quả , trao đổi bài với sinh viên , cô rất nhiệt tình !",2,0
"giảng dạy hay , dễ hiểu , tận tình .",2,0
"kiến thức rộng , kinh nghiệm thực tế nhiều , truyền cảm hứng cho sinh viên .",2,0
cách dạy sáng tạo .,2,0
giảng bài dễ tiếp thu .,2,0
em rất hài lòng với cô .,2,0
"thầy dạy dễ hiểu , sinh động .",2,0
cô chưa nắm bắt được thực trạng học của sinh viên .,0,0
ảnh hưởng đến tiến độ học tập và quỹ thời gian của sinh viên ( do học bù ) .,0,0
cô giảng bài dễ hiểu .,2,0
điều em hài lòng nhất đó là thầy đi rất đúng giờ và không dạy quá nhanh .,2,0
nên có giáo trình thống nhất cho tất cả các lớp và học kỳ học .,0,1
em nghĩ cần có các bài tập lớn để nâng cao khả năng lập trình của các sinh viên .,0,1
rất nhiệt tình với sinh viên .,2,0
"giảng viên có phương pháp giảng dạy hay , cập nhật , phù hợp với sinh viên .",2,0
giảng dạy tốt và có tâm .,2,0
dạy lý thuyết hơi nhiều .,0,0
giảng viên chấm bài quy chụp theo kết quả .,1,0
"thời lượng môn học quá dài , sinh viên cảm thấy mệt mỏi .",0,1
giảng viên vui tính dễ tương tác với sinh viên .,2,0
"nhiệt tình hay giúp đỡ sinh viên khi không biết , cho nhiều bài tập .",2,0
"thầy cho điểm phần nào còn theo cảm tính , chưa được công bằng .",0,0
thầy giảng dạy rất nhiệt tình .,2,0
"thầy nhiệt tình , bài giảng phong phú đa dạng .",2,0
không có gì đặc biệt .,1,3
"mỗi tháng chỉ gặp giảng viên một lần rất khó cho việc học hỏi , hướng dẫn từ giáo viên .",0,0
"thầy nên chuẩn bị riêng một slide cho mình để giảng dạy , không nên lấy slide của người khác rồi đến khi sơ sót , thầy lại lấy cái lý do "" đây không là slide của tôi "" , "" cái này tôi cũng không rõ nữa "" .",0,0
thầy cho làm các bài tập tại lớp trong khi sinh viên chưa biết gì về vấn đề đó .,0,0
đôi khi đi quá sâu vào một vấn đề bên lề .,0,0
"giảng viên dạy tận tâm , nhiệt tình , dễ hiểu .",2,0
cô thật nhiệt tình .,2,1
phòng thực hành tốt .,2,2
"nói chuyện lan man , không liên quan đến môn học quá nhiều .",0,3
giảng viên rất tận tâm .,2,0
phân bổ hợp lý thời gian học và nên cho xem nhiều video hơn là nghe .,0,1
"thầy bận nhiều nên cũng nghỉ nhiều , hi vọng thầy có thể sắp xếp thời gian .",0,0
giáo viên sử dụng giờ trên lớp hiệu quả .,2,0
"giáo viên tận tình , dạy truyền đạt tốt .",2,0
"giảng viên dạy tốt , nhiệt tình .",2,0
giảng viên tạo cảm hứng cho sinh viên học tập .,2,0
chán .,0,0
"thầy nhiệt tình , tận tâm giúp đỡ sinh viên .",2,0
"dạy quá chậm , quá cặn kẽ .",0,0
thầy wzjwz174 ít cho bài tập về nhà .,0,0
thầy đôi khi nói hơi khó hiểu .,0,0
"giảng viên tận tâm , nhiệt tình , hỗ trợ giải đáp thắc mắc môn học cho sinh viên .",2,0
"nên đi sâu vào vấn đề , giúp sinh viên hiểu tốt môn học , và nên có những ứng dụng cụ thể mà môn học đem lại .",0,1
làm bài tập .,1,3
cứ ngỡ được 10 điểm là chắc chắn rồi .,0,1
thầy yêu cầu quá cao đối với một sinh viên có thể tiếp thu mọi kỹ năng cần truyền đạt vào một đồ án .,0,0
thêm phòng thiết bị để thực hành .,0,2
dễ hiểu đầy đủ .,2,0
điểm .,1,3
"giáo viên tốt bụng , vui tính .",2,0
"slide quá khó hiểu , nhiều chỗ không giải thích rõ ràng , đặc biệt là các bài hướng dẫn thực hành .",0,1
"nói rõ mục tiêu cũng như các bước làm của lab , khối lượng bài tập vừa phải .",2,0
giải đáp kịp thời những thắc mắc cho sinh viên .,2,0
"giảng viên nhiệt tình , phương pháp dạy dễ tiếp cận , dễ hiểu .",2,0
"phòng học cần lắp thêm quạt và ổ cắm vì sinh viên phải sử dụng laptop để làm bài tập , cần có thêm màn che cửa sổ để có thể theo dõi bài giảng trên slide tốt hơn .",0,2
bài tập không cho ví dụ về nhà để xem lại .,0,1
giảng viên thiếu rất nhiều hoạt động để việc học bớt nhàm chán khi quá bám sát bài học .,0,0
"thầy dạy dễ hiểu , rất hài lòng .",2,0
"micro và các thiết bị âm thanh , máy chiếu cần nâng cấp .",0,2
"cách giảng bài dễ hiểu , hay .",2,0
đầy đủ kiến thức .,2,1
chất lượng phòng máy rất tệ .,0,2
"thầy giảng ngắn gọn , đầy đủ .",2,0
tốt giỏi chu đáo .,2,0
"tuy có phần chém gió kinh điển nhưng kiến thức , hiểu biết rộng , đặc biệt về công nghệ .",2,0
"chờ học sinh gửi email mới show được slide to lên , giảng cho qua loa không hỏi học sinh có hiểu gì hay không ?",0,0
tạo niềm vui cho bọn em tuy lý thuyết bọn em rất đuối sức .,2,0
"nhiệt tình , truyền cảm hứng .",2,0
"thầy hài hước , giọng truyền cảm .",2,0
"thầy dạy rất nhiệt tình , tâm huyết , dễ hiểu .",2,0
không hiểu cách chấm bài thi của thầy .,0,0
tiết học chưa được thu hút .,0,1
giảng viên nên thay đổi phương pháp giảng dạy để tương tác nhiều hơn với sinh viên .,0,0
cần vào thẳng nội dung .,0,1
"thầy đẹp trai , dạy dễ hiểu , hay trò chuyện thực tiễn với học sinh .",2,0
cô dạy trên lớp và thực hành tận tâm .,2,0
em rất hài lòng về thầy .,2,0
"thầy quá bảo thủ , thầy luôn cho rằng ý kiến của thầy là đúng nhất , ngoài ra mọi ý kiến khác đều sai .",0,0
"thầy wzjwz252 giảng bài rất thu hút , kiến thức thầy rất rộng , luôn giải đáp thắc mắc cho sinh viên .",2,0
"giảng viên rất hòa đồng vui vẻ , nhiệt tình trong giảng dạy .",2,0
"giảng viên tận tâm , tạo điều kiện cho học sinh làm bài tập .",2,0
cần giải bài tập nhiều hơn .,0,1
"kiến thức thực tiễn của thầy rộng , giảng dạy vui vẻ .",2,0
cô cũng không cung cấp hay giải thích gì đáp án của bài thi .,0,0
"thầy rất nhiệt tình , nói rất nhiều đến khản giọng mà sức truyền tải không bằng thầy wzjwz159 .",2,0
kiến thức giảng dạy môn tiếng anh hầu như không giúp ích nhiều cho sinh viên trong việc tìm hiểu các tài liệu chuyên ngành .,0,1
"thấy rất hiền , rất chi là hơi trẻ con .",2,0
"giảng dạy hay , dễ hiểu , cuốn hút sinh viên .",2,0
"cách tìm kiếm chúng ở đâu , khai thác chúng ở đâu chứ không phải là phải nhớ mấy cái phương thức hay các hàm rồi viết lên giấy vào đề thi cuối kỳ .",0,1
"giảng hơi nhanh , chưa kỹ lắm .",0,0
"những phần trọng tâm bài tập thì cũng không nói được "" đây là phần quan trọng có trong đề thi các em cần chú ý "" .",0,1
"nghe , nói luyện tập cao .",2,1
giáo viên giảng hay dễ hiểu .,2,0
sử dụng phần mềm crack .,0,1
nhiều khi dạy quá thời gian .,0,0
tuy dạy chậm giúp học sinh dễ hiêu tuy nhiên nhiều bài khó thì sẽ khiến sinh viên dễ chán .,0,0
"thầy vui tính , thương sinh viên , dạy dễ hiểu .",2,0
thầy bằng nhiệt tình tận tụy với sinh viên trong việc hướng dẫn đồ án .,2,0
"dạy dễ hiểu , thân thiện .",2,0
có các phần ôn tập không liên tới bài kiểm tra .,0,0
không nên tổ chức thực hành hình thức 2 .,0,1
sự thân thiện và tận tình đối với học viên .,2,3
"thầy giảng bài nhiệt tình , gần gũi với sinh viên , nội dung không hiểu có thể hỏi ngay thầy tại lớp .",2,0
giảng viên cần nắm vững xem sinh viên có hiểu được bài hay không và đưa ra phương án để sinh viên nắm vững kiến thức .,0,0
thầy thiện nhiệt tình .,2,0
truyền đạt thực tiễn vấn đề .,2,0
giáo viên rất nhiệt tình và tâm huyết đối với sinh viên .,2,0
"âm thanh thầy giảng hơi nhỏ , khó khăn trong việc nghe giảng .",0,0
nên thay đổi hình thức khảo sát với môn học này thì môn học này không có lên lớp và chỉ có đến hạn thì báo cáo với giảng viên .,0,1
"sinh viên hỏi , nhận câu trả lời cũng như không hỏi .",0,0
"thầy dạy khá nhiệt tình , vui tính .",2,0
"em nghĩ chỉ nên bắt buộc các bài tập có dạng căn bản , còn bài tập tương tự thì chỉ khuyến khích sinh viên làm thêm .",0,1
thầy dạy rất hay ạ !,2,0
"không thống nhất trước về hình thức thi và làm bài tập , đến những tuần cuối cùng mới công bố .",0,1
nhằm giảm thời lượng giảng dạy cũng như sự thú vị khi học môn toán .,0,3
"giảng viên dạy nhiệt tình , dễ hiểu .",2,0
em mong cô cũng như toàn thể các giảng viên hãy xem xét lại việc điểm danh vì đại học dù sao cũng là tự học chứ không phải như là phổ thông nữa .,0,0
"cô cực kỳ nhiệt huyết , cô rất dễ thương colonlove cô yêu học trò của mình , cô cực kỳ khách quan , phong cách làm việc của cô rất giống người nước ngoài , em thích cô .",2,0
"giảng viên nhiệt tình , tận tâm với công việc , slide dễ hiểu , hoạt động học tập sôi nổi .",2,0
"chú ý giữ sức khỏe , nhất là cổ họng colonsmile .",0,3
"thầy tận tâm , nhiệt tình .",2,0
máy ở phòng thực hành quá tệ .,0,2
thầy rất dễ thương .,2,0
"giảng viên nhiệt tình , thân thiện .",2,0
"thầy truyền đạt rất tận tình , dễ hiểu lượng bài tập , nội dung thi hợp lý , vừa sức với sinh viên .",2,0
giảng viên nên đến đúng giờ hơn và cho nhiều bài tập hơn .,0,0
"em thấy những nội dung như vậy rất mơ hồ , có tính áp đặt suy nghĩ cho người học .",0,1
"cần nâng cấp máy tính trong phòng thực hành , nhiều kit de2 bị lỗi cần sửa chữa hoặc thay mới .",0,2
em thấy môn này nhiều lý thuyết không đáp ứng đủ trong việc làm đồ án .,0,1
tạo điều kiện cho sinh viên làm việc nhóm .,2,0
phương pháp dạy chưa hay .,0,0
hay bị về trễ colonsad .,0,0
cần dạy chi tiết hơn .,0,0
cô giảng rất nhiệt tình .,2,0
dạy rất chi tiết và đầy đủ những kiến thức quan trọng .,2,0
"đề thi thực hành cần nêu yêu cầu cụ thể , rõ ràng hơn .",0,1
giọng của giảng viên rất khó nghe nên không thể nghe giảng hết những điều thầy nói .,0,0
"giảng dạy hay , nhiệt tình .",2,0
"giảng viên biết cách truyền đạt , giảng rất hay và dễ hiểu .",2,0
"dạy hơi nhiều , và hơi nhanh .",0,0
nên tạo không khí thoải mái cho tiết học để sinh viên dễ hiểu bài và thêm yêu thích môn học của giảng viên .,0,0
giảng dạy tận tâm .,2,0
"cả năm toàn học vòng lặp "" if "" "" for "" "" while "" đến bữa cuối mới lơ mơ học được struct với tạo file header mà ra đề 5 điểm trong phần đó .",0,0
"gần gũi , thân thiện với sinh viên , khả năng truyền đạt kiến thức tốt .",2,0
quá dễ dẫn đến buồn ngủ .,0,0
giảng viên không có tính hài hước .,1,0
"vui tính , nhiệt tình .",2,0
"thầy vui tính , giảng bài hay , đưa nhiều thông tin thực tế vào bài giảng .",2,0
thẩy wzjwz311 rất vui và nhiệt tình .,2,0
giáo viên giảng dạy lôi cuốn .,2,0
"nhiệt tình , dễ gần , truyền đạt tận tâm .",2,0
phương pháp truyền đạt của giảng viên chưa hiệu quả lắm .,0,0
giáo viên chưa tạo được không khí vui vẻ trong lớp học .,0,0
thầy giúp em biết mạch số là gì .,2,0
có lúc thầy lạc đề .,0,0
thầy dạy hơi chậm .,0,0
"lần được học thầy , thấm nhiều thứ quá .",2,0
nhiều phần trong slide bài giảng của giảng viên không chính xác .,0,0
"môn học cần phân chia hợp lý giữa các phần , phần nào khó cần nhiều thời gian để học nó , phần nào đã học thì chỉ ra những điểm đặc biệt cũng như thời gian học phần đó rút ngắn lại để các phần chưa học khác sẽ có thời gian nhiều hơn .",0,1
"thực hành đúng tiêu chí môn học , đi từ dễ đến khó cho sinh viên học tập từng bước dễ hiểu , giảng viên tích cực giải đáp thắc mắc và hỗ trợ sinh viên trong giờ thực hành .",0,1
"dạy dễ hiểu , sâu rộng .",2,0
"thầy dạy nhiệt tình , vui vẻ .",2,0
"thầy cực kỳ tâm lý , vui tính , dạy nhiệt tình và tận tụy với học trò .",2,0
thầy luôn chủ động tạo tranh luận và kiểm tra bài tập đầu giờ để sinh viên dễ dàng nắm bắt kiến thức .,2,0
"nội dung tiết học còn lan man , cảm tưởng như thầy đang dạy về tiếng anh chuyên ngành , chứ không đào sâu về kỹ thuật .",0,0
nên tự tin hơn trong việc giảng dạy .,0,0
giảng viên có cập nhật thông tin mới nhất về tình hình thực tế .,2,0
giáo viên rất nhiệt tình đối với sinh viên .,2,0
cảm thấy hứng thú khi lên lớp .,2,1
"cùng một kiến thức nhưng cách truyền đạt của thầy dễ hiểu hơn , phù hợp với đại đa số sinh viên và tất nhiên là hữu dụng cho các môn khác chứ không hề lan man , thiếu trọng tâm như các giảng viên toán khác .",2,1
giảng viên chưa bám sát được sinh viên .,0,0
nhiều lúc thầy vẫn nói lý thuyết nhiều gây nhàm chán .,0,0
"phần kiểm tra , thi cử đối với môn này nên đề cao tính tư duy logic của người học cũng như khả năng áp dụng kiến thức đã học vào thực tế thực nghiệm bằng cách chủ yếu đánh giá cao phần thực hành , viết code , làm project .",2,1
"do môn còn mới nên nhiều vấn đề trục trặc trong quá trình thực hành thầy vẫn chưa giải quyết được , nhưng vẫn rất ủng hộ thầy .",2,1
luôn đảm bảo giờ giấc trong tiết học .,2,0
"phòng lab chán lắm , hư hỏng hết cả .",0,2
"nội dung môn học còn khô , cứng !",0,1
cô nói hơi nhỏ nên hơi buồn ngủ .,0,0
có lúc dạy khó hiểu .,0,0
"thầy cho bài tập lạ , đa dạng .",2,0
"sau khi đã học xong môn nhập môn điện tử , em thiết nghĩ môn học này cần có thêm những phần học về thực tế , để sinh viên chúng em có thêm động lực khi học những phần lý thuyết đôi khi "" khô khan "" và "" xa lạ "" đồng thời sẽ tạo được sự đam mê với bộ môn điện tử nói chung ngay từ những ngày đầu học "" nhập môn "" .",0,1
"giáo viên vui tính , tích cực .",2,0
thầy dạy nghiêm túc .,2,0
"cơ sở dữ liệu năm nay đã kết hợp với thiết kế cơ sở dữ liệu rồi , kiến thức nhiều mà thi có phần trắc nghiệm nữa thì đánh giá kiến thức học được chưa đảm bảo cho lắm ạ .",0,1
nội dung có liên hệ nhiều với thực tế .,2,1
"nhiệt tình , luôn luôn giúp học sinh hiểu vấn đề cặn kẽ .",2,0
"ra đề thì phải có đáp án , để sinh viên tập dần thói quen đọc code .",0,0
em nghĩ là cần thêm bài tập trên lớp và giải ngay trên lớp .,0,0
môn học chỉ nên thuyết trình tìm hiểu về egov không làm đồ án .,0,1
giảng viên có nhiều phương pháp giảng hay .,2,0
thực hành hình thức 2 khó có thể tham gia học thường xuyên lắm ạ !,0,1
"cô giảng rất hay , rất nhiệt tình khi giảng dạy , rất vui tính .",2,0
"giáo viên luôn chia sẻ những ứng dụng của kiến thức đã học với thực tiễn , chia sẻ khá nhiều kinh nghiệm thực tế vô cùng bổ ích với sinh viên .",2,0
"thầy dạy nhiệt tình , rất chu đáo .",2,0
thầy dạy rất nhiệt tình với sinh viên .,2,0
"em thấy rất hài lòng về môn học này , nên em không có ý kiến gì khác cả .",2,1
bàn ghế còn bụi .,0,2
"cô vui tính , dạy tốt .",2,0
"nhiệt tình , giỏi hay giúp đỡ sinh viên và cho nhiều bài tập .",2,0
kể chuyện hay .,2,3
tôi đã thấy giảng viên chỉ nhìn qua chưa đầy 30 giây và cho điểm 9 ngay lập tức .,0,0
phòng thực hành nên nâng cấp máy tính .,0,2
thầy ít khi nhắc lại về phần đã dạy hôm trước .,0,0
"thầy nên tham gia thực hành cùng sinh viên , không phải là chỉ ngồi một chỗ , tụi em tự mày mò làm xong rồi thầy mới xuống chấm điểm .",0,0
mong muốn giảng viên nào cũng áp dụng như vậy thì quá tốt .,0,0
"giảng viên cần chuẩn bị giáo án trước khi đến lớp , giảng viên diễn đạt không tốt cần phải học cách diễn đạt cho sinh viên dễ hiểu .",0,0
cần học môn lập trình trực quan trước .,0,1
"cách truyền đạt kiến thức kém hiệu quả , cô dạy giống như là không dạy , chỉ đọc chữ trong slide rồi cho sinh viên làm bài tập .",0,0
"làm tốn thời gian truyền đạt , dẫn đến hứng thú lên lớp nghe giảng bị hạn chế .",0,0
thầy luôn tạo cơ hội để sinh viên có thể được thực hành .,2,0
thêm phần anh văn chuyên ngành vào nội dung học .,0,1
"cảm ơn cô và chúc cô nghỉ đẻ vui vẻ , mẹ tròn con vuông !",2,0
"thầy dạy tốt , giảng dễ hiểu .",2,0
mở rộng kiến thức nâng cao cho sinh viên .,1,0
chưa có thời gian cho sinh viên ngẫm nghĩ điều mình mới học mà đã qua nội dung khác để theo kịp chương trình .,0,0
dạy dễ hiểu .,2,0
"thầy vui vẻ , thoải mái .",2,0
"thầy tận tâm , dạy dễ hiểu , vui tính , lớp học thoải mái dễ tiếp thu .",2,0
em thích học môn này với cô wzjwz157 .,2,0
cô tận tình hướng dẫn chỉ bảo .,2,0
"cập nhật điểm thi giữa kỳ chậm , nên sinh viên không biết mức độ phấn đấu như thế nào !",0,1
"giảng dạy tận tâm , nhiệt tình , dễ hiểu .",2,0
đôi khi trong giờ học kể vài chuyện về đời để đỡ chán =) .,1,0
thầy không vui tính .,0,0
giảng nhiều phần nâng cao làm sinh viên bối rối .,0,0
thầy dạy vui vẻ .,2,0
"cô dạy dễ hiểu , hỗ trợ tốt cho các bạn .",2,0
thời gian nộp bài tại lớp hơi ngắn .,0,1
"cần có sách học hay , chi tiết , hiệu quả colonsmilesmile .",0,1
phương pháp giảng dạy còn khó hiểu .,0,0
tận tình chu đáo .,2,0
nội dung lý thuyết và thực hành của môn học không có bất kỳ liên hệ gì với nhau nội dung lý thuyết không phù hợp với môn học và không tạo được sự quan tâm và mong muốn của sinh viên về kiến thức quản trị mạng như mong đợi .,0,1
cần có khả năng truyền đạt tốt hơn !,0,0
"giảng viên dạy có hiệu quả cao , mang tính thực tiễn .",2,0
"giáo viên truyền đạt kiến thức đầy đủ , dễ hiểu , nhiệt tình giảng dạy .",2,0
em xin lỗi nhưng đó là sự thật !,0,3
"cô tận tâm , hỗ trợ nhiệt tình .",2,0
không có giáo trình .,0,1
"phương pháp tư duy cho sinh viên , để sinh viên tự giải quyết các vấn đề .",2,0
"giảng dạy dễ hiểu , linh động trong nhiều bài tập .",2,0
"giảng viên giảng dạy tận tình , vui vẻ giúp học viên nhận thức được nhiều kiến thức .",2,0
cải thiện chất lượng phòng máy thực hành .,0,2
"nếu được chọn , cô luôn là lựa chọn hàng đầu cho các môn kinh tế .",2,0
cần thêm bài tập và rèn luyện kỹ năng giao tiếp .,0,1
nhiệt tình giảng dạy .,2,0
thoải mái về thời gian .,2,0
"em còn chưa thấy mặt thầy nữa , hoặc có nhưng quên rồi colondoublesurprise .",0,0
"các nội dung môn học thầy triển khai không đúng theo khung , mới vào mà thầy dạy servlet thì rất khó hiểu , sinh viên có góp ý qua thầy chủ nhiệm nhưng vẫn không thay đổi .",0,0
"mọi việc điều được sinh viên tự học , tự tìm hiểu thông qua các trang mạng , thông qua việc email trực tiếp với giảng viên .",1,1
"slide bài giảng còn lẫn lộn anh việt , phần tiếng việt thì giảng viên lại dùng google dịch nên đọc không hiểu .",0,1
"cách truyền đạt tốt , tận tâm .",2,0
cô rất nhiệt tình và thân thiện với sinh viên .,2,0
"giảng viên tận tâm với việc dạy học , tạo cảm hứng học tập cho sinh viên .",2,0
cần cho nhiều thời gian để sinh viên có đủ thời gian hoàn thành đồ án môn học .,0,1
"thầy rất vui tính , truyền tải thông tin tuyệt vời .",2,0
"đôi lúc hỏi một số câu hỏi rất mơ hồ khiến sinh viên không biết đang được hỏi về khía cạnh nào , cũ hay mới ( chương trước hay chương hiện tại ) .",0,0
hy vọng thầy sẽ cải tiến làm cho hoạt động sôi nổi hơn .,0,0
"quá nhàm chán , không nâng cao được kiến thức .",0,1
thầy dạy khá nhiệt tình vui tính .,2,0
thầy khá nhiệt huyết và gần gủi với sinh viên .,2,0
bài tập khắt khe .,1,1
theo thời khóa biểu hiện nay thì học thực hành trước nên sinh viên lúc thực hành chưa hiểu vấn đề nên khó khăn trong việc làm bài .,0,1
cô nên tăng tốc độ giải bài hơn .,0,0
tài liệu tiếng anh gây khó khăn cho ôn thi .,0,1
"giảng dạy tận tình , vui vẻ .",2,0
"giảng viên dạy có tâm huyết , kỹ càng với sinh viên , nhiệt tình giúp đỡ .",2,0
khả năng truyền đạt kiến thức không cao .,0,0
cần nâng cao chất lượng trang thiết bị .,0,2
"giảng viên vui tính , thân thiện .",2,0
"đầu tư các thiết bị cho sinh viên mượn , như điện thoại android , windows phone .",0,2
thầy dạy tốt và tâm huyết .,2,0
việc phân chia nhóm không hợp lý dẫn tới chất lượng học tập không tốt .,0,1
"thầy nhiệt tình , vui vẻ .",2,0
"tận tâm nhiệt tình , giảng giải cho sinh viên chưa hiểu tỉ mỉ .",2,0
"phần máy tính không hỗ trợ cho việc học nhiều , chỉ làm sinh viên phân tán .",0,1
"sự nhiệt tình , tâm huyết .",2,0
"đó là tiền của họ , họ muốn dùng thì tùy họ , người khác nghèo không phải lỗi của họ , chưa kể tiền thuế họ đóng góp cho nước cũng đủ để gọi là xây dựng rồi .",0,3
"các dạng bài tập rõ ràng , tài liệu cung cấp đầy đủ .",2,1
"giảng viên dạy tận tình , cung cấp đầy đủ kiến thức cho sinh viên .",2,0
cần tăng thời gian học .,0,1
nên tổ chức thêm những buổi hội thảo liên quan đến nội dung môn học .,0,3
dạy đúng trọng tâm .,2,0
đề nghị thầy share slide giảng dạy trên lớp .,0,0
nên trang bị trang thiết bị cho phòng thực hành và phòng lab để sinh viên có thể thực hành và học trực tiếp trên thiết bị thật .,0,2
thầy giảng dạy rất nhiệt tình và vui tính .,2,0
"nên cải tiến hệ thống chấm điểm online , update bài tập cho tất cả học sinh làm rồi có bảng xếp hạng , như bên codefun của miền bắc .",0,1
bài giảng thực tế .,2,1
kiến thức thầy dạy rất hay và bổ ích .,2,0
hạn chế dạy bằng slide .,0,0
nói sâu về vấn đề khó .,0,0
"thầy lên lớp không đúng giờ giấc , thường xuyên đi trễ .",0,0
chất lượng phòng máy kém .,0,2
phong cách giảng dạy rất hay .,2,0
giáo viên giảng dạy sử dụng nhiều ví dụ thực tiễn .,2,0
cần tuân thủ đúng và đủ giờ .,0,1
"thầy rất nhiệt tình và năng động , học thầy có thêm nhiều kiến thức mới không chỉ gói gọn trong nội dung môn học .",2,0
"thầy giảng bài kỹ , dễ hiểu !",2,0
"nhiệt tình giảng dạy , giải đáp thắc mắc rất chi tiết , cung cấp đầy đủ kiến thức cần thiết để kiểm tra .",2,0
"thầy giảng nhanh và cách truyền đạt hơi khó hiểu , đưa ra khá ít ví dụ để sinh viên có thể hiểu bài rõ hơn .",0,0
"các giảng dạy của giảng viên còn khó hiểu , rối rắm .",0,0
điện thoại không liên lạc được .,0,3
chưa học nhiều với thầy nên chưa có ý kiến gì về thầy .,1,0
nội dung thực hành nên thay đổi doubledot mỗi tuần thực hành các phần lý thuyết trên lớp và giảng viên hướng dẫn làm đồ án cuối kỳ .,0,1
giảng viên tăng cường giải đề của các năm .,2,0
thiếu thiết bị thật để thực hành .,0,2
nhiệt tình giúp đỡ sinh viên .,2,0
giảng bài rất dễ hiểu .,2,0
thực sự em vẫn chưa hiểu ngoài việc để làm bài tập thì wireshark được dùng để làm việc gì khác .,0,1
"em nghĩ cơ sở vật chất vẫn còn yếu kém , ngồi xa không thể nhìn rõ được slide bài giảng của cô giáo , phòng học rất nóng .",0,2
thầy giải nhiều bài tập cho sinh viên giúp sinh viên củng cố kiến thức sau khi học lý thuyết .,2,0
"cô rất vui vẻ , nhiệt tình , tâm huyết .",2,0
"cần có các thiết bị di động thật để sinh viên thực hành khi cần thiết , vì các chương trình mô phỏng trên máy tính là không đầy đủ .",0,2
"thầy dạy dễ hiểu , code mẫu đầy đủ .",2,0
điều em hài lòng nhất đó là thầy với tốc độ phù hợp và rất dễ hiễu .,2,0
nên thống nhất lại nội dung môn học so với cách thi của phòng đào tạo .,0,1
"thầy dạy hay , nhiệt tình , không bao chê bai sinh viên dù mặc dù không tốt mà hướng sinh viên đến suy nghĩ tích cực hơn , cố gắng hơn .",2,0
"giảng dạy nhiệt tình , quan tâm tới sinh viên .",2,0
"cần tăng chú ý về kỹ năng cần thiết trong toeic như nghe , đọc .",0,1
"kính mong giảng viên có thể cho thêm nhiều bài tập nhằm giúp sinh viên luyện tập , nắm bắt nội dung môn học và vận dụng nó hiệu quả hơn , giúp ích cho việc học các môn sau này .",0,1
cần chú trọng hơn vấn đề học thực hành phòng máy không đáp ứng yêu cầu doubledot không có trình biên dịch giáo viên thực hành không sử dụng hiệu quả giờ thực hành .,0,2
"thầy wzjwz239 nói chuyện cọc lốc , không hiểu vấn đề gì hỏi thầy thì thầy lại như quát vào mặt , tạt nước lạnh , … nói chuyện xưng hô mày - tao ( có lúc thì xưng tớ - cậu nhưng lời nói đầy ẩn ý ) , hay nói móc và tìm cách bắt bẻ sinh viên .",0,0
"thầy có hướng dẫn đồ án rất tận tình , luôn giải đáp các câu hỏi và thắc mắc của sinh viên về đồ án rất nhanh .",2,0
giúp sinh viên cảm thấy thoải mái trong giờ học .,2,3
cô giảng dạy tận tình .,2,0
hơi khó tính ạ .,0,0
"kiến thức nhiều , khó tiếp thu , phân loại chưa rõ .",0,1
thầy nên cho thêm bài tập về nhà .,0,0
"những điều này nghe tưởng chừng không liên quan đến môn học , nhưng lại giúp cho sinh viên phần nào có định hướng được công việc tương lai của mình .",2,1
"em học ở phòng mà bên cạnh là công trình đang thi công , khá là ồn ào , vì thế khi học đến phần nghe , em không thể nghe được gì , và bài nghe bị gián đoạn .",0,2
"thầy không sửa bài tập , trên lớp thầy chỉ giảng lý thuyết theo em như thế là ít có hiệu quả .",0,0
thầy ít quan tâm .,0,0
"giảng dạy tích cực , dễ hiểu .",2,0
"không dùng điểm để đánh giá , nó làm sinh viên không dám thực hiện .",0,1
"dạy hay , dễ hiểu , tận tình .",2,0
không khí lớp học thì không được sôi nổi .,0,0
"bài tập thực hành mỗi tuần hơi khó , mong rằng ở mỗi bài tập giảng viên có thể cung cấp bài giải kỹ càng để sinh viên có thể nghiên cứu và hiểu được cách làm .",0,1
thầy rất thoáng và thoải mái .,2,0
thầy cần có tương tác với sinh viên qua mail hay moodle vì có đôi lúc có thắc mắc nhưng thầy không phản hồi .,0,0
kiến thức đơn giản .,1,1
"phần lý thuyết lặp lại nên chán , không thu hút .",0,1
thầy dạy rất hay và rất nhiệt tình .,2,0
giảng viên giảng dạy theo đúng thời gian môn học .,1,0
thầy rất dễ gần .,2,0
khi sinh viên hỏi phải có câu trả lời chính xác không được bỏ qua những câu hỏi của sinh viên .,0,0
"chấm điểm dựa trên mức độ thấu hiểu bài , hay đưa ra lời khuyên hữu ích .",2,1
luôn nhiệt tình trong giảng dạy .,2,0
thầy vui vẻ .,2,0
"giảng bài kỹ càng , dễ hiểu .",2,0
cần tăng thời gian thực hành nói lên .,0,1
cô giảng dạy rất nhiệt tình và dễ hiểu .,2,0
giảng dạy tốt .,2,0
"nhiệt tình , cô dễ thương =) .",2,0
"giảng viên dạy truyền cảm hứng , sử dụng thời gian hợp lý .",2,0
giảng viên dạy tận tâm nhiệt tình .,2,0
thì có thể lướt nhanh hơn vì phần này khá dễ .,0,3
"giảng viên có chuyên môn rất tốt , kiến thức rộng , giải đáp được mọi thắc mắc của sinh viên .",2,0
"giảng viên hiền lành , nhiệt tình giúp đỡ khá nhiều cho sinh viên khi sinh viên không hiểu bài .",2,0
giảng viên rất tận tình !,2,0
"thầy rất nhiệt tình , năng nổ .",2,0
"truyền đạt có cảm hứng , hướng dẫn sinh viên học tập thế nào sau khi ra trường để xin việc .",2,0
"học thoải mái , ít áp lực .",2,0
cô dễ thương và giảng bài tận tình .,2,0
"cô dạy rất tốt , nhiều bài tập .",2,0
"thầy giảng dạy nhiệt tình dễ hiểu , sửa bài tập cẩn thận .",2,0
giảng viên rất đảm bảo giờ lên lớp .,1,0
thầy là giảng viên dạy toán hay nhất trường .,2,0
"môn học này thật sự rất khó và chương trình học hơi nặng , lúc trước môn này dược chia ra làm 2 môn là cấu trúc dữ liệu 1 và cấu trúc dữ liệu 2 , năm nay lại gộp thành một nên sinh viên khó tải nổi kiến thức .",0,1
cần kết nối được mạng trong phòng lab .,0,2
"nhiệt tình , phương pháp giảng dạy rất hiệu quả cách truyền đạt rất dễ hiểu và dễ tiếp thu biết cách truyền cảm hứng và tạo động lực học tập cho sinh viên .",2,0
luyện nghe nhiều hơn .,0,1
"giảng viên giảng dạy rất truyền cảm , tạo cảm giác ham học và hệ thống bài tập dồi dào phong phú .",2,0
thầy có cách giảng bài rất hay và dễ hiểu .,2,0
thầy dạy bằng slide bài giảng hơi nhanh .,0,0
"cách dạy của cô hay , thú vị , tạo động lực .",2,0
"thầy dạy vui vẻ , không có áp lực quá khắt khe .",2,0
giải thích cặn kẽ đi sâu hơn nữa .,0,0
cho bài tập nhiều em rất thích colonsmile .,2,0
giảng viên vui vẻ nhiệt tình .,2,0
"giảng viên nhiệt tình , phương pháp giảng dạy dễ hiểu .",2,0
"giảng viên rất tâm huyết và nhiệt tình , giảng bài dễ hiểu .",2,0
thầy wzjwz127 dạy rất nhiệt tình .,2,0
"cô nhiệt tình và đưa ra bài giảng hợp lý , dễ hiểu , có thể vận dụng làm bài .",2,0
"giảng viên dạy nhiệt tình , truyền đạt kiến dễ hiểu .",2,0
"thời gian học tập luôn thiếu sót , giảng viên chưa nhiệt tình giảng dạy .",0,0
rất thích được học cô .,2,0
"tiếp cận với sinh viên một cách thân thiện , phương pháp dạy khoa học , dễ tiếp thu , dễ hiểu .",2,0
chữ viết nhỏ .,0,0
thường xuyên cho nghỉ mà không thông báo .,0,0
dạy hơi cao so với năng lực .,0,0
"giáo viên nhiệt tình , tận tâm giúp đỡ sinh viên .",2,0
thích thầy chia sẻ kinh nghiệm .,2,0
"quá khó tính , giờ cao su , giảng dạy lan man không hiệu quả .",0,0
"giảng viên giảng không hay , đã vậy còn không nhiệt tình , không vui vẻ , không tạo cơ hội cho sinh viên hỏi về bài giảng .",0,0
"thầy dạy không có sức hút , nhàm chán , gây buồn ngủ cho sinh viên .",0,0
thầy thật sự là một giảng viên dạy học rất có tâm .,2,0
"thầy dạy nhiệt tình , rất hăng hái .",2,0
"giọng cô êm êm , dễ buồn ngủ .",0,0
truyền đạt nhiều kinh nghiệm tốt cho sinh viên .,2,0
"khi phản ánh kết quả bài tập không đúng thì cô lại lơ , cười rồi bỏ đi , không có một đáp án cụ thể .",0,0
"thầy khá hài hước , nói những việc thực tế về ngành it , rất thiết thực .",2,0
"thầy wzjwz177 rất gần gũi với sinh viên , thầy phát âm tiếng anh cũng rất dễ nghe .",2,0
phòng học ồn do cạnh khu xây dựng .,0,2
giảng bài dễ tiếp thu nhiệt tình .,2,0
lớp đã nghỉ 4 tuần liên tiếp chưa tính một vài ngày nghỉ khác .,0,0
em mong phần thực hành được hỗ trợ nhiều hơn nữa từ phía giảng viên .,0,0
giảng bài khó hiểu .,0,0
"cô dạy rất nhiệt tình , cung cấp thông tin đầy đủ nhưng vẫn tạo điều kiện cho sinh viên tìm hiểu thêm .",2,0
thầy rất nhiệt tình với học sinh .,2,0
dễ học dễ hiểu .,2,3
hình như em đăng ký thầy dạy mà thầy dạy mấy buổi người khác dạy mấy buổi thì phải .,0,0
"chưa giảng dạy nhiều về bài tập , cũng như hướng dẫn sinh viên hướng giải quyết nó .",0,0
"thầy rất tận tình , luôn luôn giúp đỡ , hỗ trợ sinh viên .",2,0
"thầy giảng rất hay và dễ hiểu , phong cách dạy độc đáo .",2,0
thầy wzjwz237 rất vui và nhiệt tình .,2,0
nên đưa môn wzjwz129 vào giảng dạy ngay sau môn wzjwz130 và trước khi học các môn chuyên ngành .,0,1
chất lượng tốt giáo viên nhiệt tình .,2,0
giảng viên dạy rất nhiệt tình .,2,0
thầy dạy sát theo slide nhưng một số kiến thức bài tập lại khó hơn nhiều .,0,0
trao dồi thêm về kỹ năng speaking và listening .,0,1
ít bài tập .,0,1
"cô dạy có tâm huyết với học sinh , truyền đạt tốt , dễ hiểu .",2,0
đảm bảo giời lên lớp .,1,0
"ngiêm túc , cứng rắn về vấn đề tự học .",2,0
"em mail bổ sung bài thực hành giáo viên không hồi đáp , mail xin sửa điểm giảng viên không reply đồng ý xem xét hay không đồng ý .",0,0
thời gian cô up slide lên module còn chậm .,0,0
"thầy đưa ra những demo thực tế , giúp sinh viên dễ hiểu .",2,0
nope .,1,3
thầy cho khá nhiều bài tập đa dạng .,2,0
"các phần tiếng việt trong slide được ghi một cách khó hiểu và không rõ ràng , nhiều chỗ trong slide bài giảng có vẻ như được dịch bằng google dịch từ năm 2009 .",0,1
cô quan tâm đến sinh viên và truyền đạt kiến thức rất bổ ích .,2,0
không thực tế .,0,3
tiết học của thầy rất vui .,2,0
"học trong phòng chất lượng cao hơn , phòng học hiện tại không có máy lạnh .",0,2
"giảng viên chưa truyền đạt tốt , dạy còn chán , không có sự thu hút trong cách dạy lắm .",0,0
"hướng dẫn rất tận tình , trình bày hướng dẫn rất đẹp , có phong cách , thể hiện một thái độ rất nghiêm túc trong công việc giảng dạy .",2,0
"giảng bài dễ hiểu , dễ vận dụng .",2,0
thầy vui tính dạy dễ hiểu và cung cấp nhiều thông tin hữu ích cho sinh viên .,2,0
thầy quá chuyên nghiệp .,2,0
cô giảng có hơi khó hiểu .,0,0
tạo bầu không khí thoải mái cho sinh viên .,2,0
em rất hài lòng về phương pháp giảng dạy của thầy .,2,0
"dạy nhiệt tình , theo sát môn học .",2,0
vì tính cô kỹ nên đôi lúc nói quá nhiều về một vấn đề ( lặp đi lặp lại ) làm mất thời gian trên lớp và sử dụng giờ học không hiệu quả .,0,0
mong giáo viên có thể giải đáp nhiều bài tập cho sinh viên hơn trên lớp .,0,0
đầu tư thêm nhiều công cụ dạy học .,0,0
giảng viên rất đúng giờ .,2,0
cách giảng dễ hiểu .,2,0
"thang điểm đưa ra đầu khóa học không rõ ràng , nhất quán so với thang điểm cuối khóa .",0,1
thầy hứa sẽ up điểm giữa kỳ sớm mà điểm giữa kỳ thì tới giờ này vẫn chưa có ?,0,0
thực hành nhiều .,0,1
"nhiệt tình với sinh viên , tư tưởng thoải mái .",2,0
"cho sinh viên chép bài để nhớ kiến thức hơn , rèn luyện nhiều bài tập , dạy nhiệt tình .",2,0
nhiều hoạt động .,1,0
giảng viên áp dụng mô hình scrum để làm project là tốt nhưng không thành công .,0,0
hay kể các chuyện liên quan đến thực tiễn giúp bọn em tiếp thu nhanh hơn và cũng có hứng thú trong quá trình học .,2,0
đây là điều gây bức xúc với sinh viên .,0,3
khó hiểu ạ .,0,3
"ân cần , tận tụy .",2,0
máy chiếu chưa rõ nét cho toàn thẻ sinh viên trong phòng .,0,2
"cô nhiệt tình , sẵn sàng giảng lại các kiến thức mà sinh viên chưa nắm được khi học lý thuyết .",2,0
nâng cao trang thiết bị phòng học .,0,2
"giảng viên nhiệt tình , hết mình truyền đạt kiến thức .",2,0
cô có thể giảng phần lý thuyết kỹ hơn được không ạ .,0,0
thầy nên share lại slide cho sinh viên !,0,0
nhiều tâm huyết với nghề .,2,0
"dạy tốt , tận tình .",2,0
thầy rất nhiệt tình trong việc trả lời các câu hỏi phụ của sinh viên .,2,0
hiện tại em không nhớ nổi mặt của thầy fraction cô như nào nữa colondoublesurprise .,1,0
phòng thực hành cần nâng cấp và bổ sung thêm thiết bị để mọi người đều có điều kiện thực hành thực tế nhiều hơn .,0,2
"giảng viên nên trao đổi với sinh viên nhiều hơn , giao bài tập và giải thích những thắc mắc của sinh viên về môn học .",0,0
"cô thân thiện với học sinh , truyền cảm hứng , động lực tốt .",2,0
thầy kiểm tra quá nhiều .,0,0
thầy rất khắt khe trong việc dùng từ chuyên ngành .,2,0
thầy dạy rất tốt .,2,0
những gì được học nó nhằm mục đích gì ?,0,0
cần cung cấp thêm tài liệu học tập môn học này .,0,1
"cách dạy của thầy rất nhàm chán , không có nhiều hoạt động thực tế , bài tập thầy cho chỉ áp sát lý thuyết mà chưa thực tế .",0,0
nên dành nhiều thời gian cho bài tập và hướng dẫn cụ thể phương pháp giải hơn .,0,1
đôi khi học sinh nào bận muốn về trước thầy vẫn cho .,2,0
nhiều lúc lớp chỉ có hai người đi học .,0,1
có thể chia nhóm ra làm thực hành !,1,1
thầy wzjwz83 rất nhiệt huyết trong việc giảng dạy .,2,0
thầy vui quá đi hi hi .,2,0
"giảng viên nhiệt tình , chắt lọc nội dung cũng như mở rộng nhiều kiến thức về bộ môn .",2,0
"thầy giảng rất hay , rất tận tâm với sinh viên .",2,0
em mong có sự thống nhất giữa thầy cô trong quá trình giảng dạy môn này .,0,0
chưa ổn .,0,3
"giảng viên tận tâm , dạy tốt .",2,0
sử dụng giờ học hiệu quả .,2,0
cách nói chưa lôi cuốn .,0,0
"thầy không đảm bảo giờ lên lớp , nếu có nghỉ thầy cũng không thông báo trước rất vô lý .",0,0
nhiệt tình truyền đạt kiến thức cho sinh viên .,2,0
lý thuyết và thực hành nên đi đôi với nhau .,0,1
thân .,1,3
thầy dạy quá tệ .,0,0
không có nhiều bài tập để làm thêm .,0,1
"phòng học quá sáng , màn chiếu bị mờ rất khó nhìn , xin ban quản lý lắp rèm để sinh viên và giảng viên thuận tiện trong việc học tập và giảng dạy .",0,2
giáo viên quá tốt .,2,0
cần cân bằng việc giảng dạy giữa sinh viên yếu và khá trở lên .,0,1
"nhiệt tình , giảng dễ hiểu , dễ thương .",2,0
giảng viên dạy rất dễ hiểu .,2,0
tài liệu cung cấp thiếu .,0,1
"thầy nên đánh giá kỹ hoạt động trên lớp của từng thành viên trong nhóm , ai đóng góp nhiều , nghiêm túc .",0,0
"giáo viên lên lớp muộn , nghe điện thoại trong lúc lên lớp thường xuyên , nghỉ dạy không thông báo .",0,0
đề nghị nên cho bài tập về nhà .,0,0
mong thầy giảng giải và cho bài tập từng bước nhiều hơn .,0,0
"thầy cho đề thực hành cũng khá hay , nhưng mà thật thì em toàn code mấy bài đó trên notepad rồi nộp , không test gì cả , nhưng được cái là đồ án 10 thì điểm thực hành cũng 10 luôn .",1,0
"khó hiểu , không sinh động .",0,3
chỉ dạy nhiệt tình .,2,0
giáo viên truyền đạt những vẫn đê sâu .,2,0
"chưa cung cấp cách nhìn sâu hơn về môn học vào thực tế hiện nay , chỉ mới mang tính trừu tượng .",0,1
"giảng viên dạy dễ hiểu , và đầy đủ nội dung .",2,0
không hướng dẫn kỹ .,0,0
"nhiệt tình , chi tiết .",2,0
"thầy cho chép bài ít thôi , tập trung sửa bài được không ạ .",0,0
khả năng truyền đạt chưa đi vào lòng người cho lắm !,0,0
"thầy rất nhiệt tình , dạy rất kỹ , thầy cũng rất vui tính .",2,0
"giảng viên nhiệt tình , vui vẻ , giờ học vui .",2,0
"cô dạy không hấp dẫn , tuy hay nhưng không kích thích được sinh viên hoạt động .",0,0
"thưa , không có ạ .",1,3
kiến thức môn học mang lại tương đối đầy đủ và thực tế giúp sinh viên nắm rõ phương pháp và cách thức để học tập các môn chuyên ngành sau này .,2,1
"cách giảng dạy , tạo không khí sôi nổi trong lớp .",2,0
trình bày bài giảng một cách khoa học và hợp lý .,2,0
"tuy nhiên , giờ trên lớp thầy chưa thực sự sử dụng hiệu quả lắm khi thiếu tương tác với sinh viên trong lớp để nắm tình hình học viên của mình .",0,0
"thầy dễ thương , nhiệt tình , dạy dễ hiểu .",2,0
nên cho thời gian học nhiều hơn 2 tiết .,0,1
"cô vui tính , hiền , khá nhiệt tình và gần gũi với sinh viên colonsmilesmile .",2,0
những gì quan trọng cần nắm bắt và tìm hiểu thêm .,0,1
cá nhân em thấy đôi khi nhìn thầy em cảm thấy hơi sợ sợ .,0,0
"rèn luyện được kỹ năng giao tiếp , mạnh dạng đứng trước lớp nói tiếng anh .",2,1
thầy hướng dẫn thực hành hay .,2,0
cập nhật kiến thức thực tế .,2,1
"giảng viên nhiệt tình , luôn luôn đến lớp đúng giờ .",2,0
chỉ có vấn đề thầy dạy hơi nhanh .,0,0
giảng viên truyền đạt còn chưa tốt .,0,0
tình trạng nghỉ không thông báo cho sinh viên để sinh viên đứng đợi giảng viên gần hết giờ rồi ra về nhiều lần .,0,0
cô giảng dạy chi tiết trong quá trình học .,2,0
kiến thức chưa có trọng tâm .,0,1
"tiết học vui vẻ , thoải mái .",2,1
chưa tương tác nhiều với sinh viên .,0,0
"thân thiện , nhiệt tình .",2,0
"yêu cầu quá cao đối với một sinh viên , mặc dù chỉ là một đồ án nhưng không nhất thiết phải quá chi tiết về mọi khía cạnh cụ thể .",0,1
cô hướng dẫn phương pháp học tập hiệu quả .,2,0
thầy cần hoạt động trao đổi nhiều hơn với sinh viên .,0,0
"thầy dạy rất dễ hiểu , đúng trọng tâm bài học .",2,0
"cho quá nhiều bài tập , chỉ nên cho bài tập ví dụ điển hình .",2,0
giúp em hiểu ra được nhiều cái hay .,2,3
"thầy giảng rất hay , dễ hiểu .",2,0
"giảng viên giảng bài hơi nhàm chán , gây cảm giác buồn ngủ , có nhiều chỗ hơi lan man .",0,0
"giáo viên giạy theo cách quá thụ động , tạo sự nhàm chán cho sinh viên !",0,0
thầy rất tận tâm nhưng không có kỹ năng sư phạm .,0,0
nội dung hơi nhiều nên giảm bớt lại .,0,1
"thầy chỉ dạy rất tận tình , luôn hỏi học sinh phần nào chưa hiểu và giảng lại rất kỹ , những bài giảng của thầy rất hay .",2,0
mong thầy giải bài tập trên lớp .,0,0
"do thời gian mỗi buổi học khá ngắn nên giảng viên cần tập trung vào những chủ đề quan trọng , phần còn lại nên để sinh viên tự tìm hiểu .",0,1
giáo viên rất tận tâm nhiệt tình .,2,0
"mong rằng những môn có thực hành , giáo viên nên mở chat box và forum cho sinh viên dễ trao đổi với nhau , cũng như nhanh chóng nhận được lời giải đáp thắc mắc từ giáo viên .",0,0
cô dạy quá hay rồi .,2,0
thêm hệ thống ổ điện ngầm dưới nền nhà để tiện cho việc sinh viên có thể cắm laptop phục vụ học tập .,0,2
chất lượng môn học phù hợp .,2,1
cô dạy rất nhiệt tình và rất kiên nhẫn với sinh viên .,2,0
có sai nhận sai và sửa đổi khắc phục .,0,3
"thầy dễ tính , dạy dễ hiểu , thầy dạy hay .",2,0
"giáo viên dễ gần , tận tâm .",2,0
thầy rất vui tính dạy dễ hiểu .,2,0
không có hoạt động giảng dạy nào không hài lòng .,1,0
lên vừa cho học lý thuyết vừa cho thực hành .,1,1
môn học với kiến thức không quá nặng .,2,1
"nội dung thực hành đã cũ , không được đổi mới và không sát với thực tế .",0,1
các code ví dụ không được chiếu hết trên slide .,0,1
chỉ dạy tận tâm .,2,0
"thầy dạy nhiệt tình , chia sẻ những kiến thức bổ ích .",2,0
"thầy dạy rất nhiệt tình , dễ hiểu , tận tâm .",2,0
giảng hơi ít .,0,0
em mong môn này có thể áp dụng nhiều hơn trong những đồ án .,0,1
"giải ví dụ , bài tập nhiều hơn .",0,0
thành thật mà nói thì sau khi học buổi đầu xong thì em không muốn học thêm buổi thứ hai .,0,1
đề nghị thầy xem lại việc chấm chéo đồ án và báo cáo chéo đồ án .,0,0
"bài dạy phụ thuộc nhiều vào slide , cách truyền đạt chưa thực sự phù hợp với cá nhân .",0,0
có slide bài giảng tiếng anh giúp nâng cao trình độ đọc hiểu tài liệu chuyên ngành và nâng cao kiến thức cho sinh viên .,2,0
học đúng giờ nhưng ra về thì sớm hơn quy định .,0,0
chuyên nghiệp .,2,0
"giảng viên thoải mái , hòa đồng .",2,0
thầy dạy rất tốt !,2,0
"cách truyền đạt kiến thức của thầy đối với em thì em cảm thấy không phù hợp lắm , em cần phải rất rất tập trung và hỏi đi hỏi lại nhiều lần mới có thể nắm bắt kiến thức .",0,0
thầy cho nghỉ hơi nhiều .,0,0
giảng viên nên cung cấp tài liệu học tập cho sinh viên !,0,0
"thầy dạy nhiêt tình , kỹ càng !",2,0
"thầy dạy hay , nhiều kiến thức mở rộng , được học trên slide tiếng anh .",2,0
thầy dạy tốt không phụ thuộc nặng vào chương trình .,2,0
"slide bao nhiêu thầy đọc lại bấy nhiêu , cực kỳ khó hiểu và buồn ngủ .",0,0
cải tiến trang thiết bị phòng thực hành .,0,2
giảng viên nên dạy đúng giờ hơn hạn chế cho sinh viên về sớm .,0,0
em hi vọng trong các tiết học thầy có thể đi sâu vào kiến thức chuyên môn và giảm bớt thời lượng của hoạt động liên hệ thực tế .,0,0
chân thành cảm ơn thầy .,2,0
không có ý kiến nhiều .,1,3
không có .,1,3
cách chấm điểm của giảng viên không đánh giá đúng năng lực của sinh viên .,0,0
em không có ý kiến về mục này ạ .,1,3
thời gian và cách thức thầy dạy .,1,0
giảng quá khó hiểu .,0,0
các thiết bị âm thanh cần được đảm bảo hơn .,0,2
nên phát hành giáo trình chuẩn cho môn học .,0,1
dưới đây là hình thầy cung cấp toàn bộ tài liệu trong quá trình học .,1,1
lịch thực hành không được thông báo .,0,1
"thầy dạy rất tốt , nhiệt tình và rất dễ hiểu .",2,0
"lắp quạt phù hợp vì phòng có 2 dãy quạt 2 bên nhưng ngồi ở dãy giữa vẫn nóng , cần có màn che cửa sổ và có ổ cắm điện .",0,2
lên lớp toàn cho làm paper .,0,0
kiến thức được đưa vào ứng dụng nhiều bài toán .,1,1
giảng viên làm rất tốt trong việc giảng dạy bộ môn thực hành .,2,0
"cô wzjwz253 nhiệt tình , giảng bài kỹ .",2,0
thầy wzjwz199 rất nhiệt tình trong quá trình giảng dạy .,2,0
sau kỳ thi giữa kỳ cấu trúc dữ liệu lý thuyết ( chủ yếu là thi về thuật toán sắp xếp ) thì thầy mới cho làm bài tập về các thuật toán sắp xếp .,0,0
"giảng viên nhiệt tình , gần gũi với sinh viên .",2,0
có nghĩ 2 buổi không hề báo trước .,1,0
them nhiều tài liệu và video hướng dẫn .,0,1
"giảng viên nên cho số lượng bài tập vừa phải , giải chậm và sâu ở mỗi dạng toán đặc biệt là những dạng toán khó .",0,0
cần có nhiều buổi thực hành trên thiết bị thật hoặc giảng viên nên đem thiết bị thật làm vài bày mẫu trên lớp .,0,2
"môn học nên tập trung vào chuyên sâu các mục , nên có biên soạn giáo trình mới , chuyên sâu hơn .",0,1
"thầy dạy dễ hiểu , rất hay .",2,0
"thời khóa biểu phân chia không hợp lý , chưa học lý thuyết đã phải học thực hành .",0,1
cung cấp nhiều bài tập cho sinh viên tham khảo .,2,1
thầy cô dạy chưa sâu vào bài học .,0,0
"nói nhỏ , rất khó nghe .",0,0
thầy hầu như không giải đáp thắc mắc của sinh viên khi bài tập mắc lỗi hoặc có nhưng rất hời hợt .,0,0
chưa thực sự tận dụng tốt thời gian và chưa mở rộng vấn đề .,2,0
công bằng .,2,0
"thầy giảng rất kỹ và dễ hiểu , cho rất nhiều bài tập giúp sinh viên ứng dụng và nhớ được những gì đã học .",2,0
"cô dạy dễ hiểu , vui vẻ với sinh viên , cung cấp đầy đủ kiến thức cần thiết .",2,0
bài giảng hơi khó hiểu .,0,1
nên muốn nhà trường tăng thêm thời gian học lý thuyết của môn này .,0,1
"thường xuyên tổ chức thảo luận , thực hành nói .",2,0
giảng viên dạy có phần hơi nhanh .,0,0
giúp chúng em học tập tốt hơn .,2,3
thầy dạy hay tận tình .,2,0
"thầy dạy rất hay , chi tiết .",2,0
tận tụy với sinh viên .,2,0
"thầy rất nhiệt tình và có kiến thức sâu rộng , cung cấp nhiều kiến thức hay .",2,0
"hầu như trong cả năm học , giảng viên chỉ đi dạy đúng thời khoá biểu chỉ từ 2 đến 3 ngày , còn lại giảng viên lại tự ý dời lịch học sang ngày thứ 7 mà không hỏi ý kiến của sinh viên , vì vào ngày thứ 7 có rất nhiều sinh viên có lịch học môn khác .",0,0
cần thêm nhiêu bài tập thực tế .,0,1
không tập trung vào giảng kiến thức cho học sinh hiểu .,0,0
thật sự rất thất vọng về việc dạy thực hành của thầy !,0,1
góp ý doubledot thầy nên có cách tiếp cận khác để cân bằng giữa vấn đề ngoại ngữ và kiến thức chuyên ngành .,0,0
thầy dạy lý thuyết được .,1,0
"thầy dạy nhanh , hay !",2,0
nên cho nhiều bài tập hơn .,0,0
"giảng viên nhiệt tình , quan tâm đến học sinh .",2,0
"môn học có 5 lab mà chỉ học 2 lab là thi cuối kỳ , thầy nên lên lớp đủ số buổi quy định .",0,0
slide hơi khó hiểu .,0,1
"giáo viên thực hành cần quan tâm , chỉ dẫn sinh viên tận tình hơn .",0,0
giảng viên lên lớp đầy đủ .,2,0
"giảng viên nhiệt tình , hỗ trợ sinh viên tốt .",2,0
giảng viên hay cho nghỉ học mà không báo trước .,0,0
"trang thiết bị còn hỏng hóc nhiều , thường xuyên trục trặc trong giờ học .",0,2
hiểu tâm lý học sinh nên mọi người trong lớp đều chú ý giảng bài .,2,0
phòng wzjwz325 thiết bị âm thanh hay xảy ra trục trặc làm gián đoạn buổi học .,0,2
"vui tính , thân thiện .",2,0
"nhiệt tình , năng nổ .",2,0
không có sự thoải mái khi học tập .,0,0
"giảng viên dạy tận tâm , nhiệt tình , lên lớp đúng giờ .",2,0
mong cô cung cấp nhiều tài liệu có hướng dẫn giải cụ thể các dạng toán để đáp ứng nhu cầu tự học .,0,0
"giảng viên nhiệt tình , vui vẻ , hoà đồng , gần gũi giúp sinh viên khá nhiều trong việc tiếp thu kiến thức .",2,0
mong nhà trường xem xét lại để có sự nhất quán trong công tác dạy và chấm thi .,0,1
"truyền đật kiến thức tốt , dễ hiểu .",2,0
tài liệu thực hành nên nêu rõ mục tiêu cũng như kiến thức cần đạt được sau bài thực hành .,0,1
và giảng dạy khó hiểu .,0,0
ít quan sát sinh viên thực hành .,0,0
có một bạn trong phòng của em học thầy ở học kỳ trước hâm mộ thầy !,2,3
bài tập cuối kỳ làm quá nhiều .,0,1
"cô dạy có tâm , post tài liệu và bài tập lên moodle rất đầy đủ .",2,0
giảng viên truyền đạt chưa hay .,0,0
"thầy dạy hay , dễ hiểu , vui tính .",2,0
cô dạy khá nhanh nên khó theo kịp bài giảng .,0,0
"giảng viên nhiệt tình , tận tâm trong quá trình giảng dạy .",2,0
thầy quan tâm sinh viên .,2,0
hướng dẫn cụ thể hơn .,0,0
quá chú trọng vào việc luyện kỹ năng thi toeic .,0,1
thầy rất đúng giờ giấc .,2,0
thường thì 8h kém 10 mới bắt đầu học .,0,0
cần cho biết rõ hơn nữa về cách thức vận dụng vào trong từng bài tập .,0,1
"vui vẻ , hài hòa , giảng dạy tích cực .",2,0
cần cung cấp tài liệu bài giảng đầy đủ ngay từ những ngày đầu bắt đàu học .,0,1
như vậy có đảm bảo được chất lượng giảng dạy không .,0,1
"cô rất vui tính , nhiệt tình , giảng bài tập chi tiết , dễ hiểu .",2,0
cập nhật điểm thực hành và nhận xét đầy đủ .,2,1
điều chỉnh máy chiếu phù hợp với kích thước phông màn !,0,2
"giảng viên cần chú ý thêm về vấn đề lịch thi speaking , thông báo cho sinh viên biết và chuẩn bị trước nội dung thi .",0,0
có những kiến thức cần thiết trong khi thực hành nhưng lý thuyết rất lâu sau mới dạy đến .,0,1
cung cấp các tài liệu ít .,0,0
"cung cấp và thường xuyên cập nhật thêm tài liệu về môn học nhiều hơn , sử dụng giờ lên lớp hiệu quả hơn .",0,0
em thật sự rất thích phong cách dạy học của cô wzjwz146 .,2,0
giảng viên ra đề thi hay .,2,0
giảng viên đánh giá rất chủ quan về ý kiến của mình .,0,0
nội dung thực hành nên sát với lý thuyết hơn .,0,1
chỉ cần học sinh siêng năng là sẽ làm được và hiểu rõ hơn về lý thuyết sau mỗi lần làm bài thực hành .,1,0
"giáo viên thân thiện , nhiệt tình .",2,0
chưa có slide giảng dạy hiệu quả .,0,0
lên lớp đảm bảo thời gian và công tác giảng dạy .,2,0
thầy chậm trễ trong việc gặp sinh viên để thảo luận về vấn đề đồ án .,0,0
theo em nghĩ anh văn cần 2 tiết là đủ .,0,1
nên bỏ phần thi lý thuyết .,0,1
giảng viên tận tình giúp đỡ .,2,0
"hướng dẫn thực hành kỹ lưỡng , đảm bảo sinh viên hiểu được cách làm .",2,0
wifi yếu .,0,2
"giảng viên trẻ nhưng giảng dạy tốt , tạo hứng thú cho người học .",2,0
dạy với slide tiếng anh .,1,0
"kiểu như giảng viên chưa chuẩn bị , chưa từng đọc tới cái đề vậy .",0,0
thầy cần giải những ví dụ ra trên bảng để sinh viên dễ hiểu hơn .,0,0
"giảng viên cung cấp đầy đủ kiến thức , tài liệu học tập .",2,0
"sự tận tâm , nhiệt tình và truyền đạt kiến thức cần thiết cho sinh viên .",2,0
chưa hiểu bài lắm .,0,0
"giờ quen miệng , nói câu đó quài .",1,0
giảng dạy đầy đủ bài học .,1,0
thầy không dùng micro nên ngồi ở xa không nghe rõ .,0,0
cập nhật tài liệu đầy đủ cho sinh viên !,0,1
có quá nhiều bài tập .,0,0
giảng viên chưa cung cấp đầy đủ tài liệu môn học .,0,0
"những sinh viên được lòng giảng viên trên lớp sẽ qua môn một cách dễ dàng , còn những sinh viên còn lại chỉ cần sai sót nhỏ sẽ rớt môn .",0,0
tạo nhiều trò chơi giúp sinh viên đỡ thấy nhàm chán .,2,0
hướng dẫn nhiệt tình .,2,0
cung cấp kiến thức gần với thực tế .,2,0
"giảng viên nhiệt tình , đánh giá đúng năng lực .",2,0
"nhiệt tình , quan tâm đến sinh viên .",2,0
tăng cường chất lượng phòng học .,0,2
"cô giảng rất chán slide tiếng anh dùng nhiều từ chuyên ngành , nên nếu không bắt kịp những gì cô giảng thì cũng khó để hiểu được bài giảng .",0,0
còn vài điều về bài học vẫn chưa được giải thích cho mọi sinh viên hiểu .,0,0
"cách giảng dạy rất hiệu quả , lớp học vui .",2,0
thầy bận công tác và thay giảng viên khác mà giảng viên đó dạy không tốt bằng thầy wzjwz292 làm chúng em rất khó nắm bắt kiến thức .,0,0
tiết học có phần khô chán .,0,0
"cô vui vẻ , giúp lớp cùng nhau hoạt động sôi nổi .",2,0
"giảng viên tăng cường giải bài tập , giúp sinh viên dễ hiểu bài .",2,0
"thầy rất vui tính , giảng hay và kỹ .",2,0
"môn này rất khó kiếm tài liệu , phần lớn kiếm được lại là tài liệu tiếng anh .",0,1
kiến thức hay !,2,1
"đúng giờ , tận tâm với lớp .",2,0
thân mến .,1,3
"giáo viên hướng dẫn phần giao tiếp gượng ép thiếu tự nhiên , hay đánh vào đầu học sinh .",0,0
"ví dụ giơ tay phát biểu cộng điểm , lên bảng làm bài tập cộng điểm .",1,1
"cập nhật liên tục những công nghệ mới , không giảng dạy những công nghệ đã quá cũ trang thiết bị thực hành cần hoàn thiện .",0,1
"dạy nghiêm túc , vui .",2,0
thầy quá tuyệt vời .,2,0
thầy đến tận nơi giảng bài khi không hiểu .,2,0
giảng viên kém vui vẻ .,0,0
dạy hay dễ hiểu .,2,0
"giáo viên rất tận tình , quan tâm tới lớp .",2,0
chất lượng môn học hiện tại rất tốt .,2,1
"thầy vui tính , dạy tốt , đi cặn kẽ vào bài học .",2,0
có những cái cô dạy lan man ngoài phần thi không cần thiết .,0,0
chu đáo và ân cần .,2,0
"thầy dạy rất hay và dễ hiểu , tập trung sát vào phần trọng tâm .",2,0
"giảng viên hướng dẫn rất chi tiết , nhiệt tình .",2,0
có giao tiếp tiếng anh và thực hành giao tiếp trong lớp học nhiều .,2,0
hạn chế cho ra ví dụ kiểu như 12 rồi cho bài tập kiểu như 245 .,0,1
"có một thực tế là em học môn nhập môn lập trình ( thực hành  do cô wzjwz256 dạy ) nội dung chương trình lại đi trước , nhanh hơn cả môn học lý thuyết ( không phải do môn thực hành học nhanh hơn mà do môn lý thuyết học chậm hơn ) ?",0,0
điều này có được do cô thỉnh thoảng có mời các thầy nước ngoài đến dự và hỗ trợ các nhóm thuyết trình ngay trong lớp học .,2,0
cứ như kiểu đọc slide xuống vậy .,0,0
giảng viên tâm huyết .,2,0
thầy dạy rất sơ sài hầu như chỉ trong slide .,0,0
nên tìm được phương pháp dễ hình dung và thực tiễn hơn .,0,1
thầy trình bày bài giảng lộn xộn .,0,0
thấy giảng dạy nói môn này muốn học thì phải có phòng thí nghiệm .,1,2
"phòng thực hành cần nâng cấp các bộ kit , thực hành chưa hiệu quả .",0,2
"thầy dạy rất dễ hiểu , cho bài tập để tiếp thu .",2,0
giảng viên nên nói tiếng anh sau đó giải thích nghĩa .,0,0
"phòng học quá nóng , máy chiếu mờ .",0,2
nội dung bài học được lồng ghép vào nhưng trò chơi .,2,1
"cô tận tâm , nhiệt tình giúp đỡ .",2,0
"khắc phục khuyết điểm "" tôi không có lý do gì để xem bài tập của em cả "" .",0,0
môn học tuy khó nhưng kiến thức rất có ý nghĩa cho sau này .,2,1
thuyết trình trên lớp .,1,1
thầy có kiến thức sâu và rộng .,2,0
ida pro 64-bit hoàn toàn có thể phân tích các file thực thi 32-bit nhưng các thanh ghi phức tạp hơn nhiều thay cho ida pro 64-bit không phân tích được cái file thực thi 32-bit colonsmile .,0,3
lắp thêm rèm của để máy chiếu được hiệu quả hơn .,0,2
"tốt , tận tình với sinh viên .",2,0
giảng viên hướng dẫn thực hành cần nhiệt tình giúp đỡ sinh viên trong quá trình thực hành .,2,0
em nghĩ thầy nên tăng cường sửa nhiều bài tập hơn .,0,0
"phòng học vô cùng nóng , quạt chỉ để trang trí .",0,2
"thầy không cung cấp đủ tài liệu trên website môn học , toàn bộ tài liệu sinh viên phải đi nhờ mấy bạn lớp khác để có tài liệu mà học .",0,0
nhờ vậy trình của sinh viên lên rất nhiều sau mỗi buổi thực hành và làm bài tập .,2,1
không co ý kiến .,2,3
cho bài tập hơi khó .,0,0
loại kiến thức thầy truyền đạt rất có sức thu hút .,2,0
dễ thương .,2,3
thầy chấm điểm còn cảm tính và có phần chưa công bằng .,0,0
tận tâm gọi những sinh viên không tập trung để trả lời câu hỏi .,2,0
giảng viên cần phân bổ số lượng bài tập tương đồng với nội dung lý thuyết .,0,0
khi học sinh nào có ý kiến muốn phát biểu thì thầy tranh luận tới cùng .,0,0
"giảng viên lên lớp chỉ đưa bài thực hành cho sinh viên làm , và từ đầu đến cuối buổi hoàn toàn không nói một câu nào !",0,0
cần tăng cường hoạt động nhóm và cần nhiều bài tập hơn cho môn học .,0,1
giáo trình hợp lý .,2,1
"giảng viên nhiệt tình , giảng dạy tốt , dễ hiểu .",2,0
"nhiệt tình , chu đáo , dạy dễ hiểu .",2,0
tận tâm với bài giảng .,2,0
"chứ không được nói kiểu bài này dễ , tự tìm hiểu là được , có gì không hiểu hỏi .",0,0
không hiểu gì khi ngồi nghe trong lớp .,0,3
"cách trả lời thắc mắc cho sinh viên về bài học khiến sinh viên khó chịu ( vì sinh viên chưa hoàn hảo nên đôi lúc có những câu hỏi "" trên trời "" , thầy có kinh nghiệm thì nên chỉ rõ lỗi sai của sinh viên chứ không nên hỏi vặn vẹo , gây khó chịu ) .",0,0
"hỗ trợ thêm thiết bị cho việc giảng dạy môn anh văn , nếu có điều kiện có thể cho sinh viên học kỹ năng nghe anh văn trong phòng máy với trang thiết bị như tai nghe .",0,2
thầy wzjwz212 dạy nhiệt tình .,2,0
hơi căng .,0,0
"giảng viên dạy tận tâm , nhiệt tình , vui vẻ với sinh viên , dạy đầy đủ kiến thức cần thiết .",2,0
thầy vừa dạy slide tiếng anh vừa dịch sang tiếng việt kế bên câu tiếng anh để khi về nhà tụi em đọc lại dễ hiểu hơn .,2,0
vui vẻ hòa đồng nhiệt tình chỉ bao nhiêu đối với một giáo viên là đủ .,2,0
ít dạy bài tập .,0,1
giảng viên không cung cấp đủ tài liệu để làm đồ án .,0,0
"dạy dễ hiểu , nhiệt tình , tuyệt vời .",2,0
tận tình tích cực .,2,0
"cô dạy rất là nhiệt tình , dễ tiếp thu không chỉ hỗ trợ về kiến thức môn học mà về kỹ năng mềm cô rất quan tâm đến sinh viên về cả phần học tập cũng như cuộc sống .",2,0
"thầy dễ tính thoải mái , vui tính , nhiệt tình .",2,0
giảng viên dễ chịu vui tính .,2,0
"chưa tận tâm trong giảng dạy , không nghiên cứu kỹ bài giảng trước khi lên lớp .",0,0
giảng phần bài tập hơi nhanh .,0,0
"giúp sinh viên hiểu chuyên sâu hơn về lý thuyết đã học trên lớp , tạo điều kiện tối đa cho sinh viên .",2,0
"cách nói chuyện dí dỏm , gần gũi đem lại không khí thoải mái , vui vẻ cho mỗi buổi học .",2,0
thầy lên lớp đúng giờ và đều đặn .,1,0
máy chiếu mờ phòng học hơi nóng .,0,2
"có thể phần thực hành sinh viên sẽ có hai sự lựa chọn doubledot tự xây dựng một chương trình phân loại văn bản , như vậy chương trình sẽ có thể không xử lý được những đoạn văn bản phức tạp hoặc lớn thế nên cách chấm điểm sẽ có phần nương tay đối với phần áp dụng này .",0,1
"anh này dạy dễ hiểu , vui tính , nhiệt tình , dễ thương .",2,0
vì môn học này không hay .,0,1
"người học thì chỉ biết học , lao đầu vào học , mà không hề hay biết những thứ đó bản chất là gì .",0,1
bài tập ở lớp giúp ích rất nhiều cho việc học .,2,1
"giảng viên tâm huyết , nhiệt tình , hiểu tâm lý học sinh .",2,0
nhiệt tình giúp sinh viên giải đáp thắc mắc .,2,0
có một số phần chưa phân bổ hợp lý lắm .,0,0
"nói to , chậm rãi , dễ hiểu , truyền đạt nhiều kiến thức quan trọng , có tính thực tế .",2,0
chỉ có học lý thuyết .,0,1
"giảng bài chi tiết , nhiệt tình .",2,0
"cô dạy nhiệt tình , tận tâm , dễ hiểu .",2,0
"thầy rất hiểu tâm lý học sinh , rất vui vẻ trong việc dạy .",2,0
lâu lâu pha trò cười tạo hứng thú học tập cho sinh viên .,2,0
"cô dạy rất nhiệt tình , giờ học của cô rất vui và thoải mái nên dễ tiếp thu hơn .",2,0
"những bài giảng của thầy phù hợp với năng lực của sinh viên công nghệ thông tin ngoài những điều trong giáo án sinh viên hiểu được rất nhiều điều về thứ khác bài giảng của thầy rất lý thú , sinh động .",2,0
giảng quá nhanh .,0,0
cần cải thiện hệ thống âm thanh vì đôi lúc gặp trục trặc và không rõ .,0,2
"ghi quá nhiều , giảng dạy còn khó hiểu , nên sửa bài tập cho về .",0,0
"hệ thống phòng máy còn nhiều vấn đề doubledot chuột , bàn phím hỏng , vdotv .",0,2
giảng dạy chi tiết và thường xuyên ôn lại kiến thức !,2,0
"hướng dẫn thực hành chưa tận tình , thời gian còn ít .",0,0
giảng viên giảng hơi nhanh một số phần .,0,0
"giảng dạy nhiệt tình , cô phát âm rất tốt và ngữ pháp rất chuẩn .",2,0
"tiến độ dạy còn chậm , những phần dễ cần đi nhanh hơn một chút giới thiệu lướt qua , những phần khó như sắp xếp quick soft trở lên , cây nên làm rõ hơn .",0,1
dễ chịu .,2,3
thầy nghiêm khắc khiến học sinh tập trung học hơn .,2,0
tương tác với sinh viên rất tốt .,2,0
nên có những cách giảng dạy sinh động với sinh viên .,0,0
đảm bảo đầy đủ khối lượng kiến thức cần có của môn học .,2,0
"update các bài học mới , bổ ích .",2,1
có nhiều ví dụ lấy thực tế nên dễ hiểu .,2,0
em cảm ơn thầy đã đọc ạ .,1,0
cho nhiều kiến thức bổ ích .,2,0
làm mất tinh thần khi nộp bài .,0,0
"bài giảng hay và hiệu quá , bài tập bám sát kiến thức .",2,1
máy tính trường nên nâng cấp .,0,2
"thầy dạy dễ hiểu vui tính , rất tâm huyết .",2,0
"thầy wzjwz281 rất nhiệt tình , có khả năng truyền đạt kiến thức thực hành cao và luôn có bài tập trên lớp .",2,0
thầy rất tận tâm và nhiệt tình chỉ dạy sinh viên .,2,0
"theo em nghĩ , đã làm đồ án môn học thì không nên thi cuối kỳ , mà thi cuối kỳ thì nên bỏ đồ án môn học .",0,1
"thầy giảng bài rất hay , dễ hiểu , và thực tế .",2,0
nội dung các bài thực hành cần có hướng đi bao quát hơn .,0,1
"thầy dạy rất dễ hiểu , vui vẻ , dễ chịu .",2,0
xin cảm ơn !,1,3
môn học tuyệt vời .,2,1
cách truyền đạt khó có thể cho tôi nắm bắt được nội dung môn học .,0,0
có những cái học không biết để làm gì sau này vậy tại sao không giảm tải nó đi .,0,1
"cơ sở vật chất phòng wzjwz300 chưa đáp ứng được nhu cầu giảng dạy , cần lắp thêm ổ điện cho giáo viên .",0,0
"cô wzjwz73 dạy môn này rất truyền cảm , em rất thích môn này .",2,0
"môn học có phần không hợp lý , vì từ giữa kỳ qua phần sau tức từ chương 4 chuyển qua chương 5 trình độ của môn học tăng rất nhanh , có nhiều sinh viên không hiểu không nắm bắt được bài .",0,1
cần hạn chế dạy bài giảng điện tử .,0,1
"có em nào có muốn hỏi hay thắc mắc gì không "" đó là câu mà giảng viên hay nói nhưng thực sự đa số sinh viên không biết gì để hỏi thì khó mà hỏi được .",0,0
"vui vẻ , hòa đồng .",2,0
"thầy dạy thực tế , nhiệt tình với sinh viên .",2,0
"bàn giáo viên rất dơ , quạt máy thì chạy như không có chạy , mở chỉ thêm tốn điện , không có mát .",0,2
cô rất vui và rất gần gũi với học sinh .,2,0
tuy nhiên việc giảng dạy khá chậm .,0,0
slide còn khá khó hiểu .,0,1
"thầy dạy rất vui , có sự tận tâm trong giảng dạy .",2,0
thầy tận tâm và nhiệt tình .,2,0
nội dung môn học nên tập trung vào chuyên ngành học .,0,1
"cô giảng hay , nhiệt tình .",2,0
lòng nhiệt tình .,2,3
lên lớp đầy đủ nhưng không biết mặt thầy là ai .,0,0
"em mong học kỳ tới , nhà trường cung cấp cho những lớp phần mềm chất lượng cao chúng em nhiều sự lựa chọn giảng viên cho môn học game cơ bản để chúng em có thể nhanh chóng hoàn thành môn học và ra trường đúng tiến độ .",0,2
đầy đủ .,1,0
tính điểm quá trình không công bằng .,0,1
giảng viên và sinh viên sử dụng hai ngôn ngữ lập trình khác nhau trong quá trình học và cả hai phía đều không biết đủ về ngôn ngữ khác nên gây rất nhiều khó khăn trong quá trình học .,0,0
"dạy khó hiểu , thực sự chưa hiệu quả .",0,0
chỉ dẫn cách giải bài tập rõ ràng .,2,0
"cô nhiệt tình , giảng bài kỹ .",2,0
môn học cần thiết kế để sinh viên có cơ hội khảo sát thực tế .,0,1
đề thi quá khó so với bài tập trên lớp !,0,1
dạy đầy đủ chương trình .,2,0
"giảng dạy tốt , chỉ bảo tận tình .",2,0
thầy rất tận tình vui vẻ .,2,0
hoạt động thuyết trình của sinh viên chiếm nhiều thời gian .,0,0
có lẽ phải nâng cấp trang thiết bị .,0,2
"thầy biết rõ sự chênh lệch về trình độ giữa khóa 9 và khóa 10 trong lớp nên đưa ra cách đánh giá hợp lý , thầy nói rõ điểm mạnh và điểm yếu của nhóm sau mỗi lần báo cáo .",0,0
"giảng dạy tốt , đi dạy đúng giờ .",2,0
thầy giảng bài không sát với đề thi .,2,0
cần nâng cao hệ thống thiết bị giảng dạy .,0,2
chưa hiệu quả .,0,0
hướng dẫn chu đáo .,2,0
không mang lại hiệu quả .,0,1
thầy rất tận tâm giảng dạy .,2,0
gợi ý tỉ mỉ đến từng chi tiết .,2,0
sự nhiệt huyết của giáo viên .,2,0
"giảng dạy hay , nhiệt tình , dễ hiểu .",2,0
"thầy rất chăm chút và nhẹ nhàng với những sinh viên mà thầy quen biết , khi báo cáo thầy đều cho các bạn qua môn hoặc điểm rất là cao mặt dù thầy nói đồ án yêu cầu một người làm , tuy nhiên có nhóm hai thành viên cùng làm một đồ án và có hai nhóm có cùng một project như nhau , y chang code ( copy từ cùng nguồn internet ) thầy vẫn cho qua môn .",0,0
"thầy không gửi tài liệu , thông báo lên moodle , thầy thường xuyên bận nên không đảm bảo giờ gặp sinh viên như đã thông báo .",0,0
giảng viên đôi khi đến lớp muộn .,0,0
thầy dạy vui lắm .,2,0
thầy trẻ trâu .,0,0
ứng dụng của môn học đó giúp gì cho sinh viên .,1,1
"thầy dạy hay , em rất thích tiết học của thầy .",2,0
môn học quá sâu làm và mới mẻ rất khó nắm bắt để làm bài tập .,0,1
cô dạy rất có tâm .,2,0
thầy có hơi đi trễ chút xíu .,1,0
tương tác với sinh viên cực kỳ tốt .,2,0
"nội dung truyền đạt rõ ràng , có cho kiểm tra định kỳ , giúp sinh viên ôn bài hiệu quả .",2,0
"nên tăng cường học nghe , nói .",0,1
giảng viên thiếu các bài tập cụ thể để học sinh ứng dụng để nhớ .,0,0
kiến thức của môn này có lẽ hiếm khi nào tụi em dùng tới .,0,1
"thầy nên nói nhiều về ứng dụng thực tế , như mình công thức này thường áp dụng cho những thiết bị nào .",0,0
tiếng anh nói lưu loát .,2,0
"giọng cô nhỏ , không nên sắp ở giảng đường vì sẽ rất dễ gây buồn ngủ và không nghe rõ được .",0,0
nhiệt tình và tâm huyết .,2,0
thầy dạy thực tế .,2,0
"em và các bạn thuộc các lớp phần mềm chất lượng cao hầu như không ai muốn đăng ký môn học game cơ bản do giảng viên này đảm nhận , nhưng kỳ vừa rồi nhà trường chỉ cung cấp cho chúng em duy nhất một sự lựa chọn là giảng viên này nên chúng em không còn cách nào khác .",0,0
"cô rất nhiệt tình , giải thích rõ bài tập .",2,0
"giảng viên nhiệt tình , có truyền đạt kiến thức và kinh nghiệm thực tế .",2,0
trang thiết bị nên tốt hơn .,0,2
cô dạy hơi nhanh nên em không kịp hiểu .,0,0
giảng viên dạy không nhàm chán .,1,0
chưa đào sâu vào các vấn đề mà chỉ nói đụng đến phần bề mặt và tốn nhiều thời gian vào các vấn đề đơn giản .,0,0
"nhiệt tình , luôn giúp đỡ học sinh .",2,0
"cô giảng nhiệt tình , dễ hiểu .",2,0
nhắn tin xem mà không trả lời .,0,0
cô hay dạy lố giờ .,0,0
"cô giảng dạy tận tình , luôn quan tâm đến học sinh .",2,0
"tài liệu giảng viên luôn soạn đầy đủ , dễ hiểu .",2,1
"nhiệt tình , lên lớp đều và có phương pháp giảng dạ tốt .",2,0
"phải dừng lại một ít thời gian chỉ để đánh dấu cộng điểm và tính điểm , rối ren .",0,0
nhưng mà phòng thực hành hiện tại thì chỉ trang bị máy có 1 gb ram thôi .,0,2
"thầy dạy dễ hiểu , cho nhiều ví dụ sinh động .",2,0
"cô nhiệt tình giảng dạy , tương tác với sinh viên rất tốt .",2,0
có đôi chỗ cô hơi khó .,0,1
truyền đạt nhiều kiến thức cần thiết .,2,0
giảng viên chưa định hướng được mục đích học môn này cho sinh viên .,0,0
giảng viên phải chuẩn bị bài giảng trước khi đến lớp hoặc đã là được bài tập đề ra một cách thuần thục và giảng dễ hiểu .,0,0
thầy nên cho deadline dài ra 1 tí ( bình thưởng chỉ 3 ngày sau khi thực hành ) .,0,0
nên chú trọng vào thực hành .,0,1
"sử dụng hợp lý thời gian lên lớp , giúp đỡ sinh viên nhiều hơn trong quá trình học trên lớp .",0,0
giáo viên giỏi .,2,0
bài tập về nhà khó .,0,1
"cô giảng nhiệt tình dễ hiểu , giúp sinh viên giải quyết nhiều vấn đề trong lúc thực hành .",2,0
"cô có khả năng truyền đạt tốt , giảng dạy kết hợp với luyện tập các kỹ năng cơ bản trong môn học rất linh hoạt và hấp dẫn , cô có sự nhiệt tình lớn .",2,0
giảng viên dạy rất tận tâm .,2,0
ok hết .,2,3
mong thầy kiểm duyệt đề thi kỹ hơn trước khi đưa vào làm đề chính thức .,0,0
về các ví dụ .,1,1
bằng chứng là kỳ thi cuối kỳ điểm trải dài từ 1 - 5 điểm .,0,3
"giảng bài kỹ , dễ hiểu , nhiệt tình .",2,0
nên chú trọng hơn về giao tiếp tiếng anh .,0,1
thầy dạy rất nhiệt tình luôn luôn xuống giữa lớp để giao tiếp với sinh viên một cách dễ dàng luôn đưa ra những ví dụ xung quanh lớp giúp sinh viên dễ dàng hiểu bài hơn .,2,0
"thầy rất nhiệt tình , giảng rất kỹ càng .",2,0
"khả năng truyền đạt , giao tiếp rất kém , kiến thức không vững , thiếu khả năng tương tác với sinh viên .",0,0
giảng viên có tâm .,2,0
"giảng viên tận tình , giảng dạy hay , chất lượng .",2,0
không có ứng dụng trong thực tế .,0,1
"thầy rất hay đi trễ , giờ học cũng bị kéo đài ra , những bạn có việc phải bỏ về trước .",0,0
giáo viên chưa đi sâu vào vấn đề bài học .,0,0
thầy không cho làm đồ án .,0,0
"hòa đồng , vui tính .",2,0
tăng cường thiết bị .,1,2
giảng viên cho nhiều thử thách hay .,2,0
hướng dẫn làm bài tập thực hành cụ thể .,2,0
có sự tận tụy .,2,0
"có lẽ vì thế , mà cô cho tụi em đồ án lớn và bài tập theo tuần nữa , nên tụi em khá là căng thẳng , tụi em còn phải làm đồ án của các môn khác nữa .",0,0
thầy nhiệt tình colonhihi .,2,0
giảng viên nên tập trung nhiều giờ giảng lý thuyết hơn để giúp sinh viên hiểu và hiểu sâu hơn về bài học .,0,0
"thầy dạy rất hay , mong rằng sẽ được học thầy trong những môn khác .",2,0
nhà trường nên cài bộ microsoft visual studio phiên bản mới hơn 2010 .,0,2
dạy chậm .,0,0
có bài soạn cho sinh viên xem trước .,2,1
"thầy rất hay tới trễ , có khi trễ hơn 30 phút và dạy hay kéo dài thời gian , quá thời gian học vì thầy đi trễ .",0,0
chỉ tại em thiếu từ vựng anh văn .,1,3
"giáo viên thực hành chưa nhiệt tình , sinh viên cảm thấy học thực hành khó và không có người hướng dẫn .",0,0
"chưa sử dụng moodle trong quá trình giảng dạy , nhất là trong việc cung cấp tài liệu học tập .",0,0
cô rất dễ thương .,2,0
cô tận tình với sinh viên .,2,0
"khi lấy điểm quá trình thì lấy đại , ngay những bài chưa hề nhắc đến hay đề cập đến bài tập , tài liệu thì không cung cấp bài tập chỉ trừ slide bài giảng lý thuyết .",0,0
thầy dạy rất vui và dễ hiểu .,2,0
"về đồ án môn học này , giảng viên nên cho trước bản thiết kế kiến trúc tòa nhà của công ty , trung tâm thương mại .",0,1
thầy giảng bài dễ hiểu rõ ràng .,2,0
"thầy wzjwz323 quá tuyệt , em yêu thầy hi hi .",2,0
đợi các bạn ngồi vào bàn hết cô mới sắp xếp chỗ ngồi nên gây mất thời gian làm bài của sinh viên .,0,0
dạy ở giảng đường mà không ngồi trên thì khó thấy bảng colonbigsmile .,0,0
cô nên tận tâm đi ạ .,0,0
"vui vẻ , hài hòa , tích cực trong giảng dạy .",2,0
em rất thích học cô .,2,0
em ít khi lên lớp .,1,3
nên cho bài tập để giải thêm .,0,0
giảng dạy nhiệt huyết kết hợp mở rộng kiến thức .,2,0
micro hay bị hú và rè .,0,2
cần cho sinh viên tập nói các topic trong cái unit trước để sinh viên tự tin hơn về khả năng nói của mình .,0,0
quá tốt .,2,0
"thầy dạy vui , nhiệt tình .",2,0
em không hiểu bài nhiều .,0,3
"thầy toàn đưa ra yêu cầu nhưng không giảng dạy , có những bài tập thầy chỉ quăng code để sinh viên tự đọc tự hiểu chứ không hề giải thích gì cả !",0,0
vô trễ không được điểm danh .,0,0
giảng bài dễ hiểu chuyên sâu .,2,0
quan tâm .,1,0
học sinh luôn thích những giáo viên thân thiện với học sinh để tăng được sự tương tác giữa đôi bên .,0,0
tăng thời lượng cho phần nghe nói .,0,1
"em nghĩ môn này nên minh họa nội dung lý thuyết bằng một đề tài suốt tất cả các nội dung , giống như làm một đồ án luôn vậy , như thế sẽ dễ nắm bắt và hiểu lý thuyết hơn .",0,1
vừa học được kiến thức chuyên môn vừa học được cách làm người .,2,1
"giảng viên và giảng viên thực hành dạy môn học cho sinh viên theo hai hướng khác nhau , làm sinh viên rất khó nắm bắt .",0,0
cô dạy nhẹ nhàng không gay gắt hay hung dữ .,2,0
nhưng kiến thức cơ bản còn chưa nắm thì làm sao mà làm được .,0,1
giải thích chi tiết bài học hơn .,0,0
đồ án thực hành khác xa so với lý thuyết học trên lớp .,0,1
cải thiện chất lượng phòng học và các trang thiết bị hỗ trợ việc học tập .,0,2
"cô nhiệt tình , giúp đỡ sinh viên , tạo không khí học tập thoải mái .",2,0
thầy wzjwz123 dạy rất hay và rất nhiệt tình !,2,0
nên thay đổi các hoạt động khác nhau hoàn toàn .,0,0
nâng cao trang thiết bị học tập .,0,2
cần tăng thời gian môn học lên 30 - 50% để sinh viên có điều kiện tiếp thu sâu hơn kiến thức .,0,1
thầy dạy lý thuyết suông quá ạ .,0,0
giảng viên luôn tạo không khí vui vẻ trong giờ học .,2,0
nội dung môn học quá nặng và nhiều thứ không cần thiết với ngành nghề của sinh viên .,0,1
"cô giảng bài còn ít chỗ khó hiểu , không sâu sắc .",0,0
"trên lớp , khi giảng dạy , giảng viên sử dụng rất nhiều câu nói , từ ngữ thô tục , chửi thể rất vô văn hoá .",0,0
thầy giảng bài rất kỹ .,2,0
thật sự rất hài lòng .,2,3
chả có gì hài lòng .,0,3
"hình thức giảng dạy hay , thông qua các mini game để truyền đạt kiến thức .",2,0
"chuẩn bị đầy đủ các phần mềm , chương trình cần thiết sẵn trong các phòng thực hành phù hợp với đặc trưng môn học .",1,0
giảng viên có vai trò rất lớn đối với việc tối ưu code của sinh viên .,2,0
mang tính thực tiễn cao cho việc thi toeic cũng như thực hành ngoài xã hội .,2,1
"giảng viên cập nhật thông tin về bài học thường xuyên , đầy đủ , mới mẻ .",2,0
"thầy giảng bài khó hiểu , đôi khi còn mơ hồ .",0,0
cần chuẩn bị bài giảng một cách thật chính xác và không làm việc riêng khi lên lớp .,0,0
"giảng viên nhiệt tình giảng dạy , các bài tập đa dạng phù hợp với lý thuyết .",2,0
"giảng viên nhiệt tinh , tâm huyết .",2,0
"thầy dạy vui dễ hiểu , không khí lớp học thoải mái .",2,0
"có kiến thức sâu rộng , giảng bằng tiếng anh .",2,0
nên chú trọng nói nghe nhiều vì đã là anh văn 3 rồi .,0,1
"cô giảng khá dễ hiểu , nhiệt tình chạy vòng vòng lớp hướng dẫn từng sinh viên .",2,0
năng nổ nhiệt tình dễ hiểu .,2,0
"tiếng anh là môn đòi hỏi phải cần thời gian để luyện , nhưng ở đây nhà trường sắp lịch 1 ngày 4 tiết .",0,1
"giáo viên dạy nhanh , có cái khó hiểu .",0,0
"phương pháp giảng dạy chủ động , giúp sinh viên không chỉ nâng cao kiến thức chuyên môn mà còn cả kỹ năng nghề nghiệp doubledot thuyết trình , tư duy phản biện .",2,0
cách truyền đạt chưa giúp sinh viên hiểu được tổng quát của vấn đề !,0,0
"cần sắp xếp phòng học cho hợp lý hơn , kèm theo các thiết bị , công cụ chiếu .",0,2
thầy giảng bài dễ hiểu và rất vui tính .,2,0
giáo viên nói tiếng anh còn chưa được tốt .,0,0
nên có phần đáp án bài tập tham khảo cho các deadline bài tập .,0,1
độ bao quát kiến thức trong môn học của thầy rất rộng nhưng đưa vào tất cả chỉ trong một môn học thì không thích hợp .,0,0
"gây bối rối , hoang mang cho sinh viên trong những quyết định về bài tập , đồ án , không rõ ràng , không quyết định chính xác .",0,0
"giáo viên nhiệt tình , tâm huyết , thường cho làm việc nhóm trong giờ học .",2,0
"thầy dễ thương , nhiệt tình .",2,0
giáo viên truyền đạt được tất cả các nội dung bài học .,2,0
"nên chỉ đưa ra nội dung chính và công thức , cách làm bài .",0,0
giảng tận tình vui vẻ .,2,0
"lịch học không rõ ràng , khó nắm bắt lịch .",0,0
thực sự vẫn chưa hiểu wireshark ngoài mục đích làm bài tập thì em có thể dùng làm việc gì khác .,0,1
"giọng truyền cảm , cho ví dụ cụ thể .",2,0
sửa chữa những thiết bị máy tính hư trong phòng máy .,0,2
"thầy wzjwz243 là một giảng viên rất tâm huyết với sinh viên , thầy truyền đạt rất dễ hiểu bài và kỹ càng .",2,0
"giảng dạy khó hiểu , gây áp lực quá nhiều , kéo dài thời gian giảng dạy làm sinh viên không thể ăn trưa .",0,0
thầy nên bỏ ra một vài tiết để làm bài tập vì lượng ví dụ thầy cho khá nhiều .,0,0
"cần cho thêm nhiều tài liệu , nhiều bài tập để sinh viên tư nghiên cứu .",0,1
"hòa đồng , vui vẻ và biết tiếp thu ý kiến sinh viên .",2,0
chưa nhiệt tình lắm .,0,0
"giáo viên giảng dạy tốt , phát huy tốt khả năng nghe nói và đọc của sinh viên .",2,0
"bảo thủ trong cách giảng dạy , không giải đáp thắc mắc hỗ trợ sinh viên khi đang thực hành .",0,0
"phải học quá nhiều phần không cần thiết , nên giảm bớt vài nội dung , ví dụ doubledot vector ngẫu nhiên 2 chiều , phân phối poison .",0,1
"thầy dạy kỹ , dễ hiểu , minh họa lý thuyết kỹ , liên tưởng thực tế .",2,0
không đăng bài tập hằng tuần sớm để sinh viên có thời gian thực hiện .,0,1
cô thường xuyên kiểm tra bài .,2,0
"thầy dạy dễ hiểu , sinh động , có nhiều ví dụ cụ thể !",2,0
thầy luôn cố gắng giúp học sinh hiểu rõ bản chất .,2,0
"lượng kiến thức thì nhiều mà thời gian dạy thì ít , mong phòng đào tạo có thể xem xét và chia ra dạy mỗi môn 1 - 3 ngôn ngữ , ví dụ như html , css làm 1 môn học , js và jquery làm 1 môn , php làm 1 môn .",0,1
có phương phát giảng dạy dễ hiểu .,2,0
"có nhiều câu chuyện thú vị bên cạnh việc giảng dạy , tương tác với lớp nhằm tạo điều kiện cho việc tiếp thu kiến thức dễ dàng .",2,0
"khi tụi em học môn đặc tả hình thức thầy wzjwz169 giảng dạy thì tụi em không hiểu thầy đang nói gì , không hiểu được môn này học để làm gì và nó có ứng dụng vào thực tiễn như thế nào .",0,0
"theo em , tài liệu môn học còn thiếu .",0,1
dạy nhiệt tình với sinh viên .,2,0
"giảng viên giảng bài có hiệu quả , kết hợp giữa lý thuyết và chương trình giúp sinh viên có thể nắm rõ .",2,0
"giảng viên truyền đạt rất tốt , rất dễ hiểu .",2,0
"cô wzjwz62 có phương pháp giảng dạy theo em là phù hợp với đặc thù của môn anh văn , cô luôn tạo ra những hoạt động dạy học đầy hứng thú và luôn bảo đảm kiến thức được truyền tải đến sinh viên một cách tốt nhất , đúng và đầy đủ nhất .",2,0
cô cũng rất thân thiện và gần gũi với sinh viên .,2,0
"đi học thể dục thật ra em không biết thầy nào với thầy nào đâu , vì lâu lâu mới có thầy dạy .",0,1
"cô dạy hay , dễ hiểu , nhiều ví dụ minh hoạ , kết hợp cả lý thuyết và thực hành .",2,0
thầy dạy cho nghỉ nhiều .,0,0
"em nghĩ đây là sự cố do phòng đào tạo buộc thầy thay đổi hình thức thi , ban đầu chúng em được thông báo là thi cuối kỳ trên máy tính , nhưng sau đó lại phải thi trên giấy .",0,1
phòng wzjwz98 dãy nhà wzjwz99 buổi chiều quá nóng và nắng !,0,2
"khi thi thì thời gian quá ngắn để thực hiện trình bày dù đã nghĩ ra cách giải dạy sinh viên "" làm nhanh những việc dễ "" dạy sinh viên thành "" thợ "" .",0,1
"thầy dạy không nhiệt tình , nhất là phần thực hành .",0,0
thầy rất tận tình .,2,0
có nhiệt huyết trong giảng dạy .,2,1
thầy hay dạy lố giờ sang thời gian ăn trưa .,0,0
"kết thúc môn học , sinh viên không được chạm tay sử dụng bất kỳ phần mềm nào được giới thiệu .",0,1
nên tổng hợp ý chính các bài để ôn .,0,0
phương pháp giảng dạy khá tốt .,2,0
thầy trả lời mail không có thiện cảm .,0,0
"bổ xung trang thiết bị thực hành thực tiễn cho môn này , không chỉ đơn thuần là thực hành trên máy tính không .",0,2
thầy rất nguyên tắc và mọi thứ được sắp xếp rõ ràng .,2,0
"giáo viên giảng dạy đúng giờ quy định , nội dung bài học sinh động .",2,0
"thầy đúng giờ giấc , giúp đỡ tốt trong quá trình thực hành .",2,0
đánh giá cao colonsmile .,2,3
"các thắc mắc có thể giải quyết tốt với giáo viên lý thuyết , cho nên không cần phải có thêm 1 giáo viên thực hành .",0,0
"thầy dạy có tâm , nhiệt tình với sinh viên .",2,0
"thầy có khả năng truyền đạt kiến thức tốt , dễ hiểu và cho nhiều bài tập để sinh viên có thể ứng dụng .",2,0
giáo viên truyền đạt kiến thức đầy đủ cho học sinh .,2,0
nhiệt tình giải đáp mọi thắc mắc của sinh viên .,2,0
cô giảng dạy và chỉ dẫn học sinh rất tận tình .,2,0
"cực nhiệt tình , thương sinh viên , giảng dễ hiểu .",2,0
"nội dung thực hành chỉ là copy và paste , chưa tập trung vào nội dung giảng dạy .",0,1
"thầy truyền đạt chưa được tốt lắm , khó hình dung .",0,0
cần tăng cường thêm tài liệu .,0,1
"em nghĩ thi cuối kỳ môn này , nên thi với hình thức tự luận 100% ạ .",0,1
"số lượng thuật toán nhiều , dàn trải , nên được tinh giảm bớt để tập trung và liên hệ ứng dụng thực tiễn nhiều hơn .",0,1
cách giảng dạy gây buồn ngủ .,0,0
bám sát chương trình .,2,1
"thầy dạy rất hay , mang tính cập nhật .",2,0
"thầy dạy hay , dễ hiểu , thầy thường xuyên cho chúng em làm các dạng bài tập .",2,0
làm cho người học bị rối .,0,0
"cô tận tâm , nhiệt tình .",2,3
hay nhiệt tình .,2,0
sinh viên chịu khó sẽ làm được bài .,2,3
thầy dạy không hiệu quả .,0,0
"vui tính , cách giảng thu hút .",2,0
"giáo viên luôn đảm bảo đúng giờ giảng dạy , giảng bài dễ hiểu .",2,0
ảnh hướng tới kết quả chung của em .,0,3
"tiếng anh không phải là môn dạy lý thuyết , ngữ pháp , nên em nghĩ cô nên thay đổi cách dạy .",2,0
"thầy dạy khá hay và chi tiết , dễ tiếp thu .",2,0
sự nhiệt tình chu đáo của cô .,2,0
giảng dạy chi tiết hơn .,0,0
"thầy sử dụng tiếng anh và tiếng việt lẫn lộn , gây khó hiểu .",0,0
"rất tốt , không có ý kiến .",2,3
"thầy nhiệt tình , tâm huyết , đẹp trai .",2,0
"cho bài tập lấy điểm thực hành quá khó , hướng dẫn sơ sài .",0,1
lên lớp trễ 5 - 10 phút .,0,0
thầy nhiệt tình giảng dạy .,2,0
cần cung cấp thêm tài liệu học tập cho sinh viên .,0,1
em cần phổ biến nhiều thông tin hơn .,0,0
"thầy nghỉ quá nhiều , đây là môn về kinh tế mà thầy làm quá khắt khe .",0,0
"giảng viên thường xuyên đi trễ , việc giảng dạnh luôn bị kéo dài vì giảng viên quá nhiệt tình .",0,0
"thầy dạy có hiệu quả , dễ hiểu , thiết thực .",2,0
"thường xuyên đi ra ngoài , điện thoại , skype liên tục reo .",0,0
hơi nhiều bài tập .,0,0
cô dạy rất nhiệt tình và dễ hiểu .,2,0
"giảng viên dạy rất nhiệt tình , giúp đỡ sinh viên rất nhiều .",2,0
đôi từ tiếng anh em chưa hiểu .,0,3
cần nâng cao hơn chất lượng giảng dạy .,0,1
"thầy tận tâm với học sinh , nhiệt tình với học sinh .",2,0
không cần phải đi học thực hành trên phòng máy nhiều .,0,1
một số vấn đề cơ bản giảng viên nên lược bớt để không tốn thời gian .,2,1
thái độ rất nhiệt tình .,2,0
cho thêm nhiều bài tập .,0,0
sự nhiệt tình và tận tâm của thầy .,2,0
tận tâm và rất cập nhật thông tin cho sinh viên .,2,0
giảng viên hướng dẫn nhiệt tình .,2,0
"giáo trình rõ ràng , bài tập đầy đủ nội dung đã học .",2,0
đưa thêm các ví dụ trong thực tiễn để sinh viên dễ tiếp thu bài .,0,0
"cô nhiệt tình , giảng kỹ và dễ hiểu .",2,0
"phòng học quá nóng , thiếu quạt .",0,2
thầy dạy rất tận tâm và nhiệt tình .,2,0
phòng máy không sử dụng được .,0,2
"em học cảm thấy hơi khó hiểu , cô dạy hơi nhanh .",0,0
"giảng viên dạy hay , nhiệt tình và dễ hiểu .",2,0
"đi đúng giờ , dạy đủ kiến thức .",2,0
"thầy theo rất sát sinh viên chúng em trong từng buổi học , thầy luôn làm ví dụ để sinh viên dễ dàng hơn trong việc code .",2,0
"ít tiết nên sinh viên học có vẻ nhàm chán và khuôn mẫu , nên có thời gian để sinh viên tmf hiểu nhiều hơn .",0,1
thầy đến rất đúng giờ .,2,0
giáo viên không hướng dẫn sử dụng các tài liệu có hiệu quả và không hướng dẫn làm bài tập mà chỉ sửa bài tập .,0,0
"giáo viên dạy nhiệt tình , đảm bảo kiến thức cho sinh viên .",2,0
nên để giáo viên có kinh nghiệm dạy môn này .,0,1
"thầy dạy rất hay , ngắn gọn , tổng quát và dễ hiểu .",2,0
"cô rất dễ thương , giảng dạy nhiệt tình và dễ hiểu .",2,0
cô rất gần gũi với học sinh .,2,0
thầy rất giảng rất nhiệt tình .,2,0
thương xuyên ôn tập kiến thức .,2,0
em nghĩ thầy nên up slide trước mỗi buổi học để sinh viên có thể xem bài trước ở nhà thay vì up slide sau mỗi buổi học ạ !,0,0
"giảng viên nhiệt tình , quan tâm đến hầu hết các sinh viên trong lớp .",2,0
"thầy dạy cực kỳ nhiệt tình , chắc là hơn 10 mấy năm đi học cả phổ thông lẫn đại học mới thấy được thầy dạy nhiệt tình vậy .",2,0
"lý do lý thuyết không hiểu , dẫn đến thực hành cũng không hiểu .",0,1
"thầy nhiệt tình và rất quý sinh viên , giải bài tập chi tiết và có kèm ví dụ sinh động , em rất thích thầy và mong thầy tiếp tục dạy lớp em .",2,0
cần sinh động hơn .,0,1
không cứng nhắc trong cách cho điểm .,0,0
truyền đạt chưa tốt lắm .,0,0
"phòng máy quá cũ , internet không có , nhỏ , máy cấu hình quá yếu .",0,2
"dễ hiểu , dạy hay , có nhiều phương pháp sáng tạo , kẹo ngon .",2,0
"đảm bảo giờ lên lớp , số tiết dạy .",2,0
không hướng dẫn làm đồ án .,0,0
thầy có những mẫu truyện hay và ý nghĩa .,2,0
còn quá ít bài tập .,0,0
"cung cấp thêm tài liệu , giáo trình môn học .",0,1
chia nhóm làm đồ án rất hay .,2,1
"hơn nữa , lại dùng silverlight , dẫn đến tình trạng nhiều bạn không muốn học , vì học silverlight xong rồi , giờ đâu ai dùng nữa .",0,0
cô dạy hay và dễ hiểu và rất nhiệt tình .,2,0
"thầy giảng rất hay , chúng em cảm ơn thầy .",2,0
giáo viên cần đảm bảo giờ lên lớp .,0,0
"giảng viên rất tận tâm , chu đáo .",2,0
"giảng dạy nhiệt tình , hài hước .",2,0
nhạt nhẽo và khá nhảm .,0,0
"giảng viên giảng bài chưa hiệu quả , nhiều sinh viên không hiểu bài .",0,0
"giảng viên dạy dễ hiểu , tận tình , đảm bảo giờ lên lớp , cung cấp đầy đủ kiến thức cần có cho sinh viên .",2,0
"đồng thời , những câu hỏi thầy đặt ra rất sát và đòi hỏi kiến thức sâu so với bài học .",2,0
thầy dạy vui hiệu quả tận tình .,2,0
các thầy cô nên để micro gần miệng tí .,0,0
cần thay đổi chương trình giảng dạy cho phù hợp hơn .,0,1
cho ví dụ dễ hiểu .,2,0
có vài bạn nộp đồ án trễ nhưng vẫn được điểm rất cao .,0,0
"thầy tận tâm , nhiệt tình , nghiêm khắc , giảng bài dễ hiểu , đánh giá kết quả học tập công tâm , chính xác .",2,0
nhiệt tình và dễ hiểu .,2,0
qua kỳ sau mong thầy có thể tìm ra được một phương pháp dạy phù hợp giúp bọn em cảm thấy hứng thú với môn học của thầy .,0,0
"buổi nào cũng có thực hành, học lý thuyết xong ra thực hành liền sẽ có hiệu quả cao !",0,1
"giảng viên dạy chậm giúp sinh viên theo kịp tiến độ , có sự tưởng tác nhiều giữa cả giảng viên và sinh viên , ví dụ minh họa bài tập phong phú sau mỗi phần lý thuyết giúp sinh viên nắm rõ bài .",2,0
nhiều khi đang làm thực hành mà không có mạng để tìm hiểu thứ mình cần .,0,2
thầy không dạy em môn này .,1,0
phòng thực hành wzjwz53 cần được nâng cấp .,0,2
"giảng dạy nhiệt tình dễ hiểu , tận tâm với sinh viên .",2,0
lớp học quá đông nên rất nóng .,0,3
slide dễ hiểu .,2,1
cách dạy và nhiều bài tập hay .,2,0
"giáo viên luôn tận tâm , nhiệt tình và có sự tương tác cao với sinh viên .",2,0
học gần công trình thì công thật không thể chịu nổi .,0,2
cần giảng kỹ hơn nữa .,0,0
"cách thầy giảng dậy rất khoa học , đơn giản dễ hiểu !",2,0
kiến thức giảng rất khó hiểu .,0,0
"bài giảng tạo sự hứng thú cho sinh viên , giảng viên nhiệt tình .",2,1
thực hành đầy đủ .,1,1
cô giảng rất dễ hiểu và tận tâm với học sinh .,2,0
"giảng viên vui tính , khả năng truyền đạt tốt .",2,0
"giảng dễ nghe , nhiệt tình .",2,0
"cách giảng dạy của cô rất dễ hiểu , cô cũng rất quan tâm sinh viên .",2,0
học môn này khá vui .,2,1
"chưa có nhiều hoạt đọng nhóm hay thuyết trình , chưa được đi thực tế doanh nghiệp .",0,0
nhiệt tình giúp đỡ các bạn sinh viên .,2,0
giáo trình toàn dùng c không dùng cplusplus nhiều dễ gây rối trong quá trình lập trình .,0,1
chưa bao giờ có ý định nghỉ tiết của thầy ( trừ trường hợp ngủ quên colonbigsmile ) .,2,0
"đứng lớp đúng giờ , giải đáp mọi thắc mắc của sinh viên , nhiệt tình .",2,0
chỉ bảo tận tình .,2,0
"thầy dạy hay và đưa ví dụ rất sát , dễ dàng hiểu bài khi trên lớp .",2,0
"thầy nghỉ nhiều quá , làm tụi em cũng nghỉ theo .",0,0
nêu rõ mục đích cũng như ứng dụng của môn học ngay từ đầu .,0,0
"giáo viên nhiệt tình , đảm bảo giờ lên lớp .",2,0
có nắm được lý thuyết của môn học .,1,3
cảm ơn cô rất nhiều .,2,0
rất nản .,0,3
nên cho thêm nhiều bài tập về nhà hơn .,0,1
thầy wzjwz187 dạy có tâm và luôn hỗ trợ khi có thắc mắc .,2,0
"giảng viên nhiệt tình , có kinh nghiệm .",2,0
thầy cô chưa đưa nhiều vấn đề xã hội vào .,0,0
máy chiếu phòng wzjwz11 chất lượng quá kém .,0,2
"luyện tập nhóm , làm bài tập nhiều .",2,1
đề nghị nhà trường nên đầu tư thêm cho phòng máy và cập nhật các phần mềm phục vụ cho học tập .,0,2
đôi khi không có sự nhiệt huyết .,0,0
"cảnh cáo sinh viên đi trễ nhưng giảng viên đi trễ , thường xuyên vắng dạy không có lý do không có thông báo , gây bức xúc , hao tốn thời gian , phí đi lại của sinh viên .",0,0
"thầy dạy rất tận tâm , nhiệt tình trả lời câu hỏi của sinh viên .",2,0
thầy nên demo các mạch bằng protues .,0,0
"giọng nói , cử chỉ , cách truyền đạt của cô rất chi là dễ thương .",2,0
cách dạy của giảng viên .,1,0
dạy nói quá lan man làm chi sinh viên không tập trung .,0,0
"máy tính của phòng thực hành không phục vụ được nội dung thực hành , giảng viên yêu cầu tự làm trên laptop rồi mang lên phòng thực hành chấm điểm , vậy phòng thực hành dùng để chấm điểm ?",0,2
"thầy nhiệt tâm , vui tính .",2,0
giảng viên thực hành rất nhiệt tình và giải đáp được những vấn đề mấu chốt của môn học .,2,0
"thầy rất nhiệt tình , thường nói thêm để mở rộng kiến thức cho sinh viên và thẳng thắn chỉ ra những thiếu sót của slide bài giảng để sinh viên không mắc sai lầm và hiểu rõ vấn đề .",2,0
"còn khắt khe điểm quá , cho kiểm tra quá nhiều .",0,1
"giảng viên không hướng dẫn sinh viên thực hiện các bài thực hành , không cung cấp tài liệu để sinh viên học tập .",0,0
"giảng dạy cứng nhắc , áp đặp , không thu hút , gò bó sinh viên .",0,0
"giảng dạy hay , đưa ra một số ví dụ thực tế để tăng sinh  động cho tiết dạy .",2,0
cho bài tập nâng cao khả năng tiếng anh .,2,0
em thấy học vậy cũng được rồi .,1,3
đề cương môn học chưa được cập nhật cho sinh viên .,0,1
thầy cần tập trung thật nhiều vào phần trọng tâm trọng điểm mà môn học đã được đề ra .,0,0
"giảng viên cho bài tập nhiều , đầy đủ .",2,0
bài tập giảng viên cho tại lớp đáp ứng nhu cầu của sinh viên .,2,1
thầy dạy có tâm ạ .,2,0
kiến thức và cách dạy hay .,2,0
thầy rất vui .,2,0
gần gủi với sinh viên .,2,0
thầy dạy nhiệt tình và đúng giờ .,2,0
thường xuyên cho bài tập về nhà giúp sinh viên nắm rõ được kiến thức vững chắc hơn .,0,0
khá tận tình .,2,0
chọn thời gian báo cáo phù hợp cho sinh viên .,2,0
"giảng viên nhiệt tình , đúng giờ .",2,0
"giảng viên tận tâm , nhiệt tình , cho sinh viên thuyết trình các chủ đề cho trước , giúp sinh viên tăng cường khả năng làm việc nhóm .",2,0
"dạy kiến thức khá là cao cấp , vượt hơn khả năng hiểu biết của đa số sinh viên .",0,0
thầy dạy hiểu bài .,2,0
"thầy hay hát vu vơ , nghe cũng hay nhưng cũng rất buồn cười .",2,0
"nâng cấp trang thiết bị , đặc biệt là loa nghe để có chật lượng tốt nhất .",0,2
"giảng viên hướng dẫn rõ , chỉ dẫn từng sinh viên .",2,0
cô không đăng slide bài học lên trước mà chỉ đăng sau khi đã học xong vì thế khi không hiểu thì không có slide để đọc lại .,0,0
"cách dạy của thầy chưa hiệu quả , nhiều lúc còn nâng đỡ một số sinh viên .",0,0
"hình thức báo cáo đồ án cuối kỳ , không thể hiện được khả năng của sinh viên , dễ xảy ra trường hợp một người làm , cả đám người hưởng , vì thầy không yêu cầu bảng phân công công việc và chỉ chấm điểm chung cho cả nhóm dựa trên bài báo cáo được nộp , mặc dù một nhóm thầy quy định là 5 người .",0,0
tăng cường giao lưu thực tiễn tiếng anh .,0,1
"thầy thường xuyên đi trễ , có tuần thì trễ 30 - 45 phút , có một tuần trễ tận 1 tiếng ( lúc này sinh viên đã ra về ) .",0,0
báo nghỉ không rõ ràng .,0,0
không truyền được cảm hứng học tập .,0,0
"truyền đạt kiến thức tốt , thân thiện với sinh viên .",2,0
luôn liên hệ thực tiễn .,2,0
có tương tác với sinh viên .,1,0
cần có thêm nhiều tài liệu cho sinh viên nghiên cứu .,0,1
tuy nhiên thời gian lên lớp của thầy khá hạn chế và hầu hết thời gian thầy sử dụng chưa hiệu quả .,0,0
khá là tâm huyết .,2,0
cần cung cấp mục tiêu môn học .,0,1
thầy nên nói chậm lại một tí !,0,0
em muốn nhà trường xếp lịch làm sao để chúng em ít bị trùng lịch nhất ạ .,0,1
giảng kỹ dễ hiểu minh họa thực tế .,2,0
deadline các bài tập thực hành không cố định .,0,1
"quá nhiều bài tập , tốn rất nhiều thời gian mà hiệu quả không có .",0,1
thầy còn giảng rất hài hước .,2,0
"chữ cô rất xấu , cô dạy khó hiểu , không giải thích về bài thực hành mà chỉ đưa 3 clip rồi bảo sinh viên làm theo .",0,0
nói chung cũng tạm được .,1,3
cho ôn tập một đường ra đề một kiểu .,0,0
"rõ ràng , căn bản , thực tế .",2,3
"thầy rất có tâm với sinh viên , thầy không những dạy lý thuyết còn ví dụ những ứng dụng đó ở môi trường làm việc bên ngoài .",2,0
chưa được tham gia chiến dịch thực tế và tham quan công ty .,0,1
"cách dạy hay , tạo động lực cho sinh viên .",2,0
"giảng viên giảng dạy nhiệt tình , có nhiều bài tập hay .",2,0
"cô rất tận tình trong giảng dạy , luôn cải tiến phương pháp dạy .",2,0
tạo điều kiện cho sinh viên .,2,0
"giảng viên nhiệt tình , giảng dạy từ từ , dễ hiểu .",2,0
"những thông tin thầy truyền đạt rất khó hiểu , sinh viên không hình dung được kiến thức đó .",0,0
thầy có chỉ dẫn kỹ càng nhưng do kiến thức môn học quá nhàm chán gây ra đa số sinh viên trong lớp hay cúp học .,0,0
đôi khi còn giảng dạy khô cứng .,0,0
"cô quan tâm sinh viên , giảng bài hay dễ hiểu , yêu cô colonhihi .",2,0
dành quá nhiều thời gian trên lớp để chép bài lên bảng .,0,0
"thầy có kiến thức sâu rộng , chúng em cần phải học hỏi nhiều ở thầy .",2,0
"theo như yêu cầu của môn học , sinh viên phải mang lap để làm bài tập , tuy nhiên ổ cắm trong phòng chỉ có 2 ổ , không đáp ứng được nhu cầu dạy và học của giảng viên lẫn sinh viên .",0,2
cần nâng cao chất lượng cơ sở vật chất hơn .,0,2
giảng viên nên giảng bài cụ thể hơn .,0,0
được giảng viên hướng dẫn cụ thể dễ hiểu .,2,3
giảng viên ít giảng sâu về các ví dụ .,0,0
"giảng viên dạy hay , dễ hiểu , nhiệt tình , khối lượng kiến thức được giảm tải để có thể nhớ phần trọng tâm .",2,0
"thật sự bọn em cũng cạn lời , đành ngậm ngùi mò lên mạng tra search các kiểu hơn một tiếng đồng hồ mới làm được một câu .",0,3
"thầy dạy giỏi , quan tâm tới học sinh , vui tính , mong là ngày nào đó thầy sẽ dạy lại lớp em .",2,0
môn học rất có ích .,2,1
nên đi sâu hơn vào nhưng vấn đề quan trọng và tránh đi quá sâu vào những vấn đề cơ bản và quen thuộc .,0,0
"bài tập được làm nhiều , ân cần , tận tụy .",2,0
"giảng viên thường hay cho lớp nghỉ , một kỳ nghỉ tới 4 - 5 lần , khả năng truyền đạt cần cải thiện thêm .",0,0
cách truyền đạt chưa thực sự hiệu quả .,0,0
"giảng viên nhiệt tình thân thiện , giảng dạy có kế hoạch , đảm bảo kiến thức .",2,0
cố gắng làm nhiều bài tập hơn nữa .,2,1
thầy nên cho những ví dụ code demo để sinh viên hiểu hơn .,0,0
môn học không hữu ích đối với ngành học của em .,0,1
"phương pháp dạy nhàm chán , chỉ đọc slide .",0,0
"cô dễ thương , giải đáp thắc mắc tận tình .",2,0
"thưa , thầy luôn đặt nền tảng kỹ và cho chúng em tìm tòi học hỏi nâng cao .",2,0
giáo viên để sinh viên tự học nhiều hơn .,0,0
cô dạy tốt truyền đạt hay dễ hiểu .,2,0
"nội dung môn học chưa thống nhất , mỗi giáo viên dạy khác nhau , không thống nhất giữa các năm .",0,1
"giảng viên thực hành quá khắt khe trong việc chấm và nộp bài , xin coi code của bọn em khi bọn em sai hay quên xóa file .",0,0
"giảng viên đến lớp trễ , thường xuyên vắng nhưng không báo trước .",0,0
"thầy nhiệt tình giảng dạy , nhiều vấn đề rất hay cần thiết cho sinh viên .",2,0
chưa bao giờ gặp mặt giáo viên từ lúc bắt đầu học đến bây giờ !,1,0
"giảng dạy tận tâm , nhiệt tình tạo điều kiện phát triển kiến thức cho sinh viên .",2,0
"giảng viên nhiệt tình , giảng dạy theo hướng mở để sinh viên có thể tự nghiên cứu thêm ngoài chương trình .",2,0
thầy dạy vui và dễ hiểu .,2,0
em rất thích cô .,2,0
giảng viên áp dụng nhiều phương thức giảng dạy độc đáo .,2,0
cần phải có phương pháp giảng dạy linh hoạt và sáng tạo để gây hứng thú cho người học .,0,0
"giáo viên tuyệt vời , đẹp trai , vui tính , đá bóng hay .",2,0
cần thay đổi giáo trình cho phù hợp với kiến thức sinh viên .,0,1
về thái độ giải đáp thắc mắc cho sinh viên của giảng viên cảm giác rất khó chịu làm cho sinh viên không muốn hỏi thêm điều gì nữa .,0,0
"bài giảng dễ hiểu , có kèm theo ví dụ cụ thể , thân thiện với sinh viên , giải đáp ngay khi sinh viên có câu hỏi .",2,1
hài hước .,2,3
thầy dạy rất trầm .,0,0
thầy dạy ứng dụng thực tế nên rất dễ hiểu .,2,0
sinh viên được được thuyết trình nhưng thật sự chưa hiểu quả .,0,1
thầy ra bài tập nhiều nâng cao năng lực thực hành .,2,0
thầy rất gần gũi và hướng dẫn tốt cho sinh viên .,2,0
nhiệt tình và giảng dễ hiểu .,2,0
gộp chung 2 lớp khác khóa lại với nhau dẫn đến sự không cân bằng về kiến thức giữa 2 lớp gây khó khăn cho lớp dưới .,0,0
"thầy tâm lý , dạy hay .",2,0
"thầy dạy tận tình , tạo không khí mới mẻ cho buổi học .",2,0
"giảng viên khá hài hước , mang lại tiếng cười cho lớp trong quá trình giảng dạy .",2,0
kiến thức của cô chuyên sâu .,2,1
giảng viên hay nhớ nhầm việc dạy lớp này sang lớp khác .,0,0
"thầy dạy rất tốt , em cảm thấy dễ hiểu .",2,0
"sinh viên năm 3 trở lên đều có laptop cả rồi , vậy nên vào phòng máy là không cần thiết .",0,1
"máy chiếu phòng wzjwz104 rất hay tắt , mở được một lúc là nóng quá rồi tắt , không sử dụng được nữa .",0,2
"giảng viên nhiệt tình , tận tâm , tích cực trao đổi với sinh viên về kiến thức trong và ngoài chương trình .",2,0
"nói rõ nội dung môn học , mục tiêu .",0,1
vui vẻ .,2,0
"phòng học buổi trưa rất nóng , có thể trang bị thêm quạt thì tốt hơn .",0,2
"thầy rất nhiệt tình , luôn đưa ra những ví dụ thực tế rất sinh động .",2,0
"giáo viên dạy hay , nhiệt tình và cập nhật các kiến thức bên ngoài vào trong bài giảng .",2,0
nhà trường nên cho thực hành mỗi tuần một lần .,0,1
giảng viên ôn thi chuẩn xác .,2,0
lý do doubledot tới ngày thi ngồi ngay 2 máy hư .,0,2
thầy tạo được sự hứng thú với môn học .,2,0
"thời lượng thực hành quá ít , kiến thức mới mà hướng dẫn ít !",0,1
"dạy dễ hiểu , hài hước !",2,0
nhàm chán .,0,3
"nhiệt tình , vui tính .",2,0
"giáo viên dễ tính , dạy hay .",2,0
"nhiệt tình , gần gũi sinh viên .",2,0
"môn học cần được thiết kế chi tiết hơn từng phần học cụ thể để sinh viên dễ tiếp cận như doubledot học lập trình console và win form lẫn lộn , sinh viên chưa có cái nhìn khái quát và tổng thể về vấn đề cần làm dẫn đến khó tìm lối đi trong sự hỗn loạn kiễn thức , không có phương hướng kết quả học tập không cao , không hứng thú và đam mê .",0,1
thầy rất quan tâm đến khó khăn gặp phải của sinh viên trong lúc thực hành .,2,0
"việc truyền đạt kiến thức chưa sâu , em thấy vẫn mông lung sau mỗi tiết học , chỉ hiểu sơ sơ .",0,0
"giáo viên nhiệt tình , truyền đạt tốt .",2,0
"không nên "" hù dọa "" sinh viên ở phía trước mỗi bài toán mà phải biến nó thành đơn giản để thực thi bài toán giảng viên cần phải làm những bài tập mẫu hơn là cho mấy trăm bài tập .",0,1
cách dạy của giáo viên rất tốt .,2,0
dạy hơi nhanh quá .,0,0
"anh wzjwz278 như một người bạn vậy , rất gần gũi , thoải mái khi giao tiếp với sinh viên , kiến thức học được từ anh rất đầy đủ .",2,0
thầy lên lớp không đúng thời gian và không quan tâm sinh viên .,0,0
em thấy phòng thư viện tầng trên mà bọn em học không hề phù hợp với việc học anh văn vì thiết kế bảng và hệ thống máy tính khiến bọn em cứ phải mỏi cổ ngoảnh sang trái hoặc sang phải suốt cả buổi học vì bọn em cũng chả dùng máy tính để làm gì trong giờ học anh văn cả .,0,1
thân thiện với sinh viên .,2,0
"cập nhật tính thời sự trong môn học , cung cấp tài liệu đọc thêm bổ ích .",2,1
"giảng viên dạy rất buồn ngủ , không thu hút sinh viên vào bài giảng .",0,0
giọng hơi khó nghe .,0,0
"giáo trình tốt , kiến thức trọng tâm .",2,1
cô rất dễ thương và được nhiều sinh viên yêu quý ạ .,2,0
cô dạy khá dễ hiểu và cô khá thoải mái .,2,0
hoàn toàn không hài lòng với cách đánh giá của thầy .,0,0
không có gì cả ạ .,1,3
thầy dạy buồn ngủ .,0,0
giảng viên trợ giúp nhiệt tình .,2,0
qua đó sẽ hiểu được thật sâu và rõ những lý thuyết đã được học .,2,1
giảng viên thường không lên lớp nếu có lên lớp thì chỉ ngồi lỳ một chổ không giảng bài hay hướng dẫn sinh viên thực hành .,0,0
"thầy wzjwz262 nhiệt tình , truyền đạt tốt kiến thức , giới thiệu thêm nhiều nguồn tài liệu cho sinh viên .",2,0
mục tiêu môn học nên đặt ra là doubledot sinh viên được giới thiệu những gì .,0,1
"thầy dạy rất hay , kiến thức rất thực tế , theo sát sinh viên từng bước một , hướng dẫn tận tình tận tâm , truyền đặt kiến thức dễ hiểu , thuyết phục .",2,0
"lớp hay nghỉ , giáo viên chưa tận tình lắm .",0,0
"nhiệt tình , thầy dạy kỹ .",2,0
thầy dạy không tạo được sự hứng thú .,0,0
thầy dạy rất tốt và trả lời các câu hỏi của sinh viên rất nhanh và chính xác .,2,0
"giáo viên tận tâm , nhiệt tình , cách truyền đạt dễ tiếp thu .",2,0
"thầy ví dụ thực tiễn , đáp ứng yêu cầu thực hành .",2,0
"giảng viên tận tâm , tạo sự chủ động trong học tập cho người học .",2,0
thầy thân thiện dạy nhiệt tình .,2,0
đủ tài liệu .,2,0
cách chấm điểm các bài thực hành thông qua quay video thực sự chưa đánh giá đúng khả năng của sinh viên .,0,0
viết quá nhiều .,0,0
"thầy đi dạy luôn đảm bảo thời gian , giải đáp thắc mắc rất nhiệt tình , ra trễ hơn các môn khác từ 15 - 25 phút .",2,0
thầy thường xuyên cho nghỉ trước khi kết thúc giờ học .,0,0
em muốn môn học gần với thực tế qua các ví dụ .,0,1
"giảng dễ hiểu , vui tính và rất thân thiện với sinh viên .",2,0
em có ý kiến là nên hủy môn vật lý kỹ thuật .,0,0
giảng dạy tích cực .,2,0
"sự hướng dẫn thực hành tận tâm , nhiệt tình .",2,0
hy vọng học kỳ tới thầy có thể kết thúc buổi học đúng giờ .,0,0
"giờ thực hành quá ít , bài tập thực hành hằng tuần đều đó , giảng viên hướng dẫn không có nhiều thời gian để hướng dẫn trực tiếp .",0,1
giảng viên có kiến thức chuyên sâu về môn học .,2,0
"nhiệt tình , có tâm huyết .",2,0
"phần khảo sát doubledot các câu hỏi khảo sát quá dài dòng , nhiều câu lập đi lập lại sinh viên chán nản tích tràn lan đánh giá không đúng kết quả khảo sát không được chính xác .",0,1
giáo viên cần cho sinh viên nói nhiều thực hành giao tiếp trên lớp .,0,0
"nên có phần thực hành về tìm hiểu phần cứng , các bộ phận trong máy tính .",0,1
tận tâm tận tình .,2,0
cô giải thích các vấn đề sinh viên đưa ra khá chi tiết !,2,0
nội dung nhập nhằng .,0,1
cô nên hoạt động trên website môn học nhiều hơn .,0,0
"giảng viên hướng dẫn nhiệt tình , chi tiết .",2,0
các thành viên dễ gán kết hơn và có trách nhiệm hơn .,0,1
sử dụng hiệu quả thời gian lên lớp .,2,0
"sự nhiệt tình , tận tâm của giảng viên .",2,0
dạy chi tiết .,2,0
"giảng viên dạy rất nhiệt tình , phản hồi trực tiếp , gián tiếp thắc mắc của sinh viên rất tích cực .",2,0
thay đổi hình thức đánh giá môn học .,0,1
cho bài tập hay .,2,1
cần bổ sung phần kiến thức pattern severside .,0,1
điều đó dẫn đến nhiều sinh viên cũng sẽ phát âm như vậy .,0,0
giao đề tài thiếu công bằng .,0,0
dễ gây nhàm chán .,0,3
thầy dạy rất vui rất kỹ .,2,0
"phòng học còn nóng và bụi bặm , máy chiếu tuy là vẫn thầy được nhưng như thế vẫn là mờ , đề nghị khắc phục vấn đề này .",0,2
cô giảng còn hơi khó hiểu .,0,0
khả năng truyền đạt tốt .,2,0
mỗi ngày khi đến môn học này là một cực hình tra tấn sinh viên cả lớp .,0,1
"giảng viên giảng hay , giúp sinh viên tiếp thu kiến thức hiệu quả .",2,0
giảng đường quá nóng .,0,2
"giảng dạy tốt , nhiệt tình chỉ bảo sinh viên .",2,0
"thầy wzjwz81 là một giảng viên rất tâm huyết với sinh viên , thầy tận tình chỉ dạy tất cả những điều chúng em chưa rõ .",2,0
"thầy dạy nhiệt tình , áp dụng nhiều bài tập , dễ hiểu .",2,0
"đa số giảng sơ sài , chủ yếu là lước qua .",0,0
cho mượn kit về nhà đẻ thực hành .,0,1
"yêu cầu đối với sinh viên cao , nhưng lại không đáp ứng cho sinh viên những kiến thức cần thiết .",0,0
chỉ tham gia chấm điểm không giảng dạy trong giờ thực hành của lớp một lần nào .,0,0
thầy không dạy lý thuyết mà chỉ nói sơ qua về một số bài tập nên em không biết nhận xét gì về thầy .,0,0
làm việc nhóm nhiều .,2,1
nhưng trường lại không sắp xếp được một giờ nào cho sinh viên học .,0,1
khả năng tương tác chưa tốt .,0,0
thầy khá đúng giờ .,2,0
"nội dung bài giảng dễ hiểu , giảng viên nhiệt tình , vui tính .",2,0
nếu trang thiết bị đã không đáp ứng được thì tại sao trường không tạo điều kiện kéo dây mạng cho sinh viên cắm vào laptop .,0,2
có bài tập cuối giờ .,1,1
không có buổi học bù nào .,0,1
đa số các giờ đều do sinh viên thuyết trình nhưng thực tế sinh viên đứng thuyết trình còn chưa hiểu bài làm sao trình bày lại cho các bạn hiểu .,0,3
giảng viên giảng bài dễ hiểu .,2,0
làm phim khó quá thầy ạ .,0,0
em rất hài lòng về phương pháp giảng dạy của thầy ạ .,2,0
cô wzjwz6 rất nhiệt tình .,2,0
giảng viên rất có tâm huyết .,2,0
tất cả các hoạt động trên lớp .,1,3
sự tận tình đối với học viên .,2,0
đến lớp dúng giờ !,1,1
có một số phần giảng viên giải thích hơi khó hiểu .,0,1
"nâng cao trang thiết bị phòng học doubledot máy chiếu , quạt .",0,2
"khả năng truyền đạt không tốt , kiến thức chưa đạt .",0,0
thầy vui tính và thân thiện với sinh viên .,2,0
"giáo viên hướng dẫn thực hành đến lớp trễ , và chưa hướng dẫn sâu sắc để sinh viên dễ dàng nắm được bài .",0,0
"giảng không hiểu , nói nhiều .",0,0
cô rất tận tình với sinh viên .,2,0
"thầy giảng bài tận tâm , nhiệt tình .",2,0
"thầy dạy rất hay , hài hước trong công việc .",2,0
"thiếu nhiệt tình , ít làm bài tập .",0,0
"thích ngủ thì ngủ , ngoài ra chả có gì hài lòng .",0,3
"tên môn học là lập trình ứng dụng web , tuy nhiên chỉ cho lập trình trên ngôn ngữ php , nên rõ ràng trong tên môn học với ngôn ngữ nào .",0,1
"giảng viên vui vẻ , tận tình .",2,0
thầy không dạy nhưng báo trước rất sát giờ và thầy rất hay nghỉ dạy .,0,0
"thầy dạy hay , vui nhiều phần thầy bồ sung có tính thực tiễn cao .",2,0
"giảng viên nhiệt tình , quan tâm đến sinh viên , hiền .",2,0
nhiệt tình tâm huyết .,2,0
"dùng những công nghệ phổ biến , nên tham khảo khung chương trình của khoa để biết sinh viên đã biết được những gì rồi .",0,0
"tốt , dễ hiểu .",2,0
thầy dạy rất dễ hiểu sinh động .,2,0
em không thích cách giảng dạy của thầy wzjwz86 cho lắm .,0,0
giáo viên vui vẻ .,2,0
"cần có nhiều tài liệu để học hơn , có các trò chơi để sinh viên dễ hiểu bài hơn .",0,1
chưa có nhiều kinh nghiệm về kiến thức .,0,1
"cô dạy kỹ , vui tính , quan tâm sinh viên .",2,0
đôi lúc chưa đi sâu vào vấn đề giảng dạy .,0,0
có nhiều bài vận dụng .,2,0
giảng viên nghỉ 3 ngày không có lý do .,0,0
"giảng viên cung cấp đủ kiến thức cần thiết để hiểu rõ phần lý thuyết để thực hành , có các ví dụ mẫu để sinh viên tham khảo .",2,0
chưa giúp sinh viên có thể làm việc nhóm với nhau .,0,0
nói chung là thầy quá tuyệt luôn ạ .,2,0
không biết .,1,3
nội dung môn học đầy đủ .,2,1
hướng dẫn học sinh giải bài tập tốt .,2,0
"cảm ơn cô đã nhiệt tình hỗ trợ tụi em , giảng lại các nội dung mà thầy lý thuyết lướt qua .",2,0
cô nói rất nhỏ .,0,0
sử dụng máy chiếu slide ví dụ cụ thể hơn .,0,2
không nắm vững được kiến thức môn học .,0,1
thú vị .,2,3
thầy dễ tính .,2,0
"hòa đồng , thân thiện với sinh viên .",2,0
"tận tâm , giảng dạy tốt .",2,0
"thầy nhiệt tình , đi dạy đầy đủ , vui vẻ .",2,0
thầy giảng rất hay .,2,0
"đề nghị cô xem lại tài liệu giảng dạy của mình , slide nên đầu tư kỹ hơn .",0,0
"thầy rất tận tâm , quan tâm tới sinh viên .",2,0
vâng không có ý kiến gì thêm .,1,3
có nhiều kiến thức mở rộng .,2,1
"tránh tình trạng giảng viên đang dạy thì hết phấn , micro hết pin .",0,2
"em thành thật chia sẻ , khoa nên bỏ môn học này .",0,1
giảng viên chỉ đọc lướt qua slide bài giảng rồi giao bài tập .,0,0
giáo viên giảng bài hơi khó hiểu và không có tài liệu tham khảo trên moodle .,0,0
"giảng dạy nhiệt tình , luôn đổi mới nội dung .",2,0
"đầu tư phòng lab thực hành trên thiết bị thật , có quy mô .",0,2
hay nhiệt tình năng nổ truyền đạt dễ hiểu .,2,0
thầy chuẩn bị bài giảng rất đầy đủ .,2,0
"thầy rất vui tính , giảng dạy rất hay !",2,0
cách dạy hơi khó hiểu .,0,0
"thầy không nên cho code trước mà nên để sinh viên tự làm , như vậy sinh viên sẽ nhớ lâu hơn .",0,0
cô tận tình .,2,0
hay điểm danh sớm .,0,0
hơi khó tiếp thu .,0,3
giảng viên cho quá nhiều bài tập nhưng lại ít hướng dẫn và giải .,0,0
thầy có thể giảng sâu hơn về trọng tâm của bài hơn một chút nữa được không ạ .,0,0
cô quá tuyệt vời .,2,0
nhưng thầy cũng cho thời gian hỏi lại những điều chưa hiểu .,2,0
"phòng thực hành thì máy bị treo , bị hư hoài , dây mạng thì cắm lúc nhận lúc không .",0,2
giảng viên đã dạy tốt .,2,0
"buổi học trước buổi cuối cùng của môn học cô wzjwz48 có dặn tuần sau có đi học , ai muốn đi thì đi , không đi cũng không sao vì buổi đó không điểm danh nhưng khi đến lớp thì không có ai dạy .",0,0
thầy dạy rất hay và rất vui .,2,0
thực hành chỉ cần sử dụng hình thức 2 .,0,1
nên có thêm ví dụ cụ thể của giảng viên cho từng dạng toán thay vì chỉ sửa bài tập của sinh viên .,0,0
"em hy vọng là nội dung bài học sẽ cập nhật các phiên bản công nghệ mới , gần đây nhất .",0,1
lấy ví dụ từ thực tế dễ hiểu !,2,0
"thầy nên cập nhật những kiến thức mới , thay vì vẫn sử dụng những nội dung kiến thức cũ .",0,0
"giảng dạy tích cực , hiệu quả .",2,0
"thầy rất vui tính , có thể do thầy trẻ nên thầy hiểu được tụi em và có phương pháp dạy khá trẻ trung và hay .",2,0
thầy giảng dạy nhiệt tình và bổ sung những kiến thức khác cần thiết cho sinh viên .,2,0
"thầy dạy nhiệt tình , gần gũi , vui vẻ trong buổi học .",2,0
nên có kho tài liệu và bài tập mẫu cho sinh viên tham khảo .,0,1
"cô dạy hay , tận tâm với công việc .",2,0
thầy lúc nào cũng chỉ nghĩ cho thầy chứ không nghĩ cho người khác .,0,0
rất thân thiện .,2,0
"cô giảng lý thuyết quá nhanh làm em và nhiều bạn khác không nắm kịp , chủ yếu là về xem lại tài liệu mới hiểu được cơ bản , còn ở trên lớp thì chỉ sơ sơ .",0,0
hay điểm danh .,0,0
không đúng giờ lên lớp .,0,0
nhiệt tình tận tâm và vui vẻ .,2,0
"các bài tập của nhóm đều tự làm , hoặc có tham khảo số liệu thống kê để phân tích thị trường nhưng lại làm tỉ lệ sao chép theo thuật toán của turnitindotcom > 30% ( theo thầy nói bài > 30 % sẽ bị 0 điểm ) .",0,0
cần cho sinh viên làm bài tập nhiều hơn .,0,0
thầy giảng bài khá dễ hiểu .,2,0
"theo em thì trường nên tổ chức thêm những buổi seminar về các phần mềm , giới thiệu về các hướng phát triển phần mềm trong bộ môn này .",0,1
"giảng viên dạy hơi nhanh , đôi lúc không bắt kịp bài .",0,0
"giải thích rõ vấn đề , hướng dẫn rõ .",2,0
"chất lượng giảng dạy tốt , tâm huyết nhiệt tình .",2,1
"thầy dạy hay , dễ hiểu , có nhiều kiến thức bổ xung hay .",2,0
đề thi cuối kỳ quá dài so với thời gian kiểm tra .,0,1
cần có các bài tập thực tiễn hơn .,0,1
thầy luôn đúng giờ .,2,0
phương pháp giảng dạy của giảng viên giúp anh fraction chị hiểu được và vận dụng được kiến thức .,2,0
"kiến thức thực hành không song song với lý thuyết , một số bài thực hành với kiến thức có khi trước cả khi được học ở lớp lý thuyết .",0,1
cô giảng bài rất nhiệt tình !,2,0
"đảm bảo giờ lên lớp , truyền đạt hiệu quả , tích cực .",2,0
"nên trang bị thêm các lớp thực hành để sinh viên có cơ hội thao tác trên thực tế nhà trường nên trang bị rèm cửa sổ để tránh ánh sáng làm mờ máy chiếu , gây khó khăn trong việc báo cáo đồ án cũng như dạy học .",0,2
nội dung thực hành và lý thuyết phải sát nhau .,0,1
nhiệt tình giải thích cho sinh viên .,2,0
"giảng dạy tận tình , giải đáp thắc mắc thường xuyên .",2,0
"nhiệt tình , tâm huyết !",2,0
thầy cô đảm bảo thời gian lên lớp .,2,0
"máy chiếu khá mờ , âm thanh gặp nhiều vấn đề trục trặc .",0,2
điều em hài lòng nhất đó là giảng viên nhiệt tình va luôn tạo được cảm giác hứng thú khi mà học tiếng anh .,2,0
"giảng viên giảng dạy nhiệt tình , dễ hiểu .",2,0
cần có các thiết bị thực hành đầy đủ .,0,2
mấy cái khảo sát trước em tưởng một là tốt nhất nên đánh nhầm rồi ạ .,0,3
thầy khá dễ .,2,0
"phong cách dạy của thầy làm cho sinh viên thấy gần gũi , tạo cảm giác nắm bắt , hiểu được bài giảng tốt hơn .",2,0
cho bài tập cụ thể .,2,1
chỉ bảo sinh viên ở từng lỗi nhỏ .,2,0
và có một số vấn đề thầy khó hiểu .,0,0
"thầy dạy rất nhiệt tình , rất tâm huyết , ôn tập rất kỹ .",2,0
"sinh viên đến lớp mà không thấy giáo viên , rồi bị đuổi về .",0,1
"tận tâm , nhiệt tình với sinh viên .",2,0
"lịch dạy học thay đổi liên tục , không cố định .",0,1
cô giảng nhiệt tình .,2,0
cho sinh viên làm nhiều bài tập từ dễ đến khó để hiểu bài .,0,0
em thấy thầy dạy hay hơn thầy wzjwz301 hi hi .,2,0
cần giải thêm nhiều bài tập và các đề ôn thi !,0,0
giáo viên nên có định hướng cho sinh viên trong việc chọn đề tài nghiên cứu .,0,0
"môn học chỉ đề cập các vấn đề chung của một ngôn ngữ hướng đối tượng đã học ở môn lập trình hướng đối tượng , lập trình windows , đa luồng , đồ họa .",0,1
slide dễ nhìn .,2,1
có nhiều tài liệu hay .,2,3
thầy dạy vô cùng chán và không có tâm huyết .,0,0
nên nâng cấp và bảo trì các phòng máy cũ thường xuyên hơn .,0,2
thầy rất hiểu tâm lý của sinh viên .,2,0
giảng viên nhiệt tình giảng dạy và giải đáp thắc mắc của sinh viên .,2,0
thầy giảng còn hơi khó hiểu khó tiếp thu .,0,0
đề thực hành quá khó .,0,1
thầy dạy có tâm .,2,0
"nhiều cái đọc không thể hiểu nổi , phải mở sách tiếng anh ra đọc mới hiểu .",0,0
chưa thấy giáo viên bao giờ .,1,0
sử dụng song ngữ nên dễ hiểu .,2,0
"thầy ơi giảng bài tự tin lên thầy , nói nhiều khi nhỏ quá không ai nghe được .",0,0
mang tính thực tế .,1,1
"tập trung giảng dạy những kiến thức có ích cho chuyên ngành sau này hơn , những kiến thức không quan trọng nên bỏ qua hoặc dạy lướt qua .",0,1
dạy quá tệ .,0,0
"giáo viên rất vui tính , niềm nở với học sinh .",2,0
"hướng dẫn làm đồ án môn học chưa chi tiết , cảm thấy lý thuyết và thực hành không liên quan nhiều đến nhau .",0,0
"thường xuyên vắng mặt , sinh viên đến học không có giảng viên , không rõ lý do , không có bất cứ thông báo nào trước , gây lãng phí thời gian , chi phí đi lại của sinh viên .",0,0
phải nâng cấp phòng máy .,0,2
"thầy dạy rất hay , cảm ơn thầy ạ .",2,0
"phương pháp giảng dạy chưa được tốt , cần phải cụ thể hơn để cho sinh viên dễ hiểu hơn nữa .",0,0
số buổi ôn tập còn ít .,0,1
cô rất nhiệt tình khi chỉ và dạy .,2,0
"thầy thường hay cho từ khóa để tăng khả năng tự học của sinh viên , giúp sinh viên có ý thức tự học suốt đời .",2,0
rèn luyện tư duy .,2,1
"chính vì lẽ đó , mong nhà trường có thể đòi lại quyền lợi cho sinh viên .",0,0
seminar quá nhiều .,0,1
"cô dạy cực kỳ nhiệt tình , hiểu tâm lý học sinh , cách giảng bài hay .",2,0
liên hệ đến thực tiễn .,2,1
thầy sử dụng bảng và liên tục ghi chép từ tài liệu trong khoảng 60% thời gian đứng lớp làm tiết học rất chán và buồn ngủ .,0,0
"giảng viên dạy học cực kỳ tận tình , cô wzjwz270 có giải đề và lưu ý trước khi thi cho cả lớp , cô cũng chỉnh sửa đồ án cho những nhóm trình bày để hoàn thiện hơn đồ án của các nhóm colonsmile .",2,0
"thưa , thầy thực sự chuyên tâm trong quá trình giảng dạy và các bài tập thầy đưa rất bổ ích , mang tính thực tiễn .",2,0
thay đổi cách truyền đạt để môn học ít nhàm chán hơn .,0,1
"phương pháp giảng dạy rất hay , nhiệt tình .",2,0
"cô rất chu đáo , nhiệt tình .",2,3
cần có bài giảng trên slide và nhiều ví dụ hơn .,0,1
"giảng viên giảng dạy nhiệt tình , giải đáp được thắc mắc của sinh viên .",2,0
"môn học rất khó , giảng viên nên giải nhiều bài tập trên lớp hơn .",0,0
"giảng viên dạy cực kỳ nhiệt tình , dễ hiểu , lớp học sôi nổi , đạt hiệu quả cao .",2,0
"giảng viên quan tâm tận tình tới sinh viên , truyền đạt hiệu quả .",2,0
"odoo còn quá rộng , khó sử dụng , chưa hiểu hết được các chức năng cần dùng cho đồ án như pos .",0,0
"thầy chú trọng dạy những quy ước , nguyên tắc khi code để code rõ ràng , dễ hiểu .",2,0
"chứ như tình trạng hiện tại là môn thực hành học trước , qua kỳ sau mới được học lý thuyết thì mất đi tính tiếp nối kiến thức trong quá trình học .",0,1
