sentence,sentiment,topic
dạy quá thời gian quy định .,2,0
"giảng viên dạy dễ hiểu , vui tính .",2,0
"thầy dạy khá nâng cao , một số tụi em học không kịp .",0,0
sinh viên cần nhiều hơn những bài như vậy .,0,1
thầy tận dụng tốt thời gian và truyền đạt ý tưởng cũng như niềm vui học oop .,2,0
cần có nền tảng trước khi xây dựng cả một website .,0,1
giảng viên dạy hay .,2,0
thầy truyền tải đầy đủ kiến thức .,2,0
"máy chiếu quá mờ , đề nghị thay đổi .",0,2
"giảng viên giảng dạy dễ hiểu , cho bài tập và ví dụ hay , sát với bài .",2,0
giảng bài kém hiệu quả .,0,0
rất hữu ích .,2,3
"lại dùng visual studio 2005 nên tôi xin có ý kiến về việc nâng cấp bản visual studio lên 2008 , 2010 để việc học và thi trở nên dễ dàng , hiệu quả hơn !",0,2
"cô nhiệt tình , dạy hay , nhiều bài tập .",2,3
chưa truyền đạt kiến thức một cách hiệu quả nhất .,0,0
thầy vui vẻ dạy dễ hiểu .,2,0
chất lượng phòng thực hành quá kém .,0,2
cách dạy nhàm chán .,0,0
"thầy đưa ra những ví dụ rất nhạy cảm , đặc biệt là đối với những bạn nữ .",0,0
"thầy dạy hay , quan tâm học sinh , nhiệt tình .",2,0
cô dạy có phần hơi nhanh .,0,0
chưa nhận được sự hỗ trợ kịp thời từ giảng viên .,0,0
giáo viên tốt và nhiều năng lượng .,2,0
"thầy dạy dạy hay , nhiệt tình , vui vẻ .",2,0
"giáo viên thân thiện , giảng giải dễ hiểu .",2,0
thầy hay đi muộn .,0,0
cách giảng dạy của thầy rất tuyệt vời rất sát với thực tế .,2,0
"vui , nhiệt tình với sinh viên , tận tâm giúp đỡ sinh viên .",2,0
"giảng viên dạy dễ hiểu , phát âm chuẩn và thường tương tác với sinh viên trong buổi học .",2,0
"quan tâm đến học , giảng dạy tận tâm , dễ hiểu .",2,0
"thầy dạy tốt , có lượng kiến thức chất lượng cho sinh viên .",2,0
ra các dạng của đề thi !,1,1
"thầy có tâm huyết trong việc giảng dạy , sẵn sàng giảng lại những kiến thức chưa rõ .",2,0
môn bài tập ta thường học trong phòng với đồ lau bảng không sạch làm ảnh hưởng đến các bài tập tiếp theo khi các bạn làm đè lên phần bôi chưa sạch .,0,2
mong cô có thể giảng dạy nội dung dễ hiểu hơn .,0,0
đi dạy đúng giờ và bù đủ số buổi vắng .,1,1
quan tâm đến nhiều sinh viên hơn vì trong lớp trình độ khá chênh lệch mà cũng không quá nhiều sinh viên .,0,0
"mỗi học kỳ có thể là đồ án khác nhau cho toàn bộ sinh viên để doubledot tránh tình trạng "" xào "" lại các đồ án cũ, nên có chung một quy tắc chuẩn để chấm điểm cho sinh viên .",0,1
cô dạy rất tâm huyết và hiệu quả .,2,0
tuân thủ đúng giờ học .,2,0
không có ý kiến thêm .,1,3
buổi nào cũng muộn hơn 15 phút .,0,0
giảng bài .,1,0
"giảng viên rất tận tâm , nhiệt tình .",2,0
"bỏ môn này hoặc đưa ra chương trình học đơn giản , dễ hiểu hơn cho sinh viên , nắm chắc còn hơn học nhiều mà chẳng được bao nhiêu .",0,1
"giáo viên nên giảng bài cho học sinh , không nên ngồi để học sinh tự nghiên cứu .",0,0
hay cho nghỉ liên tục vì đi công tác .,0,0
thầy thân thiện vầ nhiệt tình .,2,0
anh văn là môn học quá khó đối với em .,0,1
cho nhiều bài tập để học tập cũng như ôn thi .,2,0
hồ bơi bẩn .,0,2
"thầy rất thẳng thắng trong các cuộc nói chuyện , giảng bài , điểm thi .",2,0
còn trong bài thầy dạy hơi nâng cao nên không kịp tiến độ chương trình học .,0,0
"dạy nhiệt tình , hướng dẫn dễ hiểu .",2,0
tới khi đi làm thì không chuyên về lĩnh vực nào .,0,1
có thêm các đồ án mang tính chất sáng tạo .,0,1
thầy sử dụng tiếng anh để sinh viên làm quen tên các thiết bị .,2,0
"giảng viên nhiệt tình , vui vẻ , giải đáp hết mọi thắc mắc sinh viên .",2,0
nên gắn chặt hơn nữa môn học với thực tiễn .,0,1
mặc dù không được gặp giảng viên trong học kỳ qua nhưng em cũng đã cơ bản hoàn thành được đồ án .,0,0
bài tập về nhà quá ít .,0,1
các phòng máy nên được cài đặt phần mềm liên quan đầy đủ hơn .,0,2
"cô là giáo viên rất nhiệt tình với sinh viên , mong cô cứ như vậy hoài .",2,0
"cô giáo tận tâm , nhiệt tình .",2,0
giảng viên cho nhiều bài tập để làm .,2,0
thầy giảng thực tế vào bài tập .,2,0
chưa thấy rõ mục tiêu của môn học .,0,1
thầy để tụi em tự tìm hiểu cũng là một cách hay nhưng hơi khó đối với tụi em .,0,0
nhiều kiến thức nói nhanh và khó hiểu .,0,0
"thầy dạy hay , cách dạy thu hút và thầy rất tâm huyết , giỏi , kiến thức sâu rộng , có phương pháp dạy khoa học , dễ hiểu .",2,0
cập nhật giáo trình chung để giảng dạy môn học .,0,1
cần cho slide về đọc .,0,0
cô dạy rất nhiệt tình và chi tiết .,2,0
cách dạy vẫn như kiểu cũ không có tính hiệu quả cao .,0,0
"giảng viên nhiệt tình , có tâm .",2,0
giảng viên không nhiệt tình và tận tâm .,0,0
giải đáp thắc mắc và không bao giờ dạy hụt bài .,2,0
chương trình học dường như quá nặng .,0,1
nhiệt tình trong công việc .,2,0
"thầy vào lớp trễ , kéo dài thời gian dạy học qua tiết trống , dạy không đúng với trọng tâm ra đề thi , chấm điểm cuối kỳ quá chậm .",0,0
thầy nói rõ .,2,0
"giảng viên khó tính , thỉnh thoảng lớn tiếng với sinh viên , không tôn trọng ý kiến của sinh viên .",0,0
em rất hài lòng về giờ thực hành này .,2,1
thầy thường xuyên bận việc đột xuất và báo nghỉ sát giờ .,0,0
nên có nhiều môn học hơn .,0,1
"thường xuyên kiểm tra kiến thức sinh viên , đảm bảo được chất lượng kiến thức môn học .",2,0
"thầy dạy hay , nhiệt tình , vui vẻ , cho đề dễ .",2,0
thầy giảng dễ hiểu và quan tâm học sinh .,2,0
giảng viên cần sử dụng thời gian trên lớp hiệu quả hơn .,0,0
cần hiểu rõ thêm cách kết nối prolog với c .,0,3
cô giảng bài nhanh quá colonsad .,0,0
"giảng viên nhiệt tình với sinh viên , ví dụ sinh động dễ hiểu .",2,0
"giảng viên giảng dạy dễ hiểu , kỹ càng , tận tâm trong giải thích và dạy học .",2,0
"giảng viên giảng dạy rất nhiệt tình , luôn đến lớp đúng giờ , quan tâm đến việc học tập của sinh viên .",2,0
chương trình học khá nhiều không có thời gian làm bài tập để hiểu hơn về môn học .,0,1
nhưng mà thầy hơi nghiêm khắc và khó tính .,0,0
"thầy dạy tận tâm , nhiệt tình , tâm huyết , vui tính .",2,0
gửi mail mà không thấy cô trả lời .,0,0
"cô tận tình , dạy dễ hiểu , không gây áp lực cho sinh viên .",2,0
giảng viên nên viết bài làm nên bảng sau khi cho sinh viên nên chữa vì chữ các sinh viên nhỏ khiến các sinh viên khác không chép được bài về học .,0,0
"giảng viên lên lớp đúng giờ , giảng viên tính tình vui vẻ .",2,0
có thêm các tài liệu tham khảo .,0,1
"không có , do em không có khả năng tiếp thu đối với môn này thôi .",1,3
thường xuyên nghĩ và phải đi học bù .,0,0
nhiệt tình với học sinh .,2,0
không có điều không hài lòng .,1,0
phải đầu tư thêm trang thiết bị cho phòng thực hành .,0,2
"giáo viên rất dễ tính , dạy tận tình .",2,0
giảng viên hài hước nhiệt tình .,2,0
"giảng viên hay nói chậm và còn giải thích lại bằng tiếng việt , điều này không thực sự cần thiết .",0,0
tổ chức các cuộc thi liên quan tới kỹ năng giao tiếp anh văn .,2,1
thầy cho nhiều ví dụ hơn .,0,0
"thầy giải đáp thắc mắc của sinh viên rất nhiệt tình , có tâm .",2,0
giảng dạy đúng trọng tâm .,2,0
giảng viên nhiệt huyết .,2,0
"chấm điểm quá nhiều , chưa quá quan tâm đến việc sinh viên đã hiểu hay chưa .",0,1
cô không cung cấp đáp án của bài tập .,0,0
phương pháp dạy tốt .,2,0
thiếu nhiệt tình .,0,0
"thầy dạy rất hay , dễ hiểu .",2,0
"vui vẻ , dễ hiểu .",2,0
tài liệu môn học còn thiếu cập nhập .,0,1
"thầy dạy nhiệt tình , có tâm .",2,0
cần có giáo trình đầy đủ .,0,1
ít thực tế .,0,3
thầy hay up slide lên wed trường rất chậm ( thứ 3 học thì thứ 2 thầy mới up ) .,0,0
"giảng viên tận tình , có kinh nghiệm sư phạm .",0,0
dùng hệ thống we code .,1,1
em thấy việc này khá bổ ích .,2,3
"lớp học rộng rãi , giãng viên dạy nhiệt tình .",2,2
giảng viên không đảm bảo giờ lên lớp và nghỉ mà không thông báo trước làm mất thời gian của sinh viên .,0,0
giảng viên cần trao đổi thêm với sinh viên thông qua website môn học .,2,0
"giảng viên nhiệt tình , thân thiện , truyền đạt kiến thức tốt .",2,0
cần tập trung giảng dạy những phần có liên quan đến chuyên ngành sau này hơn .,0,1
"giảng dạy dễ hiểu , đầy đủ .",2,0
"thầy nên giảng kỹ hơn từng dòng code , từng ký tự , câu lệnh , biến .",0,0
"nhà trường nên trang bị rèm cửa sổ để tránh ánh sáng làm mờ máy chiếu , gây khó khăn trong việc báo cáo đồ án cũng như dạy học .",0,2
thầy wzjwz107 dạy rất tốt và giúp chúng em học thêm các kỹ năng mềm .,2,0
"bài tập quá nhiều , sinh viên làm không kịp .",0,1
cô không nói bằng micro nên nghe rất khó .,0,0
"thầy dễ thương colonlove dạy dễ hiểu , thầy vui tính !",2,0
"linh kiện , máy tính của trường đã cũ , hư hỏng nhiều mà học phí năm học nào cũng tăng .",0,2
"chưa tạo động lực , thúc đẩy sinh viên nhiều .",0,0
tăng cường làm bài tập trên lớp !,0,1
cách dạy hơi khó hiểu một tí .,0,0
rất cần cho việc phát triển sau này .,2,3
cô giảng dạy nhiệt tình và tận tâm .,2,0
thầy nên nói chậm lại một tí .,0,0
kiến thức học khá vừa sức với sinh viên .,2,1
đó là việc giáo viên vừa giảng bài vừa code cho xem dễ hiểu và hình tượng ra những gì giáo viên muốn truyền đạt !,2,0
thầy không dạy chỉ đưa tài liệu tự tìm hiểu thôi .,0,0
"cô dạy nhiệt tình nhưng nói qua rất nhỏ , khó nghe .",0,0
cô giảng bài cụ thể .,2,0
"cô dạy rất dễ hiểu , cô vui tính nữa colonbigsmile .",2,0
"khi có nhóm lên seminar thì phải có ít nhất ba câu hỏi thì mới "" đậu "" , không cần biết câu hỏi là gì , không đủ ba câu thì phải làm lại .",0,0
"cung cấp thêm tài liệu phục vụ môn học cho sinh viên , trình bày rõ mục tiêu bài học và sử dụng giờ lên lớp một cách hiệu quả hơn .",0,0
lớp học cần đảm bảo số sinh viên vừa đủ .,0,1
"cô nhiệt tình giảng dạy , vui tính , dễ chịu với sinh viên .",2,0
"cô giảng dạy có tâm và nhiệt tình giúp đỡ sinh viên , giúp sinh viên hiểu sâu và vận dụng các vấn đề đã học vào thực tiễn .",2,0
"cô giảng dạy nhiệt tình , dễ hiểu .",2,0
truyền đạt tốt và dạy chậm giúp sinh viên dễ hiểu .,2,0
trong khi thầy dạy sinh viên chỉ hiểu được vài gạch đầu dòng thì lại làm một vấn đề mà google cũng bó tay .,0,0
em xin góp ý như thế ạ .,1,3
chưa có sự tương tác tốt với giáo viên lý thuyết .,0,1
"giảng viên dạy đúng giờ , dễ hiểu , bám sát đề cương .",2,0
thiếu động lực để học tập .,0,1
"tóm lại , em hoàn toàn không hài lòng về chất lượng giảng dạy của thầy .",0,0
"thầy nên dạy thực hành chỉ cặn kẽ hơn , giúp sinh vên nắm bài tốt hơn .",0,0
nội dung thực hành không hỗ trợ nhiều cho nội dung lý thuyết .,0,1
"ngoài ra , nếu được , mong thầy bổ sung các hướng dẫn giải sơ bộ cho các bài tập ( như những môn học khác của thầy đứng lớp ) .",0,0
tại trường đang có 2 công trình đang xây nên lúc vào học rất ồn .,0,2
hay và tận tình .,2,0
phần thực hành wireshark quá mơ hồ .,0,1
"vui vẻ , tận tâm , nhiệt huyết , nhiều kinh nghiệm .",2,0
cách dạy hay .,2,0
hơi có phần cá nhân nhưng tiếng của thầy hơi khó nghe .,0,0
điểm quá trình chưa thật sự công bằng với sinh viên .,0,1
cái cần đi sâu phân tích nhưng do thời gian và lịch đưa ra nên đành bỏ qua dạy cái mới để kịp chương trình .,0,1
giọng thầy nơi hơi buồn ngủ .,0,0
cô dạy slide về lý thuyết hơi nhanh .,0,0
thầy nói rất rõ .,2,0
"theo em , cần trang bị và sửa chữa máy chiếu .",0,2
thầy không đến lớp mà khôg thông báo .,0,0
"dạy khá nâng cao , cần phát huy để sinh viên có cơ hội được học thêm nhiều hơn .",0,0
"nói khó nghe , dạy hơi nhanh .",0,0
toàn đến gần thi thầy mới dạy hết chương trình học .,0,0
giảng viên đưa ra nhiều kinh nghiệm thiết thực về các kỹ năng để áp dụng vào đời sống .,2,0
"thay đổi đề cương môn học cho phù hợp với tình hình thực tế hiện nay , có thể áp dụng , liên hệ với thực tế .",0,1
cần nhiều bài tập hơn nữa .,0,1
giáo viên giảng dậy có kết hợp với các thông tin mới nhất .,2,0
đôi lúc không vui tính .,0,0
thêm các buổi học ngoại khoá .,0,1
không cho vừ vựng và bài tập thêm .,0,0
"dạy cho có , qua loa , sử dụng thời gian không hợp lý , nội dung 3 tiết dạy trong 3 phút .",0,0
"giảng viên tận tâm , nhiệt tình , còn trẻ nhưng kiến thức rất tốt .",2,0
"mong giáo viên có thể giải tham khảo đề thi các năm , hoặc các dạng câu hỏi của anh văn .",0,0
"thầy có tích hợp vừa học vừa chơi làm cho bài học không khô khan , và cô đọng lại , rất dễ hiểu , rất tận tình .",2,0
trước khi thi thầy dặn là đề thi có 70% trắc nghiệm nhưng thực tế lại 100% tự luận .,0,0
"chưa sinh động , hiệu quả giảng dạy kém hữu ích .",0,0
"truyền đạt kiến thưc tốt , dễ hiểu .",2,0
chữ viết trên bảng đôi khi hơi khó đoán .,0,0
khiến lớp không có hứng thú học .,0,0
thầy rất thiếu nhiệt tình .,2,0
"nâng cấp hệ thống máy vi tính trong phòng thực hành doubledot phòng thực hành altera không có kết nối internet , nên cần phải đảm bảo kết nối mạng để hiệu quả thực hành đạt hiệu quả cao hơn .",0,2
"nên hướng dẫn làm bài tập nhiều hơn , học lý thuyết quá nhiều .",0,1
không nên làm một bài tập nhóm quá lớn làm khó khăn cho sinh viên .,0,0
mong thầy tập trung vào nội dung giảng dạy .,0,0
trong khi yêu cầu của thầy thì phải đạt độ chuẩn xác rất cao mới qua được môn .,0,1
mong được là học trò của thầy nhiều hơn ạ .,2,0
giáo trình cần thay đổi theo hướng mới lạ hơn .,0,0
không nên dạy các môn toán trong giảng đường do khó quan sát bảng .,0,1
"cần có thêm các ví dụ liên hệ thực tiễn , chuẩn bị kỹ và giảng bài lưu loát hơn , thay đổi cách dạy để sinh viên được chủ động hơn .",0,0
giáo viên xinh quá .,2,0
phòng máy không đáp ứng được yêu cầu .,0,2
"giảng viên dạy dễ hiểu , nhiệt tình giảng giải cho sinh viên .",2,0
"lợi ích doubledot sinh viên rèn luyện kỹ năng làm việc nhóm , tránh tiếp thu thụ động , học được cách trình bày trước đám đông .",2,1
thụ động trong quá trình tương tác với sinh viên .,0,0
nên có thêm chỉ thực hành để cho sinh viên nắm rõ hơn về máy tính .,0,1
cần có bộ giáo trình chuẩn cho sinh viên trước khi bắt đầu học môn này .,0,1
bài tập quá khó .,0,1
"giảng viên có tâm , ân cần , nhiệt tình , dạy dễ hiểu .",2,0
"hoặc dạy thêm các kinh nghiệm khi phỏng vấn xin việc , xin học bổng , xin thực tập .",0,1
giảng viên nên giảng nhiều hơn .,0,0
cô nói hơi khó nghe và những điều học được ít gây được hứng thú nơi sinh viên .,0,0
giảng dạy rất nhiệt huyết .,2,0
hy vọng cô sẽ dạy kỹ hơn .,0,0
em rất thích phong cách dạy của thầy .,2,0
em hài lòng về chất lượng đào tạo của môn học này .,2,1
mong cô giúp đỡ nhiều hơn .,0,0
phụ thuộc vào slide quá nhiếu .,0,0
"môn học nên cho thêm nhiều dạng bài tập dưới dạng tiếng việt , vì trong giảng đường máy chiếu mờ , chữ tiếng anh nữa nhìn rất phiền phức cho những bạn ở sau !",0,1
giảng viên dạy còn hơi nhanh .,0,0
"cần có đề cương môn học cụ thể hơn , nội dung môn học cần được cập nhật .",0,1
"cô dạy quá hay quá xuất sắc , rất tâm huyết với nghề , cô nghỉ ngày nào sẽ bù ngày đó nhiều lúc còn bù thêm , cô chỉ rất cặn kẽ những vấn đề cần thiết .",2,0
nên có phòng thực hành để mô phỏng lại lý thuyết đã được học từ đó sẽ dễ hiểu hơn và nhớ lâu hơn !,0,1
"giảng viên nhiệt tình trao đổi , giải đáp thắc mắc của sinh viên .",2,0
em nghĩ thầy nên cho sinh viên phân tích nhiều bài toán hơn .,0,0
"cô rất nhiệt tình , giảng bài chi tiết , vui tính .",2,0
"năng động , nhiệt tình .",2,0
"giáo viên hướng dẫn chi tiết , nhiệt tình với sinh viên .",2,0
em rất vui khi được học tập dưới sự giảng dạy tận tâm của cô .,2,0
dễ thương coloncontemn .,2,3
cần có các tiết thực hành với trang thiết bị hiện đại .,0,2
giảng khá nhanh .,0,0
thường trễ 30 phút .,0,0
"thầy dạy nhiệt tình , rễ hiểu .",2,0
cho nhiều bài tập và hướng dẫn giải rõ ràng .,2,0
do môn này khó đối với em nên kiến thức thầy truyền đạt em thấy rất khó hiểu .,0,1
cô dạy rất tận tâm nhiệt tình .,2,0
"cô wzjwz257 dạy giải tích 2 rất chuẩn , truyền đạt tốt , dễ hiểu , rất hăng hái trong quá trình phân tích bài giảng , gửi tài liệu và bài tập đầy đủ , nhưng cô dạy có hơi nhanh .",2,0
"giảng viên không biết cách diễn đạt , nghỉ 2 tuần không thông báo trên moodle .",0,0
dạy hiệu quả .,2,0
giọng cô em nghe không được .,0,0
thầy nhiệt tình với sinh viên .,2,0
thời gian bài tập tương đối tốt .,2,1
"giảng viên giảng rất hay , bám sát thực tế , phần kiến thức học được có thể áp dụng được trong nhiều lĩnh vực , không riêng gì công nghệ thông tin .",2,0
"cô dạy rất tốt , nhiệt tình dễ hiểu .",2,0
"thầy tận tâm , nhiệt huyết , giải đáp câu hỏi của sinh viên , có bổ sung tài liệu tham để giúp sinh viên củng cố và nắm vững kiến thức .",2,0
cô thoải mái .,2,3
tạo không gian học tập vui vẻ !,2,0
thời gian lên lớp còn ít !,0,0
em cám ơn !,1,3
"nhiệt tình , chịu khó lắng nghe !",2,0
"nhiệt tình , tâm huyết với sinh viên .",2,0
em rất hài lòng .,2,3
cô dạy rất nhiệt tình và có tâm .,2,0
"tuy nhiên , nếu được cô nên bổ sung các bài tập cá nhân về cả lý thuyết và thực hành , bên cạnh các bài tập nhóm thì sẽ giúp các bạn bổ trợ thêm kiến thức rất nhiều .",0,0
có nhiều bài tập hay .,2,1
"giáo viên dạy hơi lan man , không tập trung vào vấn đề chính của buổi học .",0,0
"cô quá khó tính , giảng bài chưa thật sự thu hút .",0,0
nếu như trên lịch thông báo giờ học từ đầu năm là thứ 7 thì em sẽ sắp xếp được lịch học phù hợp hơn .,0,0
"giảng viên hướng dẫn sinh viên nhiệt tình , giải đáp đầy đủ các thắc mắc .",2,0
thầy giảng giải nhiệt tình và rất dễ hiểu !,2,0
cô dạy chậm dễ hiểu .,2,0
không thấy không hài lòng về giảng viên .,1,0
nâng cao chất lượng phòng máy .,0,2
sinh viên học thầy theo kiểu đối phó chứ thật chất không hiểu sâu vấn đề .,0,0
"giảng viên nhiệt tình , tâm huyết với sinh viên .",2,0
"thầy dạy đúng trọng tâm , dễ hiểu , vui tính , cách giải rất hay , rất chuyên nghiệp .",2,0
sửa bài cho sinh viên giúp sinh viên tiến bộ .,2,0
"thầy dạy tốt , nhiệt tình .",2,0
"giảng viên hòa đồng , vui vẻ , tận tình giải đáp thắc mắc của sinh viên .",2,0
"sử dụng dụng cụ dạy học có chất lượng tốt , ví dụ như máy nghe tiếng anh chất lượng tốt .",0,2
cô tạo mọi điều kiện thuận lợi nhất cho sinh viên học tập .,2,0
"không gian học thoải mái , giảng viên không tạo áp lực cho sinh viên .",2,0
"nhiệt tình , giải bài tập nhiều .",2,0
cô dạy rất hay !,2,0
giảng viên nên nói rõ ràng cho sinh viên nghe được và hiểu .,0,0
"tài liệu môn học cần trình bày rõ ràng , đầy đủ hơn vì nhiều chỗ trình bày rất khó hiểu .",0,1
"đồng thời , giảng viên rất tích cực , năng nổ trong việc giảng dạy , cung cấp cho sinh viên nhiều kiến thức bổ ích và cũng luôn vui vẻ , hoà đồng nhằm khiến sinh viên cảm thấy thoải mái khi đến lớp .",2,3
nên tóm gọn lại nội dung slide .,0,0
"vui vẻ , biết lắng nghe ý kiến của sinh viên .",2,0
"dạy rất từ từ , chi tiết , cho nhiều bài tập .",2,0
trường ta cần những giáo viên nhiệt huyết và tài năng như vầy .,2,0
"giảng viên nhiệt tình , dạy đúng giờ .",2,0
chúng em không theo kịp !,0,3
dạy hay và muốn học thêm nữa ở môn khác .,2,0
"dễ tính , thoải mái , không gây áp lực , tạo động lực phát biểu .",2,0
"giảng viên nhiệt tình , phương pháp giảng dạy hiệu quả .",2,0
"thầy giảng hơi khó hiểu , lên lớp hơi muộn , chưa đúng giờ .",0,0
giáo trình môn học quá mơ hồ nghèo nàn nên giảng viên cũng không biết nên dạy theo thế nào .,0,1
"giảng rất hay , giảng nội dung quan trọng không lan man .",2,0
nội dung truyền đạt để sinh viên thực hành chưa thực sự tốt .,0,0
thầy giảng bài rất hay và nhiệt tình .,2,0
"thầy rất nhiệt tình , dù lớp có vắng hay đông đủ .",2,0
"nhiệt tình , vui vẻ hòa đồng với sinh viên .",2,0
nhưng trong khi đó tụi em không hiểu một chút gì về môn học mà giảng viên đang giảng dạy thì chép vào để làm gì .,0,1
cô cho bài tập thực hành tại chỗ .,2,0
có nhiều trang thiết bị giảng dạy hơn .,0,2
"cần xem xét lại khi đặt ra những yêu cầu về chấm chéo đồ án các nhóm cũng như trong lớp doubledot quá nhiều yêu cầu , nhiều việc phải làm trong thời gian ngắn dẫn đến sự chuẩn bị không tốt từ các nhóm , vdotv .",0,1
chỉ điểm danh 3 buổi cuối rồi lấy điểm quá trình .,0,1
giảng hơi khó hiểu tý .,0,0
môn thực hành này chưa có tài liệu hướng dẫn .,0,1
hướng dẫn và đánh giá đúng kết quả học tập .,2,0
nhiệt tình !,2,0
"giảng viên có kỹ năng tốt , truyền đạt dễ hiểu , dễ áp dụng .",2,0
thầy điểm danh nhiều quá ạ colonsad .,0,0
cần thêm phần ngôn ngữ sql kết hợp với ngôn ngữ lập trình c để có thể lập trình được cho một cơ sở dữ liệu .,0,1
hiểu rõ khả năng từng sinh viên .,2,0
không nên nói là sinh viên phải nghiên cứu vấn đề này nhưng doubledot giảng viên phải cho mỗi chương khoảng 30 bài và có đáp án .,0,0
cô đưa ra nhiều hướng giải quyết khi sinh viên gặp vấn đề với đồ án !,2,0
giảng viên truyền đạt tốt .,2,0
slide bài giảng chất lượng kém .,0,1
"cho nghỉ nhiều , học bù trùng lịch với môn khác .",0,0
thầy chu đáo và tỉ mỉ .,2,0
"làm sinh viên khó liên hệ giữa lý thuyết và thực hành , dẫn tới không hiểu mình đang được học gì !",0,0
chất lượng đào tạo của môn học này đã tốt rồi .,2,1
nên đưa những giảng viên có kinh nghiệm dạy thực hành .,0,1
hơi khó nghe .,0,0
hướng dẫn thực hành nhiệt tình .,2,0
hay bỏ lớp hơn cả tiếng đồng hồ .,0,0
"nhiệt tình , tận tình .",2,0
thầy giảng dạy rất tận tâm .,2,0
áp dụng nhiều kiến thức thực tế .,2,1
sắp xếp lịch hợp lý hơn để không bị trùng lịch học của sinh viên .,0,1
"thầy dạy hay , dễ hiểu !",2,0
cô giảng bài và hướng dẫn làm bài nhiệt tình .,2,0
thầy giảng rất dễ hiểu .,2,0
"thầy giảng bài thú vị , dễ tiếp thu , dạy học vui tính và nhiệt tình .",2,0
"bài thi chả liên quan , và thật sự cảm thấy kỹ năng nghe và nói mới là cần thiết nhất .",0,1
"cô dễ thương , nhí nhảnh , truyền đạt dễ hiểu thấu hiểu tâm lý sinh viên colonsmile .",2,0
thầy dạy rất hay cho em hiểu được nhiều điều dot kết thúc môn học em cảm thấy nó rất bổ ích cho chúng em .,2,0
tương tác với sinh viên rất nhiều và giải đáp mọi thắc mắc dù về kỹ thuật lập trình hay liên quan đến máy tính .,2,0
"bài tập về nhà của thầy rất nhiều , rất hay .",2,1
giáo trình quá dài yêu cầu giảm bớt .,0,1
"nên cho thêm nhiều dạng bài tập của những phần được học ở gần cuối kỳ như chuỗi , cấu trúc .",0,1
thầy rất tận tâm trong công việc giảng dạy .,2,0
"tuy nhiên nhà trường dường như chưa thật sự đầu tư vào mảng câu lạc bộ về ngôn ngữ , kỹ năng quan trọng vô cùng cần thiết hiện tại của sinh viên .",0,1
thầy thực sự rất chuyên tâm trong giảng dạy và những bài giảng thực sự dễ hiểu .,2,0
"phòng thực hành quá kém chất lượng , máy móc không đảm bảo .",0,2
theo em giảng viên cần phân loại các dạng bài tập theo từng buổi học để sinh viên dễ tiếp thu hơn chứ không nên một lần tung ra quá nhiều bài tập trên moodle mà không hướng dẫn làm cho sinh viên cảm thấy nặng nề .,0,0
"kiến thức nhiều , dạy tốt .",2,0
wifi các phòng thực hành thường rất yếu .,0,2
cô rất nhiệt tình trong việc truyền đạt kiến thức cũng như sẵn sàng trả lời mọi thắc mắc của sinh viên .,2,0
"cô rất tận tâm , nhiệt tình và có trách nhiệm cao .",2,0
"giảng dạy dễ hiểu , ngắn gọn , không cầu kỳ .",2,0
chữ thầy hơi khó nhìn .,0,0
trong quá trình dạy thầy có liên hệ thực tế nhiều .,2,0
"nếu như một người không xem bài "" kỹ "" trước ở nhà .",1,3
"cô tận tình giảng dạy , thân thiện .",2,0
"bài tập hợp lý sát bài học , dễ hiểu .",2,1
thầy chuẩn bị tài liệu thực hành cho sinh viên tốt .,2,0
nếu có thêm nhiều ví dụ trong slide cho bọn em dễ ôn bài hơn là tự tìm kiếm lúc quên .,0,0
khả năng truyền đạt của giảng viên còn gây khó khăn cho sinh viên .,0,0
thầy này không có dạy lớp em .,1,0
giảng viên rất hay nghỉ giờ mà không có thông báo trước cho sinh viên .,0,0
"cách tổ chức thi giữa kỳ không hiệu quả , ảnh hưởng đến sự công bằng và kết quả học tập của sinh viên .",0,1
nội dung giảng dạy quá nhiều so với thời lượng môn học .,0,1
"cô giảng tận tình , dễ hiểu , thân thiện với học sinh colonsmilesmile .",2,0
"thầy tận tình , nhiệt huyết .",2,0
"giáo viên đến đúng giờ , dạy nhiệt tình và cho bài tập để làm .",2,0
nhưng chưa đảm bảo giờ bài tập coloncontemn .,0,0
thời gian thực hành ít .,0,1
kiến thức giảng viên truyền đạt là vô cùng súc tích và dễ hiểu .,2,0
em chưa được thầy dạy thực hành môn này .,0,0
hài lòng về mọi mặt của giảng viên .,2,0
"giáo viên dạy dễ hiểu và sinh động , không gây cảm giác nhàm chán .",2,0
"thầy dạy nhiệt tình , giảng bài chi tiết .",2,0
"cần có tài liệu bằng hình ảnh , video trực quan sinh động hơn , dễ nắm bắt bài học nhanh chóng hơn .",0,1
một môn học trong cùng một giờ chỉ nên có một giảng viên đứng lớp để đảm bảo sự liên tục của bài học .,0,0
nên trang bị rèm che cửa .,0,2
"nghỉ nhiều , khả năng truyền đạt chưa cao , chưa thực sự làm môn học thu hút .",0,0
kiến thức có ích cho công việc sau này .,2,1
"có hoạt động outdoor , rèn luyện kỹ năng quay phim , dựng phim .",2,0
sử dụng hệ thống nộp bài và chấm điểm bằng wecode và hackerrank chưa chính xác .,0,0
tận tình trong việc giải đáp thắc mắc của sinh viên .,2,0
"bài tập trên lớp làm quá nhanh , có thể không theo kịp .",0,1
"thầy dạy rất nhiệt tình , không bao giờ về trc giờ ( thêm giờ nữa chứ ) cái diễn đàn của thầy rất hiệu quả , nói chung thầy tốt .",2,0
mong thầy sẽ sửa bài tập về nhà nhiều hơn ( nếu có thời gian ) .,0,0
cần giáo trình hay hơn .,0,1
"giáo viên nhiệt tình giúp đỡ sinh viên , thân thiện .",2,0
đến lớp hơi muộn do giao thông .,0,3
"phần thi nghe , nhà trường nên trang bị hệ thống loa cho tốt , chứ máy cassette mấy bạn ngồi ở cuối lớp không nghe được gì cả quá nhỏ ồn .",0,2
"thầy rất nhiệt tình truyền đạt kiến thức , và giải đáp mọi thắc mắc của sinh viên , cung cấp tài liệu lý thuyết đầy đủ và có chọn lọc .",2,0
dù sao em cũng cám ơn thầy đã dẫn dắt bọn em ở học kỳ hai này ạ .,1,2
"dạy đầy đủ kiến thức trên lớp , giảng sâu vào bài khiến sinh viên hiểu bài rõ ràng hơn .",2,0
giảng viên truyền đạt hơi khó hiểu .,0,0
cố gắng giảng lại đến khi sinh viên hiểu bài mới thôi .,2,0
vui tính dạy cũng dễ hiểu .,2,0
"cô hay cáu gắt , khó tính , cứ hay giận dỗi .",0,0
kiến thức rất nhiều và trừu tượng giảng viên nên thêm những phương pháp giảng dạy mới cho giờ học hiệu quả hơn .,0,0
phòng máy ngon hơn .,0,2
giáo viên dạy nhiệt tình dễ hiểu .,2,0
giao nhiều bài tập về nhà .,0,0
giảng bài rất hay .,2,0
phù hợp với thực tiễn .,2,3
"thầy dạy nhiệt tình , giải đáp thắc mắc của học sinh một cách tận tình .",2,0
thực hiện nhóm nhiều .,1,1
nội dung giảng dạy còn quá chung chung .,0,0
"dạy kỹ , sinh viên học cảm thấy dễ hiểu , vận dụng được nhiều kiến thức để học môn này .",2,0
"thầy không dạy kỹ , bỏ sót một số phần và không sử dụng giờ lên lớp hiệu quả , học theo cdio nhưng không có khác biệt quá lớn với các lớp khác , thất vọng .",0,0
"thực sự phải học toán suốt 3 năm cấp 3 và chưa kể năm 12 , và lên đại học phải học toán thì là 1 cảm xúc khó tả , vừa ngán và vừa nản .",0,1
bản thân em chưa học qua môn tấn công mạng nên những kiến thức ở môn bảo mật internet còn khá mới với em .,0,1
thầy chưa chuẩn bị bài kỹ khi lên lớp .,0,0
phần sửa bài tập quá nhanh .,0,0
"nhiệt tình , hiểu học sinh .",2,0
báo cáo cuối kỳ thầy tập trung cả lớp trong một buổi .,1,0
thầy có vẻ hơi có chịu .,1,0
"dễ hiểu , chỉ bảo tận tình !",2,0
thầy rất thương học sinh .,2,0
giảng viên cần chú ý quan sát sinh viên hơn và hỏi xem sinh viên nào chưa hiểu .,0,0
"cô dạy rất hay và very good , đặc biệt cô còn bổ sung nhiều kiến thức nâng cao hơn để sinh viên đươc học tốt hơn .",2,0
nội dung thi cũng chỉ toàn lý thuyết .,0,1
khiến sinh viên cảm thấy tiếp thu nhanh .,2,0
"giảng viên rất nhiệt tình , giảng dạy khá kỹ càng .",2,0
"nâng cao kiến thức cho sinh viên rất tốt , giảng dạy dễ hiểu .",2,0
he's very funny .,2,0
cần có giảng viên có đầy đủ kiến thức và kinh nghiệm giảng dạy về môn học này .,0,0
chưa chuẩn bị bài giảng kỹ càng trước khi lên lớp .,0,0
luôn có ví dụ minh họa thực tế .,2,0
khổ lắm .,0,3
"cô dạy nhiệt tình , dễ hiểu , quan tâm sinh viên .",2,0
môn này chủ yếu là để làm nhóm .,1,1
"thầy dạy dễ hiểu , sẵn sàng giúp đỡ sinh viên , tận tâm , nhiệt tình .",2,0
"giáo viên nhiệt tình , đảm bảo giờ lên lớp , dạy kỹ .",2,0
"thầy ít hướng dẫn các bài tập , cách vận dụng kiến thức cần thiết vào bài tập thực tế .",0,0
cô rất dễ chịu colonsmile .,2,0
nên có nhiều bài tập vận dụng về nhà cho sinh viên .,0,1
nội dung môn học nên được cập nhật .,0,1
chưa tận dụng hết thời gian môn học để truyền đạt cho sinh viên còn yếu .,0,0
hợp tác .,1,3
cô dạy khá dễ hiểu .,2,0
"thực hành em không có học với giảng viên này , da có thể nhầm lẫn gì chăng .",0,1
"cách dạy thực hành với những ứng dụng thực tế rất hay ( thực hành trên tín hiệu âm thanh ) , khiến cho học sinh có cảm giác muốn học , không giống như khi làm các bài tập gò bó , quy củ .",2,0
"giảng viên hay thường xuyên quên up slide lên courses cho sinh viên , trong quá trình học sinh viên đã nhắc rất nhiều lần nhưng giảng viên quên up , đề nghị giảng viên xem xét lại vấn đề này .",0,0
hay gây buồn ngủ .,0,0
tốc độ giảng dạy phù hợp để sinh viên có đủ thời gian để tự thực hành kiến thức vừa học ngay tại lớp .,2,0
"theo em , môn học cần có sự hệ thống lại , đặc biệt nêu rõ các mối quan hệ giữa các bài với nhau , giúp sinh viên vận dụng tốt hơn kiến thức của mình .",0,1
cách truyền đạt kiến thức vẫn chưa tốt .,0,0
"nên tổ chức các buổi dã ngoại để học các kỹ năng hoặc mời các doanh nghiệp về nói chuyện , truyền đạt kinh nghiệm .",0,1
thầy rất vui tính .,2,0
phòng thực hành có quá nhiều máy bị hỏng .,0,2
"khả năng nghe , đọc hiểu được nâng cao .",2,1
rất thích phương pháp giảng dạy của thầy .,2,0
"thầy nghỉ không báo trước quá nhiều , số buổi lên lớp 50% .",0,0
"thầy dạy thì nên dạy sớm để dễ học , dễ nhớ , ban đầu thầy ít dạy vào kiến thức chính , đến giai đoạn cuối của kỳ là khi bận rộn nhiều thì thấy mới bắt đầu dạy kiến thức .",0,0
có tinh thần trách nhiệm cao .,2,0
cách giảng dạy còn hơi khó hiểu .,0,0
"chẳng hạn , sinh viên chuyên ngành mạng thì không nên quá đào sâu vào nội dung mà chỉ cần đưa ra những nội dung nền tảng , cần thiết nhất .",0,1
ngôn ngữ thực hành nên trang bị trước cho sinh viên .,0,1
"bài tập lớn mà thầy wzjwz74 đưa ra cũng khá là chung chung , không yêu cầu rõ ràng , cụ thể .",0,0
đôi lúc không đi sâu vào vấn đề dạy .,0,0
giáo trình phần căn bản về web lặp lại các môn khác nên học rất nhàm chán .,0,0
ảnh hưởng đến việc thực hành .,0,3
"giảng viên truyền đạt kiến thức tốt , có nhiều kinh nghiệm , phát âm tốt .",2,0
"giáo viên lên lớp đều , giảng bài tích cực .",2,0
có lúc nhiều vấn đề trong bài học giáo viên chưa giải đáp được .,0,0
giáo viên dạy nhiệt tình và dễ hiểu .,2,0
"cô dạy nhiệt tình , truyền đạt kiến thức tốt .",2,0
nên cân bằng hai bên .,0,1
giáo viên không đến lớp trong các buổi thực hành nhưng không báo trước .,0,0
sự nhiệt tình của thầy cô .,2,0
máy chiếu phòng wzjwz3 cần được sửa chữa hoặc thay mới để lớp có đủ điều kiện học .,0,2
"thầy chuẩn bị tài liệu , slide khá ok , đủ để người xem hiểu được .",2,0
"nên cho sinh viên hiểu rõ tổng quát của môn hoc ngay từ đầu học những gì , học để làm gì , và nó ứng dụng trong thực tế như thế nào ví dụ cụ thể .",0,1
"thầy dạy hay , dễ hiểu và nhiệt tình .",2,0
giáo viên cực kỳ nhiệt tình .,2,0
cô rất tận tâm và quan tâm đến sinh viên .,2,0
giáo viên tận tâm nhiệt tình .,2,0
"thầy giảng hay , đưa ra ví dụ dễ hiểu .",2,0
dạy muôn từ 15 - 20 phút so với giờ quy định dù lên lớp đúng giờ khiến cho việc sắp xếp những công việc sau giờ học của sinh viên gặp khó khăn .,0,0
hỗ trợ sinh viên tối đa .,2,0
bài tập đa dạng và phong phú .,2,1
giảng viên nhiệt tình trong khi dạy .,2,0
em không có ý kiến gì thêm .,1,3
môn học khá khó .,0,1
"thầy nhiệt tình trong quá trình giảng dạy , có thêm video cho học sinh về tự học thêm .",2,0
"cô giải nhiều bài tập , dạy dễ hiểu .",2,0
cô giúp cho tụi em xác định được mục tiêu và mong muốn đạt được khi học môn học này .,2,0
"giảng viên tận tâm , nhiệt tình với học sinh .",2,0
theo quan điểm của em về các môn học chuyên ngành của sinh viên thì nhà trường không nên bắt buộc sinh viên phải thi học kỳ để lấy điểm số .,0,1
em cảm ơn .,1,3
em cám ơn .,1,3
"thầy nên chia nhóm theo ngành , để các bạn có thể trả lời những câu hỏi sâu về ngành mình đang thuyết trình , ngành mình đang học .",0,0
"luôn dạy quá giờ ( khoảng 30 phút ) , ảnh hưởng đến giờ trưa của sinh viên và truyền đạt không được thu hút .",0,0
giảng viên cần nhiệt tình hơn trong công tác giảng dạy .,0,0
thầy dạy rất tận tâm và nhiệt tình !,2,0
"nhiệt tình giúp đỡ , cho nhiều bài tập hữu ích và thực tiễn cao .",2,0
giảng viên khó có thể truyền đạt hết kiến thức .,0,0
"nội dung thầy giảng mang tính cập nhật , có nhiều nội dung hay .",2,1
"tiết học rất thoải mái , dễ tiếp thu .",2,0
gửi mail không trả lời .,0,0
thầy cần hướng dẫn các bạn làm bài tập khi mới bắt đầu thực hành vì các phần mềm dùng thực hành có mới với các bạn sinh viên .,0,0
"thầy dạy rất ổn , bổ sung vững kiến thức lý thuyết .",2,0
"chất lượng giảng dạy tốt , em rất hài lòng với cách dạy của cô .",2,3
giảng viên tích cực .,2,0
"thầy vui tính , dạy hay , đầy đủ kiến thức để thi .",2,0
thường xuyên hỗ trợ sinh viên qua diễn đàn .,2,0
"slide khá nhiều chữ khiến sinh viên hơi buồn ngủ , ít hình ảnh , ví dụ minh họa .",0,1
dạy và ôn tập tận tình .,2,0
giáo trình môn học nên cập nhật thường xuyên .,0,1
"tận tình , giảng dạy dễ hiểu , vui vẻ .",2,0
thầy giảng rất tận tâm .,2,0
"tận tình , cung cấp thông tin và giải đáp thắc mắc tốt .",2,0
bù lại cách chấm điểm sẽ đặt nặng phần hiểu vấn đề hơn như thầy wzjwz119 đã từng trình bày .,0,1
giáo viên nhiệt tình vui tính .,2,0
cách truyền đạt qua lời nói khó hiểu .,0,0
"phòng học được trang bị tốt hơn , đảm bảo tốt cho công tác giảng dạy .",1,2
"chuyên môn sâu , nhiệt tình , hiệu quả trong giảng dạy , vui tính , dễ hiểu .",2,0
"vui tính , dạy dễ hiểu .",2,0
"giảng bài cụ thể , chi tiết .",2,0
"hình thức 2 cần có sự phân bố thời gian gặp sinh viên hợp lý , không thể để cuối kỳ , gặp rồi cho đồ án liên tục , ảnh hưởng đến việc ôn tập cho kỳ thi cuối kỳ của sinh viên .",0,1
cô dễ thương quá em nhìn cô nhiều hơn nhìn code cô viết colonsmallsmile !,0,0
thầy dạy tốt nhưng cần giảng mẫu cho sinh viên nắm bắt trước khi giao bài tập về nhà .,2,0
em biết là cô rất buồn vì chúng em không chú tâm tới môn học của cô .,0,0
giảng viên dạy tốt .,2,0
"kiến thức giảng hơi khó hiểu , nhưng giải bài tập hay hướng dẫn sinh viên làm bài thì dễ hiểu và còn tận tình chỉ bảo cho sinh viên những gì không biết , cô có thể nói lại , giảng lại một vấn đề vài lần nếu sinh viên vẫn chưa hiểu !",2,0
dạy đúng theo giáo trình .,2,0
"mong giảng viên chủ động trong việc truyền đạt kiến thức hơn , tránh trường hợp đợi hỏi mới trả lời , vì sinh viên làm sao biết cái mình cần hỏi đề hỏi khi lực học mới chỉ ở mức trung bình .",0,0
cần giảng dạy kỹ phần trigger các từ cơ bản vì tìm kiếm trên mạng tương đối khó khăn dù chúng tương đương lập trình cơ bản .,0,0
"thầy nhiệt tình , giảng kỹ , tận tâm với sinh viên .",2,0
"giảng viên cần có kỹ năng sư phạm , truyền đạt nội dung môn học , thái độ nhiệt tình hơn .",0,0
"sản phẩm mình làm ra , đem người khác báo cáo thì không được hợp lý .",0,3
"thầy giảng hay , nhiệt tình .",2,0
"giảng dạy dễ hiểu , nhiệt tình .",2,0
"giảng viên tận tâm , nhiệt tình , phương pháp giảng dạy của giảng viên giúp hiểu được và vận dụng được kiến thức .",2,0
"giảng viên giảng dạy nhiệt tình , bám sát chương trình .",2,0
dạy ít về phần code .,0,0
thầy không công bằng trong đánh giá .,0,0
"giáo viên giảng dạy đầy đủ kiến thức , dễ tiếp thu , nhiệt tình giảng dạy .",2,0
"thầy đi rất đúng giờ , giảng dạy rất nhiệt tình !",2,0
mà hơn nữa ngủ ở lớp học còn rất dễ bị đau lưng .,0,3
"thầy rất hay liên hệ nhưng thứ học được ra thực tế , như những ứng dụng của các linh kiện , vdotv .",2,0
thầy thường vào lớp trễ .,0,0
"thầy dạy dễ hiểu , hướng dẫn chi tiết .",2,0
giảng viên đến khá trễ .,0,0
"thầy dạy phần hai có phần hơi khó khăn trong việc điểm danh , cả khi thầy có nhầm lẫn thầy cũng không chịu nhận .",0,0
giảng dạy còn nhiều thiết sót .,0,0
một môn học rất hay .,2,1
thầy tận tâm .,2,0
"các thiết bị giảng dạy môn học có thể không đảm bảo chất lượng , nhiều thiết bị hoạt động không tốt như doubledot loa , máy chiếu .",0,2
hướng dẫn dễ hiểu .,2,0
"giáo viên hướng dẫn nhiệt tình , vui vẻ , dễ tính .",2,0
"giảng dạy nhiệt tình , giờ học đúng không đi trễ về sớm .",2,0
giảng viên nên quan tâm nhiều hơn đến mức hiểu bài của sinh viên qua mỗi giờ học bằng cách hỏi những câu hỏi liên quan ở cuối giờ qua đó cộng điểm để tạo thêm sự yêu thích môn học .,0,0
"cô tuy còn trẻ nhưng rất tận tâm với sinh viên , khi sinh viên có vấn đề gì hỏi cô , cô đều giải thích rất kỹ , đôi khi còn nói thêm những vấn đề liên quan .",2,0
"cô lên lớp đúng giờ , tiết học được chuẩn bị tốt , cô rất thân thiện !",2,0
thầy dạy rất chậm rãi kết hợp với biểu đồ vẽ trên bản đồ giúp sinh viên dễ hiểu hơn .,2,0
rất hòa đồng .,2,0
thầy dạy hay dễ hiểu .,2,0
giọng nói truyền cảm .,2,0
"giảng viên giảng ít , phần lớn tự sinh viên tìm hiêu trên mạng .",0,0
nên phân bổ thời gian hợp lý hơn .,0,1
"bài tập nhiều , đa dạng .",2,1
"tận tâm , nhiệt tình , thân thiện , hướng dẫn ân cần , theo sát năng lực học tập của sinh viên .",2,0
giới thiệu những mảng mới cho sinh viên .,2,0
"đồ án cho sinh viên làm rất mơ hồ , đa số không thể hiểu được giáo viên đang yêu cầu làm gì .",0,1
"bởi chúng em đang đi học , phải học của nhiều môn khác nhau .",1,3
"giảng viên nhiệt tình thân thiện , trình độ cao .",2,0
"giảng viên nhiệt tình , vui vẻ , chịu khó .",2,0
"thầy rất tận tâm , nhiệt tình .",2,0
"giảng quá nhanh với phần bài tập , không nắm bắt được các dạng bài làm nó như thế nào .",0,0
cách giảng viên liên kết nội dung bài học với những thông tin mang tính thực tế .,2,0
"giáo trình anh văn chưa phù hợp , gây chán vì nhiều kiến thức đã biết qua rồi .",0,0
cô dễ thương .,2,0
"rất thân thiện , nhiệt tình , quan tâm sinh viên , dạy hay và dễ hiểu .",2,0
"cần có những lớp training cho các bạn yếu , mất căn bản .",0,1
"mặc dù giảng viên đã có chỉnh đốn nội dung ngay trên lớp , nhưng không có tài liệu về nhà đọc lại thì sao nắm được ?",0,0
giảng viên có kinh nghiệm .,2,0
không có nhiều tài liệu môn học được cung cấp cho sinh viên ngoài slide bài giảng của giảng viên .,0,1
chất lượng kiến thức được giáo viên truyền đạt hay .,2,3
thầy nên giảng chậm hơn để sinh viên có thể theo kịp bài và cho sinh viên copy slide bài giảng .,0,0
"thầy dạy hay , nhiều kinh nghiệm , có phần demo trực tiếp trên visual studio giúp dễ hiểu .",2,0
"nhiệt tình giải đáp thắc mắc của sinh viên , chu đáo , tận tâm , nội dung thực hành chuẩn bị cẩn thận và cần thiết .",2,0
"cô nhiệt tình , dễ hiểu .",2,0
cần có những tiết học sinh động hơn là để sinh viên ngồi một chỗ và nghe nhưng không hiểu .,0,1
phần học trên mức độ kiến thức còn thấp so với đề thi của trường .,0,0
cô dạy dễ hiểu .,2,0
sự tận tâm của giảng viên .,2,0
em thích cách dạy của thầy .,2,0
giảng viên cần cân nhắc trong việc giao việc cho sinh viên .,0,0
"phòng học hơi nhỏ , nên nâng cấp .",0,2
rõ ràng .,2,3
"cô dạy rất tâm huyết , nhiệt tình .",2,0
"thầy dạy tốt , có nhiều kiến thức chuyên sâu , hỗ trợ rất nhiều cho sinh viên trong khâu nâng cao kiến thức chuyên môn .",2,0
"gần gũi , hòa đồng với sinh viên .",2,0
"cô rất nhiệt tình khi giảng dạy , kiên nhẫn với sinh viên .",2,0
"thật sự là bài tập hơi nhiều thì tốt , nhưng có nhiều bài tương tự nhau .",0,1
"nhiệt tình , tận tâm với sinh viện .",2,0
cần thêm một số topic để rèn luyện thêm .,0,1
sau khi thi kỳ thi cuối kỳ vừa rồi .,1,1
"p fraction s doubledot phía trên là ý kiến em tổng hợp từ em và các bạn học cùng lớp này , có nhiều bạn ngại nói ra , hy vọng trường sẽ không cho giảng viên biết tên của người ghi ý kiến ạ .",1,0
phòng học cần phù hợp với số lượng sinh viên .,0,2
đề thi tương đối dài .,0,1
phòng thực hành cần được chuyển qua một phòng lớn hơn .,0,2
thầy ít cho bài tập về nhà .,0,0
nhiệt tình giúp đỡ học sinh .,2,0
thầy theo chế độ trọng nam khinh nữ doubledot các câu hỏi dành cho nữ nhiều hơn dành cho nam .,0,0
trình độ giỏi .,2,0
"thầy dạy nhiệt tình , dễ hiểu , đưa ví dụ bài tập rất thực tế .",2,0
"giảng bài rất kỹ , và cho nhiều bài tập áp dụng .",2,0
"giáo viên dạy dễ hiểu , dễ tiếp thu .",2,0
"thầy dạy nhiệt tình , cho code mẫu cho các bạn tham khảo .",2,0
"nội dung bài học , nội dung ôn tập thi giữa kỳ , cuối kỳ nên được cập nhật trên moodle .",0,1
không thấy thầy lên lớp kể từ khi nghỉ lễ 30 fraction 4 và 1 fraction 5 xong .,0,0
thiếu sự đa dạng về bài tập .,0,1
thầy nên chuẩn bị trước slide lý thuyết vì mỗi buổi thầy viết lại sẽ mất nhiều thời gian .,0,0
vui tánh .,2,0
phân công từng nhóm lên thuyết trình .,1,0
đọc slide có thể hiểu nội dung nhưng sau khi thầy giảng lại thì không hiểu tí gì hết .,0,0
"thầy dạy rất tốt , cảm ơn thầy !",2,0
tận tâm .,2,0
"giảng viên giảng dễ tiếp thu , slide trình bày dễ hiểu , giảng viên nhiệt tình , hài hước .",2,0
giáo viên rất nhiệt tình và tận tâm !,2,0
giáo trình môn học chưa cập nhật .,0,1
giảng viên giải đề các năm trước .,1,0
giảng viên nên đưa ra nhiều ví dụ minh họa hơn .,0,0
nên nhiều khi không hiểu thầy đang giảng gì .,0,0
"lên lớp đúng giờ , nhiệt tình .",2,0
"hy vọng những giờ thực hành , thay vì đưa ra bài thực hành , thầy hướng dẫn từng bước làm đồ án , môn học hay nhưng thầy truyền đạt không hiểu .",0,0
thầy dạy quá hay !,2,0
muốn đề thi dễ hơn .,0,1
phương pháp dạy mới tích cực .,2,0
"giảng viên nhiệt tình , máu lửa , phương pháp giảng dạy hiện đại .",2,0
thầy hay nghỉ dạy nhờ giảng viên khác dạy thay do bận việc nhiều .,0,0
"giáo viên tận tâm , giảng dạy tốt .",2,0
"cô vui tính , tận tình .",2,0
"cô dạy nhiệt tình , dễ hiểu .",2,0
tạo ra sự ganh đua trong mỗi buổi thực hành .,0,0
khả năng truyền đạt chưa cao .,0,0
"cô rất dễ thương , hiền nữa , cô khá nhiệt huyết .",2,0
luôn bám sát tiến độ làm đồ án của sinh viên .,2,0
nhiều bài tập .,0,1
thiếu nghiêm túc trong học tập .,0,3
thầy cho nhiều bài tập để thực hành .,2,0
sinh viên không có thời gian tiếp xúc cũng như thực hành .,0,1
giảng viên chưa truyền đạt được kiến thức cần hiểu tới sinh viên .,0,0
cô rất tận tâm và nhiệt tình .,2,0
đề nghị dạy lập trình c trước hoặc song song với môn học này .,0,1
buổi chiều nên học lúc 13h30 .,0,1
"ít trang bị kiến thúc ngữ pháp vững vàng cho sinh viên , ít làm bài tập ngữ pháp trên lớp , một buổi học quá nhiều kiến thức không tiếp thu kịp , áp lực , sửa bài tập nhanh dot chỉ nói bằng miệng nên ít ghi chép để nhớ lâu .",0,0
"dạy vui , nhiệt tình .",2,0
cô tuyệt vời !,2,0
"thầy dạy nhiệt tình , dạy những kiến thức sát với các kỳ thi .",2,0
giống như việc cung cấp cho phép cộng và yêu cầu là giải được bất đẳng thức .,1,1
em thấy học thực hành là tiếp thu nhiều hơn học lý thuyết và thầy dạy rất nhiệt tình .,2,1
"nhiều sinh viên đọc đề không hiểu , vượt xa kiến thức trên lớp .",0,1
tăng thời gian giảng dạy .,0,1
một số vấn đề nói chưa rõ như là doubledot một số bài tập khó chưa giải đáp được .,0,1
"cô rất nhiệt tình , giảng bài khá hay .",2,0
"cô dễ thương , vui tính , nhiệt tình , nhiều nhiều nữa .",2,0
"cô rất vui tính , giảng bài tận tình .",2,3
"nên tập trung cho sinh viên vào một phương pháp , một công cụ nào đó để làm bài tập , tránh tình trạng sinh viên không biết đường nào để làm .",0,1
giảng viên tận tâm giúp sinh viên học tập .,2,0
giảng viên cho nhiều bài tập khó .,0,0
em rất thích !,2,3
"cô phát âm chưa tốt , dạy còn chút khô khan , chưa tạo được sự hứng thú học tập cho sinh viên .",0,1
đưa ra các bài tập áp dụng .,1,0
"thầy dạy cứng nhắc , buồn ngủ .",0,0
"cô giảng dạy hay , dễ tiếp thu .",2,0
cần cài đặt matlab trên các máy ở phòng thực hành .,0,2
"dạy dễ hiểu , hay củng cố lại kiến thức .",2,0
giảng còn hơi nhanh .,0,0
"giảng viên truyền cảm hứng cho sinh viên , nhiệt tình .",2,0
nguyên tắc và tận tình giảng dạy .,2,0
thường xuyên đặt câu hỏi cho sinh viên trả lời .,2,0
em thích đi học tiết của thầy nhất .,2,0
cung cấp tài liệu cần thiết cho môn học nhiều hơn .,0,1
nói chung thầy wzjwz196 dạy toán là tuyệt .,2,0
bài giảng không lôi cuốn .,0,1
"giảng dạy nhiệt tình , cho bài tập nhiều .",2,0
thầy giảng dạy rất nhiệt tình và chi tiết tường tận cho nhiều ví dụ cụ thể thực tế rất hay .,2,0
cô rất nhiệt tình chỉ dạy cho lớp và luôn giúp những bạn yếu kém vươn lên học tốt hơn .,2,0
"thực hành nhiều , làm bài tại lớp càng nhiều càng tốt , đưa ra nhiều ví dụ về nhiều trường hợp và một số trường hợp phát sinh .",0,1
"thay vì thế , giảng viên nên tập trung vào các công nghệ được ngôn ngữ lập trình hỗ trợ và cách sử dụng chúng hiệu quả , việc hướng dẫn lập trình nên đưa vào các buổi thực hành .",0,1
"đề nghị việc giảng viên vào những lúc cuối kỳ , thời gian chuẩn bị báo cáo đồ án , chuẩn bị thi .",0,0
điều này gây mất công bằng và không đánh giá được đúng năng lực học tập của các bạn .,0,1
giảng viên nhiệt tình và công tâm .,2,0
nếu thầy có thể lên lớp đúng giờ thì tuyệt ạ !,0,0
hay giúp đỡ sinh viên khi không hiểu bài và nhiệt huyết trong công việc .,2,0
thầy giảng dễ hiểu và kích thích sáng tạo và tìm tòi của sinh viên .,2,0
cô hay mất rất nhiều thời gian cho bài học và lịch học bù khá nhiều .,0,0
"rất nhiệt tình , nhưng cách truyền đạt của thầy và sự tiếp thu của sinh viên còn ít , các hoạt động trao đổi trên moodle rất hạn chế .",0,0
cách trình bày giữa thầy thực hành và thầy lý thuyết khác nhau .,1,0
thầy nhiệt tình lắm .,2,0
với một môn nhập môn mà thầy đòi hỏi bọn em quá cao làm bọn em hơi áp lực .,0,1
"rồi giống như không muốn nghe nữa vậy , cho thời gian báo cáo là 15 phút , nhưng khi chưa kịp nói gì thì thầy nói chuyển , được khoảng 5 phút thì xong , không cho báo cáo nữa !",0,0
một giáo viên tâm huyết với nghề .,2,0
quá nhiều kiến thức để nhớ .,0,1
cách truyền đạt kiến thức cho sinh viên .,1,0
"cung cấp slide , kiến thức , truyền dạt tốt .",2,0
đề thi thực hành quá dài .,0,1
"không cung cấp slide , vô dạy nói tùm lum tà la không liên quan đến môn học , dạy một tí bảo chép slide rồi cầm tờ báo ngồi đọc .",0,0
thầy nghiêm túc quá .,0,0
cô dạy rất nhiệt tình và tận tụy .,2,0
"không chú ý yêu cầu , giải đáp của sinh viên .",0,0
tốt ạ .,2,3
thầy không cho slide và lên lớp chủ yếu là chép slide .,0,0
nhiệt tình về giảng dạy .,2,0
giáo trình môn học cần xác định cho phù hợp với thực lực và trình độ của sinh viên .,0,1
hay đến trễ .,0,0
thầy nên đổi mới cách dạy để bài học trở nên sinh động hơn .,0,0
i love thầy !,2,3
cô wzjwz303 là một người cô dạy có tâm nhất mà em gặp từ lúc sinh ra tới giờ .,2,0
cô rất quan tâm đến tình hình học tập của lớp .,2,0
"học bù cũng không hỏi ý kiến sinh viên có trùng với môn khác không , học bù lại còn điểm danh .",0,0
giảng hay minh họa sinh động .,2,0
"giáo viên thực hành cần năng động hơn , thầy có vẻ hơi thụ động trong giờ thực hành , không tạo cảm hứng cho sinh viên .",0,0
có những hoạt động giúp giờ học sinh động .,2,0
"nhiều lúc báo cáo tiến độ đồ án , khi không hài lòng , giảng viên đã nói thẳng với sinh viên là rớt môn dù cho còn 1 tháng nữa mới đến ngày báo cáo cuối kỳ .",0,0
cô rất tận tình giúp đỡ chúng em trong học tập .,2,0
thầy giảng quá nhanh .,0,0
"ngược lại đề thi nên cho những câu hỏi khó , nhưng thời gian thi rộng để sinh viên có thời gian động não suy nghĩ các giải tăng được tư duy suy luận và sáng tạo hơn là khả năng học thuộc bài như kiểu trên thích hợp cho ngành khác .",0,1
"thầy giảng chậm lại , từ dễ tới khó để học sinh tiếp thu tốt hơn .",0,0
rất hài lòng !,2,3
đề thực hành hay và khó .,2,1
"giáo viên giảng dạy nhiệt tình , tận tâm , dạy hay , dễ hiểu .",2,0
không truyền tải hết nội dung chương trình .,0,0
giảng dạy nhiệt tình tâm huyết .,2,0
lịch thực hành ban ra quá trễ !,0,1
không .,1,3
"chưa nhận thấy có điểm nào chưa tốt , sinh viên học môn này từ cô wzjwz85 rất vui và tiếp thu bài rất tốt .",2,0
"giảng viên có phong cách giảng dạy chưa phù hợp , khiến sinh viên cảm thấy xa rời với nội dung môn học .",0,0
công dụng nó là gì ?,0,0
"bộ kit thực hành cần được nâng cấp để không xảy ra tình trạng hư , trục trặc .",0,2
"bài tập thì không còn như thời cấp 3 chỉ có vài dạng cơ bản , số lượng cũng như độ khó ngày càng tăng , thời gian của sinh viên cũng chẳng phải dư dả , sinh viên cũng cần phải đầu tư cho các môn học khác , nên cách đưa ra những công thức trọng tâm , những bài tập cần và đủ của thầy khiến em một nữ sinh viên cảm thấy hứng thú hơn khi học vật lý , một học dường như chỉ dành cho các bạn nam .",0,1
thầy nhiệt tình ở chỗ giảng dạy nhiều thứ cho sinh viên .,2,0
cô rất nhiệt tình chu đáo .,2,0
"nhiệt tình , biết cách truyền đạt .",2,0
chưa nêu bật được ứng dụng thực tiễn của môn học .,0,1
"giảng viên gần gũi , giúp đỡ sinh viên rất nhiều trong học tập trên lớp .",2,0
"giảng viên dạy thực hành là wzjwz235 , không phải wzjwz236 !",0,0
"giảng viên muốn cho bọn em hiểu được môi trường làm việc sau này là như thế nào , nhưng khi mà bọn còn đang trong thời gian đi học , còn chưa đủ kiến thức nền tảng thì không nên dạy và học theo kiểu như vậy , trong suốt quá trình môn học bọn em mơ hồ về việc thầy đang muốn truyền đạt điều gì đến bọn em và việc bọn em cần phải làm những gì !",0,0
em thấy số buổi thực hành quá ít và kiến thức truyền tải chẳng được bao nhiêu vì vậy nên mong trường đổi về hình thức 1 các môn thực hành này !,0,1
nhìn thấy hơi nghiêm ( khách quan thôi ạ ) .,1,0
dạy nhanh quá .,0,0
em rất hài lòng về hoạt động giảng dạy của thầy .,2,0
giảng bài nhựa nhựa nghe buồn ngủ .,0,0
nhiều thử thách cho sinh viên .,0,1
"giảng viên lên lớp đúng giờ , tận tâm với sinh viên và nhiệt tình giảng dạy , hướng dẫn .",2,0
cô cần cải thiện khả năng truyền đạt trên lớp để sinh viên có thêm hứng thú trong học tập .,0,0
"rồi một nhóm thì phải chấm điểm báo cáo cuối kỳ cho 3 nhóm khác , làm phiếu chấm điểm , soạn câu hỏi mà có yêu cầu ra đáp án đồ án của nhóm code chưa tới đâu thì sao mà ngồi đọc source của nhóm khác để code tiếp cho họ .",0,3
tình hình là khóa 8 aep tụi em đa số là không hiểu ngôn ngữ c .,0,1
giáo trình chưa phù hợp với lượng tín chỉ môn học !,0,0
thầy khá nhiệt tình và rõ ràng .,2,0
thầy dạy nội dung ít liên quan tới bài học .,0,0
giáo viên hướng dẫn rất nhiệt tình .,2,0
"thầy đến đúng giờ , giảng dễ hiểu .",2,0
không hiệu quả .,0,3
"giáo viên là thầy , không phải cô .",1,0
"dạy rất dễ hiểu và nhiệt tình , em rất thích cách giảng dạy của cô .",2,3
đó là sự nhiệt huyết của cô wzjwz153 .,2,0
"bài tập hay , đa dạng .",2,1
"cô giảng dễ hiểu , nhiệt tình .",2,0
"tận tình , rất biết quan tâm đến học sinh .",2,0
"thầy rất nhiệt tình , tận tâm với sinh viên .",2,0
"thầy dạy rất tốt và tâm huyết , phương pháp hợp lý và nội dung giảng dạy tạo hứng thú cho sinh viên .",2,0
giáo viên đứng lớp dạy rất hay .,2,0
tóm lại đề thi 50% là kiến thức về mạng chủ yếu không tập trung vào hệ điều hành linux .,0,1
cô điểm danh nhiều quá colonsad .,0,0
"thầy vui vẻ , giúp đỡ nhiệt tình .",2,0
"thầy tận tâm , nhiệt tình dạy dễ hiểu .",2,0
giảng viên thực hành nên quan tâm đến sinh viên nhiều hơn .,0,0
thầy không thông báo thời gian học cụ thể cho sinh viên .,0,0
dạy chán .,0,0
thầy rất nhiệt tình và thường xuyên dạy lố giờ .,0,0
"thầy vui vẻ , dễ trao đổi học tập .",2,0
"giáo viên tận tình , nhiệt tình trong việc cung cấp tài liệu và bài tập qua facebook .",2,0
thầy giảng quá nhanh !,0,0
"thầy nói nhỏ , giờ học khá nhàm chán .",0,0
"giáo viên tâm huyết , nhiệt tình .",2,0
"cô wzjwz103 dạy rất hay , rất nhiệt tình , cách dạy của cô cũng rất lý thú , tạo sự hứng thú cho sinh viên .",2,0
cung cấp cho sinh viên đủ bài tập khi đến lớp cũng như làm ở nhà .,2,0
"giảng viên dạy dễ hiểu , thân thiên với sinh viên .",2,0
"nhiệt tình , kỹ năng dạy kinh nghiệm .",2,0
thầy nên chủ động hơn trong việc giúp đỡ sinh viên trong lúc thực hành .,0,0
phòng học thực hành wzjwz18 không đảm bảo chất lượng cho việc học thực hành .,0,2
"giáo viên giảng rõ , dễ hiểu .",2,0
"học cực kỳ áp lực , thầy dạy khó hiểu .",0,0
"thầy không chịu dạy thực hành , nên cũng rất chán khi học thực hành , nói chung là không ai đi học thực hành là do thầy không dạy tốt , thực ra thì chưa dạy gì cả .",0,0
"môn học cần được phân bố hợp lý hơn , nên để năm 4 rồi học .",0,1
hiện giờ em chưa có cách học đúng đắng .,0,3
"giảng hay , nhiệt tình .",2,0
"thầy lên lớp rất đầy đủ , không nghỉ buổi nào .",2,0
cô nhiệt tình dạy rất dễ hiêu .,2,0
giải đáp các thắc mắc nhanh và chi tiết .,2,0
"ra đề thi còn cẩu thả , không kiểm soát được các đáp án của câu hỏi .",0,1
"cần chỉ cho sinh viên cách làm bài khó , không nên giải chi tiết .",0,2
"cung cấp thêm giáo trình , tài liệu môn học .",0,1
tránh tình trạng bị trùng lịch học và gom lớp vào sáng thứ 7 gây mất buổi học của sinh viên .,0,1
nhiều bài quá .,0,1
phương pháp dạy của thầy hay khiến sinh viên chủ động và tránh sinh viên ngủ trong lớp .,2,0
"thầy giảng dạy nhiệt tình , tương tác rất hiệu quả , cung cấp nền tảng kiến thức rõ ràng , vững vàng cho lớp .",2,0
thầy nói chuyện chưa nghe rõ cho lắm .,0,0
thầy chỉ làm việc của thầy .,0,0
đôi lúc sợ sợ thầy colonsad .,0,0
chúc thầy nhiều sức khỏe !,2,3
"thầy dạy dễ hiểu , nhiệt tình .",2,0
"ít được giao tiếp với giảng viên , giảng viên ít khi lên lớp .",0,0
cách dạy hoàn toàn không phù hợp ( giảng viên tuy có kiến thức nhưng không có cách truyền đạt ) .,0,0
"giảng viên dạy hay , thu hút , tận tâm với sinh viên .",2,0
thầy dạy tốt em thích thầy .,2,0
"môn học còn khá nặng nề , không ứng dụng thực tiễn cũng như không phục vụ cho chuyên nghành , theo em nghĩ , môn giải tích thật sự không cần thiết lắm .",0,1
"có vài máy hư trong phòng thực hành , cần khắc phục lại .",0,2
"giảng viên có khả năng truyền đạt cực tốt , em cực thích .",2,0
"cần theo dõi sinh viên kỹ càng hơn , điểm danh thường xuyên .",0,0
chương trình học về môn học này rất hợp lý cho sinh viên .,2,1
thường xuyên cho bài tập về nhà để củng cố kiến thức cho sinh viên .,2,0
không có điều gì !,1,3
"thầy không sử dụng micro khi giảng bài , em nghe không rõ bài giảng .",0,0
phòng thực hành chưa có chất lượng .,0,2
"môn học liên hệ thực tế , liên kết với đồ án hơn .",0,1
giáo viên giảng dạy dễ hiểu và tận tâm .,2,0
thầy nói ngoài lề hơi nhiều .,0,0
thường xuyên dạy quá giờ .,0,0
"giảng viên nhiệt tình , bài tập đa dạng , phương pháp học thú vị .",2,0
"cần thay đổi , bổ sung các chương trình hỗ trợ thực hành trên máy .",0,1
em có ý kiến là hãy thi môn này trên máy tính với phần mềm vẽ chúng .,0,1
là người cô rất có tâm .,2,0
"giảng viên rất tận tâm , nỗ lực trong việc giảng dạy .",2,0
"thầy rất tận tâm , về lý thuyết thầy giảng rất hay và tuyệt đối , song về bài tập thì ngược lại , thầy nói chỉ sơ qua , như là mặc định các sinh viên đều đã biết tính toán .",0,0
em có thêm một số đề nghị để cải tiến doubledot thêm kênh để trao đổi cho môn học .,0,0
chưa có tài liệu học tập cho sinh viên .,0,1
thầy tạo điều kiện cho sinh viên học tập và rất nhiệt tình giảng dạy .,2,0
nội dung của phần thực hành thật ra quá ít cho với đồ án .,0,1
nhiệt tình và rất chú tâm trong công việc giảng dạy đối với sinh viên .,2,0
giảng viên luôn đến đúng giờ .,2,0
thầy dạy quá khó hiểu .,0,0
cần cải thiện nhiều .,0,3
giảng viên không hướng dẫn nhiều cũng như không quan sát theo dõi quá trình thực hành của sinh viên .,0,0
cô cầm micro hơi sát nên nghe hơi nhói tai một xíu ( tích cực ) .,0,0
số thời gian thầy nghỉ rất nhiều và không báo trước cho sinh viên .,0,0
"còn bình thường đến lớp thầy chỉ làm việc trên máy của thầy , không nói gì cả .",0,0
thầy dạy hay nhiệt tình .,2,0
"thầy rất nhiệt tình , thẳng thắn .",2,0
tất cả đều phải sử dụng trên phần mềm mô phỏng proteus .,0,3
"thầy dạy nhiều bài học không chỉ là bài học , rất ý nghĩa .",2,0
"dạy học sinh hỏi thì nói "" tui không biết "" .",0,0
"thầy đảm bảo giờ lên lớp , nhiệt tình .",2,0
"phòng thực hành nên bố trí hợp lý , đủ máy móc thực hành .",0,2
bỏ tổ chức thi lý thuyết cuối kỳ vì làm đồ án mất khá nhiều thời gian .,0,1
thầy nói nhanh quá .,0,0
thầy dạy rất hay rất vui .,2,0
cách dạy của giảng viên chưa thực sự phù hợp với bản thân .,0,0
giáo viên rất gần gũi với học sinh .,2,0
"kiến thức thu được trong từng môn học thì rời rạc , học xong sinh viên có cảm giác như cưỡi ngựa xem hoa .",0,1
chưa tốt về mặt kiến thức .,0,0
giảng hơi chậm .,0,0
giao đề tài không công bằng giữa các nhóm .,0,0
"cô tận tâm , nhiệt tình , giúp học sinh có kết quả tốt .",2,0
lớp ồn đến nỗi không muốn đi học .,0,3
giảng viên luôn đến lớp trễ từ nửa tiếng trở lên .,0,0
"đa phần các bạn đều không thể hoàn thành trên lớp và phải về nhà làm thêm , nhưng hình thức làm bài ở nhà thì phải trình bày trên một file word nên rất bất tiện cho giáo viên chấm bài cũng như gia tăng tỉ lệ copy bài .",0,3
cần có thời gian hợp lý hơn khi học thực hành sau lý thuyết .,0,1
"cô dễ thương , dạy có tâm .",2,0
vì lịch thực hành không được sắp xếp từ đầu dẫn đến trùng lịch môn học khác .,0,1
"chưa nhiều kiếm thức thêm , nâng cao ngoài cơ bản của môn học .",0,0
cô giáo dạy nhiệt tình .,2,0
không hiểu bài cho lắm .,0,3
"chương trình học khá nặng so với sinh viên khoa khác ( seminar , bài tập về nhà , đồ án lớn , thi cuối kỳ , dot ) .",0,0
"thầy hiền , tử tế .",2,0
"bài giảng , bài tập đầy đủ , dư cho sinh viên tham khảo , ôn luyện .",2,1
thực hành luôn đi trước lý thuyết .,0,1
nêu rõ các việc cần làm và chuẩn bị .,0,0
"phong cách giảng dạy thoải mái , vui vẻ giúp sinh viên dễ tiếp thu kiến thức và ghi nhớ .",2,0
"thầy dạy lôi cuốn , cung cấp nhiều kỹ năng nghề nghiệp .",2,0
nhiệt tình hướng dẫn sinh viên .,2,0
nhưng lớp trường lại chậm trể trong việc đưa về cho sinh viên thế nên cần phân bổ tài liệu trực tiếp cho sinh viên .,0,0
thay đổi cách giảng dạy giờ thực hành .,0,1
"cô tận tâm , nhiệt tình với sinh viên , truyền đạt kiến thức dễ hiểu .",2,0
vui vẻ hài hước .,2,0
giảng viên không có khả năng truyền đạt kiến thức cũng như cách phân bố giảng dạy cho phù hợp .,0,0
"giảng viên hơi khó tính với sinh viên , giảng bài lan man gây khó hiểu cho sinh viên .",0,0
mong có sự hỗ trợ trong thực hành .,0,0
"trường uit , cách riêng khoa truyền thông và mạng máy tính rất may mắn có được người thầy như thầy x .",2,0
"giảng viên dạy dễ hiểu , nhiệt tình .",2,0
"cô nhiệt tình , nhưng cách trình bày của cô , nội dung cô nói khó hiểu quá !",0,0
giảng bài nhiệt huyết và tận tâm .,2,0
cô lo sợ sinh viên sẽ không thể hiểu được nhưng thật sự thì để đỗ được đại học thì mức độ tư duy của các sinh viên đã tương đối tốt .,1,0
giảng viên giảng dạy còn khó hiểu .,0,0
"bài tập cô cho dễ quá , không khuyến khích được tinh thần tự học của các bạn .",0,1
rất hiểu tâm lý sinh viên .,2,0
làm bài tập về nhà .,1,1
thầy có phương pháp giảng dạy hay .,2,0
cách thầy truyền đạt kiến thức rất hay và dễ hiểu .,2,0
"thầy nhiệt tình , tận tâm .",2,0
nội dung học cần cải thiện .,0,1
thầy wzjwz263 dạy tận tâm lắm .,2,0
giảng viên giảng dạy còn kém hiệu quả khi mà ở trên thì giảng viên giảng dạy còn ở dưới thì sinh viên làm việc riêng .,0,0
"nên có phương pháp thông báo đến sinh viên về lịch học trong thời gian gần buổi học , hơn nữa tránh trùng lắp với môn học khác .",0,1
sao chưa thấy đi dạy bữa nào ?,0,0
"thầy luôn dặn chúng em phải trăn trở về tương lai , phải có sự phấn đấu , hoàn thiện tốt nhất mọi công việc .",2,0
thầy dạy rất hay giải nhiều bài tập .,2,0
"nhiệt tình với sinh viên , bài giảng hay .",2,0
lớp học đông nên ồn ào và khó tiếp thu .,0,1
cũng ổn .,1,3
"nhiệt tình , hăng hái , kỹ lưỡng .",2,0
"ít hướng dẫn sinh viên thực hành , ra bài rồi để đó , toàn để sinh viên tự làm , đi học cũng như không đi , ai làm gì đó làm .",0,0
thầy nhiệt tình chỉ bài .,2,0
thầy dạy rất hay và vui .,2,0
kỳ này môn java web thì tinh thần giảng dạy của thầy cũng không hề khá hơn chút nào .,0,0
"tận tâm , chu đáo và luôn theo sát giúp sinh viên đạt kết quả tốt trong môn học .",2,0
"cô giảng bài rất kỹ , có ví dụ minh họa cụ thể .",2,0
nói hơi nhiều .,0,0
cô nhiệt tình dễ thương .,2,0
nhóm trưởng không làm thì đồ án bỏ không .,0,1
đây là môn học kỹ năng nên không cần thiết khi kiểm tra bằng hình thức thi tự luận mà nên đánh giá bằng đồ án .,0,1
cô nhiệt tình giảng dạy và hướng dẫn chúng em phương pháp để học tập tốt không chỉ riêng cho môn này mà còn hướng chúng em học làm sao để sau này ra đi làm cho tốt .,2,0
em nghĩ cô đừng nên cho các bạn lên bảng giải bài nữa .,0,0
truyền thụ hết kiến thức cho sinh viên .,2,0
"thương , hài hước , lấy ví dụ thực tiễn , biết phân bố hợp lý giờ giảng dạy xen lẫn trò chuyện cùng học sinh .",2,0
giảng viên hay lên lớp muộn .,0,0
thầy xem bên phần của thầy wzjwz139 nha thầy .,1,0
thấy cho nhiều bài tập hay giúp sinh viên biết được nhiều kỹ thuật .,2,0
"nhiệt tình với sinh viên , lên lớp đúng giờ .",2,0
"cung cấp thêm tài liệu môn học cho sinh viên , sử dụng hợp lý giờ giảng trên lớp .",0,0
"em nghĩ việc học sẽ hiệu quả hơn , khi thầy dạy chúng em đầy đủ tiết .",0,0
giảng viên thân thiện với sinh viên .,2,0
thầy đúng giờ .,2,0
dạy nhiều kiến thức ngoài hữu ích .,2,0
"chưa thực sự đi sâu vào nội dung môn học , phần lớn thời gian trên lớp làm bài thực hành mất rồi .",0,0
thầy giảng khá hay .,2,0
để sinh viên tự nghiên cứu quá nhiều .,0,1
nhiệt tình và quan tâm đên sinh viên hơn .,0,0
bài tập hơi khó .,0,1
"thầy dạy rất nhiệt tình , hay và dễ hiểu .",2,0
"giảng viên dạy nhiệt tình , tận tình giúp đỡ .",2,0
"tuy nhiên thầy chưa nhấn mạnh công thức môn học cùng với việc thầy giảng những ví dụ quá nhanh , ví dụ đầu tiên khá khó , nên em chưa thể nắm kịp những kiến thức mới .",0,0
nhiệt tình giúp đỡ sinh viên và tạo sinh viên có nơi để nâng cao kỹ năng lập trình .,2,0
"thầy vui tính nà , nhiệt tình , cách giảng dạy dễ hiểu !",2,0
"giảng viên vui vẻ , tận tâm .",2,0
cần hướng dẫn sinh viên ôn tập .,0,0
"giảng viên dạy kỹ , dạy sâu .",2,0
thầy chỉ bảo sinh viên tận tình .,2,0
nên khắc phục thái độ của giảng viên .,0,0
"nếu có thể , xin thầy cho chúng em những bài tập có đáp án .",0,0
và còn rất nhiều vấn đề khác .,0,3
"thầy cung cấp nhiều thông tin hay , hữu ích đối với đồ án .",0,0
thầy cô giáo dạy rất nhiệt tình và vui vẻ .,2,0
"do học kỳ này em không thể đến lớp học môn này , nên em không thể đưa ra ý kiến gì thêm .",1,3
"không nên để xảy ra lỗi trong yêu cầu thực hành , không thực hành phần nào chưa học lý thuyết .",0,1
thầy wzjwz21 truyền đạt cả lớp học không ai hiểu là thầy đang dạy gì !,0,0
bài giảng không thu hút được học sinh .,0,1
cần phân chia hai giảng viên cho từng dãy bàn để tăng khả năng tương tác với sinh viên .,0,1
thời gian học thoải mái .,2,1
giáo viên giảng dạy tận tình và cho làm nhiều bài tập .,2,0
"nhiệt tình , luôn giúp đỡ sinh viên khi sinh viên có thắc mắc .",2,0
thời gian đi dạy trễ .,0,0
"tận tâm , đúng giờ .",2,0
dạy khó hiểu .,0,0
thầy hướng dẫn thực hành chi tiết .,2,0
tạo điều kiện cho học sinh phát biểu .,2,1
"thầy hay khó chịu , không tận tâm , nhiệt tình .",0,0
thầy đi dạy đầy đủ .,2,0
cô cho làm đồ án .,1,0
giáo viên dạy nhanh quá theo không kịp .,0,0
giảng viên tận tâm nhiệt tình !,2,0
"học tập hơi khô khan , cô cần ôn tập thi sát đề thêm chút nữa ạ coloncolon .",0,0
chào thầy fraction cô !,1,3
"nhiệt tình , tạo hứng thú học tập .",2,0
nên có nhiều tiết thực hành hơn .,0,1
"slide bài học rất ư là khó nắm bắt , code trong slide vẫn còn chỗ sai .",0,1
"nghỉ rất nhiều , đa phần những buổi nghỉ là do sinh viên chờ 30 phút không thấy thầy lên mà giải tán .",0,0
giảng dạy cho sinh viên rất nhiệt tình .,2,0
"giảng viên dạy lý thuyết và thực hành cần thống nhất với nhau về nội dung đã được giảng dạy qua mỗi tuần , tránh trường hợp thực hành trước khi học lý thuyết .",0,0
cần kết hợp học với hành .,0,1
"giảng viên cực kỳ tận tâm , nhiệt tình , giảng dạy rất dễ hiểu và rất thú vị tuy rằng đây là môn khô khan , khó hiểu .",2,0
"thầy dạy rất dễ hiểu , bài tập nhiều .",2,0
nên đưa ra các vấn đề thường gặp .,0,3
cô hướng dẫn về cách thuyết trình rất hay .,2,0
cô dạy hay nhiệt tình .,2,0
"giảng dạy ngắn gọc , dễ hiểu , nhiệt tình .",2,0
bài tập cho quá khó .,0,1
giảng viên nên ra thêm bài tập .,0,0
giảng viên quá nhiệt tình .,2,0
"giáo viên hướng dẫn cho code sai , hướng dẫn viết code ít , không đáp ứng được câu hỏi của học sinh .",0,0
"thầy nhiệt tình , giảng chi tiết , có quan tâm đến sinh viên .",2,0
"thầy không quan tâm đến việc học của sinh viên , nhiệm vụ của thầy là lên lớp đọc slide cho các bạn khác nên trình trạng sinh viên nghỉ rất nhiều .",0,0
môn này gắn với thực tế nhiều nên có những các tương tác trực tiếp với nhau .,0,1
"cô tận tâm , nhiệt tình , sẵn sàng giảng lại bài cho lớp khi có chỗ khó hiểu .",2,0
tài liệu cho kết quả nhưng có cái đúng cái sai làm hoang mang cho việc tự học tại nhà .,0,1
chỉ lên cho tự làm .,0,1
em cảm thấy sự tương quan giữa tiết học thực hành và lý thuyết chưa hợp lý lắm .,0,1
"giảng viên rất nhiệt tình , thường xuyên trao đổi tài liệu qua website môn học .",2,0
thầy nhiệt tình năng động .,2,0
"không có lời giải đầy đủ , học sinh không biết làm là coi như không biết làm từ đâu hết cuối .",0,1
cô rất thân thiện và nhiệt tình .,2,0
"thầy rất tận tình , hướng dẫn cụ thể .",2,0
em học phân tích thiết kế cô wzjwz276 mà .,1,0
"dạy dễ hiểu , cuốn hút .",2,0
"tiết dạy sinh động , khả năng truyền đạt cao .",2,0
thầy dạy nhiệt tình dễ hiểu khá thoải mái hòa đồng với sinh viên .,2,0
thầy dạy nhiệt tình .,2,0
không đảm bảo giờ giảng dạy .,0,0
thầy day tốt .,2,0
phát âm không chuẩn .,0,0
"như thầy lý thuyết , thầy cho chúng em tự tìm hiểu 3dsmax từ đầu kỳ nên cuối kỳ làm đồ án rất khỏe .",2,0
"giảng viên rất tận tâm , nhiệt huyết , cô có khả năng truyền đặt cao , cách giảng dạy lôi cuốn , thu hút .",2,0
"giảng viên tận tình , chu đáo , gần gũi sinh viên .",2,0
"vui vẻ , cởi mở .",2,0
thầy giảng dạy rất có nguyên tắc .,2,0
nên học ở giảng đường sẽ thuận tiện hơn .,0,1
làm cho một phần học sinh ( chủ yếu khá và giỏi ) cảm thấy chán trong việc lên lớp .,0,0
"cô dạy nhiệt tình , sẵn sàng giảng lại một phần nhiều lần .",2,0
cảm ơn thầy wzjwz291 rất nhiều .,2,0
thầy rất có tâm ạ !,2,0
có nhiều bài tập về nhà .,2,1
em có đăng ký học môn khác vào tiết sau và lúc nào cũng bị đi muộn .,0,0
"đổi mới hình thức kiểm tra , đảm bảo tính chất thực hành của môn học .",0,1
cơ sở vật chất của trường còn khá kém và thiếu các hoạt động ngoại khóa .,0,0
một cuốn sách thật dày chỉ là một trong những tài liệu mà tụi em có thể tham khảo .,0,1
sự nhiệt tình của giảng viên trong quá trình giảng dạy .,2,0
giáo viên nên tập trung vào các vấn đề cần biết trên lớp để cho các sinh viên hiểu rõ hơn bài tập .,0,0
em xin chân thành cảm ơn !,1,3
"dạy rất nhiệt tình , lớp sinh động , truyền đạt tốt .",2,0
có cho đề mẫu và bài tập để ôn tập .,2,0
"giảng viên trả lời câu hỏi của sinh viên thiếu chuyên nghiệp ( qua loa , không đúng chủ đề ) .",0,0
"chú trọng quá nhiều vào lý thuyết , ít bài tập .",0,1
nhưng ngoài điều đó ra thì giảng viên rất tốt .,2,0
"nội dung bài giảng hay , phù hợp và truyền đạt nội dung bài kết hợp ví dụ tuyệt vời !",2,0
tận tình .,2,0
giảng viên thường không trả lời câu hỏi của sinh viền hoặc là khó chịu khi sinh viên hỏi bài .,2,0
"bước vào lớp học cứ như "" đi nhầm lớp "" .",1,0
hay cho nghỉ .,0,0
không thấy giảng viên trên lớp .,0,0
chương trình hiện tại chia tới 2 lĩnh vực trong một môn học .,1,1
"không chỉ truyền đạt đầy đủ kiến thức , thầy còn cho thêm sinh viên nhiều thông tin bổ ích khác .",2,0
"giảng viên tận tâm , khả năng truyền đạt tốt .",2,0
những sinh viên đi học vào buổi đó không dự được thì sao có thể viết bài thu hoạch .,0,1
"giảng viên kém nhiệt tình , nghỉ học một số buổi nhưng không thông báo trên daa .",0,0
kiến thức được học ở lý thuyết cần được áp dụng một cách thực tiễn vào thực hành .,0,1
"hiện giờ , giảng viên đã nghỉ 2 tuần mà không báo trước .",0,0
không phản hồi câu hỏi cũng như tiếp thu ý kiến của sinh viên một cách nhiệt tình và thoả đáng .,0,0
"cô nhiệt tình , có chia sẻ một số kinh nghiệm hữu ích trong ngành .",2,0
môi trường không đảm bảo an toàn cho sức khỏe .,0,2
"giảng rất dễ hiểu , liên hệ thực tế nhiều .",2,0
"thầy rất vui tính , hòa đồng với sinh viên từ đó truyền đạt khá dễ tiếp thu .",2,0
thầy nói tiếng anh còn hơi nhỏ .,0,0
cô dạy slide lý thuyết hơi nhanh .,0,0
chưa có slide tiếng việt .,0,0
"thầy dạy nhiệt tình , chỗ nào lớp không hiểu thầy nhiệt tình giảng lại cho lớp .",2,0
em đã kết thúc một học kỳ ở đó !,1,3
điểm danh thường xuyên .,1,0
nội dụng môn học không liên quan đến đề thi .,0,1
mong giảng viên lưu tâm !,0,0
"luôn giải đáp những thắc mắc sớm nhất có thể , mở thêm những buổi học ngoài tăng cường kiến thức .",2,0
giáo viên nên cho nhiều ví dụ nhỏ trên lớp hơn để chúng em dễ tiếp thu .,0,0
"sinh viên rất khó nắm bắt những gì giảng viên viết và ghi chú trên bảng , phần lớn chỉ có thể giảng dạy bằng máy chiếu , dù tốc độ không quá nhanh nhưng cũng chỉ là những dòng chữ lướt qua , khi về nhà lại phải tự mày mò học lại từ đầu tuy nói rằng nhiệm vụ của sinh viên là phải tìm hiểu bài trước khi đến lớp nhưng với việc giảng dạy trong một giảng đường rộng lớn đã khiến vai trò hỗ trợ của giảng viên trở nên mờ nhạt .",0,0
"vui tính , năng nổ , dễ dàng tiếp cận sinh viên , cách dạy có hiệu quả .",2,0
cần giảng dạy theo slide tiếng việt hoặc giảng viên cần chú trọng dịch và giải thích hơn vì sinh viên cũng không giỏi tiếng anh nên khó tiếp thu .,0,0
"giá tiền tín chỉ thực hành theo hình thức 2 cao hơn , số buổi học ít hơn .",0,1
có các phương pháp dạy tốt .,2,0
"giảng viên tận tâm , giảng dạy hiệu quả , có trao đổi và thảo luận trên moodle .",2,0
bổ sung thêm các trang thiết bị để đáp ứng nhu cầu môn học và cải thiện phòng lab rộng rãi hơn .,0,2
cần hỗ trọ nhiều máy thực hành hơn cho môn mạch số .,0,2
"rất tán thành việc giảng viên liên hệ với doanh nghiệp để sinh viên đến tìm hiểu , thực tập về nội dung môn học cũng như có thêm nhiều kinh nghiệm bổ ích .",2,0
"phòng máy chất lượng kém , rất chậm , liên tục mất điện trong quá trình thực hành .",0,2
"giảng kỹ , hay .",2,0
cô dạy tâm huyết và nhiệt tình .,2,0
"thầy chỉ dạy rất tận tình , hiền .",2,0
thêm nhiều bài tập về nhà .,0,1
"nếu có , em nghĩ mục tiêu môn học cần xác định rõ với sinh viên trước khi bắt đầu , em cảm ơn ạ !",0,1
phòng học thiếu quạt .,0,2
giáo viên dạy lớp wzjwz315 không phải là cô wzjwz316 .,0,0
"thầy nên dạy nhiều hơn , nên dạy kỹ lý thuyết hơn .",2,0
"rất thích học thầy vì thầy dạy dễ hiểu , thẳng thắn , quyết đoán và dạy những thứ thực tế .",2,0
"cô wzjwz92 rất tận tâm , nhiệt tình hướng dẫn khi sinh viên có thắc mắc , cô sẵn sàng ngồi lại sau giờ học để giải đáp tất cả thắc mắc của các bạn , dù có thể mất 1h .",2,0
em không có bất kỳ điều gì hài hòng .,0,3
quan tâm đến sinh viên .,2,0
thầy dạy hay slide chuẩn bị tốt .,2,0
"nên nêu rõ mục đích , yêu cầu của môn học khi bắt đầu dạy , để sinh viên nắm được mục đích yêu cầu môn học .",0,1
"tận tình với sinh viên , dễ hiểu bài .",2,0
"giảng viên chưa có khả năng truyền đạt , kinh nghiệm đứng lớp chưa có !",0,0
sử dụng slide nguyên bản tiếng anh .,0,0
thầy giảng rất kỹ từng bài tập .,2,0
thầy hay chảy mồ hôi nhìn có cảm giác nóng nực dễ sợ luôn .,0,0
"cô rất tận tình , quan tâm đến sinh viên .",2,0
giảng viên phải đảm bảo giờ lên lớp .,0,0
giảng viên vui vẻ hòa đồng .,2,0
"cách dạy của thầy như cưỡi ngựa xem hoa , 15 phút giảng xong một bài .",0,0
thầy dạy khó hiểu .,0,0
"có thể vận dụng được các kiến thức đã học để thiết kế , chế tạo , tính toán .",2,1
cô rất hòa đồng và nhiệt huyết với học sinh .,2,0
thầy không thông báo rõ cho sinh viên về nội dung làm chiếm bao nhiêu .,0,0
giảng bài tập nhiệt tình .,2,0
giáo viên bám sát kiến thức .,2,0
"thầy dạy hay và bài tập hay nâng cao kỹ năng lập trình cho sinh viên , bổ sung kiến thức cần thiết .",2,0
"nhiệt tình , truyền đạt tốt , hướng dẫn tận tình .",2,0
"giọng điệu khi nói hơi nhanh khó nghe , khả năng truyền đạt chưa tốt .",0,0
nhiệt huyết .,2,0
bài tập thực hành thường đi trước nội dung lý thuyết được học .,0,1
tuy nhiên môn học được giảng bằng tiếng anh nên em cũng không nắm được hết nội dung thầy giảng .,0,1
cảm ơn thầy đã sửa lỗi khi cài vmware giúp em colonsmallsmile .,1,3
"tận tâm , dễ hiểu , nhiệt tình .",2,0
cũng hài lòng .,1,3
cách làm bài của thầy dễ hiểu rõ ràng .,2,0
"thầy dạy rất nhiệt tình , thầy kiêm luôn giáo viên thực hành .",2,0
"dạy buồn ngủ , khó hiểu .",0,0
thầy dạy rất vui và hiệu quả !,2,0
"phương pháp dạy hay , tân tâm , nhiệt tình .",2,0
"thầy nhiệt tình và dễ thương , giúp em tìm tòi và hiểu những cái không có trong sách , nhờ thầy ôn tập mà em đã có đủ kiến thức để làm bài thi và có kiến thức căn bản sau này .",2,0
"thầy dạy nhiệt tình , nhiều bài tập , dễ hiểu .",2,0
"cô giảng rất tuyệt , cô rất nhiệt tình hướng dẫn tất cả các bạn trong lớp , vui tính .",2,0
cho những bài tập bổ ích giúp sinh viên nắm rõ được kiến thức của môn học .,2,0
quan tâm giúp đỡ và luôn nhiệt tình khi học sinh hỏi bài .,2,0
dạy khá chuyên cần .,2,0
cô giao bài tập nhiệt tình .,2,0
"giáo viên dạy rất hay , tạo niềm vui cho sinh viên .",2,0
"thầy vui tính , dạy dễ hiểu .",2,0
"chất giọng của cô đều đều dễ gây buồn ngủ , slide bài giảng chưa logic .",0,0
cần thông báo rõ hình thức đánh giá môn học một cách thống nhất .,0,1
"khuyên răn sinh viên , đặt vấn đề tốt cho một giải pháp .",2,0
cách truyền đạt của giảng viên chưa tốt .,0,0
giáo viên tận tình chỉ bảo .,2,0
giờ giấc không đảm bảo .,0,0
đôi chỗ vẫn khó hiểu .,0,3
giảng dạy đúng giờ và nhiệt tình .,2,0
"giảng viên nhiệt tình , tận tâm , bài giảng thu hút , dễ hiểu .",2,0
hiện nay trong phòng lab số lượng kit học bị hư hỏng nhiều .,0,2
"giảng dạy hiệu quả , tích cực trong tiết học .",2,0
"dạy hay , nhiệt tình .",2,0
giảng viên có tâm huyết .,2,0
"giảng viên tận tâm , nhiệt tình hỗ trợ sinh viên học tập , làm đồ án .",2,0
nhiều khi không hiểu thầy đang nói cái gì colondoublesurprise .,0,0
trang bị thêm nhiều thiết bị mạng hơn nữa để thực hành !,0,2
quá theo sách .,0,1
cô dạy dễ hiểu và vui quá trời .,2,0
trong quá trình giảng dạy giảng viên luôn nhiệt tình với sinh viên .,2,0
"giảng viên thường cho nghỉ không lý do , cả lớp lên ngồi đợi rất lâu rồi có người lên thay giáo viên báo nghỉ hoặc thường xuyên đi trễ trên 30 phút với lý do "" kẹt xe "" .",0,0
số lượng bài tập chưa nhiều .,0,1
truyền đạt bài dễ tiếp thu .,2,0
dạy hay dot giúp học sinh tiếp thu .,2,0
"thưa , những tài liệu thầy đưa ra đủ để em có thể tự hoàn thành đồ án riêng mình .",0,0
buổi nào cũng đều dài quá mức cần thiết gây mệt mỏi .,0,1
giáo viên dạy nhiệt tình và hài hước .,2,0
khi cô dạy luôn cuốn hút sinh viên .,2,0
"giảng viên cho nhiều ví dụ , bài tập minh họa cho sinh viên .",2,0
"cách trình bày bài giảng của thầy rất hay , dễ hiểu và dễ tiếp thu đối với sinh viên .",2,0
khả năng truyền đạt chưa ổn .,0,0
thầy dạy rất nhiệt tình và tận tâm .,2,0
giáo viên lên lớp đúng giờ và phát âm khá chuẩn .,2,0
vui vẻ hòa đồng .,2,0
"thời gian thực hành tập trung chưa phù hợp , bị trùng với các giờ với các môn học khác .",0,1
nội dung kiến thức được đảm bảo .,2,1
"dụng cụ học tập còn thiếu , không đảm bảo cho sinh viên tập luyện .",0,0
"sửa lại một số máy bị hư chuột , chuột rất khó di chuyển , gây khó khăn cho việc thực hành .",0,2
đề khó colonbigsmile .,0,1
về chuyên môn thì khỏi chê vào đâu cả .,2,0
thầy dạy còn chưa rõ .,0,0
cô nhiệt tình giảng dạy .,2,0
mong thầy dạy đúng số tiết mà môn đó quy định .,0,0
thầy nhiệt tâm và rất cởi mở .,2,0
thầy không cho lớp ôn tập nội dung thi ở kỳ kiểm tra giữa kỳ và cả thi cuối kỳ .,0,0
tài liệu giảng dạy cần bổ sung .,0,1
tuy nhiên truyền đạt hơi khó hiểu cho sinh viên .,0,0
hình thức thực hiện chưa chuyên nghiệp và máy móc .,0,1
cần cho bài tập sau mỗi ngày học .,0,1
có nhiều cái mới khi học môn của thầy .,1,0
visual studio của các máy trong phòng máy đã hết hạn .,0,2
cô giảng với giọng quá nhỏ chả nghe gì cả .,0,0
cung cấp tài liệu tham khảo tốt .,2,0
không hợp với cách giảng dạy .,0,3
cần tìm ra những phương pháp giảng dạy tốt hơn để sinh viên chúng em hiểu bài và nhớ lâu hơn .,0,0
"giảng viên nhiệt tình hướng dẫn học , giải các bài tập khó .",2,0
"không khí lớp thoải mái , tạo động lực phát biểu , góp ý kiển .",2,0
khá tốt .,2,3
"giáo viên giảng nhanh quá , em chép bài không kịp và không kịp hiểu .",0,0
"thầy rất dễ thương , vui vẻ .",2,0
máy chiếu phòng học rất rất rất tệ !,0,2
"thầy không đảm bảo lên lớp đúng giờ , có bữa nghỉ mà cũng không báo trước cho sinh viên hay thông báo nghỉ .",0,0
em rất thích cách dạy và tận tình giúp đỡ từng sinh viên của thầy .,2,0
"thầy có phương pháp chấm bài hay , tuy khó nhưng rất bổ ích cho sinh viên .",2,0
mặc dù thầy rất nhiệt tình nhưng lượng kiến thức thầy truyền đạt chúng em không tiếp thu được một cách hiệu quả .,0,0
chưa hài lòng .,0,3
thầy tận tâm vì sinh viên .,2,0
"thầy dạy kỹ , tận tâm với sinh viên , thường xuyên trao đổi với sinh viên ngoài giờ .",2,0
điều này gây lên sự chênh lệch rõ rệt về trình độ anh văn trong lớp .,0,1
cô dạy còn hơi nhanh hơi thuần lý thuyết .,0,0
"cho nhiều bài tập nhưng không giải , sinh viên chỉ biết làm mà không biết mình làm đúng hay không .",0,0
"giờ lên lớp thời gian đầu là dành cho seminar , 30 - 45 phút còn lại sau khi seminar giảng viên lại cho làm bài tập thực hành , sinh viên tự làm , giảng viên không hướng dẫn gì thêm và làm việc riêng .",0,0
nếu được thì em nghĩ thầy nên có bài sửa sau mỗi ngày deadline thực hành vì môn mạng máy tính rất khó nắm bắt .,0,0
cô truyền đạt bài giảng rất tốt .,2,0
"cô dạy rất hay , cho bài tập ứng dụng nhiều vào thực tiễn .",2,0
"giảng dễ hiểu và vui tính , thân thiện .",2,0
nội dung truyền đạt của thầy không chỉ về kiến thức mà còn về cách sống .,2,1
giảng viên thường xuyên nghỉ không báo trước .,0,0
"giảng viên có tâm huyết , khả năng truyền đạt đến học sinh cao .",2,0
"thầy dạy dễ hiểu , rất nhiệt tình trả lời giải đáp của sinh viên .",2,0
giảng viên tích cực giải đề các năm .,2,0
"trong khi cô giảng bài thì lớp còn ồn nên khó để tập trung nghe giảng , mong cô dùng micro để giảng bài và nói to hơn ạ .",0,0
"giáo viên tận tâm , giải đáp những thắc mắc của học sinh , cực kỳ linh động .",2,0
ngôn từ trong phương pháp giảng dạy gần gũi với sinh viên .,2,0
lan man và hơi khó hiểu .,0,0
thầy rất nhiệt tình và dạy dễ hiểu .,2,0
may mắn cho các sinh viên sau này không còn làm việc với giảng viên này .,0,0
"cô wzjwz226 rất tâm huyết với sinh viên , tận tâm , giảng bài có hiệu quả .",2,0
"cô rất dễ thương , dạy dễ hiểu .",2,0
phòng thực hành về mạng cần có nhiều trang thiết bị về mạng hơn để sinh viên có thể thực hành trên máy móc chứ không phải học thông qua các phần mềm .,0,2
cần cho sinh viên làm hoạt động nhóm nhiều hơn và mở rộng nâng cao kiến thức cho sinh viên nhiều hơn nữa .,0,1
"thầy nhiệt tình , tận tụy , vui vẻ .",2,0
"thầy rất nghiêm khắc , là một người thầy rất giỏi .",2,0
"do học chung với các anh chị khoá 2011 , một phần nhỏ là khoá 2012 , các anh chị quá ồn ào , ồn ào không chịu nổi mặc dù đã nhắc nhở nhiều lần .",0,1
"lý do doubledot vào 2 tuần cuối kỳ , sinh viên phải làm đồ án rất nhiều môn , phải ôn thi .",0,3
"thầy giảng rất nhiệt tình , cặn kẽ .",2,0
giảng viên chưa truyền đạt tốt cho sinh viên và thái độ ban đầu chưa tốt .,0,0
"cô dạy nhiệt tình , kiến thức sâu và rộng , liên hệ thực tiễn cụ thể .",2,0
thầy cung cấp những thông tin rất mới và rất có ích cho sinh viên cả về học tập và làm việc sau này !,2,0
em không có ý kiến gì cả .,1,3
"giảng dạy tốt , nhiệt huyết với sinh viên .",2,0
thầy cho nhiều bài tập .,1,0
cô rất tận tình !,2,0
cảm thấy rất may mắn khi được học thầy .,2,3
thầy giảng dạy nhiệt tình và vui tính .,2,0
"giảng viên quá nhiệt tình , hiểu sinh viên , thương sinh viên .",2,0
"thầy vui tính , dạy dễ hiểu và tận tình .",2,0
"giảng viên nghỉ dạy nhiều buổi , kiến thức truyền đạt cho sinh viên không nhiều .",0,0
có đảm bảo chương trình dạy .,2,1
nâng cao cơ sở vật chất giảng dạy .,0,2
giảng viên nên có kỹ năng sư phạm tốt hơn .,0,0
"cô rất tận tâm , nhiệt huyết , thân thiện , tạo không gian học rất thoải mái .",2,0
"thiếu thông tin , tài liệu về môn học .",0,1
chưa ôn tập được nhiều kiến thức cơ bản của anh văn 1 .,0,0
học sinh yêu cầu giảng lại không giảng lại và bảo về tự xem lại .,0,0
thầy dạy tận tâm .,2,0
"cần giảng viên nói to rõ , làm cho tiết học thêm sôi động , hấp dẫn .",0,0
"cô rất tuyệt , giảng lý thuyết và bài tập siêu kỹ , giải đáp thắc mắc của sinh viên cực nhanh vì chi tiết .",2,0
"cô dạy vui vẻ nhiệt tình , giúp em có hứng học môn anh văn hơn .",2,0
cô rất vui tính .,2,0
"số lượng bài tập tại lớp mỗi buổi khá nhiều , em mong thầy có thể giảm bớt 2 - 3 bài .",0,0
giáo viên giảng dạy kỹ từng phần .,2,0
"cô cũng khuyến khích seminar để tăng khả năng sinh bày của sinh viên , trong quá trình trình bày hoặc xây dựng nội dung trình bày cô luôn tận tình giúp đỡ nếu có khó khăn từ phía sinh viên đó .",2,0
đưa sinh viên đi tham quan thực tế về các doanh nghiệp .,2,1
giao tiếp nhiều hơn .,0,0
"khiến cho chúng em vừa đói lại vừa mệt , kiến thức thầy nói thật đáng để chúng em ghi nhận nhưng đói và mệt thì làm sao chúng em tiếp thu và thực hiện nổi .",0,0
giải thích được rõ vấn đề .,2,0
không có ý kiến gì !,1,3
"thời lượng học lý thuyết của môn học ngắn , dễ bị ảnh hưởng khi giảng viên đến trễ hay tham gia các buổi họp .",0,1
"giảng viên rất tôn trọng sinh viên , hướng dẫn tận tình cho sinh viên cách học và ôn tập cuối kỳ , ngoài ra còn hướng dẫn chi tiết cho sinh viên về đồ án tốt nghiệp .",2,0
"không có sách dạy chi tiết về môn học nên học rất khó hiểu , cần có tài liều hướng dẫn cụ thể chi tiết , mong nhà trường viết thêm sách cho sinh viên .",0,1
"nghỉ học nhiều , vào lớp trễ .",0,0
hi vọng thầy có thể cải thiện kỹ năng truyền đạt hơn .,0,0
sinh viên cần đi học chăm nghe thầy giảng và làm bài tập thầy cho .,2,0
thầy chỉ dạy nhiệt tình những chỗ sinh viên chưa nắm rõ .,2,0
ra bài tập vừa phải thôi và phải chữa bài .,0,1
"dậy nhiệt tình , dễ tính .",2,0
thầy có thể giới thiệu cho bọn em những cuốn sách có nội dung đầy đủ và phù hợp với nội dung của chương trình nhà trường đề ra .,0,0
giảng viên khả năng truyền đạt tốt .,2,0
"giáo viên giảng dạy nhiệt tình , tạo được hứng thú cho sinh viên .",2,0
giảng viên không đưa các bài giảng lên hệ thống courses .,0,0
thầy dạy hơi gây buồn ngủ .,0,0
"thiếu trang bị , dụng cụ thực hành cần thiết , không đáp ứng đủ thời gian giảng dạy do vắng tiết .",0,2
"cô tận tình , nhiệt tình trong công việc .",2,0
thực hành không liên quan gì đến lý thuyết .,0,1
giảng viên nói quá nhanh .,0,0
đề nghị giảng viên sử dụng hiệu quả hơn kênh moodle để nâng cao chất lượng giảng dạy .,0,0
khả năng truyền đạt của giảng viên chưa được tốt .,0,0
thầy rất dễ chịu .,2,0
"thầy nên vui vẻ giải đáp thắc mắc khi học sinh hỏi , bớt càu nhàu .",0,0
"cung cấp cho sinh viên biết được mục đích và công dụng thực tiễn của môn học vào thực tế nghề nghiệp , thêm các ví dụ liên quan tới cách áp dụng môn học vào nghề nghiệp tương lai chứ không dừng ở việc lấy ví dụ cho bài giảng .",2,1
tuy nhiên ai hỏi thì cô trả lời nhiệt tình .,2,0
"giải chi tiết các bài tập , tiếp thu bài rất nhanh trong giờ giảng của thầy .",2,0
cố gắng tạo mọi điều kiện để sinh viên hoạt động nâng cao kỹ năng .,2,0
"cô dạy hơi khó hiểu , phức tạp hóa vấn đề .",0,0
"cần đưa ra nhìu ví dụ , bài tập cộng bài giảng đi theo .",0,0
thầy dạy tận tình .,2,0
"câu văn trong bài giảng khó hiểu , không diễn đạt rõ ràng ý nghĩa .",0,1
"bản thân thầy dạy thực hành mà 3 tuần học liền tương đương 1dot5 tháng mà thầy vẫn không làm được yêu cầu cơ bản của môn học , đó là kết nối oracle trên 2 máy .",0,0
"thầy giảng hơi khó hiểu , thầy cần chủ động mở nhiều cuộc tranh luận với sinh viên .",0,0
giảng hơi nhanh .,0,0
"giáo viên tận tâm , công minh .",2,0
"những đề bài tập của thầy rất hay , rất ấn tượng !",2,1
làm thầy thì có tâm chút đi ạ .,0,0
"có những ví dụ sinh động , dễ hiểu .",2,3
giảng viên có nhiều kinh nghiệm chuyên môn .,2,0
người thậy nhiệt huyết dù học sinh không đi học đầy đủ .,2,0
cô không cung cấp đáp án bài tập trên moodle .,0,0
"cách giảng đôi lúc ( vài buổi ) còn gây buồn ngủ , chưa thu hút ( có thể là do bài giảng nhiều lý thuyết mới ) .",0,0
giảng viên có chuyên môn cao .,2,0
"giảng viên đảm bảo thời gian lên lớp tốt , chấm điểm công bằng .",2,0
"đây là một thực hành và là một môn khó , có số tín chỉ bằng 2 lý thuyết nên giảng viên cần giảng một cách khái quát về bài học trước để sinh viên về nhà có thể tự thực hành , chứ chiếu đề lên và bắt sinh viên làm thì bị trống kiến thức .",0,0
giảng và giải bài quá nhanh .,0,0
giảng dạy tận tình .,2,0
slide chưa đẹp lắm .,0,1
"chưa có nhiều trao đổi , tương tác với sinh viên trên các diễn đàn .",0,0
"các bài tập , ví dụ cần đi liền với thực tiễn công việc sau này chứ không phải là các ví dụ như doubledot viết chương trình số phức , số thực , vẽ tam giác .",0,1
"thiếu các thiết bị chạy hệ điều hành windows phone , ios , android cho sinh viên thực hành .",0,2
"phương pháp giảng dạy tiên tiến , giờ học vui .",2,0
cô sửa bài theo nhiều cách .,2,0
nhiều khi thầy nghỉ không báo trước colonsad .,0,0
thay vì ngồi chờ chấm điểm như đi thi thực hành .,1,1
thầy giảng bài tập chưa hay .,0,0
chuẩn bị bài giảng kỹ càng .,2,0
em phải nói thật thầy dạy hơi buồn ngủ .,0,0
"giảng viên giảng dạy một cách rất khó hiểu , khó tiếp thu và rất dễ ngủ .",0,0
chương trình dạy không đem nhiều lợi ích .,0,0
"cô giảng dạy dễ hiểu , nhiệt tình , luôn trả lời nhiệt tình câu hỏi của sinh viên đặt ra .",2,0
điểm danh học sinh đi học .,1,0
giảng viên có nhiều kinh nghiệm .,2,0
nhiệt tình vui vẻ nói chung ra rất tốt .,2,0
giảng viên nhiệt tình ( và xinh ) .,2,0
hơi cứng nhắc trong vấn đề này .,0,3
cô giáo dạy tiếng anh nói tiếng anh rất nhỏ và khó nghe nếu nói bằng micro hơn nữa cách dạy của cô khiến cho sinh viên không thể nào không buồn ngủ vì nó rất rất nhàm chán .,0,0
thầy nhiệt tình trong giảng dạy .,2,0
có ứng dụng thực tiễn thích hợp !,2,3
giảng viên dạy rất nhiệt tình và rất có tâm .,2,0
thầy dạy hơi nhanh một chút .,0,0
hầu hết là để sinh viên tự làm cũng như giao hoàn toàn cho lớp trưởng .,0,0
giảng viên dạy hơi buồn ngủ .,0,0
"tận tâm , có kế hoạch .",2,0
tệ .,0,3
"dạy nhiệt tình , nhiệt huyết , thân thiện với sinh viên .",2,0
"nhiệt tình , kiến thức rộng , truyền cảm hứng .",2,0
"giảng viên nhiệt tình , giảng thêm kiến thức bên ngoài , cũng như bài tập thêm cho sinh viên mở rộng .",2,0
"thầy dạy vui tính , tận tâm với sinh viên .",2,0
nên giảng cho học sinh kỹ hơn nữa .,0,0
bài tập nên mang tính bắt buộc và cho điểm cộng thì sẽ tạo được động lực cũng như hứng thú cho sinh viên hơn .,0,1
cô cho bài nhiều .,0,0
kiểm tra bài cũ .,0,0
khả năng truyền đạt của giảng viên chưa hiệu quả và có phần khó hiểu .,0,0
"kiến thức giảng viên chưa sâu , chưa dạy đúng trọng tâm , có những phần rất cơ bản nhưng giảng viên chưa nắm vững .",0,0
phần mềm phục vụ cho phần thực hành không được cài đặt đầy đủ trên tất cả các máy tính .,0,1
"giảng viên tích cực hỗ trợ sinh viên , truyền đạt hiệu quả .",2,0
cơ sở vật chất chưa tốt để nghe tiếng anh .,0,0
giảng viên dạy hơi nhanh .,0,0
lớp học của cô wzjwz25 có đặc điểm là trình độ tiếng anh quá chênh lệch giữa cách sinh viên trong cùng một lớp .,0,1
phương pháp dạy không phù hợp .,0,0
hoạt động nhóm quá nhiều dẫn đến mất thời gian .,0,0
thầy nên cung cấp đầy đủ slide để sinh viên có thể học tập dễ dàng hơn .,0,0
thầy giáo lên lớp đúng giờ .,2,0
môn học cần đưa nhiều hơn bài tập để sinh viên có thể nắm bắt các cách xử lý cũng như các cách thực hiện cho một bài giảng .,0,1
không cho sinh viên nhiều kiến thức .,0,0
"giảng viên sử dụng thời gian lên lớp không hiểu quả dẫn đến việc dạy lố giờ , dạy bù quá nhiều .",0,0
giảng viên không giảng mà chỉ đưa slide cho sinh viên tự đọc .,0,0
máy chiếu trong phòng học quá mờ khiến sinh viên không nhìn rõ nội dung khi trình chiếu !,0,2
"dạy hời hợt không tập trung , nhiều vấn đề về kiến thức của sinh viên không giải quyết hoặc chưa đưa ra được cách giải quyết hay .",0,0
"thầy dạy dễ hiểu , gần gũi với sinh viên .",2,0
"không quen với giọng của thầy , có thể vì chưa quen nhanh được , nên đôi lúc hơi khó hiểu .",0,3
rất quan tâm .,2,0
"tụi bạn em nó nói hỏi bài thầy thì mặt thầy có gì đó nghiêm trọng nhưng đối với em có bao giờ chuyện đó xảy ra , thầy nói chuyện rất là thật cái nào thầy chưa biết là thầy nói chưa biết ngay , thầy dạy xuất sắc 1 giáo viên trẻ quá tuyệt vời .",2,0
thường xuyên gửi bài lên mạng .,2,0
giảng bài cần chi tiết và rõ ràng hơn .,0,0
cải thiện chất lượng các phòng máy và kết nối mạng .,0,2
giảng viên chưa đảm bảo được ngày giờ học dẫn tới lớp học chậm và lệch so với giảng viên thực hành .,0,0
"môn này em học cải thiện nhưng mà nhà trường hủy môn em xong đăng tự ý đổi lớp lại , em không biết em không đi học nên chắc chắn em rớt .",0,3
giảng viên truyền đạt được ý hiểu đến sinh viên .,2,0
"thầy có hệ thống lại kiến thức rõ ràng , giúp sinh viên tiếp thu tốt hơn .",2,0
có bám sát chương trình dạy .,1,1
đào tạo thêm về cơ chế giảng dạy .,0,1
thầy giảng dạy đầy đủ không bỏ sót kiến thức .,2,0
tôi rất hài lòng .,2,3
thầy wzjwz245 nói nhỏ .,0,0
mong nhà trường nâng cấp thêm cho phòng máy thực hành .,0,2
và quá gấp gáp .,0,3
"thầy nhiệt tình , giúp đỡ sinh viên hiệu quả .",2,0
chưa đảm bảo giờ lên lớp .,0,0
kiến thức .,1,1
"nhiệt tình , tạo cách chủ động cho học sinh tiếp cận với môn học .",2,0
"mình cũng ít đi học , nên chả biết lắm , đi được nửa kỳ , thấy dạy chán quá nên thôi .",0,0
"cho học sinh thuyết trình , chủ động .",2,0
"phần pl fraction sql , quản lý , phân quyền .",1,1
chưa nói đến sinh viên tự tra .,0,3
giảng viên cần trau dồi thêm khả năng truyền đạt bài giảng .,0,0
giảng rất nhiệt tình .,2,0
"cô giảng dễ hiểu , đủ nội dung bài học .",2,0
theo em nghĩ là quá nhiều cho 2 tín chỉ .,0,3
luôn cập nhật kiến thức mới .,2,0
thầy giảng hơi khó hiểu .,0,0
thân thiện vui tính .,2,0
"lên lớp đầy đủ , dạy nhiều cái mới .",2,0
"thầy vui tính , nhiệt tình , hay cười .",2,0
cô lên lớp đúng giờ .,2,0
"ứng dụng thực tế vào giảng dạy nhiều , tạo cho sinh viên hình dung việc học tập sẽ làm được gì khi ra trường .",2,1
cách dạy của giáo viên hiệu quả .,2,0
"giảng viên dạy toàn diện các kỹ năng trong tiếng anh , cách dạy linh hoạt , sôi nổi .",2,0
"vui vẻ hòa đồng , tận tâm giảng dạy .",2,0
"có nhiều hoạt động đan xen trong giờ học trên lớp , giúp sinh viên có tinh thần tự giác học tập .",2,1
giáo viên giảng bài làm cho sinh viên hứng thú và dễ tiếp thu .,2,0
"đi học xa quá ạ , mong trường có kế hoạch nào đó cho sinh viên học thể dục bên nhân văn đi bộ cho gần ạ !",0,1
thầy phân tích sâu sắc các vấn đề .,2,0
"giảng viên nên tận tình hơn , giúp sinh viên có cách học tốt hơn .",0,0
rất không hài lòng với năng lực của mình không thể được phát huy .,0,0
ít cho nghe .,0,1
có nhiều bài tập .,1,0
cho nhiều bài tập để rèn luyện .,2,0
thầy nhiệt huyết tận tâm .,2,0
thầy giảng bài .,1,0
điều em hài lòng nhất đó là giảng viên giảng bài rất dễ hiểu và lưu ý được những lỗi thường xảy ra khi làm bài tập .,2,0
nhiều nhóm chưa chuẩn bị kỹ về vấn đề tìm hiểu .,0,1
"thầy dạy rất vui , kiến thức dầy đủ .",2,0
hình thức tạo nhóm không hiệu quả .,0,0
"lý do doubledot "" thầy quên "" .",0,0
khá khó hiểu .,0,3
truyền đạt .,1,0
"thiết kế bài giảng lại , dễ hiểu và cuốn hút hơn .",0,1
"thầy rất nhiệt tình trong việc giảng dạy trên lớp , luôn đến lớp đúng giờ và tận tâm đến từng học sinh để trao đổi về bài tập cũng như thường xuyên cho bài tập rèn luyện thêm .",2,0
cần bám sát đề thi hơn .,0,1
cần cho nhiều dạng bài tập hơn .,0,0
"thầy dạy rất hay và dễ hiểu , hầu như mọi thắc mắc đều không cần hỏi thầy vẫn trả lời .",2,0
"đặc biệt cần thông tin cụ thể về những dụng cụ nào nhà trường phải có trách nhiệm cấp cho sinh viên và giảng viên , ví dụ như có trường hợp bút lông viết bảng xài qua vài học kỳ đã khô hết mực , bút mờ không viết được nhưng giảng viên và sinh viên không biết đến đâu để đổi hay thay bút mới nên dẫn đến có giảng viên đành nói chay , không ghi chép được gì , hoặc phải tự đi mua bút viết bảng mới để viết .",0,2
ôm đồm quá nhiều kỳ vọng .,0,3
cần làm nhiều bài tập hơn là lý thuyết khô cứng khó hiểu dẫn đến nhiều sinh viên hoang mang khi gặp bài tập trong đề thi .,0,1
"dạy hay , đầy đủ .",2,0
cô rất nhiệt tình vui tính !,2,0
"nhiệt tình với sinh viên , bài giảng tốt .",2,0
"cô giảng dạy nhiệt tình , giải đáp thắc mắc cho sinh viên nhanh chóng , kiên nhẫn giải thích cho sinh viên .",2,0
"giảng viên gây hứng thú cho sinh viên với bài giảng của mình , vui vẻ , thân thiện với sinh viên .",2,0
nên có những bài tập nhỏ bám sát với lý thuyết .,0,1
thầy dạy còn hơi buồn ngủ colonsmile .,0,0
"sau đó sinh viên phải đi học bù , gây ra tình trạng trùng giờ cho nhiều sinh viên , mong cô sớm khắc phục .",0,0
"thầy dạy rất tốt , em cho 10 điểm .",2,0
"cô giảng hay , có ví dụ dễ hiểu , có làm mẫu bài tập , nhiệt tình .",2,0
"tài liệu nên cấp một lần trong đầu môn học , tránh trường hợp học rồi mới đưa tài liệu gây khó khăn cho sinh viên .",0,1
nâng cấp hệ thống mạng và máy tính .,0,2
thầy dậy rất nhiệt tình !,2,0
khi gặp vấn đề sinh viên biết được cách sử dụng các phương thức hàm nào .,2,0
không biết cô wzjwz327 là ai ?,1,3
"thầy dạy dễ hiểu , sát với thực tế , gần gũi với sinh viên .",2,0
đươc biết nhiều cái mới lạ .,2,3
tuyệt !,2,3
sau mỗi giờ học cũng có bài tập làm sinh viên rất nản .,0,1
"sau những buổi nghỉ tết hay nghỉ lễ , thầy nên thông báo buổi học trên web môn học để sinh viên có thể đi học đúng buổi .",0,0
"thầy dạy hay , giảng bài dễ hiểu .",2,0
"dạy chậm về kiến thức , chưa hoàn tất chuyển c sang cplusplus .",2,0
"em nghĩ cần có feedback từ phía thầy , hoặc có sự so sánh giữa các bạn trong lớp với nhau .",0,0
thường xuyên nhắc lại nội dung buổi trước khi bắt đầu buổi học .,2,0
"luôn trả lời những thắc mắc của sinh viên , dạy tận tình .",2,0
có nhiều ý tưởng cho tiết học thêm sinh động .,2,1
không đồng bộ kiến thức với giáo viên lý thuyết .,0,1
nội dung kiểm tra cần bao phủ hết nội dung môn học .,0,1
"giảng viên nên kiểm tra sức học của từng bạn sinh viên riêng biệt thay vì kiếm điểm quá trình lấy từ hoạt động của nhóm vì nhóm chỉ có một vài bạn hoạt động còn các bạn còn lại đa số là ăn theo , có bạn ít thậm chí là không hoạt động và nhiều lần kéo điểm của nhóm xuống do các bạn hoat động năng nổ kiếm được .",0,0
"giảng viên không đảm bảo thời gian lên lớp , nghỉ dạy không thông báo trước và thường đến trễ .",0,0
thầy hay nghỉ dạy mà không có thông báo trước nhiều lần .,0,0
bám sát thực tiễn .,2,1
thầy nên cho nhiều bài tập về nhà .,0,0
giảng viên tập trung quá nhiều vào điện thoại trong giờ lên lớp .,0,0
"gần thi không dặn gì , hỏi tới mới trả lời .",0,0
"những bài tập , đồ án thầy đưa ra rất hay và giúp sinh viên rèn luyện kiến thức rất tốt .",2,0
"thầy rất nhiệt tình , giảng bài chi tiết , rất quan tâm đến sinh viên và nói rất nhẹ nhàng .",2,0
trên đây là ý kiến về các vấn đề em nhận ra sau khi học .,1,3
"hy vọng kỳ sau bộ môn anh văn cải tiến phương pháp dạy , và giáo trình , cho sinh viên nghe nói nhiều hơn , đôi khi bảo sinh viên dịch một đoạn để kiểm tra từ vựng , em thấy giáo viên cũng thương cho sinh viên thảo thuận cặp để nói , nhưng thật sự các bạn không biết nói gì , ngoài việc dịch tiếng việt ghép nghĩa tiếng anh !",0,1
nếu như thế thì giáo viên lý thuyết có thể đưa bài thực hành cho sinh viên làm mà không cần đến giảng viên thực hành .,0,0
"thời gian hiệu quả , giảng viên nhiệt tình .",2,0
sử dụng trang web trao đổi thảo luận trong lớp .,1,0
"nên cho thi cuối kỳ bằng hình thức code trên máy , code giấy rất chán và không có tính thực tế !",0,1
"thầy dạy hài hước , tận tâm trước các vấn đề về học tập cũng như việc làm của sinh viên .",2,0
có nhiều bài nói hay .,2,0
thầy dạy kỹ từng phần của bài học giúp em dễ hiểu bài nắm vững kiến thức .,2,0
"giảng viên tận tâm , nhiệt tình , vui tính .",2,0
thầy giảng dạy tận tình .,2,0
"phòng học nhỏ , không đủ máy , không kết nối mạng trong khi đây là phòng thực hành của khoa mạng máy tính .",0,2
hơi khó tính nhưng cái khó tính đó giúp ích cho em rất nhiều !,2,0
"cô dạy kỹ , quan tâm nhiều cho sinh viên .",2,0
"thầy wzjwz310 có cách dạy dành cho những người chủ động và đam mê trong học tập , những người ham học hỏi , tìm hiểu , đam mê ( còn những bạn không có tinh thần hỏi thì sẽ khó học tốt được ) .",2,0
"thầy giảng rất hay , dạy rất nhiệt tình .",2,0
"giảng viên tận tâm , nhiệt tình dạy học , giảng dễ hiểu , vui tính , hiền lành .",2,0
thầy wzjwz289 nên dạy thêm vài môn cho tụi em học .,2,0
phần thực hành môn này còn thiếu các thiết bị thực tế .,0,2
phương pháp giảng dạy .,1,1
"thầy tận tâm , nhiệt tình giảng dạy .",2,0
cung cấp đầy đủ kiến thức và sắp xếp tài liệu gọn gàng giúp cho sinh viên dễ dàng tìm kiếm .,2,0
"thầy dạy tốt , trọng tâm vào bài học .",2,0
"giảng viên tận tâm , nhiệt tình , giảng dạy rất chi tiết nội dung môn học , các ví dụ sinh động , sát thực tế .",2,0
giảng viên đảm bảo giờ lên lớp và giảng dạy .,2,0
"lớp học vui , giảng viên giảng dạy sáng tạo , dễ hiểu .",2,1
"giảng viên nói tiếng anh khá khó nghe , nói nhỏ .",2,0
"cô nên cho nhiều ví dụ hơn , giảng bài chậm hơn ạ !",0,0
cung cấp được nhiều kinh nghiệm hay trong việc học cũng như đi làm sau này .,2,0
không có đề cương cụ thể .,0,1
"thầy cho bài tập và giải chi tiết , giảng dễ hiểu .",2,0
"phòng máy , thiết bị mạng cần được đầu tư và vệ sinh , em thấy phòng máy quá bụi , cửa thì hở nên không mát , dẫn đến điều hòa mất tác dụng , lãng phí .",0,2
"giảng viên tận tâm , nhiệt tình , có nhiều bài tập hay .",2,0
nên để sinh viên được tự vận động áp dụng lý thuyết vào thực hành .,0,0
"cô không gây được hứng thú học cho sinh viên , đặc biệt là đối với môn khó thế này .",0,0
giảng khó hiểu .,0,0
"thầy tận tâm , nhiệt tình , giảng kỹ bài học .",2,0
có nhiều ví dụ minh họa dễ hiểu .,2,0
"dạy nhiệt tình , giỏi .",2,0
thầy dạy hơi khó hiểu .,0,0
"cải thiện thiết bị lớp học doubledot máy chiếu , ổ điện , quạt .",0,2
"vui vẻ , giảng dễ tiếp thu .",2,0
thầy wzjwz251 dạy rất nhiệt tình với sinh viên .,2,0
thầy wzjwz97 dạy quá dở .,0,0
cho học sinh tích cực thuyết trình bằng tiếng anh .,2,0
đem lại nhiều kiến thức qua môn học .,2,1
cô giảng dạy hay truyền đạt được kiến thức đến sinh viên .,2,0
"nhiệt tình , tận tâm , truyền đạt và các ví dụ dễ hiểu .",2,0
"nâng cấp cơ sở vật chất đặc biệt là loa , micro và mạng wifi .",0,2
chép hơi nhiều .,0,3
"đảm bảo giờ dạy trên lớp đầy đủ , đúng giờ , tận tình .",2,0
em nghĩ nên thực hành nói nhiều hơn .,0,1
tốc độ giảng dạy tương đối cao .,0,0
cho các bài tập lớn để sinh viên có thể làm việc nhóm .,0,0
máy tính khó sử dụng .,0,2
giáo viên tận tâm và nhiệt tình giúp đỡ học sinh trong quá trình học tập .,2,0
thầy chưa bao quát được hết lớp nghe giảng .,0,0
"giáo trình lỗi thời , quá hàn lâm , xa với thực tiễn .",0,1
"thầy rất bận , hay quên .",0,0
"sự nhiệt tình trả lời các câu hỏi của sinh viên , tài liệu được cung cấp đầy đủ rõ ràng .",2,0
chưa có nhiều kinh nghiệm trong giảng dạy .,0,0
không đánh giá đúng khả năng của học sinh .,0,0
dạy vui .,2,0
lớp chất lượng cao nhưng lại thiếu thiết bị .,0,2
"đồng ý là làm bài tập nhiều sẽ tăng khả năng hiểu bài , tăng khả năng giải quyết bài toán .",2,1
truyền đạt kinh nghiệm thực tế .,2,0
nắm vững ngữ pháp và nâng cao được kỹ năng viết .,2,3
nếu được phòng thí nghiệm có thể có thêm các thiết bị thật để chạy và phát triển ứng dụng windows phone để các bạn biết điểm khác nhau giữa chạy thiết bị giả lập và thiết bị thật .,0,2
"vui vẻ , tận tình , hoà đồng .",2,0
học được nhiều điều qua cách giảng dạy nhiệt tình của thầy .,2,0
"em rất hài lòng về thầy , thầy rất tận tình giúp đỡ sinh viên , mọi thắc mắc luôn được trả lời đầy đủ .",2,0
thầy dạy chi tiết .,2,0
chép bài trên lớp giúp nhớ bài .,2,1
giảng viên rất vui tính .,2,0
giảng viên có khả năng truyền đạt và phương pháp giảng dạy dễ hiểu .,2,0
giáo viên dạy nhiệt tình quan tâm tới học sinh .,2,0
thay vì kiểm tra trên wecode thì cho làm trên lớp thì hay hơn .,0,1
em chỉ muốn thầy cô dạy nói nhiều hơn để ứng dụng được nhiều hơn .,0,0
thầy cho nhiều bài tập về nhà và có hướng dẫn giải .,2,0
chưa dạy cách để áp dụng môn học vào thực tiễn .,0,0
áp dụng thực tiễn cao !,2,1
"những vấn đề cô nói thường nhanh , dài và khó hiểu .",0,0
"thầy tận tình , giảng dạy hay , có nhiều ví dụ thực tế cho sinh viên dễ hiểu .",2,0
giáo viên giảng bài sinh động dễ tiếp thu .,2,0
cách thức truyền đạt của giáo viên .,1,0
"nhiệt tình , chỉ bảo hết mình .",2,0
thầy rất nhiệt tình với lớp .,2,0
"giáo viên dạy tận tâm , dễ hiểu , vui vẻ !",2,0
thầy rất hiền .,2,0
"nội dung các bài thực hành cần thiết , được thầy thay đổi thích hợp với nội dung học .",2,0
"cách dạy projectbase của thầy khá hay , tuy nhiên sinh viên phải mò rất nhiều mới có thể đạt được như mong muốn .",2,0
"cho thêm bài tập về nhà , tốc độ giảng giải của thầy cần chậm hơn .",0,1
"môn học cần có nhiều bài tập hơn nữa , cần nhiều giáo trình hơn nữa .",0,1
sự tận tình của thầy .,2,0
"thầy dạy hay , tận tình , gần gũi với học sinh .",2,0
cho điểm rẻ .,0,1
rất thân thiện và nhiệt tình .,2,0
tài liệu học tập chưa được cập nhật đầy đủ .,0,1
theo dõi kỹ càng việc thực hành của sinh viên .,2,0
"giáo viên nhiệt tình , vui tính .",2,0
giảng viên rất tận tình trong việc giảng dạy .,2,0
đề nghị nhà trường sửa hoặc bổ sung mới để việc thực hành có hiệu quả .,0,1
"giảng bài với tốc độ nhanh quá , nhiều phần không theo kịp .",0,0
em không thể hình dung được gì từ slide của thầy .,0,0
làm nhóm chỉ nhóm trưởng và lớp trưởng phần công công việc .,1,1
giảng viên không hướng dẫn thực hành đầy đủ .,0,0
giảng viên có tương tác với giáo viên .,2,0
"có một sô bài tập lớn hay , giúp bọn em rất nhiều .",2,0
"giảng viên nhiệt tình , tận tâm .",2,0
nội dung bài học có phần sơ sài .,0,0
em muốn khi học môn này nên cho đồ án để áp dụng nhiều hơn vì em thấy môn này rất hay .,0,1
cảm ơn cô .,1,0
"cập nhật , cập nhật !",1,3
cần giảng viên lên lớp thường xuyên hơn .,0,0
giảng viên nên dạy lại một vài kiến thức trước khi cho thực hành .,0,0
"giảng nhanh , nói nhanh mà không biết rằng sinh viên chưa kịp hiểu được đến vấn đề đó .",0,0
thầy dạy rất nhiệt tình giúp sinh viên .,2,0
"dạy từ cơ bản , theo logic , đến nâng cao .",2,0
giờ học trên lớp chưa thực sự hiệu quả .,0,0
nên giảm bớt số tiết trong một buổi .,0,1
"giảng viên tạo hoạt động cho lớp tốt , nhiệt tình , tiết học thú vị .",2,0
khả năng truyền đạt dễ hiểu giúp sinh viên nắm vững kiến thức .,2,0
giảng viên nói tiếng anh khó nghe .,2,0
còn ít tài liệu tham khảo .,0,0
thầy ít giảng nội dung lý thuyết trên lớp .,0,0
đảm bảo đầy đủ giờ lên lớp truyền đạt đủ kiến thức theo đề cương .,2,0
"cách trình bày ( giọng nói khó nghe ) , diễn đạt kiến thức chưa được tốt .",0,0
"cần nhiều giờ thực hành hơn nữa vì chủ yếu được học lý thuyết , thời gian tiếp xúc thiết bị ít .",0,1
"cô nhiệt tình , dạy dễ hiểu .",2,0
thầy liên hệ thực tiễn nhiều gây hứng thú cho sinh viên .,2,0
nếu thỉnh thoảng thầy bù lịch học thì em không nói ạ .,1,0
cho điểm chấm bài tập không công bằng .,0,0
thầy cũng ít quan tâm đến ý kiến của học sinh .,0,0
"thầy dạy về lý thuyết thì hơi khó hiểu , khó tiếp thu cho lắm .",0,0
"giảng viên trình bày dễ hiểu , theo sát bài học .",2,0
"thầy dạy tận tâm , truyền đạt tốt .",2,0
phát âm tốt .,2,0
giáo viên rất tận tình và dễ thương .,2,0
"cần đi sát thực tiễn , kèm thực hành nhiều hơn lý thuyết để không bị nhàm chán .",0,1
giảng viên linh động cung cấp tài liệu cho sinh viên trong và ngoài hệ thống moodle .,2,0
"cô dạy dễ hiểu , nhiệt tình .",2,0
"cần có giáo trình cụ thể , riêng và phù hợp với nội dung học trong trường .",0,1
"tiết học thú vị , giảng viên dạy hay .",2,0
hình như thầy không dùng moodle .,0,0
thầy giảng đôi lúc khó hiểu .,0,0
cách giảng bài của thầy chưa thu hút được nhiều sinh viên .,0,0
"giảng viên truyền đạt chưa tốt , giảng viên chỉ nói về nội dung bài học mà không có hoạt động cho sinh viên ( như đặt câu hỏi thảo luận , làm bài tập ) .",0,0
"cuối kỳ 100% là bài tập , mà cơ bản thì mình không thấy thầy đứng lên trong lúc dạy lần nào , chỉ ngồi yên đó đọc slide thôi , slide tiếng anh , chỗ dịch tiếng việt , chỗ thì không dịch , cũng khó học , nên chỉ lên mạng học thôi .",0,1
"cần đặt mục tiêu rõ ràng nhất từ môn học và môn học cần được học ở sinh viên năm nhất , vì lúc vào sinh viên còn rất ngỡ ngàng với các khoa và các môn học sẽ học vì thế nên học trước để tạo tâm lý , cũng như sinh viên phải biết mình cần làm gì , tạo nên sự chủ động trong học tập và làm việc .",0,1
"cần cài các phần mềm học tập mới , chính xác ví dụ doubledot visual studio 2010 hoặc 2012 để sinh viên học tập tốt hơn .",0,2
thầy thường xuyên đi trễ trong các buổi học .,0,0
"thầy tận tâm , nhiệt tình , giúp đỡ sinh viên , sẵn sàng giải đáp thắc mắc của sinh viên .",2,0
cho bài tập khó ngay khi vừa giảng xong .,0,1
"giảng viên tận tâm , nhiệt tình với sinh viên , luôn lắng nghe , giải đáp tất cả các thắc mắc của sinh viên , luôn tạo được ngữ cảnh cho sinh viên thảo luận về bài học .",2,0
thắc mắc ngay tại lớp những cái mình không hiểu .,1,3
giáo viên rất thân thiện .,2,0
"ví dụ như mục quy hoạch động là mục em thích thú nhưng cô nói đây là mục khó , cô dạy chỉ những ví dụ cực kỳ cơ bản .",0,0
"nếu thầy đã không đảm bảo giờ lên lớp , thì khi ra bài thi và đề cương ôn tập nên chú ý đến việc rõ ràng , hướng dẫn rõ sinh viên biết mình phải học gì .",0,3
"giảng dễ hiểu , kỹ , có chút nghiêm khắc .",2,0
không hiệu quả và khó hiểu trong cách dạy .,0,0
chưa sử dụng hệ thống moodle .,0,0
"thầy cũng hay áp đặt suy nghĩ mình lên sinh viên , ý tưởng của sinh viên , tương lai của sinh viên , thầy không có quyền ép sinh viên phải nghĩ thế này thế kia , hay phải suy nghĩ theo ý thầy .",0,0
"thầy chấm đồ án quá gắt , nguy cơ rớt môn rất cao .",0,0
"tận tâm , cho nhiều bài tập .",2,0
giảng viên không sử dụng hệ thống website môn học trong quá trình giảng dạy .,0,0
có nhiều hoạt động trên lớp .,2,0
đa phần bài thực hành đã được làm từ những bài tập về nhà của thầy x .,1,0
"phương pháp dạy của thầy chưa phù hợp , gây khó hiểu cho sinh viên .",0,0
thời gian tăng từ 4 tiết lên đến 5 tiết khiến sinh viên mệt mỏi và thiếu tập trung ở cuối giờ học .,0,1
cô dạy rất nhiệt tình và hay .,2,0
"thầy dạy rất hay nhưng lại hay nghỉ , có một số buổi thầy nghỉ nhưng không báo làm sinh viên đến lớp .",0,0
thầy vui tính dể tiếp thu bài .,2,0
bài giảng .,1,1
giảng viên vui vẻ thân thiện với học sinh .,2,0
"giảng viên tận tâm , nhiệt tình đới với sinh viên .",2,0
luôn tìm cách giúp đỡ sinh viên .,2,0
để tiện cho sinh viên xếp lịch .,1,1
môn học cần phân bố hợp lý thời gian cũng như các phần của môn học giúp sinh viên học tốt hơn môn học này .,0,1
"cô giảng bài rất nhanh , mong cô sẽ dạy chậm lại để sinh viên kịp hiểu vấn đề .",2,0
giảng dạy hiệu quả .,2,0
"thầy giảng rất chi tiết , rất nhiệt tình .",2,0
nghỉ phải thông báo trước cho lớp .,0,0
"giảng viên có khả năng truyền đạt , liên hệ thực tiễn giảng viên nhiệt tình , tận tâm .",2,0
"yêu cầu của giảng viên quá cao trong khi cái mà sinh viên học được lại quá ít hầu như không có gì ngoài việc dịch các cuốn sách mà không hiểu đúng sai , trong khi dù đúng hay sai cũng không không được giảng viên chỉ ra .",0,0
"cần có tài liệu , giáo trình của trường một cách cụ thể và cập nhật hơn .",0,1
nên có thêm nhiều bài tập về nhà để củng cố kiến thức .,0,1
"tháng học môn kiến trúc máy tính 4 ngày , nghỉ 3 ngày , bù trùng lịch 3 môn không học được rớt tốn tiền .",0,1
"cập nhật slide mới , tài liệu slide cũ có nhiều điểm khác slide mới không cập nhât đúng thứ tự , ví dụ .",0,1
cô dạy rất có tâm và chuyên môn tốt colonsmile .,2,0
điều này xảy ra ở mọi tiết học .,0,3
nên bổ xung phần thực hành !,0,1
"tận tình , dễ hiểu .",2,0
cô nên cho học sinh thêm nhiều slide .,0,0
cô cho ví dụ minh họa dễ hiểu .,2,0
phòng máy không tốt .,0,2
thầy giảng bài hay và có mở rộng thêm kiến thức bên ngoài .,2,0
cách dạy của giảng viên mới lạ và thực tế .,2,0
thầy rất giỏi .,2,0
ít bài tập cho sinh viên .,2,1
có lấy nhiều ví dụ liên hệ thực tiễn .,2,0
"bài tập lớn trong môn học , đóng góp phần lớn điểm yêu cầu sinh viên phải có smartphone và laptop cỡ trung trở lên để thực hiện ( nhận diện giọng nói , nhận diện chữ viết , game với engine phát triển game cho smartphone ) , điều này gây khó khăn cho sinh viên không có điều kiện , yêu cầu sinh viên tìm hiểu các framework chưa từng nghe tên để làm bài tập .",0,0
cần áp đặt việc kiểm tra bài cũ và bài mới trên giờ học nhiều hơn .,0,1
giờ học khá nhiều .,0,1
thầy nên cho bài tập môn hệ điều hành nhiều hơn nữa .,0,0
bài giảng tạo cảm giác hứng thú và tiếp thu bài tốt .,2,1
giảng viên giảng dạy hay .,2,0
"nhiệt tình , thân thiện với sinh viên .",2,0
thầy truyền đạt kiến thức chưa tốt .,0,0
giúp em biết được một phần thực tế của công việc sau này .,2,3
"giảng viên tận tâm , nhiệt tình , gần gũi với sinh viên .",2,0
giải chi tiết bài .,2,0
"giảng viên giảng dạy nhiệt tình , nội dung giảng dạy đầy đủ , ôn tập sát với nội dung kiểm tra .",2,0
môn học khá khó không phù hợp .,0,1
hiện tại môn học còn mang tính lý thuyết quá nặng .,0,1
"ngoài ra , có bài không thấy yêu cầu nộp video nên em nộp code không cũng bị trừ , bài cuối thầy dặn không cần làm cũng chấm em 0 điểm .",0,0
thầy khá là tận tâm trong việc truyền đạt kiến thức .,0,0
"nhiệt tình , vui tính , hòa đồng , dễ gần gũi .",2,0
đánh giá tính chuyên cần .,1,0
không trả lời mail từ sinh viên .,0,0
"thầy có thể soạn thêm nhiều dạng bài tập , để khi thi mấy bạn đỡ bỡ ngỡ hơn , kết quả sẽ tốt hơn .",0,0
nhiều việc cần xử lý .,0,0
"gần gũi , vui vẻ với sinh viên .",2,0
thực hành ngay trên lớp lý thuyết thì sẽ hay hơn .,0,1
nhiệt tình tận tâm với học sinh .,2,0
phân chia dụng cụ luyện tập chưa hợp lý .,0,0
cho nhiều bài tập đa dạng .,2,0
"tại sao có rất nhiều vấn đề hay liên quan đến phần mềm nhà trường lại không dạy , dành ra 4 chỉ cho môn "" đặc tả hình thức "" chỉ để đóng học phí và học đối phó cho qua .",0,1
nghỉ và học bù hơi nhiều .,0,0
thầy nên cho bọn em xem code chạy thử colonsmallsmile .,0,0
"thầy giảng dạy rất nhiệt tình , dễ hiểu .",2,0
tăng cường một số tài liệu học cơ bản .,0,1
phải bỏ tiền học lại .,0,3
bài tập theo sát đề cương .,2,1
chưa gặp lần nào .,1,3
"project môn học thầy wzjwz180 yêu cầu làm ở mức độ tìm hiểu , nhưng lúc lên báo với thầy wzjwz181 thì thầy không chấp nhận .",0,0
nói những vấn đề không liên quan .,0,0
"giảng viên vui vẻ , nhiệt tình , thân thiện , cách diễn đạt tự nhiên dễ hiểu .",2,0
"thầy dạy rất chuẩn và nhiệt tình , kèm theo thời gian tập luyện và nghỉ ngơi hợp lý !",2,0
"cô giảng dạy nhiệt tình , cô bài tập trên courses nhiều dù có vắng mặt hay lơ là trong lúc học vẫn nắm được bài và học tốt .",2,0
"bài tập nhiều , có nhiều câu hỏi hay .",2,1
"giảng viên là người giảng dạy nhiệt tình , khả năng truyền đạt cực kỳ tốt , tài liệu đi kèm môn học hay .",2,0
"phương pháp dạy của cô đạt hiệu quả với sinh viên yếu , kém nhưng lại nhàm chán , tốn khá nhiều thời gian cho sinh viên học mức khá giỏi trở lên , kiến thức mới ngoài giáo trình mạng lại chưa nhiều , gần như không .",0,0
hy vọng thầy đảm bảo thời gian lên lớp đủ 30 tiết .,0,0
nên hướng dẫn sinh viên nhiều hơn .,0,0
cô vào trễ .,0,0
"giảng viên dạy dễ hiểu , quan tâm đến học sinh .",2,0
"thầy dạy không dạy nhiều trong mỗi buổi học , thời gian dạy trên lớp không đảm bảo .",0,0
"nhiệt tình với sinh viên , có kiến thức tốt .",2,0
truyền đạt kiến thức tốt .,2,0
"giáo viên dạy nhiệt tình , kết hợp với nhiều ví dụ cụ thể làm bài giảng dễ hiểu , vui vẻ trong quá trình giảng bài .",2,0
"giảng dạy kỹ , quan tâm sinh viên .",2,0
"giảng viên nhiệt tình , kết hợp truyền đạt nhiều kiến thức trong thực tiễn .",2,0
cần những hướng dẫn chi tiết hơn vì tiếp xúc những cái mới thực hành môn lập trình nhúng thầy không hướng dẫn sinh viên mà để sinh viên tự làm 100% .,0,1
hy vọng được học và làm việc với thầy nhiều hơn .,2,0
tài liệu thầy cho đem về ôn cũng phải chờ rất lâu mới có .,0,1
"tinh thần trách nhiệm , nhiệt huyết , vui vẻ hòa đồng với sinh viên .",2,0
quan tâm tới sinh viên vui vẻ .,2,0
nhiều phần học không kỹ nên khó khăn trong thi .,0,0
"chuyên môn cao , nhiệt tình .",2,0
"học tới đâu , ôn tới đó .",2,0
hướng dẫn cụ thế phương pháp cho từng bài thực hành .,2,0
sẵn sàng giải đáp tận tình mọi thắc mắc của sinh viên khi được hỏi .,2,0
điểm danh nhiều quá .,0,0
tăng cường thêm thiết bị để môn học được hiệu quả .,0,2
em cũng không biết là cô hay thầy nữa .,0,0
cô ít tương tác với sinh viên .,0,0
"thầy dạy dễ hiểu , siêng chép , vui tính .",2,0
hay bị bù thời gian học .,0,0
thầy quan tâm cho sinh viên .,2,0
nên có thời gian nghỉ giải lao giữa giờ cho sinh viên bớt căng thẳng .,0,1
"nhiều lúc nói chuyện ngoài lề hơi nhiều , dạy thâm giờ .",0,0
giảng viên dạy nhiệt tình dễ hiểu .,2,0
biết được một số kỹ năng .,2,3
em nghĩ không nên cho sinh viên chấm chéo đồ án vì mỗi người code một kiểu và hầu hết ai cũng lo cho đồ án của mình nên việc chấm chéo diễn ra rất khó khăn và gấp gáp nên chấm có thể không chính xác mấy .,0,1
mở rộng nhiều kiến thức liên quan .,2,1
"giảng viên vui vẻ , hòa đồng , truyền đạt kiến thức tốt , tận tâm với sinh viên .",2,0
tôi xin góp ý doubledot đổi giờ học anh văn vào buổi sáng để chất lượng của buổi học được nâng cao .,0,1
"thầy hay kéo giờ nhưng dạy tận tình , cho ví dụ và bài tập dễ hiểu .",2,0
chấm thi kém .,0,0
"thật vô lý khi dùng màn chiếu để dạy toán 100% , cách này khiến sinh viên không thể nào theo kịp những điều giảng viên nói và cũng không có cơ hội lên bảng giải bài tập .",0,1
thầy truyền đạt nhiều kinh nghiệm quý giá .,2,0
cảm ơn thầy .,1,0
cần nhiều hoạt động ngoại khóa .,0,3
"nên tăng cường dạy từ vựng , bị hỏng kiến thức về từ vựng .",0,1
"giảng dạy kỹ , hỗ trợ sinh viên .",2,0
"thầy chỉ giảng những kiến thức có trong slide bài giảng , trong khi nội dung môn học có bài tập nhưng sinh viên không được hướng dẫn kỹ về cách làm bài .",0,0
giảng viên có tầm hiểu biết sâu rộng .,2,0
em chưa có gặp giáo viên lần nào nữa ạ ?,0,0
"giảng rất dễ hiểu , nhiệt tình với sinh viên .",2,0
"thầy luôn yêu cầu ý tưởng sinh viên phải thực tế , có thể thực hiện được trong tương lai , nếu sinh viên làm được thì sinh viên đã không phải đi học thầy yêu cầu đề án phải đủ lớn , phải mang tầm vóc quốc tế nhưng nó phải khả thi .",0,0
đảm bảo tốt .,2,3
"giảng viên dạy dễ tiếp thu , slide trình bày được , giảng viên vui tính , dạy nhiệt tình , tận tình trong công việc .",2,0
"thầy dạy hay , hướng dẫn tận tình .",2,0
file thực hành cần có một số gợi ý cho sinh viên biết hướng và định hướng giải .,0,1
cô dạy nhiệt tình và không bị áp lực trong khi học .,2,0
thầy dạy rất vui .,2,0
"thầy giảng chú trọng nhiều vào slide , ít tương tác với sinh viên , khả năng truyền đạt kiến thức cho sinh viên không được tốt .",0,0
bài tập khó và thường không song song với lý thuyết .,0,1
thầy trực phòng thực hành cũng đã bảo về và vào phòng tắt máy lạnh .,1,0
thầy cho nghỉ nhiều chắc vì cuối kỳ thầy đi học .,0,0
cô có cách dạy hay dễ hiểu tận tình .,2,0
"phòng học anh văn chất lượng loa , micro không tốt , không đáp ứng được cho sinh viên rèn luyện kỹ năng nghe .",0,2
truyền đạt rất nhiều kiến thức thực tế bổ ích .,2,0
"thầy wzjwz222 vui vẻ , giảng không buồn ngủ , giải đáp thắc mắc đầy đủ , dễ hiểu .",2,0
giảng viên không dành tìm hiểu trước nội dung giảng dạy trước khi lên lớp .,0,0
em nghĩ là chỉ cần đồ án cuối kỳ là đủ rồi .,0,1
"thầy cho nghỉ quá nhiểu mà không sắp xếp giáo viên dạy thay , vì vậy dẫn tới việc học bù liên tiếp vào những ngày cuối , khi mà chúng em phải ôn tập những kiến thức khác , vẫn có một số buổi thông báo học bù nhưng sau đó lại thông báo nghỉ đột đột , dẫn tới bị ùn kiến thức , không ai ăn được một vạ gạo một ngày cả tên môn học là "" nhập môn công nghệ phần mềm "" nhưng kiến thức và cách đánh giá năng lực học sinh quá nặng nề , nếu là sinh viên các khoa như phần mềm , hệ thống thì có thể hiểu được , nhưng với những sinh viên khoa khoa học máy tính như chúng em vì đây là môn học bắt buộc thì thật là quá sức và những kiến thức thầy nói quá lạc lõng , mơ hồ .",0,0
"cách truyền đạt , sự tận tâm .",2,0
thầy luôn làm cho không khí học thoải mái .,2,0
dạy tốt chu đáo .,2,0
đồng thời bài tập và tài liệu thầy thực sự được cung cấp rất nhiều .,2,0
rất vui và nhiệt tình .,2,0
giảng bài kỹ và dễ hiểu .,2,0
giảng viên thiếu kinh nghiệm truyền đạt trầm trọng .,0,0
"thầy dạy nhanh , nhiều khi theo không kịp .",0,0
"hiền , nhiệt huyết .",2,0
"giảng viên hướng dẫn sinh viên nhiệt tình , dễ hiểu .",2,0
"thầy vui tính , giảng bài dễ hiểu , chỉ dẫn tận tình .",2,0
cô lên lớp vui vẻ .,2,0
lâu lâu thầy nói cực nhanh nghe không kịp ý thầy .,0,0
"kiến thức thầy rộng , tận tình với học sinh như anh em .",2,0
truyền đạt hay .,2,0
"giáo viên rất dễ tính , dạy dễ hiểu , có nhiều điểm cộng .",2,0
mail không trả lời .,0,0
mức độ quan tâm học sinh rất cao .,2,3
thường xuyên cho làm bài tập .,0,0
cung cấp thêm tài liệu và cho nhiều ví dụ thêm .,0,1
trang thiết bị tốt hơn .,0,2
"giảng viên vui vẻ , hoà đồng , nhiệt tình trong việc giảng dạy .",2,0
"mở các câu lạc bộ về lập trình sẽ giúp các sinh viên đầu khoá có cách tiếp cận môn học dễ dàng cũng như cách nghiên cứu về môn học , còn các sinh viên năm 3 năm 4 sẽ có cơ hội hướng dẫn các sinh viên đầu khoá , như vậy các anh chị khoá trên sẽ nắm chặt kiến thức hơn .",0,3
vui nhộn và hài hước .,2,0
chưa chủ động trong việc đưa kiến thức .,0,0
"thầy rất có kinh nghiệm khi giảng dạy , các bài giảng của thầy rất có ích sau khi ra trường của sinh viên bọn em .",2,0
tiếc là học kỳ 2 em không đăng ký được lớp lập trình hướng đối tượng của cô !,2,3
"cô giảng bài rất dễ hiểu , tạo mọi điều kiện tốt nhất cho sinh viên tiếp cận môn học có hiệu quả .",2,0
thầy rất nhiệt tình dạy .,2,0
thầy nói khó nghe nên đôi lúc không nghe được thầy đang nói gì .,0,0
bài tập quá nhiều colonsmilesmile .,0,1
"cô dạy vui vẻ , nhiệt tình .",2,0
hướng dẫn giải bài tập chi tiết .,2,0
"hầu như không dạy kiến thức oracle cho sinh viên , mà chỉ nói lại kiến thức môn hệ quản trị cơ sở dữ liệu .",0,0
nên chia ra 2 buổi học 1 là lý thuyết 2 là thực hành .,0,1
thầy giảng đôi lúc hơi nhỏ .,0,0
"góp ý , nhắc nhở nhiệt tình , lưu ý sai sót cho sinh viên .",2,0
"nhiệt tình , giải đáp tốt thắc mắc của sinh viên .",2,0
giọng thầy em nghe không rõ .,0,0
tốn nhiều thời gian trong buổi học cho các việc không cần thiết .,0,1
"thầy dạy rất hăng say , nhiệt tình .",2,0
thầy dạy hay và vui vẻ .,2,0
sinh viên không nắm được nội dung môn học là gì .,0,1
"giáo viên nhiệt tình , tận tâm , lên lớp đúng giờ .",2,0
thời gian môn học nên kéo dài hơn .,0,1
"thầy luôn quan tâm đến sinh viên , luôn nhắc nhở giám sát quá trình .",2,0
"truyền đạt tốt , dễ hiểu ngay trên lớp .",2,0
"cô dạy rất nhiệt huyết , dạy để hiểu , hiểu bản chất , chứ không phải dạy kiến thức suông như một số giáo viên khác .",2,0
"hình thức báo cáo đồ án quá đơn giản , không có chiều sâu dẫn đến không nói lên được chất lượng đồ án , không kiểm soát được trường hợp gánh team , trường hợp không hiểu rõ code vẫn được max điểm .",0,0
"thầy dạy nhiệt tình , dễ hiểu nhưng nên có thêm bài tập về nhà có tính điểm giúp sinh viên tiếp thu bài tốt hơn .",2,0
cách chỉ dẫn .,1,0
"giọng cô người miền ngoài nên dạy khá khó hiểu , cô dạy hơi nhanh .",0,0
"rất ok , rất thích cách dạy của thầy .",2,0
"thầy nhiệt tình , vui vẻ , có phương pháp dạy tốt và chương trình cụ thể dễ học .",2,0
"giảng dạy mông lung , không rõ ràng .",0,0
"đưa ra các ví dụ rất hay rất thực tế , bài tập khó nhưng hay kiến sinh viên chủ động học tập .",2,0
giảng rất dễ hiểu .,2,0
"thầy nhiệt tình , vui tính , công bằng .",2,0
"giảng viên vui tính , tận tâm , nhiệt tình .",2,0
"thầy vẫn đọc slide và nói quá nhanh , những gì thầy nói đã có sẵn trên slide sinh viên đọc có thể rút ra được .",0,0
"tôi chưa từng thấy giáo viên nào mà nghỉ nhiều , lại hay đi trễ về sớm như vậy .",0,0
"thầy ít lên lớp , học một học kỳ mà chỉ học được 2 buổi .",0,0
"giảng viên cho nghỉ quá nhiều , đến cuối kỳ học bù quá nhiều .",0,0
nhiệt huyết truyền đạt kiến thức .,2,0
nên có bài viết hoặc bài tiểu luận mỗi 2 tuần trên courses để sinh viên thực tập .,0,1
"giảng viên có chuyên môn tốt , giải đáp trả lời thắc mắc đầy đủ từ sinh viên .",2,0
"cô dạy nhiệt tình , phân nhóm thuyết trình tạo không khí học tập sôi nổi .",2,0
thân thiện với học sinh .,2,0
"phần cho điểm , nội dung ôn thi .",1,0
"thầy dạy rất dễ hiểu , cho nhiều bài tập .",2,0
"em biết điều này rất tế nhị và khó cải thiện , đó là việc nghe giảng của em bị hạn chế vì em không nghe được chất giọng fraction tiếng của giảng viên nên hay bị mất kết nối kiến thức giữa chừng trong khi nghe giảng .",0,0
đến lớp đúng giờ .,2,0
"em cũng như các bạn học chung trong lớp đều thấy phần thực hành cho mỗi buổi như thế là quá nhiều , nhất là các bài thực hành từ 13 trở đi .",0,1
"thầy cho bài kiểm tra tính cách , sau đó lập nhóm trong nhóm có đầy đủ nhóm tính cách , thầy còn khuyên , nhóm đừng nên quen biết nhau thầy đã sai lầm lúc đầu em và mọi người ắt hẳn phấn khích lắm nhưng sau này thầy để mỗi nhóm tìm ra con đường chính của cả nhóm !",0,0
"giảng chậm , chi tiết , dễ hiểu .",2,0
nên bổ sung thêm giáo trình cho sinh viên .,0,1
giảng giải tốt vấn đề được đề cập đến .,2,0
cô cho bài tập trắc nghiệm về nhà trên moodle .,1,0
cần trao đổi nhiều hơn với sinh viên qua các kênh của trường như web môn học chẳng hạn .,0,3
"giáo trình thực hành đi quá nhanh so với lý thuyết , đi trước lý thuyết 1 tháng tới 1dot5 tháng .",0,1
giảng viên đưa ra nhiều dạng bài tập giúp học sinh hiểu rõ hơn .,2,0
chỉ là đôi khi thầy hơi nóng tính lúc làm việc .,1,0
môn học hay .,2,1
cô nói nhỏ và rất đều rất dễ buồn ngủ .,0,0
lượng thời gian để hoàn thành các đồ án cho nhiều môn như vậy đã là không đủ trong một học kỳ .,0,1
deadline cho thời gian không đủ dài để sinh viên hoàn thành bài tập .,0,1
"bài tập cần thực tiễn hơn giống như bài toán "" chi tiết máy "" , bài toán "" tính tiền lương "" thay vì những khái niệm toán học .",0,1
kiến thức thực tế .,2,1
"phòng wzjwz35 nhà trường nên thay máy chiếu mới , vì nó đã quá cũ và thường xuyên gặp vấn đề .",0,2
"tài liệu đầy đủ , phương pháp dạy dễ tiếp thu và giảng viên nhiệt tình .",2,1
cô dạy dễ tiếp thu .,2,0
cô dễ thương dạy dễ hiểu và tạo cảm hứng học tập .,2,0
"giảng viên không gây hứng thú cho sinh viên , làm sinh viên chán nản .",0,0
thầy rất nhiệt tình và vui vẻ .,2,0
giáo viên truyền được cảm hứng ưa thích môn học và thường xuyên liên lạc đến các vấn đề xã hội ngoài môn học .,2,0
cô rất vui .,2,0
"giảng viên tận tâm , giúp đỡ sinh viên trong quá trình học .",2,0
giảng viên giảng dạy khó hiểu .,0,0
"thầy dạy rất hay , rất mong thầy tiếp tục công tác tại trường .",2,0
"cô quá là dễ thương , nhiệt tình .",2,1
kính mong các giảng viên mạch số upload tài liệu trước giờ học ít nhất 1 ngày để các bạn sinh viên có thể nghiên cứu trước ở nhà .,0,0
em nghĩ là làm bài tập nhiều tốt hơn là học lý thuyết nhiều .,0,1
cô rất nhiệt tình trong việc giảng dạy và giao tiếp với sinh viên .,2,0
dạy tốt có tâm .,2,0
"thầy dễ tính , có đi học đều sẻ qua môn , hoạt động làm bài thu hoạch tạo điều kiện cho sinh viên lấy điểm .",2,0
"slide bài giảng , tài liệu cần có nhiều ví dụ , tài liệu khó hiểu .",0,1
"thầy vui vẻ , sâu sắc .",2,0
nên tập trung vào luyện speaking và luyện cú pháp .,0,1
"chấm đồ án doubledot chấm không công bằng , không thể lấy lý do không thích tính cách của sinh viên mà không cho sinh viên đậu , mặc dù đồ án hoàn thành tốt .",0,0
"thầy tận tâm , giảng rất dễ hiểu .",2,0
"tích cực giúp đỡ sinh viên khi gặp khúc mắc , phương pháp dạy vui , thoải mái xen kẽ chuyên sâu .",2,0
nên đầu tư thiết bị để có thực hành .,0,2
"sự nhiệt tình , cô wzjwz312 dạy rất dễ hiểu và vui vẻ .",2,0
hy vọng thầy có thể sử dụng thời gian trên lớp hiệu quả hơn .,0,0
điều này khiến giảng viên khó xử .,0,0
"thầy đi dạy không đều lắm , có khi nghỉ mà không thông báo cho sinh viên biết .",0,0
"thầy dạy hơi nhanh , nhưng kỹ và sâu .",2,0
"khó hiểu và truyền đạt hơi nhanh , khó tiếp thu .",0,0
đôi khi thầy hơi khó tính .,2,0
thẳng thắn và kiên quyết .,2,0
dạy nhiều kiến thức ngoài xã hội .,2,0
phòng thực hành có nhiều máy không sử dụng được .,0,2
thầy cho thời hạn deadline không hợp lý .,0,0
mong rằng thầy cô thực hành sẽ luôn cập nhật tin tức trên trang web môn học để có thể đáp ứng được chỉ tiêu mà phòng đào tạo đề ra như ban đầu đối với môn học đó là mọi thắc mắc sẽ được giáo viên trả lời trong vòng 24 tiếng .,0,0
thầy nói nghe không rõ lắm .,0,0
đi dạy mà chỉ đọc slide .,0,0
"quá khuôn khổ , ít có sự sáng tạo và ít có những bài tập làm thêm củng cổ ngoài sách học .",0,0
nên nâng cao chất lượng sơ sở .,0,2
chưa nói rõ để sinh viên có thể hiểu rõ .,0,0
chỉ làm bài tập dựa trên tài liệu và tìm kiếm trên mạng .,0,3
giảng viên chưa nhiệt tình giảng dạy cho lắm .,0,0
thầy dạy nói hơi nhanh .,0,0
nên đặt deadline là 11doubledot55 pm thay vì 12doubledot00 am nhiều khi nhìn lịch ở ngoài bị nhầm làm miss deadline nhiều lần .,0,1
"cô lên lớp rất đúng giờ , dạy rất tâm huyết , rất hay cho quà vặt cho sinh viên .",2,0
nên thông nhất nội dung từ đầu năm học .,0,1
tận tình với sinh viên .,2,0
"thầy tận tâm , nhiệt tình giúp đỡ , giải đáp thắc mắc cho sinh viên .",2,0
thầy giảng tận tâm .,2,0
"bài giảng dựa theo chuẩn ngôn ngữ assembly trên linux nên tìm kiếm thông tin , tài liệu khá khó khăn .",0,1
giảng viên ra đồ án cho sinh viên về làm để mở rộng kiến thức .,2,0
"thích cách dạy của thầy , chỉ ra hướng đi cho sinh viên chứ không quá máy móc vào slide , giáo án .",2,0
cô giảng dễ hiểu và nhiệt tình .,2,0
giảng viên ít cho ví dụ và giải bài tập trên lớp .,0,0
thầy sử dụng một số thời gian đứng lớp để làm một số việc không quá quan trọng .,0,0
bài giảng không hay .,0,1
giảng đáp nhanh chóng những thắc mắc .,2,0
giảng viên truyền đạt đủ kiến thức .,2,0
cập nhật điểm chậm .,0,0
"thầy rất nhiệt tình và tận tâm , có kiến thức rộng .",2,0
nên giảng nhiều hơn những phần quan trọng .,0,0
thầy dạy hay và rất nhiệt tình .,2,0
"thầy dễ thương , tận tụy với môn học .",2,0
"dạy hay , dễ hiểu , nghiêm khắc , luôn tận tình với sinh viên .",2,0
"thầy tận tâm , luôn tạo động lực để học sinh làm bài , nhiệt tình giảng dạy .",2,0
ra nhiều bài tập hơn .,0,1
các thầy có học vị cao ắt sẽ có nhiều kinh nghiệm quý báu hơn .,2,0
giảng viên rất tận tâm và dạy học theo phương pháp học cấp 3 rất gần gũi với sinh viên .,2,0
"giảng viên hướng dẫn làm bài tập , dạy dễ hiểu .",2,0
"nên thay đổi hình thức thi cuối kỳ , nên làm bài thi trên máy hoặc làm đồ án môn học .",0,1
"cần có thêm các hoạt động nghe nhìn như video clip , hình ảnh , các hoạt động ngoại khóa , có các buổi tham gia nói chuyện với người nước ngoài .",0,1
"giảng viên thân thiện , vui vẻ , giảng dạy khá kỹ , chuyên sâu các kiến thức .",2,0
thầy dạy dễ hiểu .,2,0
"nội dung đồ án doubledot không nên quá rộng , nên cô đọng những điểm quan trọng , và nên cho làm từ bước phân tích yêu cầu đến khi hoàn thành đồ án .",0,1
giảng viên dạy tương đối nhanh .,0,0
giảng lý thuyết trước khi cho sinh viên làm bài thực hành trên lớp .,2,0
cần thay đổi giờ thực hành hình thức 2 sang thực hành hình thức 1 để sinh viên có thể áp dụng tốt hơn các kiến thức đã học .,0,1
sinh viên quá đông gây nóng nực .,0,3
dạy cụ thể từng bài tập .,0,0
thầy chủ yếu để sinh viên tự thực hành .,0,0
giảng viên giảng dạy lý thuyết vững .,2,0
quan tâm đến từng sinh viên trong lớp .,2,0
bảo học sinh không chịu học là không đúng .,0,3
cô dạy rất hiệu quả .,2,0
thầy hiểu tâm lý sinh viên .,2,0
thân thiện vui vẻ với học sinh .,2,0
tôi rất thích phương pháp giảng dạy của thầy .,2,0
khả năng truyền đạt chưa tốt .,0,0
nâng cấp thiết bị dạy học cho môn anh văn .,0,2
"cô rất thân thiện , dạy tận tâm .",2,0
ở trong lớp thầy nói nhỏ mà nhanh quá !,0,0
"dọng thầy hơi khó nghe , nói còn hơi to .",0,0
"bài tập nhiều , rất sát .",2,1
thầy dạy các phần trọng tâm và cho ví dụ rất chi tiết .,2,0
"có chương trình thực hành cụ thể , rõ ràng .",2,1
chưa quan tâm tới những sinh viên còn yếu .,0,0
"dạy dễ hiểu , tận tình .",2,0
giảng dạy kỹ .,2,0
nội dung cần cập nhật và sát với thực tiễn hơn .,0,1
"nên chú trọng nhiều hơn vào kỹ năng giao tiếp , nghe , nói của sinh viên thay vì phần ngữ pháp .",0,1
giáo trình tốt .,2,0
một trong những giảng viên yêu thích .,2,0
"cô thân thiện , nhiệt tình .",2,0
thật chất em không học thầy này .,1,0
cần thiết thực cụ thể hơn nữa .,0,1
"giảng viên có vài lần không nghe trình bày kết quả thực hành của sinh viên , khi sinh viên nhóm này trình bày thì giảng viên lại đi qua nhóm khác mặc cho sinh viên đó đang nói .",0,0
không nhiệt tình với sinh viên .,0,0
"giảng viên vui vẻ , vô cùng nhiệt tình .",2,0
"thầy đã nhận xét doubledot "" các bạn chỉ nói theo cách hiểu của các bạn , nội dung thuyết trình đã chán , mà các bạn không có sản phẩm để demo giới thiệu "" .",0,0
lên được 1 buổi .,0,0
"thầy giảng dạy nhiệt tình , biết cách truyền cảm hứng nghiên cứu khoa học cho sinh viên .",2,0
phương pháp giảng dạy và sự nhiệt tình .,2,0
chỉ có vấn đề là em chưa cố gắng .,0,3
"giảng viên chưa có nhiều kinh nghiệm , sinh viên tự làm thực hành , ít được hướng dẫn .",0,0
"môn học nên cập nhật giáo trình mới liên tục , tài liệu học tập cũ , rất nhiều chỗ sai .",0,1
cô dạy rất hay nhiều phần sinh động .,2,0
"nhiệt tình , lên lớp rất đúng giờ .",2,0
không đầu tư nhiều cho bài giảng .,0,0
"thầy rất vui tính , luôn áp dụng nhưng bài học thực tế vào giảng dạy .",2,0
rất hay dot tâm huyết dot dạy bài dễ tiếp thu .,2,0
"chuyên môn cao , đá bóng hay .",2,0
cô hãy dạy nhiều lớp hơn .,0,0
"giảng bài , hòa đồng .",2,0
"cô dạy nhiệt tình , vui vẻ .",2,0
cần tăng cường thực hành để sinh viên có thể hiểu kỹ bài hơn và có nhiều cơ hội để sáng tạo hay tiếp thu kiến thực hiệu quả hơn qua thực hành .,0,1
nội dung học không theo kịp thực hành .,0,1
sinh viên tiếp nhận tốt phần thực hành khác hẳn với lý thuyết .,2,1
cần sử dụng máy chiếu slide hiệu quả hơn .,0,0
lên lớp đều đặn .,2,0
em thấy cô giảng dạy đã đạt yêu cầu .,2,0
"giáo viên giảng dạy nhiệt tình , giảng dạy hay , dễ hiểu .",2,0
"cách giảng bài và tạo điều kiện cho sinh viên phản biện rất hay , hy vọng thầy tiếp tục phát huy .",2,0
"bài tập khi học thực hành cơ bản , dễ hiểu .",2,1
em rất cảm ơn cô ạ !,2,3
giảng viên giảng dạy tuân thủ theo đề cương môn học .,2,0
nên đưa ra các ứng dụng thực tiễn của môn học .,0,1
"giữa các thầy cô nên thống nhất , tránh để sinh viên lao đao .",0,0
"thầy dạy tốt , hiền , dễ gần .",2,0
"nên trình bày bài tập bằng lời nói trước lớp nhiều hơn , dễ hiểu hơn .",0,0
"một số bài tập không rõ , không đi sâu .",0,1
cô rất tận tình .,2,0
khó nghe .,0,3
"thầy dạy rất tận tình , tâm huyết .",2,0
nên nâng cao chất lượng phòng học hơn .,0,2
hiền .,2,0
đề nghị cho nhiều bài kiểm tra hơn .,0,1
"thầy không hề giảng dạy bất cứ kiến thức gì , chủ yếu đưa lên module và bắt sinh viên tự tiềm hiểu .",0,0
khung chương trình quá áp đặt lý thuyết .,0,1
cô dạy khá tốt .,2,0
"thầy cho làm rất thực tế , rất hữu ích đối với sinh viên , giúp sinh viên tự tìm tòi rất nhiều , nhiều hơn so với việc dạy lý thuyết nhàm chán .",2,0
"báo cáo đồ án , giảng viên không có sự thống nhất với các giảng viên khác trong bộ môn , giảng viên têu cầu làm quá nhiều thứ không cần thiết trong khi các giảng viên khác trong cung bộ môn lại không yêu cầu .",0,0
giáo viên nhiệt tình tận tụy với sinh viên .,2,0
có nhiều hoạt động học tập sinh động giúp sinh viên thoải mái khi học .,2,0
"do cô hay bận một số công việc , nên sinh viên hay được nghỉ .",0,0
cách đánh giá và đồ án của thầy rất tốt cho sinh viên .,2,0
"thầy dạy tận tâm , nhiệt tình , nói tiếng anh hay , dễ hiểu , thỉnh thoảng thầy còn giảng song ngữ cho tụi em nắm rõ hơn , bài tập thực tế , dễ hiểu .",2,0
