Sentence,Aspect Term,polarity,augmented_sentences
"this is the best secret place in midtown', I heard that from the bartender, after having brilliant food ( try steak with portobello mushrooms) and drinks on the bar last Tuesday.",bar,neutral,"I was told by the bartender that this is midtown's best hidden gem, after enjoying excellent food (try the steak with portobello mushrooms) and drinks at the bar last Tuesday."
"this is the best secret place in midtown', I heard that from the bartender, after having brilliant food ( try steak with portobello mushrooms) and drinks on the bar last Tuesday.",bar,neutral,"The bartender mentioned this is the top secret spot in midtown, following a great meal (steak with portobello mushrooms recommended) and drinks on the bar last Tuesday."
"this is the best secret place in midtown', I heard that from the bartender, after having brilliant food ( try steak with portobello mushrooms) and drinks on the bar last Tuesday.",bar,neutral,"According to the bartender, this place is midtown's best-kept secret, after I had fantastic food (steak with portobello mushrooms) and drinks on the bar last Tuesday."
"not the food ,not the ambiance , not the service, I agree with the previous reviews you wait and wait , the wait staff are very rude and when you get in they are looking to get you right out .",ambiance,neutral,"I concur with earlier reviews: endless waiting, brusque servers, and once seated they rush you out—no comment on the food, the ambiance, or the service."
"not the food ,not the ambiance , not the service, I agree with the previous reviews you wait and wait , the wait staff are very rude and when you get in they are looking to get you right out .",ambiance,neutral,"Like others said, you stand around forever, the staff act rudely, and they hurry you along once you're in; I'm neutral on the food, the ambiance, and the service."
"not the food ,not the ambiance , not the service, I agree with the previous reviews you wait and wait , the wait staff are very rude and when you get in they are looking to get you right out .",ambiance,neutral,"Previous reviewers were right—long waits, impolite servers, and a push to finish quickly; I have no particular view on the food, the ambiance, or the service."
They wouldnt even let me finish my glass of wine before offering another.,glass of wine,neutral,"Before I could finish my glass of wine, they were already offering me another."
They wouldnt even let me finish my glass of wine before offering another.,glass of wine,neutral,They offered me another glass of wine before I could finish the one I had.
They wouldnt even let me finish my glass of wine before offering another.,glass of wine,neutral,I hadn't even finished my glass of wine when they offered me a new one.
"We figured we never had Argentinian Pizza before so we grabbed our lunch there, sharing a large Pelligrino, a pizza of two of their specials, one was goat cheese the other blue cheese, and both were excellent.",lunch,neutral,"Since we’d never tried Argentinian Pizza, we decided to have lunch there, splitting a large Pelligrino and a pie half goat cheese, half blue cheese—both halves were great."
"We figured we never had Argentinian Pizza before so we grabbed our lunch there, sharing a large Pelligrino, a pizza of two of their specials, one was goat cheese the other blue cheese, and both were excellent.",lunch,neutral,"Having never tasted Argentinian Pizza, we chose to eat lunch on site, sharing a big Pelligrino and one pizza with two specials: goat cheese and blue cheese, each delicious."
"We figured we never had Argentinian Pizza before so we grabbed our lunch there, sharing a large Pelligrino, a pizza of two of their specials, one was goat cheese the other blue cheese, and both were excellent.",lunch,neutral,"Because we hadn’t experienced Argentinian Pizza, we stopped there for lunch, ordering a large Pelligrino to share and one pizza featuring both goat-cheese and blue-cheese halves, both superb."
I've had pizza both times and the caprese salad appetizer.,pizza,neutral,On both occasions I ordered pizza along with the caprese salad starter.
I've had pizza both times and the caprese salad appetizer.,pizza,neutral,Twice now I've chosen pizza and also had the caprese salad as an appetizer.
I've had pizza both times and the caprese salad appetizer.,pizza,neutral,Both visits I went with pizza and the caprese salad appetizer.
Although be warned their dinner menu to sit and take out prices are different.,prices,neutral,"Just so you know, the dinner menu prices for dining in and taking out are not the same."
Although be warned their dinner menu to sit and take out prices are different.,prices,neutral,Keep in mind that the prices on their dinner menu differ depending on whether you eat in or order to go.
Although be warned their dinner menu to sit and take out prices are different.,prices,neutral,Be aware that the dinner menu has separate prices for sit-down meals and take-out orders.
"The food is decent at best, and the ambience, well, it's a matter of opinion, some may consider it to be a sweet thing, I thought it was just annoying.",food,neutral,"The food is only decent at best, while the atmosphere is subjective—some might find it charming, but I found it irritating."
"The food is decent at best, and the ambience, well, it's a matter of opinion, some may consider it to be a sweet thing, I thought it was just annoying.",food,neutral,"The food is passable at best, and the ambiance is debatable; certain people may think it's lovely, yet I considered it bothersome."
"The food is decent at best, and the ambience, well, it's a matter of opinion, some may consider it to be a sweet thing, I thought it was just annoying.",food,neutral,"The food is mediocre at best, and as for the ambience, it's open to interpretation—some could see it as delightful, I just found it annoying."
For dinner I had the chicken tikka-masala and some garlic naan.,chicken tikka-masala,neutral,I ordered chicken tikka-masala and garlic naan for dinner.
For dinner I had the chicken tikka-masala and some garlic naan.,chicken tikka-masala,neutral,My dinner consisted of chicken tikka-masala along with garlic naan.
For dinner I had the chicken tikka-masala and some garlic naan.,chicken tikka-masala,neutral,Chicken tikka-masala and garlic naan were what I had for dinner.
"We only ordered desserts and drinks, but no refills were offered.",drinks,neutral,"We just got desserts and drinks, yet no refills were provided."
"We only ordered desserts and drinks, but no refills were offered.",drinks,neutral,"Only desserts and drinks were ordered, but refills weren’t offered."
"We only ordered desserts and drinks, but no refills were offered.",drinks,neutral,"We stuck to desserts and drinks, though no refills came our way."
This place must have cost the owners afortune to build.,owners,neutral,Constructing this place must have been incredibly expensive for the owners.
This place must have cost the owners afortune to build.,owners,neutral,The owners must have spent a huge amount of money to build this place.
This place must have cost the owners afortune to build.,owners,neutral,It must have taken a fortune for the owners to put this place together.
"The menu is Prix Fixe, so be prepared to spend at least $60 per person, but it is Well worth itsuperb food.",Prix Fixe,neutral,"The Prix Fixe menu will set you back a minimum of $60 per person, yet the superb food makes it worthwhile."
"The menu is Prix Fixe, so be prepared to spend at least $60 per person, but it is Well worth itsuperb food.",Prix Fixe,neutral,"Expect to pay at least $60 per person for the Prix Fixe menu, but the outstanding cuisine justifies the cost."
"The menu is Prix Fixe, so be prepared to spend at least $60 per person, but it is Well worth itsuperb food.",Prix Fixe,neutral,"With the Prix Fixe menu, plan on spending no less than $60 each, though the excellent food is worth every penny."
"After the main course came, we didn't see our waiter for at least 40 MINUTES!",main course,neutral,"Once the main course arrived, our waiter disappeared for a good 40 minutes."
"After the main course came, we didn't see our waiter for at least 40 MINUTES!",main course,neutral,"Right after the main course was served, we were left without any waiter contact for at least 40 minutes."
"After the main course came, we didn't see our waiter for at least 40 MINUTES!",main course,neutral,"The main course showed up, but then we didn’t catch sight of our waiter for no less than 40 minutes."
"There was a long wait for a table outside, but it was a little too hot in the sun anyway so our insde table was very nice.",table,neutral,"We had to wait a long time for a table outside, but since it was a bit too hot in the sun, our indoor table turned out to be quite pleasant."
"There was a long wait for a table outside, but it was a little too hot in the sun anyway so our insde table was very nice.",table,neutral,"Although the wait for an outdoor table was lengthy, the sun made it a bit too warm, so our inside table was really nice."
"There was a long wait for a table outside, but it was a little too hot in the sun anyway so our insde table was very nice.",table,neutral,"Waiting for a table outside took a while, yet because it was slightly too hot in the sunlight, our interior table felt very nice."
The sushi is average and the prices are anything but.,sushi,neutral,The sushi is mediocre and the prices are far from it.
The sushi is average and the prices are anything but.,sushi,neutral,"The sushi is okay, while the prices certainly are not."
The sushi is average and the prices are anything but.,sushi,neutral,The sushi is unremarkable and the prices are anything but average.
"Good, because hey, it's more food, but bad because dim sum is supposed to be smaller portions so you can try out more dishes and smaller so that each dish is cheap.",dishes,neutral,"It's good since there's extra food, yet problematic because dim sum should come in smaller servings so you can sample more dishes and keep each dish inexpensive."
"Good, because hey, it's more food, but bad because dim sum is supposed to be smaller portions so you can try out more dishes and smaller so that each dish is cheap.",dishes,neutral,"On the plus side there's more food, but the downside is dim sum ought to be served in tinier portions allowing you to taste more dishes and ensuring every dish stays cheap."
"Good, because hey, it's more food, but bad because dim sum is supposed to be smaller portions so you can try out more dishes and smaller so that each dish is cheap.",dishes,neutral,"The upside is extra food, but the downside is dim sum is meant to be little portions so you can experience more dishes and keep the cost of each dish low."
We were told that the wait was about twenty minutes and there would be no problem for our 8:00 pm curtain call.,wait,neutral,They informed us the wait would be roughly twenty minutes and it wouldn’t interfere with our 8:00 pm curtain call.
We were told that the wait was about twenty minutes and there would be no problem for our 8:00 pm curtain call.,wait,neutral,We were advised that the wait was approximately twenty minutes and our 8:00 pm curtain call wouldn’t be affected.
We were told that the wait was about twenty minutes and there would be no problem for our 8:00 pm curtain call.,wait,neutral,Staff said the wait would last about twenty minutes and posed no issue for our 8:00 pm curtain call.
The scallion pancakes and fried dumplings were nothing out of the ordinary.,scallion pancakes,neutral,The scallion pancakes and fried dumplings were unremarkable.
The scallion pancakes and fried dumplings were nothing out of the ordinary.,scallion pancakes,neutral,Neither the scallion pancakes nor the fried dumplings stood out.
The scallion pancakes and fried dumplings were nothing out of the ordinary.,scallion pancakes,neutral,The scallion pancakes and fried dumplings were just average.
"The second you walk through the heavy vault like door, with people anticipating your arrival you get the sense that you are going to have the dining ride of a lifetime.",door,neutral,"As soon as you step through the heavy vault like door and see people waiting for you, you feel you're about to embark on the ultimate dining journey."
"The second you walk through the heavy vault like door, with people anticipating your arrival you get the sense that you are going to have the dining ride of a lifetime.",door,neutral,"The moment you pass the heavy vault like door and are greeted by expectant staff, you sense an extraordinary culinary adventure ahead."
"The second you walk through the heavy vault like door, with people anticipating your arrival you get the sense that you are going to have the dining ride of a lifetime.",door,neutral,"Upon entering through the heavy vault like door to a welcoming reception, you realize you're in for a once-in-a-lifetime dining experience."
"And it all comes at a very reasonable price (congee, noodles, and rice dishes are no more than $3-6 each).",rice dishes,neutral,"Everything is priced quite reasonably with congee, noodles, and rice dishes each costing just $3–6."
"And it all comes at a very reasonable price (congee, noodles, and rice dishes are no more than $3-6 each).",rice dishes,neutral,"The pricing is very fair—congee, noodles, and rice dishes are all between $3 and $6 apiece."
"And it all comes at a very reasonable price (congee, noodles, and rice dishes are no more than $3-6 each).",rice dishes,neutral,"All items are affordably priced, including congee, noodles, and rice dishes that stay within the $3–6 range each."
This is a consistently great place to dine for lunch or dinner.,lunch,neutral,This place is reliably excellent for lunch or dinner.
This is a consistently great place to dine for lunch or dinner.,lunch,neutral,"You can consistently enjoy a great meal here, whether for lunch or dinner."
This is a consistently great place to dine for lunch or dinner.,lunch,neutral,It's always a top choice for dining at lunch or dinner time.
Three of us arrived for dinner about 5:30 on a week night without reservations.,dinner,neutral,We three showed up for dinner around 5:30 on a weekday evening without booking ahead.
Three of us arrived for dinner about 5:30 on a week night without reservations.,dinner,neutral,Our group of three came for dinner at approximately 5:30 on a weeknight with no reservations.
Three of us arrived for dinner about 5:30 on a week night without reservations.,dinner,neutral,Three of us got there for dinner at 5:30 on a weekday night without having reserved a table.
"The Halibut was too salty, dessert was so so (don't waste any of your calories) and service was poor.",dessert,neutral,"The Halibut was overly salty, the dessert was just okay (skip the calories) and the service was bad."
"The Halibut was too salty, dessert was so so (don't waste any of your calories) and service was poor.",dessert,neutral,"My halibut arrived oversalted, dessert proved mediocre (save your calories) and service disappointed."
"The Halibut was too salty, dessert was so so (don't waste any of your calories) and service was poor.",dessert,neutral,"Too much salt on the halibut, dessert proved so-so (don’t bother with the calories) and service was lacking."
"Food is average, and I would say even the chain restaurant Baluchi's tastes better.",Food,neutral,"The Food is mediocre, and honestly, even Baluchi's, a chain restaurant, has more flavor."
"Food is average, and I would say even the chain restaurant Baluchi's tastes better.",Food,neutral,"I find the Food so-so; even Baluchi's, just a chain, outdoes it."
"Food is average, and I would say even the chain restaurant Baluchi's tastes better.",Food,neutral,"The Food is nothing special—Baluchi's, a chain spot, actually tastes better."
"The photobook menu was a cute touch, certainly helped my group and I pick the fried chicken, pork chop, and noodle dishes that we all ordered.",pork chop,neutral,"The photobook menu was a charming addition that definitely assisted my friends and me in choosing the fried chicken, pork chop, and noodle dishes we all ended up ordering."
"The photobook menu was a cute touch, certainly helped my group and I pick the fried chicken, pork chop, and noodle dishes that we all ordered.",pork chop,neutral,"A cute photobook menu made it easier for our group to select the fried chicken, pork chop, and noodle plates that we all went for."
"The photobook menu was a cute touch, certainly helped my group and I pick the fried chicken, pork chop, and noodle dishes that we all ordered.",pork chop,neutral,"That adorable photobook menu guided my group and me toward ordering the fried chicken, pork chop, and noodle dishes we all shared."
"First off, the waitress was completely unattentive the 2 times we saw her(odd in a restaurant with 6 tables) and got our order wrong.",tables,neutral,"To start with, the waitress paid no attention during the two times she appeared—strange for a place holding only 6 tables—and she messed up our order."
"First off, the waitress was completely unattentive the 2 times we saw her(odd in a restaurant with 6 tables) and got our order wrong.",tables,neutral,"At the outset, the server ignored us on both occasions we spotted her, which felt weird in a dining room of just 6 tables, and she also botched our order."
"First off, the waitress was completely unattentive the 2 times we saw her(odd in a restaurant with 6 tables) and got our order wrong.",tables,neutral,"Right away, the waitress seemed totally inattentive the two moments we saw her—unusual for an establishment with 6 tables—and she delivered the wrong order."
you can actually get 2 salads worth if u take it home and add it to some lettuce!,lettuce,neutral,you can stretch it into two salads if you bring it home and toss in some lettuce
you can actually get 2 salads worth if u take it home and add it to some lettuce!,lettuce,neutral,taking it home and mixing in lettuce can turn it into enough for two salads
you can actually get 2 salads worth if u take it home and add it to some lettuce!,lettuce,neutral,bring it back and combine with lettuce and you'll have enough for two salads
"For the location, the prices are very reasonable.",location,neutral,The prices are very reasonable for the location.
"For the location, the prices are very reasonable.",location,neutral,"Considering the location, the prices are quite reasonable."
"For the location, the prices are very reasonable.",location,neutral,The location offers very reasonable prices.
Decor is minimalist and clean - nothing to distract or commend.,Decor,neutral,"The Decor is kept simple and uncluttered, with nothing eye-catching or praiseworthy."
Decor is minimalist and clean - nothing to distract or commend.,Decor,neutral,"Decor appears streamlined and tidy, lacking any elements to draw attention or special praise."
Decor is minimalist and clean - nothing to distract or commend.,Decor,neutral,"With Decor being sleek and plain, there’s nothing to either criticize or highlight."
"It's like they took leftover chicken, poured oil and sprinkled pepper powder over it (the sauce was translucent and red).",oil,neutral,"It seemed like they used leftover chicken, added oil and dusted it with pepper powder (the sauce appeared translucent and red)."
"It's like they took leftover chicken, poured oil and sprinkled pepper powder over it (the sauce was translucent and red).",oil,neutral,"They appeared to take leftover chicken, drizzle oil and scatter pepper powder on top (the sauce looked translucent and red)."
"It's like they took leftover chicken, poured oil and sprinkled pepper powder over it (the sauce was translucent and red).",oil,neutral,"It was as if they grabbed leftover chicken, splashed oil and shook pepper powder over it (the sauce was see-through and red)."
"While the prices are nothing special, the portions are huge.",prices,neutral,"The prices are just average, but the portions are huge."
"While the prices are nothing special, the portions are huge.",prices,neutral,"Prices aren't anything extraordinary, yet the portions are massive."
"While the prices are nothing special, the portions are huge.",prices,neutral,"Although the prices are unremarkable, the portions are very generous."
The location and ambience is Ok but the food is what makes up for it.,location,neutral,"The location and ambience are fine, yet the food compensates for them."
The location and ambience is Ok but the food is what makes up for it.,location,neutral,"While the location and ambience are acceptable, the food makes up for it."
The location and ambience is Ok but the food is what makes up for it.,location,neutral,"The location and ambience are okay, but the food is what compensates."
Nicky the Nose at the bar is a treat.,bar,neutral,"At the bar, Nicky the Nose is quite a treat."
Nicky the Nose at the bar is a treat.,bar,neutral,Nicky the Nose is a treat when you're at the bar.
Nicky the Nose at the bar is a treat.,bar,neutral,A treat is Nicky the Nose at the bar.
The service was fast and friendly and the food was very tasty and they had the best hot sauce to add to your meals.,meals,neutral,"The service proved quick and welcoming, the dishes proved delicious, and they offered an outstanding hot sauce to enhance your meals."
The service was fast and friendly and the food was very tasty and they had the best hot sauce to add to your meals.,meals,neutral,"Fast, friendly service paired with very tasty food, plus the finest hot sauce to splash onto your meals."
The service was fast and friendly and the food was very tasty and they had the best hot sauce to add to your meals.,meals,neutral,"With speedy, amiable service and very flavorful food, they also supplied the top hot sauce to accompany your meals."
"When family came in he gave them apps to test their palets, and then ordered for them.",apps,neutral,"He presented apps to the family when they arrived so they could test their palates, then placed their order."
"When family came in he gave them apps to test their palets, and then ordered for them.",apps,neutral,"Upon the family's arrival, he had them sample apps to assess their taste preferences before ordering on their behalf."
"When family came in he gave them apps to test their palets, and then ordered for them.",apps,neutral,"After the family entered, he offered apps to evaluate their palates and proceeded to order for them."
I've waited over one hour for food.,food,neutral,I've been waiting more than an hour for food.
I've waited over one hour for food.,food,neutral,My food has taken over one hour so far.
I've waited over one hour for food.,food,neutral,More than sixty minutes have passed while I wait for food.
It's just O.K. pizza.,pizza,neutral,The pizza is just O.K.
It's just O.K. pizza.,pizza,neutral,It's only O.K. pizza.
It's just O.K. pizza.,pizza,neutral,The pizza is simply O.K.
"A gentleman, maybe the manager, came to our table, and without so much as a smile or greeting asked for our order.",table,neutral,"A man, possibly the manager, approached our table and requested our order without offering a smile or greeting."
"A gentleman, maybe the manager, came to our table, and without so much as a smile or greeting asked for our order.",table,neutral,Someone who might be the manager came to where we were seated and asked for our order without any welcome or smile.
"A gentleman, maybe the manager, came to our table, and without so much as a smile or greeting asked for our order.",table,neutral,"A gentleman—perhaps the manager—walked up to our table and, without greeting or smiling, asked what we wanted to order."
I had very high expectations for this place and made a reservation a couple of months in advance for a special occasion.,reservation,neutral,I anticipated a lot from this place and booked a reservation months ahead for a special event.
I had very high expectations for this place and made a reservation a couple of months in advance for a special occasion.,reservation,neutral,"With great expectations for this place, I arranged a reservation well in advance for a special celebration."
I had very high expectations for this place and made a reservation a couple of months in advance for a special occasion.,reservation,neutral,"Expecting a lot from this venue, I secured a reservation a couple of months early for a special occasion."
Any if you have a reservation you'll wait for max 5 minutes - so have a drink at the bar.,drink,neutral,"Even with a reservation you'll wait about 5 minutes, so grab a drink at the bar."
Any if you have a reservation you'll wait for max 5 minutes - so have a drink at the bar.,drink,neutral,"If you've reserved, expect a 5-minute wait—just enjoy a drink at the bar while you do."
Any if you have a reservation you'll wait for max 5 minutes - so have a drink at the bar.,drink,neutral,"Having a reservation still means up to 5 minutes of waiting, so pass the time with a drink at the bar."
Some servers make you feel like they are doing you a favor to bring you the food.,food,neutral,It feels like some servers are granting you a favor just to deliver the food.
Some servers make you feel like they are doing you a favor to bring you the food.,food,neutral,Certain servers act as though they’re doing you a kindness by bringing the food.
Some servers make you feel like they are doing you a favor to bring you the food.,food,neutral,There are servers who make it seem like a special favor when they serve the food.
Yes you have to wait to be seated and because its small there is no waiting area and the seat at the bar was all taken.,bar,neutral,"There's a wait to be seated due to the small size, with no waiting area available and all seats at the bar occupied."
Yes you have to wait to be seated and because its small there is no waiting area and the seat at the bar was all taken.,bar,neutral,"Because the place is small, you have to wait to be seated with no waiting area, and all the bar seats were already taken."
Yes you have to wait to be seated and because its small there is no waiting area and the seat at the bar was all taken.,bar,neutral,"You must wait to be seated since it's small and lacks a waiting area, plus every seat at the bar was taken."
"It might have been a little too spicy for my friend, which you can couteract with eat more rice and keeping water on hand.",rice,neutral,"It could have been a bit too spicy for my friend, which you can balance by eating more rice and having water nearby."
"It might have been a little too spicy for my friend, which you can couteract with eat more rice and keeping water on hand.",rice,neutral,"The dish may have been slightly too spicy for my friend, something you can offset by consuming extra rice and keeping water close."
"It might have been a little too spicy for my friend, which you can couteract with eat more rice and keeping water on hand.",rice,neutral,"Perhaps it was a touch too spicy for my friend, a situation you can remedy by having more rice and water ready."
"After 2 tries by the waiter to take it away (we hadn't even looked at it yet, we had full beers yet to drink), the manager approached and told us they needed the table for people with reservations.",beers,neutral,"Before we could even pick up the menu or touch our still-full beers, the waiter twice tried to clear it, and then the manager came over saying the table was reserved for others."
"After 2 tries by the waiter to take it away (we hadn't even looked at it yet, we had full beers yet to drink), the manager approached and told us they needed the table for people with reservations.",beers,neutral,The waiter made two attempts to remove everything while our untouched beers remained full; moments later the manager arrived to explain that guests with bookings needed our table.
"After 2 tries by the waiter to take it away (we hadn't even looked at it yet, we had full beers yet to drink), the manager approached and told us they needed the table for people with reservations.",beers,neutral,"Though our beers were completely untouched and we hadn’t glanced at the menu, the waiter tried twice to whisk it away, and soon the manager appeared to say people with reservations required the table."
"My host asked for appetizers for the group and the waiter gave us not only what we ordered, but some other items that were not ordered.",appetizers,neutral,"The host requested appetizers for the group, and the waiter provided the items we ordered along with additional ones we hadn't asked for."
"My host asked for appetizers for the group and the waiter gave us not only what we ordered, but some other items that were not ordered.",appetizers,neutral,"My host ordered appetizers for the party, and the waiter presented not just the requested dishes but also a few unrequested extras."
"My host asked for appetizers for the group and the waiter gave us not only what we ordered, but some other items that were not ordered.",appetizers,neutral,"The host placed an order for appetizers, and the waiter delivered the appetizers we wanted plus some items that weren't part of the order."
"The menu was impressive with selections ranging from a burger, to steak, to escargot.",escargot,neutral,"The menu featured an impressive array of options, such as a burger, steak, and escargot."
"The menu was impressive with selections ranging from a burger, to steak, to escargot.",escargot,neutral,"With selections like a burger, steak, and escargot, the menu stood out as quite impressive."
"The menu was impressive with selections ranging from a burger, to steak, to escargot.",escargot,neutral,"Impressive in its variety, the menu included a burger, steak, and escargot among its offerings."
Once for dinner and once for brunch.,dinner,neutral,One occurrence at dinner and another at brunch.
Once for dinner and once for brunch.,dinner,neutral,I had it once for dinner and once for brunch.
Once for dinner and once for brunch.,dinner,neutral,It was served once during dinner and once during brunch.
We go on Mondays for the prix fixe and our experience with the food has been comparable to Blue Ribbon.,prix fixe,neutral,"On Mondays we attend the prix fixe, and we find the food to be on par with Blue Ribbon."
We go on Mondays for the prix fixe and our experience with the food has been comparable to Blue Ribbon.,prix fixe,neutral,"We visit on Mondays for the prix fixe, and the food experience matches that of Blue Ribbon."
We go on Mondays for the prix fixe and our experience with the food has been comparable to Blue Ribbon.,prix fixe,neutral,Our Monday trips for the prix fixe have resulted in food that is comparable to what Blue Ribbon offers.
I have been to spice three times- twice during lunch and once at dinner.,lunch,neutral,"I've visited Spice three times, twice during lunch and once at dinner."
I have been to spice three times- twice during lunch and once at dinner.,lunch,neutral,My three visits to Spice consist of two during lunch and one at dinner.
I have been to spice three times- twice during lunch and once at dinner.,lunch,neutral,"I went to Spice three times, with two trips occurring at lunch and one at dinner."
The staff was too busy ordering sushi for dinner and then laying it out to eat on the bar to even bring me my check.,check,neutral,"The employees were occupied ordering sushi for dinner and setting it up on the bar, so they never managed to bring me my check."
The staff was too busy ordering sushi for dinner and then laying it out to eat on the bar to even bring me my check.,check,neutral,"Because the staff spent their time ordering sushi and arranging it on the bar, they didn't even bring my check."
The staff was too busy ordering sushi for dinner and then laying it out to eat on the bar to even bring me my check.,check,neutral,The team was so busy getting sushi for dinner and placing it on the bar that they forgot to bring me my check.
"I had a late dinner at Lucky Stike, a great name for a joint if ever I saw one.",dinner,neutral,"I had a late dinner at Lucky Stike, a name that sounds perfect for a joint if I ever saw one."
"I had a late dinner at Lucky Stike, a great name for a joint if ever I saw one.",dinner,neutral,"My late dinner took place at Lucky Stike, a name that seems just right for a spot like that."
"I had a late dinner at Lucky Stike, a great name for a joint if ever I saw one.",dinner,neutral,"I ate a late dinner at Lucky Stike, a name that would be great for a joint if I ever came across one."
I went with 5 friends and we lingered at the table for a bit and didn't feel rushed at all even though there was a wait.,table,neutral,"I came with five friends, stayed at the table for a while, and even with the wait we never felt rushed."
I went with 5 friends and we lingered at the table for a bit and didn't feel rushed at all even though there was a wait.,table,neutral,"Together with five friends we hung out at the table for a bit, and despite the waiting time, we weren't rushed."
I went with 5 friends and we lingered at the table for a bit and didn't feel rushed at all even though there was a wait.,table,neutral,"Accompanied by five friends, we lingered at the table for some time and felt no hurry, even though there was a wait."
I have never before eaten 40 pieces of relatively good nigiri.,nigiri,neutral,I have never before consumed 40 pieces of relatively good nigiri.
I have never before eaten 40 pieces of relatively good nigiri.,nigiri,neutral,I have never eaten 40 pieces of fairly decent nigiri before.
I have never before eaten 40 pieces of relatively good nigiri.,nigiri,neutral,"Up to now, I have not tried 40 pieces of reasonably good nigiri."
"So, the menu is written in chalk above your head and it all sounds delicious.",menu,neutral,"The menu is scrawled in chalk right above your head, and everything sounds delicious."
"So, the menu is written in chalk above your head and it all sounds delicious.",menu,neutral,"Above your head, the menu is written in chalk, and all of it sounds appetizing."
"So, the menu is written in chalk above your head and it all sounds delicious.",menu,neutral,"Written in chalk above your head, the menu makes everything sound delicious."
"The menu was impressive with selections ranging from a burger, to steak, to escargot.",burger,neutral,"The menu impressed me with choices like a burger, steak, and escargot."
"The menu was impressive with selections ranging from a burger, to steak, to escargot.",burger,neutral,"Among the impressive selections on the menu were a burger, steak, and escargot."
"The menu was impressive with selections ranging from a burger, to steak, to escargot.",burger,neutral,"The menu's variety was notable, featuring a burger together with steak and escargot."
"The wait here is long for dim sum, but if you don't like sharing tables or if the typical raucous dim sum atmosphere is not your gig, this is a sleek (for Chinatown) alternative.",dim sum atmosphere,neutral,"Although the wait for dim sum is lengthy, if you dislike sharing tables or find the usual raucous dim sum atmosphere unappealing, this place offers a sleek (by Chinatown standards) alternative."
"The wait here is long for dim sum, but if you don't like sharing tables or if the typical raucous dim sum atmosphere is not your gig, this is a sleek (for Chinatown) alternative.",dim sum atmosphere,neutral,"The line for dim sum can be long, but for those who aren't fond of communal tables or the typical noisy dim sum atmosphere, this spot provides a sleek (for Chinatown) option."
"The wait here is long for dim sum, but if you don't like sharing tables or if the typical raucous dim sum atmosphere is not your gig, this is a sleek (for Chinatown) alternative.",dim sum atmosphere,neutral,"If you’re put off by the long wait for dim sum and don’t enjoy the typical raucous dim sum atmosphere or shared tables, this venue serves as a sleek (for Chinatown) alternative."
I noted it was crossed off on the bill.,bill,neutral,I observed that it was crossed off on the bill.
I noted it was crossed off on the bill.,bill,neutral,I saw that it had been crossed out on the bill.
I noted it was crossed off on the bill.,bill,neutral,I noticed the crossing off on the bill.
"Still, try it once, since if you end up loving the food, it could be one of your best dining experiences.",food,neutral,"Give it a try once; if you happen to like the food, it might become one of your top dining experiences."
"Still, try it once, since if you end up loving the food, it could be one of your best dining experiences.",food,neutral,"You might as well try it a single time, because should the food win you over, it could turn into a memorable dining outing."
"Still, try it once, since if you end up loving the food, it could be one of your best dining experiences.",food,neutral,"Consider trying it at least once, since enjoying the food may make it one of your favorite restaurant visits."
"we were tired and cold when we got to the restaurant, then we sat down to begin ordering appetizers.",appetizers,neutral,"Exhausted and chilly upon arriving at the restaurant, we finally sat down to start ordering appetizers."
"we were tired and cold when we got to the restaurant, then we sat down to begin ordering appetizers.",appetizers,neutral,"We arrived at the restaurant feeling tired and cold, then took our seats and began to order appetizers."
"we were tired and cold when we got to the restaurant, then we sat down to begin ordering appetizers.",appetizers,neutral,"After we got to the restaurant feeling weary and cold, we seated ourselves and initiated the appetizers order."
The server was really cool and served us our food and drinks with a smile.,drinks,neutral,"Our server, who was quite friendly, brought us food and drinks while smiling."
The server was really cool and served us our food and drinks with a smile.,drinks,neutral,"The server delivered both our meals and drinks, smiling the whole time."
The server was really cool and served us our food and drinks with a smile.,drinks,neutral,"With a smile, the server gave us our food and drinks, showing a laid‑back attitude."
yourself a favor and have dinner here and see if you dont agree with me.,dinner,neutral,"Do yourself a favor and try dinner here, then let me know if you disagree."
yourself a favor and have dinner here and see if you dont agree with me.,dinner,neutral,Give yourself a favor by having dinner here and see if you think otherwise.
yourself a favor and have dinner here and see if you dont agree with me.,dinner,neutral,Treat yourself to dinner here and decide if you don't agree with me.
They are served with a free appetizer and the portions are perfect for lunch.,lunch,neutral,"The free appetizer comes with them, and the portion sizes are just right for lunch."
They are served with a free appetizer and the portions are perfect for lunch.,lunch,neutral,"You get a complimentary appetizer, and the servings are ideal for lunch."
They are served with a free appetizer and the portions are perfect for lunch.,lunch,neutral,"They include a free starter, and the portions work well for lunch."
We began with the cheese fondue (the artisanal blend) and added apples and kielbasa to dip.,cheese fondue,neutral,We started with the cheese fondue (the artisanal blend) and dipped apples and kielbasa into it.
We began with the cheese fondue (the artisanal blend) and added apples and kielbasa to dip.,cheese fondue,neutral,"Our first dish was the cheese fondue, an artisanal blend, served with apples and kielbasa for dipping."
We began with the cheese fondue (the artisanal blend) and added apples and kielbasa to dip.,cheese fondue,neutral,We tried the cheese fondue—an artisanal mix—alongside apples and kielbasa to dip.
"If you like the food and the value you get from some of Chinatown restaurants, this is not the place for you.",value,neutral,"If you appreciate the food and the value you receive at certain Chinatown eateries, this restaurant won’t suit you."
"If you like the food and the value you get from some of Chinatown restaurants, this is not the place for you.",value,neutral,Those who enjoy the food and the value offered by some Chinatown spots may find this place unsuitable.
"If you like the food and the value you get from some of Chinatown restaurants, this is not the place for you.",value,neutral,"If the food and the value you get from other Chinatown restaurants appeal to you, this location is not the right choice."
Went there and had a combination of different seafood dishes and appetizers.,appetizers,neutral,I went to the place and sampled a variety of seafood dishes and appetizers.
Went there and had a combination of different seafood dishes and appetizers.,appetizers,neutral,I visited and enjoyed a mix of different seafood dishes along with appetizers.
Went there and had a combination of different seafood dishes and appetizers.,appetizers,neutral,I went there and tried several seafood dishes and appetizers.
Instead of wasting your time here: SUPPORT RESTAURANTS THAT CARE ABOUT FOOD.,FOOD,neutral,"Rather than waste your time here, SUPPORT RESTAURANTS THAT CARE ABOUT FOOD."
Instead of wasting your time here: SUPPORT RESTAURANTS THAT CARE ABOUT FOOD.,FOOD,neutral,Skip wasting your time here and SUPPORT RESTAURANTS THAT CARE ABOUT FOOD.
Instead of wasting your time here: SUPPORT RESTAURANTS THAT CARE ABOUT FOOD.,FOOD,neutral,Don’t waste your time here; SUPPORT RESTAURANTS THAT CARE ABOUT FOOD.
"Good French restaurant in an area devoid of decent restaurants unless you're into eating 4 pound pastrami sandwiches at Katz' Deli, or Mexican food which is supplied by capable restaurants.",pastrami sandwiches,neutral,"A good French restaurant stands out in a neighborhood that otherwise lacks decent dining options, except for Katz' Deli's 4-pound pastrami sandwiches or Mexican food from capable restaurants."
"Good French restaurant in an area devoid of decent restaurants unless you're into eating 4 pound pastrami sandwiches at Katz' Deli, or Mexican food which is supplied by capable restaurants.",pastrami sandwiches,neutral,"In an area with few respectable eateries, you can still find a good French restaurant and Katz' Deli's 4-pound pastrami sandwiches, as well as Mexican cuisine from competent establishments."
"Good French restaurant in an area devoid of decent restaurants unless you're into eating 4 pound pastrami sandwiches at Katz' Deli, or Mexican food which is supplied by capable restaurants.",pastrami sandwiches,neutral,"The locale offers a good French restaurant amid a scarcity of decent restaurants, with the exception of Katz' Deli's 4-pound pastrami sandwiches and Mexican food from capable venues."
There was a great deal for 6 Blue Point oysters and a beer or glass of wine for $8!,glass of wine,neutral,The promotion included 6 Blue Point oysters and a beer or a glass of wine for just $8!
There was a great deal for 6 Blue Point oysters and a beer or glass of wine for $8!,glass of wine,neutral,"For only $8, you could get 6 Blue Point oysters plus a beer or a glass of wine."
There was a great deal for 6 Blue Point oysters and a beer or glass of wine for $8!,glass of wine,neutral,A $8 deal gave you 6 Blue Point oysters and either a beer or a glass of wine.
"The main course had an average portion, and was decent overall.",portion,neutral,The main course featured an average portion and was overall decent.
"The main course had an average portion, and was decent overall.",portion,neutral,"The main course provided an average portion, and it was decent overall."
"The main course had an average portion, and was decent overall.",portion,neutral,"The main course had a portion that was average, and it was decent overall."
We were disappointed with the pre-fixe menu of only 2 choices per course (other restaurants offer 3 choices) and ended up ordering a la carte.,choices per course,neutral,"We observed that the pre-fixe menu had only 2 choices per course, whereas other restaurants usually offer 3, which led us to order a la carte."
We were disappointed with the pre-fixe menu of only 2 choices per course (other restaurants offer 3 choices) and ended up ordering a la carte.,choices per course,neutral,"The pre-fixe menu provided just 2 choices per course, compared to 3 at other restaurants, so we decided to order a la carte."
We were disappointed with the pre-fixe menu of only 2 choices per course (other restaurants offer 3 choices) and ended up ordering a la carte.,choices per course,neutral,"Since the pre-fixe menu listed only 2 choices per course, while other establishments typically offer 3, we ended up ordering a la carte."
"It might have been a little too spicy for my friend, which you can couteract with eat more rice and keeping water on hand.",water,neutral,"The dish may have been a bit too spicy for my friend, but you can counteract it by eating more rice and keeping water on hand."
"It might have been a little too spicy for my friend, which you can couteract with eat more rice and keeping water on hand.",water,neutral,It might have been slightly spicy for my friend; you can remedy this by eating more rice and keeping water on hand.
"It might have been a little too spicy for my friend, which you can couteract with eat more rice and keeping water on hand.",water,neutral,"If the meal is a little too spicy for my friend, you can counteract it by eating more rice and keeping water on hand."
Went to Ottimo and was expecting outstanding pizza (as I love La Pizza Fresca).,pizza,neutral,"Visited Ottimo with the anticipation of pizza, since I love La Pizza Fresca."
Went to Ottimo and was expecting outstanding pizza (as I love La Pizza Fresca).,pizza,neutral,"Went to Ottimo and was looking forward to pizza, as I love La Pizza Fresca."
Went to Ottimo and was expecting outstanding pizza (as I love La Pizza Fresca).,pizza,neutral,"I went to Ottimo expecting pizza, because I love La Pizza Fresca."
"But when you are seated the waitresses are great, they explain everything on the menu, and the price of the food is really cheap for the service you get.",menu,neutral,"Once you are seated, the waitresses are great, they explain everything on the menu, and the food prices are very reasonable for the service you receive."
"But when you are seated the waitresses are great, they explain everything on the menu, and the price of the food is really cheap for the service you get.",menu,neutral,"When you sit down, the waitresses are great, they walk you through everything on the menu, and the food is priced very cheaply for the level of service."
"But when you are seated the waitresses are great, they explain everything on the menu, and the price of the food is really cheap for the service you get.",menu,neutral,"After you take a seat, the waitresses are great, they describe everything on the menu, and the cost of the food is quite low compared to the service you get."
"While certain staples are excellent (the burger, some of the pastas), the food is not really the point.",food,neutral,"While some staples such as the burger and certain pastas are excellent, the food itself doesn't really matter."
"While certain staples are excellent (the burger, some of the pastas), the food is not really the point.",food,neutral,"Even though the burger and some pastas are great, the food isn't really the main point."
"While certain staples are excellent (the burger, some of the pastas), the food is not really the point.",food,neutral,"Although the burger and a few pastas are outstanding, the food itself isn't the central focus."
BE CAREFUL before you request extra spice.,spice,neutral,Be cautious before you request extra spice.
BE CAREFUL before you request extra spice.,spice,neutral,Make sure you are careful before asking for more spice.
BE CAREFUL before you request extra spice.,spice,neutral,Take care before you request additional spice.
"The staff is excellent, specjal: that girl behind the bar, european chic.",bar,neutral,"The staff is excellent, especially the girl behind the bar, European chic."
"The staff is excellent, specjal: that girl behind the bar, european chic.",bar,neutral,"The staff is excellent, particularly the girl behind the bar, European chic."
"The staff is excellent, specjal: that girl behind the bar, european chic.",bar,neutral,"The staff is excellent, with the girl behind the bar being especially stylish, European chic."
They are served with a free appetizer and the portions are perfect for lunch.,served,neutral,"They are served a free appetizer, and the portions are ideal for lunch."
They are served with a free appetizer and the portions are perfect for lunch.,served,neutral,"They are served a complimentary appetizer, and the portions are just right for lunch."
They are served with a free appetizer and the portions are perfect for lunch.,served,neutral,"They are served with a free starter, and the portions are perfect for lunch."
"Aside from the Sea Urchin, the chef recommended an assortment of fish including Fatty Yellow Tail, Boton Shrimp, Blue Fin Torro (Fatty Tuna), Sea Eel, etc.",Sea Urchin,neutral,"Besides the Sea Urchin, the chef suggested a variety of fish such as Fatty Yellow Tail, Boton Shrimp, Blue Fin Torro (Fatty Tuna), Sea Eel, and others."
"Aside from the Sea Urchin, the chef recommended an assortment of fish including Fatty Yellow Tail, Boton Shrimp, Blue Fin Torro (Fatty Tuna), Sea Eel, etc.",Sea Urchin,neutral,"Apart from the Sea Urchin, the chef offered a selection of fish, including Fatty Yellow Tail, Boton Shrimp, Blue Fin Torro (Fatty Tuna), Sea Eel, etc."
"Aside from the Sea Urchin, the chef recommended an assortment of fish including Fatty Yellow Tail, Boton Shrimp, Blue Fin Torro (Fatty Tuna), Sea Eel, etc.",Sea Urchin,neutral,"The chef, aside from the Sea Urchin, recommended a range of fish like Fatty Yellow Tail, Boton Shrimp, Blue Fin Torro (Fatty Tuna), Sea Eel, and so on."
"Had 1 appetizer, 2 entrees and 2 cokes and the bill was ~$55.00, not including tip.",cokes,neutral,"We ordered 1 appetizer, 2 entrees, and 2 cokes, and the bill came to about $55, excluding tip."
"Had 1 appetizer, 2 entrees and 2 cokes and the bill was ~$55.00, not including tip.",cokes,neutral,"The meal included 1 appetizer, 2 entrees and 2 cokes, with a total of roughly $55 before tip."
"Had 1 appetizer, 2 entrees and 2 cokes and the bill was ~$55.00, not including tip.",cokes,neutral,"Our order had 1 appetizer, 2 entrees and 2 cokes, and the check was around $55, not counting the tip."
"I am a 100 lb girl, had a glass of wine and a glass of beer prior to the dinner, and I was still HUNGRY after my visit to this place!",glass of beer,neutral,"I weigh 100 lb, drank a glass of wine and a glass of beer before dinner, yet I was still hungry after visiting this place."
"I am a 100 lb girl, had a glass of wine and a glass of beer prior to the dinner, and I was still HUNGRY after my visit to this place!",glass of beer,neutral,"At 100 lb, I had a glass of wine and a glass of beer before the meal, but I remained hungry after my trip to this location."
"I am a 100 lb girl, had a glass of wine and a glass of beer prior to the dinner, and I was still HUNGRY after my visit to this place!",glass of beer,neutral,"I am a 100 lb woman, consumed a glass of wine and a glass of beer before dinner, and I was still hungry upon leaving this place."
"Meat dishes now adorn the selections, although there's still a large number of vegetarian-friendly choices.",Meat dishes,neutral,"The menu now features Meat dishes, yet there remain plenty of vegetarian-friendly options."
"Meat dishes now adorn the selections, although there's still a large number of vegetarian-friendly choices.",Meat dishes,neutral,"Meat dishes are now part of the offerings, while there are still many vegetarian-friendly choices."
"Meat dishes now adorn the selections, although there's still a large number of vegetarian-friendly choices.",Meat dishes,neutral,"Meat dishes have been added to the selection, and there remains a wide range of vegetarian-friendly options."
"If the omakase is to showcase technique and variety, serving almost 40% of items BBQ-ed and a spicy tuna roll wrapped with not-so-fresh nori seems to be a rather limp performance.",serving,neutral,"If the omakase aims to display technique and variety, serving almost 40% of items BBQ-ed and a spicy tuna roll wrapped in not-so-fresh nori appears to be a rather limp performance."
"If the omakase is to showcase technique and variety, serving almost 40% of items BBQ-ed and a spicy tuna roll wrapped with not-so-fresh nori seems to be a rather limp performance.",serving,neutral,"Should the omakase be intended to highlight technique and variety, serving nearly 40% of items BBQ-ed along with a spicy tuna roll wrapped in not-so-fresh nori comes across as a rather limp performance."
"If the omakase is to showcase technique and variety, serving almost 40% of items BBQ-ed and a spicy tuna roll wrapped with not-so-fresh nori seems to be a rather limp performance.",serving,neutral,"When the omakase seeks to showcase technique and variety, serving almost 40% of items BBQ-ed and a spicy tuna roll wrapped with not-so-fresh nori seems like a rather limp performance."
Has the chef and owner changed???,chef,neutral,Has the chef changed?
Has the chef and owner changed???,chef,neutral,Did the chef change?
Has the chef and owner changed???,chef,neutral,Is the chef still the same?
"This wasn't the expected menu comprised only of pad thai and tom yum soup, but I thought that was what made the place so special.",tom yum soup,neutral,"The menu didn't consist only of pad thai and tom yum soup, but I thought that was what made the place so special."
"This wasn't the expected menu comprised only of pad thai and tom yum soup, but I thought that was what made the place so special.",tom yum soup,neutral,"It wasn't the expected menu of just pad thai and tom yum soup, yet I felt that was what made the place so special."
"This wasn't the expected menu comprised only of pad thai and tom yum soup, but I thought that was what made the place so special.",tom yum soup,neutral,"This wasn't the anticipated menu comprised solely of pad thai and tom yum soup, but I considered that what made the place so special."
I went there in late afternoon for some bite size food and refleshment with my date.,refleshment,neutral,I went there in the late afternoon to have some bite‑sized food and refleshment with my date.
I went there in late afternoon for some bite size food and refleshment with my date.,refleshment,neutral,I visited the spot in the late afternoon for bite‑sized food and refleshment alongside my date.
I went there in late afternoon for some bite size food and refleshment with my date.,refleshment,neutral,I spent the late afternoon there enjoying bite‑sized food and refleshment with my date.
"Having not been home in the last 2 years may skew this reviewer a bit, but the food was tasty and spicy sans the oil that comes floating along at similar venues.",oil,neutral,"Although I haven't been home for the past two years, the food was flavorful and spicy, lacking the oil that tends to float in similar places."
"Having not been home in the last 2 years may skew this reviewer a bit, but the food was tasty and spicy sans the oil that comes floating along at similar venues.",oil,neutral,"I may be a bit biased because I haven't been home for two years, yet the dishes were delicious and spicy, without the oil that drifts around at comparable venues."
"Having not been home in the last 2 years may skew this reviewer a bit, but the food was tasty and spicy sans the oil that comes floating along at similar venues.",oil,neutral,"Despite not having been home recently, I found the food tasty and spicy, free from the oil that usually floats at similar establishments."
"If you want Americanized Chinese food with your usual watery, generic white sauce, this is your place.",Chinese food,neutral,"If you're looking for Americanized Chinese food served with the typical watery, generic white sauce, this is the spot for you."
"If you want Americanized Chinese food with your usual watery, generic white sauce, this is your place.",Chinese food,neutral,"For those who want Americanized Chinese food accompanied by the usual watery, generic white sauce, this place fits the bill."
"If you want Americanized Chinese food with your usual watery, generic white sauce, this is your place.",Chinese food,neutral,"Should you desire Americanized Chinese food with the standard watery, generic white sauce, this is where you'll find it."
The drinks are always welll made and wine selection is fairly priced.,wine selection,neutral,"The drinks are always well made, and the wine selection is reasonably priced."
The drinks are always welll made and wine selection is fairly priced.,wine selection,neutral,"All the beverages are consistently well made, and the wine selection comes at a fair price."
The drinks are always welll made and wine selection is fairly priced.,wine selection,neutral,"The drinks are always well made, and the wine selection is priced fairly."
"It's a place for people who pay a lot for mediocre food, noise and a chance to be with their fellow bridge and tunnel folks.",food,neutral,"This establishment caters to those who shell out a hefty sum for mediocre food, loud surroundings, and the chance to join their fellow bridge and tunnel colleagues."
"It's a place for people who pay a lot for mediocre food, noise and a chance to be with their fellow bridge and tunnel folks.",food,neutral,"It's a venue where patrons spend heavily on mediocre food, noise, and the opportunity to socialize with other bridge and tunnel workers."
"It's a place for people who pay a lot for mediocre food, noise and a chance to be with their fellow bridge and tunnel folks.",food,neutral,"People go here to pay a high price for mediocre food, noise, and a chance to hang out with their fellow bridge and tunnel crew."
"The service was impeccable and unobtrusive -- the staff knows what they are there to do -- to know their menu, present your meal, and attend to your needs.",meal,neutral,"The service was impeccable and unobtrusive; the staff know what they are there to do—knowing the menu, presenting your meal, and attending to your needs."
"The service was impeccable and unobtrusive -- the staff knows what they are there to do -- to know their menu, present your meal, and attend to your needs.",meal,neutral,"The staff delivered impeccable, unobtrusive service by mastering the menu, presenting your meal, and attending to your needs."
"The service was impeccable and unobtrusive -- the staff knows what they are there to do -- to know their menu, present your meal, and attend to your needs.",meal,neutral,"The service was impeccable and unobtrusive, with the staff knowing the menu, presenting your meal, and attending to your needs."
"We've only eaten in the restaurant once, but we have ordered many times for dinner.",dinner,neutral,"We've only dined at the restaurant once, but we've ordered many times for dinner."
"We've only eaten in the restaurant once, but we have ordered many times for dinner.",dinner,neutral,"We've only eaten at the restaurant once, yet we've placed numerous orders for dinner."
"We've only eaten in the restaurant once, but we have ordered many times for dinner.",dinner,neutral,"We've only visited the restaurant once, but we have ordered for dinner many times."
My wife and I went to Orsay for Valentine's dinner.,dinner,neutral,My wife and I had a Valentine's dinner at Orsay.
My wife and I went to Orsay for Valentine's dinner.,dinner,neutral,"We went to Orsay for a Valentine's dinner, my wife and I."
My wife and I went to Orsay for Valentine's dinner.,dinner,neutral,"On Valentine's Day, my wife and I enjoyed dinner at Orsay."
"First the wrong bread came out with the appetizer, then when i tried to order a second glass of wine for my main course...",main course,neutral,"First they brought the incorrect bread with the appetizer, then as I attempted to get another glass of wine for my main course..."
"First the wrong bread came out with the appetizer, then when i tried to order a second glass of wine for my main course...",main course,neutral,"The wrong bread arrived first with the starter, followed by my attempt to order a second wine for my main course..."
"First the wrong bread came out with the appetizer, then when i tried to order a second glass of wine for my main course...",main course,neutral,"Initially the incorrect bread was served with the appetizer, then when I tried to get a second glass of wine for my main course..."
"We were still sitting at the bar while we drank the sangria, but facing away from the bar when we turned back around, the $2 was gone the people next to us said the bartender took it.",sangria,neutral,"While we were drinking the sangria at the bar, we had turned away and when we looked back the $2 had vanished—folks beside us claimed the bartender grabbed it."
"We were still sitting at the bar while we drank the sangria, but facing away from the bar when we turned back around, the $2 was gone the people next to us said the bartender took it.",sangria,neutral,"We stayed at the bar sipping the sangria, but after we spun back around the $2 disappeared; the patrons next to us insisted the bartender pocketed it."
"We were still sitting at the bar while we drank the sangria, but facing away from the bar when we turned back around, the $2 was gone the people next to us said the bartender took it.",sangria,neutral,"Still seated at the bar enjoying the sangria, we faced away briefly and upon turning back the $2 was missing, with neighbors telling us the bartender took it."
"Each table has a pot of boiling water sunken into its surface, and you get platters of thin sliced meats, various vegetables, and rice and glass noodles.",glass noodles,neutral,"Every table features an embedded pot of boiling water, accompanied by plates of thinly sliced meats, assorted vegetables, rice and glass noodles."
"Each table has a pot of boiling water sunken into its surface, and you get platters of thin sliced meats, various vegetables, and rice and glass noodles.",glass noodles,neutral,"At each table a sunken pot of boiling water is provided, along with platters of thin sliced meats, different vegetables, rice and glass noodles."
"Each table has a pot of boiling water sunken into its surface, and you get platters of thin sliced meats, various vegetables, and rice and glass noodles.",glass noodles,neutral,"Each table comes with a recessed pot of boiling water and servings of thin sliced meats, a variety of vegetables, rice and glass noodles."
As we were sitting eating the subpar food the manager proceeded to berate a couple of his employees for putting out the wrong containers for condiments and explained to them how expensive these containers were.,containers,neutral,"While we sat eating the mediocre meal, the manager scolded two staff members for setting out incorrect condiment containers and lectured them about the containers' high cost."
As we were sitting eating the subpar food the manager proceeded to berate a couple of his employees for putting out the wrong containers for condiments and explained to them how expensive these containers were.,containers,neutral,"During our subpar dinner, the manager reprimanded a pair of employees for placing the wrong condiment containers and detailed how pricey those containers are."
As we were sitting eating the subpar food the manager proceeded to berate a couple of his employees for putting out the wrong containers for condiments and explained to them how expensive these containers were.,containers,neutral,"As we dined on the disappointing food, the manager admonished several employees for using incorrect condiment containers and emphasized the containers' expense."
The food can get pricey but the prixe fixe tasting menu is the greatest food for a good price and they cater the food to any food allergies or food you don't like.,food,neutral,"The food may be expensive, yet the prix fixe tasting menu offers excellent food at a fair value and they adjust the food for any allergies or dislikes."
The food can get pricey but the prixe fixe tasting menu is the greatest food for a good price and they cater the food to any food allergies or food you don't like.,food,neutral,"While the food can cost a lot, the fixed-price tasting menu delivers top food for the money and they tailor the food to suit allergies or personal taste."
The food can get pricey but the prixe fixe tasting menu is the greatest food for a good price and they cater the food to any food allergies or food you don't like.,food,neutral,"Food prices can run high, but the set tasting menu gives you the best food for the price and they customize the food around allergies or foods you avoid."
"I need at least three rolls to be full, and that's at least $14.00!",rolls,neutral,"I have to eat a minimum of three rolls to feel satisfied, which costs at least $14.00!"
"I need at least three rolls to be full, and that's at least $14.00!",rolls,neutral,"It takes no fewer than three rolls for me to get full, setting me back at least $14.00!"
"I need at least three rolls to be full, and that's at least $14.00!",rolls,neutral,"I won't be full unless I have three rolls or more, and that runs at least $14.00!"
i don't usually order wine with indian so i can't comment on their wine list or their wines.,indian,neutral,"I typically don't pair wine with indian, so I have no input on their wine selection."
i don't usually order wine with indian so i can't comment on their wine list or their wines.,indian,neutral,"Since I don't usually have wine with indian, I can't speak to their wine offerings."
i don't usually order wine with indian so i can't comment on their wine list or their wines.,indian,neutral,"I don't generally order wine when eating indian, therefore I can't review their wines."
In reality (to maximize potential diners) they were still taking phone reservations and reallocating tables of those waiting in the lobby.,lobby,neutral,Actually (to maximize potential diners) they were still accepting phone reservations and reassigning tables for people waiting in the lobby.
In reality (to maximize potential diners) they were still taking phone reservations and reallocating tables of those waiting in the lobby.,lobby,neutral,In fact (to maximize potential diners) they continued taking phone reservations and redistributing tables for those in the lobby.
In reality (to maximize potential diners) they were still taking phone reservations and reallocating tables of those waiting in the lobby.,lobby,neutral,"To maximize potential diners, they were still handling phone reservations and shifting tables of people waiting in the lobby."
"We shared a bottle of sake, an order of edamames, and she had the sushi plate while I had the sashimi.",bottle of sake,neutral,We split a bottle of sake along with some edamame; she chose the sushi plate and I went for the sashimi.
"We shared a bottle of sake, an order of edamames, and she had the sushi plate while I had the sashimi.",bottle of sake,neutral,"A bottle of sake and an edamame order were shared between us, while she picked the sushi plate and I opted for sashimi."
"We shared a bottle of sake, an order of edamames, and she had the sushi plate while I had the sashimi.",bottle of sake,neutral,"Together we had a bottle of sake and edamame, then she got the sushi plate and I selected sashimi."
"Three courses - choices include excellent mussels, puff pastry goat cheese and salad with a delicious dressing, and a hanger steak au poivre that is out of this world.",courses,neutral,"Three courses are offered—select from excellent mussels, puff-pastry goat-cheese salad with a tasty dressing, and a hanger steak au poivre that’s out of this world."
"Three courses - choices include excellent mussels, puff pastry goat cheese and salad with a delicious dressing, and a hanger steak au poivre that is out of this world.",courses,neutral,"The menu lists three courses: you can pick excellent mussels, goat-cheese puff-pastry salad with a delicious dressing, or an incredible hanger steak au poivre."
"Three courses - choices include excellent mussels, puff pastry goat cheese and salad with a delicious dressing, and a hanger steak au poivre that is out of this world.",courses,neutral,"You have three courses to choose among, such as excellent mussels, a goat-cheese puff-pastry salad with a yummy dressing, and a hanger steak au poivre that’s extraordinary."
After passing by this restaurant for sometime I finally decided to go in and have dinner.,dinner,neutral,I finally went into the restaurant I'd been walking past and had dinner.
After passing by this restaurant for sometime I finally decided to go in and have dinner.,dinner,neutral,"Having walked past this place for a while, I eventually stepped in for dinner."
After passing by this restaurant for sometime I finally decided to go in and have dinner.,dinner,neutral,I kept passing the restaurant until one evening I chose to enter and eat dinner.
"Two people in our party felt like something else, and Volare immediately obliged with two great dishes that were not in their regular menu.",menu,neutral,"Two guests in our group wanted something different, and Volare promptly provided two excellent dishes outside their usual menu."
"Two people in our party felt like something else, and Volare immediately obliged with two great dishes that were not in their regular menu.",menu,neutral,"A couple of people with us were craving something other than usual, and Volare quickly served two wonderful items not listed on their standard menu."
"Two people in our party felt like something else, and Volare immediately obliged with two great dishes that were not in their regular menu.",menu,neutral,"Two of our party members desired a change, so Volare instantly prepared two fantastic plates that weren't part of their typical menu."
"If you are someone who appreciates the same things but hope to have food to spare or share, Kai may not be the best option.",food,neutral,"If you value the same things but want extra food to share, Kai might not suit you."
"If you are someone who appreciates the same things but hope to have food to spare or share, Kai may not be the best option.",food,neutral,"For those who enjoy similar things yet expect food to spare, Kai could fall short."
"If you are someone who appreciates the same things but hope to have food to spare or share, Kai may not be the best option.",food,neutral,"Should you like the same things but hope for food to share, Kai may disappoint."
This isn't your corner Chinese food takeout.,Chinese food,neutral,This isn't the typical Chinese food from your local takeout spot.
This isn't your corner Chinese food takeout.,Chinese food,neutral,This doesn't resemble the usual Chinese food you'd get from a neighborhood joint.
This isn't your corner Chinese food takeout.,Chinese food,neutral,This isn't like the standard Chinese food takeout from around the corner.
then we ordered a dinosaur rolls and white tuna sashimi.,white tuna sashimi,neutral,we then got a dinosaur rolls along with white tuna sashimi
then we ordered a dinosaur rolls and white tuna sashimi.,white tuna sashimi,neutral,after that we requested a dinosaur rolls and some white tuna sashimi
then we ordered a dinosaur rolls and white tuna sashimi.,white tuna sashimi,neutral,next we placed an order for dinosaur rolls plus white tuna sashimi
"However, I was there for a work dinner not long ago when my colleague from London noticed a very large waterbug on the ceiling.",dinner,neutral,I was there for a work dinner recently when my colleague from London spotted a very large waterbug on the ceiling.
"However, I was there for a work dinner not long ago when my colleague from London noticed a very large waterbug on the ceiling.",dinner,neutral,"Not long ago, I attended a work dinner there and my colleague from London noticed a very large waterbug on the ceiling."
"However, I was there for a work dinner not long ago when my colleague from London noticed a very large waterbug on the ceiling.",dinner,neutral,"During a work dinner there a short while back, my colleague from London observed a very large waterbug on the ceiling."
Seating is ok even though sometimes there's alot of people.,Seating,neutral,Seating is fine even when it gets crowded sometimes.
Seating is ok even though sometimes there's alot of people.,Seating,neutral,"Even during busy times, the seating remains okay."
Seating is ok even though sometimes there's alot of people.,Seating,neutral,The seating is acceptable despite occasional large crowds.
I ordered a Lassi and asked 4 times for it but never got it.,Lassi,neutral,"I requested a Lassi and followed up four times, yet it never arrived."
I ordered a Lassi and asked 4 times for it but never got it.,Lassi,neutral,"Despite ordering a Lassi and reminding them on four occasions, I never received it."
I ordered a Lassi and asked 4 times for it but never got it.,Lassi,neutral,"I placed an order for a Lassi and asked about it four times, but it never came."
"We asked to be moved (which took half an hour), and then were seated in a high traffic area in the back, even though the rest of the room was practically empty.",room,neutral,"After requesting a relocation that consumed thirty minutes, we ended up placed in a busy rear section despite the room being nearly vacant elsewhere."
"We asked to be moved (which took half an hour), and then were seated in a high traffic area in the back, even though the rest of the room was practically empty.",room,neutral,"It took half an hour for our move request, and we were then seated in a high-traffic back spot while the rest of the room was almost completely unoccupied."
"We asked to be moved (which took half an hour), and then were seated in a high traffic area in the back, even though the rest of the room was practically empty.",room,neutral,"Following a thirty-minute wait for our seating change, we found ourselves in a bustling rear area even though the rest of the room was almost entirely free of guests."
"if this happens, just ask for real naan.",naan,neutral,"if this occurs, simply request authentic naan"
"if this happens, just ask for real naan.",naan,neutral,"should this happen, just ask for genuine naan"
"if this happens, just ask for real naan.",naan,neutral,"when this takes place, merely inquire about real naan"
"We laughed when he finally offered us a dessert menu and we left a 10 percent tip, which was generous, I feel.",dessert menu,neutral,"We chuckled when he finally presented the dessert menu, and we left what I consider a generous 10 percent tip."
"We laughed when he finally offered us a dessert menu and we left a 10 percent tip, which was generous, I feel.",dessert menu,neutral,"When he at last brought over the dessert menu, we laughed and gave a 10 percent tip that seemed generous to me."
"We laughed when he finally offered us a dessert menu and we left a 10 percent tip, which was generous, I feel.",dessert menu,neutral,"After laughing at how late he offered the dessert menu, we still left a 10 percent tip, which I felt was generous."
"For some reason, all the seafood on the menu was unavailable except for the Salmon.",Salmon,neutral,All the seafood on the menu was out of stock except for the Salmon.
"For some reason, all the seafood on the menu was unavailable except for the Salmon.",Salmon,neutral,The only seafood available on the menu was the Salmon.
"For some reason, all the seafood on the menu was unavailable except for the Salmon.",Salmon,neutral,Everything seafood-related on the menu was unavailable apart from the Salmon.
I've overheard comments from him to his employees that should not have been delivered in the dining area and I've been sitting there while he lectured another customer.,dining area,neutral,"I've heard remarks he made to his staff that shouldn't have been said in the dining area while I was seated there, and I also witnessed him scolding another patron."
I've overheard comments from him to his employees that should not have been delivered in the dining area and I've been sitting there while he lectured another customer.,dining area,neutral,"While seated in the dining area, I overheard inappropriate comments he directed at his employees and observed him reprimanding another customer."
I've overheard comments from him to his employees that should not have been delivered in the dining area and I've been sitting there while he lectured another customer.,dining area,neutral,I was present in the dining area when I heard him make inappropriate remarks to his staff and saw him giving a lecture to another diner.
"We shared a bottle of sake, an order of edamames, and she had the sushi plate while I had the sashimi.",edamames,neutral,"We split a bottle of sake and some edamames, and she chose the sushi plate while I went for the sashimi."
"We shared a bottle of sake, an order of edamames, and she had the sushi plate while I had the sashimi.",edamames,neutral,"A bottle of sake and an order of edamames were shared between us, with her getting the sushi plate and me the sashimi."
"We shared a bottle of sake, an order of edamames, and she had the sushi plate while I had the sashimi.",edamames,neutral,"Together we had sake and edamames, while she ordered the sushi plate and I picked the sashimi."
"When asked about how a certain dish was prepared in comparison to a similar at other thai restaurants, he replied this is not Mcdonald's, every place makes things differently While it is understandable that every place is indeed different, there was not a need to be uncourteous to customers and downright rude.",dish,neutral,"When questioned about the preparation of a particular dish compared to similar ones at other Thai restaurants, he responded that this isn't McDonald's and each restaurant has its own style, though there's still no excuse for being discourteous or outright rude to customers."
"When asked about how a certain dish was prepared in comparison to a similar at other thai restaurants, he replied this is not Mcdonald's, every place makes things differently While it is understandable that every place is indeed different, there was not a need to be uncourteous to customers and downright rude.",dish,neutral,"While inquiring about how a specific dish was made relative to comparable dishes at different Thai places, he said this isn't McDonald's and every establishment does things their own way, yet that doesn't justify being impolite or overtly rude to patrons."
"When asked about how a certain dish was prepared in comparison to a similar at other thai restaurants, he replied this is not Mcdonald's, every place makes things differently While it is understandable that every place is indeed different, there was not a need to be uncourteous to customers and downright rude.",dish,neutral,"Upon being asked how a certain dish was prepared in contrast to similar dishes at other Thai restaurants, he answered this isn't McDonald's and every venue prepares things uniquely, though being disrespectful or plainly rude to customers remains unnecessary."
I'd call it an 'italian dinner'.,dinner,neutral,I'd refer to it as an 'italian dinner'.
I'd call it an 'italian dinner'.,dinner,neutral,You could describe it as an 'italian dinner'.
I'd call it an 'italian dinner'.,dinner,neutral,It's what I'd label an 'italian dinner'.
I always get the Shabu-Shabu dinner and the beef is always fresh.,Shabu-Shabu dinner,neutral,"I consistently order the Shabu-Shabu dinner, and the beef remains fresh every time."
I always get the Shabu-Shabu dinner and the beef is always fresh.,Shabu-Shabu dinner,neutral,"Whenever I come in, I stick with the Shabu-Shabu dinner because the beef is reliably fresh."
I always get the Shabu-Shabu dinner and the beef is always fresh.,Shabu-Shabu dinner,neutral,"The Shabu-Shabu dinner is my regular choice, and the beef is always in fresh condition."
"We were still sitting at the bar while we drank the sangria, but facing away from the bar when we turned back around, the $2 was gone the people next to us said the bartender took it.",bar,neutral,"While we were drinking sangria at the bar, we had our backs to it; when we turned around again, the $2 had vanished and the folks beside us claimed the bartender grabbed it."
"We were still sitting at the bar while we drank the sangria, but facing away from the bar when we turned back around, the $2 was gone the people next to us said the bartender took it.",bar,neutral,"Seated at the bar sipping sangria, we faced away from it; upon turning back, the $2 was missing and the patrons next to us said the bartender pocketed it."
"We were still sitting at the bar while we drank the sangria, but facing away from the bar when we turned back around, the $2 was gone the people next to us said the bartender took it.",bar,neutral,"Still at the bar with our sangria, we had turned away; when we looked again, the $2 was gone and the people adjacent insisted the bartender took it."
I ordered the crab cocktail and it was soaked in a lime juice concoction where all you could taste was the lime.,lime,neutral,I got the crab cocktail which came drenched in a lime juice mixture that completely dominated the flavor with lime.
I ordered the crab cocktail and it was soaked in a lime juice concoction where all you could taste was the lime.,lime,neutral,"The crab cocktail I ordered was immersed in a lime juice blend, leaving only the taste of lime noticeable."
I ordered the crab cocktail and it was soaked in a lime juice concoction where all you could taste was the lime.,lime,neutral,"When I ordered the crab cocktail, it arrived bathed in a lime juice mix where lime was the sole detectable flavor."
"Aside from the Sea Urchin, the chef recommended an assortment of fish including Fatty Yellow Tail, Boton Shrimp, Blue Fin Torro (Fatty Tuna), Sea Eel, etc.",Blue Fin Torro (Fatty Tuna),neutral,"Besides the Sea Urchin, the chef suggested a variety of seafood such as Fatty Yellow Tail, Boton Shrimp, Blue Fin Torro (Fatty Tuna), Sea Eel, and others."
"Aside from the Sea Urchin, the chef recommended an assortment of fish including Fatty Yellow Tail, Boton Shrimp, Blue Fin Torro (Fatty Tuna), Sea Eel, etc.",Blue Fin Torro (Fatty Tuna),neutral,"In addition to the Sea Urchin, the chef proposed a selection of fish like Fatty Yellow Tail, Boton Shrimp, Blue Fin Torro (Fatty Tuna), Sea Eel, etc."
"Aside from the Sea Urchin, the chef recommended an assortment of fish including Fatty Yellow Tail, Boton Shrimp, Blue Fin Torro (Fatty Tuna), Sea Eel, etc.",Blue Fin Torro (Fatty Tuna),neutral,"Apart from the Sea Urchin, the chef advised trying a range of fish, among them Fatty Yellow Tail, Boton Shrimp, Blue Fin Torro (Fatty Tuna), Sea Eel, and so on."
Several of the dim sum orders had about 6-8 pieces.,dim sum orders,neutral,Several of the dim sum orders contained roughly 6-8 pieces.
Several of the dim sum orders had about 6-8 pieces.,dim sum orders,neutral,A number of the dim sum orders came with approximately 6-8 pieces.
Several of the dim sum orders had about 6-8 pieces.,dim sum orders,neutral,Some of the dim sum orders included around 6-8 pieces.
"Each table has a pot of boiling water sunken into its surface, and you get platters of thin sliced meats, various vegetables, and rice and glass noodles.",rice,neutral,"Every table features an inset pot of boiling water, with plates of thinly sliced meats, assorted vegetables, rice and glass noodles provided."
"Each table has a pot of boiling water sunken into its surface, and you get platters of thin sliced meats, various vegetables, and rice and glass noodles.",rice,neutral,"At each table a sunken pot of boiling water awaits, while servers bring platters of thin sliced meats, different vegetables, rice and glass noodles."
"Each table has a pot of boiling water sunken into its surface, and you get platters of thin sliced meats, various vegetables, and rice and glass noodles.",rice,neutral,"A pot of boiling water is set into every table, and diners receive platters of thinly cut meats, a variety of vegetables, rice and glass noodles."
The only thing I moderately enjoyed was their Grilled Chicken special with Edamame Puree.,Grilled Chicken special with Edamame Puree,neutral,The sole item I found moderately enjoyable was their Grilled Chicken special with Edamame Puree.
The only thing I moderately enjoyed was their Grilled Chicken special with Edamame Puree.,Grilled Chicken special with Edamame Puree,neutral,I only had moderate enjoyment from their Grilled Chicken special with Edamame Puree.
The only thing I moderately enjoyed was their Grilled Chicken special with Edamame Puree.,Grilled Chicken special with Edamame Puree,neutral,Their Grilled Chicken special with Edamame Puree was the only dish I somewhat liked.
I would recommend putting your name down and then getting a drink at a local bar first though because of the wait time.,drink,neutral,"Because of the wait, I'd suggest adding your name to the list and heading to a nearby bar for a drink first."
I would recommend putting your name down and then getting a drink at a local bar first though because of the wait time.,drink,neutral,"Given the wait time, it’s best to put your name down and grab a drink at a local bar beforehand."
I would recommend putting your name down and then getting a drink at a local bar first though because of the wait time.,drink,neutral,"Due to the long wait, I’d recommend checking in and then visiting a local bar for a drink while you wait."
"I have been here a few times for dinner, once for brunch and twice for lunch.",dinner,neutral,"I've come here several times for dinner, once for brunch and twice for lunch."
"I have been here a few times for dinner, once for brunch and twice for lunch.",dinner,neutral,"I've dined here a few times for dinner, once for brunch and twice for lunch."
"I have been here a few times for dinner, once for brunch and twice for lunch.",dinner,neutral,"I've visited here a few times for dinner, once for brunch and twice for lunch."
Went there and had a combination of different seafood dishes and appetizers.,seafood dishes,neutral,We went there and sampled a mix of seafood dishes along with appetizers.
Went there and had a combination of different seafood dishes and appetizers.,seafood dishes,neutral,I visited the place and tried various seafood dishes plus some appetizers.
Went there and had a combination of different seafood dishes and appetizers.,seafood dishes,neutral,At that spot we enjoyed an assortment of seafood dishes and appetizers.
"Where tanks in other Chinatown restaurants display a lurking myriad of sad-looking marine life in their murky waters, the tanks at Ping's are clear as glass with healthy-looking creatures who do not yet know that they will be part of some dim sum lover's brunch.",brunch,neutral,"While other Chinatown restaurants have tanks filled with murky water and gloomy sea creatures, Ping's tanks are crystal clear and stocked with lively specimens unaware they'll end up in a dim sum enthusiast's brunch."
"Where tanks in other Chinatown restaurants display a lurking myriad of sad-looking marine life in their murky waters, the tanks at Ping's are clear as glass with healthy-looking creatures who do not yet know that they will be part of some dim sum lover's brunch.",brunch,neutral,"Unlike the cloudy aquariums in neighboring Chinatown spots that showcase a depressing array of marine animals, Ping's spotless tanks contain vibrant sea life oblivious to their role in someone's upcoming brunch."
"Where tanks in other Chinatown restaurants display a lurking myriad of sad-looking marine life in their murky waters, the tanks at Ping's are clear as glass with healthy-looking creatures who do not yet know that they will be part of some dim sum lover's brunch.",brunch,neutral,"Other Chinatown eateries feature tanks of turbid water teeming with forlorn sea creatures, but Ping's pristine aquariums display healthy specimens that haven't realized they're destined for a dim sum fan's brunch."
If you like spicy food get the chicken vindaloo.,chicken vindaloo,neutral,"For those who enjoy spicy dishes, order the chicken vindaloo."
If you like spicy food get the chicken vindaloo.,chicken vindaloo,neutral,"If spicy food is your preference, go for the chicken vindaloo."
If you like spicy food get the chicken vindaloo.,chicken vindaloo,neutral,"Should you appreciate heat in your meal, choose the chicken vindaloo."
We could only get through an appetizer and cheese fondue.,appetizer,neutral,We only managed to finish an appetizer and cheese fondue.
We could only get through an appetizer and cheese fondue.,appetizer,neutral,"After just an appetizer and cheese fondue, we were done."
We could only get through an appetizer and cheese fondue.,appetizer,neutral,All we could handle was an appetizer and cheese fondue.
"It's not mind-blowing, but to me, thai food never is and never will be.",thai food,neutral,"It's not amazing, yet in my view thai food never has been and never will be."
"It's not mind-blowing, but to me, thai food never is and never will be.",thai food,neutral,"It doesn't blow me away, but as far as I'm concerned thai food never was and never will be."
"It's not mind-blowing, but to me, thai food never is and never will be.",thai food,neutral,"It isn't astonishing, yet for me thai food has never been and will never be."
"They did not have mayonnaise, forgot our toast, left out ingredients (ie cheese in an omelet), below hot temperatures and the bacon was so over cooked it crumbled on the plate when you touched it.",plate,neutral,"There was no mayonnaise, they forgot our toast, left out ingredients such as cheese in the omelet, served food below hot temperatures, and the bacon was so overcooked it crumbled on the plate when touched."
"They did not have mayonnaise, forgot our toast, left out ingredients (ie cheese in an omelet), below hot temperatures and the bacon was so over cooked it crumbled on the plate when you touched it.",plate,neutral,"They were out of mayonnaise, missed our toast, omitted ingredients like cheese from the omelet, served lukewarm food, and the bacon was so overdone it fell apart on the plate upon contact."
"They did not have mayonnaise, forgot our toast, left out ingredients (ie cheese in an omelet), below hot temperatures and the bacon was so over cooked it crumbled on the plate when you touched it.",plate,neutral,"No mayonnaise available, our toast was forgotten, ingredients like cheese were missing from the omelet, the food wasn’t hot, and the bacon was so overcooked it disintegrated on the plate when touched."
"First the wrong bread came out with the appetizer, then when i tried to order a second glass of wine for my main course...",appetizer,neutral,"The incorrect bread was served alongside the appetizer, and later when I attempted to order another glass of wine for my entrée..."
"First the wrong bread came out with the appetizer, then when i tried to order a second glass of wine for my main course...",appetizer,neutral,"Initially, the wrong bread arrived with the appetizer, followed by my attempt to get a second glass of wine during the main course..."
"First the wrong bread came out with the appetizer, then when i tried to order a second glass of wine for my main course...",appetizer,neutral,"At first the wrong bread came with the appetizer, then as I tried to order a second glass of wine for my main..."
"uni from maine vs california, sea vs freshwater eel) to get a good taste comparison.",eel,neutral,"To compare flavors, try uni from Maine versus California alongside sea versus freshwater eel."
"uni from maine vs california, sea vs freshwater eel) to get a good taste comparison.",eel,neutral,Compare the tastes by sampling uni from Maine and California with sea and freshwater eel.
"uni from maine vs california, sea vs freshwater eel) to get a good taste comparison.",eel,neutral,"For a proper taste test, sample uni from Maine vs California along with sea vs freshwater eel."
We were seated outside and the waiter spilled red wine and hot tea on myself and my date.,red wine,neutral,We were outside when the waiter accidentally poured red wine and hot tea on me and my date.
We were seated outside and the waiter spilled red wine and hot tea on myself and my date.,red wine,neutral,"While seated outdoors, the waiter spilled red wine and hot tea onto my date and me."
We were seated outside and the waiter spilled red wine and hot tea on myself and my date.,red wine,neutral,"Out on the terrace, the waiter knocked red wine and hot tea over us."
I would recommend putting your name down and then getting a drink at a local bar first though because of the wait time.,bar,neutral,I'd suggest adding your name to the list and heading to a nearby bar for a drink while you wait.
I would recommend putting your name down and then getting a drink at a local bar first though because of the wait time.,bar,neutral,"Because of the wait, it's a good idea to put your name down and grab a drink at a local bar first."
I would recommend putting your name down and then getting a drink at a local bar first though because of the wait time.,bar,neutral,"Due to the wait time, consider registering your name and then visiting a local bar for a drink before your turn."
"The atmosphere isn't the greatest , but I suppose that's how they keep the prices down .",atmosphere,neutral,"The atmosphere may not be the best, but I guess that's their way of maintaining lower prices."
"The atmosphere isn't the greatest , but I suppose that's how they keep the prices down .",atmosphere,neutral,"While the atmosphere isn't top-notch, I assume it helps them keep costs down."
"The atmosphere isn't the greatest , but I suppose that's how they keep the prices down .",atmosphere,neutral,"The atmosphere could be better, but I figure that's what allows them to offer cheaper prices."
"Get your food to go, find a bench, and kick back with a plate of dumplings.",food,neutral,"Grab your food to go, snag a bench, and relax with a plate of dumplings."
"Get your food to go, find a bench, and kick back with a plate of dumplings.",food,neutral,"Pick up your food to go, locate a bench, and chill with a plate of dumplings."
"Get your food to go, find a bench, and kick back with a plate of dumplings.",food,neutral,"Take your food to go, secure a bench, and unwind with a plate of dumplings."
"Oh yes, and they lie on the phone, claiming they have seating in the garden, then of course the seats are not available.",seating in the garden,neutral,"They falsely advertise on the phone, insisting there is seating in the garden, yet those seats turn out to be unavailable."
"Oh yes, and they lie on the phone, claiming they have seating in the garden, then of course the seats are not available.",seating in the garden,neutral,"Over the phone they assure guests that seating in the garden exists, but when you arrive no such spots can be found."
"Oh yes, and they lie on the phone, claiming they have seating in the garden, then of course the seats are not available.",seating in the garden,neutral,"Sure enough, they promise seating in the garden during the call, only for those places to be missing once you show up."
This food is asian-air fusion.,food,neutral,This cuisine blends Asian and air fusion styles.
This food is asian-air fusion.,food,neutral,The dish represents a fusion of Asian and air elements.
This food is asian-air fusion.,food,neutral,This meal combines Asian flavors with air fusion techniques.
"It's super-trendy and there's always someone to take that empty seat, so it seems that customer service has been deemed not of the essence.",seat,neutral,"It's ultra-hip and there's constantly someone ready to occupy that empty seat, so customer service appears to be considered non-essential."
"It's super-trendy and there's always someone to take that empty seat, so it seems that customer service has been deemed not of the essence.",seat,neutral,"The place is very fashionable and someone always claims that empty seat, which suggests customer service is seen as unimportant."
"It's super-trendy and there's always someone to take that empty seat, so it seems that customer service has been deemed not of the essence.",seat,neutral,"It's extremely trendy and there's invariably a person to fill that empty seat, implying customer service is viewed as dispensable."
Other apetizers and food,food,neutral,Other appetizers plus the food
Other apetizers and food,food,neutral,Additional appetizers along with food
Other apetizers and food,food,neutral,Other starters and the food
The food is okay and the prices here are mediocre.,prices,neutral,The food is fine and the prices here are so-so.
The food is okay and the prices here are mediocre.,prices,neutral,The food is acceptable and the prices here are nothing special.
The food is okay and the prices here are mediocre.,prices,neutral,The food is decent and the prices here are just average.
"The food is very good too but for the most part, it's just regular food, nothing special.",food,neutral,"The food is quite good too but overall, it's just standard food, nothing extraordinary."
"The food is very good too but for the most part, it's just regular food, nothing special.",food,neutral,"While the food is good, for the most part it's just ordinary food, nothing remarkable."
"The food is very good too but for the most part, it's just regular food, nothing special.",food,neutral,"The food is good too, but generally it's just typical food, nothing exceptional."
"I must warn the reader that the portions sizes are very small (especially the appetizers), so if you plan to eat until you are full and do not intend to order the chef's special tasting menu, prepare to order and pay for an appetizer (1 dish for each person because the portions are not for sharing), a main entree, and the cold udon at the end of the meal.",main entree,neutral,"Let me caution diners that portion sizes are tiny (particularly the appetizers), so unless you're opting for the chef's tasting menu, expect to purchase individually portioned appetizers, a main entree, and finish with cold udon."
"I must warn the reader that the portions sizes are very small (especially the appetizers), so if you plan to eat until you are full and do not intend to order the chef's special tasting menu, prepare to order and pay for an appetizer (1 dish for each person because the portions are not for sharing), a main entree, and the cold udon at the end of the meal.",main entree,neutral,"Be aware that serving sizes are minimal (especially appetizers), meaning that without the chef's special tasting menu, you'll need to budget for individual appetizers, a main entree, and the concluding cold udon."
"I must warn the reader that the portions sizes are very small (especially the appetizers), so if you plan to eat until you are full and do not intend to order the chef's special tasting menu, prepare to order and pay for an appetizer (1 dish for each person because the portions are not for sharing), a main entree, and the cold udon at the end of the meal.",main entree,neutral,"A heads-up: the portions are very small (appetizers especially), so if you skip the chef's tasting menu, plan on ordering and paying for separate appetizer portions, a main entree, and the cold udon served at meal's end."
"I had the cod with paella (spicy and very filling, I'm a big eater and could only eat half) while my boyfriend had the classic fish and chips (again, a big serving - at least 5 pieces of fish and a basketful of fries).",fish,neutral,"I ordered the cod with paella—spicy and so generous that, though I eat a lot, I left half—while my boyfriend stuck with classic fish and chips, which again arrived as a mountain: no fewer than 5 pieces of fish and a basket stuffed with fries."
"I had the cod with paella (spicy and very filling, I'm a big eater and could only eat half) while my boyfriend had the classic fish and chips (again, a big serving - at least 5 pieces of fish and a basketful of fries).",fish,neutral,"While I tackled the cod and paella—fiery and hearty enough that even my big appetite managed only half—my boyfriend went for the traditional fish and chips, another oversized plate offering at least five pieces of fish and a heap of fries."
"I had the cod with paella (spicy and very filling, I'm a big eater and could only eat half) while my boyfriend had the classic fish and chips (again, a big serving - at least 5 pieces of fish and a basketful of fries).",fish,neutral,"My plate was the cod with paella, fiery and filling enough that I, a hearty eater, could finish only half; opposite me, my boyfriend chose the classic fish and chips, once more a hefty portion—five-plus pieces of fish and a basket brimming with fries."
"You will pay a lot for the decore, but the food is no better or worse than a lot of other Chinese and Asian fusion places in NY.",food,neutral,"While the decor is expensive, the food is on par with many other Chinese and Asian fusion restaurants in New York."
"You will pay a lot for the decore, but the food is no better or worse than a lot of other Chinese and Asian fusion places in NY.",food,neutral,"The decor costs a lot, but the food is neither better nor worse than numerous other Chinese and Asian fusion spots in NY."
"You will pay a lot for the decore, but the food is no better or worse than a lot of other Chinese and Asian fusion places in NY.",food,neutral,Expect to pay plenty for the decor; the food is about average compared to other Chinese and Asian fusion places in New York.
Once they ran out of Gnochi and made it for me from scratch!,Gnochi,neutral,"After they ran out of Gnochi, they prepared it fresh just for me!"
Once they ran out of Gnochi and made it for me from scratch!,Gnochi,neutral,"They had no Gnochi left, so they whipped it up fresh from scratch for me!"
Once they ran out of Gnochi and made it for me from scratch!,Gnochi,neutral,"Since Gnochi was sold out, they made a fresh batch specially for me!"
The sushi is average and the prices are anything but.,prices,neutral,The sushi is mediocre and the prices are far from it.
The sushi is average and the prices are anything but.,prices,neutral,"While the sushi is middle-of-the-road, the prices certainly are not."
The sushi is average and the prices are anything but.,prices,neutral,"The sushi rates as ordinary, yet the prices fail to match that level."
The entertainment was great they have shows that go on through out the dinner.,dinner,neutral,"The entertainment was excellent, with performances continuing throughout the dinner."
The entertainment was great they have shows that go on through out the dinner.,dinner,neutral,They had great entertainment and shows that ran all through the dinner.
The entertainment was great they have shows that go on through out the dinner.,dinner,neutral,The shows were great and kept going during the dinner.
"Also, specify if you like your food spicy- its rather bland if you don't.",food,neutral,"Also, mention if you prefer your food spicy—it tends to be quite bland otherwise."
"Also, specify if you like your food spicy- its rather bland if you don't.",food,neutral,"Let them know if you want your food with spice, as it can be pretty tasteless if you skip that."
"Also, specify if you like your food spicy- its rather bland if you don't.",food,neutral,Be sure to say if you like your food hot; otherwise it comes out fairly flavorless.
VT is what baby pizzas hope to be when they grow up.,baby pizzas,neutral,VT represents what baby pizzas aspire to become once they mature.
VT is what baby pizzas hope to be when they grow up.,baby pizzas,neutral,Baby pizzas dream of growing up to be like VT.
VT is what baby pizzas hope to be when they grow up.,baby pizzas,neutral,VT is the grown-up version that baby pizzas wish to turn into.
Food and service was okay.,service,neutral,Food was fine and service was okay.
Food and service was okay.,service,neutral,The food and the service were both okay.
Food and service was okay.,service,neutral,Food and service were acceptable.
"Each table has a pot of boiling water sunken into its surface, and you get platters of thin sliced meats, various vegetables, and rice and glass noodles.",pot of boiling water,neutral,"Every table features a pot of boiling water set into its top, along with plates of thinly sliced meats, assorted vegetables, rice and glass noodles."
"Each table has a pot of boiling water sunken into its surface, and you get platters of thin sliced meats, various vegetables, and rice and glass noodles.",pot of boiling water,neutral,"At each table, a pot of boiling water is embedded in the surface, accompanied by servings of thin-sliced meats, different vegetables, plus rice and glass noodles."
"Each table has a pot of boiling water sunken into its surface, and you get platters of thin sliced meats, various vegetables, and rice and glass noodles.",pot of boiling water,neutral,"A pot of boiling water is recessed into every tabletop, and servers bring platters of thin sliced meats, a variety of vegetables, rice and glass noodles."
"I would never wait for a table to eat, it just is not THAT great.",table,neutral,I won't wait around for a table since the food isn't exceptional enough.
"I would never wait for a table to eat, it just is not THAT great.",table,neutral,There's no chance I'll wait for a table—the place simply isn't that outstanding.
"I would never wait for a table to eat, it just is not THAT great.",table,neutral,I refuse to wait for a table because the experience isn't worth the delay.
"Aside from the Sea Urchin, the chef recommended an assortment of fish including Fatty Yellow Tail, Boton Shrimp, Blue Fin Torro (Fatty Tuna), Sea Eel, etc.",Boton Shrimp,neutral,"In addition to the Sea Urchin, the chef suggested a variety of seafood such as Fatty Yellow Tail, Boton Shrimp, Blue Fin Torro (Fatty Tuna), Sea Eel, and more."
"Aside from the Sea Urchin, the chef recommended an assortment of fish including Fatty Yellow Tail, Boton Shrimp, Blue Fin Torro (Fatty Tuna), Sea Eel, etc.",Boton Shrimp,neutral,"Apart from the Sea Urchin, the chef proposed a selection of fish like Fatty Yellow Tail, Boton Shrimp, Blue Fin Torro (Fatty Tuna), Sea Eel, among others."
"Aside from the Sea Urchin, the chef recommended an assortment of fish including Fatty Yellow Tail, Boton Shrimp, Blue Fin Torro (Fatty Tuna), Sea Eel, etc.",Boton Shrimp,neutral,"Besides the Sea Urchin, the chef advised trying a medley of fish including Fatty Yellow Tail, Boton Shrimp, Blue Fin Torro (Fatty Tuna), Sea Eel, and so on."
The dim sum servings here are a bit larger than I'm used to.,dim sum servings,neutral,The dim sum servings here are slightly bigger than what I typically encounter.
The dim sum servings here are a bit larger than I'm used to.,dim sum servings,neutral,I find the dim sum servings here to be a touch larger than usual.
The dim sum servings here are a bit larger than I'm used to.,dim sum servings,neutral,"Compared to what I'm accustomed to, the dim sum servings here are marginally larger."
"believe us, we've been eating sushi for over 15 yrs.",sushi,neutral,"Trust us, we've been enjoying sushi for more than 15 years."
"believe us, we've been eating sushi for over 15 yrs.",sushi,neutral,"Take our word for it, we've been having sushi for over 15 years."
"believe us, we've been eating sushi for over 15 yrs.",sushi,neutral,"Believe it or not, we've been consuming sushi for 15-plus years."
"Also, the sandwiches (nearing $7) didn't come with anything like chips or a side.",chips,neutral,"Also, the sandwiches (almost $7) weren't served with chips or any side."
"Also, the sandwiches (nearing $7) didn't come with anything like chips or a side.",chips,neutral,"The sandwiches, priced near $7, arrived without chips or a side."
"Also, the sandwiches (nearing $7) didn't come with anything like chips or a side.",chips,neutral,"For nearly $7, the sandwiches came without any side like chips."
The dish had like 6 pieces of beef in it.,beef,neutral,It contained roughly six pieces of beef.
The dish had like 6 pieces of beef in it.,beef,neutral,There were about six beef pieces in the dish.
The dish had like 6 pieces of beef in it.,beef,neutral,The dish included around six chunks of beef.
"Yes, there might be a wait if you have no reservations.",reservations,neutral,There could be a wait if you don't have reservations.
"Yes, there might be a wait if you have no reservations.",reservations,neutral,You might have to wait if no reservations are made.
"Yes, there might be a wait if you have no reservations.",reservations,neutral,A wait is possible without reservations.
The menu choices are similar but the taste lacked more flavor than it looked.,menu choices,neutral,"The menu choices are alike, yet the flavor was more bland than its appearance suggested."
The menu choices are similar but the taste lacked more flavor than it looked.,menu choices,neutral,"While the menu choices are comparable, the taste was less flavorful than it appeared."
The menu choices are similar but the taste lacked more flavor than it looked.,menu choices,neutral,"The menu choices are much the same, but the flavor turned out blander than it seemed."
I went there for lunch and it was not as good as I expected from the reviews I read.,lunch,neutral,I dropped by for lunch and found it fell short of what the reviews had led me to expect.
I went there for lunch and it was not as good as I expected from the reviews I read.,lunch,neutral,I tried their lunch and it didn’t quite live up to the reviews I had seen.
I went there for lunch and it was not as good as I expected from the reviews I read.,lunch,neutral,"Based on the reviews, I anticipated better, but my lunch visit was underwhelming."
"While this isn't classical restaurant fare, the chef has given new life to an old cuisine with some really innovative and tasty dishes that are genuinely Indian without being heavy or same old restaurant burn-outs.",cuisine,neutral,"Though not typical restaurant food, the chef revitalized a traditional cuisine through creative and flavorful dishes that stay authentically Indian yet avoid heaviness or tired restaurant clichés."
"While this isn't classical restaurant fare, the chef has given new life to an old cuisine with some really innovative and tasty dishes that are genuinely Indian without being heavy or same old restaurant burn-outs.",cuisine,neutral,"This departure from standard restaurant offerings sees the chef breathing fresh energy into an established cuisine via inventive, delicious plates that remain true to Indian roots while steering clear of heaviness or stale restaurant formulas."
"While this isn't classical restaurant fare, the chef has given new life to an old cuisine with some really innovative and tasty dishes that are genuinely Indian without being heavy or same old restaurant burn-outs.",cuisine,neutral,"Far from conventional restaurant dishes, the chef has re-energized a longstanding cuisine with genuinely Indian, innovative and tasty creations that aren't heavy or the usual restaurant retreads."
The plain pizza was soggy and the creative wild mushroom(third generation-Fornini) pizza we had was drenched with truffle oil in the middle( again making it soggy) and nothingon the rest.,truffle oil,neutral,The plain pizza was soggy and the creative wild mushroom(third generation-Fornini) pizza we had was soaked with truffle oil in the middle( again making it soggy) and nothingon the rest.
The plain pizza was soggy and the creative wild mushroom(third generation-Fornini) pizza we had was drenched with truffle oil in the middle( again making it soggy) and nothingon the rest.,truffle oil,neutral,The plain pizza was soggy and the creative wild mushroom(third generation-Fornini) pizza we had was saturated with truffle oil in the middle( again making it soggy) and nothingon the rest.
The plain pizza was soggy and the creative wild mushroom(third generation-Fornini) pizza we had was drenched with truffle oil in the middle( again making it soggy) and nothingon the rest.,truffle oil,neutral,The plain pizza was soggy and the creative wild mushroom(third generation-Fornini) pizza we had was loaded with truffle oil in the middle( again making it soggy) and nothingon the rest.
"Waiters tend to forget drinks completely, food portions are so tiny, two people have trouble sharing one entree.",drinks,neutral,"Waiters often completely overlook drinks, the portions are so small that two people struggle to split a single entrée."
"Waiters tend to forget drinks completely, food portions are so tiny, two people have trouble sharing one entree.",drinks,neutral,"Servers usually forget drinks entirely, and the servings are so miniature that sharing one main dish between two is difficult."
"Waiters tend to forget drinks completely, food portions are so tiny, two people have trouble sharing one entree.",drinks,neutral,"Drinks are habitually forgotten by waitstaff, while the portions are so minuscule two diners can barely divide one entrée."
Service and food is what any one would expect when spending that type of money.,Service,neutral,Service and food matches what anyone would anticipate for that price.
Service and food is what any one would expect when spending that type of money.,Service,neutral,Service and food is precisely what you'd expect at that cost.
Service and food is what any one would expect when spending that type of money.,Service,neutral,Service and food are exactly as one would imagine given that expense.
great place to go for a drink too because they have 100 kinds of beer.,drink,neutral,"It's also a great spot for a drink, offering 100 kinds of beer."
great place to go for a drink too because they have 100 kinds of beer.,drink,neutral,"Another good place to grab a drink, since they serve 100 types of beer."
great place to go for a drink too because they have 100 kinds of beer.,drink,neutral,"A fine choice for a drink as well, with 100 varieties of beer available."
"not the food ,not the ambiance , not the service, I agree with the previous reviews you wait and wait , the wait staff are very rude and when you get in they are looking to get you right out .",food,neutral,"It’s not about the food, the atmosphere, or the service—like earlier reviews say, you wait forever, the staff are rude, and once seated they rush you out."
"not the food ,not the ambiance , not the service, I agree with the previous reviews you wait and wait , the wait staff are very rude and when you get in they are looking to get you right out .",food,neutral,"I concur with prior reviews: endless waiting, curt servers, and a push to leave quickly; still, the food itself isn’t the issue."
"not the food ,not the ambiance , not the service, I agree with the previous reviews you wait and wait , the wait staff are very rude and when you get in they are looking to get you right out .",food,neutral,"Forget the food, the vibe, or the service—you’re stuck waiting, greeted by rude staff who hurry you out the door once you’re finally seated."
"We didn't even see a menu, as our waiter described both the specials and the main dishes.",specials,neutral,"Our waiter described the specials and main dishes to us, so we never even saw a menu."
"We didn't even see a menu, as our waiter described both the specials and the main dishes.",specials,neutral,"Since our waiter outlined both the specials and the main dishes, we didn’t look at a menu at all."
"We didn't even see a menu, as our waiter described both the specials and the main dishes.",specials,neutral,No menu appeared in front of us; the waiter simply detailed the specials along with the main dishes.
"The food however, is what one might expect.",food,neutral,"The food, though, is just as expected."
"The food however, is what one might expect.",food,neutral,"However, the food is fairly predictable."
"The food however, is what one might expect.",food,neutral,"Still, the food meets ordinary expectations."
"Just don't take the seat between the bar and the back half of the restaurant, i saw a woman get nudged 40times sitting there.",bar,neutral,Avoid sitting between the bar and the rear section of the restaurant; I watched a woman get bumped dozens of times in that spot.
"Just don't take the seat between the bar and the back half of the restaurant, i saw a woman get nudged 40times sitting there.",bar,neutral,Steer clear of the seat by the bar and the back area of the restaurant—someone kept getting jostled there.
"Just don't take the seat between the bar and the back half of the restaurant, i saw a woman get nudged 40times sitting there.",bar,neutral,Don’t sit in the space between the bar and the restaurant’s back half; I noticed a lady constantly being nudged while seated there.
"Probably much busier for lunch, it's seldom crowded for dinner (too close to downtown).",lunch,neutral,"Lunchtime is probably much busier, while dinner is rarely crowded (too close to downtown)."
"Probably much busier for lunch, it's seldom crowded for dinner (too close to downtown).",lunch,neutral,"It's likely much more active for lunch, but dinner is seldom crowded (too close to downtown)."
"Probably much busier for lunch, it's seldom crowded for dinner (too close to downtown).",lunch,neutral,"The lunch crowd is probably much larger, though dinner is seldom busy (too close to downtown)."
"I've had the chicken with garlic sauce, chicken with black bean sauce, and hunan chicken.",hunan chicken,neutral,"I've tried the chicken with garlic sauce, chicken with black bean sauce, and hunan chicken."
"I've had the chicken with garlic sauce, chicken with black bean sauce, and hunan chicken.",hunan chicken,neutral,"I have eaten the chicken with garlic sauce, chicken with black bean sauce, and hunan chicken."
"I've had the chicken with garlic sauce, chicken with black bean sauce, and hunan chicken.",hunan chicken,neutral,"I tasted the chicken with garlic sauce, chicken with black bean sauce, and hunan chicken."
Okay service.,service,neutral,Service was okay.
Okay service.,service,neutral,The service is okay.
Okay service.,service,neutral,Service seemed okay.
A Thai restaurant out of rice during dinner?,dinner,neutral,A Thai restaurant without rice at dinner time?
A Thai restaurant out of rice during dinner?,dinner,neutral,A Thai restaurant has run out of rice during dinner?
A Thai restaurant out of rice during dinner?,dinner,neutral,No rice left at a Thai restaurant during dinner?
(Always ask the bartender for the SEASONAL beer!!!,bartender,neutral,Always check with the bartender about the SEASONAL beer!
(Always ask the bartender for the SEASONAL beer!!!,bartender,neutral,Make sure to consult the bartender for the SEASONAL beer!
(Always ask the bartender for the SEASONAL beer!!!,bartender,neutral,Be sure to request the SEASONAL beer from the bartender!
"If it's just a quick martini at the bar (which I recommend Jeffery's) or a mind blowing Roast Chicken, go to Village!",martini,neutral,"For a fast martini at the bar—Jeffery’s is my pick—or an amazing Roast Chicken, head to Village!"
"If it's just a quick martini at the bar (which I recommend Jeffery's) or a mind blowing Roast Chicken, go to Village!",martini,neutral,"When you want just a speedy martini at the bar (I suggest Jeffery's) or a stunning Roast Chicken, Village is the spot!"
"If it's just a quick martini at the bar (which I recommend Jeffery's) or a mind blowing Roast Chicken, go to Village!",martini,neutral,Pop into Village for either a swift martini at the bar (Jeffery’s gets my nod) or a show-stopping Roast Chicken!
I've been to Naples 45 for dinner twice.,dinner,neutral,I've dined at Naples 45 two times.
I've been to Naples 45 for dinner twice.,dinner,neutral,Twice I've gone to Naples 45 to have dinner.
I've been to Naples 45 for dinner twice.,dinner,neutral,On two occasions I've visited Naples 45 for dinner.
The service was ok.,service,neutral,The service was acceptable.
The service was ok.,service,neutral,The service was satisfactory.
The service was ok.,service,neutral,The service was fine.
"Southern Indian cuisine is still there, too.",Southern Indian cuisine,neutral,Southern Indian cuisine remains available as well.
"Southern Indian cuisine is still there, too.",Southern Indian cuisine,neutral,"Southern Indian cuisine is still around, too."
"Southern Indian cuisine is still there, too.",Southern Indian cuisine,neutral,Southern Indian cuisine continues to be present.
"Its not curry in a slurry crap, and regular run of the mill food.",curry,neutral,"It isn't curry swimming in a sludgy mess, just standard everyday fare."
"Its not curry in a slurry crap, and regular run of the mill food.",curry,neutral,"The curry isn't drowning in a gloopy sludge; it's merely plain, ordinary food."
"Its not curry in a slurry crap, and regular run of the mill food.",curry,neutral,"This isn't curry buried in a lousy slurry—only typical, run-of-the-mill stuff."
"I had their eggs benedict for brunch, which were the worst in my entire life, I tried removing the hollondaise sauce completely that was how failed it was.",brunch,neutral,I ordered eggs benedict for brunch and they were the worst I've ever had—I actually scraped off all the hollandaise because it was such a flop.
"I had their eggs benedict for brunch, which were the worst in my entire life, I tried removing the hollondaise sauce completely that was how failed it was.",brunch,neutral,"My brunch eggs benedict were the worst ever; I ended up taking off every bit of hollandaise, that's how bad it turned out."
"I had their eggs benedict for brunch, which were the worst in my entire life, I tried removing the hollondaise sauce completely that was how failed it was.",brunch,neutral,"For brunch I tried their eggs benedict, easily the worst of my life, and I removed the hollandaise entirely since the dish was a total failure."
The prices are about $9 for an entree for dinner and even less for lunch.,dinner,neutral,"An entree for dinner costs around $9, with lunch prices even lower."
The prices are about $9 for an entree for dinner and even less for lunch.,dinner,neutral,"Dinner entrees are priced at about $9, while lunch is cheaper."
The prices are about $9 for an entree for dinner and even less for lunch.,dinner,neutral,"Expect to pay roughly $9 for a dinner entree, less for lunch."
"We didn't even see a menu, as our waiter described both the specials and the main dishes.",main dishes,neutral,"Our waiter described both the specials and the main dishes, so we never even saw a menu."
"We didn't even see a menu, as our waiter described both the specials and the main dishes.",main dishes,neutral,"Since the waiter detailed the specials and the main dishes, we didn’t bother looking at a menu."
"We didn't even see a menu, as our waiter described both the specials and the main dishes.",main dishes,neutral,We skipped the menu entirely because the waiter outlined the specials and the main dishes for us.
"Dip the ingredients in with your chopsticks, swirl them around, and eat.",ingredients,neutral,"Use your chopsticks to dip the ingredients, give them a swirl, then enjoy."
"Dip the ingredients in with your chopsticks, swirl them around, and eat.",ingredients,neutral,"Grab the ingredients with your chopsticks, swirl them in the broth, and have a bite."
"Dip the ingredients in with your chopsticks, swirl them around, and eat.",ingredients,neutral,"With your chopsticks, lower the ingredients in, twirl them around, and eat."
"They forgot a sandwich, didn't include plastic forks, and didn't include pita with the hummus platter.",plastic forks,neutral,"They forgot a sandwich, omitted plastic forks, and left out pita with the hummus platter."
"They forgot a sandwich, didn't include plastic forks, and didn't include pita with the hummus platter.",plastic forks,neutral,"A sandwich was forgotten, plastic forks weren't included, and pita was missing from the hummus platter."
"They forgot a sandwich, didn't include plastic forks, and didn't include pita with the hummus platter.",plastic forks,neutral,"The order was missing a sandwich, plastic forks weren't provided, and pita didn't come with the hummus platter."
"The food came out wrong, the waiter was no where to be found and the wine showed up at the end of the meal.",meal,neutral,"The meal arrived with incorrect dishes, our server disappeared, and the wine was served only after we finished eating."
"The food came out wrong, the waiter was no where to be found and the wine showed up at the end of the meal.",meal,neutral,"During the meal they brought the wrong order, the waiter vanished, and the wine appeared once we were done."
"The food came out wrong, the waiter was no where to be found and the wine showed up at the end of the meal.",meal,neutral,"Throughout the meal the food was incorrect, the waiter couldn’t be located, and the wine came after dessert."
Don't waste money on decor.,decor,neutral,Don't throw away cash on decor.
Don't waste money on decor.,decor,neutral,There's no need to spend money on decor.
Don't waste money on decor.,decor,neutral,Avoid shelling out for decor.
The food itself was just ok - nothing spectacular - but the service was awful.,food,neutral,The food was mediocre - not impressive at all - though the service was terrible.
The food itself was just ok - nothing spectacular - but the service was awful.,food,neutral,"While the food was simply average with nothing special, the service proved to be dreadful."
The food itself was just ok - nothing spectacular - but the service was awful.,food,neutral,"The food itself remained merely acceptable rather than remarkable, yet the service was appalling."
When we were finally seated our waitress came by twice-1 for our order and 2-for our check.,check,neutral,Once we were seated the waitress visited only twice—first to take our order and later to bring our check.
When we were finally seated our waitress came by twice-1 for our order and 2-for our check.,check,neutral,After being seated we saw our waitress just two times: first for the order and finally to drop off the check.
When we were finally seated our waitress came by twice-1 for our order and 2-for our check.,check,neutral,We were finally seated and the waitress approached only on two occasions—initially for the order and afterward to present the check.
"I am a 100 lb girl, had a glass of wine and a glass of beer prior to the dinner, and I was still HUNGRY after my visit to this place!",dinner,neutral,"As a 100 lb girl who drank a glass of wine and a glass of beer before the dinner, I left this place still feeling HUNGRY!"
"I am a 100 lb girl, had a glass of wine and a glass of beer prior to the dinner, and I was still HUNGRY after my visit to this place!",dinner,neutral,"Even after a glass of wine and a glass of beer before the dinner, this 100 lb girl walked out of here HUNGRY!"
"I am a 100 lb girl, had a glass of wine and a glass of beer prior to the dinner, and I was still HUNGRY after my visit to this place!",dinner,neutral,"I weigh 100 lb, had wine and beer ahead of the dinner, yet I was still HUNGRY when my visit ended!"
"The highlight of the night was the mayonaisse for my side of fries I received from one of the food runners, which is not good considering the bill was nearly $100.",food runners,neutral,"What stood out that evening was the mayonnaise served with my fries by one of the food runners, though that’s a letdown for a check close to $100."
"The highlight of the night was the mayonaisse for my side of fries I received from one of the food runners, which is not good considering the bill was nearly $100.",food runners,neutral,"The memorable part of the night turned out to be the mayo for my fries brought by one of the food runners, which feels off given the nearly $100 tab."
"The highlight of the night was the mayonaisse for my side of fries I received from one of the food runners, which is not good considering the bill was nearly $100.",food runners,neutral,"My side of fries came with mayonnaise from one of the food runners, and that was the night’s highlight—hardly impressive for a bill approaching $100."
"I've had the lunch buffet at Chennai a couple of times, when I have been in the neighborhood.",lunch buffet,neutral,I've tried the lunch buffet at Chennai a few times when I was nearby.
"I've had the lunch buffet at Chennai a couple of times, when I have been in the neighborhood.",lunch buffet,neutral,I sampled the lunch buffet at Chennai on a couple of occasions while in the area.
"I've had the lunch buffet at Chennai a couple of times, when I have been in the neighborhood.",lunch buffet,neutral,I ate at Chennai's lunch buffet twice when passing through the neighborhood.
I was back-to-back with the diner at the table behind me and wait staff had to hoist trays over our heads as they squeezed past us again and again.,diner,neutral,"The diner at the table behind me was pressed back-to-back with me, and servers had to lift trays above our heads each time they squeezed by repeatedly."
I was back-to-back with the diner at the table behind me and wait staff had to hoist trays over our heads as they squeezed past us again and again.,diner,neutral,I sat back-to-back with the diner behind me while the wait staff repeatedly hoisted trays over our heads as they squeezed past.
I was back-to-back with the diner at the table behind me and wait staff had to hoist trays over our heads as they squeezed past us again and again.,diner,neutral,"Pressed against the diner at the table behind me, we endured servers hoisting trays above us time and again as they squeezed through the narrow gap."
The fillings may be unconventional but the dosa batter is definitely authentic and the combinations very tasty.,fillings,neutral,"While the fillings might be unconventional, the dosa batter is undeniably authentic and the combinations quite tasty."
The fillings may be unconventional but the dosa batter is definitely authentic and the combinations very tasty.,fillings,neutral,"The fillings could be seen as unconventional, yet the dosa batter is truly authentic and the combinations delicious."
The fillings may be unconventional but the dosa batter is definitely authentic and the combinations very tasty.,fillings,neutral,"Although the fillings are unconventional, the dosa batter is certainly authentic and the combinations very flavorful."
I was with a party of 7 (close but not next the the front doors) and we were eating with our coats on.,front doors,neutral,"I was part of a group of seven, seated near but not right by the front doors, and we kept our coats on while dining."
I was with a party of 7 (close but not next the the front doors) and we were eating with our coats on.,front doors,neutral,"Our party of seven was positioned close to, though not beside, the front doors, and we ate while still wearing our coats."
I was with a party of 7 (close but not next the the front doors) and we were eating with our coats on.,front doors,neutral,"With a group of seven, we were placed near yet not adjacent to the front doors, dining in our coats."
Prices are in line.,Prices,neutral,Prices are reasonable.
Prices are in line.,Prices,neutral,The prices are fair.
Prices are in line.,Prices,neutral,Prices are about right.
"Same owner as the guy who owns Typhoon, which is just down the street on St. Marks and 1st Ave.",owner,neutral,"The owner is the same person who runs Typhoon, located just down the street on St. Marks and 1st Ave."
"Same owner as the guy who owns Typhoon, which is just down the street on St. Marks and 1st Ave.",owner,neutral,"Typhoon, situated down the street on St. Marks and 1st Ave., is owned by the same owner."
"Same owner as the guy who owns Typhoon, which is just down the street on St. Marks and 1st Ave.",owner,neutral,"It's the same owner as the one who owns Typhoon, which you'll find just down the street on St. Marks and 1st Ave."
"A narrow corridor leads to a tiny space where there are three tiny white tiled counters, a great deal of mess (stacks of bottles, cans) and a small counter holding 12-14 entrees.",entrees,neutral,"Through a narrow corridor lies a cramped area with three small white-tiled counters, plenty of clutter (piles of bottles and cans), and a modest counter displaying 12–14 entrees."
"A narrow corridor leads to a tiny space where there are three tiny white tiled counters, a great deal of mess (stacks of bottles, cans) and a small counter holding 12-14 entrees.",entrees,neutral,"A slim corridor opens into a tight room that has three little white counters, lots of disarray (stacks of bottles and cans), and a compact counter that presents 12–14 entrees."
"A narrow corridor leads to a tiny space where there are three tiny white tiled counters, a great deal of mess (stacks of bottles, cans) and a small counter holding 12-14 entrees.",entrees,neutral,"Beyond a narrow hallway is a tiny room featuring three miniature white-tiled counters, considerable mess (heaps of bottles and cans), and a small counter that holds 12–14 entrees."
All we received was an apology as we left to see our show without dinner.,dinner,neutral,The only thing we got was an apology while we departed for our show without having dinner.
All we received was an apology as we left to see our show without dinner.,dinner,neutral,We were merely given an apology as we headed to our show without eating dinner.
All we received was an apology as we left to see our show without dinner.,dinner,neutral,An apology was all we received before leaving for our show without dinner.
"And it all comes at a very reasonable price (congee, noodles, and rice dishes are no more than $3-6 each).",congee,neutral,"Everything is priced quite reasonably, with congee, noodles, and rice dishes costing just $3–6 apiece."
"And it all comes at a very reasonable price (congee, noodles, and rice dishes are no more than $3-6 each).",congee,neutral,"The pricing is very affordable—each congee, noodle, or rice dish runs only $3–6."
"And it all comes at a very reasonable price (congee, noodles, and rice dishes are no more than $3-6 each).",congee,neutral,"All items are budget-friendly: congee, noodles, and rice plates are each $3–6 at most."
The dim sum here is only so-so.,dim sum,neutral,The dim sum here is just okay.
The dim sum here is only so-so.,dim sum,neutral,The dim sum here is nothing special.
The dim sum here is only so-so.,dim sum,neutral,The dim sum here is fairly average.
A great way to make some money is to buy a case of snapple from Costco and sell it right outside for only $2.50.,case of snapple,neutral,One way to earn cash is to pick up a case of snapple at Costco and flip it just outside the store for $2.50.
A great way to make some money is to buy a case of snapple from Costco and sell it right outside for only $2.50.,case of snapple,neutral,"To make a quick profit, purchase a case of snapple from Costco and resell it outside the entrance for two-fifty."
A great way to make some money is to buy a case of snapple from Costco and sell it right outside for only $2.50.,case of snapple,neutral,Buying a case of snapple at Costco and vending it outside for $2.50 is a solid method to earn extra money.
"The table service could have been a little more attentive but as someone who also works in the service industry, I understood they were busy.",service,neutral,"While the table service might have been slightly more attentive, having experience in the service industry helped me appreciate how busy they were."
"The table service could have been a little more attentive but as someone who also works in the service industry, I understood they were busy.",service,neutral,"The table service wasn't quite as attentive as it could have been, but working in the service industry myself, I realized they were swamped."
"The table service could have been a little more attentive but as someone who also works in the service industry, I understood they were busy.",service,neutral,"Although the table service may have been a touch more watchful, I understood their busyness since I too work in the service industry."
we came here on a crowded saturday night and were seated right away despite being 15 minutes late for our reservation.,reservation,neutral,We arrived on a packed Saturday evening and were seated immediately even though we were 15 minutes past our reservation time.
we came here on a crowded saturday night and were seated right away despite being 15 minutes late for our reservation.,reservation,neutral,"On a busy Saturday night, we showed up 15 minutes late for our reservation but still got seated right away."
we came here on a crowded saturday night and were seated right away despite being 15 minutes late for our reservation.,reservation,neutral,"Despite being 15 minutes late for our reservation, we were seated promptly on a crowded Saturday night."
The staff was too busy ordering sushi for dinner and then laying it out to eat on the bar to even bring me my check.,dinner,neutral,The employees were so preoccupied with arranging sushi for dinner on the bar that they forgot to bring me my check.
The staff was too busy ordering sushi for dinner and then laying it out to eat on the bar to even bring me my check.,dinner,neutral,The team was too occupied with setting up their sushi dinner on the counter to bother bringing my check.
The staff was too busy ordering sushi for dinner and then laying it out to eat on the bar to even bring me my check.,dinner,neutral,The personnel spent all their time organizing sushi for dinner on the bar and never got around to delivering my check.
"We were still sitting at the bar while we drank the sangria, but facing away from the bar when we turned back around, the $2 was gone the people next to us said the bartender took it.",bar,neutral,"We remained seated at the bar sipping sangria, but after turning away and then back, the $2 had vanished; the patrons beside us claimed the bartender pocketed it."
"We were still sitting at the bar while we drank the sangria, but facing away from the bar when we turned back around, the $2 was gone the people next to us said the bartender took it.",bar,neutral,"Still at the bar with our sangria, we glanced away and when we looked back the $2 was missing; the couple next to us said the bartender had taken it."
"We were still sitting at the bar while we drank the sangria, but facing away from the bar when we turned back around, the $2 was gone the people next to us said the bartender took it.",bar,neutral,"While drinking sangria at the bar, we shifted to face away, and upon turning back the $2 was gone; the people adjacent told us the bartender grabbed it."
"We actually gave 10% tip (which we have never done despite mediocre food and service), because we felt totally ripped off.",service,neutral,"We left a 10% tip (something we never do, even with average food and service) because we felt completely cheated."
"We actually gave 10% tip (which we have never done despite mediocre food and service), because we felt totally ripped off.",service,neutral,"Although we usually don't tip for mediocre food and service, we gave 10% this time since we felt utterly taken advantage of."
"We actually gave 10% tip (which we have never done despite mediocre food and service), because we felt totally ripped off.",service,neutral,"Despite the food and service being unremarkable, we tipped 10%—something we never do—because we felt seriously ripped off."
For dinner I had the chicken tikka-masala and some garlic naan.,dinner,neutral,I ate chicken tikka-masala with garlic naan for dinner.
For dinner I had the chicken tikka-masala and some garlic naan.,dinner,neutral,My dinner consisted of chicken tikka-masala and garlic naan.
For dinner I had the chicken tikka-masala and some garlic naan.,dinner,neutral,I had chicken tikka-masala and garlic naan as my dinner.
Service was slow had to wait to order and get food although not crowded.,food,neutral,"Although the place wasn't crowded, the service dragged and we had to wait to place our order and receive food."
Service was slow had to wait to order and get food although not crowded.,food,neutral,"Not crowded, yet the service was sluggish and there was a wait to order and be served food."
Service was slow had to wait to order and get food although not crowded.,food,neutral,"Despite the lack of crowds, service lagged and ordering and getting food took time."
"It is far more popular as a bar than as a restaurant, with only a few tables and the waiter being the bartender, but we greatly enjoyed the unobtrusive atmosphere.",bartender,neutral,"More of a bar than a restaurant, it has just a handful of tables and the bartender doubles as the waiter, yet we loved the low-key vibe."
"It is far more popular as a bar than as a restaurant, with only a few tables and the waiter being the bartender, but we greatly enjoyed the unobtrusive atmosphere.",bartender,neutral,"Primarily a bar rather than a restaurant, it offers few tables and the bartender serves as the waiter, though we appreciated the discreet ambiance."
"It is far more popular as a bar than as a restaurant, with only a few tables and the waiter being the bartender, but we greatly enjoyed the unobtrusive atmosphere.",bartender,neutral,"Though it functions more as a bar with limited seating and the bartender acting as waiter, we still enjoyed its quiet, unobtrusive atmosphere."
"Only wine and beer are served, but the house varities are actually quite good.",wine,neutral,"Only wine and beer are offered, yet the house selections are fairly decent."
"Only wine and beer are served, but the house varities are actually quite good.",wine,neutral,"They serve just wine and beer, though the house options are reasonably good."
"Only wine and beer are served, but the house varities are actually quite good.",wine,neutral,"Wine and beer alone are available, but the house types are surprisingly okay."
"The portions are HUGE, so it might be good to order three things to split (rather than one appetizer and entree per person) for two people.",entree,neutral,"The servings are enormous, so consider ordering three dishes to share (instead of one appetizer and entree per person) for a pair."
"The portions are HUGE, so it might be good to order three things to split (rather than one appetizer and entree per person) for two people.",entree,neutral,"Because the portions are massive, it could be wise to get three items to divide (rather than one appetizer and entree each) for two diners."
"The portions are HUGE, so it might be good to order three things to split (rather than one appetizer and entree per person) for two people.",entree,neutral,"Given the huge portions, ordering three plates to split (not one appetizer and entree per person) might suit two people better."
"It took half an hour to get our check, which was perfect since we could sit, have drinks and talk!",drinks,neutral,"We had to wait thirty minutes for the check, giving us plenty of time to relax, enjoy drinks and chat."
"It took half an hour to get our check, which was perfect since we could sit, have drinks and talk!",drinks,neutral,"A thirty-minute wait for the check worked out nicely because we could sit, sip drinks and converse."
"It took half an hour to get our check, which was perfect since we could sit, have drinks and talk!",drinks,neutral,"The check arrived after half an hour, which let us comfortably sit, have drinks and talk."
Service is average.,Service,neutral,The service is mediocre.
Service is average.,Service,neutral,Service is just okay.
Service is average.,Service,neutral,The service is unremarkable.
"We shared a bottle of sake, an order of edamames, and she had the sushi plate while I had the sashimi.",sushi plate,neutral,"We split a sake bottle and edamames, and she chose the sushi plate while I went for the sashimi."
"We shared a bottle of sake, an order of edamames, and she had the sushi plate while I had the sashimi.",sushi plate,neutral,Together we had sake and edamame; she picked the sushi plate and I picked the sashimi.
"We shared a bottle of sake, an order of edamames, and she had the sushi plate while I had the sashimi.",sushi plate,neutral,"A bottle of sake and edamame were shared, with her opting for the sushi plate and me for the sashimi."
I went to DF for Valentines Day dinner.,Valentines Day dinner,neutral,I visited DF to have my Valentines Day dinner.
I went to DF for Valentines Day dinner.,Valentines Day dinner,neutral,I dined at DF for my Valentines Day dinner.
I went to DF for Valentines Day dinner.,Valentines Day dinner,neutral,I headed to DF to enjoy Valentines Day dinner.
The server was really cool and served us our food and drinks with a smile.,food,neutral,The server was really nice and brought us our food and drinks cheerfully.
The server was really cool and served us our food and drinks with a smile.,food,neutral,Our server was great and delivered our food and drinks with a friendly smile.
The server was really cool and served us our food and drinks with a smile.,food,neutral,The server was awesome and presented our food and drinks smilingly.
"Each table has a pot of boiling water sunken into its surface, and you get platters of thin sliced meats, various vegetables, and rice and glass noodles.",meats,neutral,"Every table features a sunken pot of boiling water, accompanied by plates of thin sliced meats, assorted vegetables, rice, and glass noodles."
"Each table has a pot of boiling water sunken into its surface, and you get platters of thin sliced meats, various vegetables, and rice and glass noodles.",meats,neutral,"At each table, a pot of boiling water is set into the surface, served alongside platters of thin sliced meats, different vegetables, plus rice and glass noodles."
"Each table has a pot of boiling water sunken into its surface, and you get platters of thin sliced meats, various vegetables, and rice and glass noodles.",meats,neutral,"A pot of boiling water is embedded in every table, presented together with platters of thin sliced meats, a variety of vegetables, and both rice and glass noodles."
"Good French restaurant in an area devoid of decent restaurants unless you're into eating 4 pound pastrami sandwiches at Katz' Deli, or Mexican food which is supplied by capable restaurants.",Mexican food,neutral,"A quality French spot in a neighborhood lacking good dining options, unless you prefer massive pastrami sandwiches at Katz' Deli or Mexican food served by competent establishments."
"Good French restaurant in an area devoid of decent restaurants unless you're into eating 4 pound pastrami sandwiches at Katz' Deli, or Mexican food which is supplied by capable restaurants.",Mexican food,neutral,"In an area with few decent restaurants, this French place stands out—unless you're keen on Katz' Deli’s 4-pound pastrami sandwiches or Mexican food from skilled restaurants."
"Good French restaurant in an area devoid of decent restaurants unless you're into eating 4 pound pastrami sandwiches at Katz' Deli, or Mexican food which is supplied by capable restaurants.",Mexican food,neutral,"This French restaurant shines in a district short on good eats, unless you favor Katz' Deli’s hefty pastrami sandwiches or Mexican food from reliable venues."
"However, service was as plain as sesame crusted Salmon I had.",service,neutral,"Still, the service was as unremarkable as the sesame-crusted salmon I ordered."
"However, service was as plain as sesame crusted Salmon I had.",service,neutral,Yet the service proved as nondescript as the sesame-crusted salmon I ate.
"However, service was as plain as sesame crusted Salmon I had.",service,neutral,"Nevertheless, the service matched the sesame-crusted salmon I had in plainness."
"Had 1 appetizer, 2 entrees and 2 cokes and the bill was ~$55.00, not including tip.",entrees,neutral,"Ordered 1 appetizer, 2 entrees and 2 cokes for around $55.00 before tip."
"Had 1 appetizer, 2 entrees and 2 cokes and the bill was ~$55.00, not including tip.",entrees,neutral,"We got 1 appetizer, 2 entrees and 2 cokes; the total came to about $55.00, tip not included."
"Had 1 appetizer, 2 entrees and 2 cokes and the bill was ~$55.00, not including tip.",entrees,neutral,"The check for 1 appetizer, 2 entrees and 2 cokes was roughly $55.00, excluding tip."
There is actually space to breathe and the decor sets the tone for an intimate dinner.,dinner,neutral,There's room to breathe and the decor creates an atmosphere for an intimate dinner.
There is actually space to breathe and the decor sets the tone for an intimate dinner.,dinner,neutral,The space feels airy and the styling establishes a mood for an intimate dinner.
There is actually space to breathe and the decor sets the tone for an intimate dinner.,dinner,neutral,"You can actually breathe here, and the decor sets up the vibe for an intimate dinner."
"they didn't disappoint, service from the second i arrived at the door was extremely pleasant and attentive with almost one server per table.",table,neutral,"They lived up to expectations, providing exceptionally pleasant and attentive service from the moment I reached the door, staffing nearly one server per table."
"they didn't disappoint, service from the second i arrived at the door was extremely pleasant and attentive with almost one server per table.",table,neutral,"From my arrival at the entrance onward, the service proved delightful and attentive, staffing nearly one server per table, so they didn’t let me down."
"they didn't disappoint, service from the second i arrived at the door was extremely pleasant and attentive with almost one server per table.",table,neutral,"Far from disappointing, the staff delivered extremely pleasant and attentive service from the instant I arrived, supplying almost one server per table."
"The food is o.k., but not any better than what you get at a good neighborhood restaurant.",food,neutral,"The food is fine, though it doesn't surpass what you'd find at a decent local spot."
"The food is o.k., but not any better than what you get at a good neighborhood restaurant.",food,neutral,"The food is acceptable, yet it matches rather than exceeds a solid neighborhood place."
"The food is o.k., but not any better than what you get at a good neighborhood restaurant.",food,neutral,"The food is average, no improvement over a reliable nearby restaurant."
Their wines by the glass are a great accompaniment and you can eat like a king with wine for under $30.,wine,neutral,You can enjoy their wines by the glass as a nice accompaniment and dine like royalty with wine for less than $30.
Their wines by the glass are a great accompaniment and you can eat like a king with wine for under $30.,wine,neutral,"With wine by the glass available, it makes a fine pairing and you can feast like a king for under $30."
Their wines by the glass are a great accompaniment and you can eat like a king with wine for under $30.,wine,neutral,"Their selection of wines by the glass complements the meal well, letting you eat like a king alongside wine for under $30."
Went for a late weekday lunch.,lunch,neutral,Dropped by for lunch late on a weekday.
Went for a late weekday lunch.,lunch,neutral,Showed up for a weekday lunch later in the day.
Went for a late weekday lunch.,lunch,neutral,Had a late lunch there during the week.
"They are tasty, but I suggest only eating one with meat because they tend not to mesh that well with the average American digestive system.",meat,neutral,"They're delicious, but I'd recommend having just one with meat since they don't usually agree with the typical American digestive system."
"They are tasty, but I suggest only eating one with meat because they tend not to mesh that well with the average American digestive system.",meat,neutral,"While they're tasty, it's best to eat only one containing meat as they often don't sit well with the average American digestive system."
"They are tasty, but I suggest only eating one with meat because they tend not to mesh that well with the average American digestive system.",meat,neutral,"They taste good, but you should limit yourself to one with meat because they generally don't blend well with the average American digestive system."
I care more about the food and ambience.,ambience,neutral,I'm more concerned with the food and ambience.
I care more about the food and ambience.,ambience,neutral,My priority is the food and ambience.
I care more about the food and ambience.,ambience,neutral,The food and ambience are what matter more to me.
"We figured we never had Argentinian Pizza before so we grabbed our lunch there, sharing a large Pelligrino, a pizza of two of their specials, one was goat cheese the other blue cheese, and both were excellent.",Argentinian Pizza,neutral,"Since we'd never tried Argentinian Pizza, we decided to have lunch there, splitting a large Pelligrino and one pizza with half goat cheese and half blue cheese, both halves tasting great."
"We figured we never had Argentinian Pizza before so we grabbed our lunch there, sharing a large Pelligrino, a pizza of two of their specials, one was goat cheese the other blue cheese, and both were excellent.",Argentinian Pizza,neutral,"Never having tasted Argentinian Pizza, we stopped in for lunch, sharing a large Pelligrino and a pizza divided between goat cheese and blue cheese specials, each half delicious."
"We figured we never had Argentinian Pizza before so we grabbed our lunch there, sharing a large Pelligrino, a pizza of two of their specials, one was goat cheese the other blue cheese, and both were excellent.",Argentinian Pizza,neutral,"Because we hadn't experienced Argentinian Pizza before, we chose to eat lunch there, ordering a large Pelligrino to share and a pizza split between goat cheese and blue cheese specials, both excellent."
"The food was just OK, I would never go back.",food,neutral,"The food was merely average, so I won't be returning."
"The food was just OK, I would never go back.",food,neutral,"The food was nothing special, definitely not worth another visit."
"The food was just OK, I would never go back.",food,neutral,"The food was so-so, I have no intention of going again."
In reality (to maximize potential diners) they were still taking phone reservations and reallocating tables of those waiting in the lobby.,diners,neutral,"To maximize potential diners, they continued accepting phone reservations while reassigning tables from those in the lobby."
In reality (to maximize potential diners) they were still taking phone reservations and reallocating tables of those waiting in the lobby.,diners,neutral,"In practice, they still took phone bookings and shuffled tables of lobby waiters to increase possible diners."
In reality (to maximize potential diners) they were still taking phone reservations and reallocating tables of those waiting in the lobby.,diners,neutral,They were maximizing potential diners by keeping phone reservations open and shifting tables of people waiting in the lobby.
"The palak paneer was standard, and I was not a fan of the malai kofta.",palak paneer,neutral,"The palak paneer was nothing special, and I didn't care for the malai kofta."
"The palak paneer was standard, and I was not a fan of the malai kofta.",palak paneer,neutral,"I found the palak paneer to be average, while the malai kofta wasn't to my liking."
"The palak paneer was standard, and I was not a fan of the malai kofta.",palak paneer,neutral,"The palak paneer tasted ordinary, and I wasn't impressed with the malai kofta."
We also ordered two hot dogs thinking they would be pretty good since there is a whole section on the menu devoted to them.,menu,neutral,"We ordered a couple of hot dogs as well, assuming they’d be decent because the menu has an entire section for them."
We also ordered two hot dogs thinking they would be pretty good since there is a whole section on the menu devoted to them.,menu,neutral,"Figuring the hot dogs might be tasty, we got two since the menu dedicates a whole section to them."
We also ordered two hot dogs thinking they would be pretty good since there is a whole section on the menu devoted to them.,menu,neutral,"Because the menu highlights a full section for hot dogs, we added two to our order expecting them to be fairly good."
we were seated at the sushi bar in front of yasuda.,sushi bar,neutral,we were placed at the sushi bar across from yasuda
we were seated at the sushi bar in front of yasuda.,sushi bar,neutral,they seated us at the sushi bar facing yasuda
we were seated at the sushi bar in front of yasuda.,sushi bar,neutral,our seats were at the sushi bar directly in front of yasuda
"Its not curry in a slurry crap, and regular run of the mill food.",food,neutral,"It's not some sloppy curry mess, just your standard everyday food."
"Its not curry in a slurry crap, and regular run of the mill food.",food,neutral,"This isn't curry in a lousy sludge, only typical ordinary food."
"Its not curry in a slurry crap, and regular run of the mill food.",food,neutral,"Not a crappy curry slop, but the usual plain food."
"The restaurant was packed at first, so we waited at the bar for about 20 minutes before we were seated.",bar,neutral,"Since the restaurant was crowded initially, we spent roughly 20 minutes waiting at the bar before getting a table."
"The restaurant was packed at first, so we waited at the bar for about 20 minutes before we were seated.",bar,neutral,We waited about 20 minutes at the bar before being seated because the restaurant was full at first.
"The restaurant was packed at first, so we waited at the bar for about 20 minutes before we were seated.",bar,neutral,"With the restaurant being packed at the start, we lingered at the bar for around 20 minutes prior to seating."
"The space is a bit too small for live music, so on jazz nights, it can be loud and cramped.",live music,neutral,"The venue feels somewhat cramped for live music, making jazz nights rather loud and packed."
"The space is a bit too small for live music, so on jazz nights, it can be loud and cramped.",live music,neutral,"Because the room is slightly too compact for live music, jazz evenings tend to get noisy and crowded."
"The space is a bit too small for live music, so on jazz nights, it can be loud and cramped.",live music,neutral,"Live music doesn’t quite fit the limited space, so jazz nights often turn noisy and congested."
"I am a 100 lb girl, had a glass of wine and a glass of beer prior to the dinner, and I was still HUNGRY after my visit to this place!",glass of wine,neutral,"Being a 100 lb girl, I drank a glass of wine and a glass of beer before dinner, yet I left this place still hungry!"
"I am a 100 lb girl, had a glass of wine and a glass of beer prior to the dinner, and I was still HUNGRY after my visit to this place!",glass of wine,neutral,"At just 100 lbs, I had a glass of wine plus a glass of beer ahead of the meal and still ended up hungry after dining here!"
"I am a 100 lb girl, had a glass of wine and a glass of beer prior to the dinner, and I was still HUNGRY after my visit to this place!",glass of wine,neutral,"Though I’m only 100 lbs, I consumed a glass of wine and a glass of beer before eating and still felt hungry following my visit!"
I've read some of the previews reviews - people are either not New Yorkers or have more appreciation for ambience then food.,ambience,neutral,I've seen some of the earlier reviews - people either aren't from New York or value ambience more than food.
I've read some of the previews reviews - people are either not New Yorkers or have more appreciation for ambience then food.,ambience,neutral,"Looking at previous reviews, folks are either non-New Yorkers or prioritize ambience over food."
I've read some of the previews reviews - people are either not New Yorkers or have more appreciation for ambience then food.,ambience,neutral,"Reading prior reviews, they're either not New Yorkers or care more about ambience than food."
"Growing up in NY, I have eaten my share of bagels.",bagels,neutral,"Having grown up in NY, I've consumed plenty of bagels."
"Growing up in NY, I have eaten my share of bagels.",bagels,neutral,"Raised in NY, I've had my fair portion of bagels."
"Growing up in NY, I have eaten my share of bagels.",bagels,neutral,"Since childhood in NY, I've eaten many bagels."
"It costs $2 extra to turn a regular roll into an inside-out roll, but the roll more than triples in size, and that's not just from the rice.",rice,neutral,"Paying an extra $2 to convert a regular roll into an inside-out roll makes it over three times larger, and rice isn't the only reason for the increase."
"It costs $2 extra to turn a regular roll into an inside-out roll, but the roll more than triples in size, and that's not just from the rice.",rice,neutral,"For an additional $2, a regular roll becomes an inside-out roll that more than triples in size, with the expansion not solely due to the rice."
"It costs $2 extra to turn a regular roll into an inside-out roll, but the roll more than triples in size, and that's not just from the rice.",rice,neutral,"An inside-out roll upgrade costs $2 and causes the roll to grow over threefold, something that can't be attributed just to the rice."
"The atmosphere is nothing special, but it feels like a Sushi establishment in Tokyo.",atmosphere,neutral,"While the atmosphere isn't remarkable, it has the vibe of a Tokyo sushi spot."
"The atmosphere is nothing special, but it feels like a Sushi establishment in Tokyo.",atmosphere,neutral,"The atmosphere is unremarkable, yet it evokes a sushi place in Tokyo."
"The atmosphere is nothing special, but it feels like a Sushi establishment in Tokyo.",atmosphere,neutral,"There's nothing notable about the atmosphere, though it resembles a Tokyo sushi restaurant."
The soup for the udon was soy sauce and water.,soy sauce,neutral,The broth for the udon consisted of soy sauce and water.
The soup for the udon was soy sauce and water.,soy sauce,neutral,"For the udon, the soup was made with soy sauce and water."
The soup for the udon was soy sauce and water.,soy sauce,neutral,The udon's soup contained soy sauce mixed with water.
"To my right, the hostess stood over a busboy and hissed rapido, rapido as he tried to clear and re-set a table for six.",table,neutral,"To my right, the hostess hovered above a busboy, whispering rapido, rapido while he worked to clear and re-set a table for six."
"To my right, the hostess stood over a busboy and hissed rapido, rapido as he tried to clear and re-set a table for six.",table,neutral,"On my right, the hostess leaned over a busboy and murmured rapido, rapido as he attempted to clear and re-set a table for six."
"To my right, the hostess stood over a busboy and hissed rapido, rapido as he tried to clear and re-set a table for six.",table,neutral,"To my right, the hostess watched over a busboy and quietly repeated rapido, rapido while he struggled to clear and re-set a table for six."
I have eaten a lot of pizza here.,pizza,neutral,I've had plenty of pizza here.
I have eaten a lot of pizza here.,pizza,neutral,I've eaten my fair share of pizza at this place.
I have eaten a lot of pizza here.,pizza,neutral,I've enjoyed quite a bit of pizza here.
"The service was impeccable and unobtrusive -- the staff knows what they are there to do -- to know their menu, present your meal, and attend to your needs.",menu,neutral,"The service was flawless and discreet — the team understands their role: to be familiar with their menu, serve your dish, and look after your requirements."
"The service was impeccable and unobtrusive -- the staff knows what they are there to do -- to know their menu, present your meal, and attend to your needs.",menu,neutral,"With impeccable and unobtrusive service, the staff are clear on their duties — to master their menu, deliver your meal, and cater to your needs."
"The service was impeccable and unobtrusive -- the staff knows what they are there to do -- to know their menu, present your meal, and attend to your needs.",menu,neutral,"The service excelled in being both impeccable and unobtrusive; the personnel know their purpose — to know their menu, present the food, and attend to whatever you need."
"The menu was impressive with selections ranging from a burger, to steak, to escargot.",steak,neutral,"The menu impressed me, offering choices from a burger to steak to escargot."
"The menu was impressive with selections ranging from a burger, to steak, to escargot.",steak,neutral,"Selections on the menu ran from a burger through steak to escargot, which was impressive."
"The menu was impressive with selections ranging from a burger, to steak, to escargot.",steak,neutral,"I found the menu impressive, listing everything from a burger to steak to escargot."
The selection changes frequently but the basic dishes are always available.,selection,neutral,"The selection is updated often, yet the basic dishes stay on hand."
The selection changes frequently but the basic dishes are always available.,selection,neutral,"Although the selection varies regularly, the basic dishes remain accessible."
The selection changes frequently but the basic dishes are always available.,selection,neutral,"The selection shifts a lot, but the basic dishes never go away."
We could only get through an appetizer and cheese fondue.,cheese fondue,neutral,We only managed to finish an appetizer and cheese fondue.
We could only get through an appetizer and cheese fondue.,cheese fondue,neutral,All we were able to complete was an appetizer and cheese fondue.
We could only get through an appetizer and cheese fondue.,cheese fondue,neutral,We just got through an appetizer and cheese fondue.
"I didn't take a look at the rest menu, but the oysters were fantastic.",menu,neutral,"I didn't check out the rest menu, though the oysters were fantastic."
"I didn't take a look at the rest menu, but the oysters were fantastic.",menu,neutral,"I didn't glance at the rest menu, yet the oysters were fantastic."
"I didn't take a look at the rest menu, but the oysters were fantastic.",menu,neutral,"I didn't examine the rest menu, but the oysters were fantastic."
I've had to wait only a few times during lunch but this place is definitely worth the wait.,lunch,neutral,"I've only waited a couple of times at lunch, yet it's absolutely worth it."
I've had to wait only a few times during lunch but this place is definitely worth the wait.,lunch,neutral,"Though I've waited just a few times during lunch, the place is clearly worth it."
I've had to wait only a few times during lunch but this place is definitely worth the wait.,lunch,neutral,"Only occasionally have I waited during lunch, but this spot is definitely worth the delay."
"I've had the chicken with garlic sauce, chicken with black bean sauce, and hunan chicken.",chicken with garlic sauce,neutral,"I've tried the chicken with garlic sauce, along with chicken in black bean sauce and hunan chicken."
"I've had the chicken with garlic sauce, chicken with black bean sauce, and hunan chicken.",chicken with garlic sauce,neutral,"The chicken with garlic sauce, chicken with black bean sauce, and hunan chicken are all dishes I've eaten."
"I've had the chicken with garlic sauce, chicken with black bean sauce, and hunan chicken.",chicken with garlic sauce,neutral,"I've tasted the chicken with garlic sauce, as well as the chicken with black bean sauce and hunan chicken."
They were very abrupt with me when I called and actually claimed the food was late because they were out of rice.,rice,neutral,"When I called, they were quite curt and said the delay was due to running out of rice."
They were very abrupt with me when I called and actually claimed the food was late because they were out of rice.,rice,neutral,"I phoned and they spoke sharply, blaming the wait on a shortage of rice."
They were very abrupt with me when I called and actually claimed the food was late because they were out of rice.,rice,neutral,"My call was met with abruptness, and they explained the food’s lateness by saying they’d run out of rice."
"It is far more popular as a bar than as a restaurant, with only a few tables and the waiter being the bartender, but we greatly enjoyed the unobtrusive atmosphere.",waiter,neutral,"Though it functions more as a bar than a restaurant, offering just a handful of tables and the waiter doubling as the bartender, we appreciated the unobtrusive atmosphere."
"It is far more popular as a bar than as a restaurant, with only a few tables and the waiter being the bartender, but we greatly enjoyed the unobtrusive atmosphere.",waiter,neutral,"While the place is better known as a bar than for dining, with sparse seating and the waiter also serving drinks, we found the calm setting pleasant."
"It is far more popular as a bar than as a restaurant, with only a few tables and the waiter being the bartender, but we greatly enjoyed the unobtrusive atmosphere.",waiter,neutral,"More frequented as a bar than for meals, the venue has limited tables and the waiter acts as bartender, yet we enjoyed the quiet ambience."
"Also, the sandwiches (nearing $7) didn't come with anything like chips or a side.",side,neutral,"Additionally, the sandwiches (almost $7) were served without any extras such as chips or a side."
"Also, the sandwiches (nearing $7) didn't come with anything like chips or a side.",side,neutral,"The sandwiches, priced near $7, arrived without accompaniments like chips or a side."
"Also, the sandwiches (nearing $7) didn't come with anything like chips or a side.",side,neutral,"For nearly $7, the sandwiches were not accompanied by items like chips or a side."
All in all the food was above average and I would return to see how they operate with four or less dinners.,dinners,neutral,Overall the food exceeded expectations and I'd come back to observe how they manage with four or fewer dinners.
All in all the food was above average and I would return to see how they operate with four or less dinners.,dinners,neutral,The food was better than average and I would return to check how they handle four or less dinners.
All in all the food was above average and I would return to see how they operate with four or less dinners.,dinners,neutral,Generally the food surpassed the norm and I'd revisit to see their operation when serving four or under dinners.
i don't usually order wine with indian so i can't comment on their wine list or their wines.,wine list,neutral,"I typically skip wine when eating Indian food, so I have no opinion about their wine list or wines."
i don't usually order wine with indian so i can't comment on their wine list or their wines.,wine list,neutral,"Since I don't usually pair wine with Indian cuisine, I can't offer any thoughts on their wine list or selections."
i don't usually order wine with indian so i can't comment on their wine list or their wines.,wine list,neutral,"Not ordering wine with Indian meals is my habit, leaving me unable to remark on their wine list or offerings."
"- the bread at the beginning is super tasty and makes you want more - the pizza is delicious and comes in personal sizes, however be warned that the Peter's Favourite pizza with prosciutto and baby arugula is actually a margarite pizza with cold prosciutto and baby arugula on top, like a salad.",salad,neutral,"the initial bread is incredibly flavorful and leaves you craving more - the pizza is yummy and served in individual portions, but note that the Peter's Favourite pizza with prosciutto and baby arugula is really a margarita pizza topped with cold prosciutto and baby arugula, resembling a salad."
"- the bread at the beginning is super tasty and makes you want more - the pizza is delicious and comes in personal sizes, however be warned that the Peter's Favourite pizza with prosciutto and baby arugula is actually a margarite pizza with cold prosciutto and baby arugula on top, like a salad.",salad,neutral,"the bread starter is super delicious and makes you want additional helpings - the pizza tastes great and is available in personal pans, yet be aware that the Peter's Favourite pizza featuring prosciutto and baby arugula is essentially a margarita pizza with cold prosciutto and baby arugula layered on like a salad."
"- the bread at the beginning is super tasty and makes you want more - the pizza is delicious and comes in personal sizes, however be warned that the Peter's Favourite pizza with prosciutto and baby arugula is actually a margarite pizza with cold prosciutto and baby arugula on top, like a salad.",salad,neutral,"the opening bread course is super appetizing and creates desire for more - the pizza is delectable and comes as individual servings, however take heed that the Peter's Favourite pizza with prosciutto and baby arugula is actually a margarita pizza with cold prosciutto and baby arugula placed on top, similar to a salad."
"During our meal, the management came over and checked on us and even bought us a round of drinks.",round of drinks,neutral,"While we were eating, the management stopped by to see how we were doing and also provided us with a round of drinks."
"During our meal, the management came over and checked on us and even bought us a round of drinks.",round of drinks,neutral,The management visited our table during dinner to check on us and additionally purchased a round of drinks for us.
"During our meal, the management came over and checked on us and even bought us a round of drinks.",round of drinks,neutral,"As we dined, the management approached to ask how everything was and even treated us to a round of drinks."
We were walking around the village and went into this place just for some drinks.,drinks,neutral,We were strolling through the village and stopped by this spot just for drinks.
We were walking around the village and went into this place just for some drinks.,drinks,neutral,"While walking around the village, we dropped into this place simply for some drinks."
We were walking around the village and went into this place just for some drinks.,drinks,neutral,"As we wandered the village, we entered this establishment just to get drinks."
"For appetizers, I recommend the shrimp fritters and dumplings.",appetizers,neutral,I'd suggest the shrimp fritters and dumplings for appetizers.
"For appetizers, I recommend the shrimp fritters and dumplings.",appetizers,neutral,"As appetizers, go for the shrimp fritters and dumplings."
"For appetizers, I recommend the shrimp fritters and dumplings.",appetizers,neutral,The shrimp fritters and dumplings are my appetizer picks.
"Overall, the ingredients and technique are there and I am encouraged enough to return at lunch or dinner to see whether the boldness of the flavour palette improves.",lunch,neutral,"All in all, the fundamentals are in place, so I'm willing to come back at lunch or dinner to find out if the flavor profile grows bolder."
"Overall, the ingredients and technique are there and I am encouraged enough to return at lunch or dinner to see whether the boldness of the flavour palette improves.",lunch,neutral,"The kitchen clearly has the basics covered, and I'm curious enough to revisit at lunch or dinner and check if the taste gets more adventurous."
"Overall, the ingredients and technique are there and I am encouraged enough to return at lunch or dinner to see whether the boldness of the flavour palette improves.",lunch,neutral,"There's solid groundwork with ingredients and technique, prompting me to return at lunch or dinner and see if the flavors become more daring."
Although we were looking for regular lettuce and some walnuts the salads we got were great.,walnuts,neutral,"While we had hoped for regular lettuce and walnuts, the salads turned out great."
Although we were looking for regular lettuce and some walnuts the salads we got were great.,walnuts,neutral,"We expected regular lettuce and walnuts, yet the salads we received were excellent."
Although we were looking for regular lettuce and some walnuts the salads we got were great.,walnuts,neutral,"Even though we wanted regular lettuce and walnuts, the salads were still wonderful."
I recommend getting a reservation even though we saw people seated without one.,reservation,neutral,"I'd suggest making a reservation, although we did notice some guests being seated without one."
I recommend getting a reservation even though we saw people seated without one.,reservation,neutral,"It's advisable to secure a reservation, even though we observed people getting tables without having one."
I recommend getting a reservation even though we saw people seated without one.,reservation,neutral,"Booking a reservation is recommended, despite seeing individuals seated without one."
It takes forever to get a drink and they almost always forget to bring something (although they dont forget to charge you for it.,drink,neutral,"Getting a drink takes an eternity, and they usually forget something—except billing you for it."
It takes forever to get a drink and they almost always forget to bring something (although they dont forget to charge you for it.,drink,neutral,"A drink takes forever to arrive, and they nearly always miss an item, though never the charge."
It takes forever to get a drink and they almost always forget to bring something (although they dont forget to charge you for it.,drink,neutral,"You wait ages for a drink, and they almost always skip part of the order while still charging for it."
We got a little tipsy from the sake but isn't that what Saturday nights with the girlfriends are all about?,sake,neutral,"The sake left us a bit tipsy, but that's the whole point of Saturday nights with the girlfriends, right?"
We got a little tipsy from the sake but isn't that what Saturday nights with the girlfriends are all about?,sake,neutral,"A little tipsy from the sake—just the usual Saturday night with the girls, isn't it?"
We got a little tipsy from the sake but isn't that what Saturday nights with the girlfriends are all about?,sake,neutral,"Thanks to the sake we were slightly tipsy, yet that’s exactly what Saturday nights with girlfriends are meant for, no?"
"Went on a 3 day oyster binge, with Fish bringing up the closing, and I am so glad this was the place it O trip ended, because it was so great!",oyster,neutral,"I spent three days indulging in oyster, with Fish wrapping things up, and I'm thrilled our O trip concluded here because everything was fantastic!"
"Went on a 3 day oyster binge, with Fish bringing up the closing, and I am so glad this was the place it O trip ended, because it was so great!",oyster,neutral,"We did a 3-day oyster marathon, ending with Fish as the finale, and I couldn't be happier this was where our O trip finished since it was amazing!"
"Went on a 3 day oyster binge, with Fish bringing up the closing, and I am so glad this was the place it O trip ended, because it was so great!",oyster,neutral,"After three days of oyster feasting, Fish closed things out, and I'm so pleased our O trip ended at this spot because it was wonderful!"
Our friendly server made great food suggestions and also sent both the sommelier and the fromager to the table to help suggest different pairings for wine and cheese.,wine,neutral,Our friendly server made great food suggestions and also sent both the sommelier and the fromager to the table to help suggest different pairings for wine and cheese.
Our friendly server made great food suggestions and also sent both the sommelier and the fromager to the table to help suggest different pairings for wine and cheese.,wine,neutral,The friendly server gave excellent food suggestions and also brought the sommelier and the fromager to the table to help suggest different pairings for wine and cheese.
Our friendly server made great food suggestions and also sent both the sommelier and the fromager to the table to help suggest different pairings for wine and cheese.,wine,neutral,Our friendly server offered great food suggestions and also sent the sommelier and the fromager to the table to help suggest different pairings for wine and cheese.
"We actually gave 10% tip (which we have never done despite mediocre food and service), because we felt totally ripped off.",food,neutral,"We ended up leaving a 10% tip (something we never do, even with average food and service) since we felt completely taken advantage of."
"We actually gave 10% tip (which we have never done despite mediocre food and service), because we felt totally ripped off.",food,neutral,"Although the food and service were just mediocre, we still left 10%—a first for us—because we felt so ripped off."
"We actually gave 10% tip (which we have never done despite mediocre food and service), because we felt totally ripped off.",food,neutral,"Despite the food being nothing special and the service lacking, we gave 10% for the first time ever, feeling totally cheated."
The wine selection (by the glass and bottle) is wonderful and I always recommend that friends make a reservation if they're going to be in town.,reservation,neutral,The wine selection by glass and bottle is great and I always tell friends to make a reservation if they'll be in town.
The wine selection (by the glass and bottle) is wonderful and I always recommend that friends make a reservation if they're going to be in town.,reservation,neutral,"With a wonderful wine list available by glass or bottle, I always suggest friends book a reservation when visiting town."
The wine selection (by the glass and bottle) is wonderful and I always recommend that friends make a reservation if they're going to be in town.,reservation,neutral,"Their wine offerings both by glass and bottle are fantastic, and I always advise friends to secure a reservation if they're coming to town."
Went on a double date with friend and his girlfriend for a few drinks and appetizers.,appetizers,neutral,Joined my friend and his girlfriend for a double date over some drinks and appetizers.
Went on a double date with friend and his girlfriend for a few drinks and appetizers.,appetizers,neutral,Met up with a friend and his partner for a double date to enjoy drinks and appetizers.
Went on a double date with friend and his girlfriend for a few drinks and appetizers.,appetizers,neutral,"Spent the evening on a double date with my friend and his girlfriend, having drinks and appetizers."
For dinner I had the chicken tikka-masala and some garlic naan.,garlic naan,neutral,I ate chicken tikka-masala along with garlic naan for dinner.
For dinner I had the chicken tikka-masala and some garlic naan.,garlic naan,neutral,My dinner consisted of chicken tikka-masala and garlic naan.
For dinner I had the chicken tikka-masala and some garlic naan.,garlic naan,neutral,Chicken tikka-masala and garlic naan were what I had for dinner.
The service is not consistently excellent -- just decent.,service,neutral,The service isn't always great—it's merely okay.
The service is not consistently excellent -- just decent.,service,neutral,"While not outstanding, the service is only fair."
The service is not consistently excellent -- just decent.,service,neutral,"The service doesn't excel, just remains satisfactory."
I went there in late afternoon for some bite size food and refleshment with my date.,food,neutral,I stopped by in the late afternoon with my date for a bite-size food and some refreshment.
I went there in late afternoon for some bite size food and refleshment with my date.,food,neutral,My date and I went there in the late afternoon to grab bite-size food and a drink.
I went there in late afternoon for some bite size food and refleshment with my date.,food,neutral,We arrived in the late afternoon for bite-size food and refreshment while on our date.
"But, they were too big for the bun.",bun,neutral,They were simply too large to fit the bun.
"But, they were too big for the bun.",bun,neutral,"However, the bun couldn't accommodate their size."
"But, they were too big for the bun.",bun,neutral,The size was excessive for the bun.
The staff was too busy ordering sushi for dinner and then laying it out to eat on the bar to even bring me my check.,bar,neutral,The employees were so preoccupied with ordering sushi for dinner and setting it up to eat on the bar that they couldn't even deliver my check.
The staff was too busy ordering sushi for dinner and then laying it out to eat on the bar to even bring me my check.,bar,neutral,The personnel were too occupied with getting sushi for dinner and arranging it to eat on the bar to bother bringing me my check.
The staff was too busy ordering sushi for dinner and then laying it out to eat on the bar to even bring me my check.,bar,neutral,The staff were so busy ordering sushi for their meal and placing it out to eat on the bar that bringing me my check wasn't even an option.
"The bruscetta is a bit soggy, but the salads were fresh, included a nice mix of greens (not iceberg) all dishes are served piping hot from the kitchen.",iceberg,neutral,"The bruscetta arrived a touch soggy, yet the salads stayed crisp and offered a varied blend of greens (not iceberg), with every plate coming out of the kitchen steaming hot."
"The bruscetta is a bit soggy, but the salads were fresh, included a nice mix of greens (not iceberg) all dishes are served piping hot from the kitchen.",iceberg,neutral,"Although the bruscetta leaned toward soggy, the salads proved fresh, mixing an appealing range of greens (not iceberg), and all entrées leave the kitchen piping hot."
"The bruscetta is a bit soggy, but the salads were fresh, included a nice mix of greens (not iceberg) all dishes are served piping hot from the kitchen.",iceberg,neutral,"While the bruscetta was slightly soggy, the salads were fresh, featuring a pleasant medley of greens (not iceberg), and every dish is delivered from the kitchen steaming hot."
"I only tried a simple dish of spinach ravioli in a light oil and garlic sauce, but it actually faired better than most NYC Italian joints I've tried similar dishes at.",dishes,neutral,"I just sampled a basic spinach ravioli with a light oil and garlic sauce, yet it performed better than many NYC Italian places where I've had comparable dishes."
"I only tried a simple dish of spinach ravioli in a light oil and garlic sauce, but it actually faired better than most NYC Italian joints I've tried similar dishes at.",dishes,neutral,"My sole order was a plain spinach ravioli in a delicate oil and garlic sauce, but it actually did better than most NYC Italian restaurants where I've tried similar dishes."
"I only tried a simple dish of spinach ravioli in a light oil and garlic sauce, but it actually faired better than most NYC Italian joints I've tried similar dishes at.",dishes,neutral,"I merely tasted a straightforward spinach ravioli in a light oil and garlic sauce, and it still outperformed the majority of NYC Italian spots where I've eaten similar dishes."
"The staff is very kind and well trained, they're fast, they are always prompt to jump behind the bar and fix drinks, they know details of every item in the menu and make excelent recomendations.",bar,neutral,"The team is friendly and highly skilled, quick to move behind the bar and prepare drinks, familiar with every menu item and offering great suggestions."
"The staff is very kind and well trained, they're fast, they are always prompt to jump behind the bar and fix drinks, they know details of every item in the menu and make excelent recomendations.",bar,neutral,"Employees are courteous and expertly trained, swiftly stepping behind the bar to mix drinks, knowledgeable about all dishes and giving top-notch advice."
"The staff is very kind and well trained, they're fast, they are always prompt to jump behind the bar and fix drinks, they know details of every item in the menu and make excelent recomendations.",bar,neutral,"The personnel are amiable and well-prepared, rapidly heading to the bar to craft beverages, aware of each menu detail and providing superb recommendations."
Moderate prices.,prices,neutral,Reasonable prices.
Moderate prices.,prices,neutral,Fair prices.
Moderate prices.,prices,neutral,Average prices.
Delicious food at a great price but do not go here on a cold day and sit by the front door.,front door,neutral,"Tasty food at an excellent price, but avoid visiting on a chilly day and sitting near the front door."
Delicious food at a great price but do not go here on a cold day and sit by the front door.,front door,neutral,"Great food for the cost, yet don't come on a cold day and choose a spot by the front door."
Delicious food at a great price but do not go here on a cold day and sit by the front door.,front door,neutral,"The food is delicious and reasonably priced, but skip going on a cold day and sitting next to the front door."
"Also, top the meal with a delicious and perfect slice of tiramisu.",meal,neutral,"Also, finish the meal off with a tasty and flawless piece of tiramisu."
"Also, top the meal with a delicious and perfect slice of tiramisu.",meal,neutral,Add a delightful and ideal serving of tiramisu to the meal as well.
"Also, top the meal with a delicious and perfect slice of tiramisu.",meal,neutral,Complete the meal by placing a scrumptious and impeccable slice of tiramisu on top.
"They forgot a sandwich, didn't include plastic forks, and didn't include pita with the hummus platter.",hummus platter,neutral,"A sandwich was forgotten, plastic forks were missing, and the pita wasn't provided with the hummus platter."
"They forgot a sandwich, didn't include plastic forks, and didn't include pita with the hummus platter.",hummus platter,neutral,"They omitted a sandwich, left out plastic forks, and failed to add pita to the hummus platter."
"They forgot a sandwich, didn't include plastic forks, and didn't include pita with the hummus platter.",hummus platter,neutral,"Missing were a sandwich, plastic forks, and pita that should have come with the hummus platter."
"The photobook menu was a cute touch, certainly helped my group and I pick the fried chicken, pork chop, and noodle dishes that we all ordered.",noodle dishes,neutral,"The photobook menu was a charming detail that definitely assisted my group and me in choosing the fried chicken, pork chop, and noodle dishes we all ended up ordering."
"The photobook menu was a cute touch, certainly helped my group and I pick the fried chicken, pork chop, and noodle dishes that we all ordered.",noodle dishes,neutral,"A cute photobook menu helped my group and me select the fried chicken, pork chop, and noodle dishes that we all decided on."
"The photobook menu was a cute touch, certainly helped my group and I pick the fried chicken, pork chop, and noodle dishes that we all ordered.",noodle dishes,neutral,"Thanks to the photobook menu’s cute touch, my group and I had no trouble picking the fried chicken, pork chop, and noodle dishes we all ordered."
The scallion pancakes and fried dumplings were nothing out of the ordinary.,fried dumplings,neutral,The scallion pancakes and fried dumplings were quite unremarkable.
The scallion pancakes and fried dumplings were nothing out of the ordinary.,fried dumplings,neutral,Neither the scallion pancakes nor the fried dumplings stood out in any way.
The scallion pancakes and fried dumplings were nothing out of the ordinary.,fried dumplings,neutral,The scallion pancakes and fried dumplings were simply average.
all the food was excellent - considering the quality of food in most moderately priced restaurants is mediocre this was slightly more pricey and well worth it.,priced,neutral,"all the food was excellent - given that most moderately priced restaurants serve mediocre food, this place cost a bit more and proved worthwhile"
all the food was excellent - considering the quality of food in most moderately priced restaurants is mediocre this was slightly more pricey and well worth it.,priced,neutral,"the food was outstanding - while moderately priced spots usually offer average quality, this one ran slightly higher and justified every penny"
all the food was excellent - considering the quality of food in most moderately priced restaurants is mediocre this was slightly more pricey and well worth it.,priced,neutral,"every dish excelled - since moderately priced eateries typically deliver mediocre fare, the modest extra expense here felt completely justified"
"I wasn't there for the Half-Price Saturday Night Special, but Tuesday Night.",Half-Price Saturday Night Special,neutral,"I didn't attend the Half-Price Saturday Night Special, but I was there on Tuesday Night."
"I wasn't there for the Half-Price Saturday Night Special, but Tuesday Night.",Half-Price Saturday Night Special,neutral,I missed the Half-Price Saturday Night Special and went on Tuesday Night instead.
"I wasn't there for the Half-Price Saturday Night Special, but Tuesday Night.",Half-Price Saturday Night Special,neutral,I was present on Tuesday Night rather than for the Half-Price Saturday Night Special.
Monday nights are a bargain at the $28 prix fix - this includes a three course meal plus *three* glasses of wine paired with each course.,course,neutral,"For $28 on Monday nights, the prix fixe menu offers a three course dinner along with *three* glasses of wine matched to each course."
Monday nights are a bargain at the $28 prix fix - this includes a three course meal plus *three* glasses of wine paired with each course.,course,neutral,"At just $28 on Mondays, you get a three course meal plus *three* wines paired course-by-course—quite a deal."
Monday nights are a bargain at the $28 prix fix - this includes a three course meal plus *three* glasses of wine paired with each course.,course,neutral,"On Monday nights, the $28 prix fixe bundles a three course dinner with *three* glasses of wine, one for each course."
"Aside from the Sea Urchin, the chef recommended an assortment of fish including Fatty Yellow Tail, Boton Shrimp, Blue Fin Torro (Fatty Tuna), Sea Eel, etc.",Sea Eel,neutral,"Besides the Sea Urchin, the chef suggested a variety of fish such as Fatty Yellow Tail, Boton Shrimp, Blue Fin Torro (Fatty Tuna), Sea Eel, and more."
"Aside from the Sea Urchin, the chef recommended an assortment of fish including Fatty Yellow Tail, Boton Shrimp, Blue Fin Torro (Fatty Tuna), Sea Eel, etc.",Sea Eel,neutral,"Apart from the Sea Urchin, the chef proposed a selection of fish like Fatty Yellow Tail, Boton Shrimp, Blue Fin Torro (Fatty Tuna), Sea Eel, among others."
"Aside from the Sea Urchin, the chef recommended an assortment of fish including Fatty Yellow Tail, Boton Shrimp, Blue Fin Torro (Fatty Tuna), Sea Eel, etc.",Sea Eel,neutral,"In addition to the Sea Urchin, the chef offered a range of fish including Fatty Yellow Tail, Boton Shrimp, Blue Fin Torro (Fatty Tuna), Sea Eel, etc."
For two people with tip was less than $25 bucks.,tip,neutral,The total for two people including tip came to under $25.
For two people with tip was less than $25 bucks.,tip,neutral,"With tip included, the bill for two people was below $25."
For two people with tip was less than $25 bucks.,tip,neutral,"For two diners, the amount with tip stayed under twenty-five dollars."
"The service was mediocre, and the lack of air conditioning made for a less than comfortable meal.",service,neutral,"The service was average, and the absence of air conditioning resulted in a somewhat uncomfortable dining experience."
"The service was mediocre, and the lack of air conditioning made for a less than comfortable meal.",service,neutral,"While the service was mediocre, the missing air conditioning contributed to a less pleasant meal."
"The service was mediocre, and the lack of air conditioning made for a less than comfortable meal.",service,neutral,"Service was nothing special, and with no air conditioning the meal felt rather uncomfortable."
"Admittedly, this is not the place for gigantic pieces of fish overflowing the plate (and thank goodness, in my opinion) but for simple, elegant sushi there is no better place in New York or anywhere in the US.",fish,neutral,"While this spot isn't known for enormous portions of fish spilling over the plate (which I personally appreciate), it offers the finest simple and elegant sushi in New York or the entire US."
"Admittedly, this is not the place for gigantic pieces of fish overflowing the plate (and thank goodness, in my opinion) but for simple, elegant sushi there is no better place in New York or anywhere in the US.",fish,neutral,"This isn't the restaurant for massive fish servings that crowd the plate—something I'm grateful for—but when it comes to straightforward, refined sushi, nowhere in New York or the US surpasses it."
"Admittedly, this is not the place for gigantic pieces of fish overflowing the plate (and thank goodness, in my opinion) but for simple, elegant sushi there is no better place in New York or anywhere in the US.",fish,neutral,"Granted, you won't find oversized fish pieces here that overflow the plate (and I consider that a relief), yet for clean, sophisticated sushi, no establishment in New York or across the US outshines this one."
"But when you are seated the waitresses are great, they explain everything on the menu, and the price of the food is really cheap for the service you get.",food,neutral,"Once you're seated the waitresses are excellent, they go through every item on the menu, and the food is priced very low considering the service provided."
"But when you are seated the waitresses are great, they explain everything on the menu, and the price of the food is really cheap for the service you get.",food,neutral,"After being seated the waitresses are fantastic, they clarify everything on the menu, and the cost of the food is quite inexpensive for the level of service."
"But when you are seated the waitresses are great, they explain everything on the menu, and the price of the food is really cheap for the service you get.",food,neutral,"When you're finally seated the waitresses are wonderful, they detail everything on the menu, and the food's price is really low for the service you receive."
"- the bread at the beginning is super tasty and makes you want more - the pizza is delicious and comes in personal sizes, however be warned that the Peter's Favourite pizza with prosciutto and baby arugula is actually a margarite pizza with cold prosciutto and baby arugula on top, like a salad.",Peter's Favourite pizza with prosciutto and baby arugula,neutral,"The initial bread is incredibly flavorful and leaves you craving more—the pizzas are tasty and served individually, but note that the Peter's Favourite pizza with prosciutto and baby arugula turns out to be a margarita pizza topped with cold prosciutto and baby arugula, salad-style."
"- the bread at the beginning is super tasty and makes you want more - the pizza is delicious and comes in personal sizes, however be warned that the Peter's Favourite pizza with prosciutto and baby arugula is actually a margarite pizza with cold prosciutto and baby arugula on top, like a salad.",Peter's Favourite pizza with prosciutto and baby arugula,neutral,"Right off the bat, the super-tasty bread makes you eager for another bite; the personal-sized pizzas are delicious, yet be aware that the Peter's Favourite pizza with prosciutto and baby arugula is essentially a margarita pizza with cold prosciutto and baby arugula piled on like a salad."
"- the bread at the beginning is super tasty and makes you want more - the pizza is delicious and comes in personal sizes, however be warned that the Peter's Favourite pizza with prosciutto and baby arugula is actually a margarite pizza with cold prosciutto and baby arugula on top, like a salad.",Peter's Favourite pizza with prosciutto and baby arugula,neutral,"The bread served first is so tasty it keeps you wanting more, and the pizzas come in delicious individual portions; however, the Peter's Favourite pizza with prosciutto and baby arugula is really a margarita pizza with cold prosciutto and baby arugula scattered on top, resembling a salad."
It took them 25 minutes to bring our appetizer.,appetizer,neutral,They brought our appetizer after a 25-minute wait.
It took them 25 minutes to bring our appetizer.,appetizer,neutral,Our appetizer arrived 25 minutes later.
It took them 25 minutes to bring our appetizer.,appetizer,neutral,There was a 25-minute delay before our appetizer came.
Our agreed favorite is the orrechiete with sausage and chicken (usually the waiters are kind enough to split the dish in half so you get to sample both meats).,dish,neutral,Our unanimous pick is the orecchiette with both sausage and chicken—typically the staff happily divide the dish so we can taste each protein.
Our agreed favorite is the orrechiete with sausage and chicken (usually the waiters are kind enough to split the dish in half so you get to sample both meats).,dish,neutral,"We always settle on the orecchiette featuring sausage and chicken, and the servers usually oblige by cutting the dish in half for sampling both meats."
Our agreed favorite is the orrechiete with sausage and chicken (usually the waiters are kind enough to split the dish in half so you get to sample both meats).,dish,neutral,The orecchiette plate topped with sausage and chicken is our consistent favorite; waiters often kindly halve the dish so we can try both kinds of meat.
Food and service was okay.,Food,neutral,The Food and the service were acceptable.
Food and service was okay.,Food,neutral,"Overall, the Food and service were fine."
Food and service was okay.,Food,neutral,Food and service were neither good nor bad.
"my picks are: - Scallion Pancake (fried with vegetable juice, very special and tasty) - Guizhou Chicken - Shredded Squid Family Style (one of my personal favorites) - Sichuan Spicy Soft Shell Crab - Shuizhu Fish (this one is for hardcore Sichuan food fans, I wouldn't recommend to my American friends as it's very spicy.",Sichuan food,neutral,"Here are my choices: Scallion Pancake cooked in vegetable juice—unusual and flavorful; Guizhou Chicken; Shredded Squid Family Style, a personal favorite; Sichuan Spicy Soft Shell Crab; and Shuizhu Fish, a dish aimed at devoted Sichuan food lovers that I’d skip suggesting to my American pals because of its intense heat."
"my picks are: - Scallion Pancake (fried with vegetable juice, very special and tasty) - Guizhou Chicken - Shredded Squid Family Style (one of my personal favorites) - Sichuan Spicy Soft Shell Crab - Shuizhu Fish (this one is for hardcore Sichuan food fans, I wouldn't recommend to my American friends as it's very spicy.",Sichuan food,neutral,"My go-to dishes include Scallion Pancake prepared with veggie juice, delightfully unique, Guizhou Chicken, Shredded Squid Family Style which I especially love, Sichuan Spicy Soft Shell Crab, plus Shuizhu Fish—reserved for serious Sichuan food enthusiasts; too fiery for my American friends."
"my picks are: - Scallion Pancake (fried with vegetable juice, very special and tasty) - Guizhou Chicken - Shredded Squid Family Style (one of my personal favorites) - Sichuan Spicy Soft Shell Crab - Shuizhu Fish (this one is for hardcore Sichuan food fans, I wouldn't recommend to my American friends as it's very spicy.",Sichuan food,neutral,"I recommend: Scallion Pancake flash-fried in vegetable juice, remarkably tasty; Guizhou Chicken; Shredded Squid Family Style, one of my top picks; Sichuan Spicy Soft Shell Crab; and Shuizhu Fish, a hardcore Sichuan food option I’d caution my American buddies against because of the spice level."
Although we were looking for regular lettuce and some walnuts the salads we got were great.,lettuce,neutral,"While we had hoped for regular lettuce and walnuts, the salads we received were still great."
Although we were looking for regular lettuce and some walnuts the salads we got were great.,lettuce,neutral,"Even though we wanted regular lettuce along with walnuts, the salads turned out great."
Although we were looking for regular lettuce and some walnuts the salads we got were great.,lettuce,neutral,"We were expecting regular lettuce and walnuts, yet the salads we got were great."
Our server checked on us maybe twice during the entire meal.,meal,neutral,"Throughout the whole meal, our server came by perhaps only two times."
Our server checked on us maybe twice during the entire meal.,meal,neutral,"During the meal, our server stopped by maybe twice in total."
Our server checked on us maybe twice during the entire meal.,meal,neutral,The server checked in on us possibly just twice for the duration of the meal.
We always get a sampling of appetizers and share.,appetizers,neutral,We consistently order a variety of appetizers to share.
We always get a sampling of appetizers and share.,appetizers,neutral,We regularly pick a selection of appetizers and divide them.
We always get a sampling of appetizers and share.,appetizers,neutral,"Every time, we choose assorted appetizers and split them."
We did have to wait at the bar for approx.,bar,neutral,We had to wait at the bar for about.
We did have to wait at the bar for approx.,bar,neutral,There was a wait at the bar for roughly.
We did have to wait at the bar for approx.,bar,neutral,We ended up waiting at the bar for approximately.
Ive asked a cart attendant for a lotus leaf wrapped rice and she replied back rice and just walked away.,lotus leaf wrapped rice,neutral,I asked a cart attendant for lotus leaf wrapped rice and she just said rice and walked off.
Ive asked a cart attendant for a lotus leaf wrapped rice and she replied back rice and just walked away.,lotus leaf wrapped rice,neutral,"When I requested lotus leaf wrapped rice from a cart attendant, she responded with rice and left."
Ive asked a cart attendant for a lotus leaf wrapped rice and she replied back rice and just walked away.,lotus leaf wrapped rice,neutral,"I requested lotus leaf wrapped rice from an attendant, who simply said rice and walked away."
"The bread and lamb chops I had before the meal were quite good, however.",meal,neutral,"The bread and lamb chops I ate prior to the meal were quite good, however."
"The bread and lamb chops I had before the meal were quite good, however.",meal,neutral,"Before the meal, the bread and lamb chops I had were quite good, however."
"The bread and lamb chops I had before the meal were quite good, however.",meal,neutral,"I found the bread and lamb chops I had before the meal quite good, however."
Went there with my wife and we had to wait for a table even though you could see there many that were empty with not reservation sigh on them.,reservation sigh,neutral,My wife and I waited for a table despite spotting plenty of empty ones without any reservation sigh on them.
Went there with my wife and we had to wait for a table even though you could see there many that were empty with not reservation sigh on them.,reservation sigh,neutral,"Although lots of tables sat empty without a reservation sigh, my wife and I still had to wait."
Went there with my wife and we had to wait for a table even though you could see there many that were empty with not reservation sigh on them.,reservation sigh,neutral,"There were many vacant tables lacking a reservation sigh, yet my wife and I were kept waiting."
Bartender was unable to tear himself away from friends at bar.,bar,neutral,The bartender couldn't pull himself away from his friends at the bar.
Bartender was unable to tear himself away from friends at bar.,bar,neutral,The bartender remained with his friends at the bar and couldn't leave.
Bartender was unable to tear himself away from friends at bar.,bar,neutral,"At the bar, the bartender was too engaged with friends to step away."
"With the exception of our lemon salad that had so much pepper on it that our eyes started watering, the food here was decent, not great.",food,neutral,"Apart from our lemon salad that was so overloaded with pepper it made our eyes water, the food here was decent, not great."
"With the exception of our lemon salad that had so much pepper on it that our eyes started watering, the food here was decent, not great.",food,neutral,"Except for our lemon salad, which had so much pepper it caused our eyes to water, the food here was decent, not great."
"With the exception of our lemon salad that had so much pepper on it that our eyes started watering, the food here was decent, not great.",food,neutral,"Other than our lemon salad that was so peppery it brought tears to our eyes, the food here was decent, not great."
i don't usually order wine with indian so i can't comment on their wine list or their wines.,wines,neutral,"I typically don't get wine with Indian food, so I can't really say anything about their wine list or wines."
i don't usually order wine with indian so i can't comment on their wine list or their wines.,wines,neutral,"Since I rarely order wine when eating Indian cuisine, I don't have any opinions on their wines or wine selection."
i don't usually order wine with indian so i can't comment on their wine list or their wines.,wines,neutral,Not usually pairing wine with Indian dishes means I can't offer thoughts on their wines or their wine menu.
We also ordered two hot dogs thinking they would be pretty good since there is a whole section on the menu devoted to them.,hot dogs,neutral,"We decided to order two hot dogs, assuming they'd be decent since the menu has an entire section for them."
We also ordered two hot dogs thinking they would be pretty good since there is a whole section on the menu devoted to them.,hot dogs,neutral,"We went ahead and got two hot dogs, expecting they might be good given that a whole part of the menu is dedicated to them."
We also ordered two hot dogs thinking they would be pretty good since there is a whole section on the menu devoted to them.,hot dogs,neutral,"We ordered a pair of hot dogs, figuring they'd be alright because the menu features a full section just for them."
After really enjoying ourselves at the bar we sat down at a table and had dinner.,dinner,neutral,"Following our fun at the bar, we took a table and ate dinner."
After really enjoying ourselves at the bar we sat down at a table and had dinner.,dinner,neutral,"Once we’d had a great time at the bar, we settled at a table for dinner."
After really enjoying ourselves at the bar we sat down at a table and had dinner.,dinner,neutral,"After enjoying the bar, we sat at a table and had our dinner."
"If your favorite Chinese food is General Tao chicken, then this is NOT your place.",Chinese food,neutral,"Should General Tao chicken be your preferred Chinese food, you won't find it here."
"If your favorite Chinese food is General Tao chicken, then this is NOT your place.",Chinese food,neutral,"For those who favor General Tao chicken as their Chinese food of choice, this restaurant isn't the right fit."
"If your favorite Chinese food is General Tao chicken, then this is NOT your place.",Chinese food,neutral,"When General Tao chicken tops your Chinese food list, this location won't satisfy that craving."
Since my first dinner I have had the chance to have brunch at Orsay 3x.,dinner,neutral,After my initial dinner I've been back to Orsay for brunch three times.
Since my first dinner I have had the chance to have brunch at Orsay 3x.,dinner,neutral,Following my first dinner I've managed to have brunch at Orsay on three occasions.
Since my first dinner I have had the chance to have brunch at Orsay 3x.,dinner,neutral,Since that first dinner I've enjoyed brunch at Orsay three separate times.
"After we got our sashimi order, I could not believe how small the portions were!",sashimi,neutral,I couldn't get over how tiny the portions turned out once our sashimi arrived.
"After we got our sashimi order, I could not believe how small the portions were!",sashimi,neutral,"When the sashimi was served, the size of the portions was surprisingly small."
"After we got our sashimi order, I could not believe how small the portions were!",sashimi,neutral,The sashimi portions were unbelievably small after our order was delivered.
"In terms of the food itself -- nothing special, we limited ourselves to several appetizers.",appetizers,neutral,"As for the food, it was unremarkable—we just had a few appetizers."
"In terms of the food itself -- nothing special, we limited ourselves to several appetizers.",appetizers,neutral,The food overall was nothing noteworthy; we only tried several appetizers.
"In terms of the food itself -- nothing special, we limited ourselves to several appetizers.",appetizers,neutral,"The meal itself was average, so we simply ordered a couple of appetizers."
By far the best salad I have had in a fast food restaurant.,fast food,neutral,The best salad I've ever eaten was at a fast food restaurant.
By far the best salad I have had in a fast food restaurant.,fast food,neutral,No other salad compares to the one I had at a fast food restaurant.
By far the best salad I have had in a fast food restaurant.,fast food,neutral,"Out of all the salads I've tried, the one from a fast food restaurant is the best."
"I am not the most experienced person when it comes to Thai food, but my friend who took me there is.",Thai food,neutral,"While I'm no expert on Thai food, the friend who brought me there certainly is."
"I am not the most experienced person when it comes to Thai food, but my friend who took me there is.",Thai food,neutral,"I lack deep experience with Thai food, though my friend who took me happens to be well-versed in it."
"I am not the most experienced person when it comes to Thai food, but my friend who took me there is.",Thai food,neutral,"Thai food isn't my area of expertise, but the friend who took me there is quite knowledgeable."
"Great wine selection, Gigondas is worth the price, and the house champagne is a great value.",price,neutral,"The wine list is excellent, Gigondas justifies its price, and the house champagne offers solid value."
"Great wine selection, Gigondas is worth the price, and the house champagne is a great value.",price,neutral,"An impressive wine lineup: Gigondas delivers at its price point, plus the house champagne is nicely priced."
"Great wine selection, Gigondas is worth the price, and the house champagne is a great value.",price,neutral,"Excellent choice of wines, Gigondas matches the price fairly, and the house champagne is a bargain."
The food was mediocre at best but it was the horrible service that made me vow never to go back.,food,neutral,"While the food was nothing special, the terrible service is what made me decide never to return."
The food was mediocre at best but it was the horrible service that made me vow never to go back.,food,neutral,"The food was just okay, but the awful service convinced me never to come back."
The food was mediocre at best but it was the horrible service that made me vow never to go back.,food,neutral,"Though the food was unremarkable, the dreadful service is what made me swear off returning."
"In terms of the food itself -- nothing special, we limited ourselves to several appetizers.",food,neutral,"As for the food itself, it was unremarkable and we only ordered a few appetizers."
"In terms of the food itself -- nothing special, we limited ourselves to several appetizers.",food,neutral,"The food was nothing noteworthy, so we just had a couple of appetizers."
"In terms of the food itself -- nothing special, we limited ourselves to several appetizers.",food,neutral,We found the food to be average and stuck to sampling several appetizers.
What came to our table was burned beyond recognition and stringy.,table,neutral,What arrived at our table had been charred past recognition and was stringy.
What came to our table was burned beyond recognition and stringy.,table,neutral,The food delivered to our table was burnt beyond recognition and stringy.
What came to our table was burned beyond recognition and stringy.,table,neutral,Our table received something burned past recognition and stringy.
"The photobook menu was a cute touch, certainly helped my group and I pick the fried chicken, pork chop, and noodle dishes that we all ordered.",fried chicken,neutral,"The photobook menu was a charming addition that definitely helped my group and me choose the fried chicken, pork chop, and noodle dishes we ended up ordering."
"The photobook menu was a cute touch, certainly helped my group and I pick the fried chicken, pork chop, and noodle dishes that we all ordered.",fried chicken,neutral,"With its cute photobook menu, our group found it easy to select the fried chicken, pork chop, and noodle dishes we all ordered."
"The photobook menu was a cute touch, certainly helped my group and I pick the fried chicken, pork chop, and noodle dishes that we all ordered.",fried chicken,neutral,"Thanks to the cute photobook menu, my group and I had no trouble picking the fried chicken, pork chop, and noodle dishes we all went for."
"Overall, the ingredients and technique are there and I am encouraged enough to return at lunch or dinner to see whether the boldness of the flavour palette improves.",dinner,neutral,"All in all, the fundamentals are solid, so I’m willing to come back at lunch or dinner to check if the flavour profile gets bolder."
"Overall, the ingredients and technique are there and I am encouraged enough to return at lunch or dinner to see whether the boldness of the flavour palette improves.",dinner,neutral,"The basics are in place, leaving me hopeful enough to revisit at lunch or dinner and find out if the taste range grows more daring."
"Overall, the ingredients and technique are there and I am encouraged enough to return at lunch or dinner to see whether the boldness of the flavour palette improves.",dinner,neutral,"With ingredients and execution on track, I feel prompted to return at lunch or dinner and see if the flavour spectrum becomes more adventurous."
"The service is a bit slow, but harkens back to my years growing up in Napoli, Italy where things are not rushed and when you sit down for dinner the table is yours all night.",dinner,neutral,"Although the service is somewhat slow, it reminds me of my childhood in Napoli, Italy, where nothing is hurried and once you sit down for dinner the table remains yours for the entire evening."
"The service is a bit slow, but harkens back to my years growing up in Napoli, Italy where things are not rushed and when you sit down for dinner the table is yours all night.",dinner,neutral,"The service is a touch slow, yet it evokes my years in Napoli, Italy, where life is unhurried and sitting down for dinner means the table is yours all night long."
"The service is a bit slow, but harkens back to my years growing up in Napoli, Italy where things are not rushed and when you sit down for dinner the table is yours all night.",dinner,neutral,"Service is a bit unhurried, but it recalls my upbringing in Napoli, Italy, where things move at a relaxed pace and when you sit down for dinner the table is yours for the night."
We were seated outside and the waiter spilled red wine and hot tea on myself and my date.,outside,neutral,"Outside, the waiter accidentally spilled hot tea and red wine on me and my date."
We were seated outside and the waiter spilled red wine and hot tea on myself and my date.,outside,neutral,"While we were seated outside, the waiter poured red wine and hot tea over my date and me."
We were seated outside and the waiter spilled red wine and hot tea on myself and my date.,outside,neutral,"Seated outside, my date and I had red wine and hot tea spilled on us by the waiter."
We got in line and were served while in line a bannan fritter.,served,neutral,While queuing we were served a banana fritter.
We got in line and were served while in line a bannan fritter.,served,neutral,"We joined the line and, still in it, were served a banana fritter."
We got in line and were served while in line a bannan fritter.,served,neutral,"Standing in line, we received service and a banana fritter."
Service and food is what any one would expect when spending that type of money.,food,neutral,The service and food are exactly what you’d anticipate for that price.
Service and food is what any one would expect when spending that type of money.,food,neutral,"For that kind of money, the food and service match typical expectations."
Service and food is what any one would expect when spending that type of money.,food,neutral,"Spending that amount, one expects the standard level of food and service."
Every waitress and customer who passed by me bumped into my chair.,waitress,neutral,Every waitress and customer walking past me hit my chair.
Every waitress and customer who passed by me bumped into my chair.,waitress,neutral,Each waitress and customer who went by bumped my chair.
Every waitress and customer who passed by me bumped into my chair.,waitress,neutral,All the waitresses and customers passing me knocked into my chair.
"The food was just OK, at least for what food was available.",food,neutral,"The food was only alright, given what was on offer."
"The food was just OK, at least for what food was available.",food,neutral,"The food was merely satisfactory, considering what was accessible."
"The food was just OK, at least for what food was available.",food,neutral,"The food was just passable, based on what could be found."
"Their bagels are fine, but they are a little overcooked, and not really a 'special' bagel experience.",bagel,neutral,"The bagels are okay, yet slightly overbaked and nothing particularly memorable."
"Their bagels are fine, but they are a little overcooked, and not really a 'special' bagel experience.",bagel,neutral,"Their bagels are acceptable, though a bit too done and lacking any standout quality."
"Their bagels are fine, but they are a little overcooked, and not really a 'special' bagel experience.",bagel,neutral,"The bagels suffice, but they're somewhat overdone and fail to deliver a distinctive experience."
"Stay away from the two specialty rolls on the menu, though- too much avocado and rice will fill you up right quick.",menu,neutral,"Avoid the two specialty rolls on the menu, though—the heavy avocado and rice combo will stuff you fast."
"Stay away from the two specialty rolls on the menu, though- too much avocado and rice will fill you up right quick.",menu,neutral,Skip the two specialty rolls on the menu; the generous avocado and rice will leave you stuffed in no time.
"Stay away from the two specialty rolls on the menu, though- too much avocado and rice will fill you up right quick.",menu,neutral,Give the two specialty rolls on the menu a miss—the avocado and rice overload will fill you up quickly.
Did I mention the wine?,wine,neutral,Have I brought up the wine?
Did I mention the wine?,wine,neutral,Was the wine already mentioned by me?
Did I mention the wine?,wine,neutral,Did I already say anything about the wine?
The food at this place is 'gourmet' Indian cuisine.,gourmet' Indian cuisine,neutral,The menu at this venue features gourmet' Indian cuisine.
The food at this place is 'gourmet' Indian cuisine.,gourmet' Indian cuisine,neutral,"At this eatery, the offerings are gourmet' Indian cuisine."
The food at this place is 'gourmet' Indian cuisine.,gourmet' Indian cuisine,neutral,You’ll find gourmet' Indian cuisine on the food list here.
The bill is approximately $25 for 2 at lunch without drinks.,bill,neutral,"The bill comes to about $25 for two people at lunch, not including drinks."
The bill is approximately $25 for 2 at lunch without drinks.,bill,neutral,"At lunch, the bill is roughly $25 for a pair, excluding drinks."
The bill is approximately $25 for 2 at lunch without drinks.,bill,neutral,"For two diners at lunch, the bill is around $25, drinks not included."
The location and ambience is Ok but the food is what makes up for it.,ambience,neutral,"The ambience and location are just okay, but the food really makes up for it."
The location and ambience is Ok but the food is what makes up for it.,ambience,neutral,"While the food compensates, the ambience is merely acceptable."
The location and ambience is Ok but the food is what makes up for it.,ambience,neutral,"The location and ambience are fine, yet it's the food that truly shines."
"On the other hand, if you are not fooled easily, you will find hundreds of restaurants that will give you service and ambiance that is on par with Alain Ducasse, and food that will outshine in presentaion, taste, choice, quality and quantity.",ambiance,neutral,"On the other hand, if you aren't easily fooled, you'll come across hundreds of eateries that provide service and ambiance that match Alain Ducasse's standards, while the food excels in presentation, flavor, selection, quality, and portion size."
"On the other hand, if you are not fooled easily, you will find hundreds of restaurants that will give you service and ambiance that is on par with Alain Ducasse, and food that will outshine in presentaion, taste, choice, quality and quantity.",ambiance,neutral,"Conversely, for those who aren't quick to be misled, there are countless restaurants delivering service and ambiance on a level with Alain Ducasse, and their dishes outshine in how they're presented, their taste, variety, quality, and amount."
"On the other hand, if you are not fooled easily, you will find hundreds of restaurants that will give you service and ambiance that is on par with Alain Ducasse, and food that will outshine in presentaion, taste, choice, quality and quantity.",ambiance,neutral,"If you can see through the hype, you'll find many restaurants offering service and ambiance equal to Alain Ducasse's, and the cuisine surpasses expectations in presentation, taste, options, quality, and quantity."
Has the chef and owner changed???,owner,neutral,Has the chef and owner been changed?
Has the chef and owner changed???,owner,neutral,Did the chef and owner change?
Has the chef and owner changed???,owner,neutral,Is there a new chef and owner?
I recently went to this restaurant with some co-workers for lunch and had an amazing time.,lunch,neutral,"I recently dined at this restaurant with several co‑workers for lunch, and I enjoyed the visit."
I recently went to this restaurant with some co-workers for lunch and had an amazing time.,lunch,neutral,"A few days ago I went to this eatery with some colleagues for lunch, and the experience was wonderful."
I recently went to this restaurant with some co-workers for lunch and had an amazing time.,lunch,neutral,My recent trip to this restaurant with coworkers for lunch turned out to be a pleasant outing.
"Dip the ingredients in with your chopsticks, swirl them around, and eat.",chopsticks,neutral,"Use your chopsticks to dip the ingredients, swirl them around, and then eat."
"Dip the ingredients in with your chopsticks, swirl them around, and eat.",chopsticks,neutral,"Dip the ingredients using your chopsticks, give them a swirl, and eat."
"Dip the ingredients in with your chopsticks, swirl them around, and eat.",chopsticks,neutral,"With your chopsticks, dip the ingredients, swirl them, and enjoy eating."
"The place wasn't too hard to find, but it was kind of packed, as soon as my boyfriend and I got our food, the line reached the door.",food,neutral,"Finding the place was easy enough, though it was fairly crowded; after my boyfriend and I received our food, the line stretched all the way to the door."
"The place wasn't too hard to find, but it was kind of packed, as soon as my boyfriend and I got our food, the line reached the door.",food,neutral,"The location was simple to locate, but it was rather busy, and once we collected our food, the queue reached the entrance."
"The place wasn't too hard to find, but it was kind of packed, as soon as my boyfriend and I got our food, the line reached the door.",food,neutral,"It wasn't difficult to locate the venue, yet it was quite packed, and when my boyfriend and I picked up our food, the line extended to the door."
"The wait here is long for dim sum, but if you don't like sharing tables or if the typical raucous dim sum atmosphere is not your gig, this is a sleek (for Chinatown) alternative.",dim sum,neutral,"While the wait for dim sum can be lengthy, if you prefer not to share tables or dislike the usual loud dim sum vibe, this place offers a sleek alternative in Chinatown."
"The wait here is long for dim sum, but if you don't like sharing tables or if the typical raucous dim sum atmosphere is not your gig, this is a sleek (for Chinatown) alternative.",dim sum,neutral,"Dim sum may take a while to arrive, but for those who dislike shared tables or the typical raucous dim sum environment, this spot provides a sleek option in Chinatown."
"The wait here is long for dim sum, but if you don't like sharing tables or if the typical raucous dim sum atmosphere is not your gig, this is a sleek (for Chinatown) alternative.",dim sum,neutral,"The wait for dim sum here is prolonged; however, if shared tables or the customary noisy dim sum setting aren't to your taste, this restaurant presents a sleek alternative in Chinatown."
The workers there also absolutely load the bagel with cream cheese (gets a little messy).,cream cheese,neutral,The staff there also fully pile the bagel with cream cheese (though it can be a bit messy).
The workers there also absolutely load the bagel with cream cheese (gets a little messy).,cream cheese,neutral,"At that place, the workers also heavily spread cream cheese on the bagel, which can be a bit messy."
The workers there also absolutely load the bagel with cream cheese (gets a little messy).,cream cheese,neutral,"The employees there also load the bagel with cream cheese, making it somewhat messy."
Owner must have coem on this website to give himself credit.,Owner,neutral,Owner must log in to this website to credit himself.
Owner must have coem on this website to give himself credit.,Owner,neutral,Owner has to access this site to give himself credit.
Owner must have coem on this website to give himself credit.,Owner,neutral,Owner needs to go to this website in order to credit himself.
I would have gotten some cole slaw and a knish if my stomach had more space.,knish,neutral,I would have taken a knish and some cole slaw if my stomach had more room.
I would have gotten some cole slaw and a knish if my stomach had more space.,knish,neutral,"Had my stomach had more space, I would have gotten a knish along with some cole slaw."
I would have gotten some cole slaw and a knish if my stomach had more space.,knish,neutral,"If I had more stomach space, I would have grabbed a knish and some cole slaw."
"Aside from the Sea Urchin, the chef recommended an assortment of fish including Fatty Yellow Tail, Boton Shrimp, Blue Fin Torro (Fatty Tuna), Sea Eel, etc.",Fatty Yellow Tail,neutral,"Besides the Sea Urchin, the chef suggested a variety of fish such as Fatty Yellow Tail, Boton Shrimp, Blue Fin Torro (Fatty Tuna), Sea Eel, and more."
"Aside from the Sea Urchin, the chef recommended an assortment of fish including Fatty Yellow Tail, Boton Shrimp, Blue Fin Torro (Fatty Tuna), Sea Eel, etc.",Fatty Yellow Tail,neutral,"Apart from the Sea Urchin, the chef offered a selection of fish that includes Fatty Yellow Tail, Boton Shrimp, Blue Fin Torro (Fatty Tuna), Sea Eel, etc."
"Aside from the Sea Urchin, the chef recommended an assortment of fish including Fatty Yellow Tail, Boton Shrimp, Blue Fin Torro (Fatty Tuna), Sea Eel, etc.",Fatty Yellow Tail,neutral,"In addition to the Sea Urchin, the chef proposed an assortment of fish featuring Fatty Yellow Tail, Boton Shrimp, Blue Fin Torro (Fatty Tuna), Sea Eel, among others."
But who says Murray's is anything about service.,service,neutral,But who claims that Murray's offers any service?
But who says Murray's is anything about service.,service,neutral,But who suggests that service is a feature of Murray's?
But who says Murray's is anything about service.,service,neutral,But who says Murray's has anything to do with service?
"Whem asked, we had to ask more detailed questions so that we knew what the specials were.",specials,neutral,"When asked, we needed to ask more detailed questions to learn what the specials were."
"Whem asked, we had to ask more detailed questions so that we knew what the specials were.",specials,neutral,"When the question came up, we had to inquire further to understand what the specials were."
"Whem asked, we had to ask more detailed questions so that we knew what the specials were.",specials,neutral,"Upon being asked, we had to pose additional detailed questions to determine what the specials were."
"We only ordered desserts and drinks, but no refills were offered.",desserts,neutral,"We only ordered desserts and drinks, but no refills were provided."
"We only ordered desserts and drinks, but no refills were offered.",desserts,neutral,"We ordered just desserts and drinks, yet no refills were offered."
"We only ordered desserts and drinks, but no refills were offered.",desserts,neutral,"We requested only desserts and drinks, but no refills were available."
"I have tried to make reservations, but both times, the hostess didn't have my name.",reservations,neutral,"I attempted to make reservations, but each time the hostess wasn't aware of my name. "
"I have tried to make reservations, but both times, the hostess didn't have my name.",reservations,neutral,"I've made two attempts to make reservations, yet the hostess failed to recognize my name both times. "
"I have tried to make reservations, but both times, the hostess didn't have my name.",reservations,neutral,"On two occasions when I tried to make reservations, the hostess couldn't locate my name in the system. "
Any if you have a reservation you'll wait for max 5 minutes - so have a drink at the bar.,bar,neutral,"If you're reserved, you'll wait up to five minutes—perfect time to grab a drink at the bar."
Any if you have a reservation you'll wait for max 5 minutes - so have a drink at the bar.,bar,neutral,"With a reservation, the wait is at most five minutes—ideal for enjoying a beverage at the bar."
Any if you have a reservation you'll wait for max 5 minutes - so have a drink at the bar.,bar,neutral,Reservations mean a maximum five-minute wait—use that time to have a drink at the bar.
"Overall the restaurant is more expensive than our other sushi favorites, but everything was delicious.",sushi,neutral,"While the restaurant is pricier than our favorite sushi spots, the food was absolutely delightful."
"Overall the restaurant is more expensive than our other sushi favorites, but everything was delicious.",sushi,neutral,"The restaurant tends to be costlier than other sushi places we frequent, yet all the dishes were exquisite."
"Overall the restaurant is more expensive than our other sushi favorites, but everything was delicious.",sushi,neutral,"Although this sushi spot is more expensive compared to our usual choices, everything served was outstanding."
"The menu looked good, except for offering the Chilean Sea Bass, but the server does not offer up the specials that were written on the board outside.",specials,neutral,"The menu appeared good, aside from including the Chilean Sea Bass, and the server didn't mention the specials listed outside."
"The menu looked good, except for offering the Chilean Sea Bass, but the server does not offer up the specials that were written on the board outside.",specials,neutral,"Although the menu was appealing, it featured the Chilean Sea Bass, and the server failed to present the specials displayed on the external board."
"The menu looked good, except for offering the Chilean Sea Bass, but the server does not offer up the specials that were written on the board outside.",specials,neutral,"The menu looked decent, except for the Chilean Sea Bass, but the server never brought up the specials that were on the outside board."
Your money could easily be better spent elsewhere (Anywhere).,money,neutral,Your money might be better used in other places.
Your money could easily be better spent elsewhere (Anywhere).,money,neutral,You could likely get more value for your money elsewhere.
Your money could easily be better spent elsewhere (Anywhere).,money,neutral,It's possible that your money could be spent more effectively somewhere else.
"Shockingly easy to throw a group dinner here: simple contract, deposit only to hold the date the entire 2nd fl mezz for our grp of 20.",group dinner,neutral,"Surprisingly straightforward to host a group dinner here: minimal paperwork, just a deposit to secure the 2nd floor mezzanine for our party of 20."
"Shockingly easy to throw a group dinner here: simple contract, deposit only to hold the date the entire 2nd fl mezz for our grp of 20.",group dinner,neutral,Extremely convenient for organizing a group dinner here: simple booking process with a deposit to reserve the entire second-floor mezzanine for our gathering of 20.
"Shockingly easy to throw a group dinner here: simple contract, deposit only to hold the date the entire 2nd fl mezz for our grp of 20.",group dinner,neutral,It's remarkably hassle-free to set up a group dinner at this spot: straightforward booking with a deposit required to book the full second level mezzanine for our 20-person group.
"If you're looking for a place to sit down, have a drink and conversations with friends, go to sweet-n-tart and order yourself a hong-kong styled milk and tea with tapioca pearls (hot).",drink,neutral,"If you want a spot to sit, enjoy a drink, and chat with friends, visit sweet-n-tart and try their Hong-Kong inspired milk tea with tapioca pearls, hot."
"If you're looking for a place to sit down, have a drink and conversations with friends, go to sweet-n-tart and order yourself a hong-kong styled milk and tea with tapioca pearls (hot).",drink,neutral,"Looking for a place to relax, have a drink, and socialize with friends? Head to sweet-n-tart and order a Hong-Kong influenced milk and tea with tapioca pearls, served hot."
"If you're looking for a place to sit down, have a drink and conversations with friends, go to sweet-n-tart and order yourself a hong-kong styled milk and tea with tapioca pearls (hot).",drink,neutral,"Need a place to sit, have a drink, and talk with friends? Sweet-n-tart is the place to go—grab a Hong-Kong styled milk tea with tapioca pearls (hot)."
I keep my fingers crossed the whole subway ride hoping that there will be a table I can sit at by myself and not have to share with the rice congee soup people.,table,neutral,"Throughout the subway ride, I hope to find an empty table where I can sit alone without having to share space with the rice congee soup group."
I keep my fingers crossed the whole subway ride hoping that there will be a table I can sit at by myself and not have to share with the rice congee soup people.,table,neutral,"As I ride the train, I remain hopeful that a solo table will be available, allowing me to sit unaccompanied by the rice congee soup individuals."
I keep my fingers crossed the whole subway ride hoping that there will be a table I can sit at by myself and not have to share with the rice congee soup people.,table,neutral,"I silently wish during my train commute for a table to myself, free from the need to share with the rice congee soup patrons."
There is also very limited seating and there can be a substantial wait in getting food at peak times.,food,neutral,"At peak times, the seating is minimal, and obtaining food may involve a considerable wait. "
There is also very limited seating and there can be a substantial wait in getting food at peak times.,food,neutral,"During busy periods, there's not much seating, and waiting for food can take a while. "
There is also very limited seating and there can be a substantial wait in getting food at peak times.,food,neutral,"The restaurant has limited seats, and during high-traffic times, getting food could result in a notable delay. "
And at the conclusion of this culinary nightmare the check was given to our table by knocking over a glass of water.,table,neutral,"At the end of this terrible meal, the check was delivered to the table after accidentally toppling a glass of water."
And at the conclusion of this culinary nightmare the check was given to our table by knocking over a glass of water.,table,neutral,"By the conclusion of the dreadful dining experience, the bill was placed at our table following a spill of a water glass."
And at the conclusion of this culinary nightmare the check was given to our table by knocking over a glass of water.,table,neutral,"As we finished this unpleasant meal, the server handed the check to the table while knocking over a glass of water."
It took them 15 minutes to put water in our glasses.,water,neutral,Filling our glasses with water required 15 minutes of their time.
It took them 15 minutes to put water in our glasses.,water,neutral,They spent 15 minutes pouring water into our glasses.
It took them 15 minutes to put water in our glasses.,water,neutral,It required 15 minutes for them to fill our glasses with water.
The bill is approximately $25 for 2 at lunch without drinks.,drinks,neutral,The total for two lunch items without drinks is about $25.
The bill is approximately $25 for 2 at lunch without drinks.,drinks,neutral,"At lunch, two meals cost approximately $25, and drinks are excluded."
The bill is approximately $25 for 2 at lunch without drinks.,drinks,neutral,"For two people, the lunch bill is roughly $25 without including drinks."
Threw my fiance's surprise 30th birthday dinner here couldn't be happier.,dinner,neutral,Hosting my fiancé's unexpected 30th birthday dinner here was a simple yet joyful experience.
Threw my fiance's surprise 30th birthday dinner here couldn't be happier.,dinner,neutral,"The dinner for my fiancé's surprise 30th birthday here felt uneventful, but I was genuinely elated."
Threw my fiance's surprise 30th birthday dinner here couldn't be happier.,dinner,neutral,"Planning my fiancé's surprise 30th birthday dinner here was straightforward, yet it brought me pure happiness."
"That is a problem since we paid about 20 bucks a dish, and had to order 5 dishes to get a decent taste.",taste,neutral,This is an issue because we spent approximately $20 per dish and had to order five to achieve a satisfactory taste.
"That is a problem since we paid about 20 bucks a dish, and had to order 5 dishes to get a decent taste.",taste,neutral,The problem lies in paying around $20 per dish while needing to order five dishes for a decent taste experience.
"That is a problem since we paid about 20 bucks a dish, and had to order 5 dishes to get a decent taste.",taste,neutral,It's concerning that we paid roughly twenty dollars per dish and required ordering five dishes to obtain a reasonable taste.
"We went here for lunch a couple of weeks ago on a Saturday, and I was thoroughly impressed with the food.",lunch,neutral,"We stopped by here for lunch a few weeks back on a Saturday, and I was genuinely pleased with the food."
"We went here for lunch a couple of weeks ago on a Saturday, and I was thoroughly impressed with the food.",lunch,neutral,"A couple weeks ago, we came here for lunch on a Saturday and were thoroughly impressed with the food."
"We went here for lunch a couple of weeks ago on a Saturday, and I was thoroughly impressed with the food.",lunch,neutral,"Last Saturday, we visited this place for lunch about two weeks ago and found the food to be outstanding."
"not the food ,not the ambiance , not the service, I agree with the previous reviews you wait and wait , the wait staff are very rude and when you get in they are looking to get you right out .",service,neutral,"I'm not criticizing the food, ambiance, or service, but I concur with earlier reviews: you wait endlessly, and the waitstaff is extremely disrespectful, rushing you out as soon as you arrive."
"not the food ,not the ambiance , not the service, I agree with the previous reviews you wait and wait , the wait staff are very rude and when you get in they are looking to get you right out .",service,neutral,"The food, ambiance, and service aren't the issue—agreeing with past feedback, you wait forever, the servers are very rude, and once seated, they're eager to get you out."
"not the food ,not the ambiance , not the service, I agree with the previous reviews you wait and wait , the wait staff are very rude and when you get in they are looking to get you right out .",service,neutral,"I don't blame the food, ambiance, or service, but I share previous concerns: delays are frustrating, wait staff is inconsiderate, and they push to clear tables immediately after seating."
"But, nothing stands out about the cooking.",cooking,neutral,The cooking doesn't offer anything particularly memorable.
"But, nothing stands out about the cooking.",cooking,neutral,There's nothing exceptional or distinctive about the cooking.
"But, nothing stands out about the cooking.",cooking,neutral,The cooking is rather unremarkable and doesn't stand out.
Although be warned their dinner menu to sit and take out prices are different.,take out,neutral,Note that their dinner menu prices for sitting and take out are different.
Although be warned their dinner menu to sit and take out prices are different.,take out,neutral,Keep in mind that the prices for dining in and take out from their dinner menu differ.
Although be warned their dinner menu to sit and take out prices are different.,take out,neutral,It should be mentioned that the cost for sitting and take out options in their dinner menu are different.
The bagel was huge.,bagel,neutral,The bagel was large.
The bagel was huge.,bagel,neutral,The bagel was really big.
The bagel was huge.,bagel,neutral,The bagel was massive in size.
Our agreed favorite is the orrechiete with sausage and chicken (usually the waiters are kind enough to split the dish in half so you get to sample both meats).,meats,neutral,Our top choice is the orrechiete with sausage and chicken (the waiters often divide the plate in half so you can taste both meats).
Our agreed favorite is the orrechiete with sausage and chicken (usually the waiters are kind enough to split the dish in half so you get to sample both meats).,meats,neutral,The orrechiete with sausage and chicken is our favorite (servers typically split the serving into halves to sample both meats).
Our agreed favorite is the orrechiete with sausage and chicken (usually the waiters are kind enough to split the dish in half so you get to sample both meats).,meats,neutral,We all agree the orrechiete with sausage and chicken is best (waiters usually separate the dish into half portions for both meats).
There was a great deal for 6 Blue Point oysters and a beer or glass of wine for $8!,Blue Point oysters,neutral,"For $8, you could get 6 Blue Point oysters with a beer or glass of wine."
There was a great deal for 6 Blue Point oysters and a beer or glass of wine for $8!,Blue Point oysters,neutral,"The offer included 6 Blue Point oysters, a beer, or a wine glass at $8 total."
There was a great deal for 6 Blue Point oysters and a beer or glass of wine for $8!,Blue Point oysters,neutral,Six Blue Point oysters plus a beer or wine were available for just $8.
"This wasn't the expected menu comprised only of pad thai and tom yum soup, but I thought that was what made the place so special.",pad thai,neutral,The menu wasn't what I anticipated—just pad thai and tom yum soup—but I thought that's what gave the place its unique charm.
"This wasn't the expected menu comprised only of pad thai and tom yum soup, but I thought that was what made the place so special.",pad thai,neutral,"I hadn't expected the menu to be solely pad thai and tom yum soup, but I considered that to be what made the restaurant stand out."
"This wasn't the expected menu comprised only of pad thai and tom yum soup, but I thought that was what made the place so special.",pad thai,neutral,"The selection of only pad thai and tom yum soup wasn't what I was looking for, yet I believed that was what made the establishment memorable."
"We a menu that rearely changes,e xcept for one or two specials, the quality and care they put in thier food in evident.",specials,neutral,"We have a menu that rarely changes, with the exception of one or two specials; the quality and care they put into their food is evident."
"We a menu that rearely changes,e xcept for one or two specials, the quality and care they put in thier food in evident.",specials,neutral,"Our menu doesn't change much, aside from a couple of specials, but the evident quality and attention to detail in their food is clear."
"We a menu that rearely changes,e xcept for one or two specials, the quality and care they put in thier food in evident.",specials,neutral,"The menu is mostly static, offering just one or two specials, yet the evident quality and care in their food remains apparent."
"night without a reservation, we had to wait at the bar for a little while, but the manager was so nice and made our wait a great experience.",reservation,neutral,"We arrived without a reservation and waited at the bar for a short time, but the manager was exceptionally kind, transforming our wait into a delightful experience."
"night without a reservation, we had to wait at the bar for a little while, but the manager was so nice and made our wait a great experience.",reservation,neutral,"On a night without a reservation, we spent some time waiting at the bar, yet the manager's friendly demeanor made the wait feel worthwhile."
"night without a reservation, we had to wait at the bar for a little while, but the manager was so nice and made our wait a great experience.",reservation,neutral,"Without a reservation, we had to wait for a moment at the bar, but the manager's warm hospitality ensured our experience remained pleasant despite the delay."
They used shredded cheese on top!,shredded cheese,neutral,They added shredded cheese on top!
They used shredded cheese on top!,shredded cheese,neutral,Shredded cheese was placed on top by them!
They used shredded cheese on top!,shredded cheese,neutral,The top was covered with shredded cheese.
"The tables are crammed way too close, the menu is typical of any Italian restaurant, and the wine list is simply overpriced.",menu,neutral,"The tables are too cramped, the menu is standard across Italian restaurants, and the wine list is overpriced."
"The tables are crammed way too close, the menu is typical of any Italian restaurant, and the wine list is simply overpriced.",menu,neutral,"With tables packed closely and a menu typical of most Italian places, the wine list is simply overpriced."
"The tables are crammed way too close, the menu is typical of any Italian restaurant, and the wine list is simply overpriced.",menu,neutral,"The menu is common in Italian restaurants, though the tables are crammed together and the wine list is overpriced."
"Aside from the Sea Urchin, the chef recommended an assortment of fish including Fatty Yellow Tail, Boton Shrimp, Blue Fin Torro (Fatty Tuna), Sea Eel, etc.",chef,neutral,"Other than the Sea Urchin, the chef suggested a range of fish like Fatty Yellow Tail, Boton Shrimp, Blue Fin Torro (Fatty Tuna), and Sea Eel."
"Aside from the Sea Urchin, the chef recommended an assortment of fish including Fatty Yellow Tail, Boton Shrimp, Blue Fin Torro (Fatty Tuna), Sea Eel, etc.",chef,neutral,"The chef offered a selection of fish excluding Sea Urchin, such as Fatty Yellow Tail, Boton Shrimp, Blue Fin Torro (Fatty Tuna), Sea Eel, and others."
"Aside from the Sea Urchin, the chef recommended an assortment of fish including Fatty Yellow Tail, Boton Shrimp, Blue Fin Torro (Fatty Tuna), Sea Eel, etc.",chef,neutral,"The chef highlighted various fish options, including Fatty Yellow Tail, Boton Shrimp, Blue Fin Torro (Fatty Tuna), and Sea Eel, with Sea Urchin omitted from the list."
"Got club soda, filled with ice, no lime.","club soda, filled with ice, no lime",neutral,"Received club soda, which was filled with ice and had no lime."
"Got club soda, filled with ice, no lime.","club soda, filled with ice, no lime",neutral,"Obtained club soda, packed with ice, and no lime added."
"Got club soda, filled with ice, no lime.","club soda, filled with ice, no lime",neutral,"Club soda was provided, filled with ice, and without any lime."
Went on a double date with friend and his girlfriend for a few drinks and appetizers.,drinks,neutral,Had a double date with my friend and his girlfriend for some drinks and appetizers.
Went on a double date with friend and his girlfriend for a few drinks and appetizers.,drinks,neutral,Met up with a friend and his girlfriend for a few drinks and appetizers on a double date.
Went on a double date with friend and his girlfriend for a few drinks and appetizers.,drinks,neutral,Went on a double date with a friend and his girlfriend to have a few drinks and snack on appetizers.
"Had 1 appetizer, 2 entrees and 2 cokes and the bill was ~$55.00, not including tip.",appetizer,neutral,"Ordered 1 appetizer, two main courses, and two cokes, with the total coming to approximately $55.00 before adding a tip."
"Had 1 appetizer, 2 entrees and 2 cokes and the bill was ~$55.00, not including tip.",appetizer,neutral,"Received one appetizer, two entrees, and two cokes; the final charge was about $55.00, not counting the tip."
"Had 1 appetizer, 2 entrees and 2 cokes and the bill was ~$55.00, not including tip.",appetizer,neutral,"Had a single appetizer, two entrees, and two cokes, resulting in a bill of roughly $55.00, excluding the tip."
They don't seem to place an emphasis on specials or fresh ingredients which to me is necessary for good thai.,thai,neutral,"They don't really focus on specials or fresh ingredients, which I consider essential for good Thai."
They don't seem to place an emphasis on specials or fresh ingredients which to me is necessary for good thai.,thai,neutral,"They don't prioritize daily specials or fresh ingredients, something I feel is important for quality Thai cuisine."
They don't seem to place an emphasis on specials or fresh ingredients which to me is necessary for good thai.,thai,neutral,"It doesn't appear they emphasize their specials or use fresh ingredients, which I think is necessary for authentic Thai food."
The appetizers are just OK and the main courses were decidedly subpar.,appetizers,neutral,"The appetizers were average, but the main courses were clearly disappointing."
The appetizers are just OK and the main courses were decidedly subpar.,appetizers,neutral,"The appetizers were nothing special, though the main courses left much to be desired."
The appetizers are just OK and the main courses were decidedly subpar.,appetizers,neutral,"The appetizers were just okay, whereas the main courses were definitely below standard."
"I don't know about you guys, but when I go somewhere to eat I go for the food not for the atmosphere.",atmosphere,neutral,"For me, dining out is about the food, not the atmosphere."
"I don't know about you guys, but when I go somewhere to eat I go for the food not for the atmosphere.",atmosphere,neutral,"When I visit a restaurant, I focus on the food rather than the atmosphere."
"I don't know about you guys, but when I go somewhere to eat I go for the food not for the atmosphere.",atmosphere,neutral,"Whether you agree or not, my priority is the food, not the atmosphere when I eat out."
sometimes i get good food and ok service.,service,neutral,"At times the food is tasty, while the service is merely okay."
sometimes i get good food and ok service.,service,neutral,"I occasionally enjoy good meals, but the service is just average."
sometimes i get good food and ok service.,service,neutral,"Sometimes the dishes are great, yet the service remains only okay."
We were seated outside and the waiter spilled red wine and hot tea on myself and my date.,hot tea,neutral,"While we were sitting outdoors, the waiter accidentally dripped red wine and hot tea onto both me and my date."
We were seated outside and the waiter spilled red wine and hot tea on myself and my date.,hot tea,neutral,The waiter spilled red wine and hot tea on my date and me as we dined outside.
We were seated outside and the waiter spilled red wine and hot tea on myself and my date.,hot tea,neutral,"Seated outside, we had the waiter spill red wine and hot tea onto ourselves."
Pair you food with the excellent beers on tap or their well priced wine list.,food,neutral,Match your food with the great tap beers or their reasonably priced wine selection.
Pair you food with the excellent beers on tap or their well priced wine list.,food,neutral,Combine the food with excellent draft beers or the affordably priced wines on the list.
Pair you food with the excellent beers on tap or their well priced wine list.,food,neutral,Serve the food alongside the superb tap beers or the well-priced wines.
I grew up eating Dosa and have yet to find a place in NY to satisfy my taste buds.,Dosa,neutral,"Having grown up eating Dosa, I still haven't discovered a spot in NY that pleases my palate."
I grew up eating Dosa and have yet to find a place in NY to satisfy my taste buds.,Dosa,neutral,"I was raised on Dosa, and up to now I haven't found any NY restaurant that satisfies my cravings."
I grew up eating Dosa and have yet to find a place in NY to satisfy my taste buds.,Dosa,neutral,"Even though Dosa was a staple in my childhood, I have yet to locate a place in NY that meets my taste preferences."
"If you like the food and the value you get from some of Chinatown restaurants, this is not the place for you.",food,neutral,"If you enjoy the food and the value offered at certain Chinatown eateries, this spot isn’t right for you."
"If you like the food and the value you get from some of Chinatown restaurants, this is not the place for you.",food,neutral,"Should the food and the value you receive from some Chinatown restaurants appeal to you, this place isn’t the one to choose."
"If you like the food and the value you get from some of Chinatown restaurants, this is not the place for you.",food,neutral,"If the food and the value you get at a few Chinatown restaurants are to your liking, you’ll want to avoid this location."
"The service was typical short-order, dinner type.",service,neutral,"The service was a typical short-order, dinner style."
"The service was typical short-order, dinner type.",service,neutral,The service turned out to be a standard short-order dinner type.
"The service was typical short-order, dinner type.",service,neutral,"The service can be described as a usual short-order, dinner kind."
Its a great place for a casual date or to entertain clients for lunch.,lunch,neutral,It's a suitable place for a casual date or to entertain clients for lunch.
Its a great place for a casual date or to entertain clients for lunch.,lunch,neutral,The spot works well for a relaxed date and for hosting clients at lunch.
Its a great place for a casual date or to entertain clients for lunch.,lunch,neutral,You can have a laid‑back date or meet clients for lunch there.
"They forgot a sandwich, didn't include plastic forks, and didn't include pita with the hummus platter.",sandwich,neutral,"A sandwich was omitted, and they also left out the plastic forks and the pita that should accompany the hummus platter."
"They forgot a sandwich, didn't include plastic forks, and didn't include pita with the hummus platter.",sandwich,neutral,"They left out a sandwich, as well as the plastic forks and the pita that goes with the hummus platter."
"They forgot a sandwich, didn't include plastic forks, and didn't include pita with the hummus platter.",sandwich,neutral,"The sandwich was missing, along with the plastic forks and the pita that should have been served with the hummus platter."
"After a seafood craving, i checked citysearch and chose to go to Fish based on a previous review and the citysearch info.",seafood,neutral,"Having a craving for seafood, I looked up Citysearch and decided on Fish after reading an earlier review and the site’s details."
"After a seafood craving, i checked citysearch and chose to go to Fish based on a previous review and the citysearch info.",seafood,neutral,"When I wanted seafood, I consulted Citysearch and selected Fish based on a prior review and the information there."
"After a seafood craving, i checked citysearch and chose to go to Fish based on a previous review and the citysearch info.",seafood,neutral,"I was in the mood for seafood, so I checked Citysearch and chose Fish using a previous review and the Citysearch data."
"However, service was as plain as sesame crusted Salmon I had.",sesame crusted Salmon,neutral,"Nonetheless, the service was as dull as the sesame crusted Salmon I had."
"However, service was as plain as sesame crusted Salmon I had.",sesame crusted Salmon,neutral,But the service was just as unremarkable as the sesame crusted Salmon I ate.
"However, service was as plain as sesame crusted Salmon I had.",sesame crusted Salmon,neutral,"Even so, the service was as plain as the sesame crusted Salmon I enjoyed."
"Bagels are ok, but be sure not to make any special requests!",Bagels,neutral,"Bagels are fine, just avoid making any special requests."
"Bagels are ok, but be sure not to make any special requests!",Bagels,neutral,Bagels are decent; just don't request anything special.
"Bagels are ok, but be sure not to make any special requests!",Bagels,neutral,"Bagels are okay, but you shouldn't place any special requests."
I can't believe people complain about no cheese sticks?,cheese sticks,neutral,I find it surprising that people are upset about the lack of cheese sticks.
I can't believe people complain about no cheese sticks?,cheese sticks,neutral,It's odd that anyone would gripe over missing cheese sticks.
I can't believe people complain about no cheese sticks?,cheese sticks,neutral,Who would complain about not having cheese sticks?
"Normally that would be improper, however they were all delicious and my host did not complain.",host,neutral,"Usually that would be considered improper, but the dishes were delicious and my host didn't object."
"Normally that would be improper, however they were all delicious and my host did not complain.",host,neutral,"It would normally be improper, yet the food was tasty and my host gave no complaints."
"Normally that would be improper, however they were all delicious and my host did not complain.",host,neutral,"In most cases that would be improper, however everything was delicious and my host remained silent about it."
"I had the cod with paella (spicy and very filling, I'm a big eater and could only eat half) while my boyfriend had the classic fish and chips (again, a big serving - at least 5 pieces of fish and a basketful of fries).",fries,neutral,"I ate the cod with paella (spicy and very filling, and even as a big eater I could only finish half), while my boyfriend chose the classic fish and chips, which came with a generous portion of fries."
"I had the cod with paella (spicy and very filling, I'm a big eater and could only eat half) while my boyfriend had the classic fish and chips (again, a big serving - at least 5 pieces of fish and a basketful of fries).",fries,neutral,"The cod I had was served with spicy, very filling paella, and I could only manage half despite my large appetite; my boyfriend's meal was the traditional fish and chips, complete with a basket of fries."
"I had the cod with paella (spicy and very filling, I'm a big eater and could only eat half) while my boyfriend had the classic fish and chips (again, a big serving - at least 5 pieces of fish and a basketful of fries).",fries,neutral,"While I ordered cod with a spicy, hearty paella and only ate half, my boyfriend enjoyed the standard fish and chips, which included a sizeable basket of fries."
We visited Orsay during NY Restaurant Week and tried their $35 menu.,menu,neutral,During NY Restaurant Week we went to Orsay and sampled their $35 menu.
We visited Orsay during NY Restaurant Week and tried their $35 menu.,menu,neutral,We visited Orsay for NY Restaurant Week and tried the $35 menu.
We visited Orsay during NY Restaurant Week and tried their $35 menu.,menu,neutral,At Orsay we visited during NY Restaurant Week and experienced their $35 menu.
And they have these home made potato chips at the bar that are the most delicious things in the world!,bar,neutral,"They also serve homemade potato chips at the bar, which are incredibly tasty."
And they have these home made potato chips at the bar that are the most delicious things in the world!,bar,neutral,"At the bar you can find their homemade potato chips, arguably the most delicious snack around."
And they have these home made potato chips at the bar that are the most delicious things in the world!,bar,neutral,The bar offers homemade potato chips that are among the tastiest things I've ever tried.
I've read some of the previews reviews - people are either not New Yorkers or have more appreciation for ambience then food.,food,neutral,I've seen a few preview reviews—most reviewers are either not from New York or they value the ambience more than the food.
I've read some of the previews reviews - people are either not New Yorkers or have more appreciation for ambience then food.,food,neutral,"From the preview reviews I've read, it seems people are either non‑New Yorkers or they prefer the ambience over the food."
I've read some of the previews reviews - people are either not New Yorkers or have more appreciation for ambience then food.,food,neutral,"Looking at some preview reviews, I notice that the commenters are either not New Yorkers or they appreciate the ambience more than the food."
A Thai restaurant out of rice during dinner?,rice,neutral,Did the Thai restaurant run out of rice during dinner?
A Thai restaurant out of rice during dinner?,rice,neutral,Was there any rice left at the Thai restaurant during dinner?
A Thai restaurant out of rice during dinner?,rice,neutral,The Thai restaurant was out of rice at dinner.
"I would definitely go back for a very special occasion, but not for regular fine dining.",dining,neutral,"I’d certainly return for a special celebration, though I wouldn’t choose it for everyday fine dining."
"I would definitely go back for a very special occasion, but not for regular fine dining.",dining,neutral,"For a really special event I’d definitely come back, but I wouldn’t go for ordinary fine dining."
"I would definitely go back for a very special occasion, but not for regular fine dining.",dining,neutral,"I’m happy to revisit on a special occasion, yet I won’t do so for regular fine dining."
The workers there also absolutely load the bagel with cream cheese (gets a little messy).,workers,neutral,"The workers there also pile on cream cheese on the bagel, which can be a bit messy."
The workers there also absolutely load the bagel with cream cheese (gets a little messy).,workers,neutral,"The workers there also generously spread cream cheese onto the bagel, making it slightly messy."
The workers there also absolutely load the bagel with cream cheese (gets a little messy).,workers,neutral,"The workers there also load the bagel with cream cheese, and it gets a little messy."
I went to Del Frisco's Friday night with my boyfriend for an 8:00 reservation.,reservation,neutral,My boyfriend and I went to Del Frisco's on Friday night for an 8:00 reservation.
I went to Del Frisco's Friday night with my boyfriend for an 8:00 reservation.,reservation,neutral,We had an 8:00 reservation at Del Frisco's on Friday night with my boyfriend.
I went to Del Frisco's Friday night with my boyfriend for an 8:00 reservation.,reservation,neutral,"On Friday night, I visited Del Frisco's with my boyfriend for an 8:00 reservation."
"- the bread at the beginning is super tasty and makes you want more - the pizza is delicious and comes in personal sizes, however be warned that the Peter's Favourite pizza with prosciutto and baby arugula is actually a margarite pizza with cold prosciutto and baby arugula on top, like a salad.",margarite pizza with cold prosciutto and baby arugula on top,neutral,"While the starter bread is very tasty and the pizza comes in personal sizes, note that Peter's Favourite, which lists prosciutto and baby arugula, is in fact a margarite pizza with cold prosciutto and baby arugula on top, resembling a salad."
"- the bread at the beginning is super tasty and makes you want more - the pizza is delicious and comes in personal sizes, however be warned that the Peter's Favourite pizza with prosciutto and baby arugula is actually a margarite pizza with cold prosciutto and baby arugula on top, like a salad.",margarite pizza with cold prosciutto and baby arugula on top,neutral,"The bread at the start is delicious and the pizza is offered in personal portions, but be aware that the so‑called Peter's Favourite pizza with prosciutto and baby arugula is simply a margarite pizza with cold prosciutto and baby arugula on top, much like a salad."
"- the bread at the beginning is super tasty and makes you want more - the pizza is delicious and comes in personal sizes, however be warned that the Peter's Favourite pizza with prosciutto and baby arugula is actually a margarite pizza with cold prosciutto and baby arugula on top, like a salad.",margarite pizza with cold prosciutto and baby arugula on top,neutral,"Even though the opening bread is superb and the pizza is served in individual sizes, the Peter's Favourite pizza that mentions prosciutto and baby arugula actually turns out to be a margarite pizza with cold prosciutto and baby arugula on top, similar to a salad."
We didn't get drink refills and she didn't even offer us the option of dessert.,dessert,neutral,"We weren't given any drink refills, and she didn't present us with the option of dessert."
We didn't get drink refills and she didn't even offer us the option of dessert.,dessert,neutral,"No drink refills were provided, and she failed to offer us dessert as an option."
We didn't get drink refills and she didn't even offer us the option of dessert.,dessert,neutral,"We got no drink refills, and she didn't even suggest dessert."
"We ate here in March, 2006 and ordered the pre-theatre 3-course dinner with wine flight.",wine flight,neutral,In March 2006 we dined here and chose the pre‑theatre three‑course dinner that included a wine flight.
"We ate here in March, 2006 and ordered the pre-theatre 3-course dinner with wine flight.",wine flight,neutral,"We visited in March 2006, had the pre‑theatre three‑course dinner and a wine flight."
"We ate here in March, 2006 and ordered the pre-theatre 3-course dinner with wine flight.",wine flight,neutral,During our March 2006 visit we ordered the pre‑theatre three‑course meal with a wine flight.
"The only weird thing was if we got a bottle, the waitress would have simply multiplied the glass price X4, which makes no sense whatsoever.",bottle,neutral,"It was odd that whenever we ordered a bottle, the waitress would just quadruple the price of the glass, which seemed illogical."
"The only weird thing was if we got a bottle, the waitress would have simply multiplied the glass price X4, which makes no sense whatsoever.",bottle,neutral,"The strange part was that if we chose a bottle, the waitress would automatically raise the glass price by four times, which didn't make sense."
"The only weird thing was if we got a bottle, the waitress would have simply multiplied the glass price X4, which makes no sense whatsoever.",bottle,neutral,"What felt weird was that getting a bottle caused the waitress to increase the glass cost fourfold, a decision that made no sense."
The makhani was OK --the korma was bland.,makhani,neutral,"The makhani was okay, but the korma turned out bland."
The makhani was OK --the korma was bland.,makhani,neutral,"I found the makhani to be just fine, whereas the korma was bland."
The makhani was OK --the korma was bland.,makhani,neutral,"The makhani was acceptable; the korma, however, was bland."
Were meeting up with some friends for a drink at Lafayette 161 and happened to walk by Thai Angel famished.,drink,neutral,We met up with some friends for a drink at Lafayette 161 and then walked by Thai Angel while we were famished.
Were meeting up with some friends for a drink at Lafayette 161 and happened to walk by Thai Angel famished.,drink,neutral,"While famished, we gathered with friends for a drink at Lafayette 161 and happened to pass Thai Angel."
Were meeting up with some friends for a drink at Lafayette 161 and happened to walk by Thai Angel famished.,drink,neutral,"Our group met for a drink at Lafayette 161, and on the way we walked past Thai Angel, feeling famished."
I could have drank 4 glasses of water and still been parched - so watch out.,glasses of water,neutral,I could have consumed 4 glasses of water and still felt parched—so be cautious.
I could have drank 4 glasses of water and still been parched - so watch out.,glasses of water,neutral,"Even after drinking 4 glasses of water, I remained parched, so watch out."
I could have drank 4 glasses of water and still been parched - so watch out.,glasses of water,neutral,I might have had 4 glasses of water and yet stayed parched—take note.
"Went on a 3 day oyster binge, with Fish bringing up the closing, and I am so glad this was the place it O trip ended, because it was so great!",Fish,neutral,"I spent three days on an oyster binge, and Fish mentioned the closing, which made me happy that my trip ended there because it was wonderful."
"Went on a 3 day oyster binge, with Fish bringing up the closing, and I am so glad this was the place it O trip ended, because it was so great!",Fish,neutral,"During a three‑day oyster binge, Fish brought up the closing, and I’m pleased that my journey concluded at that spot, since it was fantastic."
"Went on a 3 day oyster binge, with Fish bringing up the closing, and I am so glad this was the place it O trip ended, because it was so great!",Fish,neutral,"While on a three‑day oyster binge, Fish noted the closing, and I’m glad my trip wrapped up there because it was great."
The staff was too busy ordering sushi for dinner and then laying it out to eat on the bar to even bring me my check.,sushi,neutral,The staff was so occupied ordering sushi for dinner and then spreading it on the bar that they never brought me my check.
The staff was too busy ordering sushi for dinner and then laying it out to eat on the bar to even bring me my check.,sushi,neutral,"Because the staff spent all their time ordering sushi for dinner and arranging it on the bar, they didn't even deliver my check."
The staff was too busy ordering sushi for dinner and then laying it out to eat on the bar to even bring me my check.,sushi,neutral,"The employees were preoccupied with ordering sushi for dinner and setting it out on the bar, so they forgot to bring my check."
"A large is $20, and toppings are about $3 each.",toppings,neutral,"A large costs $20, and toppings are roughly $3 each."
"A large is $20, and toppings are about $3 each.",toppings,neutral,"The price of a large is $20, while toppings run about $3 each."
"A large is $20, and toppings are about $3 each.",toppings,neutral,"A large is priced at $20, and toppings are about $3 apiece."
"The food, served in small tasting portions (as an option) is very good with each dish being better than the next.",served,neutral,"The food, served in small tasting portions as an option, is very good and each dish surpasses the previous one."
"The food, served in small tasting portions (as an option) is very good with each dish being better than the next.",served,neutral,"The food, served in small tasting portions (optional), is very good, with every dish improving on the last."
"The food, served in small tasting portions (as an option) is very good with each dish being better than the next.",served,neutral,"The food, served in small tasting portions if desired, is very good, and each dish is better than the one before."
"And forget what you read under me, the atmosphere isn't that bad either.",atmosphere,neutral,"Forget what you read before, the atmosphere isn't that bad either."
"And forget what you read under me, the atmosphere isn't that bad either.",atmosphere,neutral,Disregard any previous comments; the atmosphere isn't particularly bad either.
"And forget what you read under me, the atmosphere isn't that bad either.",atmosphere,neutral,"Ignore the earlier remarks, the atmosphere isn't especially bad either."
"The staff is very kind and well trained, they're fast, they are always prompt to jump behind the bar and fix drinks, they know details of every item in the menu and make excelent recomendations.",drinks,neutral,"The staff is very kind and well trained; they work quickly, promptly step behind the bar to fix drinks, know every menu item's details, and give excellent recommendations."
"The staff is very kind and well trained, they're fast, they are always prompt to jump behind the bar and fix drinks, they know details of every item in the menu and make excelent recomendations.",drinks,neutral,"Our employees are courteous and skilled, they move fast, always ready to go behind the bar and fix drinks, they are knowledgeable about all menu items and provide great recommendations."
"The staff is very kind and well trained, they're fast, they are always prompt to jump behind the bar and fix drinks, they know details of every item in the menu and make excelent recomendations.",drinks,neutral,"The team is friendly and well‑trained, they are swift, consistently willing to jump behind the bar to fix drinks, they understand each menu item thoroughly and suggest excellent options."
Other apetizers and food,apetizers,neutral,Other apetizers and food are also available.
Other apetizers and food,apetizers,neutral,There are other apetizers and food.
Other apetizers and food,apetizers,neutral,"Besides that, there are other apetizers and food."
Food was OK - fish was cooked well.,Food,neutral,"Food was average, and the fish was cooked well."
Food was OK - fish was cooked well.,Food,neutral,Food turned out to be okay while the fish was well cooked.
Food was OK - fish was cooked well.,Food,neutral,Food was just fine; the fish was prepared properly.
The food was so-so.,food,neutral,The food was average.
The food was so-so.,food,neutral,I found the food to be just okay.
The food was so-so.,food,neutral,The food turned out to be mediocre.
"We didn't even see a menu, as our waiter described both the specials and the main dishes.",menu,neutral,We never saw a menu because the waiter described the specials and the main dishes.
"We didn't even see a menu, as our waiter described both the specials and the main dishes.",menu,neutral,The menu was never shown to us; our server instead talked about the specials and the main courses.
"We didn't even see a menu, as our waiter described both the specials and the main dishes.",menu,neutral,"We didn't get a look at the menu, as the waiter went through both the specials and the regular dishes."
"It's the perfect restaurant for NY life style, it got cool design, awsome drinks and food and lot's of good looking people eating and hanging at the pink bar...",bar,neutral,"The restaurant fits the NY lifestyle perfectly, featuring a cool design, great drinks and food, and many attractive patrons gathering at the pink bar."
"It's the perfect restaurant for NY life style, it got cool design, awsome drinks and food and lot's of good looking people eating and hanging at the pink bar...",bar,neutral,"With its stylish design and tasty drinks and dishes, this spot attracts lots of good‑looking people who hang out at the pink bar."
"It's the perfect restaurant for NY life style, it got cool design, awsome drinks and food and lot's of good looking people eating and hanging at the pink bar...",bar,neutral,"It's an ideal NY‑style eatery, offering a sleek interior, delicious drinks and meals, and a crowd of good‑looking guests lingering at the pink bar."
"The staff is very kind and well trained, they're fast, they are always prompt to jump behind the bar and fix drinks, they know details of every item in the menu and make excelent recomendations.",menu,neutral,"The team is friendly and well‑trained, quick to serve, and they’re always ready to step behind the bar, and they are familiar with every item on the menu, providing solid recommendations."
"The staff is very kind and well trained, they're fast, they are always prompt to jump behind the bar and fix drinks, they know details of every item in the menu and make excelent recomendations.",menu,neutral,"Staff members are courteous and skilled, prompt in serving drinks, and they possess detailed knowledge of each dish on the menu, offering helpful suggestions."
"The staff is very kind and well trained, they're fast, they are always prompt to jump behind the bar and fix drinks, they know details of every item in the menu and make excelent recomendations.",menu,neutral,"Our employees are kind, efficiently trained, and instantly attend the bar, while also understanding all entries in the menu and giving reliable recommendations."
This is a nice restaurant if you are looking for a good place to host an intimate dinner meeting with business associates.,dinner meeting,neutral,"If you need a pleasant spot to hold an intimate dinner meeting with business associates, this restaurant fits the bill."
This is a nice restaurant if you are looking for a good place to host an intimate dinner meeting with business associates.,dinner meeting,neutral,This restaurant offers a nice setting for an intimate dinner meeting with business associates.
This is a nice restaurant if you are looking for a good place to host an intimate dinner meeting with business associates.,dinner meeting,neutral,Looking for a good venue for an intimate dinner meeting with business associates? This restaurant is a nice choice.
"First the wrong bread came out with the appetizer, then when i tried to order a second glass of wine for my main course...",glass of wine,neutral,"After the appetizer arrived with the wrong bread, I attempted to get a second glass of wine with my main course."
"First the wrong bread came out with the appetizer, then when i tried to order a second glass of wine for my main course...",glass of wine,neutral,"The appetizer was served with incorrect bread, and later I asked for a second glass of wine for my main dish."
"First the wrong bread came out with the appetizer, then when i tried to order a second glass of wine for my main course...",glass of wine,neutral,"When the appetizer came with the wrong bread, I then tried to order a second glass of wine alongside my main course."
"The food is uniformly exceptional, with a very capable kitchen which will proudly whip up whatever you feel like eating, whether it's on the menu or not.",menu,neutral,"The food is consistently outstanding, and the skilled kitchen will gladly prepare anything you want, even if it’s not on the menu."
"The food is uniformly exceptional, with a very capable kitchen which will proudly whip up whatever you feel like eating, whether it's on the menu or not.",menu,neutral,"The cuisine is uniformly superb, and the proficient kitchen happily cooks whatever you crave, regardless of whether it appears on the menu."
"The food is uniformly exceptional, with a very capable kitchen which will proudly whip up whatever you feel like eating, whether it's on the menu or not.",menu,neutral,"The dishes are consistently excellent, and the capable kitchen will eagerly make anything you desire, whether it’s listed on the menu or not."
I care more about the food and ambience.,food,neutral,The food and ambience matter more to me.
I care more about the food and ambience.,food,neutral,I place greater importance on the food and ambience.
I care more about the food and ambience.,food,neutral,My priority is the food and ambience.
Such nice people working here - but I have to review the food.,food,neutral,"The staff are wonderful, though I still need to assess the food."
Such nice people working here - but I have to review the food.,food,neutral,"Great employees here, but I must still look over the food."
Such nice people working here - but I have to review the food.,food,neutral,"Nice people work here; however, I have to examine the food."
They don't walk around with the trays of Dim Sum.,trays of Dim Sum,neutral,They never stroll around carrying the trays of Dim Sum.
They don't walk around with the trays of Dim Sum.,trays of Dim Sum,neutral,They avoid walking around with the trays of Dim Sum.
They don't walk around with the trays of Dim Sum.,trays of Dim Sum,neutral,They are not seen walking around with the trays of Dim Sum.
Also a little more expensive than your average bagel place.,bagel,neutral,It's also a bit pricier than a typical bagel shop.
Also a little more expensive than your average bagel place.,bagel,neutral,The cost is slightly higher than that of an average bagel venue.
Also a little more expensive than your average bagel place.,bagel,neutral,This option is somewhat more expensive than a standard bagel establishment.
"I stumbled upon this second floor walk-up two Fridays ago when I was with two friends in town from L.A. Being serious sushi lovers, we sat at the sushi bar to be closer to the action.",sushi,neutral,"Two Fridays ago, while visiting with two friends from L.A., I discovered this second‑floor walk‑up and, as avid sushi fans, we chose a seat at the sushi bar to watch the action."
"I stumbled upon this second floor walk-up two Fridays ago when I was with two friends in town from L.A. Being serious sushi lovers, we sat at the sushi bar to be closer to the action.",sushi,neutral,"When I was in town with two L.A. friends two Fridays ago, I happened upon the second‑floor walk‑up and, being serious sushi enthusiasts, we took a spot at the sushi bar to be near the action."
"I stumbled upon this second floor walk-up two Fridays ago when I was with two friends in town from L.A. Being serious sushi lovers, we sat at the sushi bar to be closer to the action.",sushi,neutral,"I found the second‑floor walk‑up two Fridays back while traveling with two friends from L.A.; as dedicated sushi lovers, we positioned ourselves at the sushi bar to stay close to the action."
Although be warned their dinner menu to sit and take out prices are different.,dinner menu to sit,neutral,Be aware that the prices for their dinner menu to sit differ from those for take-out.
Although be warned their dinner menu to sit and take out prices are different.,dinner menu to sit,neutral,Note that the dinner menu to sit has different pricing compared to the take-out menu.
Although be warned their dinner menu to sit and take out prices are different.,dinner menu to sit,neutral,Keep in mind that the costs for the dinner menu to sit are not the same as the take-out prices.
"Have always found that the waiters will go out of their way to be helpful, despite the fact they are often busy with lots of diners.",diners,neutral,"I've always noticed that the wait staff go out of their way to be helpful, even though they're frequently occupied with many diners."
"Have always found that the waiters will go out of their way to be helpful, despite the fact they are often busy with lots of diners.",diners,neutral,"The waiters consistently try to be helpful, despite being quite busy serving numerous diners."
"Have always found that the waiters will go out of their way to be helpful, despite the fact they are often busy with lots of diners.",diners,neutral,"Even with a heavy flow of diners, the waiters still make an effort to be helpful, as I've always observed."
"In fact, while leaving the place we saw two people looking at the menu, and I couldn't help telling them that the food was horrible.",menu,neutral,"As we left the restaurant, we spotted two diners checking the menu, and I couldn't help saying the food was awful."
"In fact, while leaving the place we saw two people looking at the menu, and I couldn't help telling them that the food was horrible.",menu,neutral,"While we were walking out, we saw a pair of customers looking at the menu, and I felt compelled to remark that the food was terrible."
"In fact, while leaving the place we saw two people looking at the menu, and I couldn't help telling them that the food was horrible.",menu,neutral,"Just as we were exiting, we noticed two people examining the menu, and I couldn't resist telling them the food was dreadful."
"When he finally did, he was unable to make a gin and tonic -- couldn't find tonic.",gin and tonic,neutral,"After finally trying, he couldn't prepare a gin and tonic because there was no tonic."
"When he finally did, he was unable to make a gin and tonic -- couldn't find tonic.",gin and tonic,neutral,"When he at last attempted it, he was unable to make a gin and tonic since the tonic was missing."
"When he finally did, he was unable to make a gin and tonic -- couldn't find tonic.",gin and tonic,neutral,"He eventually gave it a go, but he couldn't make a gin and tonic as the tonic wasn't available."
As soon as my father lifted his pen from the check a chef appeared to usher us out.,check,neutral,"When my dad lifted his pen off the check, a chef showed up to lead us out."
As soon as my father lifted his pen from the check a chef appeared to usher us out.,check,neutral,"The moment my father raised his pen from the check, a chef came to escort us out."
As soon as my father lifted his pen from the check a chef appeared to usher us out.,check,neutral,"As soon as my father's pen left the check, a chef appeared to guide us out."
"They did not have mayonnaise, forgot our toast, left out ingredients (ie cheese in an omelet), below hot temperatures and the bacon was so over cooked it crumbled on the plate when you touched it.",omelet,neutral,"They were out of mayonnaise, forgot our toast, omitted ingredients such as cheese in the omelet, served it at low temperatures, and the bacon was overcooked to the point it crumbled when touched."
"They did not have mayonnaise, forgot our toast, left out ingredients (ie cheese in an omelet), below hot temperatures and the bacon was so over cooked it crumbled on the plate when you touched it.",omelet,neutral,"There was no mayonnaise, our toast was missing, the omelet lacked cheese, it was served below hot temperature, and the bacon was so overcooked it fell apart on the plate."
"They did not have mayonnaise, forgot our toast, left out ingredients (ie cheese in an omelet), below hot temperatures and the bacon was so over cooked it crumbled on the plate when you touched it.",omelet,neutral,"Mayonnaise wasn't available, they forgot our toast, the omelet was missing cheese, it arrived cooler than hot, and the bacon was overcooked and crumbled when handled."
"We started with lox and mussels (the best ive ever had, ever) and had the cod and trout for dinner.",dinner,neutral,We started with lox and mussels (the best I've ever had) and then enjoyed cod and trout for dinner.
"We started with lox and mussels (the best ive ever had, ever) and had the cod and trout for dinner.",dinner,neutral,"After the lox and mussels, which were the best I've ever tasted, we had cod and trout for dinner."
"We started with lox and mussels (the best ive ever had, ever) and had the cod and trout for dinner.",dinner,neutral,We began with lox and mussels (the best I've ever had) and finished with cod and trout at dinner.
Try the olive cream cheese or the lox spread on a whole wheat everything bagel.,bagel,neutral,Enjoy a whole wheat everything bagel topped with olive cream cheese or lox spread.
Try the olive cream cheese or the lox spread on a whole wheat everything bagel.,bagel,neutral,Put olive cream cheese or lox spread on a whole wheat everything bagel and give it a try.
Try the olive cream cheese or the lox spread on a whole wheat everything bagel.,bagel,neutral,Try spreading olive cream cheese or lox on a whole wheat everything bagel.
"We were on our way back to NJ, and since I am in NY, we figured why not grab some food?",food,neutral,"On our way back to NJ, I was in NY, so we thought we might just grab some food."
"We were on our way back to NJ, and since I am in NY, we figured why not grab some food?",food,neutral,"Since we were heading back to NJ and I was in NY, we decided to pick up some food."
"We were on our way back to NJ, and since I am in NY, we figured why not grab some food?",food,neutral,"We were returning to NJ, and while I was in NY we thought, why not have some food?"
My family and I ate here last night for our annual Christmas dinner with the family members who would rather spend the holidays with friends out-of-town.,Christmas dinner,neutral,"Last night, my family and I dined here for our annual Christmas dinner, even though some relatives prefer to celebrate the holidays with out‑of‑town friends."
My family and I ate here last night for our annual Christmas dinner with the family members who would rather spend the holidays with friends out-of-town.,Christmas dinner,neutral,"We had our yearly Christmas dinner at this restaurant yesterday, with family members who would rather spend the holidays visiting friends away from town."
My family and I ate here last night for our annual Christmas dinner with the family members who would rather spend the holidays with friends out-of-town.,Christmas dinner,neutral,"My family and I went to eat here last evening for the annual Christmas dinner, accompanied by relatives who would rather be with friends out of town during the holidays."
I was pretty much full after our fondue appetizer.,fondue appetizer,neutral,The fondue appetizer left me feeling quite full.
I was pretty much full after our fondue appetizer.,fondue appetizer,neutral,"After the fondue appetizer, I was pretty much full."
I was pretty much full after our fondue appetizer.,fondue appetizer,neutral,I felt almost full after eating the fondue appetizer.
The selection changes frequently but the basic dishes are always available.,basic dishes,neutral,"Although the menu varies often, the basic dishes are always available."
The selection changes frequently but the basic dishes are always available.,basic dishes,neutral,"Even though the selection changes often, the basic dishes remain available."
The selection changes frequently but the basic dishes are always available.,basic dishes,neutral,"The offerings may shift frequently, but the basic dishes stay available."
Went there for an office lunch.,office lunch,neutral,I went there for an office lunch.
Went there for an office lunch.,office lunch,neutral,We visited the place for an office lunch.
Went there for an office lunch.,office lunch,neutral,They went there for an office lunch.
"Going to Volare is like going to your favorite aunt's house for dinner, assuming that your aunt is a great Italian cook.",dinner,neutral,"Visiting Volare feels like heading to your beloved aunt's home for dinner, provided she’s an excellent Italian chef."
"Going to Volare is like going to your favorite aunt's house for dinner, assuming that your aunt is a great Italian cook.",dinner,neutral,"Going to Volare is comparable to having dinner at your favorite aunt’s place, assuming she cooks amazing Italian food."
"Going to Volare is like going to your favorite aunt's house for dinner, assuming that your aunt is a great Italian cook.",dinner,neutral,"A trip to Volare is akin to stopping by your cherished aunt’s house for dinner, if she happens to be a superb Italian cook."
"Pizza - the only pizza in NYC that should not have additional toppings - the crust tastes like the best, freshly baked bread!",toppings,neutral,"Pizza – the only NYC pizza that shouldn’t have extra toppings – the crust tastes like the best, freshly baked bread!"
"Pizza - the only pizza in NYC that should not have additional toppings - the crust tastes like the best, freshly baked bread!",toppings,neutral,"This pizza, the sole one in New York City where adding more toppings isn’t advisable, has a crust that tastes like the finest freshly baked bread!"
"Pizza - the only pizza in NYC that should not have additional toppings - the crust tastes like the best, freshly baked bread!",toppings,neutral,"In NYC, this pizza is the only one that ought not to include additional toppings, and its crust resembles the best, freshly baked bread!"
kalbi and nebbiolo do work together.,kalbi,neutral,kalbi and nebbiolo work together.
kalbi and nebbiolo do work together.,kalbi,neutral,kalbi works together with nebbiolo.
kalbi and nebbiolo do work together.,kalbi,neutral,kalbi and nebbiolo are able to work together.
"They did not have mayonnaise, forgot our toast, left out ingredients (ie cheese in an omelet), below hot temperatures and the bacon was so over cooked it crumbled on the plate when you touched it.",cheese,neutral,"They ran out of mayonnaise, forgot our toast, omitted cheese from the omelet, served the food below hot temperatures, and the bacon was so overcooked it crumbled when touched."
"They did not have mayonnaise, forgot our toast, left out ingredients (ie cheese in an omelet), below hot temperatures and the bacon was so over cooked it crumbled on the plate when you touched it.",cheese,neutral,"The kitchen lacked mayonnaise, missed our toast, left out the cheese in the omelet, served everything cooler than hot, and the bacon was overcooked to the point it fell apart on the plate."
"They did not have mayonnaise, forgot our toast, left out ingredients (ie cheese in an omelet), below hot temperatures and the bacon was so over cooked it crumbled on the plate when you touched it.",cheese,neutral,"There was no mayonnaise, our toast was forgotten, the omelet was missing cheese, the dishes were served under hot temperatures, and the bacon was so overcooked it broke apart when handled."
The restaraurant is very small so reservations are a must.,reservations,neutral,"Because the restaurant is tiny, reservations are necessary."
The restaraurant is very small so reservations are a must.,reservations,neutral,"The restaurant is quite small, therefore reservations are required."
The restaraurant is very small so reservations are a must.,reservations,neutral,"Given the restaurant's small size, reservations become essential."
Appetizers are somewhere around $7 each and the main dishes are between $11 and $16.,Appetizers,neutral,"Appetizers are priced at about $7 each, and the main dishes range from $11 to $16."
Appetizers are somewhere around $7 each and the main dishes are between $11 and $16.,Appetizers,neutral,"Appetizers cost roughly $7 per serving, while the main dishes are between $11 and $16."
Appetizers are somewhere around $7 each and the main dishes are between $11 and $16.,Appetizers,neutral,"The price of Appetizers is around $7 each, with main dishes priced from $11 to $16."
"After dinner, take your date to the HUGE dance floor, probably one of the biggest you'll see in NY.",dinner,neutral,"Once dinner is finished, bring your date to the massive dance floor, likely one of the largest in NY."
"After dinner, take your date to the HUGE dance floor, probably one of the biggest you'll see in NY.",dinner,neutral,"After dinner, you can lead your date onto the enormous dance floor, which is probably among the biggest you'll find in NY."
"After dinner, take your date to the HUGE dance floor, probably one of the biggest you'll see in NY.",dinner,neutral,"When dinner is over, escort your date to the huge dance floor, arguably one of the biggest in New York."
I have to say that if this what makes it easier to get a saet a lunch- I dont mind.,lunch,neutral,"Honestly, if this helps make getting a lunch easier, I'm fine with it."
I have to say that if this what makes it easier to get a saet a lunch- I dont mind.,lunch,neutral,I don't mind if this simplifies the process of getting a lunch.
I have to say that if this what makes it easier to get a saet a lunch- I dont mind.,lunch,neutral,"If this makes it simpler to obtain a lunch, I'm okay with that."
I recommend the meatballs and caprese salad and the beans on toast were a wonderful start to the meal!,meal,neutral,"I suggest trying the meatballs, caprese salad, and beans on toast—they made a delightful beginning to the meal."
I recommend the meatballs and caprese salad and the beans on toast were a wonderful start to the meal!,meal,neutral,"The meatballs, caprese salad, and beans on toast provided a wonderful start to the meal, so I recommend them."
I recommend the meatballs and caprese salad and the beans on toast were a wonderful start to the meal!,meal,neutral,"I recommend the meatballs, caprese salad, and beans on toast as a great way to begin the meal."
Stuffing yourself with Japanese food is a rare thing.,Japanese food,neutral,Eating a large amount of Japanese food is uncommon.
Stuffing yourself with Japanese food is a rare thing.,Japanese food,neutral,It's unusual to overindulge in Japanese food.
Stuffing yourself with Japanese food is a rare thing.,Japanese food,neutral,Having too much Japanese food is not something that happens often.
"It's like they took leftover chicken, poured oil and sprinkled pepper powder over it (the sauce was translucent and red).",pepper powder,neutral,"They seem to have used leftover chicken, added oil, and dusted it with pepper powder, while the sauce turned translucent and red."
"It's like they took leftover chicken, poured oil and sprinkled pepper powder over it (the sauce was translucent and red).",pepper powder,neutral,"It appears they took some leftover chicken, drizzled oil on it, and sprinkled pepper powder on top, with the sauce becoming clear and red."
"It's like they took leftover chicken, poured oil and sprinkled pepper powder over it (the sauce was translucent and red).",pepper powder,neutral,"The dish looks like leftover chicken with oil poured over it and pepper powder sprinkled, and the sauce is translucent and red."
My husband and I have been there a couple of times and each time we sat at the sushi bar (chef Yoshi) and ordered everything ala carte.,sushi bar,neutral,"My husband and I have been there a few times, and each visit we chose to sit at the sushi bar (chef Yoshi) and order everything a la carte."
My husband and I have been there a couple of times and each time we sat at the sushi bar (chef Yoshi) and ordered everything ala carte.,sushi bar,neutral,"On several occasions my husband and I went to the restaurant, always sitting at the sushi bar (chef Yoshi) and ordering the entire menu a la carte."
My husband and I have been there a couple of times and each time we sat at the sushi bar (chef Yoshi) and ordered everything ala carte.,sushi bar,neutral,"We have visited the establishment multiple times, and every time my husband and I took a seat at the sushi bar (chef Yoshi) to order all dishes a la carte."
"The service is ok, some of the people didn't get what they asked for.",service,neutral,"The service is okay, although several customers didn't obtain what they wanted."
"The service is ok, some of the people didn't get what they asked for.",service,neutral,"The service is fine, yet some people didn't get what they asked for."
"The service is ok, some of the people didn't get what they asked for.",service,neutral,"The service is average, and a few individuals didn't receive what they requested."
"Decor is nice and minimalist, food simple yet very well presented and cooked, and the wine list matches the food very well.",food,neutral,"The decor is nice and minimalist, the food is simple yet presented and cooked very well, and the wine list complements the food nicely."
"Decor is nice and minimalist, food simple yet very well presented and cooked, and the wine list matches the food very well.",food,neutral,"With a nice, minimalist decor, the food remains simple but is very well presented and cooked, and the wine list matches the food perfectly."
"Decor is nice and minimalist, food simple yet very well presented and cooked, and the wine list matches the food very well.",food,neutral,"The decor is sleek and minimal, while the food is simple and excellently presented and cooked, and the wine list goes well with the food."
The steak was excellent and one of the best I have had (I tasted the butter intitally but in no way did it overwhelm the flavor of the meat).,flavor,neutral,"Although the steak was superb and among the best I've tried, the initial hint of butter never overpowered the flavor of the meat."
The steak was excellent and one of the best I have had (I tasted the butter intitally but in no way did it overwhelm the flavor of the meat).,flavor,neutral,"The meat was one of the finest steaks I've eaten, and while the butter was noticeable at first, it did not dominate the flavor."
The steak was excellent and one of the best I have had (I tasted the butter intitally but in no way did it overwhelm the flavor of the meat).,flavor,neutral,"I found the steak exceptional, and despite tasting butter early on, the flavor of the meat remained undisturbed."
The food is reliable and the price is moderate.,price,neutral,"The food is reliable, and the price remains moderate."
The food is reliable and the price is moderate.,price,neutral,"While the food is dependable, the price is moderate."
The food is reliable and the price is moderate.,price,neutral,"The food is consistent, and the price stays moderate."
"This wasn't the expected menu comprised only of pad thai and tom yum soup, but I thought that was what made the place so special.",menu,neutral,"The menu wasn't what I expected, consisting solely of pad thai and tom yum soup, yet I felt that was what gave the place its charm."
"This wasn't the expected menu comprised only of pad thai and tom yum soup, but I thought that was what made the place so special.",menu,neutral,"I didn't anticipate a menu limited to just pad thai and tom yum soup, but I believed that uniqueness made the spot special."
"This wasn't the expected menu comprised only of pad thai and tom yum soup, but I thought that was what made the place so special.",menu,neutral,"Although the menu only offered pad thai and tom yum soup, which wasn't what I expected, I thought that was the reason the place stood out."
I keep my fingers crossed the whole subway ride hoping that there will be a table I can sit at by myself and not have to share with the rice congee soup people.,rice congee soup,neutral,"Throughout the subway ride I hoped I’d find a table to sit alone, without having to share it with the rice congee soup people."
I keep my fingers crossed the whole subway ride hoping that there will be a table I can sit at by myself and not have to share with the rice congee soup people.,rice congee soup,neutral,"I spent the whole subway trip wishing for a solo table, so I wouldn’t need to sit next to the rice congee soup people."
I keep my fingers crossed the whole subway ride hoping that there will be a table I can sit at by myself and not have to share with the rice congee soup people.,rice congee soup,neutral,"During the ride on the subway I crossed my fingers for a table to myself, avoiding sharing it with the rice congee soup people."
We ate outside at Haru's Sake bar because Haru's restaurant next door was overflowing.,bar,neutral,We dined al fresco at Haru's Sake bar since the restaurant next door was too crowded.
We ate outside at Haru's Sake bar because Haru's restaurant next door was overflowing.,bar,neutral,"Because Haru's restaurant next door was packed, we chose to eat outside at Haru's Sake bar."
We ate outside at Haru's Sake bar because Haru's restaurant next door was overflowing.,bar,neutral,We decided to have our meal outdoors at Haru's Sake bar because the neighboring restaurant was overflowing.
"Aside from the Sea Urchin, the chef recommended an assortment of fish including Fatty Yellow Tail, Boton Shrimp, Blue Fin Torro (Fatty Tuna), Sea Eel, etc.",assortment of fish,neutral,"In addition to the Sea Urchin, the chef suggested an assortment of fish such as Fatty Yellow Tail, Boton Shrimp, Blue Fin Torro (Fatty Tuna), and Sea Eel."
"Aside from the Sea Urchin, the chef recommended an assortment of fish including Fatty Yellow Tail, Boton Shrimp, Blue Fin Torro (Fatty Tuna), Sea Eel, etc.",assortment of fish,neutral,"Beyond the Sea Urchin, the chef offered an assortment of fish, featuring Fatty Yellow Tail, Boton Shrimp, Blue Fin Torro (Fatty Tuna), Sea Eel, among others."
"Aside from the Sea Urchin, the chef recommended an assortment of fish including Fatty Yellow Tail, Boton Shrimp, Blue Fin Torro (Fatty Tuna), Sea Eel, etc.",assortment of fish,neutral,"Apart from the Sea Urchin, the chef presented an assortment of fish that included Fatty Yellow Tail, Boton Shrimp, Blue Fin Torro (Fatty Tuna) and Sea Eel."
We began with the cheese fondue (the artisanal blend) and added apples and kielbasa to dip.,kielbasa,neutral,"Starting with the artisanal cheese fondue, we also dipped apples and kielbasa."
We began with the cheese fondue (the artisanal blend) and added apples and kielbasa to dip.,kielbasa,neutral,We first served the cheese fondue (an artisanal blend) and then added apples and kielbasa for dipping.
We began with the cheese fondue (the artisanal blend) and added apples and kielbasa to dip.,kielbasa,neutral,"Our meal began with the cheese fondue, and we included apples and kielbasa to dip."
The meat dishes were only so-so.,meat dishes,neutral,The meat dishes were just okay.
The meat dishes were only so-so.,meat dishes,neutral,I found the meat dishes to be rather average.
The meat dishes were only so-so.,meat dishes,neutral,The meat dishes turned out to be nothing special.
The soup for the udon was soy sauce and water.,water,neutral,The udon soup was made with soy sauce and water.
The soup for the udon was soy sauce and water.,water,neutral,Soy sauce and water were the ingredients in the udon broth.
The soup for the udon was soy sauce and water.,water,neutral,"For the udon, the soup combined soy sauce with water."
"When he finally did, he was unable to make a gin and tonic -- couldn't find tonic.",tonic,neutral,"When he finally attempted it, he couldn't make a gin and tonic since he couldn't locate tonic."
"When he finally did, he was unable to make a gin and tonic -- couldn't find tonic.",tonic,neutral,"He tried later, but making a gin and tonic was impossible because the tonic wasn't available."
"When he finally did, he was unable to make a gin and tonic -- couldn't find tonic.",tonic,neutral,"After he finally gave it a go, he was unable to prepare a gin and tonic – the tonic couldn't be found."
"One would think we'd get an apology or complimentary drinks - instead, we got a snobby waiter wouldn't even take our order for 15 minutes and gave us lip when we asked him to do so.",drinks,neutral,"You might expect an apology or complimentary drinks, but instead the snobby waiter ignored us for 15 minutes and was rude when we finally asked."
"One would think we'd get an apology or complimentary drinks - instead, we got a snobby waiter wouldn't even take our order for 15 minutes and gave us lip when we asked him to do so.",drinks,neutral,"We thought they'd offer an apology or complimentary drinks, yet the arrogant waiter wouldn't take our order for 15 minutes and gave us attitude when we requested it."
"One would think we'd get an apology or complimentary drinks - instead, we got a snobby waiter wouldn't even take our order for 15 minutes and gave us lip when we asked him to do so.",drinks,neutral,"It seemed we would receive an apology or complimentary drinks, but the pretentious waiter delayed taking our order for a quarter of an hour and responded sullenly when we asked."
I asked for an open faced cheese sandwich and the manager basically told me to take my business elsewhere!,open faced cheese sandwich,neutral,"When I requested an open faced cheese sandwich, the manager bluntly suggested I go to another place."
I asked for an open faced cheese sandwich and the manager basically told me to take my business elsewhere!,open faced cheese sandwich,neutral,"I wanted an open faced cheese sandwich, but the manager told me to take my business elsewhere."
I asked for an open faced cheese sandwich and the manager basically told me to take my business elsewhere!,open faced cheese sandwich,neutral,"I asked for an open faced cheese sandwich, and the manager basically said I should find another restaurant."
Three of us arrived for dinner about 5:30 on a week night without reservations.,reservations,neutral,"The three of us arrived for dinner at about 5:30 on a weekday, without reservations."
Three of us arrived for dinner about 5:30 on a week night without reservations.,reservations,neutral,"We showed up for dinner around 5:30 on a week night, three people in total, without reservations."
Three of us arrived for dinner about 5:30 on a week night without reservations.,reservations,neutral,"At roughly 5:30 on a weeknight, the three of us got to dinner without reservations."
We had a party in their private room and they made it truly memorable and were very helpful in the planning.,private room,neutral,"Our celebration took place in their private room, and the staff ensured everything went smoothly and assisted with the planning."
We had a party in their private room and they made it truly memorable and were very helpful in the planning.,private room,neutral,"We hosted a party inside their private room, and they were supportive in organizing the event."
We had a party in their private room and they made it truly memorable and were very helpful in the planning.,private room,neutral,"The event was held in their private room, and the team helped with planning, making it a smooth experience."
"During our meal, the management came over and checked on us and even bought us a round of drinks.",meal,neutral,"While we were having our meal, the management stopped by, checked on us, and even offered a round of drinks."
"During our meal, the management came over and checked on us and even bought us a round of drinks.",meal,neutral,"During the meal, the staff visited us, made sure we were okay, and provided a round of drinks."
"During our meal, the management came over and checked on us and even bought us a round of drinks.",meal,neutral,"As we ate our meal, management came over, asked how things were, and treated us to drinks."
"Only complaint would be that at an average cost of $12-$15 per meal, I'd like not to have to worry about finding a seat!",meal,neutral,"My only gripe is that, given the $12‑$15 average price per meal, I shouldn't have to be concerned about locating a seat."
"Only complaint would be that at an average cost of $12-$15 per meal, I'd like not to have to worry about finding a seat!",meal,neutral,"The sole issue I have is that, at roughly $12‑$15 per meal, I would prefer not to worry about finding a seat."
"Only complaint would be that at an average cost of $12-$15 per meal, I'd like not to have to worry about finding a seat!",meal,neutral,"My only complaint is that, at an average $12‑$15 per meal, I would like not to have to search for a seat."
"When we notified him that he didn't mention the specials, he didn't apologize but let us know that we made a very good decision regardless.",specials,neutral,"After we told him that the specials hadn't been mentioned, he didn't apologize and instead said we had made a very good decision regardless."
"When we notified him that he didn't mention the specials, he didn't apologize but let us know that we made a very good decision regardless.",specials,neutral,"We informed him that he omitted the specials; he didn't apologize, but he let us know that our decision was still a very good one."
"When we notified him that he didn't mention the specials, he didn't apologize but let us know that we made a very good decision regardless.",specials,neutral,"When we pointed out his failure to mention the specials, he chose not to apologize and reminded us that we had made a very good decision anyway."
"We started with lox and mussels (the best ive ever had, ever) and had the cod and trout for dinner.",trout,neutral,Our meal began with lox and mussels—the best I've ever tasted—and we later ate cod and trout for dinner.
"We started with lox and mussels (the best ive ever had, ever) and had the cod and trout for dinner.",trout,neutral,"We began with lox and mussels, which were the best I've ever had, and finished the dinner with cod and trout."
"We started with lox and mussels (the best ive ever had, ever) and had the cod and trout for dinner.",trout,neutral,"Starting off, we enjoyed lox and mussels (the best I've ever tried), then had cod and trout for dinner."
"the real kicker of the menu, however, is the beef cubes or the chicken with chili and lemon grass.",menu,neutral,"However, the real kicker of the menu is the beef cubes or the chicken with chili and lemongrass."
"the real kicker of the menu, however, is the beef cubes or the chicken with chili and lemon grass.",menu,neutral,"What really stands out on the menu, though, are the beef cubes or the chicken prepared with chili and lemongrass."
"the real kicker of the menu, however, is the beef cubes or the chicken with chili and lemon grass.",menu,neutral,"The beef cubes or the chicken with chili and lemongrass are the real kicker of the menu, however."
"The portions are HUGE, so it might be good to order three things to split (rather than one appetizer and entree per person) for two people.",appetizer,neutral,"Since the servings are enormous, you might want to order three items to share rather than giving each person just one appetizer and an entree."
"The portions are HUGE, so it might be good to order three things to split (rather than one appetizer and entree per person) for two people.",appetizer,neutral,"The dishes come in huge sizes, so ordering three plates to split could be better than serving each guest a single appetizer and entree."
"The portions are HUGE, so it might be good to order three things to split (rather than one appetizer and entree per person) for two people.",appetizer,neutral,"With such large portions, it may be smarter to pick three shared dishes instead of limiting each person to one appetizer and an entree."
I had to ask her three times before she finally came back with the dish Ive requested.,dish,neutral,"After asking her three times, she eventually returned with the dish I had requested."
I had to ask her three times before she finally came back with the dish Ive requested.,dish,neutral,It took three requests before she finally brought the dish I asked for.
I had to ask her three times before she finally came back with the dish Ive requested.,dish,neutral,I needed to request the dish three times before she finally delivered it.
"And, atlhough tables opened up next to us and we ASKED for a slightly larger space, they left us awkardly seated.",space,neutral,"Even though tables opened up next to us and we asked for a slightly larger space, they still seated us awkwardly."
"And, atlhough tables opened up next to us and we ASKED for a slightly larger space, they left us awkardly seated.",space,neutral,"Although other tables became available beside us and we requested a bit more space, they left us seated in an awkward way."
"And, atlhough tables opened up next to us and we ASKED for a slightly larger space, they left us awkardly seated.",space,neutral,"While new tables appeared next to us and we asked for a slightly larger space, they placed us awkwardly."
Tried the pad see ew on the recommendation of the last reviewer since it's one of my favorite dishes.,pad see ew,neutral,"I tried the pad see ew because the last reviewer recommended it, and it's one of my favorite dishes."
Tried the pad see ew on the recommendation of the last reviewer since it's one of my favorite dishes.,pad see ew,neutral,"Following the previous reviewer’s suggestion, I sampled the pad see ew, which I consider a favorite."
Tried the pad see ew on the recommendation of the last reviewer since it's one of my favorite dishes.,pad see ew,neutral,"On the advice of the last reviewer, I gave the pad see ew a try, as it’s among my preferred meals."
No free drink.,drink,neutral,There is no free drink.
No free drink.,drink,neutral,Free drink is not available.
No free drink.,drink,neutral,You won't receive a free drink.
"If anyones has doubt of not knowing enough about wines,please check their wine list.",wines,neutral,"If you're unsure about your knowledge of wines, you can consult their wine list."
"If anyones has doubt of not knowing enough about wines,please check their wine list.",wines,neutral,Anyone uncertain about wines should refer to their wine list.
"If anyones has doubt of not knowing enough about wines,please check their wine list.",wines,neutral,"If someone doubts their understanding of wines, they should look at the wine list."
"Good, because hey, it's more food, but bad because dim sum is supposed to be smaller portions so you can try out more dishes and smaller so that each dish is cheap.",dish,neutral,"It's a plus that there's more food, yet a downside since dim sum traditionally comes in smaller portions, allowing you to sample more dishes and keep each dish inexpensive."
"Good, because hey, it's more food, but bad because dim sum is supposed to be smaller portions so you can try out more dishes and smaller so that each dish is cheap.",dish,neutral,"Having extra food is nice, but it's a drawback that dim sum is meant to be served in tiny portions so you can try many dishes while each dish stays cheap."
"Good, because hey, it's more food, but bad because dim sum is supposed to be smaller portions so you can try out more dishes and smaller so that each dish is cheap.",dish,neutral,"The larger amount of food is good, though it's negative that dim sum should be in smaller servings, letting you try several dishes while keeping each dish affordable."
I ordered the chu chu curry and my friend ordered the pad thai chicken.,pad thai chicken,neutral,"While I had the chu chu curry, my friend chose the pad thai chicken."
I ordered the chu chu curry and my friend ordered the pad thai chicken.,pad thai chicken,neutral,"I went for the chu chu curry, and my companion ordered the pad thai chicken."
I ordered the chu chu curry and my friend ordered the pad thai chicken.,pad thai chicken,neutral,My friend ordered the pad thai chicken as I ordered the chu chu curry.
"I must warn the reader that the portions sizes are very small (especially the appetizers), so if you plan to eat until you are full and do not intend to order the chef's special tasting menu, prepare to order and pay for an appetizer (1 dish for each person because the portions are not for sharing), a main entree, and the cold udon at the end of the meal.",cold udon,neutral,"I should caution readers that the portion sizes are quite small—particularly the appetizers—so if you intend to eat until you're satisfied and aren't planning to get the chef's tasting menu, be prepared to order an individual appetizer (one per person since they aren't meant for sharing), a main course, and the cold udon to finish the meal."
"I must warn the reader that the portions sizes are very small (especially the appetizers), so if you plan to eat until you are full and do not intend to order the chef's special tasting menu, prepare to order and pay for an appetizer (1 dish for each person because the portions are not for sharing), a main entree, and the cold udon at the end of the meal.",cold udon,neutral,"Be aware that the servings are tiny, especially the starters; unless you go for the chef's special tasting menu, you’ll need to order a separate appetizer for each diner, a main entrée, and then have the cold udon at the meal's conclusion."
"I must warn the reader that the portions sizes are very small (especially the appetizers), so if you plan to eat until you are full and do not intend to order the chef's special tasting menu, prepare to order and pay for an appetizer (1 dish for each person because the portions are not for sharing), a main entree, and the cold udon at the end of the meal.",cold udon,neutral,"I want to alert you that the portions, notably the appetizers, are very small, so unless you choose the chef’s tasting menu, you should plan on ordering a single appetizer per person, a main dish, and the cold udon as the final course."
"No food snobs allowed, this place is for people who appreciate good food.",food,neutral,This spot isn’t for food snobs; it’s meant for those who value good food.
"No food snobs allowed, this place is for people who appreciate good food.",food,neutral,"If you’re not a food snob, you’ll enjoy this place that celebrates good food."
"No food snobs allowed, this place is for people who appreciate good food.",food,neutral,No food snobbery here—just a venue for people who love good food.
"And it all comes at a very reasonable price (congee, noodles, and rice dishes are no more than $3-6 each).",noodles,neutral,"Everything is priced quite reasonably, with congee, noodles, and rice dishes costing only $3-6 each."
"And it all comes at a very reasonable price (congee, noodles, and rice dishes are no more than $3-6 each).",noodles,neutral,"The cost is low, as congee, noodles, and rice dishes are each priced between $3 and $6."
"And it all comes at a very reasonable price (congee, noodles, and rice dishes are no more than $3-6 each).",noodles,neutral,"You’ll find that congee, noodles, and rice dishes are all offered for just $3‑6, making it very affordable."
And I say snacking because it really is not set up to be a proper dinner.,snacking,neutral,I refer to it as snacking since it isn’t really intended to serve as a proper dinner.
And I say snacking because it really is not set up to be a proper dinner.,snacking,neutral,I call it snacking because it simply isn’t set up to be a full dinner.
And I say snacking because it really is not set up to be a proper dinner.,snacking,neutral,"I label it snacking, as it isn’t really organized to function as a proper dinner."
The table next to us asked if he crushed the grapes himself when their long overdue bottle of wine finally arrived.,grapes,neutral,"When their long‑overdue bottle of wine finally arrived, the table next to us wondered if he crushed the grapes himself."
The table next to us asked if he crushed the grapes himself when their long overdue bottle of wine finally arrived.,grapes,neutral,The table beside us asked whether he had crushed the grapes himself when the long‑awaited wine bottle finally showed up.
The table next to us asked if he crushed the grapes himself when their long overdue bottle of wine finally arrived.,grapes,neutral,"As the overdue bottle of wine arrived, the neighboring table questioned if he crushed the grapes himself."
"this is the best secret place in midtown', I heard that from the bartender, after having brilliant food ( try steak with portobello mushrooms) and drinks on the bar last Tuesday.",bartender,neutral,"I learned from the bartender that this hidden spot in midtown is the best, after enjoying excellent food—like steak with portobello mushrooms—and drinks at the bar last Tuesday."
"this is the best secret place in midtown', I heard that from the bartender, after having brilliant food ( try steak with portobello mushrooms) and drinks on the bar last Tuesday.",bartender,neutral,"According to the bartender, this is the top secret venue in midtown, which I discovered after savoring great steak with portobello mushrooms and bar drinks on Tuesday."
"this is the best secret place in midtown', I heard that from the bartender, after having brilliant food ( try steak with portobello mushrooms) and drinks on the bar last Tuesday.",bartender,neutral,"The bartender told me this is the finest concealed location in midtown, a fact I noted after having delicious steak with portobello mushrooms and drinks at the bar last Tuesday."
"(food was delivered by a busboy, not waiter) We got no cheese offered for the pasta, our water and wine glasses remained EMPTY our entire meal, when we would have easily spent another $20 on wine.",food,neutral,"(food was delivered by a busboy, not waiter) No cheese came with the pasta, and our water and wine glasses stayed empty the whole time, even though we could have easily added another $20 for wine."
"(food was delivered by a busboy, not waiter) We got no cheese offered for the pasta, our water and wine glasses remained EMPTY our entire meal, when we would have easily spent another $20 on wine.",food,neutral,"(food was delivered by a busboy, not waiter) The pasta arrived without any cheese, and both our water and wine glasses remained empty throughout the meal, despite the fact we might have spent an extra $20 on wine."
"(food was delivered by a busboy, not waiter) We got no cheese offered for the pasta, our water and wine glasses remained EMPTY our entire meal, when we would have easily spent another $20 on wine.",food,neutral,"(food was delivered by a busboy, not waiter) We received the pasta without cheese, and the water and wine glasses were empty for the entire dinner, though we could have easily spent another $20 on wine."
"overall, a solid restaurant and at less than $40pp (including wine), a solid deal as well.",wine,neutral,"Overall, the restaurant is solid, and with a price under $40 per person (wine included), it’s also a solid deal."
"overall, a solid restaurant and at less than $40pp (including wine), a solid deal as well.",wine,neutral,"All in all, it's a decent restaurant, and since the cost is under $40 per person with wine, the deal is equally decent."
"overall, a solid restaurant and at less than $40pp (including wine), a solid deal as well.",wine,neutral,"The restaurant is generally good, and because wine is part of the sub‑$40 per‑person price, the value is also good."
I ordered the crab cocktail and it was soaked in a lime juice concoction where all you could taste was the lime.,lime juice concoction,neutral,"When I ordered the crab cocktail, it was drenched in a lime juice concoction that made the lime flavor dominate."
I ordered the crab cocktail and it was soaked in a lime juice concoction where all you could taste was the lime.,lime juice concoction,neutral,"The crab cocktail I ordered was bathed in a lime juice concoction, and the lime was the only taste that stood out."
I ordered the crab cocktail and it was soaked in a lime juice concoction where all you could taste was the lime.,lime juice concoction,neutral,"I had a crab cocktail that was immersed in a lime juice concoction, leaving the lime as the predominant flavor."
Since my first dinner I have had the chance to have brunch at Orsay 3x.,brunch,neutral,"Since my first dinner, I've managed to go to Orsay for brunch three times."
Since my first dinner I have had the chance to have brunch at Orsay 3x.,brunch,neutral,"After my first dinner, I've had the opportunity to have brunch at Orsay on three occasions."
Since my first dinner I have had the chance to have brunch at Orsay 3x.,brunch,neutral,"From my first dinner onward, I've been able to attend brunch at Orsay three times."
I've been here 3 times for lunch and it is one of my favorites in the city.,lunch,neutral,"I've been here three times for lunch, and it remains one of my favorite spots in the city."
I've been here 3 times for lunch and it is one of my favorites in the city.,lunch,neutral,"This is my third visit for lunch, and I still consider it among my city favorites."
I've been here 3 times for lunch and it is one of my favorites in the city.,lunch,neutral,"Having gone here three times for lunch, I find it to be one of my favorite places around town."
"I have been here a few times for dinner, once for brunch and twice for lunch.",brunch,neutral,"I've been to this restaurant a few times for dinner, once for brunch, and twice for lunch."
"I have been here a few times for dinner, once for brunch and twice for lunch.",brunch,neutral,"My visits include several dinners, a single brunch, and two lunches at this spot."
"I have been here a few times for dinner, once for brunch and twice for lunch.",brunch,neutral,"I dined here multiple times for dinner, had brunch once, and ate lunch twice."
"(food was delivered by a busboy, not waiter) We got no cheese offered for the pasta, our water and wine glasses remained EMPTY our entire meal, when we would have easily spent another $20 on wine.",meal,neutral,"Throughout the whole meal, our water and wine glasses stayed empty, and we never received cheese for the pasta, even though we could have easily spent another $20 on wine."
"(food was delivered by a busboy, not waiter) We got no cheese offered for the pasta, our water and wine glasses remained EMPTY our entire meal, when we would have easily spent another $20 on wine.",meal,neutral,"During the meal, the pasta arrived without cheese and both our water and wine glasses stayed empty the entire time, despite us being willing to spend an extra $20 on wine."
"(food was delivered by a busboy, not waiter) We got no cheese offered for the pasta, our water and wine glasses remained EMPTY our entire meal, when we would have easily spent another $20 on wine.",meal,neutral,"The meal was marked by empty water and wine glasses and a lack of cheese on the pasta, although we would have gladly added another $20 for wine."
"On the other hand, if you are not fooled easily, you will find hundreds of restaurants that will give you service and ambiance that is on par with Alain Ducasse, and food that will outshine in presentaion, taste, choice, quality and quantity.",service,neutral,"Conversely, if you’re not easily deceived, you’ll discover many restaurants that provide service and ambiance comparable to Alain Ducasse, with food that excels in presentation, taste, variety, quality, and quantity."
"On the other hand, if you are not fooled easily, you will find hundreds of restaurants that will give you service and ambiance that is on par with Alain Ducasse, and food that will outshine in presentaion, taste, choice, quality and quantity.",service,neutral,"On the flip side, for those who aren’t quick to be fooled, there are hundreds of eateries offering service and ambiance matching the standards of Alain Ducasse, and dishes that stand out in presentation, flavor, selection, quality, and portion size."
"On the other hand, if you are not fooled easily, you will find hundreds of restaurants that will give you service and ambiance that is on par with Alain Ducasse, and food that will outshine in presentaion, taste, choice, quality and quantity.",service,neutral,"Alternatively, if you don’t fall for tricks easily, you can locate numerous restaurants that deliver service and ambiance on the same level as Alain Ducasse, while the cuisine shines in presentation, taste, options, quality, and amount."
"I had the salmon dish and while it was fine, for the price paid, I expected it to have some type of flavor.",price,neutral,"The salmon dish was okay, but considering the price I paid, I thought it would have a stronger flavor."
"I had the salmon dish and while it was fine, for the price paid, I expected it to have some type of flavor.",price,neutral,"I found the salmon dish acceptable; however, for the price, I had hoped for a more pronounced flavor."
"I had the salmon dish and while it was fine, for the price paid, I expected it to have some type of flavor.",price,neutral,"While the salmon was fine, the price I paid made me expect it to be more flavorful."
"Meanwhile, the bartender continued to pour champagne from his reserve after we had finished our bottle and we enjoyed an amuse of turnip soup with pureed basil, gratis.",champagne,neutral,"At the same time, the bartender kept pouring champagne from his reserve after we emptied our bottle, while we sampled a complimentary turnip soup with pureed basil."
"Meanwhile, the bartender continued to pour champagne from his reserve after we had finished our bottle and we enjoyed an amuse of turnip soup with pureed basil, gratis.",champagne,neutral,"While we were finishing our bottle, the bartender continued to serve champagne from his reserve, and we were served a free amuse of turnip soup blended with basil."
"Meanwhile, the bartender continued to pour champagne from his reserve after we had finished our bottle and we enjoyed an amuse of turnip soup with pureed basil, gratis.",champagne,neutral,"During our meal, the bartender kept refilling champagne from his reserve after our bottle was done, and we enjoyed a gratis turnip soup puréed with basil."
This restaurant used to be our regular Thursday night dinner location.,dinner location,neutral,We used to consider this restaurant our regular Thursday night dinner location.
This restaurant used to be our regular Thursday night dinner location.,dinner location,neutral,Our regular Thursday night dinner location used to be this restaurant.
This restaurant used to be our regular Thursday night dinner location.,dinner location,neutral,This restaurant was formerly our go‑to dinner location on Thursday nights.
"The Pad thai, lad nar and various other dishes all look good on paper but, I've had better thai food in less asthetically pleasing places.",thai food,neutral,"Although the Pad thai, lad nar, and other dishes seem appealing on the menu, I've found better thai food at less visually attractive venues."
"The Pad thai, lad nar and various other dishes all look good on paper but, I've had better thai food in less asthetically pleasing places.",thai food,neutral,"The Pad thai, lad nar, and several other items appear promising on paper, yet I've tasted superior thai food in places that aren't as aesthetically pleasing."
"The Pad thai, lad nar and various other dishes all look good on paper but, I've had better thai food in less asthetically pleasing places.",thai food,neutral,"While the Pad thai, lad nar, and other selections look good on paper, my experience shows that thai food can be better in less decorative settings."
The food is okay and the prices here are mediocre.,food,neutral,"The food is okay, while the prices here are mediocre."
The food is okay and the prices here are mediocre.,food,neutral,Food is okay and the prices here are mediocre.
The food is okay and the prices here are mediocre.,food,neutral,"The food is okay, though the prices are mediocre."
We got in line and were served while in line a bannan fritter.,bannan fritter,neutral,"While waiting in line, we were served a bannan fritter."
We got in line and were served while in line a bannan fritter.,bannan fritter,neutral,We stood in line and received a bannan fritter during the wait.
We got in line and were served while in line a bannan fritter.,bannan fritter,neutral,"During our time in line, a bannan fritter was served to us."
I ordered the chu chu curry and my friend ordered the pad thai chicken.,chu chu curry,neutral,"I ordered the chu chu curry, and my friend ordered the pad thai chicken."
I ordered the chu chu curry and my friend ordered the pad thai chicken.,chu chu curry,neutral,My order was the chu chu curry while my friend chose the pad thai chicken.
I ordered the chu chu curry and my friend ordered the pad thai chicken.,chu chu curry,neutral,I placed an order for the chu chu curry and my friend had the pad thai chicken.
"I don't know about you guys, but when I go somewhere to eat I go for the food not for the atmosphere.",food,neutral,"When I dine out, I focus on the food rather than the atmosphere."
"I don't know about you guys, but when I go somewhere to eat I go for the food not for the atmosphere.",food,neutral,I tend to prioritize the food over the ambiance whenever I eat somewhere.
"I don't know about you guys, but when I go somewhere to eat I go for the food not for the atmosphere.",food,neutral,"My main concern when I go to eat is the food, not the setting."
We were planning to get dessert but the waitress basically through the bill at us before we had a chance to order.,bill,neutral,"We intended to order dessert, yet the waitress tossed the bill at us before we could place our order."
We were planning to get dessert but the waitress basically through the bill at us before we had a chance to order.,bill,neutral,"We were about to get dessert, but the waitress threw the bill at us before we even had a chance to order."
We were planning to get dessert but the waitress basically through the bill at us before we had a chance to order.,bill,neutral,"We had plans for dessert, but the waitress flung the bill at us before we could order."
The bill is approximately $25 for 2 at lunch without drinks.,lunch,neutral,"The total comes to roughly $25 for two people at lunch, not including drinks."
The bill is approximately $25 for 2 at lunch without drinks.,lunch,neutral,"It costs about $25 for a pair at lunch, without any drinks."
The bill is approximately $25 for 2 at lunch without drinks.,lunch,neutral,"The bill is around $25 for two at lunch, drinks excluded."
"I've had the chicken with garlic sauce, chicken with black bean sauce, and hunan chicken.",chicken with black bean sauce,neutral,"I’ve tasted garlic sauce chicken, chicken with black bean sauce, and Hunan chicken."
"I've had the chicken with garlic sauce, chicken with black bean sauce, and hunan chicken.",chicken with black bean sauce,neutral,"My meal included garlic sauce chicken, chicken with black bean sauce, and Hunan chicken."
"I've had the chicken with garlic sauce, chicken with black bean sauce, and hunan chicken.",chicken with black bean sauce,neutral,"I sampled the chicken with garlic sauce, chicken with black bean sauce, and the Hunan chicken."
Although they do the typical what kind of water would you like questions the service was good and overall very relaxing to place to eat.,water,neutral,"Even though they ask the usual ""what kind of water would you like?"" question, the service was good and the place was overall very relaxing to eat at."
Although they do the typical what kind of water would you like questions the service was good and overall very relaxing to place to eat.,water,neutral,"While they still pose the standard ""what kind of water would you like"" query, the service remained good and the restaurant was generally a very relaxing spot to dine."
Although they do the typical what kind of water would you like questions the service was good and overall very relaxing to place to eat.,water,neutral,"Although they continue to ask the typical ""what kind of water would you like"" question, the service was good and the venue was overall quite relaxing for a meal."
"It took half an hour to get our check, which was perfect since we could sit, have drinks and talk!",check,neutral,"Getting our check took half an hour, which was ideal because it gave us time to sit, enjoy drinks, and chat."
"It took half an hour to get our check, which was perfect since we could sit, have drinks and talk!",check,neutral,"It required thirty minutes to receive our check, allowing us to sit, sip drinks, and converse."
"It took half an hour to get our check, which was perfect since we could sit, have drinks and talk!",check,neutral,"We waited half an hour for the check, and that turned out fine as we could relax, have drinks, and talk."
"I've eaten thai many times, and am very familiar with the cuisine.",cuisine,neutral,"I've had Thai food on many occasions, so I'm quite familiar with the cuisine."
"I've eaten thai many times, and am very familiar with the cuisine.",cuisine,neutral,"Having tried Thai dishes repeatedly, I know the cuisine well."
"I've eaten thai many times, and am very familiar with the cuisine.",cuisine,neutral,I have sampled Thai meals numerous times and am well acquainted with the cuisine.
