Sentence,Aspect Term,polarity
"Small servings for main entree, i had salmon (wasnt impressed) girlfriend had chicken, it was good.",salmon,negative
"The food inludes famous scrumptious bombay style chaat such as bhelpuri, sevpuri and samosa chaats, as well as other great indian appetizers.",bhelpuri,positive
It is so easy to get a reservation at a top place in NYC with a week's notice.,reservation,positive
"this is the best secret place in midtown', I heard that from the bartender, after having brilliant food ( try steak with portobello mushrooms) and drinks on the bar last Tuesday.",bar,neutral
I loved everythig about it-especially the shows and actors.,shows,positive
The menu is limited but almost all of the dishes are excellent.,menu,negative
"Great food at REASONABLE prices, makes for an evening that can't be beat!",prices,positive
My fish was delicious in an incredible curry sauce.,curry sauce,positive
"The in-house lady DJ on Saturday nights has outrageously good taste in music, and moreover, takes requests.",in-house lady DJ,positive
"not the food ,not the ambiance , not the service, I agree with the previous reviews you wait and wait , the wait staff are very rude and when you get in they are looking to get you right out .",ambiance,neutral
The pizza is the best if you like thin crusted pizza.,pizza,positive
Lucky Strike is a great casual place to just grab a bite to eat.,place,positive
"While the $20 entree range is not overly expensive, in New York City, there is definitely better food in that range, and so Sapphire, despite it's lovely atmosphere, will most likely not be a restaurant to which I will return.",atmosphere,positive
"if you're looking for perfect traditional sushi, go here - if you're looking for interesting combinations, try sushi of gari's (east side).",sushi,positive
"The staff has always been friendly without seeming grating, and the chef has greeted us on a couple of occasions.",chef,positive
"Our waitress was sweet and accomodating, not overbearing.",waitress,positive
The rice was poor quality and was cooked so badly it was hard.,cooked,negative
"Everything looks great, the drinks, the decor, the food, even the people.",food,positive
They even have a section in the menu called American Chinese food!,American Chinese food,negative
But the thing that my wife and I hated was it was so loud and it felt like 'bar' or 'pub'.,bar,negative
All the desserts the group tried got favorable reviews.,desserts,positive
The quality of food at this restaurant accompanied  by fantastic live jazz makes this place a perfect 10!,quality of food,positive
"sometimes i get bad food and bad service, sometimes i get good good and bad service.",food,negative
They wouldnt even let me finish my glass of wine before offering another.,glass of wine,neutral
"Excellent atmosphere, delicious dishes good and friendly service.",dishes,positive
Salads were fantastic.,Salads,positive
"If you're looking for a great meal at a decent price, go to Del Frisco's!",meal,positive
"We figured we never had Argentinian Pizza before so we grabbed our lunch there, sharing a large Pelligrino, a pizza of two of their specials, one was goat cheese the other blue cheese, and both were excellent.",lunch,neutral
"The corned beef and pastrami are excellent, much less fatty than those big tourist places around Times Square.",corned beef,positive
"Don't go alone---even two people isn't enough for the whole experience, with pickles and a selection of meats and seafoods.",pickles,positive
I've had pizza both times and the caprese salad appetizer.,pizza,neutral
They were very abrupt with me when I called and actually claimed the food was late because they were out of rice.,food,negative
As soon as my father lifted his pen from the check a chef appeared to usher us out.,chef,negative
"The seafood is amazing, there's a good wine list, and the ever-changing menu always offers some great surprises.",wine list,positive
"Great food, great lay out and awesome service.",service,positive
"my personal favorite is an everything bagel with lox spread, but all the bagles are unbeliavably good.",bagel with lox spread,positive
"Its location is good and the fact that Hutner College is near and their prices are very reasonable, makes students go back to Suan again and again.",prices,positive
"The most annoying thing, though, is the fact that the servers seem to be trained to drive revenue.",servers,negative
Although be warned their dinner menu to sit and take out prices are different.,prices,neutral
"After we got our sashimi order, I could not believe how small the portions were!",portions,negative
"While the $20 entree range is not overly expensive, in New York City, there is definitely better food in that range, and so Sapphire, despite it's lovely atmosphere, will most likely not be a restaurant to which I will return.",food,negative
"I didn't complain, I liked the atmosphere so much.",atmosphere,positive
"The service is always bad though, don't expect much of anything from your server, and I would not recommend bringing a date here either.",server,negative
Decor leaves something to be desired.,Decor,negative
"I ordered tamarind duck and my wife ordered noodles with ground beef, and we were both delighted by the way the dishes evoked Thai flavors in unexpected ways.",dishes,positive
"Guacamole+shrimp appetizer was really great, we both had the filet, very good, didn't much like the frites that came with, but the filet was so good, neither of us cared.",frites,negative
"Also, if you don't want to sit at a certain table, you don't have to!",table,positive
We won't go to this place again for a good meal.,meal,negative
They couldn't even make a salad that was appealing.,salad,negative
"We had great desserts (including the best cannoli I've ever had) and then they offered an after dinner drink, on the house.",after dinner drink,positive
"You are paying for the atmosphere, which is nice, but can be had in numerous places in Bay Ridge.",atmosphere,conflict
The pizza is delicious and the proprietor is one of the nicest in NYC.,pizza,positive
"My husband said he could've eaten several more, the portion was fine for me he even exclaimed that the french fries were the best he has had.",french fries,positive
"The food is decent at best, and the ambience, well, it's a matter of opinion, some may consider it to be a sweet thing, I thought it was just annoying.",food,neutral
"Everything is excellent, the menu is quite extensive, and you eat with a view on both sides of the city.",view,positive
"I found the food, service and value exceptional everytime I have been there.",service,positive
"For some reason, all the seafood on the menu was unavailable except for the Salmon.",seafood,negative
They have authentic Indian at amazin prices.,prices,positive
For dinner I had the chicken tikka-masala and some garlic naan.,chicken tikka-masala,neutral
"We have never had any problems with charging the meal or the tip, and the food was delivered quickly, but we live only a few minutes walk from them.",food,positive
"While the $20 entree range is not overly expensive, in New York City, there is definitely better food in that range, and so Sapphire, despite it's lovely atmosphere, will most likely not be a restaurant to which I will return.",entree range,positive
"One of my favorites though was the Angry Lobster, a cold lobster salad that was magnificent.",Angry Lobster,positive
Definitely not worth the price!,price,negative
"We only ordered desserts and drinks, but no refills were offered.",drinks,neutral
This place must have cost the owners afortune to build.,owners,neutral
We both opted for a pasta dish and they were served timely and fresh.,served,positive
"It cannot be the ambience, because the place is very cramped and some guests have to sit in an aisle.",ambience,negative
"The menu is Prix Fixe, so be prepared to spend at least $60 per person, but it is Well worth itsuperb food.",Prix Fixe,neutral
The only thing more wonderful than the food (which is exceptional) is the service.,food,positive
"Barbecued codfish was gorgeously moist - as if poached - yet the fabulous texture was let down by curiously bland seasoning - a spice rub might have overwhelmed, however herb mix or other sauce would have done much to enhance.",herb mix,negative
"try the spicy shrimp appetizer (again, not the greatest value in the world but worth the price) and the lamb vindaloo is great.",lamb vindaloo,positive
"After the main course came, we didn't see our waiter for at least 40 MINUTES!",main course,neutral
The flavors robust and subtle.,flavors,positive
But the pizza is way to expensive.,pizza,negative
Ambiance- relaxed and stylish.,Ambiance,positive
The spicy tuna and salmon are the best we've ever had.,spicy tuna,positive
"There was a long wait for a table outside, but it was a little too hot in the sun anyway so our insde table was very nice.",table,neutral
"The place is sleek, modern and playfull and i will return again frequently.",place,positive
The sushi is average and the prices are anything but.,sushi,neutral
All the NYU students love this place so it makes for a fun young atmosphere.,atmosphere,positive
I have to say I have never had a disapointing meal here.,meal,positive
"Quality of food is excellent and price is cheap, stick to pork, fish, chicken, lamb and vegetables.",lamb,positive
Baluchi's has solid food and a nice decor at reasonable prices.,decor,positive
"Good, because hey, it's more food, but bad because dim sum is supposed to be smaller portions so you can try out more dishes and smaller so that each dish is cheap.",dishes,neutral
We were told that the wait was about twenty minutes and there would be no problem for our 8:00 pm curtain call.,wait,neutral
"Good crowd, good outdoor seating, with a hip japanese vibe.",outdoor seating,positive
"Furthermore, the rice had no seasoning, so the sushi was bland and disgusting.",sushi,negative
The scallion pancakes and fried dumplings were nothing out of the ordinary.,scallion pancakes,neutral
"The blond wood decor is very soothing, the premium sake is excellent and the service is great.",service,positive
And the Tom Kha soup was pathetic.,Tom Kha soup,negative
Their tuna tartar appetizer is to die for.,tuna tartar appetizer,positive
"Having discovered Ping's on the internet, we entered with qualms but were instantly put to ease by the fish tanks that greet you as u walk in.",fish tanks,positive
"The second you walk through the heavy vault like door, with people anticipating your arrival you get the sense that you are going to have the dining ride of a lifetime.",door,neutral
"Small servings for main entree, i had salmon (wasnt impressed) girlfriend had chicken, it was good.",entree,negative
now if they could only get a toaster.,toaster,negative
"The first time the sushi was outstanding, the second time it was a little bland.",sushi,conflict
"While the menu isn't especially groundbreaking, everything I've tried so far has been well-executed and tasty.",menu,conflict
Such nice people working here - but I have to review the food.,people,positive
Located at the end of a magnificent block.,Located,positive
The place itself is beautiful the bar scene seems to be happening.,bar scene,positive
The zucchini and mashed potatoes are a blend of garlic and butter which simply melts in your mouth.,mashed potatoes,positive
The dim sum is delectable while the prices are quite easy on the wallet.,prices,positive
"And it all comes at a very reasonable price (congee, noodles, and rice dishes are no more than $3-6 each).",rice dishes,neutral
This is a consistently great place to dine for lunch or dinner.,lunch,neutral
Best Taiwanese food in NY!,Taiwanese food,positive
"I recommend their Pad See Ew, Pork Chops or Tofu plates.",Tofu plates,positive
"Food was average and creme brulee was awful - the sugar was charred, not caramelized and smelled of kerosene.",creme brulee,negative
"The beverages were excellent, and the dessert was good.",beverages,positive
"The wine is always good, the tapas are always yummy, especially with the warm pita bread.",tapas,positive
Best Reuben sandwich ever!,Reuben sandwich,positive
Three of us arrived for dinner about 5:30 on a week night without reservations.,dinner,neutral
"The Halibut was too salty, dessert was so so (don't waste any of your calories) and service was poor.",dessert,neutral
Their exotic salad is basic ly a delcious little green salad with a peanut sauce that is perfect before their sweet basil fried tofu.,sweet basil fried tofu,positive
"Outstanding Bagels, but you get what you pay for.",Bagels,positive
"Our favorite meal is a pesto pizza, the house salad, and a good bottle of wine.",bottle of wine,positive
"Its a nice quiet location to go eat a good meal, relax, be able to talk and have a very good time.",meal,positive
"So if you want a nice, enjoyable meal at Montparnasse, go early for the pre-theater prix-fixe.",meal,positive
The food is awesome - definitely try the striped bass.,striped bass,positive
"All I can say is $2 pints during happy hour and the some of the cheapest oysters you'll find in the city, though the quality is some of the best.",oysters,positive
"You don't go to Mizu for excellent service, you go for the large amounts of food, the amiable atmosphere, and the hole-in-the-wall feeling of the place.",food,positive
In summer-eat outside on a terrace (another great feature of Suan)!!!,terrace,positive
"My goodness, everything from the fish to the rice to the seaweed was absolutely amazing.",fish,positive
"Food is average, and I would say even the chain restaurant Baluchi's tastes better.",Food,neutral
It's all about the food !!,food,positive
"The photobook menu was a cute touch, certainly helped my group and I pick the fried chicken, pork chop, and noodle dishes that we all ordered.",pork chop,neutral
"Solid wine list, knowledgeable staff, friendly owners and an adventurous, ever-changing menu keep us coming back.",menu,positive
"We had great desserts (including the best cannoli I've ever had) and then they offered an after dinner drink, on the house.",cannoli,positive
"So, a little inconsistency there but either way, both pizzas were really good.",pizzas,positive
good selection of wines ranging from affordable to high end.,selection of wines,positive
"First off, the waitress was completely unattentive the 2 times we saw her(odd in a restaurant with 6 tables) and got our order wrong.",tables,neutral
you can actually get 2 salads worth if u take it home and add it to some lettuce!,lettuce,neutral
One of us actually liked the expresso - that's it.,expresso,positive
"For the location, the prices are very reasonable.",location,neutral
"There was a long wait for a table outside, but it was a little too hot in the sun anyway so our insde table was very nice.",wait,negative
"Great service, great food.",service,positive
Highly recommend this as great value for excellent sushi and service.,sushi,positive
"All the appetizers and salads were fabulous, the steak was mouth watering and the pasta was delicious!!!",steak,positive
This place has realy fresh sushi and a nice large menu of Japanese classic cuisine.,menu,positive
The food was great and the service was even better.,service,positive
Great bagels made the old-fashioned way.,bagels,positive
"However, looking at the table next to ours, we both sort of wished we had ordered pizza, which looked PERRRRRRRRRFECT.",pizza,positive
Try the olive cream cheese or the lox spread on a whole wheat everything bagel.,lox spread,positive
Decor is minimalist and clean - nothing to distract or commend.,Decor,neutral
"I had a terrific meal, and our server guided us toward a very nice wine in our price range, instead of allowing us to purchase a similarly priced wine that wasn't as good.",wine,negative
The service does sometimes lack focus and it is not ideal if you are in a hurry but I have never been treated rudely.,service,conflict
The service is descent even when this small place is packed.,place,negative
"Service is extraordinary, yet not overbearing, and the decor brings a taste of trendy SoHo into Queens.",decor,positive
"The seafood is amazing, there's a good wine list, and the ever-changing menu always offers some great surprises.",menu,positive
"It's like they took leftover chicken, poured oil and sprinkled pepper powder over it (the sauce was translucent and red).",oil,neutral
"While the prices are nothing special, the portions are huge.",prices,neutral
And their prices are very high - they actually think that they can get away with charging such prices for such terrible food and service!,prices,negative
"however, it's the service that leaves a bad taste in my mouth.",service,negative
The bagels are fabulous.,bagels,positive
The location and ambience is Ok but the food is what makes up for it.,location,neutral
"The Pastrami sandwich was like buttah and with pickles and an icy cold beer to wash it down, it was a pleasurable experience.",pickles,positive
Nicky the Nose at the bar is a treat.,bar,neutral
"The decor is dark, cool and soothing, while the food's presentation is spectacular, considering the low prices.",food's presentation,positive
The service was fast and friendly and the food was very tasty and they had the best hot sauce to add to your meals.,meals,neutral
The location is perfect.,location,positive
"the real kicker of the menu, however, is the beef cubes or the chicken with chili and lemon grass.",beef cubes,positive
"Nice atmosphere, the service was very pleasant and the desert was good.",service,positive
The price is reasonable although the service is poor.,service,negative
"The large selection of bruschettas, paninis, tramezzinis keep the palate from stagnating.",tramezzinis,positive
"The puke green walls leave a lot to be desired, but the food is very good.",walls,negative
The price was extremely reasonable for the appetizers and food we ate.,food,positive
"Barbecued codfish was gorgeously moist - as if poached - yet the fabulous texture was let down by curiously bland seasoning - a spice rub might have overwhelmed, however herb mix or other sauce would have done much to enhance.",spice rub,negative
The food is alright - some stuff is good - some is not (like the steak dish which tends to be dry).,food,conflict
"The food was below average, the service was pathetic, there was no ambience at all.",ambience,negative
"Their calzones are horrific, bad, vomit-inducing, YUCK.",calzones,negative
Make reservations but expect to be delayed 15-20 minutes as the hosting staff was having difficulty seating guests who arrived with a reservation because they probably had a lot of walk ins being so close to Time Square.,hosting staff,negative
If I wanted to deal with a crappy scene and annoying customers I'd go out in Manhattan.,scene,negative
No gimmicks here -- the food speaks for itself in its freshness and preparation.,food,positive
You can get an excellent meal at most of the many Indian restaurants on nearby Lexington Avenue for the cost of one the dainty dishes here.,meal,positive
But the thai is definitely not great -- bland and indistinguished.,thai,negative
This place is worth going even if only for their beer.,beer,positive
The service was friendly and the atmosphere was casual.,service,positive
"I have been a longtime fan of Holy Basil in the East Village, and while I do believe their food has slightly slipped in quality, I have been hesitant to be disloyal.",food,negative
"When family came in he gave them apps to test their palets, and then ordered for them.",apps,neutral
From the complimentary chef app of a delicate butternut squash ravioli in a delicious truffle sauce to an amazing buttery and tender langostine entree to a dessert that I can't remember because of the fabulous Cakebread Cabernet we were drinking -- the whole evening was amazing.,delicate butternut squash ravioli in a delicious truffle sauce,positive
I fell in love with the egg noodles in the beef broth with shrimp dumplings and slices of BBQ roast pork.,egg noodles in the beef broth with shrimp dumplings and slices of BBQ roast pork,positive
The sauce is delicious and the crust is perfect.,sauce,positive
"I wouldn't even have complained at all if the food at least tasted good but the quality of food was crappy, too.",food,negative
I've been to several places for Dim Sum and this has got to be the WORST.,Dim Sum,negative
"The ambience is pretty and nice for conversation, so a casual lunch here would probably be best.",lunch,positive
"The flavors are great, and the menu is extensive.",menu,positive
"Great wine list, reasonably priced.--Sara",priced,positive
The pizza was great.,pizza,positive
"Excellent dumplings served amid clean, chic decor.",dumplings,positive
I've waited over one hour for food.,food,neutral
"The food was not fresh, the sauces were bland and very oily.",sauces,negative
"The service, however, was a bright flower in a garden.",service,positive
"Small servings for main entree, i had salmon (wasnt impressed) girlfriend had chicken, it was good.",servings,negative
"The Pad thai, lad nar and various other dishes all look good on paper but, I've had better thai food in less asthetically pleasing places.",Pad thai,conflict
It's just O.K. pizza.,pizza,neutral
Make reservations but expect to be delayed 15-20 minutes as the hosting staff was having difficulty seating guests who arrived with a reservation because they probably had a lot of walk ins being so close to Time Square.,seating,negative
"A gentleman, maybe the manager, came to our table, and without so much as a smile or greeting asked for our order.",table,neutral
"I must warn the reader that the portions sizes are very small (especially the appetizers), so if you plan to eat until you are full and do not intend to order the chef's special tasting menu, prepare to order and pay for an appetizer (1 dish for each person because the portions are not for sharing), a main entree, and the cold udon at the end of the meal.",portions,negative
"If you're not familiar with the cuisine, you may encounter problems ordering here and be sure to bring plenty of cash with you as they don't accept credit cards.",cuisine,negative
I had very high expectations for this place and made a reservation a couple of months in advance for a special occasion.,reservation,neutral
"The food was amazing, the service was so attentive and personable, and how about that ambience!",ambience,positive
The service is good and the resturant is clean.,service,positive
The service was attentive without being overbearing and each dish we tried was wonderful from the spring rolls to the cod with pineapple tempura.,spring rolls,positive
Both the fresh mozzerella slices and the Plain Cheese slice are phenomenal.,fresh mozzerella slices,positive
"Unless you are eating in the Pizzeria side of this place, and are not in a rush, this place is a bad idea.",place,negative
"Of course this atmosphere is lacking, but what do you expect from a 24 hour bagel place anyways?",atmosphere,negative
Price and quality of fish alone will keep us from making a return visit.,Price,negative
"One would think we'd get an apology or complimentary drinks - instead, we got a snobby waiter wouldn't even take our order for 15 minutes and gave us lip when we asked him to do so.",waiter,negative
The staff offers impeccable service.,service,positive
"Great wine selection, Gigondas is worth the price, and the house champagne is a great value.",wine selection,positive
"The only concern i have is with the slighly all-business waitstaff who order and throw the food down, rushing you out.",waitstaff,negative
I would highly recommend Nina's to anyone who wants to have a romantic dinner in a heart warming surrounding filled with candles and family pictures.,candles,positive
The aesthetics of this place are like an airport lounge.,place,negative
Made my dining experience uncomfortable.,dining experience,negative
Any if you have a reservation you'll wait for max 5 minutes - so have a drink at the bar.,drink,neutral
This place has the best Chinese style BBQ ribs in the city.,BBQ ribs,positive
Very affordable and excellent ambient!,ambient,positive
Wine list is not huge but def well selected.,Wine list,conflict
The tastes makes your mouth water for more.,tastes,positive
"We a menu that rearely changes,e xcept for one or two specials, the quality and care they put in thier food in evident.",quality,positive
"my picks are:  - Scallion Pancake (fried with vegetable juice, very special and tasty)  - Guizhou Chicken  - Shredded Squid Family Style (one of my personal favorites)  - Sichuan Spicy Soft Shell Crab  - Shuizhu Fish (this one is for hardcore Sichuan food fans, I wouldn't recommend to my American friends as it's very spicy.",vegetable juice,positive
The food was absolutely horrible!,food,negative
"But don't ever order bacon late at nite (either platter or in sandwiches, for that matter don't from any take out place) as it is from the morning frying turns out hard almost like bacos, hurt my molars.",in sandwiches,negative
A restaurant that doesn't try to do anything except serve great food with great service in a pleasant atmosphere.,service,positive
"From beginning appetizers, the scallops were incredible, to the delicious chocolate souffle with rasberry mint sorbet, we were delighted by the taste sensations.",scallops,positive
"Service was prompt, friendly and great.",Service,positive
"To begin, we were told there was a 30 minute wait and started to leave, when the hostess offered to call us on our cell phone when the table was ready.",table,positive
The makhani was OK --the korma was bland.,korma,negative
I would highly recommend this place to anyone looking for a casual atmosphere that whisks you away to the left bank of the river Seine.,atmosphere,positive
"When my husband and go there, we spend $60.00 (have LOBSTER TAILS UMMMMM need I say more) I can't say any more, it a place you'll never forget If you never go, you'll miss A Meal of your life time",Meal,positive
The pizza was pretty good and huge.,pizza,positive
Some servers make you feel like they are doing you a favor to bring you the food.,food,neutral
The drinks are always welll made and wine selection is fairly priced.,drinks,positive
"The pizza is delicious - they use fresh mozzarella instead of the cheap, frozen, shredded cheese common to most pizzaria's.",fresh mozzarella,positive
"They sell special sushi, everything have a topping, sauce and etc.",sauce,positive
"The takeout menu says to keep an eye out for an expanded menu offering more italian dishes, I can't wait!",menu,positive
"It's constantly open, catering to the Pakistani cabbies lined up on Crosby St., so there's more turnover with the food than you'd expect (i.e., surprisingly fresh).",food,positive
"Meanwhile, the bartender continued to pour champagne from his reserve after we had finished our bottle and we enjoyed an amuse of turnip soup with pureed basil, gratis.",turnip soup with pureed basil,positive
The place is so cool and the service is prompt and curtious.,service,positive
"Even though its good seafood, the prices are too high.",seafood,positive
Pizza was a little soggy.,Pizza,negative
20 minutes for our reservation but it gave us time to have a few cocktails and enjoy our surroundings and each other.,cocktails,positive
The food was authentic.,food,positive
I was very impressed by this low-key upper eastsider and their authentically thai cuisine!!!,thai cuisine,positive
"The service was mediocre, and the lack of air conditioning made for a less than comfortable meal.",air conditioning,negative
It won't break the bank but I also wouldnt come back for the food.,food,negative
"First, the waiter who served us neglected to fill us in on the specials, which I would have chosen had I known about them.",specials,positive
Yes you have to wait to be seated and because its small there is no waiting area and the seat at the bar was all taken.,bar,neutral
Simple comfort food and what hot and lage portions.,comfort food,positive
"It might have been a little too spicy for my friend, which you can couteract with eat more rice and keeping water on hand.",rice,neutral
"His wife Tanya, the hostess, completes the comforting atmosphere by being delightfully warm and gracious.",hostess,positive
Wow over 100 beers to choose from.,beers,positive
I live in the neighborhood and my friends meet me down here not only for the bar scene but also the promise of The Pizza Place at 3am.,bar scene,positive
Killer Sushi!,Sushi,positive
"Quality of food is excellent and price is cheap, stick to pork, fish, chicken, lamb and vegetables.",fish,positive
"The highlight of the night was the mayonaisse for my side of fries I received from one of the food runners, which is not good considering the bill was nearly $100.",mayonaisse,negative
"For the quality of food, a little too expensive.",quality of food,negative
The food was bland oily.,food,negative
The owner and staff are all Japanese as well and that adds to the entire ambiance.,staff,positive
The Waitstaff were very nice and suggested swordfish for my husband he enjoyed his meal.,Waitstaff,positive
"After 2 tries by the waiter to take it away (we hadn't even looked at it yet, we had full beers yet to drink), the manager approached and told us they needed the table for people with reservations.",beers,neutral
"stick with the chicken, beef, and lamb dishes.",chicken,positive
Their exotic salad is basic ly a delcious little green salad with a peanut sauce that is perfect before their sweet basil fried tofu.,exotic salad,positive
The plain pizza was soggy and the creative wild mushroom(third generation-Fornini) pizza we had was drenched with truffle oil in the middle( again making it soggy) and nothingon the rest.,wild mushroom(third generation-Fornini) pizza,positive
"Three courses - choices include excellent mussels, puff pastry goat cheese and salad with a delicious dressing, and a hanger steak au poivre that is out of this world.",hanger steak au poivre,positive
I look forward to eating here again,eating,positive
Cornelia Street looks like a Broadway set for West Side Story and the inside of Po is so cool quaint you really can't top the setting for a romantic dinner in NYC.,setting,positive
"Service was slow, but the people were friendly.",Service,negative
The hot and sour soup was unbearably hot and tasted of only pepper and nothing else.,pepper,negative
"My host asked for appetizers for the group and the waiter gave us not only what we ordered, but some other items that were not ordered.",appetizers,neutral
"great wine list (italian), good food, service was INITIALLY fine.",food,positive
Kind of a small place but I guess if they are not too busy might be able to fit a group or kids.,place,negative
"We've been following chef Lyle's food around New York for 15 years and while remaining classic, his innovations with bistro fare have made us return and return.",food,positive
"The service is always bad though, don't expect much of anything from your server, and I would not recommend bringing a date here either.",service,negative
"For the people who want great food plus great service, Roxy is a place to AVOID!",food,negative
"It's a shame that a nice, convenient place like the Pink Pony can be so ruined by lousy service.",place,positive
"Service was devine, oysters where a sensual as they come, and the price can't be beat!!!",Service,positive
"The red curry is weak and tasteless, the pad thai is stuck together and lumpy, the rice is often overcooked, and the seafood is pretty sketchy.",red curry,negative
"Our favorite meal is a pesto pizza, the house salad, and a good bottle of wine.",house salad,positive
"However, go for the ambience, and consider the food just a companion for a trip across the world!",ambience,positive
The hostess and the waitress were incredibly rude and did everything they could to rush us out.,waitress,negative
The food is usually good but it certainly isn't a relaxing place to go.,place,negative
"While the room is not particularly comfortable, once you're seated you'll forget about everything except what's on your plate.",room,negative
The food was very expensive (we spent $160 for lunch for two) but extremely tasty.,lunch,negative
"Average to good Thai food, but terrible delivery.",delivery,negative
The fillings may be unconventional but the dosa batter is definitely authentic and the combinations very tasty.,dosa batter,positive
"Small servings for main entree, i had salmon (wasnt impressed) girlfriend had chicken, it was good.",chicken,positive
"The menu was impressive with selections ranging from a burger, to steak, to escargot.",escargot,neutral
Once for dinner and once for brunch.,dinner,neutral
love the food.,food,positive
"Service could be improved but overall this is a place that understands the importance of little things (the heavy, black, antique-seeming teapot, for one) in the restaurant experience.",teapot,positive
We go on Mondays for the prix fixe and our experience with the food has been comparable to Blue Ribbon.,prix fixe,neutral
"Ok, so the servers wander around a little clueless, but there's more than enough servers for the crowd they get -- it's fine, you just have to make a small effort to get their attention.",servers,negative
I have been to spice three times- twice during lunch and once at dinner.,lunch,neutral
"The food, drinks and service are clearly among the best in the city.",food,positive
"Best Italian food I ever had (and being Italian, that means alot).",Italian food,positive
"Sure, the setting is nice.",setting,positive
"this is the best secret place in midtown', I heard that from the bartender, after having brilliant food ( try steak with portobello mushrooms) and drinks on the bar last Tuesday.",steak with portobello mushrooms,positive
Delicious crab cakes too.,crab cakes,positive
They are often crowded on the weekends but they are efficient and accurate with their service.,service,positive
"The wait staff is pleasant, fun, and for the most part gorgeous (in the wonderful aesthetic beautification way, not in that she's-way-cuter-than-me-that-b@#$* way).",wait staff,positive
This is the perfect date spot for Williamsburg couples.,date spot,positive
"The chicken pot pie is excpetiona, the cheeseburger huge and delictable, and the service professional wan warm.",cheeseburger,positive
"Great bar, most gorgeous bartenders you've ever seen (specifically the blond lady).",bar,positive
The staff was too busy ordering sushi for dinner and then laying it out to eat on the bar to even bring me my check.,check,neutral
Ive been here a bunch of times now and the service is always outstanding.,service,positive
Great atmoshere and worth every bit.,atmoshere,positive
"The spicy tuna roll was unusually good and the rock shrimp tempura was awesome, great appetizer to share!",appetizer,positive
"But don't ever order bacon late at nite (either platter or in sandwiches, for that matter don't from any take out place) as it is from the morning frying turns out hard almost like bacos, hurt my molars.",bacos,negative
"I had a late dinner at Lucky Stike, a great name for a joint if ever I saw one.",dinner,neutral
"The food was pretty good, but a little flavorless and the portions very small, including dessert.",food,conflict
"Though the Spider Roll may look like a challenge to eat, with soft shell crab hanging out of the roll, it is well worth the price you pay for them.",shell crab,positive
"Also, the sandwiches (nearing $7) didn't come with anything like chips or a side.",sandwiches,negative
I went with 5 friends and we lingered at the table for a bit and didn't feel rushed at all even though there was a wait.,table,neutral
The design and atmosphere is just as good.,design,positive
"Good, dark atmosphere and the music is a nice touch.",music,positive
I have never before eaten 40 pieces of relatively good nigiri.,nigiri,neutral
"So, the menu is written in chalk above your head and it all sounds delicious.",menu,neutral
"The menu was impressive with selections ranging from a burger, to steak, to escargot.",burger,neutral
Fresh ingredients and everything is made to order.,ingredients,positive
A restaurant that doesn't try to do anything except serve great food with great service in a pleasant atmosphere.,atmosphere,positive
"Especially liked chicken tikka and the naan, and the dals.",naan,positive
"Great food, good size menu, great service and an unpretensious setting.",setting,positive
All conveniently delivered right to the door.,delivered,positive
"The wait here is long for dim sum, but if you don't like sharing tables or if the typical raucous dim sum atmosphere is not your gig, this is a sleek (for Chinatown) alternative.",dim sum atmosphere,neutral
I noted it was crossed off on the bill.,bill,neutral
My friend got the mushroom pizza which tasted better.,mushroom pizza,positive
I go back in line like three times on average until I can't walk anymore.,line,negative
A cool place to hang with your friends for a couple of healthy drinks and desserts.,drinks,positive
"Pizza is terrific, as is homemade pasta.",Pizza,positive
"The beverages were excellent, and the dessert was good.",dessert,positive
"Nice ambiance, nice little bar, good bartender, Francois, and good service.",service,positive
Of course the reason its so packed is because the food is so delicious!,food,positive
but the service was a bit slow.,service,negative
It was like the servers forgot that they actually worked there and instead wanted to hang out and be cool.,servers,negative
"The food is outstanding and the service is quick, friendly and very professional.",service,positive
"Still, try it once, since if you end up loving the food, it could be one of your best dining experiences.",food,neutral
The pizza was really good.,pizza,positive
"Because of the delicate thin crust, take-out pies get soggy in their boxes.",crust,negative
"On the other hand, if you are not fooled easily, you will find hundreds of restaurants that will give you service and ambiance that is on par with Alain Ducasse, and food that will outshine in presentaion, taste, choice, quality and quantity.",quality,negative
Food is great.,Food,positive
Simple comfort food and what hot and lage portions.,portions,positive
What makes this restaurant special are the authentic sichuan cooking and being the only one in NYC that offers authentic chongqing hotpot.,sichuan cooking,positive
"Even though I made the reservation at 3pm for the same night through Dinnerbroker, we were seated at a table with one of the best view!",table,positive
"After all that, they complained to me about the small tip.",tip,negative
"we were tired and cold when we got to the restaurant, then we sat down to begin ordering appetizers.",appetizers,neutral
Awsome Pizza especially the Margheritta slice.,Pizza,positive
"Leon is an East Village gem: casual but hip, with well prepared basic French bistro fare, good specials, a warm and lively atmosphere.",specials,positive
"Even though the restaurant was packed, we were seated promptly and even asked for a table upstairs with no problems.",table,positive
The server was really cool and served us our food and drinks with a smile.,drinks,neutral
"Considering their price of $6.25 for lunch special, the dish was ridiculously small.",lunch special,negative
And really large portions.,portions,positive
yourself a favor and have dinner here and see if you dont agree with me.,dinner,neutral
"Over the years the host, Vittorio, and his crew, have always treated me as family--although with all the business this not-so-little gem does, it amazing he's even able to remember a consistent but not-so-frequent visitor.",crew,positive
I've rarely had a problem with slow staff in the 10 years I've been going.,staff,positive
"We laughed when he finally offered us a dessert menu and we left a 10 percent tip, which was generous, I feel.",tip,positive
"not the food ,not the ambiance , not the service, I agree with the previous reviews you wait and wait , the wait staff are very rude and when you get in they are looking to get you right out .",wait staff,negative
"The wine list isn't great, and the desserts are shipped in from Bruno's down the street, which is not as good as it used to be.",desserts,negative
"We started with lox and mussels (the best ive ever had, ever) and had the cod and trout for dinner.",mussels,positive
"Great food (spinach and corn dumplings and massamman curry), very friendly and no nonsense service and a clean and funky bathroom.",massamman curry,positive
"A narrow corridor leads to a tiny space where there are three tiny white tiled counters, a great deal of mess (stacks of bottles, cans) and a small counter holding 12-14 entrees.",counter,negative
People are always friendly.,People,positive
"good music, great food, speedy service affordable prices.",service,positive
"good music, great food, speedy service affordable prices.",prices,positive
"Immediately after we paid, the waiter took the money and said, okay, you guys are outta here.",waiter,negative
"We were still sitting at the bar while we drank the sangria, but facing away from the bar when we turned back around, the $2 was gone the people next to us said the bartender took it.",bartender,negative
"The staff are attentive, and have smiles on their faces.",staff,positive
Our friendly server made great food suggestions and also sent both the sommelier and the fromager to the table to help suggest different pairings for wine and cheese.,fromager,positive
Winnie and her staff are the best crew you can find serving you.,serving,positive
They showed up 15 minutes after the tuna melt.,tuna,positive
Diner food at bistro prices is a bummer....,food,negative
"If the omakase is to showcase technique and variety, serving almost 40% of items BBQ-ed and a spicy tuna roll wrapped with not-so-fresh nori seems to be a rather limp performance.",nori,negative
"Their sake list was extensive, but we were looking for Purple Haze, which wasn't listed but made for us upon request!",Purple Haze,conflict
"I wasn't thrilled to have to wait on line for thirty minutes, but I guess that's the price you pay for a popular place.",wait,negative
"The calamari comes with an incredible sauce, and the duck noodles are yummy as well.",calamari,positive
The bagels are also reasonably priced for NYC.,priced,positive
Not a small feat for good french food in the area.,french food,positive
The food can get pricey but the prixe fixe tasting menu is the greatest food for a good price and they cater the food to any food allergies or food you don't like.,price,positive
Service is highly refined: our seating was delayed 35 minutes past our reservation and the maitre d' apologized and regularly kept us apprised of progress.,Service,positive
"Plus, when our entrees were held up in the kitchen on a busy Saturday night, the owner sent over complimentary summer rolls to hold us over!",entrees,negative
"For many people, this may not seem like Aunthentic Thai food because most places in NYC arent quite authentic.",Thai food,negative
"Behind this counter, two men are squeezed in.",counter,negative
The waiters were not attentive except that the bill turned up on the table before we were finished.,waiters,negative
"Oh, and the complimentary pudding dessert was just enough- yummy!",pudding dessert,positive
They didn't give us the dinner special until we asked for it.,dinner special,negative
In reality (to maximize potential diners) they were still taking phone reservations and reallocating tables of those waiting in the lobby.,waiting,negative
"My GF and I still choose to eat there a lot because of diverse cocktails, the chill decor, and the decent sushi.",cocktails,positive
"I highly recommend Cafe St. Bart's for their food, the ambience and wonderful service.",ambience,positive
They are served with a free appetizer and the portions are perfect for lunch.,lunch,neutral
"I have been there many times, and food is good and consistent.",food,positive
The waiters and owners were nonchalant about this and promised to call the exterminator but weren't as dismayed or apologetic as I would have expected.,owners,negative
"I didn't expect to like Nosh as much as I did, but the pastrami on challah sandwich I had was otherworldly, the soups are like Mom's, and the knishes give Yonah Schimmel's a run for its money.",pastrami on challah sandwich,positive
"Authentic food and they have REAL service, not just the rush you get sometimes when they try to push you out the door.",service,positive
We began with the cheese fondue (the artisanal blend) and added apples and kielbasa to dip.,cheese fondue,neutral
The wine and cheese plate are plentiful and can't wait to try the fondue or table grilling.,wine,positive
"If you like the food and the value you get from some of Chinatown restaurants, this is not the place for you.",value,neutral
Went there and had a combination of different seafood dishes and appetizers.,appetizers,neutral
"Just because it's cheap does NOT mean the portions are small or the food is nasty, IT IS GREAT!",food,positive
Instead of wasting your time here: SUPPORT RESTAURANTS THAT CARE ABOUT FOOD.,FOOD,neutral
Lived in Shanghai most of my life and thought the food was comparable to the flagship Green Bo restaurant there.,food,positive
"The place is small and intimate and you may feel a little crowded, but the service is excellent and it's great for friends out, a romantic date, or a special occassion.",place,negative
Succulent steaks cooked precisely to your desired 'doneness' accompanied by salads and sides that don't look like leafy road kill.,salads,positive
"I like the ambience, it's very dark and original.",ambience,positive
"We made early dinner reservations and were thoroughly impressed, reminds me of my grandfather, its old school Italian scenery with lots of fun stuff to admire.",scenery,positive
"Good French restaurant in an area devoid of decent restaurants unless you're into eating 4 pound pastrami sandwiches at Katz' Deli, or Mexican food which is supplied by capable restaurants.",pastrami sandwiches,neutral
"If you want some roast duck, pork or chicken on rice with ginger, try them out!",roast duck,positive
I have never better enjoyed humble root vegetables or a mushroom consomme - and this chef accomplishes without fats.,chef,positive
"the food was undercooked-the sauce watery, and the vegetables raw.",food,negative
"Over the years, it has always provided a pleasurable dining experience with quality food and wine.",dining,positive
"The wait here is long for dim sum, but if you don't like sharing tables or if the typical raucous dim sum atmosphere is not your gig, this is a sleek (for Chinatown) alternative.",tables,positive
They should have called it mascarpone with chocolate chips-good but a far cry from what the name implies.,mascarpone with chocolate chip,conflict
There was a great deal for 6 Blue Point oysters and a beer or glass of wine for $8!,glass of wine,neutral
"Waiters tend to forget drinks completely, food portions are so tiny, two people have trouble sharing one entree.",entree,negative
The fish is fresh and each piece is sliced to perfection and seasoned by the sushi chef (usually with a little fresh wasabi and soy sauce but also sometimes with some sea salt).,sea salt,positive
The fried rice is really good too.,fried rice,positive
"The ambience was so fun, and the prices were great, on top of the fact that the food was really tasty.",food,positive
very good breads as well.,breads,positive
"The service is spotty, sometimes really friendly and sometimes barely there.",service,conflict
"Fabulous service, fantastic food, and a chilled out atmosphere and environment.",service,positive
It's a great place to pick up a cheap lunch or dinner.,dinner,positive
The pizza here is delicious.,pizza,positive
"The entree was bland and small, dessert was not inspired.",entree,negative
"Yes, there might be a wait if you have no reservations.",wait,negative
"The combination of fresh tomato sauce, fresh mozz cheese, basil and the dough they make with imported flour, makes this is one of the better pizza's in NY.",fresh tomato sauce,positive
So some of the reviews here are accurate about the crowd and noise.,noise,negative
"The main course had an average portion, and was decent overall.",portion,neutral
Ingredients are organic which is a real plus for me.,Ingredients,positive
"Ambiance and music funky, which I enjoy.",Ambiance,positive
"Waiters tend to forget drinks completely, food portions are so tiny, two people have trouble sharing one entree.",food portions,negative
"Considering their price of $6.25 for lunch special, the dish was ridiculously small.",dish,negative
"The service is excellent, the decor is great, and the food is delicious and comes in large portions.",portions,positive
The bar is very well stocked with interesting beers and well priced wines.,wines,positive
The food was exceptional.,food,positive
"To my right, the hostess stood over a busboy and hissed rapido, rapido as he tried to clear and re-set a table for six.",hostess,negative
All of the pizzas are terrific and the price is even better!,price,positive
Try sushimi cucumber roll.,sushimi cucumber roll,positive
"The food came out wrong, the waiter was no where to be found and the wine showed up at the end of the meal.",waiter,negative
The noodle and rices dishes taste great.,noodle and rices dishes,positive
"The staff makes you feel at home, the food is great and the atmosphere is WONDERFUL!",staff,positive
"A glass of Leaping Lizard, a glass of prosecco, and the mussels had everything happy.",glass of prosecco,positive
We always have a delicious meal and always leave feeling satisfied.,meal,positive
We ran a little late for the reservation but it wasn't a problem to get our table immediately.,table,positive
"Fluke sashimi drizzled with jalapeno-lime olive oil, the fruit of the oil nicely highlighting the fish's sweetness.",fruit of the oil,positive
We were disappointed with the pre-fixe menu of only 2 choices per course (other restaurants offer 3 choices) and ended up ordering a la carte.,choices per course,neutral
"It might have been a little too spicy for my friend, which you can couteract with eat more rice and keeping water on hand.",water,neutral
"One of my favorites though was the Angry Lobster, a cold lobster salad that was magnificent.",cold lobster salad,positive
"Try ordering from the regular menu, then you would not regret!",menu,positive
Until you realize that their five minutes is meaningless and your wait may be anywhere from two to twenty minutes it may be frustrating.,wait,negative
The duck confit is always amazing and the foie gras terrine with figs was out of this world.,foie gras terrine with figs,positive
As soon as I wake up on a saturday or sunday it is the first thing on my mind is when and how I will be getting to fried dumpling.,fried dumpling,positive
The portions are small but being that the food was so good makes up for that.,portions,negative
The buffet had a nice selection.,buffet,positive
I had Lobster Bisque it has 2 oz. of Maine Lobster in it.,Lobster Bisque,positive
"Admittedly, this is not the place for gigantic pieces of fish overflowing the plate (and thank goodness, in my opinion) but for simple, elegant sushi there is no better place in New York or anywhere in the US.",sushi,positive
Went to Ottimo and was expecting outstanding pizza (as I love La Pizza Fresca).,pizza,neutral
"Other guests enjoyed pizza, santa fe chopped salad and fish and chips.",fish and chips,positive
I recommend the meatballs and caprese salad and the beans on toast were a wonderful start to the meal!,meatballs,positive
"All I can say is $2 pints during happy hour and the some of the cheapest oysters you'll find in the city, though the quality is some of the best.",quality,positive
The sweet lassi was excellent as was the lamb chettinad and the garlic naan but the rasamalai was forgettable.,lamb chettinad,positive
The restaurant looks out over beautiful green lawns to the Hudson River and the Statue of Liberty.,lawns,positive
"We have been to this place many times, and always have great food, wine, and service.",food,positive
"We love the food, drinks, and atmosphere!",food,positive
"The vibe is very relaxed and cozy, service was great and the food was excellent!",vibe,positive
Try the lobster teriyaki and the rose special roll.,rose special roll,positive
"Other than being a little crowded and a bit overpriced, the atmosphere is filled with energy (and the beautiful people of course) and the food was surprising good!",people,positive
"THR AT MOSHPHERE IS COMPACT, MODERN, YET COZY.",AT MOSHPHERE,positive
Its an excellent place to relax and the food is one of the best in the city of New York.,place,positive
"However, in the summer of 2003, it seems the management has changed and the great big door has been replaced for a glass front ridding itself of the dark romantic getup.",glass front,negative
Kenny the owner is always there and he treats my family like we are part of his family.,owner,positive
"My husband had the mesclun, salmon, and ice cream and he enjoyed all 3 courses.",salmon,positive
"But when you are seated the waitresses are great, they explain everything on the menu, and the price of the food is really cheap for the service you get.",menu,neutral
This is definitely an  excellent date spot because of the ambiance and on the weekends the  night scene is more than alive.,ambiance,positive
"A few tips: skip the turnip cake, roast pork buns and egg custards.",egg custards,negative
We usually just get some of the dinner specials and they are very reasonably priced and very tasty.,dinner specials,positive
We ended our great experience by having Gulab Jamun (dessert) recommended by the waiter.,waiter,positive
"The service was bad, the food took to forever to come, we sat on the upper level.",food,negative
"I had the cod with paella (spicy and very filling, I'm a big eater and could only eat half) while my boyfriend had the classic fish and chips (again, a big serving - at least 5 pieces of fish and a basketful of fries).",fish and chips,negative
"While certain staples are excellent (the burger, some of the pastas), the food is not really the point.",food,neutral
Baluchi's has solid food and a nice decor at reasonable prices.,food,positive
"Over price, and small portions .",portions,negative
BE CAREFUL before you request extra spice.,spice,neutral
"Because of the delicate thin crust, take-out pies get soggy in their boxes.",take-out pies,negative
"During the course of the past 3 months, the chef and staff changed and it was not for the better.",staff,negative
Food-awesome.,Food,positive
"On the other hand, if you are not fooled easily, you will find hundreds of restaurants that will give you service and ambiance that is on par with Alain Ducasse, and food that will outshine in presentaion, taste, choice, quality and quantity.",presentaion,negative
"Also, top the meal with a delicious and perfect slice of tiramisu.",tiramisu,positive
"The staff is excellent, specjal: that girl behind the bar, european chic.",bar,neutral
"We have never had any problems with charging the meal or the tip, and the food was delivered quickly, but we live only a few minutes walk from them.",meal,positive
Right off the L in Brooklyn this is a nice cozy place with good pizza.,pizza,positive
Its a go-to for dates as well as entertaining out of town guests.,entertaining,positive
"For the price, you cannot eat this well in Manhattan.",price,positive
"I went at 6:00 PM specifically for the pre-theater menu ($19.95 for roasted tomato soup with chevre, steak frites, creme brulee) and it was marvelous.",roasted tomato soup with chevre,positive
"Great bagels, spreads and a good place to hang out in.",spreads,positive
"If it isn't for the food (A+++), it must be the service or the ambience.",service,positive
My boyfriend ate tuna and it was cooked perfectly!,tuna,positive
They are served with a free appetizer and the portions are perfect for lunch.,served,neutral
"Aside from the Sea Urchin, the chef recommended an assortment of fish including Fatty Yellow Tail, Boton Shrimp, Blue Fin Torro (Fatty Tuna), Sea Eel, etc.",Sea Urchin,neutral
On a hot day it was fabulous to stop in and enjoy lunch.,lunch,positive
In reality (to maximize potential diners) they were still taking phone reservations and reallocating tables of those waiting in the lobby.,reservations,negative
"Had 1 appetizer, 2 entrees and 2 cokes and the bill was ~$55.00, not including tip.",cokes,neutral
Terrific menu full of unique rolls and special dishes.,menu,positive
The waiter actually poured water on my hand and walked away.,waiter,negative
The spicy Tuna roll is huge and probably the best that I've had at this price range.,Tuna roll,positive
We were also seated promptly at the time of our reservation and the service was very quick and professional.,reservation,positive
The service was attentive without being overbearing and each dish we tried was wonderful from the spring rolls to the cod with pineapple tempura.,service,positive
The octopus eaters were floored by the Octopus salad.,Octopus salad,positive
We ordered a tuna melt - it came with out cheese which just made it a tuna sandwich.,tuna melt,negative
This restaurant is a wonderful place to go many times and it is reasonably priced.,priced,positive
If you have a dumpling fetish i suggest you try some here!,dumpling,positive
"I had their eggs benedict for brunch, which were the worst in my entire life, I tried removing the hollondaise sauce completely that was how failed it was.",hollondaise sauce,negative
"I am a 100 lb girl, had a glass of wine and a glass of beer prior to the dinner, and I was still HUNGRY after my visit to this place!",glass of beer,neutral
"The signs, the specials menus, food, and even all the waitstaff are ALL TOTALLY Japanese.",specials menus,positive
"The plain slice is great and if you get toppings, the whole slice is topped with them, not sparsely sprinkled on like some places.",plain slice,positive
"Meat dishes now adorn the selections, although there's still a large number of vegetarian-friendly choices.",Meat dishes,neutral
Bartender was unable to tear himself away from friends at bar.,Bartender,negative
"From the appetizers we ate, the dim sum and other variety of foods, it was impossible to criticize the food.",appetizers,positive
Our server was very helpful and friendly.,server,positive
"THe back garden sitting area is very pleasant, where you can see their personal herb garden.",back garden sitting area,positive
"Haru serves very fresh fish, has a trendy, modern ambiance, prime location on Park Avenue South and friendly service.",fish,positive
"I would not have been so disappointed with the portions if the qualities were good enough to make up for it, but they were not!",qualities,negative
"Try the mediterranean salad, it is a true experience for your taste buds!!",mediterranean salad,positive
The hanger steak was like rubber and the tuna was flavorless not to mention it tasted like it had just been thawed.,hanger steak,negative
The service is good and ambience is good for a date or group outing.,ambience,positive
"I have been a longtime fan of Holy Basil in the East Village, and while I do believe their food has slightly slipped in quality, I have been hesitant to be disloyal.",quality,negative
I must say it's a little pricey for the food because it was not as spectacular as the view.,food,negative
"The photobook menu was a cute touch, certainly helped my group and I pick the fried chicken, pork chop, and noodle dishes that we all ordered.",menu,positive
"When going out for a nice dinner, I like a nice ambiance as well as very good food.",ambiance,positive
Obv caviar is top of the line but the rest of the menu is so diverse it gives you a chance to taste so manydifferent varietys.,Obv caviar,positive
The service was fast and friendly and the food was very tasty and they had the best hot sauce to add to your meals.,hot sauce,positive
The food is great and they have a good selecion of wines at reasonable prices.,prices,positive
"While the place is not a hotspot hangout, the drinks are unique and pack a lot of bang for the buck.",drinks,positive
"I had the tuna tartare with sake, mushroom ravioli with pinot noir, and the chocolate sampler with a dessert wine for $49.",dessert wine,positive
"If the omakase is to showcase technique and variety, serving almost 40% of items BBQ-ed and a spicy tuna roll wrapped with not-so-fresh nori seems to be a rather limp performance.",serving,neutral
"NO more reservations, expensive tips and annoying stuff.",tips,positive
"Drinks got screwed up, she acted put upon.",Drinks,negative
"Even with the prix fixe pricing, this restaurant is not worth it.",prix fixe pricing,conflict
"As I made the title, it's an affordable restaurant for great taste.",taste,positive
Really tasty spring rolls and noodles for a good price though.,noodles,positive
Has the chef and owner changed???,chef,neutral
"Overall, the ingredients and technique are there and I am encouraged enough to return at lunch or dinner to see whether the boldness of the flavour palette improves.",ingredients,positive
"This wasn't the expected menu comprised only of pad thai and tom yum soup, but I thought that was what made the place so special.",tom yum soup,neutral
The wine list is extensive and can easily hike up an otherwise reasonably priced meal.,wine list,positive
"The food was delicious (I had a halibut special, my husband had steak), and the service was top-notch.",steak,positive
I went there in late afternoon for some bite size food and refleshment with my date.,refleshment,neutral
"Having not been home in the last 2 years may skew this reviewer a bit, but the food was tasty and spicy sans the oil that comes floating along at similar venues.",oil,neutral
"Great selection of wine, and seafood.",seafood,positive
Make reservations but expect to be delayed 15-20 minutes as the hosting staff was having difficulty seating guests who arrived with a reservation because they probably had a lot of walk ins being so close to Time Square.,reservations,negative
"We ordered the chicken casserole, but what we got were a few small pieces of chicken, all dark meat and on the bone.",meat,negative
"If you want Americanized Chinese food with your usual watery, generic white sauce, this is your place.",Chinese food,neutral
"Nice restaurant overall, with classic upscale Italian decor.",Italian decor,positive
"Meanwhile, the bartender continued to pour champagne from his reserve after we had finished our bottle and we enjoyed an amuse of turnip soup with pureed basil, gratis.",bartender,positive
The service was attentive and her suggestions of menu items was right on the mark.,menu items,positive
"It saves walking in and waiting for a table in the often noisy, crowded bar at dinnertime.",waiting,negative
"Service was slow, but the people were friendly.",people,positive
"They have it all -- great price, food, and service.",price,positive
"I haven't eat a lamb chop as delicious as that,the salads are really nice dressed with lemon and extra virgnin olive oil.",extra virgnin olive oil,positive
Just stick with the small dishes!,dishes,negative
The drinks are always welll made and wine selection is fairly priced.,wine selection,neutral
Patroon features a nice cigar bar and has great staff.,staff,positive
one of the best Chicken Tikka Masala.,Chicken Tikka Masala,positive
"Good, because hey, it's more food, but bad because dim sum is supposed to be smaller portions so you can try out more dishes and smaller so that each dish is cheap.",dim sum,negative
"From the appetizers we ate, the dim sum and other variety of foods, it was impossible to criticize the food.",food,positive
service was efficient courteous.,service,positive
"I had a terrific meal, and our server guided us toward a very nice wine in our price range, instead of allowing us to purchase a similarly priced wine that wasn't as good.",price range,positive
"We all ate pasta entre'es, which were great.",pasta entre'es,positive
From the moment we walked in they were more than accomodating even though the place was packed.,place,negative
"So much more than the usual bar food, go there to enjoy the menu while sampling one of their hand-crafted beers.",menu,positive
"The Italian food has flavor (that can be sort of surprising on the UES), and the service turns from a nightmare to attentive,they sort of remind me of the NY Yankees of the late 90's, no matter how bad it look, you knew that there was a rally just around the corner...",service,conflict
I think the stuff was better than Disney.,stuff,positive
"From the incredible food, to the warm atmosphere, to the friendly service, this downtown neighborhood spot doesn't miss a beat.",service,positive
"The service is a bit slow, but harkens back to my years growing up in Napoli, Italy where things are not rushed and when you sit down for dinner the table is yours all night.",table,positive
The main downside to the place is the nazi-like guy running it who constantly complains about the noise level.,noise level,negative
From the complimentary chef app of a delicate butternut squash ravioli in a delicious truffle sauce to an amazing buttery and tender langostine entree to a dessert that I can't remember because of the fabulous Cakebread Cabernet we were drinking -- the whole evening was amazing.,buttery and tender langostine entree,positive
"It's a place for people who pay a lot for mediocre food, noise and a chance to be with their fellow bridge and tunnel folks.",food,neutral
"I understand the area and folks you need not come here for the romantic, alluring ambiance or the five star service featuring a sommlier and a complicated maze of captain and back waiters - you come for the authentic foods, the tastes, the experiance.",captain,positive
"First the wrong bread came out with the appetizer, then when i tried to order a second glass of wine for my main course...",bread,negative
"my picks are:  - Scallion Pancake (fried with vegetable juice, very special and tasty)  - Guizhou Chicken  - Shredded Squid Family Style (one of my personal favorites)  - Sichuan Spicy Soft Shell Crab  - Shuizhu Fish (this one is for hardcore Sichuan food fans, I wouldn't recommend to my American friends as it's very spicy.",Guizhou Chicken,positive
"If you want a casual neighborhood bistro that has great food and excellent service, this is the place.",food,positive
Priced at upper intermediate range.,Priced,negative
I had the Pad Thai and the noodles were sticky.,Pad Thai,negative
"From the appetizers we ate, the dim sum and other variety of foods, it was impossible to criticize the food.",foods,positive
"When we sat, we got great and fast service.",service,positive
"My wife and I will usually only order one primi and one secondi and split them, as they tend to offer large portions.",secondi,positive
"While this isn't classical restaurant fare, the chef has given new life to an old cuisine with some really innovative and tasty dishes that are genuinely Indian without being heavy or same old restaurant burn-outs.",chef,positive
"Service here was great, food was fantastic.",Service,positive
"Overall I was impressed and will return, it's a great QPR (Quality to Price Ratio).",Price,positive
"Their bagels are fine, but they are a little overcooked, and not really a 'special' bagel experience.",bagels,conflict
Spreads and toppings are great - though a bit pricey.,toppings,positive
"The service was impeccable and unobtrusive -- the staff knows what they are there to do -- to know their menu, present your meal, and attend to your needs.",meal,neutral
Service is not what one would expect from a joint in this price category.,Service,negative
"The food was very good, a great deal, and the place its self was great.",food,positive
"The red curry is weak and tasteless, the pad thai is stuck together and lumpy, the rice is often overcooked, and the seafood is pretty sketchy.",rice,negative
"Spice is great Thai food, love the inexpensive appetizers.",Thai food,positive
"The wine is always good, the tapas are always yummy, especially with the warm pita bread.",pita bread,positive
The fish was not fresh and the rice tasted old and stale.,rice,negative
"The spicy tuna roll was unusually good and the rock shrimp tempura was awesome, great appetizer to share!",spicy tuna roll,positive
"We've only eaten in the restaurant once, but we have ordered many times for dinner.",dinner,neutral
"Unlike other places in NYC where the sandwiches you want only come as a triple-decker, here you can get what you want in a reasonably-sized portion (and price).",price,positive
"Because we didn't have a reservation, we could only sit in the back garden, but it was great, secluded and perfect in nice weather.",back garden,positive
We could have made a meal of the yummy dumplings from the dumpling menu.,meal,positive
"Went on a 3 day oyster binge, with Fish bringing up the closing, and I am so glad this was the place it O trip ended, because it was so great!",place,positive
"Great spot, whether looking for a couple of drinks or quiet dinner.",spot,positive
"Overall, the ingredients and technique are there and I am encouraged enough to return at lunch or dinner to see whether the boldness of the flavour palette improves.",technique,positive
Delicious food at a great price but do not go here on a cold day and sit by the front door.,price,positive
They charge $6.00 for rice.,rice,negative
"As there were so many to choose from we wandered up and down the street looking in the windows and such noticicing many empty seats ,except at Taj Mahal.",seats,negative
The spicy Tuna roll is huge and probably the best that I've had at this price range.,price range,positive
The appetizers are just OK and the main courses were decidedly subpar.,main courses,negative
"Nha Trang, while being notorious for utter lack of comfort and decor, horribly slow wait staff and horribly quick meals, is one of the best vietnamese restaurants i've ever been to. the pho is delicious and comes with very fresh vegtables.",wait staff,negative
My wife and I went to Orsay for Valentine's dinner.,dinner,neutral
"First the wrong bread came out with the appetizer, then when i tried to order a second glass of wine for my main course...",main course,neutral
"The ambience was nice, but service wasn't so great.",ambience,positive
"We were still sitting at the bar while we drank the sangria, but facing away from the bar when we turned back around, the $2 was gone the people next to us said the bartender took it.",sangria,neutral
"BUt their best dish is thh Thai spiced curry noodles with shrimp - a dish that would cost $23.95 is most places, but it is $16 here.",dish,positive
I loved everythig about it-especially the shows and actors.,actors,positive
The staff was knowledgeable and full of personality.,staff,positive
"You can also special order any kind of dumpling,etc.",dumpling,positive
"Each table has a pot of boiling water sunken into its surface, and you get platters of thin sliced meats, various vegetables, and rice and glass noodles.",glass noodles,neutral
"Apparently, the good cook works then.",cook,positive
The prices were fantastic.,prices,positive
The parathas and kebabs are made when ordered ensuring a level of freshness that is unsurpassed.,kebabs,positive
The people that work there are always so friendly you forget you are in New York sometimes.,people,positive
Definite go if you're used to good Indian restaurant food from abroad.,Indian restaurant food,positive
As we were sitting eating the subpar food the manager proceeded to berate a couple of his employees for putting out the wrong containers for condiments and explained to them how expensive these containers were.,containers,neutral
Pastrami or corned beef are juicy and piled high (ask for extra rye bread).,rye bread,positive
The food can get pricey but the prixe fixe tasting menu is the greatest food for a good price and they cater the food to any food allergies or food you don't like.,food,neutral
We went to eat at the Jekyll and Hyde restaurant on Friday night and really enjoyed the fun atmosphere and good food.,food,positive
"The staff is accomodating, the ambiance is exciting and yet relaxed, and the food is out of this world!",ambiance,positive
THe Pizza and wine were excellent-the service too--but what really MADE this place was the backyard dining area.,backyard dining area,positive
We've been to Grocery three times and not once has an item on the menu disappointed.,menu,positive
The lamb meat was under-cooked and EXTRMELY CHEWY.,lamb meat,negative
"The ambience was so fun, and the prices were great, on top of the fact that the food was really tasty.",prices,positive
"The service is a bit slow, but harkens back to my years growing up in Napoli, Italy where things are not rushed and when you sit down for dinner the table is yours all night.",service,negative
"Service was decent, but not as smooth as I would expect from a place with these prices and reputation.",prices,negative
i've been back to nha trang literally a hundred times for the beef cubes - they're that good.,beef cubes,positive
"I need at least three rolls to be full, and that's at least $14.00!",rolls,neutral
i don't usually order wine with indian so i can't comment on their wine list or their wines.,indian,neutral
In reality (to maximize potential diners) they were still taking phone reservations and reallocating tables of those waiting in the lobby.,lobby,neutral
"Good, dark atmosphere and the music is a nice touch.",atmosphere,positive
"Only drawback - they won't toast your bagel, and they don't make eggs for the bagel.",bagel,negative
And their prices are very high - they actually think that they can get away with charging such prices for such terrible food and service!,service,negative
"We shared a bottle of sake, an order of edamames, and she had the sushi plate while I had the sashimi.",bottle of sake,neutral
"If you live in Upper Manhattan, Siam Square is THE place for Thia food.",Thia food,positive
"Three courses - choices include excellent mussels, puff pastry goat cheese and salad with a delicious dressing, and a hanger steak au poivre that is out of this world.",courses,neutral
It is obvious that no one in the restaurant has any idea about or experience with Japanese cuisine.,Japanese cuisine,negative
I really liked the noodle dishes at Rice Avenue compared to their Green Curry dish.,Green Curry dish,negative
A restaurant that doesn't try to do anything except serve great food with great service in a pleasant atmosphere.,food,positive
The prices and ambience are especially great considering it's in the West Village.,ambience,positive
THe Pizza and wine were excellent-the service too--but what really MADE this place was the backyard dining area.,Pizza,positive
and you can't beat the prices.,prices,positive
The price was extremely reasonable for the appetizers and food we ate.,price,positive
The ambience is authentic and relaxing and we have always received attentive and prompt service.,service,positive
"That is a problem since we paid about 20 bucks a dish, and had to order 5 dishes to get a decent taste.",dish,negative
It is also extremely well priced.,priced,positive
"The food is very good for it's price, better than most fried dumplings I've had.",price,positive
After passing by this restaurant for sometime I finally decided to go in and have dinner.,dinner,neutral
The photos of the restaurant in its web site are way better than the real look.,look,negative
I recommend the meatballs and caprese salad and the beans on toast were a wonderful start to the meal!,beans on toast,positive
Quick and friendly service.,service,positive
"The food is good, especially their more basic dishes, and the drinks are delicious.",food,positive
"The best Chicken pad tai, I've ever had.",Chicken pad tai,positive
"Two people in our party felt like something else, and Volare immediately obliged with two great dishes that were not in their regular menu.",menu,neutral
"Nice atmosphere, the service was very pleasant and the desert was good.",atmosphere,positive
The food was delicious and the waiter was incredibly helpful and attentive (considering we were the only ones there for the first hour).,food,positive
"I LOVE their spicy scallop roll, and my boyfriend consistently gets the sesame chicken.",scallop roll,positive
I LOVED THE SHOWS.,SHOWS,positive
"In addition, the food is very good and the prices are reasonable.",food,positive
"($200 for 2 glasses of champagne, not too expensive bottle of wine and 2 after dinner drinks).",after dinner drinks,negative
"at taj, vegetarians can rejoice-all the dishes are manna from heaven.",dishes,positive
"Kind, attentive wait staff.",wait staff,positive
A++   The service was good to excellent along with the attitude.,attitude,positive
"my picks are:  - Scallion Pancake (fried with vegetable juice, very special and tasty)  - Guizhou Chicken  - Shredded Squid Family Style (one of my personal favorites)  - Sichuan Spicy Soft Shell Crab  - Shuizhu Fish (this one is for hardcore Sichuan food fans, I wouldn't recommend to my American friends as it's very spicy.",Sichuan Spicy Soft Shell Crab,positive
The zucchini and mashed potatoes are a blend of garlic and butter which simply melts in your mouth.,zucchini,positive
The 'kamasutra' and 'bombay cosmopolitan' are excellent and will have you tipsy in no time.,bombay cosmopolitan,positive
"The sushi has been from average to below average, the wait service has always been sub-par the atmosphere goes from nice to really irritating (if you sit in the area beyond the kitchen, the acousitcs are horrid, everything echoes is extremely loud).",sushi,negative
"If you are someone who appreciates the same things but hope to have food to spare or share, Kai may not be the best option.",food,neutral
"We've been following chef Lyle's food around New York for 15 years and while remaining classic, his innovations with bistro fare have made us return and return.",chef,positive
The banana tower is an amazing dessert as well.,dessert,positive
"Other than being a little crowded and a bit overpriced, the atmosphere is filled with energy (and the beautiful people of course) and the food was surprising good!",atmosphere,positive
We had a wonderful meal at Naples 45 a month ago on a visit to NYC.,meal,positive
This isn't your corner Chinese food takeout.,Chinese food,neutral
Spreads and toppings are great - though a bit pricey.,Spreads,positive
They charge different prices all the time.,prices,negative
then we ordered a dinosaur rolls and white tuna sashimi.,white tuna sashimi,neutral
"Some of the workers ignore me and talk to the female customers, other times, they've skipped my order.",workers,negative
"The service is excellent, the decor is great, and the food is delicious and comes in large portions.",service,positive
"The man that was hosting promised to save a table for our party of 7, then sat a party of 2 at the very table he was saving (mean while there were boths open all around).",table,negative
"While certain staples are excellent (the burger, some of the pastas), the food is not really the point.",pastas,positive
"I had the tuna tartare with sake, mushroom ravioli with pinot noir, and the chocolate sampler with a dessert wine for $49.",pinot noir,positive
"Great friendly service, Fast seating, Fast Delivery, Excellent sushi.",Delivery,positive
"However, I was there for a work dinner not long ago when my colleague from London noticed a very large waterbug on the ceiling.",dinner,neutral
"The waitress remembers me and is very friendly, she knows what my regular is and that's the fried mini buns with the condensed milk and the assorted fruits on beancurd.",waitress,positive
"The sushi has been from average to below average, the wait service has always been sub-par the atmosphere goes from nice to really irritating (if you sit in the area beyond the kitchen, the acousitcs are horrid, everything echoes is extremely loud).",area,negative
Seating is ok even though sometimes there's alot of people.,Seating,neutral
"they did give a 15% discount at the end, wasn't enough, as they knew the service was horrible.",discount,negative
"Only drawback - they won't toast your bagel, and they don't make eggs for the bagel.",bagel,negative
"Our waiter was fine, the place looks nice in that not-trying-too-hard way, but at those prices, a little more should be expected of your food.",food,negative
This is one great place to eat pizza more out but not a good place for take-out pizza.,pizza,positive
"Solid wine list, knowledgeable staff, friendly owners and an adventurous, ever-changing menu keep us coming back.",owners,positive
Food was OK - fish was cooked well.,fish,positive
The food is a diamond in rough -- the food is delicious and homemade with the perfect balance of herbs and tomatoes.,tomatoes,positive
"The food inludes famous scrumptious bombay style chaat such as bhelpuri, sevpuri and samosa chaats, as well as other great indian appetizers.",sevpuri,positive
The service was attentive.,service,positive
This was my frist time at Cafe St. Bart's and I must say how delicous the food and the service was.,food,positive
I ordered a Lassi and asked 4 times for it but never got it.,Lassi,neutral
"The waitstaff are all very busy, it's not outstanding service, but I've never been dealt with rudely.",waitstaff,negative
"After the main course came, we didn't see our waiter for at least 40 MINUTES!",waiter,negative
"We asked to be moved (which took half an hour), and then were seated in a high traffic area in the back, even though the rest of the room was practically empty.",room,neutral
"Three page wine menu, one page entree and horedevous.",entree,positive
"if this happens, just ask for real naan.",naan,neutral
"We laughed when he finally offered us a dessert menu and we left a 10 percent tip, which was generous, I feel.",dessert menu,neutral
They also have a back garden open in the summer - cute and French with outdoor seating - what more could you ask for?,back garden,positive
The prices were CHEAP compared to the quality of service and food.,food,positive
"For some reason, all the seafood on the menu was unavailable except for the Salmon.",Salmon,neutral
I've overheard comments from him to his employees that should not have been delivered in the dining area and I've been sitting there while he lectured another customer.,dining area,neutral
"The quantity is also very good, you will come out satisfied.",quantity,positive
"The food was very good, but not very thai.",food,conflict
We were fans of the half-price Saturday night option until some inedible squid during a recent visit.,half-price Saturday night option,positive
It was not above ordinary and the beef version had cheap (undercooked) beef.,beef,negative
I will recommend Scopa to all of my friends for a place to go for wonderful Italian food.,Italian food,positive
All of my co-workers stated that the food was amazing and wondered why they hadn't heard about this place.,food,positive
"Fluke sashimi drizzled with jalapeno-lime olive oil, the fruit of the oil nicely highlighting the fish's sweetness.",fish,positive
The food is authentic Italian - delicious!,food,positive
"It is nearly impossible to get a table, so if you ever have the chance to go here for dinner, DO NOT pass it up.",table,negative
I ate here a week ago and found most dishes average at best and too expensive.,dishes,negative
"We shared a bottle of sake, an order of edamames, and she had the sushi plate while I had the sashimi.",edamames,neutral
The place is a BISTRO which means: simple dishes and wine served efficiently in a bustling atmosphere.,atmosphere,positive
The service is fantastic.,service,positive
The waitresses are nice--also you can just get counter service sit.,waitresses,positive
"Service is extraordinary, yet not overbearing, and the decor brings a taste of trendy SoHo into Queens.",Service,positive
"When asked about how a certain dish was prepared in comparison to a similar at other thai restaurants, he replied this is not Mcdonald's, every place makes things differently While it is understandable that every place is indeed different, there was not a need to be uncourteous to customers and downright rude.",dish,neutral
"Save your money and don't waste your calories, go to Margharita's on Washington Street instead, they have amazing food and the BEST service.",food,positive
The wine and cheese plate are plentiful and can't wait to try the fondue or table grilling.,cheese,positive
"Fresh, authentic, french cuisine in substantial portions.",french cuisine,positive
After dealing with subpar pizza all over the Kensington neighborhood - I've found little toninos.,pizza,negative
(and I have eaten my share) Which impresses me for having such a large amount of people to serve.,serve,positive
"Considering their price of $6.25 for lunch special, the dish was ridiculously small.",price,negative
"Very romantic fires - I've literally spent hours at Lanterna, drinking wine from their extensive wine and enjoying the ambience.",wine,positive
Awsome Pizza especially the Margheritta slice.,Margheritta,positive
I'd call it an 'italian dinner'.,dinner,neutral
"Good, because hey, it's more food, but bad because dim sum is supposed to be smaller portions so you can try out more dishes and smaller so that each dish is cheap.",food,positive
"The Pad thai, lad nar and various other dishes all look good on paper but, I've had better thai food in less asthetically pleasing places.",lad nar,conflict
"The chicken pot pie is excpetiona, the cheeseburger huge and delictable, and the service professional wan warm.",The chicken pot pie,positive
I've lived in NYC all my life and had never before seen so many waterbugs in one place (except in a really bad dream).,waterbugs,negative
They've the best desserts and mixed drinks as well as snack foods.,desserts,positive
The waitress suggested glasses of wine that went very well with the food.,waitress,positive
"From the spectacular caviar to the hospitable waitstaff, I felt like royalty and enjoyed every second of it.",waitstaff,positive
I always get the Shabu-Shabu dinner and the beef is always fresh.,Shabu-Shabu dinner,neutral
"The last two times I ordered from here my food was soo spicy that  I could barely eat it, and the spice took away from the flavor of the dish.",food,negative
brick oven gallery is My pick for best pizza restaurant anywhere.,pizza,positive
"Try the congee and the donut like deep fried dough they call Ow Ley Soh, a delicious and sweet tasting bread.",donut like deep fried dough they call Ow Ley Soh,positive
skip dessert.,dessert,negative
"The service was bad, the food took to forever to come, we sat on the upper level.",service,negative
"The service was terrible, we had to wait for everything and ask several of different people for the same thing before we were allowed to be served.",served,negative
"Not a typical pizza joint, but good for a low key and fairly cheap nice sit down dinner.",dinner,positive
The food is amazing!!!!,food,positive
One should not go to Lucky Strike for the food.,food,negative
"We were still sitting at the bar while we drank the sangria, but facing away from the bar when we turned back around, the $2 was gone the people next to us said the bartender took it.",bar,neutral
I ordered the crab cocktail and it was soaked in a lime juice concoction where all you could taste was the lime.,lime,neutral
"Its a nice quiet location to go eat a good meal, relax, be able to talk and have a very good time.",location,positive
I love and I know gourmet food by excellence!,gourmet food,positive
"If you don't mind pre-sliced low quality fish, unfriendly staff and a sushi chef that looks like he is miserable then this is your place.",fish,negative
"Although the tables may be closely situated, the candle-light, food-quality and service overcompensate.",candle-light,positive
Why make a reservation if you aren't going to keep it?,reservation,negative
"Good atmosphere, combination of all the hottest music dress code is relatively strict except on Fridays.",music,positive
"The place is small and intimate and you may feel a little crowded, but the service is excellent and it's great for friends out, a romantic date, or a special occassion.",service,positive
We didn't get drink refills and she didn't even offer us the option of dessert.,drink refills,negative
"It saves walking in and waiting for a table in the often noisy, crowded bar at dinnertime.",bar,negative
I have never been disappointed but their true strength lays in their amazingly delicious and cheap lunch specials.,lunch specials,positive
It's easy to get a table for a large group and you don't get hustled out.,table,positive
"The food is definitely good, but I left a bit disappointed.",food,positive
"The cafe itself was really nice with comfortable outdoor chairs and tables, but the service could have been better.",cafe,positive
"The waiters are sweet, the food is tasty and the bill is never too large.",waiters,positive
"Their sushi, Kamikaze and other Rolls are fresh and well presented.",Rolls,positive
"The only positive was the wait staff, which was prompt, knowledgable, and likeable.",wait staff,positive
The food is great and reasonably priced.,food,positive
Service- friendly and attentive.,Service,positive
I also recommend the rice dishes or the different varieties of congee (rice porridge).,congee (rice porridge),positive
I would definitely recommend SEA if you like thai cuisine!,thai cuisine,positive
bottles of wine are cheap and good.,bottles of wine,positive
We were disappointed with the pre-fixe menu of only 2 choices per course (other restaurants offer 3 choices) and ended up ordering a la carte.,ordering a la carte,negative
Pair you food with the excellent beers on tap or their well priced wine list.,beers on tap,positive
"Aside from the Sea Urchin, the chef recommended an assortment of fish including Fatty Yellow Tail, Boton Shrimp, Blue Fin Torro (Fatty Tuna), Sea Eel, etc.",Blue Fin Torro (Fatty Tuna),neutral
The sushi seemed pretty fresh and was adequately proportioned.,sushi,positive
"The portion sizes here are huge, and the sushi is good.",portion sizes,positive
Several of the dim sum orders had about 6-8 pieces.,dim sum orders,neutral
The counter service is bad.,counter service,negative
"Each table has a pot of boiling water sunken into its surface, and you get platters of thin sliced meats, various vegetables, and rice and glass noodles.",rice,neutral
"($200 for 2 glasses of champagne, not too expensive bottle of wine and 2 after dinner drinks).",glasses of champagne,negative
The only thing I moderately enjoyed was their Grilled Chicken special with Edamame Puree.,Grilled Chicken special with Edamame Puree,neutral
I would recommend putting your name down and then getting a drink at a local bar first though because of the wait time.,drink,neutral
From the moment you enter till the moment you walk out the friendly and helpful staff was was just Fantastic.,staff,positive
The food was absolutely amazing!!,food,positive
The lunch special is an asbolute steal.,lunch special,positive
"I have been here a few times for dinner, once for brunch and twice for lunch.",dinner,neutral
Went there and had a combination of different seafood dishes and appetizers.,seafood dishes,neutral
"(food was delivered by a busboy, not waiter) We got no cheese offered for the pasta, our water and wine glasses remained EMPTY our entire meal, when we would have easily spent another $20 on wine.",water and wine glasses,negative
Our food was great too!,food,positive
"Where tanks in other Chinatown restaurants display a lurking myriad of sad-looking marine life in their murky waters, the tanks at Ping's are clear as glass with healthy-looking creatures who do not yet know that they will be part of some dim sum lover's brunch.",brunch,neutral
"The food is good, but very expensive for the casualness of it.",food,conflict
With the theater 2 blocks away we had a delicious meal in a beautiful room.,room,positive
"my wife and i have been going to nyc for years and wouldn't miss roxy,s food is expensive but it's new york!",food,conflict
"I recommend the jelly fish, drunken chicken and the soupy dumplings, certainly the stir fry blue crab.",drunken chicken,positive
"We couldn't carry our conversation as we were routinely interrupted by waitress and servants asking us to order and hinting that we're taking too much time -- amazing, we just sat down.",servants,negative
"We are very particular about sushi and were both please with every choice which included: ceviche mix (special), crab dumplings, assorted sashimi, sushi and rolls, two types of sake, and the banana tempura.",ceviche mix (special),positive
"The calamari comes with an incredible sauce, and the duck noodles are yummy as well.",sauce,positive
"The first time I went, and was completely taken by the live jazz band and atmosphere, I ordered the Lobster Cobb Salad.",live jazz band,positive
"First of all, this place is *not* romantic, as claimed by Citysearch's editorial review.",place,negative
If you like spicy food get the chicken vindaloo.,chicken vindaloo,neutral
They pray to their Food Gods to make them into a good pizza like VT's.,pizza,negative
"Excellent dumplings served amid clean, chic decor.",decor,positive
Horrible food and Horrible service.,food,negative
"Food was very good, but not what I would consider out of this world.",Food,positive
They have a very diverse menu so its something for everybody.,menu,positive
"The food is wonderful, tasty and filling, and the service is professional and friendly.",service,positive
"Great food, good size menu, great service and an unpretensious setting.",food,positive
The bagels are also reasonably priced for NYC.,bagels,positive
"Late nite omelletes are not good here, there is no variety!",omelletes,negative
Add to that great service and great food at a reasonable price and you have yourself the beginning of a great evening.,price,positive
"So if you want a nice, enjoyable meal at Montparnasse, go early for the pre-theater prix-fixe.",pre-theater prix-fixe,positive
We could only get through an appetizer and cheese fondue.,appetizer,neutral
"Even upon delivery, their juicy pork buns are quite good . .",pork buns,positive
Kosher dills are the perfect compliment for your unforgetable sandwich and they give you plenty of them.,sandwich,positive
They've the best desserts and mixed drinks as well as snack foods.,snack foods,positive
When we were finally seated our waitress came by twice-1 for our order and 2-for our check.,waitress,negative
"The food was just awful, ATROCIOUS actually.",food,negative
Their Margarita is best I've had since I've returned from Naples!,Margarita,positive
The service was fast and friendly and the food was very tasty and they had the best hot sauce to add to your meals.,food,positive
Dahkin also offers prix fixe lunch and buffet.,prix fixe lunch,positive
They had scrapped the bottom of the vessel in which they make the rice -RESULT - WE HAD LARGE CHUNKS OF BURNT RICE IN OUR SERVING BOWL.,RICE,negative
The service was excellent and the food was delicious.,food,positive
"Moules were excellent, lobster ravioli was VERY salty!",lobster ravioli,negative
"Quality ingredients preparation all around, and a very fair price for NYC.",price,positive
"It's not mind-blowing, but to me, thai food never is and never will be.",thai food,neutral
The one vegetarian entree (Abby's treasure) was actually quite a surprise - it was delicious and had wintermelon covering an assortment of fresh mushrooms and vegetables.,vegetarian entree,positive
"Also, the hostess called me today to thank us for coming and mentioned how she hoped that my girlfriend enjoyed her birthday - unexpected, but a truly above and beyond thing to do...",hostess,positive
"I had the tuna tartare with sake, mushroom ravioli with pinot noir, and the chocolate sampler with a dessert wine for $49.",mushroom ravioli,positive
"I had a terrific meal, and our server guided us toward a very nice wine in our price range, instead of allowing us to purchase a similarly priced wine that wasn't as good.",wine,positive
"Overall I was impressed and will return, it's a great QPR (Quality to Price Ratio).",Quality,positive
it's the only place you can get yummy authentic japanese comfort food.,japanese comfort food,positive
"I went at 6:00 PM specifically for the pre-theater menu ($19.95 for roasted tomato soup with chevre, steak frites, creme brulee) and it was marvelous.",creme brulee,positive
"To begin, we were told there was a 30 minute wait and started to leave, when the hostess offered to call us on our cell phone when the table was ready.",hostess,positive
"Complimentary stuff kept coming, and when the waiter saw me opening a gift, I received my dessert on a plate that had Happy Birthday written on it, with a candlevery nice touch, and attentive staff.",dessert,positive
"The tables are crammed way too close, the menu is typical of any Italian restaurant, and the wine list is simply overpriced.",wine list,negative
"Our waiter was fine, the place looks nice in that not-trying-too-hard way, but at those prices, a little more should be expected of your food.",waiter,positive
The service is a little scatty at times but all is forgiven when the food arrives.,service,negative
The best thing I tasted were the lambchops.,lambchops,positive
We were also seated promptly at the time of our reservation and the service was very quick and professional.,service,positive
"Decent Thai food in cute - though a bit dank - little Nolita hangout, BUT service terrible.",service,negative
"The Pad thai, lad nar and various other dishes all look good on paper but, I've had better thai food in less asthetically pleasing places.",places,negative
"They did not have mayonnaise, forgot our toast, left out ingredients (ie cheese in an omelet), below hot temperatures and the bacon was so over cooked it crumbled on the plate when you touched it.",plate,neutral
Good food.,food,positive
"First the wrong bread came out with the appetizer, then when i tried to order a second glass of wine for my main course...",appetizer,neutral
"uni from maine vs california, sea vs freshwater eel) to get a good taste comparison.",eel,neutral
"The eggplant parmesan is also great, and my friend who grew up in Manhattan claims that no one serves a better baked ziti with meatsauce.",serves,positive
I am relatively new to the area and tried Pick a bgel on 2nd and was disappointed with the service and I thought the food was overated and on the pricey side.,service,negative
"The bread is the soft paratha bread (unlike the plain bread they use in Calcutta), and the stuffing is tandoori styled and very flavorful.",tandoori,positive
The music is the best among all the Indian restaurants I have visited.,music,positive
"Service was decent, but not as smooth as I would expect from a place with these prices and reputation.",reputation,positive
The Waitstaff were very nice and suggested swordfish for my husband he enjoyed his meal.,meal,positive
The best burger I have had in the Village.,burger,positive
I ordered the smoked salmon and roe appetizer and it was off flavor.,smoked salmon and roe appetizer,negative
"My entree of hot pot with seafood was full of imitation crabmeat with a couple pieces of shrimp and squid, and was unnecessarily heated with a burner.",squid,negative
"The flavors are great, and the menu is extensive.",flavors,positive
"I can't wait for summer, when they serve outside on their gigantic patio.",patio,positive
Deliveries often take up to an hour and the prices are higher than most other pizzerias in the area.,prices,negative
Been going here since it opened have seen the quality value decrease considerably.,quality value,negative
DO not try unless you're just going there to hang out like the rest of the hipsters who apparently have no sense of taste.,taste,negative
"It's really also the service, is good and the waiters are friendly.",waiters,positive
We were seated outside and the waiter spilled red wine and hot tea on myself and my date.,red wine,neutral
I would recommend putting your name down and then getting a drink at a local bar first though because of the wait time.,bar,neutral
"Everything looks great, the drinks, the decor, the food, even the people.",drinks,positive
"The atmosphere isn't the greatest , but I suppose that's how they keep the prices down .",atmosphere,neutral
"my picks are:  - Scallion Pancake (fried with vegetable juice, very special and tasty)  - Guizhou Chicken  - Shredded Squid Family Style (one of my personal favorites)  - Sichuan Spicy Soft Shell Crab  - Shuizhu Fish (this one is for hardcore Sichuan food fans, I wouldn't recommend to my American friends as it's very spicy.",Shuizhu Fish,positive
The food has been consistant for years and it never lets you down.,food,positive
This place is always very crowded and popular.,place,positive
"Forget the rush and the wait and the noise (which isn't actually that bad), I mean please, who goes to a steakhouse to be coddled and romantic?",wait,conflict
"Get your food to go, find a bench, and kick back with a plate of dumplings.",food,neutral
I started out with a Bombay beer which was big enough for two.,Bombay beer,positive
The grilled cheese at home afterwards was better.!!,grilled cheese,positive
"Oh yes, and they lie on the phone, claiming they have seating in the garden, then of course the seats are not available.",seating in the garden,neutral
Not enough wines by the glass either.,wines by the glass,negative
"The pesto pizza was excellent, thin-crust pizza with a nice amount of spicy Italian cheese that I'd never heard of before.",Italian cheese,positive
This food is asian-air fusion.,food,neutral
All my co-workers were amazed at how small the dish was.,dish,negative
"It's super-trendy and there's always someone to take that empty seat, so it seems that customer service has been deemed not of the essence.",seat,neutral
The rest of the menu is limited by everything is good eats.,menu,conflict
"The food's dazzling flavors overwhelm the palate, truly embracing the beauty of authentic Thai cuisine.",Thai cuisine,positive
Other apetizers and food,food,neutral
"The service was terrible, we had to wait for everything and ask several of different people for the same thing before we were allowed to be served.",service,negative
Try the spicy wontons and the salt pepper shrimps.,salt pepper shrimps,positive
Have frequented 'ino for several years and the food remains excellent.,food,positive
"Great food, good size menu, great service and an unpretensious setting.",menu,positive
Service was also very good.,Service,positive
The food can get pricey but the prixe fixe tasting menu is the greatest food for a good price and they cater the food to any food allergies or food you don't like.,food,positive
"Haru serves very fresh fish, has a trendy, modern ambiance, prime location on Park Avenue South and friendly service.",location,positive
"Cute place, nice wait staff but would never go there again.",wait staff,positive
"The food was not very tasty, the portioins were tiny even for such a high quality restaurant.",portioins,negative
they bring service up a notch by offerng complementary amuse bouche to all tables and gave us a small dessert for our celebration.,dessert,positive
Our server checked on us maybe twice during the entire meal.,server,negative
The food is okay and the prices here are mediocre.,prices,neutral
"Stick to dimsum, not super overpriced noodles.",dimsum,positive
She gets 10 for her excellent service and advice.,service,positive
"Planet Thailand has always been a hit with me , I go there usually for the sushi, which is great , the thai food is excellent too .",thai food,positive
"The prices cannot be beat for the quality, quantity, freshness and taste.",quantity,positive
"I am not a vegetarian but, almost all the dishes were great.",dishes,positive
"We are very particular about sushi and were both please with every choice which included: ceviche mix (special), crab dumplings, assorted sashimi, sushi and rolls, two types of sake, and the banana tempura.",rolls,positive
"I work near-by, and they have the BEST oatmeal in the neighborhood- not a packaged or quick-cooked item.",oatmeal,positive
"If you love wine and cheese and delicious french fare, you'll love Artisanal!",cheese,positive
"Not only is the cuisine the best around, the service has always been attentive and charming.",service,positive
"THe back garden sitting area is very pleasant, where you can see their personal herb garden.",personal herb garden,positive
"The food is very good too but for the most part, it's just regular food, nothing special.",food,neutral
A bit breezy up there on the mezzanine from the wind coming from the tracks.,mezzanine,negative
"Try the hot dogs too, they're snappy and delicious.",hot dogs,positive
"The wait staff is very friendly, if not overly efficient.",wait staff,positive
"I had the cod with paella (spicy and very filling, I'm a big eater and could only eat half) while my boyfriend had the classic fish and chips (again, a big serving - at least 5 pieces of fish and a basketful of fries).",serving,negative
"I must warn the reader that the portions sizes are very small (especially the appetizers), so if you plan to eat until you are full and do not intend to order the chef's special tasting menu, prepare to order and pay for an appetizer (1 dish for each person because the portions are not for sharing), a main entree, and the cold udon at the end of the meal.",main entree,neutral
"The wait here is long for dim sum, but if you don't like sharing tables or if the typical raucous dim sum atmosphere is not your gig, this is a sleek (for Chinatown) alternative.",wait,negative
"I had the cod with paella (spicy and very filling, I'm a big eater and could only eat half) while my boyfriend had the classic fish and chips (again, a big serving - at least 5 pieces of fish and a basketful of fries).",fish,neutral
"You will pay a lot for the decore, but the food is no better or worse than a lot of other Chinese and Asian fusion places in NY.",food,neutral
"This is the only Thai place I go too in NYC, it's wonderful, and live relaxed Jazz on certain nights.",Jazz,positive
Once they ran out of Gnochi and made it for me from scratch!,Gnochi,neutral
"Furthermore, the rice had no seasoning, so the sushi was bland and disgusting.",rice,negative
Delivery service is great too.,Delivery service,positive
"The food is spectacular, from the appitizers to the main course, and then of course the desserts, (WOW) you'll need no more.",appitizers,positive
"but when we looked at the menu, there weren't a lot of choices, most of them were dumplings in the appetizer section.",menu,negative
Succulent steaks cooked precisely to your desired 'doneness' accompanied by salads and sides that don't look like leafy road kill.,steaks,positive
We visited Bread Bar during January restaurant week and were so pleased with the menu selections and service.,service,positive
"The ambiance is minimal the food is not phenomenal, but some dishes are quite good, such as the eggplant parmesan, veal in carozza chicken saltimbocca.",eggplant parmesan,positive
"Yet paired with such rude service, would never recommend for anyone interested in carrying any kind of conversation while there.",service,negative
"I recommend the garlic shrimp, okra (bindi), and anything with lamb.",garlic shrimp,positive
"Their sushi, Kamikaze and other Rolls are fresh and well presented.",sushi,positive
"The staff isn't the friendliest or most competent, and I am stickler for service, but everything else about this place makes up for it.",staff,negative
Service was good and food is wonderful.,Service,positive
This little place definitely exceeded my expectations and you sure get a lot of food for your money.,place,conflict
The sushi is average and the prices are anything but.,prices,neutral
The entertainment was great they have shows that go on through out the dinner.,dinner,neutral
"Pizza - the only pizza in NYC that should not have additional toppings - the crust tastes like the best, freshly baked bread!",crust,positive
"The wait staff is friendly, and the food has gotten better and better!",wait staff,positive
"No refills on fountain drinks, though.",fountain drinks,negative
"Other guests enjoyed pizza, santa fe chopped salad and fish and chips.",santa fe chopped salad,positive
Decent wine at reasonable prices.,prices,positive
There is usually a wait but it is well worth it.,wait,conflict
"Not only is the cuisine the best around, the service has always been attentive and charming.",cuisine,positive
"This place doesn't compare with Mamoun's in terms of price, freshness, value, and consisent quality, but that's just my opinion.",freshness,negative
"All the appetizers and salads were fabulous, the steak was mouth watering and the pasta was delicious!!!",salads,positive
I have lived in Japan for 7 years and the taste of the food and the feel of the restaurant is like being back in Japan.,feel,positive
"being a fan of spicy ethnic foods, indian included, i made friends with this place long ago.",spicy ethnic foods,positive
Here's to the fake fish tanks too...,fish tanks,negative
The zucchini and mashed potatoes are a blend of garlic and butter which simply melts in your mouth.,garlic,positive
"($200 for 2 glasses of champagne, not too expensive bottle of wine and 2 after dinner drinks).",bottle of wine,negative
"Also, specify if you like your food spicy- its rather bland if you don't.",food,neutral
VT is what baby pizzas hope to be when they grow up.,baby pizzas,neutral
"The service was mediocre, and the lack of air conditioning made for a less than comfortable meal.",meal,negative
"Great food, great lay out and awesome service.",lay out,positive
"Service is friendly, prices are good - delivery time was a little slow, but for the way this pizza tastes, I'm willing to overlook it.",prices,positive
"We are very particular about sushi and were both please with every choice which included: ceviche mix (special), crab dumplings, assorted sashimi, sushi and rolls, two types of sake, and the banana tempura.",crab dumplings,positive
The bruschetta and panini's are so yummy!,panini,positive
Food and service was okay.,service,neutral
Price and quality of fish alone will keep us from making a return visit.,quality,negative
"Each table has a pot of boiling water sunken into its surface, and you get platters of thin sliced meats, various vegetables, and rice and glass noodles.",pot of boiling water,neutral
I cannot imagine a friendlier staff working in a restaurant.,staff,positive
"The bruscetta is a bit soggy, but the salads were fresh, included a nice mix of greens (not iceberg) all dishes are served piping hot from the kitchen.",mix of greens,positive
"I would never wait for a table to eat, it just is not THAT great.",table,neutral
For the next hour and a half we stood in the crowded lobby area of this touristy restaurant listening to all types of explanations of why we were not being seated.,seated,negative
"We ordered the chicken casserole, but what we got were a few small pieces of chicken, all dark meat and on the bone.",chicken,negative
"Check it out, it won't hurt your stomach or your wallet.",wallet,positive
"Aside from the Sea Urchin, the chef recommended an assortment of fish including Fatty Yellow Tail, Boton Shrimp, Blue Fin Torro (Fatty Tuna), Sea Eel, etc.",Boton Shrimp,neutral
"With so many good restaurants on the UWS, I don't need overpriced food, absurdly arrogant wait-staff who don't recognize they work at a glorified diner, clumsy service, and management that doesn't care.",management,negative
"Had we been stalling I could understand where they were coming from, but we had been there less than an hour and they hadn't even brought us a check yet!",check,negative
I am happy i did the food was awsome.,food,positive
"We love the food, drinks, and atmosphere!",drinks,positive
"I took my girlfriend there for her birthday last night and we had a relaxing, really good meal.",meal,positive
"Over the years, it has always provided a pleasurable dining experience with quality food and wine.",wine,positive
The sushi is also great!,sushi,positive
"From the appetizers we ate, the dim sum and other variety of foods, it was impossible to criticize the food.",dim sum,positive
"A narrow corridor leads to a tiny space where there are three tiny white tiled counters, a great deal of mess (stacks of bottles, cans) and a small counter holding 12-14 entrees.",corridor,negative
"Solid wine list, knowledgeable staff, friendly owners and an adventurous, ever-changing menu keep us coming back.",staff,positive
The dim sum servings here are a bit larger than I'm used to.,dim sum servings,neutral
The fish was not fresh and the rice tasted old and stale.,fish,negative
"I also ordered the Change Mojito, which was out of this world.",Change Mojito,positive
"Interesting selection, good wines, service fine, fun decor.",wines,positive
"The service is friendly, if not the most prompt in the world, the food is great, and the prices, while not cheap, won't put your wallet out of commission.",food,positive
"They might be all business at the counter when you give your order, but their food says I love you.",food,positive
"believe us, we've been eating sushi for over 15 yrs.",sushi,neutral
"Great food, great decor, great service.",food,positive
"still stay away, the table next to us walked out after my table and aanother were serves eventhough they were there much longer...",serves,negative
"With the exception of our lemon salad that had so much pepper on it that our eyes started watering, the food here was decent, not great.",lemon salad,negative
The place is a BISTRO which means: simple dishes and wine served efficiently in a bustling atmosphere.,wine,positive
"Also, the sandwiches (nearing $7) didn't come with anything like chips or a side.",chips,neutral
"You rarely have to wait for a seat and the currys (masaman, green, red) are full of flavor and come super spicy if you ask for it.",seat,positive
The wine list is excellent.,wine list,positive
Their whitefish salad is excellent--all whitefish with a little mayo.,whitefish,positive
"Planet Thailand has always been a hit with me , I go there usually for the sushi, which is great , the thai food is excellent too .",sushi,positive
Service was very friendly.,Service,positive
The dish had like 6 pieces of beef in it.,beef,neutral
"Everything, from the soft bread, soggy salad, and 50 minute wait time, with an incredibly rude service to deliver below average food.",bread,negative
"We ordered the chicken casserole, but what we got were a few small pieces of chicken, all dark meat and on the bone.",chicken casserole,negative
"And Kruno, the beverage manager is the best bartender I have yet to come across.",beverage manager,positive
Prices are very good.,Prices,positive
"Yes, there might be a wait if you have no reservations.",reservations,neutral
The food is tasty and portion sizes are appropriate.,food,positive
"I had their eggs benedict for brunch, which were the worst in my entire life, I tried removing the hollondaise sauce completely that was how failed it was.",eggs benedict,negative
The menu choices are similar but the taste lacked more flavor than it looked.,menu choices,neutral
I went there for lunch and it was not as good as I expected from the reviews I read.,lunch,neutral
But that wasn't the icing on the cake: a tiramisu that resembled nothing I have ever had.,icing on the cake,negative
"Even though its good seafood, the prices are too high.",prices,negative
"While this isn't classical restaurant fare, the chef has given new life to an old cuisine with some really innovative and tasty dishes that are genuinely Indian without being heavy or same old restaurant burn-outs.",cuisine,neutral
Food doesn't appear to be cooked on premisis but there's a high turnover so its pretty fresh.,Food,conflict
Joya used to be a cool spot with decent food and a colorful - if not relaxed - atmosphere.,food,positive
"I recommend the jelly fish, drunken chicken and the soupy dumplings, certainly the stir fry blue crab.",stir fry blue crab,positive
"I must warn the reader that the portions sizes are very small (especially the appetizers), so if you plan to eat until you are full and do not intend to order the chef's special tasting menu, prepare to order and pay for an appetizer (1 dish for each person because the portions are not for sharing), a main entree, and the cold udon at the end of the meal.",chef,positive
"Bottom line: B+ for the food, F for the service.",service,negative
The plain pizza was soggy and the creative wild mushroom(third generation-Fornini) pizza we had was drenched with truffle oil in the middle( again making it soggy) and nothingon the rest.,truffle oil,neutral
"Waiters tend to forget drinks completely, food portions are so tiny, two people have trouble sharing one entree.",drinks,neutral
"(food was delivered by a busboy, not waiter) We got no cheese offered for the pasta, our water and wine glasses remained EMPTY our entire meal, when we would have easily spent another $20 on wine.",busboy,negative
"The waiters are sweet, the food is tasty and the bill is never too large.",bill,positive
A great choice at any cost and a great deal.,cost,positive
"Great bagels, spreads and a good place to hang out in.",bagels,positive
"From the entrees to the sides to the drinks, everything was creatively prepared yet still simple.",drinks,positive
"I had the black cod with yuzu sauce, which was wonderful.",black cod with yuzu sauce,positive
"From beginning appetizers, the scallops were incredible, to the delicious chocolate souffle with rasberry mint sorbet, we were delighted by the taste sensations.",beginning appetizers,positive
Service and food is what any one would expect when spending that type of money.,Service,neutral
"Super friendly and knowledgable staff, fabulous bistro fare and a wonderful jazz brunch with great live jazz (the chilaquiles were awesome!",live jazz,positive
I had the duck breast special on my last visit and it was incredible.,duck breast special,positive
great place to go for a drink too because they have 100 kinds of beer.,drink,neutral
"For some reason, all the seafood on the menu was unavailable except for the Salmon.",menu,negative
"not the food ,not the ambiance , not the service, I agree with the previous reviews you wait and wait , the wait staff are very rude and when you get in they are looking to get you right out .",food,neutral
This little place definitely exceeded my expectations and you sure get a lot of food for your money.,money,positive
"Average to good Thai food, but terrible delivery.",Thai food,positive
"We didn't even see a menu, as our waiter described both the specials and the main dishes.",specials,neutral
"Nha Trang, while being notorious for utter lack of comfort and decor, horribly slow wait staff and horribly quick meals, is one of the best vietnamese restaurants i've ever been to. the pho is delicious and comes with very fresh vegtables.",comfort,negative
and yes Dal Bukhara is so dam good and so are all the kababs.,kababs,positive
Prices too high for this cramped and unappealing resturant.,Prices,negative
"The $300 bill was a bit steep, but the experience was great.",bill,negative
"The bread is the soft paratha bread (unlike the plain bread they use in Calcutta), and the stuffing is tandoori styled and very flavorful.",bread,negative
The sushi was awful!,sushi,negative
Price no more than a Jersey deli but way better.,Price,positive
"Sake collection was excellent (Try Nanbu Bijin), but pricy.",Nanbu Bijin,positive
Monday nights are a bargain at the $28 prix fix - this includes a three course meal plus *three* glasses of wine paired with each course.,three course meal,positive
"The food was delicious (I had a halibut special, my husband had steak), and the service was top-notch.",halibut special,positive
The staff is very attentive and we can almost always get a table.,staff,positive
There are other people waiting!,waiting,negative
The steak was excellent and one of the best I have had (I tasted the butter intitally but in no way did it overwhelm the flavor of the meat).,steak,positive
"Nha Trang, while being notorious for utter lack of comfort and decor, horribly slow wait staff and horribly quick meals, is one of the best vietnamese restaurants i've ever been to. the pho is delicious and comes with very fresh vegtables.",pho,positive
"The food however, is what one might expect.",food,neutral
They've the best desserts and mixed drinks as well as snack foods.,mixed drinks,positive
The atmosphere is noisy and the waiters are literally walking around doing things as fast as they can.,atmosphere,negative
"Then, get ripped on free box wine.",box wine,positive
I would highly recommand requesting a table by the window.,table by the window,positive
My boyfriend had the New England Chowder it was good but I think the award should go to the Lobster Bisque.,Lobster Bisque,positive
I love Indian food and consider myself to be quite an expert on it.,Indian food,positive
"The staff is accomodating, the ambiance is exciting and yet relaxed, and the food is out of this world!",staff,positive
This is the pinnacle of Indian Fast Food (all fast foods in my opinion).,Indian Fast Food,positive
"Just don't take the seat between the bar and the back half of the restaurant, i saw a woman get nudged 40times sitting there.",bar,neutral
"Three page wine menu, one page entree and horedevous.",wine menu,positive
"The place is a little tight and on a cold day, the seating by the entranceway can be pretty drafty.",seating,negative
"You rarely have to wait for a seat and the currys (masaman, green, red) are full of flavor and come super spicy if you ask for it.","currys (masaman, green, red)",positive
Could be pricey without a prix fixe meal.,prix fixe meal,negative
There's something smooth about sipping sake upper east side style.,sake,positive
The design and atmosphere is just as good.,atmosphere,positive
"Warm, comfortable surroundings, nice appointments (witness the etched glass and brickwork separating the dining rooms).",surroundings,positive
"From the terrible service, to the bland food, not to mention the unaccommodating managers, the overall experience was horrible.",managers,negative
The restaurant is a bit noisy but that is something that can be overlooked once you sit down and enjoy a great meal,meal,positive
This is a wonderful place on all stand points especially value ofr money.,value ofr money,positive
Good bagels and good cream cheese.,cream cheese,positive
"My husband had the mesclun, salmon, and ice cream and he enjoyed all 3 courses.",courses,positive
the drinks are amazing and half off till 8pm.,drinks,positive
"The in-house lady DJ on Saturday nights has outrageously good taste in music, and moreover, takes requests.",music,positive
The hanger steak was like rubber and the tuna was flavorless not to mention it tasted like it had just been thawed.,tuna,negative
As we were sitting eating the subpar food the manager proceeded to berate a couple of his employees for putting out the wrong containers for condiments and explained to them how expensive these containers were.,containers for condiments,negative
Interesting other dishes for a change include chicken in curry sauce and salmon caserole.,dishes,positive
"Probably much busier for lunch, it's seldom crowded for dinner (too close to downtown).",lunch,neutral
"The chicken pot pie is excpetiona, the cheeseburger huge and delictable, and the service professional wan warm.",service,positive
It is kinda nosiy and the tables are close together but it's still a beautiful place to enjoy a nice dinner.,place,positive
I have lived in Japan for 7 years and the taste of the food and the feel of the restaurant is like being back in Japan.,taste,positive
He was terribly thirsty after the meal too.,meal,negative
"It is far more popular as a bar than as a restaurant, with only a few tables and the waiter being the bartender, but we greatly enjoyed the unobtrusive atmosphere.",tables,negative
Try their plain pizza with fresh garlic or eggplant.,garlic,positive
The corned beef was tender and melted in my mouth.,corned beef,positive
Highly recommend this as great value for excellent sushi and service.,service,positive
Incredible food at a very agreable price brings me back just about every other day to this authentic Thai restaurant.,price,positive
Service was good and food is wonderful.,food,positive
The quail was fantastic and unique and the pastas were full of flavor.,flavor,positive
"I've had the chicken with garlic sauce, chicken with black bean sauce, and hunan chicken.",hunan chicken,neutral
"We are very particular about sushi and were both please with every choice which included: ceviche mix (special), crab dumplings, assorted sashimi, sushi and rolls, two types of sake, and the banana tempura.",sushi,positive
Okay service.,service,neutral
"The menu was impressive with selections ranging from a burger, to steak, to escargot.",menu,positive
"We are very particular about sushi and were both please with every choice which included: ceviche mix (special), crab dumplings, assorted sashimi, sushi and rolls, two types of sake, and the banana tempura.",sake,positive
A Thai restaurant out of rice during dinner?,dinner,neutral
(Always ask the bartender for the SEASONAL beer!!!,bartender,neutral
"I have known about this secret for the last 13 years, Emilio(the Godfather) has continued to serve food and wine for the gods at mortal prices.",wine,positive
INCREDIBLY POOR SERVICE AN FOOD QUALITY AT EXORBITANT PRICES.,PRICES,negative
"The food was very good, a great deal, and the place its self was great.",place,positive
"My husband said the portions were very small, but if my main course was good to eat the portion would've been fine for me.",portion,positive
"If it's just a quick martini at the bar (which I recommend Jeffery's) or a mind blowing Roast Chicken, go to Village!",martini,neutral
"In such a crappy part of town to find a good value for lunch, this place is great.",value,positive
The pizza was delivered cold and the cheese wasn't even fully melted!,pizza,negative
"The food is yummy, especially their cooked-to-perfection mussels in spicy tomato sauce and their shoestring crispy fries.",fries,positive
"Aside from the rushed service, we were very impressed with the food and the drinks.",food,positive
"Super friendly and knowledgable staff, fabulous bistro fare and a wonderful jazz brunch with great live jazz (the chilaquiles were awesome!",chilaquiles,positive
We ordered some beef and noodle soup dishes from the Thai section of the menu but nothing we got was Thai.,beef,negative
"Great food, good size menu, great service and an unpretensious setting.",service,positive
I've been to Naples 45 for dinner twice.,dinner,neutral
The service was ok.,service,neutral
"The food is amazing, rich pastas and fresh doughy pizza.",food,positive
"All the appetizers and salads were fabulous, the steak was mouth watering and the pasta was delicious!!!",pasta,positive
"They did not have mayonnaise, forgot our toast, left out ingredients (ie cheese in an omelet), below hot temperatures and the bacon was so over cooked it crumbled on the plate when you touched it.",toast,negative
"My goodness, everything from the fish to the rice to the seaweed was absolutely amazing.",seaweed,positive
Tried the pad see ew on the recommendation of the last reviewer since it's one of my favorite dishes.,dishes,positive
"For all of you new to Indian food, try the Paneer Roll, it is a piece of heaven.",Indian food,positive
"Southern Indian cuisine is still there, too.",Southern Indian cuisine,neutral
"The place is larger than most and features adequate seating unlike most joints, and has a bar which deserves a mention.",seating,positive
"We love the food, drinks, and atmosphere!",atmosphere,positive
"If you want some roast duck, pork or chicken on rice with ginger, try them out!",chicken on rice with ginger,positive
I particularly love their yellowfun tuna and their mussel selection.,yellowfun tuna,positive
But the thing that my wife and I hated was it was so loud and it felt like 'bar' or 'pub'.,pub,negative
I recommend the meatballs and caprese salad and the beans on toast were a wonderful start to the meal!,caprese salad,positive
I liked the food at this quasi-thai restaurant.,quasi-thai,positive
"The decor is really blah, and not at all hip or happening.",decor,negative
"Its not curry in a slurry crap, and regular run of the mill food.",curry,neutral
We ordered a tuna melt - it came with out cheese which just made it a tuna sandwich.,tuna sandwich,negative
"Not only was the food outstanding, but the little 'perks' were great.",perks,positive
"I had their eggs benedict for brunch, which were the worst in my entire life, I tried removing the hollondaise sauce completely that was how failed it was.",brunch,neutral
"You get what you pay for and with that logic in mind, Spice is a great place to grab some cheap eats and drinks in a beautiful setting.",eats,positive
"This is the perfect spot for meeting friends, having lunch, dinner, pre-theatre or after-theatre drinks!",pre-theatre or after-theatre drinks,positive
"Great vibe, lots of people.",vibe,positive
"While the new restaurant still features much of the same classical furniture that made Tiffin so attractive, the menu has been overhauled.",classical furniture,positive
I've never had bad service and the fish is fresh and delicious.,fish,positive
"While we enjoyed the food, we were highly disappointed by the poor service (waiter was not quite competent and SLOW service) and lack of remorse.",food,positive
"The eggplant parmesan is also great, and my friend who grew up in Manhattan claims that no one serves a better baked ziti with meatsauce.",baked ziti with meatsauce,positive
"The food is wonderful, tasty and filling, and the service is professional and friendly.",food,positive
The prices are about $9 for an entree for dinner and even less for lunch.,dinner,neutral
"His drinks are very inventive, delicious and classy.",drinks,positive
A++   The service was good to excellent along with the attitude.,service,positive
"Plus, when our entrees were held up in the kitchen on a busy Saturday night, the owner sent over complimentary summer rolls to hold us over!",owner,positive
"What is even better, is that the prices are very affordable as well, and the food is really good.",food,positive
Warm and friendly in the winter and terrific outdoor seating in the warmer months.,outdoor seating,positive
But the main hit was the whole grilled fish.,whole grilled fish,positive
There is actually space to breathe and the decor sets the tone for an intimate dinner.,decor,positive
Our agreed favorite is the orrechiete with sausage and chicken (usually the waiters are kind enough to split the dish in half so you get to sample both meats).,waiters,positive
"We didn't even see a menu, as our waiter described both the specials and the main dishes.",main dishes,neutral
The service is awful.,service,negative
"Interesting selection, good wines, service fine, fun decor.",decor,positive
Delivery is fast too.,Delivery,positive
"Stay away from the two specialty rolls on the menu, though- too much avocado and rice will fill you up right quick.",rice,negative
"Dip the ingredients in with your chopsticks, swirl them around, and eat.",ingredients,neutral
"They forgot a sandwich, didn't include plastic forks, and didn't include pita with the hummus platter.",plastic forks,neutral
"An oasis of refinement:  Food, though somewhat uneven, often reaches the pinnacles of new American fine cuisine - chef's passion (and kitchen's precise execution) is most evident in the fish dishes and soups.",Food,conflict
"It may be a bit packed on weekends, but the vibe is good and it is the best French food you will find in the area.",French food,positive
"When he's not making authentic Neapolitan pizza in the open brick oven or lightly frying zucchini blossoms, he's visiting the regulars (a growing legion) and checking on newcomers.",zucchini blossoms,positive
"Bottom line: B+ for the food, F for the service.",food,positive
"The food came out wrong, the waiter was no where to be found and the wine showed up at the end of the meal.",meal,neutral
Don't waste money on decor.,decor,neutral
The food itself was just ok - nothing spectacular - but the service was awful.,food,neutral
I would highly recommend Nina's to anyone who wants to have a romantic dinner in a heart warming surrounding filled with candles and family pictures.,surrounding,positive
The pizza is yummy and I like the atmoshpere.,atmoshpere,positive
The food was spicy and delicious.,food,positive
"The atmosphere is unheralded, the service impecible, and the food magnificant.",service,positive
"The food was below average, the service was pathetic, there was no ambience at all.",food,negative
"Just straight up cheap, good food.",food,positive
When we were finally seated our waitress came by twice-1 for our order and 2-for our check.,check,neutral
"Besides, when you have bad service, that's less money you have to tip.",service,negative
"I am a 100 lb girl, had a glass of wine and a glass of beer prior to the dinner, and I was still HUNGRY after my visit to this place!",dinner,neutral
"The highlight of the night was the mayonaisse for my side of fries I received from one of the food runners, which is not good considering the bill was nearly $100.",food runners,neutral
Deliveries often take up to an hour and the prices are higher than most other pizzerias in the area.,Deliveries,negative
"I like the somosas, chai, and the chole, but the dhosas and dhal were kinda dissapointing.",chole,positive
"I've had the lunch buffet at Chennai a couple of times, when I have been in the neighborhood.",lunch buffet,neutral
"We parked on the block of Nina's the place looked nice, with people obviously enjoying their pizzas.",place,positive
"In fact, while leaving the place we saw two people looking at the menu, and I couldn't help telling them that the food was horrible.",food,negative
Wine list selection is good and wine-by-the-glass was generously filled to the top.,Wine list selection,positive
We had a great tiem watching the shows and characters and ar food was just what we were looking for.,shows,positive
"The food was not fresh, the sauces were bland and very oily.",food,negative
The desserts are more appealing then stuffy overpriced French restaurants.,desserts,positive
Make sure you have the Spicy Scallop roll.. .,Spicy Scallop roll,positive
Try the lobster teriyaki and the rose special roll.,lobster teriyaki,positive
"Even with a relatively inexpensive botle of wine, if you can call $70.00 inexpensive, the cost is through the roof for better than average fare.",botle of wine,conflict
The server was really cool and served us our food and drinks with a smile.,served,positive
"(food was delivered by a busboy, not waiter) We got no cheese offered for the pasta, our water and wine glasses remained EMPTY our entire meal, when we would have easily spent another $20 on wine.",waiter,negative
"Cute place, nice wait staff but would never go there again.",place,positive
"Over price, and small portions .",price,negative
Good bagels and good cream cheese.,bagels,positive
"While we enjoyed the food, we were highly disappointed by the poor service (waiter was not quite competent and SLOW service) and lack of remorse.",service,negative
Its an excellent place to relax and the food is one of the best in the city of New York.,food,positive
I was back-to-back with the diner at the table behind me and wait staff had to hoist trays over our heads as they squeezed past us again and again.,diner,neutral
The fillings may be unconventional but the dosa batter is definitely authentic and the combinations very tasty.,fillings,neutral
I was with a party of 7 (close but not next the the front doors) and we were eating with our coats on.,front doors,neutral
Unique apppetizers.,apppetizers,positive
Prices are in line.,Prices,neutral
"The food is spectacular, from the appitizers to the main course, and then of course the desserts, (WOW) you'll need no more.",food,positive
"The menu is Prix Fixe, so be prepared to spend at least $60 per person, but it is Well worth itsuperb food.",menu,negative
The food is nothing like its menu description.,food,negative
Mine was a little burnt but still delicious with goat cheese and panchetta (raddichio was kind of bitter though).,goat cheese,positive
"His wife Tanya, the hostess, completes the comforting atmosphere by being delightfully warm and gracious.",atmosphere,positive
"We figured we never had Argentinian Pizza before so we grabbed our lunch there, sharing a large Pelligrino, a pizza of two of their specials, one was goat cheese the other blue cheese, and both were excellent.",blue cheese,positive
Sushi wasn't anything spectacular for the price.,price,negative
"Same owner as the guy who owns Typhoon, which is just down the street on St. Marks and 1st Ave.",owner,neutral
"They sell special sushi, everything have a topping, sauce and etc.",sushi,positive
"If you live in new york city, you'll find better food at small restaurants outside of time square and spend half the amount.",amount,negative
"A narrow corridor leads to a tiny space where there are three tiny white tiled counters, a great deal of mess (stacks of bottles, cans) and a small counter holding 12-14 entrees.",entrees,neutral
This little place definitely exceeded my expectations and you sure get a lot of food for your money.,food,positive
This is a consistently great place to dine for lunch or dinner.,dine,positive
Metrazur has a beautiful spot overlooking the main terminal.,spot,positive
There are a few Italian employees who may not speak the best English but for me that adds to the experience.,employees,conflict
"I had a terrific meal, and our server guided us toward a very nice wine in our price range, instead of allowing us to purchase a similarly priced wine that wasn't as good.",server,positive
"Based on the reviews for dinner, this is a place I would reconsider revisiting for that, but definitely not for Dim Sum again.",dinner,positive
The Waitstaff were very nice and suggested swordfish for my husband he enjoyed his meal.,swordfish,positive
"Don't dine at Tamarind for the vegetarian dishes, they are simply not up to par with the non-veg selections.",vegetarian dishes,negative
"Always popular, always full, always a wait.",wait,negative
Best Pastrami I ever had and great portion without being ridiculous.,portion,positive
All we received was an apology as we left to see our show without dinner.,dinner,neutral
Authentic Pakistani food.,Pakistani food,positive
"And it all comes at a very reasonable price (congee, noodles, and rice dishes are no more than $3-6 each).",congee,neutral
"Butter was melted, white wine warm, cheese oozing everywhere.",cheese,negative
We were told that they were booked solid and no other table was available.,table,negative
"When I saw that their website had a link to da Ciro in Napoli, I knew there was going to be good pizza!",pizza,positive
My wife and I ate here earlier this week and have not stopped ranting and raving about the food.,food,positive
Great pizza and fantastic service.,pizza,positive
Every course was better than the next.,course,positive
Their exotic salad is basic ly a delcious little green salad with a peanut sauce that is perfect before their sweet basil fried tofu.,peanut sauce,positive
"If you go to Roth's try to be served by Mike, he is GREAT!!",served,positive
I had a huge pastrami sandwich on a roll.,pastrami sandwich,positive
"The bread and lamb chops I had before the meal were quite good, however.",bread,positive
The dim sum here is only so-so.,dim sum,neutral
"This place is really trendi but they have forgotten about the most important part of a  restaurant, the food.",food,negative
The appetizing is excellent - just as good as Zabars Barney Greengrass at a reasonable price (if bought by the pound).,appetizing,positive
The prices are wonderfully low.,prices,positive
"May, the owner always has a smile on her and will warmly greet you.",owner,positive
A great way to make some money is to buy a case of snapple from Costco and sell it right outside for only $2.50.,case of snapple,neutral
"The table service could have been a little more attentive but as someone who also works in the service industry, I understood they were busy.",service,neutral
"We recently decided to try this location, and to our delight, they have outdoor seating, perfect since I had my yorkie with me.",outdoor seating,positive
The Prix Fixe menu is worth every penny and you get more than enough (both in quantity AND quality).,quantity,positive
The ambience is very romantic and definitely a good place to bring a date.,ambience,positive
Knowledge of the chef and the waitress are below average.,chef,negative
Total hipster-wannabe attitude in an otherwise sweet spot.,spot,positive
we came here on a crowded saturday night and were seated right away despite being 15 minutes late for our reservation.,reservation,neutral
The staff was too busy ordering sushi for dinner and then laying it out to eat on the bar to even bring me my check.,dinner,neutral
"We were still sitting at the bar while we drank the sangria, but facing away from the bar when we turned back around, the $2 was gone the people next to us said the bartender took it.",bar,neutral
"The menu looked good, except for offering the Chilean Sea Bass, but the server does not offer up the specials that were written on the board outside.",Chilean Sea Bass,negative
The food always tastes fresh and served promptly.,served,positive
Our tiny table for two (dinner plates hung over edge) was right in the middle of one of the lanes of waiter traffic.,waiter traffic,negative
"We actually gave 10% tip (which we have never done despite mediocre food and service), because we felt totally ripped off.",service,neutral
My boyfriend and I recently had an early dinner at Artisanal and was satisfied with our experience.,dinner,positive
"Great friendly service, Fast seating, Fast Delivery, Excellent sushi.",sushi,positive
"good music, great food, speedy service affordable prices.",music,positive
"The first 2 courses were very good, but the chocolate sampler was too rich for me and the dessert wine far too sweet.",courses,positive
"An excellent alternative to fast food joints and ordering in but, the food was slightly disappointing.",food,negative
"this is the best secret place in midtown', I heard that from the bartender, after having brilliant food ( try steak with portobello mushrooms) and drinks on the bar last Tuesday.",drinks,positive
"My entree of hot pot with seafood was full of imitation crabmeat with a couple pieces of shrimp and squid, and was unnecessarily heated with a burner.",hot pot with seafood,negative
Personal pans are the perfect size for those hungry nights.,Personal pans,positive
I really loved the different and inovated touch that's the cheff gives to the food.,cheff,positive
For dinner I had the chicken tikka-masala and some garlic naan.,dinner,neutral
The price was extremely reasonable for the appetizers and food we ate.,appetizers,positive
"Service could be improved but overall this is a place that understands the importance of little things (the heavy, black, antique-seeming teapot, for one) in the restaurant experience.",Service,negative
The establishment scores big points in presentation and style.,establishment,positive
The sicilian is my favorite it is moist not dry like most places but all their pizza is great!,pizza,positive
"Perhaps this food is considered extreme to an Upper East Side resident, but for the rest of us who've actually eaten ethnic food, this is simply dull.",food,conflict
Service was slow had to wait to order and get food although not crowded.,food,neutral
"Delicious food, excellent service, and a pretty atmosphere make this a great choice for dinner and the $5.99 lunch buffet makes it an even better choice for lunch!",atmosphere,positive
"The restuarant itself is not large, but seems to have several round tables to accomodate large groups hoping to save a buck to eat authentic Taiwanese.",Taiwanese,positive
"They are still living in the dark ages and do not have an answering machine, so if you want to make a reservation you are limited.",reservation,negative
"It is far more popular as a bar than as a restaurant, with only a few tables and the waiter being the bartender, but we greatly enjoyed the unobtrusive atmosphere.",bartender,neutral
"While they keep the capex to a minimum, they do put some cash into the bagels, because they among the best in the city.",capex,positive
Wait staff is blantently unappreciative of your business but its the best pie on the UWS!,Wait staff,negative
This is my first time writing a review for a restaurant because the food and service was excellent.,service,positive
"Only wine and beer are served, but the house varities are actually quite good.",wine,neutral
"They're also friendlier here, especially the owner, Kenny.",owner,positive
"I didn't take a look at the rest menu, but the oysters were fantastic.",oysters,positive
This is definitely an  excellent date spot because of the ambiance and on the weekends the  night scene is more than alive.,spot,positive
I recommend this place to everyone who asks me where to go for a good meal.,meal,positive
"The portions are HUGE, so it might be good to order three things to split (rather than one appetizer and entree per person) for two people.",entree,neutral
"The crispy chicken wasn't for us, though.",crispy chicken,negative
"The Pad thai, lad nar and various other dishes all look good on paper but, I've had better thai food in less asthetically pleasing places.",dishes,conflict
fine dining restaurant quality.,quality,positive
This place has the the correct ambience and an excellent staff to make you feel like a guest and a friend at the same time.,staff,positive
The owner and staff are all Japanese as well and that adds to the entire ambiance.,owner,positive
I liked the beer selection!,beer selection,positive
"When he's not making authentic Neapolitan pizza in the open brick oven or lightly frying zucchini blossoms, he's visiting the regulars (a growing legion) and checking on newcomers.",Neapolitan pizza,positive
"We a menu that rearely changes,e xcept for one or two specials, the quality and care they put in thier food in evident.",food,positive
They have a huge selection of different cream cheeses and all of their salads are great.,salads,positive
Pick a bagel has the best bagels in the city.,bagels,positive
"It took half an hour to get our check, which was perfect since we could sit, have drinks and talk!",drinks,neutral
Service is average.,Service,neutral
"An excellent alternative to fast food joints and ordering in but, the food was slightly disappointing.",fast food,negative
Try the Pad Se-Ew or Chicken with Cashew Nuts for a memorable and repeatable experience.,Pad Se-Ew,positive
I think I've had some the best meals of my life at minnow.,meals,positive
"We started with lox and mussels (the best ive ever had, ever) and had the cod and trout for dinner.",lox,positive
The service is descent even when this small place is packed.,service,positive
"Guacamole+shrimp appetizer was really great, we both had the filet, very good, didn't much like the frites that came with, but the filet was so good, neither of us cared.",filet,positive
Decent wine selection too.,wine selection,positive
"We shared a bottle of sake, an order of edamames, and she had the sushi plate while I had the sashimi.",sushi plate,neutral
The service was the only thing good about this restaurant.,service,positive
"Delicate spices, onions, eggs and a kick-ass roti.",spices,positive
"Besides having the table we had been promised given to other restaurant patrons twice before we were actually seated, we were served dishes we hadn't ordered three times, received one of our orders 20 minutes after the rest of the table had been served (and that order was undercooked), and charged $45 more than we should have been on our bill.",dishes,negative
"We actually gave 10% tip (which we have never done despite mediocre food and service), because we felt totally ripped off.",tip,negative
"The food was delicious, the atmosphere was relaxed, and we have now adopted Plate 347 as our Secret on Second!",atmosphere,positive
I went to DF for Valentines Day dinner.,Valentines Day dinner,neutral
"While the ambiance and atmosphere were great, the food and service could have been a lot better.",food,negative
"I had the tuna tartare with sake, mushroom ravioli with pinot noir, and the chocolate sampler with a dessert wine for $49.",sake,positive
"From the terrible service, to the bland food, not to mention the unaccommodating managers, the overall experience was horrible.",service,negative
"Seriously, this is the best all you can eat in town- As everyone says, the Spicy Tuna hand rolls are the best- have 4 of these, and you've broken even.",Spicy Tuna hand rolls,positive
The server was really cool and served us our food and drinks with a smile.,food,neutral
"Each table has a pot of boiling water sunken into its surface, and you get platters of thin sliced meats, various vegetables, and rice and glass noodles.",meats,neutral
Waiters are slow but sweet.,Waiters,conflict
"NO more reservations, expensive tips and annoying stuff.",stuff,positive
"I've been to this restaurant more than a dozen times and when I'm craving for Pho, Lemon grass chicken or Beef Cube on rice, this is the place to go.",Beef Cube on rice,positive
"The food is amazing, rich pastas and fresh doughy pizza.",pizza,positive
The staff offers impeccable service.,staff,positive
Frites were delicious if a bit on the thick side.,Frites,positive
"Good crowd, good outdoor seating, with a hip japanese vibe.",vibe,positive
"The food is fresh, delicious, and reasonably priced.",priced,positive
"Good French restaurant in an area devoid of decent restaurants unless you're into eating 4 pound pastrami sandwiches at Katz' Deli, or Mexican food which is supplied by capable restaurants.",Mexican food,neutral
Always great service!,service,positive
"For years, I thought Tuscan cuisine was the best, but Salvatore converted me to the hearty Neapolitan fare on my first visit.",Tuscan cuisine,conflict
"Super friendly and knowledgable staff, fabulous bistro fare and a wonderful jazz brunch with great live jazz (the chilaquiles were awesome!",staff,positive
"However, service was as plain as sesame crusted Salmon I had.",service,neutral
"Had 1 appetizer, 2 entrees and 2 cokes and the bill was ~$55.00, not including tip.",entrees,neutral
"Whenever you need a Sushi fix, Mizu will be there with quality fish and great service.",service,positive
This place has realy fresh sushi and a nice large menu of Japanese classic cuisine.,sushi,positive
I have been coming here for years and have nothing but good things to say about the service and the great staff at La Lanterna.,service,positive
Pair you food with the excellent beers on tap or their well priced wine list.,wine list,positive
"The ambiance is minimal the food is not phenomenal, but some dishes are quite good, such as the eggplant parmesan, veal in carozza chicken saltimbocca.",food,negative
This is a great Thai restaurant with a very friendly staff.,staff,positive
"great wine list (italian), good food, service was INITIALLY fine.",wine list,positive
Their whitefish salad is excellent--all whitefish with a little mayo.,mayo,positive
Get the soup and a nosh (pastrami sandwich) for $8 and you're golden.,soup,positive
The server was really cool and served us our food and drinks with a smile.,server,positive
"Food was very good as well, considering that we tried the budget selection (though I wish the pork belly that I ordered was roasted a bit longer, so that fat was more of a melt-in-your-mouth experience).",Food,positive
"I like the somosas, chai, and the chole, but the dhosas and dhal were kinda dissapointing.",dhal,negative
The menu prices are a bit expensive for what you get in quality and portion size.,portion size,negative
I always get the Shabu-Shabu dinner and the beef is always fresh.,beef,positive
"He not only makes his own homemade mozzarella, but every pie is ultra fresh.",mozzarella,positive
big and soft as well as good lunch food.,lunch food,positive
There is actually space to breathe and the decor sets the tone for an intimate dinner.,dinner,neutral
Succulent steaks cooked precisely to your desired 'doneness' accompanied by salads and sides that don't look like leafy road kill.,sides,positive
"The decor is vibrant and eye-pleasing with several semi-private boths on the right side of the dining hall, which are great for a date.",dining hall,positive
The place was quiet and delightful.,place,positive
"my personal favorite is an everything bagel with lox spread, but all the bagles are unbeliavably good.",bagles,positive
Go to Volare for 1st class service and terrific food.,food,positive
The sweet lassi was excellent as was the lamb chettinad and the garlic naan but the rasamalai was forgettable.,sweet lassi,positive
The buffet had a nice selection.,selection,positive
"Tasty steak, pork loin, the works.",pork loin,positive
The setting is casual and romantic.,setting,positive
"they didn't disappoint, service from the second i arrived at the door was extremely pleasant and attentive with almost one server per table.",table,neutral
"Upon entering, we were greeted by the owners, Steven and Frederick, who went out of their way to be more than gracious hosts.",owners,positive
"The food is o.k., but not any better than what you get at a good neighborhood restaurant.",food,neutral
Great Indian food and the service is incredible.,Indian food,positive
The miso soup lacked flavor and the fish was unfortunately not as well prepared as in the past.,miso soup,negative
I liked the food at this quasi-thai restaurant.,food,positive
I particularly love their yellowfun tuna and their mussel selection.,mussel selection,positive
Their wines by the glass are a great accompaniment and you can eat like a king with wine for under $30.,wine,neutral
The prices are about $9 for an entree for dinner and even less for lunch.,entree,positive
Went for a late weekday lunch.,lunch,neutral
The space is nice but when we order our drink we were in for a surprise.,space,positive
The food is a diamond in rough -- the food is delicious and homemade with the perfect balance of herbs and tomatoes.,food,positive
Fish is so very fresh.,Fish,positive
"The anti-pasta was excellent, especially the calamari, as were the filling pasta mains.",anti-pasta,positive
"Chance is a small cozy restaurant, with a romantic feel to it, the decor is great.",decor,positive
We had Pam's special fried fish and it was amazing.,Pam's special fried fish,positive
"Great friendly service, Fast seating, Fast Delivery, Excellent sushi.",seating,positive
I got an excellent piece of cheesecake and we had several other nice pastries.,cheesecake,positive
"They are tasty, but I suggest only eating one with meat because they tend not to mesh that well with the average American digestive system.",meat,neutral
"But don't ever order bacon late at nite (either platter or in sandwiches, for that matter don't from any take out place) as it is from the morning frying turns out hard almost like bacos, hurt my molars.",frying,negative
I recommend this spot to anyone who enjoys  fine cuisine at reasonable prices.,cuisine,positive
"The music does get a little loud at times, but it just made me want to lean closer to my beautiful wife, and as I did, I got a whiff of corriander.",music,conflict
I care more about the food and ambience.,ambience,neutral
"We figured we never had Argentinian Pizza before so we grabbed our lunch there, sharing a large Pelligrino, a pizza of two of their specials, one was goat cheese the other blue cheese, and both were excellent.",pizza,positive
"We figured we never had Argentinian Pizza before so we grabbed our lunch there, sharing a large Pelligrino, a pizza of two of their specials, one was goat cheese the other blue cheese, and both were excellent.",Argentinian Pizza,neutral
Coming from Boston this place is like Emma's Pizza in Kendall Square in Cambridge (although they have more funky toppings!),toppings,positive
"Given the incredible architecture surrounding it, this place has no character.",architecture,positive
"While we enjoyed the food, we were highly disappointed by the poor service (waiter was not quite competent and SLOW service) and lack of remorse.",service,negative
"My entree of hot pot with seafood was full of imitation crabmeat with a couple pieces of shrimp and squid, and was unnecessarily heated with a burner.",crabmeat,negative
The service was attentive without being overbearing and each dish we tried was wonderful from the spring rolls to the cod with pineapple tempura.,cod with pineapple tempura,positive
I've never had bad service and the fish is fresh and delicious.,service,positive
"If I could rate the people this place would be off the charts - unfortunately - the pizza, sorry - not the best in NYC.",pizza,negative
Great food at reasonable prices.,prices,positive
The sicilian is my favorite it is moist not dry like most places but all their pizza is great!,sicilian,positive
Terrific menu full of unique rolls and special dishes.,dishes,positive
"My GF and I still choose to eat there a lot because of diverse cocktails, the chill decor, and the decent sushi.",decor,positive
The one vegetarian entree (Abby's treasure) was actually quite a surprise - it was delicious and had wintermelon covering an assortment of fresh mushrooms and vegetables.,assortment of fresh mushrooms and vegetables,positive
"My husband said the portions were very small, but if my main course was good to eat the portion would've been fine for me.",main course,negative
Yes you have to wait to be seated and because its small there is no waiting area and the seat at the bar was all taken.,waiting area,negative
"Most importantly, food is excellent.",food,positive
"Great spot, whether looking for a couple of drinks or quiet dinner.",drinks,positive
The food was average or above including some surprising tasty dishes.,dishes,positive
"The food was just OK, I would never go back.",food,neutral
The food was very well prepared.,food,positive
"If you are someone who appreciates simplicity, elegance, and wonderfully presented and tasting seafood and vegetables regardless of portion size, Kai is your place.",vegetables,positive
We were looking forward to nice glass of Sangria when we arrived.,glass of Sangria,positive
The space is nice but when we order our drink we were in for a surprise.,drink,negative
"I had the salmon dish and while it was fine, for the price paid, I expected it to have some type of flavor.",salmon dish,conflict
"Still, any quibbles about the bill were off-set by the pour-your-own measures of liquers which were courtesey of the house...",measures of liquers,positive
"If the omakase is to showcase technique and variety, serving almost 40% of items BBQ-ed and a spicy tuna roll wrapped with not-so-fresh nori seems to be a rather limp performance.",spicy tuna roll,negative
"Their eggplant is so delicate, sweet tender!",eggplant,positive
"Nha Trang, while being notorious for utter lack of comfort and decor, horribly slow wait staff and horribly quick meals, is one of the best vietnamese restaurants i've ever been to. the pho is delicious and comes with very fresh vegtables.",vegtables,positive
"Best of all is the warm vibe, the owner is super friendly and service is fast.",service,positive
"Besides having the table we had been promised given to other restaurant patrons twice before we were actually seated, we were served dishes we hadn't ordered three times, received one of our orders 20 minutes after the rest of the table had been served (and that order was undercooked), and charged $45 more than we should have been on our bill.",table,negative
We thought that this place is using too much of MSG cooking in the foods.,foods,negative
Just bring someone who speaks Cantonese because waiter may not understand you.,waiter,negative
In reality (to maximize potential diners) they were still taking phone reservations and reallocating tables of those waiting in the lobby.,diners,neutral
Knowledge of the chef and the waitress are below average.,waitress,negative
"From the incredible food, to the warm atmosphere, to the friendly service, this downtown neighborhood spot doesn't miss a beat.",food,positive
"Overall, I'm still impressed that the place even exists and the prices are quite decent but then again, its Chinatown.",prices,positive
The service was fast and friendly and the food was very tasty and they had the best hot sauce to add to your meals.,service,positive
Service is highly refined: our seating was delayed 35 minutes past our reservation and the maitre d' apologized and regularly kept us apprised of progress.,maitre,positive
The food is great and they have a good selecion of wines at reasonable prices.,selecion of wines,positive
An excellent service,service,positive
"The palak paneer was standard, and I was not a fan of the malai kofta.",palak paneer,neutral
"If you don't mind pre-sliced low quality fish, unfriendly staff and a sushi chef that looks like he is miserable then this is your place.",sushi chef,negative
We also ordered two hot dogs thinking they would be pretty good since there is a whole section on the menu devoted to them.,menu,neutral
The food was good too.,food,positive
"The portions are now very small, the sauces are overly-ambitious usually inedible while the service is still good, the restaurant, due to its popularity, seems frantic.",sauces,negative
"Haru serves very fresh fish, has a trendy, modern ambiance, prime location on Park Avenue South and friendly service.",ambiance,positive
"If you love seafood, you would love this place!",seafood,positive
"The decor is dark, cool and soothing, while the food's presentation is spectacular, considering the low prices.",decor,positive
The service is awful--the last time I was there (and I do mean the last time) we were told that they needed our table so we would have to leave.,table,negative
"Very excited to hear that short-term Chef Jason Narone has moved on, he truly was a low point of their Sterling track record.",Chef,negative
I was back-to-back with the diner at the table behind me and wait staff had to hoist trays over our heads as they squeezed past us again and again.,table,negative
Lahore is a great place to duck into late-night when you need some really tasty food on the cheap -- you'll likely have trouble finishing the amount of food you get for FOUR DOLLARS.,food,positive
"The food is uniformly exceptional, with a very capable kitchen which will proudly whip up whatever you feel like eating, whether it's on the menu or not.",food,positive
"The food is spectacular, from the appitizers to the main course, and then of course the desserts, (WOW) you'll need no more.",desserts,positive
I cannot imagine better Indian food in all of the city.,Indian food,positive
It's great to go for a quick lunch either alone or with a friend.,lunch,positive
Our friendly server made great food suggestions and also sent both the sommelier and the fromager to the table to help suggest different pairings for wine and cheese.,server,positive
Patroon features a nice cigar bar and has great staff.,cigar bar,positive
"we did notice however, that some tables had what looked like pita instead of naan.",naan,negative
"Barbecued codfish was gorgeously moist - as if poached - yet the fabulous texture was let down by curiously bland seasoning - a spice rub might have overwhelmed, however herb mix or other sauce would have done much to enhance.",sauce,negative
Service was prompt and courteous.,Service,positive
we were seated at the sushi bar in front of yasuda.,sushi bar,neutral
"Three courses - choices include excellent mussels, puff pastry goat cheese and salad with a delicious dressing, and a hanger steak au poivre that is out of this world.",mussels,positive
I'd highly recommend it for a special occasion -- it provides and intimate setting and nice service.,setting,positive
"Even though I made the reservation at 3pm for the same night through Dinnerbroker, we were seated at a table with one of the best view!",seated,positive
"Oh, but wait, we were out of drinks (which were also delightfully overpriced).",drinks,negative
"- the bread at the beginning is super tasty and makes you want more - the pizza is delicious and comes in personal sizes, however be warned that the Peter's Favourite pizza with prosciutto and baby arugula is actually a margarite pizza with cold prosciutto and baby arugula on top, like a salad.",pizza,positive
"I would not have been so disappointed with the portions if the qualities were good enough to make up for it, but they were not!",portions,negative
"My turkey burger was not cooked at all, my friends salmon was completely raw.",turkey burger,negative
"If you can handle that, it's a great place for a business dinner, fun with friends or simply a table for 2.",table,positive
"I ordered tamarind duck and my wife ordered noodles with ground beef, and we were both delighted by the way the dishes evoked Thai flavors in unexpected ways.",Thai flavors,positive
Service is not what one would expect from a joint in this price category.,price category,negative
"Great for groups, great for a date, great for early brunch or a nightcap.",nightcap,positive
"Authentic food and they have REAL service, not just the rush you get sometimes when they try to push you out the door.",food,positive
"I like Mamoun's food as well, but side by side, Kati Rolls just produce tastier food hands down.",food,positive
They came out over cooked and the cheese was almost non existant.,cheese,negative
"Its not curry in a slurry crap, and regular run of the mill food.",food,neutral
"The restaurant was packed at first, so we waited at the bar for about 20 minutes before we were seated.",bar,neutral
"The space is a bit too small for live music, so on  jazz nights, it can be loud and cramped.",live music,neutral
"The combination of fresh tomato sauce, fresh mozz cheese, basil and the dough they make with imported flour, makes this is one of the better pizza's in NY.",flour,positive
"I am a 100 lb girl, had a glass of wine and a glass of beer prior to the dinner, and I was still HUNGRY after my visit to this place!",glass of wine,neutral
"This place has good potential, but needs a significant amount of work before we can justify spending that much money on indian food you can get everywhere else.",money,negative
I've read some of the previews reviews - people are either not New Yorkers or have more appreciation for ambience then food.,ambience,neutral
"Though you will undoubtedly be seated at a table with what seems like barely enough room (no matter what the size of your party), the warm atomosphere is worth the cramped quarters- you'll have fun and forgot about the tight spot you're in.",table,negative
Service was on par but not wonderful.,Service,conflict
"Growing up in NY, I have eaten my share of bagels.",bagels,neutral
"It costs $2 extra to turn a regular roll into an inside-out roll, but the roll more than triples in size, and that's not just from the rice.",rice,neutral
"The atmosphere is nothing special, but it feels like a Sushi establishment in Tokyo.",atmosphere,neutral
Prices are higher to dine in and their chicken tikka marsala is quite good.,Prices,negative
Highly recommended is the Spicy Fried Clam Rolls and Spider Rolls.,Spider Rolls,positive
The soup for the udon was soy sauce and water.,soy sauce,neutral
"To my right, the hostess stood over a busboy and hissed rapido, rapido as he tried to clear and re-set a table for six.",table,neutral
"An oasis of refinement:  Food, though somewhat uneven, often reaches the pinnacles of new American fine cuisine - chef's passion (and kitchen's precise execution) is most evident in the fish dishes and soups.",soups,positive
Both times we waited well over a half hour for a table (even though we had reservations).,table,negative
The wine list is extensive and can easily hike up an otherwise reasonably priced meal.,meal,positive
"When my dessert came, there was a candle in it - not because anyone asked for one - but because the waiter must have seen me opening my birthday card and gift, and said he knew it was a special occassion of some sort.",waiter,positive
I highly recommend visiting this restaurant and having dinner and drinks!,drinks,positive
I have eaten a lot of pizza here.,pizza,neutral
"The service was impeccable and unobtrusive -- the staff knows what they are there to do -- to know their menu, present your meal, and attend to your needs.",menu,neutral
The highly spiced chai tea was great too.,chai tea,positive
"Frankly, when you compare what you can have here for lunch, versus McDs or so many other sandwich shops in the city, there is no comparison.",lunch,positive
"The service was attentive, yet unimposing, the food was far better than many notorious restaurants in Midtown and the wine list is extensive and well priced.",service,conflict
"The menu changed, portions were even smaller than before, a lentil dish was salty beyond edibility, a basmati rice dish lacked flavor.",portions,negative
"A narrow corridor leads to a tiny space where there are three tiny white tiled counters, a great deal of mess (stacks of bottles, cans) and a small counter holding 12-14 entrees.",counters,negative
"The menu was impressive with selections ranging from a burger, to steak, to escargot.",steak,neutral
The selection changes frequently but the basic dishes are always available.,selection,neutral
"I understand the area and folks you need not come here for the romantic, alluring ambiance or the five star service featuring a sommlier and a complicated maze of captain and back waiters - you come for the authentic foods, the tastes, the experiance.",back waiters,positive
I really like both the scallops and the mahi mahi (on saffron risotto-yum!).,mahi mahi (on saffron risotto,positive
"Quite frankly, this is some of the worst sushi I have ever tried.",sushi,negative
We could only get through an appetizer and cheese fondue.,cheese fondue,neutral
"Over time, the food quality has decreased substantially, it is a lot less crowded than it used to, and the service must definitely be part of the reason.",food quality,negative
The ambience is very romantic and definitely a good place to bring a date.,place,positive
Both the fresh mozzerella slices and the Plain Cheese slice are phenomenal.,Plain Cheese slice,positive
"I didn't take a look at the rest menu, but the oysters were fantastic.",menu,neutral
I've had to wait only a few times during lunch but this place is definitely worth the wait.,lunch,neutral
"I've had the chicken with garlic sauce, chicken with black bean sauce, and hunan chicken.",chicken with garlic sauce,neutral
"Although the tables may be closely situated, the candle-light, food-quality and service overcompensate.",tables,negative
They were very abrupt with me when I called and actually claimed the food was late because they were out of rice.,rice,neutral
I love the atmorphere @ peep!,atmorphere,positive
"Otherwise, this place has great service and prices and a nice friendly atmosphere.",prices,positive
Raga stands out with an interesting fusion of French and Indian cooking.,fusion of French and Indian cooking,positive
Try their plain pizza with fresh garlic or eggplant.,plain pizza,positive
Tell them Herky sent you and get a free confused look from the waiter.,waiter,negative
"A very inviting restaurant, with friendly service.",service,positive
I've had to wait only a few times during lunch but this place is definitely worth the wait.,wait,positive
"They did not have mayonnaise, forgot our toast, left out ingredients (ie cheese in an omelet), below hot temperatures and the bacon was so over cooked it crumbled on the plate when you touched it.",bacon,negative
"The only weird thing was if we got a bottle, the waitress would have simply multiplied the glass price X4, which makes no sense whatsoever.",waitress,negative
"It is far more popular as a bar than as a restaurant, with only a few tables and the waiter being the bartender, but we greatly enjoyed the unobtrusive atmosphere.",waiter,neutral
"The vibe is very relaxed and cozy, service was great and the food was excellent!",service,positive
"The food was pretty good, but a little flavorless and the portions very small, including dessert.",portions,negative
"Yes, they use fancy ingredients, but even fancy ingredients don't make for good pizza unless someone knows how to get the crust right.",ingredients,positive
"Given the incredible architecture surrounding it, this place has no character.",place,negative
"Also, the sandwiches (nearing $7) didn't come with anything like chips or a side.",side,neutral
"But after last night, Spice Grill is the only place I'm eating indian cuisine.",indian cuisine,positive
All in all the food was above average and I would return to see how they operate with four or less dinners.,dinners,neutral
"So much more than the usual bar food, go there to enjoy the menu while sampling one of their hand-crafted beers.",hand-crafted beers,positive
"Ask for Usha, the nicest bartender in manhattan.",bartender,positive
i don't usually order wine with indian so i can't comment on their wine list or their wines.,wine list,neutral
Food was average but tasty.,Food,positive
"The dim sum is ok but doesn't taste that fresh, and the little dishes don't look steamy hot as they should (also note lack of Chinese here).",dim sum,negative
You can get an excellent meal at most of the many Indian restaurants on nearby Lexington Avenue for the cost of one the dainty dishes here.,dishes,positive
"The pesto pizza was excellent, thin-crust pizza with a nice amount of spicy Italian cheese that I'd never heard of before.",thin-crust pizza,positive
"Also, don't plan on asking for your favorite roll, if it's not on the menu, you can't have it.",roll,negative
"Quality of food is excellent and price is cheap, stick to pork, fish, chicken, lamb and vegetables.",pork,positive
"- the bread at the beginning is super tasty and makes you want more - the pizza is delicious and comes in personal sizes, however be warned that the Peter's Favourite pizza with prosciutto and baby arugula is actually a margarite pizza with cold prosciutto and baby arugula on top, like a salad.",salad,neutral
"During our meal, the management came over and checked on us and even bought us a round of drinks.",round of drinks,neutral
Deep Fried Skewers are good and still rare to find in NYC.,Deep Fried Skewers,positive
"Solid wine list, knowledgeable staff, friendly owners and an adventurous, ever-changing menu keep us coming back.",wine list,positive
Very good service and very good prices.,service,positive
"The food was really good, I had the onion soup and it was one of the best ever.",onion soup,positive
delicious simple food in nice outdoor atmosphere.,atmosphere,positive
"Service was excellent, and the AC worked very well too (thank God, it was hot!).",Service,positive
"Little Tonino's is just awesome, our favorite delivery place in Kennsington, honestly the best Gnochi I have ever had!",Gnochi,positive
But the coconut rice was good.,coconut rice,positive
"Barbecued codfish was gorgeously moist - as if poached - yet the fabulous texture was let down by curiously bland seasoning - a spice rub might have overwhelmed, however herb mix or other sauce would have done much to enhance.",seasoning,negative
We could have made a meal of the yummy dumplings from the dumpling menu.,dumplings,positive
They are served with a free appetizer and the portions are perfect for lunch.,portions,positive
We were walking around the village and went into this place just for some drinks.,drinks,neutral
"Great spot, whether looking for a couple of drinks or quiet dinner.",dinner,positive
"- for dessert we split chocolate cake and vanilla gelato (with espresso), which were tasty, but I thought a bit overpriced.",chocolate cake,conflict
"After 2 tries by the waiter to take it away (we hadn't even looked at it yet, we had full beers yet to drink), the manager approached and told us they needed the table for people with reservations.",waiter,negative
All the pastas are fantastic and the homemade lasagna is some of the best that I have had in the City.,pastas,positive
"My wife and I will usually only order one primi and one secondi and split them, as they tend to offer large portions.",primi,positive
"The food is mostly made from scratch, fresh and well prepared.",food,positive
And I say snacking because it really is not set up to be a proper dinner.,dinner,negative
"I like the somosas, chai, and the chole, but the dhosas and dhal were kinda dissapointing.",chai,positive
"The service was impeccable and unobtrusive -- the staff knows what they are there to do -- to know their menu, present your meal, and attend to your needs.",staff,positive
"service is friendly, and never had a problem walking in and getting a table.",getting a table,positive
"The fish was adequate, but inexpertly sliced.",fish,conflict
"We all had the tasting menu and unlike some of the other reviews, I felt there was more than enough food.",menu,positive
I had been a regular due to the consistently good food and ease of getting a table.,getting a table,positive
"Where tanks in other Chinatown restaurants display a lurking myriad of sad-looking marine life in their murky waters, the tanks at Ping's are clear as glass with healthy-looking creatures who do not yet know that they will be part of some dim sum lover's brunch.",tanks,negative
The Thai food is good.,Thai food,positive
"I recommend their Pad See Ew, Pork Chops or Tofu plates.",Pad See Ew,positive
"The service varys from day to day- sometimes they're very nice, and sometimes not.",service,conflict
Ballato's is consistently delicious authentic italian food.,italian food,positive
"Order the panang duck, it's fantastic.",panang duck,positive
First went here to enjoy their garden terrace.,garden terrace,positive
"It is far more popular as a bar than as a restaurant, with only a few tables and the waiter being the bartender, but we greatly enjoyed the unobtrusive atmosphere.",bar,positive
"Note that they do not serve beer, you must bring your own.",beer,negative
Overall a disappointing experience for that price category.,price,negative
I've overheard comments from him to his employees that should not have been delivered in the dining area and I've been sitting there while he lectured another customer.,employees,negative
The takeout is great too since they give high quality tupperware as well.,takeout,positive
The lox is always fresh too.,lox,positive
"Don't dine at Tamarind for the vegetarian dishes, they are simply not up to par with the non-veg selections.",non-veg selections,positive
"For appetizers, I recommend the shrimp fritters and dumplings.",appetizers,neutral
"I have known about this secret for the last 13 years, Emilio(the Godfather) has continued to serve food and wine for the gods at mortal prices.",prices,positive
"Unlike other places in NYC where the sandwiches you want only come as a triple-decker, here you can get what you want in a reasonably-sized portion (and price).",sandwiches,negative
"Barbecued codfish was gorgeously moist - as if poached - yet the fabulous texture was let down by curiously bland seasoning - a spice rub might have overwhelmed, however herb mix or other sauce would have done much to enhance.",texture,conflict
"However, I think this place is a good hang out spot.",spot,positive
The menu choices are similar but the taste lacked more flavor than it looked.,taste,negative
"While this is a pretty place in that overly cute French way, the food was insultingly horrible.",food,negative
"They never brought us complimentary noodles, ignored repeated requests for sugar, and threw our dishes on the table.",sugar,negative
"Spice is great Thai food, love the inexpensive appetizers.",appetizers,positive
"Overall, the ingredients and technique are there and I am encouraged enough to return at lunch or dinner to see whether the boldness of the flavour palette improves.",lunch,neutral
Slightly above average wines start at $70+ with only one selection listed at $30+.,wines,negative
LOVE the atmosphere - felt like I was in Paris.,atmosphere,positive
Although we were looking for regular lettuce and some walnuts the salads we got were great.,walnuts,neutral
We were seated outside and the waiter spilled red wine and hot tea on myself and my date.,waiter,negative
The place is small and cramped but the food is fantastic.,place,negative
"The cafe itself was really nice with comfortable outdoor chairs and tables, but the service could have been better.",outdoor chairs,positive
I recommend getting a reservation even though we saw people seated without one.,reservation,neutral
It takes forever to get a drink and they almost always forget to bring something (although they dont forget to charge you for it.,drink,neutral
"The service is friendly, if not the most prompt in the world, the food is great, and the prices, while not cheap, won't put your wallet out of commission.",service,positive
The menu is limited but almost all of the dishes are excellent.,dishes,positive
"Whether it's the parmesean porcini souffle or the lamb glazed with balsamic vinegar, you will surely be transported to Northern Italy with one bite.",lamb glazed with balsamic vinegar,positive
Yeah Shanghai is also great but not quite as good -- they use the same amount of salt but without sweetness to balance out.,salt,negative
"Ambience is so cute and quaint, good for business although we were there on vacation.",Ambience,positive
"If you don't mind pre-sliced low quality fish, unfriendly staff and a sushi chef that looks like he is miserable then this is your place.",staff,negative
"Great wine selection, Gigondas is worth the price, and the house champagne is a great value.",Gigondas,positive
"It is far more popular as a bar than as a restaurant, with only a few tables and the waiter being the bartender, but we greatly enjoyed the unobtrusive atmosphere.",atmosphere,positive
"If you love wine and cheese and delicious french fare, you'll love Artisanal!",wine,positive
"All the money went into the interior decoration, none of it went to the chefs.",chefs,negative
I'm partial to the Gnocchi.,Gnocchi,positive
The food itself was just ok - nothing spectacular - but the service was awful.,service,negative
"I recommend the garlic shrimp, okra (bindi), and anything with lamb.",okra (bindi),positive
We got a little tipsy from the sake but isn't that what Saturday nights with the girlfriends are all about?,sake,neutral
I am relatively new to the area and tried Pick a bgel on 2nd and was disappointed with the service and I thought the food was overated and on the pricey side.,food,negative
"Went on a 3 day oyster binge, with Fish bringing up the closing, and I am so glad this was the place it O trip ended, because it was so great!",oyster,neutral
Our friendly server made great food suggestions and also sent both the sommelier and the fromager to the table to help suggest different pairings for wine and cheese.,wine,neutral
"Anyway, the food is good, the price is right and they have a decent wine list.",food,positive
"We actually gave 10% tip (which we have never done despite mediocre food and service), because we felt totally ripped off.",food,neutral
"I had the salmon dish and while it was fine, for the price paid, I expected it to have some type of flavor.",flavor,negative
We had the scallops as an appetizer and they were delicious and the sauce was wonderful.,scallops,positive
Have the iced tea.,iced tea,positive
The prices are about $9 for an entree for dinner and even less for lunch.,lunch,positive
"The seafood is amazing, there's a good wine list, and the ever-changing menu always offers some great surprises.",seafood,positive
The wine selection (by the glass and bottle) is wonderful and I always recommend that friends make a reservation if they're going to be in town.,reservation,neutral
"Quality of food is excellent and price is cheap, stick to pork, fish, chicken, lamb and vegetables.",vegetables,positive
"I love when restaurants think using fancy expensive ingrediants makes the food fine cuisine, even with no idea how to use them.",food,positive
"I like the somosas, chai, and the chole, but the dhosas and dhal were kinda dissapointing.",somosas,positive
"We all had the tasting menu and unlike some of the other reviews, I felt there was more than enough food.",food,positive
Best dish is nori-wrapped tuna.,nori-wrapped tuna,positive
"Great friendly service, Fast seating, Fast Delivery, Excellent sushi.",service,positive
"This place, however, has a lot less pretension than Joya and the Thai food is still above-average.",Thai food,positive
Went on a double date with friend and his girlfriend for a few drinks and appetizers.,appetizers,neutral
"This is the perfect spot for meeting friends, having lunch, dinner, pre-theatre or after-theatre drinks!",lunch,positive
This place is not worth the prices.,prices,negative
"Haru serves very fresh fish, has a trendy, modern ambiance, prime location on Park Avenue South and friendly service.",service,positive
We ended the dinner with a surprisingly light and flaky apple tarte tatin.,apple tarte tatin,positive
For dinner I had the chicken tikka-masala and some garlic naan.,garlic naan,neutral
Ambiance is barely romantic but management tries.,management,positive
The parathas and kebabs are made when ordered ensuring a level of freshness that is unsurpassed.,parathas,positive
20 minutes for our reservation but it gave us time to have a few cocktails and enjoy our surroundings and each other.,surroundings,positive
Try the cheesecake!,cheesecake,positive
The bar is very well stocked with interesting beers and well priced wines.,bar,positive
"I tend to judge a sushi restaurant by its sea urchin, which was heavenly at sushi rose.",sea urchin,positive
The service is not consistently excellent -- just decent.,service,neutral
"The bruscetta is a bit soggy, but the salads were fresh, included a nice mix of greens (not iceberg) all dishes are served piping hot from the kitchen.",bruscetta,negative
I went there in late afternoon for some bite size food and refleshment with my date.,food,neutral
"good music, great food, speedy service affordable prices.",food,positive
"But, they were too big for the bun.",bun,neutral
"The last two times I ordered from here my food was soo spicy that  I could barely eat it, and the spice took away from the flavor of the dish.",dish,negative
The miso soup lacked flavor and the fish was unfortunately not as well prepared as in the past.,flavor,negative
"The Italian food has flavor (that can be sort of surprising on the UES), and the service turns from a nightmare to attentive,they sort of remind me of the NY Yankees of the late 90's, no matter how bad it look, you knew that there was a rally just around the corner...",Italian food,positive
The service is a little scatty at times but all is forgiven when the food arrives.,food,positive
"I almost wanted to write a bad review, so no one would ever go here and I could have all the dumplings to myself!",dumplings,positive
Winnie and her staff are the best crew you can find serving you.,crew,positive
"The chicken parm was edible but had canned tomato sauce and boxed pasta and the chicken with portobello mushrooms consisted of dry, inedible chicken with terrible sauce.",tomato sauce,negative
The sandwhiches are out-of-this world!,sandwhiches,positive
The food is usually good but it certainly isn't a relaxing place to go.,food,positive
"They do cater to American palates, but if you like it hot let them know and they are more than willing to oblige!",cater,positive
"On the other hand, if you are not fooled easily, you will find hundreds of restaurants that will give you service and ambiance that is on par with Alain Ducasse, and food that will outshine in presentaion, taste, choice, quality and quantity.",taste,negative
The steak was excellent and one of the best I have had (I tasted the butter intitally but in no way did it overwhelm the flavor of the meat).,butter,negative
The fish is fresh and each piece is sliced to perfection and seasoned by the sushi chef (usually with a little fresh wasabi and soy sauce but also sometimes with some sea salt).,soy sauce,positive
"I ordered tamarind duck and my wife ordered noodles with ground beef, and we were both delighted by the way the dishes evoked Thai flavors in unexpected ways.",noodles with ground beef,positive
The staff was too busy ordering sushi for dinner and then laying it out to eat on the bar to even bring me my check.,bar,neutral
"If you can handle that, it's a great place for a business dinner, fun with friends or simply a table for 2.",business dinner,positive
And their prices are very high - they actually think that they can get away with charging such prices for such terrible food and service!,food,negative
This place has many different styles of pizza and they are all amazing.,styles of pizza,positive
"If it isn't for the food (A+++), it must be the service or the ambience.",ambience,positive
Although they do the typical what kind of water would you like questions the service was good and overall very relaxing to place to eat.,service,positive
"My friends and I experienced amazing cheese and a delicious, new summer menu at Artisanal last night.",menu,positive
"Butter was melted, white wine warm, cheese oozing everywhere.",Butter,negative
"The waitress, seems to be more concerned of looking good than actually waitressing.",waitress,negative
"Fabulous service, fantastic food, and a chilled out atmosphere and environment.",environment,positive
"The bruscetta is a bit soggy, but the salads were fresh, included a nice mix of greens (not iceberg) all dishes are served piping hot from the kitchen.",iceberg,neutral
"The food is amazing, rich pastas and fresh doughy pizza.",pastas,positive
"The table service could have been a little more attentive but as someone who also works in the service industry, I understood they were busy.",table service,conflict
"The cafe itself was really nice with comfortable outdoor chairs and tables, but the service could have been better.",tables,positive
Indoor was very cozy and cute.,Indoor,positive
"I am amazed by the poor reviews- I find this place to be standout Italian in an area flooded with Italian- great prices, great atmosphere, good service and a wonderful wine list.",prices,positive
You must have the crabmeat lasagna which is out of this world and the chocolate bread pudding for dessert.,crabmeat lasagna,positive
The bar is very well stocked with interesting beers and well priced wines.,priced,positive
The lobster sandwich is good and the spaghetti with Scallops and Shrimp is great.,spaghetti with Scallops and Shrimp,positive
It's a great place to pick up a cheap lunch or dinner.,lunch,positive
"The waitstaff were attentive, polite and helpful - an impressive feat in such close quarters.",waitstaff,positive
"Super friendly and knowledgable staff, fabulous bistro fare and a wonderful jazz brunch with great live jazz (the chilaquiles were awesome!",jazz brunch,positive
"Yes, they use fancy ingredients, but even fancy ingredients don't make for good pizza unless someone knows how to get the crust right.",ingredients,positive
Not impressed with the food.,food,negative
"So, for good food i'd recommend it, but not for a fun night out.",food,positive
"Decor is nice and minimalist, food simple yet very well presented and cooked, and the wine list matches the food very well.",wine list,positive
"The atmosphere isn't the greatest , but I suppose that's how they keep the prices down .",prices,positive
We had a great tiem watching the shows and characters and ar food was just what we were looking for.,characters,positive
And they provided a delicious dessert on the house!,dessert,positive
"Having not been home in the last 2 years may skew this reviewer a bit, but the food was tasty and spicy sans the oil that comes floating along at similar venues.",food,positive
"The have over 100 different beers to offer thier guest so that made my husband very happy and the food was delicious, if I must recommend a dish it must be the pumkin tortelini.",dish,positive
Great sushi experience.,sushi,positive
The fried dumplings are GREAT!,fried dumplings,positive
"I only tried a simple dish of spinach ravioli in a light oil and garlic sauce, but it actually faired better than most NYC Italian joints I've tried similar dishes at.",dishes,neutral
The banana tower is an amazing dessert as well.,banana tower,positive
Try their plain pizza with fresh garlic or eggplant.,eggplant,positive
"Have always found that the waiters will go out of their way to be helpful, despite the fact they are often busy with lots of diners.",waiters,positive
all the food was excellent - considering the quality of food in most moderately priced restaurants is mediocre this was slightly more pricey and well worth it.,food,positive
"The staff is very kind and well trained, they're fast, they are always prompt to jump behind the bar and fix drinks, they know details of every item in the menu and make excelent recomendations.",bar,neutral
We could have made a meal of the yummy dumplings from the dumpling menu.,dumpling menu,positive
The staff is courteous and friendly.,staff,positive
Moderate prices.,prices,neutral
This is a cute place and could be good but they need to get their act together.,place,positive
Delicious food at a great price but do not go here on a cold day and sit by the front door.,front door,neutral
"I am amazed by the poor reviews- I find this place to be standout Italian in an area flooded with Italian- great prices, great atmosphere, good service and a wonderful wine list.",wine list,positive
"The food is delicious - from the specials to the regular menu-fare, the dishes are never a disappointment.",regular menu-fare,positive
"Three courses - choices include excellent mussels, puff pastry goat cheese and salad with a delicious dressing, and a hanger steak au poivre that is out of this world.",puff pastry goat cheese,positive
"The food is expensive, but worth every bite.",food,conflict
Plus they made a perfect martini.,martini,positive
We went to eat at the Jekyll and Hyde restaurant on Friday night and really enjoyed the fun atmosphere and good food.,atmosphere,positive
Great place to grab a hot bagel on the way to work.,hot bagel,positive
"The blond wood decor is very soothing, the premium sake is excellent and the service is great.",blond wood decor,positive
"The food is good, I can't lie.",food,positive
"The decor is vibrant and eye-pleasing with several semi-private boths on the right side of the dining hall, which are great for a date.",decor,positive
For those prices and the dressed up atmosphere you expect more and should get more.,atmosphere,negative
"Great food, great prices, great service.",food,positive
"Also, top the meal with a delicious and perfect slice of tiramisu.",meal,neutral
"The last two times I ordered from here my food was soo spicy that  I could barely eat it, and the spice took away from the flavor of the dish.",flavor,negative
This dish is my favorite and I always get it when I go there and never get tired of it.,dish,positive
You can even get packages of the chutneys to stock your fridge!,chutneys,positive
"The noise level was unbearable, conversation impossible.",noise level,negative
The menu prices are a bit expensive for what you get in quality and portion size.,quality,negative
"They forgot a sandwich, didn't include plastic forks, and didn't include pita with the hummus platter.",hummus platter,neutral
Friendly staff that actually lets you enjoy your meal and the company you're with.,meal,positive
Went there with my wife and we had to wait for a table even though you could see there many that were empty with not reservation sigh on them.,table,negative
Service was also horrible and the ambience is not that great.,Service,negative
"The decor is vibrant and eye-pleasing with several semi-private boths on the right side of the dining hall, which are great for a date.",semi-private boths,positive
"I found the food, service and value exceptional everytime I have been there.",value,positive
We were disappointed with the pre-fixe menu of only 2 choices per course (other restaurants offer 3 choices) and ended up ordering a la carte.,pre-fixe menu,negative
"The have over 100 different beers to offer thier guest so that made my husband very happy and the food was delicious, if I must recommend a dish it must be the pumkin tortelini.",pumkin tortelini,positive
"Very romantic fires - I've literally spent hours at Lanterna, drinking wine from their extensive wine and enjoying the ambience.",wine,positive
"We ate out in the back patio, which is worth it as it's cool and the music is hear well there.",back patio,positive
"I had a terrific meal, and our server guided us toward a very nice wine in our price range, instead of allowing us to purchase a similarly priced wine that wasn't as good.",meal,positive
Ess-A-Bagel (either by Sty-town or midtown) is by far the best bagel in NY.,bagel,positive
"An oasis of refinement:  Food, though somewhat uneven, often reaches the pinnacles of new American fine cuisine - chef's passion (and kitchen's precise execution) is most evident in the fish dishes and soups.",cuisine,positive
"I have known about this secret for the last 13 years, Emilio(the Godfather) has continued to serve food and wine for the gods at mortal prices.",food,positive
I usually go there later at night when I get off work so I don't have to deal with crowds or lines.,crowds,negative
"The photobook menu was a cute touch, certainly helped my group and I pick the fried chicken, pork chop, and noodle dishes that we all ordered.",noodle dishes,neutral
The scallion pancakes and fried dumplings were nothing out of the ordinary.,fried dumplings,neutral
"I love when restaurants think using fancy expensive ingrediants makes the food fine cuisine, even with no idea how to use them.",cuisine,positive
We've never had any problems with the staff but maybe we've been lucky?,staff,positive
This is one great place to eat pizza more out but not a good place for take-out pizza.,take-out pizza,negative
The spicy tuna and salmon are the best we've ever had.,salmon,positive
The brioche and lollies as party favors is a cute and sweet touch to a most memorable meal.,brioche and lollies,positive
"It only took about five or so minutes to get an empty table, but standing up wasn't too bad.",table,positive
"The food is yummy, especially their cooked-to-perfection mussels in spicy tomato sauce and their shoestring crispy fries.",food,positive
"The last two times I ordered from here my food was soo spicy that  I could barely eat it, and the spice took away from the flavor of the dish.",spice,negative
"A cool bar with great food, and tons of excellent beer.",beer,positive
"Do not get the Go Go Hamburgers, no matter what the reviews say.",Go Go Hamburgers,negative
all the food was excellent - considering the quality of food in most moderately priced restaurants is mediocre this was slightly more pricey and well worth it.,priced,neutral
less wait time for me!,wait time,positive
He has visited Thailand and is quite expert on the cuisine.,cuisine,positive
Cozy romantic atomosphere with only around 15 tables at most.,atomosphere,positive
"You will pay a lot for the decore, but the food is no better or worse than a lot of other Chinese and Asian fusion places in NY.",decore,negative
Kosher dills are the perfect compliment for your unforgetable sandwich and they give you plenty of them.,Kosher dills,positive
This is the best sushi in new york city - hands down.,sushi,positive
"The dishes offered were unique, very tasty and fresh from the lamb sausages, sardines with biscuits, large whole shrimp to the amazing pistachio ice cream (the best and freshest I've ever had).",lamb sausages,positive
Service was very prompt but slightly rushed.,Service,conflict
The plain pizza was soggy and the creative wild mushroom(third generation-Fornini) pizza we had was drenched with truffle oil in the middle( again making it soggy) and nothingon the rest.,plain pizza,negative
"The view is spectacular, and the food is great.",view,positive
"The staff was very attentive, the ambience lovely, and the food superb.",ambience,positive
"I wasn't there for the Half-Price Saturday Night Special, but Tuesday Night.",Half-Price Saturday Night Special,neutral
"The menu looked good, except for offering the Chilean Sea Bass, but the server does not offer up the specials that were written on the board outside.",menu,positive
Monday nights are a bargain at the $28 prix fix - this includes a three course meal plus *three* glasses of wine paired with each course.,course,neutral
What makes this restaurant special are the authentic sichuan cooking and being the only one in NYC that offers authentic chongqing hotpot.,chongqing hotpot,positive
"Aside from the Sea Urchin, the chef recommended an assortment of fish including Fatty Yellow Tail, Boton Shrimp, Blue Fin Torro (Fatty Tuna), Sea Eel, etc.",Sea Eel,neutral
"Everything is always cooked to perfection, the service is excellent, the decor cool and understated.",service,positive
"Even with a relatively inexpensive botle of wine, if you can call $70.00 inexpensive, the cost is through the roof for better than average fare.",cost,negative
"The Pastrami sandwich was like buttah and with pickles and an icy cold beer to wash it down, it was a pleasurable experience.",beer,positive
For two people with tip was less than $25 bucks.,tip,neutral
Zero ambiance to boot.,ambiance,negative
"The service was mediocre, and the lack of air conditioning made for a less than comfortable meal.",service,neutral
"Whether it's the parmesean porcini souffle or the lamb glazed with balsamic vinegar, you will surely be transported to Northern Italy with one bite.",parmesean porcini souffle,positive
"If you love seafood, you would love this place!",place,positive
"The Pastrami sandwich was like buttah and with pickles and an icy cold beer to wash it down, it was a pleasurable experience.",Pastrami sandwich,positive
The aesthetics of this place are like an airport lounge.,aesthetics,negative
"However, they've got the most amazing pastrami and the soups hit the spot.",pastrami,positive
"Only complaint would be that at an average cost of $12-$15 per meal, I'd like not to have to worry about finding a seat!",seat,negative
The service was friendly and the atmosphere was casual.,atmosphere,positive
I have been coming here for years and have nothing but good things to say about the service and the great staff at La Lanterna.,staff,positive
"Admittedly, this is not the place for gigantic pieces of fish overflowing the plate (and thank goodness, in my opinion) but for simple, elegant sushi there is no better place in New York or anywhere in the US.",fish,neutral
"not only does make the best pizza in NY , maybe anywhere.",pizza,positive
"If you're looking for a great meal at a decent price, go to Del Frisco's!",price,positive
"But when you are seated the waitresses are great, they explain everything on the menu, and the price of the food is really cheap for the service you get.",food,neutral
"The decor in this place is very diner-ish and the kind of place you expect in the East Village - not romantic, just simple, small and sparse.",decor,positive
they bring service up a notch by offerng complementary amuse bouche to all tables and gave us a small dessert for our celebration.,amuse bouche,positive
"It's the perfect restaurant for NY life style, it got cool design, awsome drinks and food and lot's of good looking people eating and hanging at the pink bar...",design,positive
"It is nearly impossible to get a table, so if you ever have the chance to go here for dinner, DO NOT pass it up.",dinner,positive
I also ordered for delivery and the restaurant forgot half the order.,delivery,negative
"I choose to go with one of the special, the braised lamb shank in red wine, which was excellent.",special,positive
"they didn't disappoint, service from the second i arrived at the door was extremely pleasant and attentive with almost one server per table.",service,positive
"The service, wine selection, ambiance are all outstanding and deserve recognition.",wine selection,positive
"- the bread at the beginning is super tasty and makes you want more - the pizza is delicious and comes in personal sizes, however be warned that the Peter's Favourite pizza with prosciutto and baby arugula is actually a margarite pizza with cold prosciutto and baby arugula on top, like a salad.",Peter's Favourite pizza with prosciutto and baby arugula,neutral
"It is about FOOD and Ambiance, and imagine how dreadful it will be it we only had to listen to an idle engine.",Ambiance,negative
We thought that this place is using too much of MSG cooking in the foods.,MSG cooking,negative
"The service was a bit slow, but they were very friendly.",service,negative
The garlic mashed potatoes are hands down the best in the city!,garlic mashed potatoes,positive
Food was good not great not worth the wait or another visit,Food,conflict
"The food was pretty good, but a little flavorless and the portions very small, including dessert.",dessert,negative
This is definitely an  excellent date spot because of the ambiance and on the weekends the  night scene is more than alive.,night scene,positive
"Get your food to go, find a bench, and kick back with a plate of dumplings.",plate of dumplings,positive
"Service is friendly, prices are good - delivery time was a little slow, but for the way this pizza tastes, I'm willing to overlook it.",delivery time,negative
I really recommend the very simple Unda (Egg) rolls.,Unda (Egg) rolls,positive
It took them 25 minutes to bring our appetizer.,appetizer,neutral
The food can get pricey but the prixe fixe tasting menu is the greatest food for a good price and they cater the food to any food allergies or food you don't like.,food,positive
Our agreed favorite is the orrechiete with sausage and chicken (usually the waiters are kind enough to split the dish in half so you get to sample both meats).,dish,neutral
Food and service was okay.,Food,neutral
"While the prices are nothing special, the portions are huge.",portions,positive
"my picks are:  - Scallion Pancake (fried with vegetable juice, very special and tasty)  - Guizhou Chicken  - Shredded Squid Family Style (one of my personal favorites)  - Sichuan Spicy Soft Shell Crab  - Shuizhu Fish (this one is for hardcore Sichuan food fans, I wouldn't recommend to my American friends as it's very spicy.",Sichuan food,neutral
"My husband said he could've eaten several more, the portion was fine for me he even exclaimed that the french fries were the best he has had.",portion,conflict
Although we were looking for regular lettuce and some walnuts the salads we got were great.,lettuce,neutral
The menu is very limited - i think we counted 4 or 5 entrees.,menu,negative
Our server checked on us maybe twice during the entire meal.,meal,neutral
The tuna and wasabe potatoes are excellent.,tuna,positive
I do suggest to ask to be seated upstairs if you are looking to be a little cozy.,upstairs,positive
They need a kick out of it but until then the sushi is pretty good and the place is consistent.,sushi,positive
Service was also horrible and the ambience is not that great.,ambience,negative
"Great food (spinach and corn dumplings and massamman curry), very friendly and no nonsense service and a clean and funky bathroom.",food,positive
We always get a sampling of appetizers and share.,appetizers,neutral
Service is fast and friendly.,Service,positive
We did have to wait at the bar for approx.,bar,neutral
The wine list is also really nice.,wine list,positive
A cool place to hang with your friends for a couple of healthy drinks and desserts.,desserts,positive
Ive asked a cart attendant for a lotus leaf wrapped rice and she replied back rice and just walked away.,lotus leaf wrapped rice,neutral
"The place is larger than most and features adequate seating unlike most joints, and has a bar which deserves a mention.",place,positive
"To finish off such a delightful dinner experience you must have dessert, especially the White Chocolate Bread Pudding with Gelato and hot chocolate.",dinner,positive
"The bread and lamb chops I had before the meal were quite good, however.",meal,neutral
"On the other hand, if you are not fooled easily, you will find hundreds of restaurants that will give you service and ambiance that is on par with Alain Ducasse, and food that will outshine in presentaion, taste, choice, quality and quantity.",food,negative
"The burger was great, also.",burger,positive
Went there with my wife and we had to wait for a table even though you could see there many that were empty with not reservation sigh on them.,reservation sigh,neutral
My husband and I enjoy Sangria.,Sangria,positive
Drinks way over priced.,Drinks,negative
This is an amazing place to try some roti rolls.,roti rolls,positive
It is kinda nosiy and the tables are close together but it's still a beautiful place to enjoy a nice dinner.,dinner,positive
"Found service above average, but that could be because we were 13 of us.",service,positive
"The food is great, service is ok.",food,positive
"night without a reservation, we had to wait at the bar for a little while, but the manager was so nice and made our wait a great experience.",manager,positive
The service was excellent and the food was delicious.,service,positive
Bartender was unable to tear himself away from friends at bar.,bar,neutral
"The service is friendly, if not the most prompt in the world, the food is great, and the prices, while not cheap, won't put your wallet out of commission.",prices,conflict
"With the exception of our lemon salad that had so much pepper on it that our eyes started watering, the food here was decent, not great.",food,neutral
all the food was excellent - considering the quality of food in most moderately priced restaurants is mediocre this was slightly more pricey and well worth it.,quality of food,positive
"try the spicy shrimp appetizer (again, not the greatest value in the world but worth the price) and the lamb vindaloo is great.",shrimp appetizer,positive
"They have it all -- great price, food, and service.",service,positive
I highly recommend Caviar Russe to anyone who wants delicious top grade caviar and fantastic service.,caviar,positive
"Largest and freshest pieces of sushi, and delicious!",pieces of sushi,positive
Try the chocolate mud cake (warmed) with 2 scoops of dulce de leche gelato.,dulce de leche gelato,positive
"I went at 6:00 PM specifically for the pre-theater menu ($19.95 for roasted tomato soup with chevre, steak frites, creme brulee) and it was marvelous.",steak frites,positive
We ordered some beef and noodle soup dishes from the Thai section of the menu but nothing we got was Thai.,menu,negative
"The chicken and steak were seasoned and cooked to perfection, and the lamb sandwhich is great for heartier appetites.",lamb sandwhich,positive
The food is a diamond in rough -- the food is delicious and homemade with the perfect balance of herbs and tomatoes.,herbs,positive
Their sake martini is wonderful.,sake martini,positive
"We figured we never had Argentinian Pizza before so we grabbed our lunch there, sharing a large Pelligrino, a pizza of two of their specials, one was goat cheese the other blue cheese, and both were excellent.",Pelligrino,positive
"Leon is an East Village gem: casual but hip, with well prepared basic French bistro fare, good specials, a warm and lively atmosphere.",atmosphere,positive
"The food is consistently wonderful - I've been coming here for years, and the owner has always been accomodating and friendly.",food,positive
Taj Mahal offeres gret value and great food.,value,positive
The one vegetarian entree (Abby's treasure) was actually quite a surprise - it was delicious and had wintermelon covering an assortment of fresh mushrooms and vegetables.,wintermelon,positive
The bruschetta and panini's are so yummy!,bruschetta,positive
i don't usually order wine with indian so i can't comment on their wine list or their wines.,wines,neutral
"The production is a symphony, alot of fun to experience.The food sublime for the most part.",food,positive
"If you are in a big group, this place is perfect because it recomends sharing - they have lazy susans on most tables - even families can feel comfortable here.",lazy susans,positive
"For appetizers, I recommend the shrimp fritters and dumplings.",shrimp fritters,positive
The food and staff always surprise me with the new heights they are taken to.,staff,positive
Decor is nice though service can be spotty.,service,negative
"Stay away from the two specialty rolls on the menu, though- too much avocado and rice will fill you up right quick.",rolls,negative
"The menu changed, portions were even smaller than before, a lentil dish was salty beyond edibility, a basmati rice dish lacked flavor.",lentil dish,negative
We also ordered two hot dogs thinking they would be pretty good since there is a whole section on the menu devoted to them.,hot dogs,neutral
We had the lobster sandwich and it was FANTASTIC.,lobster sandwich,positive
After really enjoying ourselves at the bar we sat down at a table and had dinner.,dinner,neutral
The bar is very well stocked with interesting beers and well priced wines.,beers,positive
"Quality of food is excellent and price is cheap, stick to pork, fish, chicken, lamb and vegetables.",Quality of food,positive
"If your favorite Chinese food is General Tao chicken, then this is NOT your place.",Chinese food,neutral
Great staff.,staff,positive
Veal Parmigana - Better than Patsy's!,Veal Parmigana,positive
Since my first dinner I have had the chance to have brunch at Orsay 3x.,dinner,neutral
If you are in search of the most authentic NYC deli experience look no further than the famous and historic Katz's Deli down on the Lower East Side.,deli,positive
"We have been to this place many times, and always have great food, wine, and service.",service,positive
"To finish off such a delightful dinner experience you must have dessert, especially the White Chocolate Bread Pudding with Gelato and hot chocolate.",dessert,positive
"Waiters tend to forget drinks completely, food portions are so tiny, two people have trouble sharing one entree.",Waiters,negative
The food there is so good that even to order out the wait is incredible.,wait,negative
Traditional French decour was pleasant though the hall was rather noisy - the restaurant was full and we had to raise our voices to be able to maintain a conversation.,Traditional French decour,positive
"After we got our sashimi order, I could not believe how small the portions were!",sashimi,neutral
Joya used to be a cool spot with decent food and a colorful - if not relaxed - atmosphere.,atmosphere,positive
My chow fun and chow see was really bland and oily.,chow fun and chow see,negative
"word of advice, save room for pasta dishes and never leave until you've had the tiramisu.",tiramisu,positive
"I like Cafe Noir dont get me wrong, it is jsut that the people who work there are evil and incompetent!!",people,negative
Great value for the quality ingredients.,ingredients,positive
"Everything looks great, the drinks, the decor, the food, even the people.",decor,positive
While the food was good (certainly no Il Mulino) the service was horrendous.,food,positive
Sauce was watery and the food didn't have much flavor.,food,negative
"While most people can attest to spending over $50 on drinks in New York bars and hardly feeling a thing, the drinks here are plentiful and unique.",drinks,positive
"In terms of the food itself -- nothing special, we limited ourselves to several appetizers.",appetizers,neutral
By far the best salad I have had in a fast food restaurant.,fast food,neutral
Ummm...the beer was cold.,beer,positive
"- for dessert we split chocolate cake and vanilla gelato (with espresso), which were tasty, but I thought a bit overpriced.",vanilla gelato (with espresso),conflict
"If you live in new york city, you'll find better food at small restaurants outside of time square and spend half the amount.",food,negative
"I am not the most experienced person when it comes to Thai food, but my friend who took me there is.",Thai food,neutral
"I LOVE their spicy scallop roll, and my boyfriend consistently gets the sesame chicken.",sesame chicken,positive
"Forget the rush and the wait and the noise (which isn't actually that bad), I mean please, who goes to a steakhouse to be coddled and romantic?",noise,conflict
"Great wine selection, Gigondas is worth the price, and the house champagne is a great value.",price,neutral
The food was mediocre at best but it was the horrible service that made me vow never to go back.,food,neutral
"The food was amazing, the service was so attentive and personable, and how about that ambience!",service,positive
"In terms of the food itself -- nothing special, we limited ourselves to several appetizers.",food,neutral
What came to our table was burned beyond recognition and stringy.,table,neutral
"The food is yummy, especially their cooked-to-perfection mussels in spicy tomato sauce and their shoestring crispy fries.",mussels in spicy tomato sauce,positive
Try the green curry!!!,green curry,positive
"We went here for lunch a couple of weeks ago on a Saturday, and I was thoroughly impressed with the food.",food,positive
"My husband had the mesclun, salmon, and ice cream and he enjoyed all 3 courses.",ice cream,positive
Salads are a delicious way to begin the meal.,meal,positive
"We were worried we would have trouble getting in, but somehow managed to have a short wait.",wait,positive
"I have tried to make reservations, but both times, the hostess didn't have my name.",hostess,negative
The red sliding doors may be unique but they do not block off the cold air from the outside.,doors,conflict
"my picks are:  - Scallion Pancake (fried with vegetable juice, very special and tasty)  - Guizhou Chicken  - Shredded Squid Family Style (one of my personal favorites)  - Sichuan Spicy Soft Shell Crab  - Shuizhu Fish (this one is for hardcore Sichuan food fans, I wouldn't recommend to my American friends as it's very spicy.",Scallion Pancake,positive
"If you want a casual neighborhood bistro that has great food and excellent service, this is the place.",service,positive
"The takeout menu says to keep an eye out for an expanded menu offering more italian dishes, I can't wait!",italian dishes,positive
"While we thoroughly enjoyed the food, it was annoying to scream across the table for conversation.",food,positive
"Aside from the rushed service, we were very impressed with the food and the drinks.",service,negative
"The decor in this place is very diner-ish and the kind of place you expect in the East Village - not romantic, just simple, small and sparse.",place,positive
black white shakes came out good also.,black white shakes,positive
"The food is decent at best, and the ambience, well, it's a matter of opinion, some may consider it to be a sweet thing, I thought it was just annoying.",ambience,conflict
They are often crowded on the weekends but they are efficient and accurate with their service.,crowded,negative
"Not a large place, but it's cute and cozy.",place,conflict
The fish is fresh but the variety of fish is nothing out of ordinary.,variety of fish,negative
The restaurant is rather small but we were lucky to get a table quickly.,table,positive
"I recommend their Pad See Ew, Pork Chops or Tofu plates.",Pork Chops,positive
"As far as the service goes, the waitresses were not particularly friendly, but they got the job done.",service,conflict
"The freshest, best variety, and the fastest delivery.",delivery,positive
The only disappointment was the coat check girls who didn't seem to know what a customer is on a realtively non-busy night (for the coat check girls).,coat check girls,negative
"The whole set up is truly unprofessional and I wish Cafe Noir would get some good staff, because despite the current one this is a great place.",staff,negative
And they have these home made potato chips at the bar that are the most delicious things in the world!,potato chips,positive
The ceiling is amazing!,ceiling,positive
I've dined at Alain Ducasse's restaurant in Monte Carlo for half the price for the same excellent dining experience.,dining,positive
"The photobook menu was a cute touch, certainly helped my group and I pick the fried chicken, pork chop, and noodle dishes that we all ordered.",fried chicken,neutral
"A glass of Leaping Lizard, a glass of prosecco, and the mussels had everything happy.",glass of Leaping Lizard,positive
"The space is a bit too small for live music, so on  jazz nights, it can be loud and cramped.",space,negative
"Overall, the ingredients and technique are there and I am encouraged enough to return at lunch or dinner to see whether the boldness of the flavour palette improves.",dinner,neutral
"Whenever you need a Sushi fix, Mizu will be there with quality fish and great service.",fish,positive
These innovators of french indian fusion do a great job of making dishes as interesting as possible while still being accessible.,french indian fusion,positive
The food is tasty and portion sizes are appropriate.,portion sizes,positive
Mermaid Inn is an overall good restaurant with really good seafood.,seafood,positive
"We ordered the special, grilled branzino, that was so infused with bone, it was difficult to eat.",grilled branzino,negative
"I plan to come here again and look forward to trying their assortment of bruschetta, panini's.....",panini,positive
"The service is a bit slow, but harkens back to my years growing up in Napoli, Italy where things are not rushed and when you sit down for dinner the table is yours all night.",dinner,neutral
"The food is uniformly exceptional, with a very capable kitchen which will proudly whip up whatever you feel like eating, whether it's on the menu or not.",kitchen,positive
"Nice atmosphere, the service was very pleasant and the desert was good.",desert,positive
(Always ask the bartender for the SEASONAL beer!!!,SEASONAL beer,positive
Don't eat here unless you're starving for thai food and you work next door.,thai food,negative
"Not only was the food outstanding, but the little 'perks' were great.",food,positive
The food is a diamond in rough -- the food is delicious and homemade with the perfect balance of herbs and tomatoes.,food,positive
"Food was very good as well, considering that we tried the budget selection (though I wish the pork belly that I ordered was roasted a bit longer, so that fat was more of a melt-in-your-mouth experience).",fat,negative
Obv caviar is top of the line but the rest of the menu is so diverse it gives you a chance to taste so manydifferent varietys.,menu,positive
"Our favorite meal is a pesto pizza, the house salad, and a good bottle of wine.",meal,positive
They even have a section in the menu called American Chinese food!,menu,negative
"The food is very good for it's price, better than most fried dumplings I've had.",food,positive
"I understand the area and folks you need not come here for the romantic, alluring ambiance or the five star service featuring a sommlier and a complicated maze of captain and back waiters - you come for the authentic foods, the tastes, the experiance.",sommlier,positive
"The staff has been nice, but they seemed really stressed and the unisex bathroom needs to be cleaned more often.",bathroom,negative
We had champagne and caviar and felt like princesses!,champagne,positive
"The service was superb, they treat you like family.",service,positive
We were seated outside and the waiter spilled red wine and hot tea on myself and my date.,outside,neutral
"Their sushi, Kamikaze and other Rolls are fresh and well presented.",Kamikaze,positive
Nothing better than buying a snapple for $3.25 too.,snapple,positive
The menu choices are similar but the taste lacked more flavor than it looked.,flavor,negative
While the food was good (certainly no Il Mulino) the service was horrendous.,service,negative
The service was great as well.,service,positive
I grew up on these bagels.,bagels,positive
We actually left hungry and went across the street to Wo Hop at 15 Mott street for some good chinese food.,chinese food,positive
I had the mango chicken and i can't go on to tell you how delicious that was and the presentation was beatiful.,mango chicken,positive
"Top spot in town for Vietnamese classics, better than places that cost a lot more.",Vietnamese classics,positive
We got in line and were served while in line a bannan fritter.,served,neutral
Scalina Fedeli reminded me why service is so integral to fine dining.,dining,positive
"Maybe I say so because it looked promising for people who like artery-clogging jewish deli food, but turns out to be poorly run and awful.",jewish deli food,conflict
Service and food is what any one would expect when spending that type of money.,food,neutral
"The bruscetta is a bit soggy, but the salads were fresh, included a nice mix of greens (not iceberg) all dishes are served piping hot from the kitchen.",salads,positive
"From the entrees to the sides to the drinks, everything was creatively prepared yet still simple.",entrees,positive
This place has realy fresh sushi and a nice large menu of Japanese classic cuisine.,Japanese classic cuisine,positive
Every waitress and customer who passed by me bumped into my chair.,waitress,neutral
"The service was attentive, yet discreet.",service,positive
"The food was just OK, at least for what food was available.",food,neutral
"The staff is very kind and well trained, they're fast, they are always prompt to jump behind the bar and fix drinks, they know details of every item in the menu and make excelent recomendations.",staff,positive
"The food inludes famous scrumptious bombay style chaat such as bhelpuri, sevpuri and samosa chaats, as well as other great indian appetizers.",indian appetizers,positive
I almost hesititate to write a review because the atmosphere was so great and I would hate for it too become to crowded.,atmosphere,positive
"The first time I went, and was completely taken by the live jazz band and atmosphere, I ordered the Lobster Cobb Salad.",atmosphere,positive
"Their bagels are fine, but they are a little overcooked, and not really a 'special' bagel experience.",bagel,neutral
There is also very limited seating and there can be a substantial wait in getting food at peak times.,wait,negative
"Stay away from the two specialty rolls on the menu, though- too much avocado and rice will fill you up right quick.",menu,neutral
"Ambiance and music funky, which I enjoy.",music,positive
"Ive been to many Thai restaurants in Manhattan before, and Toons is by far the best Thai food Ive had (except for my mom's of course).",Thai food,positive
The service was attentive without being overbearing and each dish we tried was wonderful from the spring rolls to the cod with pineapple tempura.,dish,positive
"Most of the servers are very attentive, friendly and quite attractive.",servers,positive
The food is above average for midtown and sligtly better than some of the other Heartland Breweries in the city.,food,positive
"Next time, we wouldn't dare ordering anything else other than some simple Asian appetizers and drinks.",Asian appetizers,positive
Le Pere Pinard has a $15 pre-theater menu that is outstanding.,pre-theater menu,positive
The zucchini and mashed potatoes are a blend of garlic and butter which simply melts in your mouth.,butter,positive
The soup is pretty good too.,soup,positive
My fish was delicious in an incredible curry sauce.,fish,positive
After my 3rd time the manager remembered me and treated me like an usual customer.,manager,positive
"Stay away from the two specialty rolls on the menu, though- too much avocado and rice will fill you up right quick.",avocado,negative
They have some great entrees here as well.,entrees,positive
But they've done a really nice job of offering all the typical pizzeria faves plus some terrific specials like the Godmother pizza (a sort of traditional flat pizza with an olive oil-brushed crust and less tomato sauce than usual).,specials,positive
"He not only makes his own homemade mozzarella, but every pie is ultra fresh.",pie,positive
"Great food, great lay out and awesome service.",food,positive
"The staff makes you feel at home, the food is great and the atmosphere is WONDERFUL!",atmosphere,positive
"Our waiter was fine, the place looks nice in that not-trying-too-hard way, but at those prices, a little more should be expected of your food.",place,positive
The food was boring and expensive.,food,negative
"The menu changed, portions were even smaller than before, a lentil dish was salty beyond edibility, a basmati rice dish lacked flavor.",flavor,negative
"I recommend the jelly fish, drunken chicken and the soupy dumplings, certainly the stir fry blue crab.",jelly fish,positive
"Food was very good as well, considering that we tried the budget selection (though I wish the pork belly that I ordered was roasted a bit longer, so that fat was more of a melt-in-your-mouth experience).",pork belly,negative
The menu seemed to have a wide variety of dishes for seafood lovers and interesting ways of preparing them.,menu,positive
Be careful of portions - they're HUGE.,portions,positive
Did I mention the wine?,wine,neutral
"While the ambiance and atmosphere were great, the food and service could have been a lot better.",atmosphere,positive
The food at this place is 'gourmet' Indian cuisine.,'gourmet' Indian cuisine,neutral
"The prices cannot be beat for the quality, quantity, freshness and taste.",freshness,positive
The portions are small but being that the food was so good makes up for that.,food,positive
"It is set far from the small street it's on, and there is no traffic noise.",traffic noise,positive
We had the most wonderful waitress.,waitress,positive
"All the money went into the interior decoration, none of it went to the chefs.",interior decoration,positive
The bill is approximately $25 for 2 at lunch without drinks.,bill,neutral
The lobster sandwich is $24 and although it was good it was not nearly enough to warrant that price.,price,negative
"Quality of food is excellent and price is cheap, stick to pork, fish, chicken, lamb and vegetables.",price,positive
"Three courses - choices include excellent mussels, puff pastry goat cheese and salad with a delicious dressing, and a hanger steak au poivre that is out of this world.",salad with a delicious dressing,positive
The location and ambience is Ok but the food is what makes up for it.,ambience,neutral
"We are very particular about sushi and were both please with every choice which included: ceviche mix (special), crab dumplings, assorted sashimi, sushi and rolls, two types of sake, and the banana tempura.",sushi,positive
Turned out there was full service upstairs and sat down.,service,positive
"On the other hand, if you are not fooled easily, you will find hundreds of restaurants that will give you service and ambiance that is on par with Alain Ducasse, and food that will outshine in presentaion, taste, choice, quality and quantity.",ambiance,neutral
"The ambiance is minimal the food is not phenomenal, but some dishes are quite good, such as the eggplant parmesan, veal in carozza chicken saltimbocca.",veal in carozza chicken saltimbocca,positive
The waitress was very patient with us and the food is phenomenal!,waitress,positive
"Last memorial day, I tried to make reservations but was told they were closed that weekend (interesting, but...).",reservations,negative
"On the other hand, if you are not fooled easily, you will find hundreds of restaurants that will give you service and ambiance that is on par with Alain Ducasse, and food that will outshine in presentaion, taste, choice, quality and quantity.",choice,negative
Has the chef and owner changed???,owner,neutral
I recently went to this restaurant with some co-workers for lunch and had an amazing time.,lunch,neutral
The price is reasonable although the service is poor.,price,positive
"Dip the ingredients in with your chopsticks, swirl them around, and eat.",chopsticks,neutral
"The place wasn't too hard to find, but it was kind of packed, as soon as my boyfriend and I got our food, the line reached the door.",food,neutral
"Great bar, most gorgeous bartenders you've ever seen (specifically the blond lady).",bartenders,positive
"The wait here is long for dim sum, but if you don't like sharing tables or if the typical raucous dim sum atmosphere is not your gig, this is a sleek (for Chinatown) alternative.",dim sum,neutral
"The plain slice is great and if you get toppings, the whole slice is topped with them, not sparsely sprinkled on like some places.",toppings,positive
The food's as good as ever.,food,positive
This place has the the correct ambience and an excellent staff to make you feel like a guest and a friend at the same time.,place,positive
Acceptable prices.,prices,positive
They smell like they stuff them with old canned vegetables like the spinach mushroom calzone.,canned vegetables,negative
The quality of food at this restaurant accompanied  by fantastic live jazz makes this place a perfect 10!,live jazz,positive
"I had the tuna tartare with sake, mushroom ravioli with pinot noir, and the chocolate sampler with a dessert wine for $49.",chocolate sampler,positive
"No dress codes, no attitudes, plenty of comfort companionship, a great place to relax in an always busy Midtown.",attitudes,positive
The workers there also absolutely load the bagel with cream cheese (gets a little messy).,cream cheese,neutral
"Light, refreshing summer rolls (not fried) remind me of Vietnamese places in Paris.",summer rolls,positive
"There was a small wait, but shorter than I expected.",wait,conflict
"The staff has always been attentive and kind, and I've always been amazed at how they've handled all the various different group sizes that come in.",staff,positive
"This is the perfect spot for meeting friends, having lunch, dinner, pre-theatre or after-theatre drinks!",spot,positive
"But when you are seated the waitresses are great, they explain everything on the menu, and the price of the food is really cheap for the service you get.",service,positive
you can actually get 2 salads worth if u take it home and add it to some lettuce!,salads,negative
Owner must have coem on this website to give himself credit.,Owner,neutral
"Moules were excellent, lobster ravioli was VERY salty!",Moules,positive
"The food inludes famous scrumptious bombay style chaat such as bhelpuri, sevpuri and samosa chaats, as well as other great indian appetizers.",food,positive
The owners and employees are friendly and their pizza is fantastic.,owners,positive
IT IS WHAT MODERN CUISINE IS ALL ABOUT.,CUISINE,positive
The place is so cool and the service is prompt and curtious.,place,positive
We had a 3 hour brunch- they definitely do not rush you- and they kept the unlimited mimosas flowing the whole time.,brunch,positive
I do not recommend lunch specials just because it tasts the same with other regular chinese restaurant.,lunch specials,negative
Wine list selection is good and wine-by-the-glass was generously filled to the top.,wine-by-the-glass,positive
Much more reasonably priced too!,priced,positive
The one vegetarian entree (Abby's treasure) was actually quite a surprise - it was delicious and had wintermelon covering an assortment of fresh mushrooms and vegetables.,Abby's treasure,positive
Decent wine at reasonable prices.,wine,positive
"The food is very good too but for the most part, it's just regular food, nothing special.",food,positive
"It's really also the service, is good and the waiters are friendly.",service,positive
"My husband had the mesclun, salmon, and ice cream and he enjoyed all 3 courses.",mesclun,positive
"Good, fast service.",service,positive
"I come from a family of pizzeria owners, and I'm almost ashamed to say that the pizza in Fornino's blows my families receipies away.",pizza,positive
I got an excellent piece of cheesecake and we had several other nice pastries.,pastries,positive
"Saturday, Nov. 6th I had a group from work come in with about 35 people and the staff was amazing to accomodate us.",staff,positive
I would have gotten some cole slaw and a knish if my stomach had more space.,knish,neutral
"Aside from the Sea Urchin, the chef recommended an assortment of fish including Fatty Yellow Tail, Boton Shrimp, Blue Fin Torro (Fatty Tuna), Sea Eel, etc.",Fatty Yellow Tail,neutral
"Great food at REASONABLE prices, makes for an evening that can't be beat!",food,positive
Service was very good and warm.,Service,positive
But who says Murray's is anything about service.,service,neutral
"With the exception of our lemon salad that had so much pepper on it that our eyes started watering, the food here was decent, not great.",pepper,negative
I REALLY ENJOYED THE SHOWS PUT ON BY THE ACTORS.,SHOWS,positive
There are much better places in NY with better prices.,prices,negative
"Whem asked, we had to ask more detailed questions so that we knew what the specials were.",specials,neutral
Great food and the prices are very reasonable.,prices,positive
The only fallback on this restaurant is the prices.,prices,negative
"We only ordered desserts and drinks, but no refills were offered.",desserts,neutral
"I have tried to make reservations, but both times, the hostess didn't have my name.",reservations,neutral
"The food is delicious - from the specials to the regular menu-fare, the dishes are never a disappointment.",food,positive
Food was good and the view of the new york city skiline was terrific even on a foggy rainy day like that of when I went.,view,positive
The quail was fantastic and unique and the pastas were full of flavor.,pastas,positive
The place itself is beautiful the bar scene seems to be happening.,place,positive
"When going out for a nice dinner, I like a nice ambiance as well as very good food.",dinner,positive
"All in all, this midtown gem instantly became one of my favorite sushi restaurants in the city.",sushi,positive
We even had a visit from the Manager who wanted to make sure we were enjoying ourselves.,Manager,positive
The entire dining experience was wonderful!,dining experience,positive
"Granted the space is smaller than most, it is the best service you will find in even the largest of restaurants.",space,negative
Any if you have a reservation you'll wait for max 5 minutes - so have a drink at the bar.,bar,neutral
"Overall the restaurant is more expensive than our other sushi favorites, but everything was delicious.",sushi,neutral
As we were sitting eating the subpar food the manager proceeded to berate a couple of his employees for putting out the wrong containers for condiments and explained to them how expensive these containers were.,manager,negative
go here for the drinks!,drinks,positive
I couldn't reccommend their Godmother pizza any higher.,Godmother pizza,positive
"Some of the workers ignore me and talk to the female customers, other times, they've skipped my order.",order,negative
Any if you have a reservation you'll wait for max 5 minutes - so have a drink at the bar.,reservation,positive
What generous portions!,portions,positive
"Delicious food, excellent service, and a pretty atmosphere make this a great choice for dinner and the $5.99 lunch buffet makes it an even better choice for lunch!",food,positive
Try the chocolate mud cake (warmed) with 2 scoops of dulce de leche gelato.,chocolate mud cake (warmed),positive
"Odd for Ave B, not just odd, The place attracts an eclectic crowd to say the least.",place,positive
"The menu is Prix Fixe, so be prepared to spend at least $60 per person, but it is Well worth itsuperb food.",food,positive
The pizza is delicious and the proprietor is one of the nicest in NYC.,proprietor,positive
The atmosphere is much better than Sripraphai (more modern and sleek).,atmosphere,positive
"The chicken and steak were seasoned and cooked to perfection, and the lamb sandwhich is great for heartier appetites.",steak,positive
"Overall, the best bagel in town.",bagel,positive
"Delicate spices, onions, eggs and a kick-ass roti.",onions,positive
"The spicy tuna roll was unusually good and the rock shrimp tempura was awesome, great appetizer to share!",rock shrimp tempura,positive
"Good spreads, great beverage selections and bagels really tasty.",beverage selections,positive
"The menu looked good, except for offering the Chilean Sea Bass, but the server does not offer up the specials that were written on the board outside.",specials,neutral
"The food, drinks and service are clearly among the best in the city.",service,positive
"My wife and I also enjoyed the spinach, the Shanghai low mein, and other attractions.",spinach,positive
"The ingredients taste fresher, the crust is thinner and crispier, the slice is less oily, and it's never burnt like it occasionally is at Joe's.",slice,positive
"If you're craving for Haru's great food, especially the House Roll, but can't stand the wait building outisde, head across the street to their Sake Bar!",food,positive
"It's also attached to Angel's Share, which is a cool, more romantic bar...",bar,positive
Your money could easily be better spent elsewhere (Anywhere).,money,neutral
"head and shoulders above its neighboors on east 6 st, taj mahal is also very comparable, in food quality, to the much overpraised (and underdeserving) baluchi's.",food quality,positive
"We parked on the block of Nina's the place looked nice, with people obviously enjoying their pizzas.",pizzas,positive
"Granted the space is smaller than most, it is the best service you will find in even the largest of restaurants.",service,positive
"Shockingly easy to throw a group dinner here: simple contract, deposit only to hold the date the entire 2nd fl mezz for our grp of 20.",group dinner,neutral
great place to go for a drink too because they have 100 kinds of beer.,kinds of beer,positive
And even with it's Pub atmosphere they were great to my kids too!,Pub atmosphere,conflict
"The steak is good, the fish is good and the sushi was surprisingly great.",fish,positive
"If you're looking for a place to sit down, have a drink and conversations with friends, go to sweet-n-tart and order yourself a hong-kong styled milk and tea with tapioca pearls (hot).",drink,neutral
There is a downside if you're ordering in -- the delivery guys have MAJOR attitude.,delivery guys,negative
I keep my fingers crossed the whole subway ride hoping that there will be a table I can sit at by myself and not have to share with the rice congee soup people.,table,neutral
Great Indian food and the service is incredible.,service,positive
"The entree was bland and small, dessert was not inspired.",dessert,negative
Pair you food with the excellent beers on tap or their well priced wine list.,priced,positive
"Even if the food wasn't this good, the garden is a great place to sit outside and relax.",garden,positive
"The food is consistently wonderful - I've been coming here for years, and the owner has always been accomodating and friendly.",owner,positive
The food there are sastifying.,food,positive
"Great food (spinach and corn dumplings and massamman curry), very friendly and no nonsense service and a clean and funky bathroom.",spinach and corn dumplings,positive
"The prices cannot be beat for the quality, quantity, freshness and taste.",prices,positive
There is also very limited seating and there can be a substantial wait in getting food at peak times.,food,neutral
Try the lasagnette appetizer.,lasagnette appetizer,positive
The best pad thai i've ever had.,pad thai,positive
Best drumsticks over rice and sour spicy soup in town!,sour spicy soup,positive
And at the conclusion of this culinary nightmare the check was given to our table by knocking over a glass of water.,table,neutral
It took them 15 minutes to put water in our glasses.,water,neutral
"Even better, they know how to cook French classics like Steak au Poivre and Onglet without burning it to death or overcooking it.",Steak au Poivre,positive
"They have it all -- great price, food, and service.",food,positive
The wine list is extensive and can easily hike up an otherwise reasonably priced meal.,priced,positive
The lobster sandwich is good and the spaghetti with Scallops and Shrimp is great.,lobster sandwich,positive
The bill is approximately $25 for 2 at lunch without drinks.,drinks,neutral
Threw my fiance's surprise 30th birthday dinner here couldn't be happier.,dinner,neutral
If you want good authentic Thai this place is not the place to go.,Thai,negative
Too bad the food wasn't of the same heritage.,food,negative
"this is the best secret place in midtown', I heard that from the bartender, after having brilliant food ( try steak with portobello mushrooms) and drinks on the bar last Tuesday.",food,positive
Really cool stauff inside.,stauff,positive
"That is a problem since we paid about 20 bucks a dish, and had to order 5 dishes to get a decent taste.",taste,neutral
"Even if the food wasn't this good, the garden is a great place to sit outside and relax.",food,positive
"We went here for lunch a couple of weeks ago on a Saturday, and I was thoroughly impressed with the food.",lunch,neutral
"I don't like Indian food too much and this was delicious, however you want to factor that into the equation.",Indian food,positive
"The food's dazzling flavors overwhelm the palate, truly embracing the beauty of authentic Thai cuisine.",food,positive
I just wonder how you can have such a delicious meal for such little money.,meal,positive
Great romantic place for a date (try to get the corner booth table for a little privacy and to sit close!).,place,positive
And their prices are very high - they actually think that they can get away with charging such prices for such terrible food and service!,prices,negative
"I've been to this restaurant more than a dozen times and when I'm craving for Pho, Lemon grass chicken or Beef Cube on rice, this is the place to go.",Pho,positive
"not the food ,not the ambiance , not the service, I agree with the previous reviews you wait and wait , the wait staff are very rude and when you get in they are looking to get you right out .",service,neutral
The fish is fresh but the variety of fish is nothing out of ordinary.,fish,positive
Thius is a must for anyone who loves Shabu-Shabu.,Shabu-Shabu,positive
"But, nothing stands out about the cooking.",cooking,neutral
Although be warned their dinner menu to sit and take out prices are different.,take out,neutral
The bar has various selections and the mixed drink special is a catcher! 2 for 1's.,bar,positive
No you're going to go back because the food was good.,food,positive
There is actually space to breathe and the decor sets the tone for an intimate dinner.,space,positive
The bagel was huge.,bagel,neutral
And the bill was outragous.,bill,negative
Our agreed favorite is the orrechiete with sausage and chicken (usually the waiters are kind enough to split the dish in half so you get to sample both meats).,meats,neutral
"The staff has always been friendly without seeming grating, and the chef has greeted us on a couple of occasions.",staff,positive
Love the Jazz bands on Fri and Sat.,Jazz bands,positive
There was a great deal for 6 Blue Point oysters and a beer or glass of wine for $8!,Blue Point oysters,neutral
The food was lousy - too sweet or too salty and the portions tiny.,food,negative
"The environment is romantic, but the food is horrible, the service is pathetic, and gabriella lies about everything she could.",environment,positive
"The signs, the specials menus, food, and even all the waitstaff are ALL TOTALLY Japanese.",waitstaff,positive
"The food was really good, I had the onion soup and it was one of the best ever.",food,positive
The food was well prepared and the service impecable.,food,positive
I love the fact that the pizza tastes so good and is so cheap.,pizza,positive
"This wasn't the expected menu comprised only of pad thai and tom yum soup, but I thought that was what made the place so special.",pad thai,neutral
"We a menu that rearely changes,e xcept for one or two specials, the quality and care they put in thier food in evident.",specials,neutral
"My entree of hot pot with seafood was full of imitation crabmeat with a couple pieces of shrimp and squid, and was unnecessarily heated with a burner.",entree,positive
"night without a reservation, we had to wait at the bar for a little while, but the manager was so nice and made our wait a great experience.",reservation,neutral
I would recommend putting your name down and then getting a drink at a local bar first though because of the wait time.,wait time,negative
All the pastas are fantastic and the homemade lasagna is some of the best that I have had in the City.,homemade lasagna,positive
The place is small and cramped but the food is fantastic.,food,positive
"To begin, we were told there was a 30 minute wait and started to leave, when the hostess offered to call us on our cell phone when the table was ready.",wait,negative
"A few tips: skip the turnip cake, roast pork buns and egg custards.",turnip cake,negative
"From the incredible food, to the warm atmosphere, to the friendly service, this downtown neighborhood spot doesn't miss a beat.",atmosphere,positive
"From beginning appetizers, the scallops were incredible, to the delicious chocolate souffle with rasberry mint sorbet, we were delighted by the taste sensations.",chocolate souffle with rasberry mint sorbet,positive
"As for the bar, this is another bad idea.",bar,negative
I must say the view of NYC is so beautiful!,view,positive
"You can certainly find restaurants that offer a superior fine dining experience, but for superb food at reasonable prices, La Villa can't be beat.",food,positive
THe Pizza and wine were excellent-the service too--but what really MADE this place was the backyard dining area.,wine,positive
Best drumsticks over rice and sour spicy soup in town!,drumsticks over rice,positive
"We have been to this place many times, and always have great food, wine, and service.",wine,positive
"The crust is thin, the ingredients are fresh and the staff is friendly.",crust,positive
"Plus, on Wednesday nights the house wine is unlimited!",house wine,positive
The food here does a great service to the name (Cantonese that is...).,Cantonese,positive
"The food was not very tasty, the portioins were tiny even for such a high quality restaurant.",food,negative
"We were seated promptly as we had reservations, however after that the service was slow.",reservations,positive
"All the appetizers and salads were fabulous, the steak was mouth watering and the pasta was delicious!!!",appetizers,positive
Truly the mark of an attentive waiter.,waiter,positive
The barebecued salmon is elegantly spiced and not at all dry.,barebecued salmon,positive
They used shredded cheese on top!,shredded cheese,neutral
"However, in the summer of 2003, it seems the management has changed and the great big door has been replaced for a glass front ridding itself of the dark romantic getup.",door,positive
I had the best ravioli ever.,ravioli,positive
"The tables are crammed way too close, the menu is typical of any Italian restaurant, and the wine list is simply overpriced.",menu,neutral
"Great food, great prices, great service.",service,positive
"Aside from the Sea Urchin, the chef recommended an assortment of fish including Fatty Yellow Tail, Boton Shrimp, Blue Fin Torro (Fatty Tuna), Sea Eel, etc.",chef,neutral
"Got club soda, filled with ice, no lime.","club soda, filled with ice, no lime",neutral
I have never better enjoyed humble root vegetables or a mushroom consomme - and this chef accomplishes without fats.,root vegetables,positive
Service was slow had to wait to order and get food although not crowded.,Service,negative
This place must have cost the owners afortune to build.,cost,negative
The steak was very fatty and the sauce was overpowering and not very tasty.,sauce,negative
"As much as I like the food there, I can't bring myself to go back.",food,positive
Went on a double date with friend and his girlfriend for a few drinks and appetizers.,drinks,neutral
The prices and ambience are especially great considering it's in the West Village.,prices,positive
Excellent lunch buffet for only $6.95.,lunch buffet,positive
"For years, I thought Tuscan cuisine was the best, but Salvatore converted me to the hearty Neapolitan fare on my first visit.",Neapolitan fare,positive
"Fabulous service, fantastic food, and a chilled out atmosphere and environment.",food,positive
"If it's just a quick martini at the bar (which I recommend Jeffery's) or a mind blowing Roast Chicken, go to Village!",Roast Chicken,positive
"The food is terrible and overall, I would have to say avoid at all costs.",food,negative
"Only complaint would be that at an average cost of $12-$15 per meal, I'd like not to have to worry about finding a seat!",cost,negative
The food was mediocre at best but it was the horrible service that made me vow never to go back.,service,negative
"Had 1 appetizer, 2 entrees and 2 cokes and the bill was ~$55.00, not including tip.",appetizer,neutral
"While the room is not particularly comfortable, once you're seated you'll forget about everything except what's on your plate.",plate,positive
The miso soup lacked flavor and the fish was unfortunately not as well prepared as in the past.,fish,negative
"Though the Spider Roll may look like a challenge to eat, with soft shell crab hanging out of the roll, it is well worth the price you pay for them.",Spider Roll,conflict
They don't seem to place an emphasis on specials or fresh ingredients which to me is necessary for good thai.,thai,neutral
You can get an excellent meal at most of the many Indian restaurants on nearby Lexington Avenue for the cost of one the dainty dishes here.,cost,conflict
"I haven't eat a lamb chop as delicious as that,the salads are really nice dressed with lemon and extra virgnin olive oil.",salads,positive
"- the bread at the beginning is super tasty and makes you want more - the pizza is delicious and comes in personal sizes, however be warned that the Peter's Favourite pizza with prosciutto and baby arugula is actually a margarite pizza with cold prosciutto and baby arugula on top, like a salad.",bread,positive
The appetizers are just OK and the main courses were decidedly subpar.,appetizers,neutral
"The porcini mushroom pasta special was tasteless, so was the seafood tagliatelle.",seafood tagliatelle,negative
"We could not catch our waiter's eye, and he ignored us.",waiter,negative
"I don't know about you guys, but when I go somewhere to eat I go for the food not for the atmosphere.",atmosphere,neutral
"The view is spectacular, and the food is great.",food,positive
We ordered some beef and noodle soup dishes from the Thai section of the menu but nothing we got was Thai.,noodle soup dishes,negative
"those rolls were big, but not good and sashimi wasn't fresh.",sashimi,negative
"The food was delicious (I had a halibut special, my husband had steak), and the service was top-notch.",service,positive
"Very romantic fires - I've literally spent hours at Lanterna, drinking wine from their extensive wine and enjoying the ambience.",ambience,positive
I had to share my table with a loud group of kids and the service was rude an unattentive.,table,negative
"Yes, the prices are high, but I felt it was worth it.",prices,conflict
"The restaurant is dark and not very attractive and then you have spot lights shining on you putting you in the worst light possible, reaching for sunglasses.",spot lights,negative
"The bread is the soft paratha bread (unlike the plain bread they use in Calcutta), and the stuffing is tandoori styled and very flavorful.",bread,positive
sometimes i get good food and ok service.,service,neutral
Taxan delicious!,Taxan,positive
We were seated outside and the waiter spilled red wine and hot tea on myself and my date.,hot tea,neutral
"The waiters are sweet, the food is tasty and the bill is never too large.",food,positive
Diner food at bistro prices is a bummer....,prices,negative
"Food is usually very good, though ocasionally I wondered about freshmess of raw vegatables in side orders.",Food,conflict
Faan's got a great concept but a little rough on the delivery.,delivery,negative
"Even if the food wasn't this good, the garden is a great place to sit outside and relax.",place,positive
Pair you food with the excellent beers on tap or their well priced wine list.,food,neutral
I grew up eating Dosa and have yet to find a place in NY to satisfy my taste buds.,Dosa,neutral
"If you like the food and the value you get from some of Chinatown restaurants, this is not the place for you.",food,neutral
"I had the cod with paella (spicy and very filling, I'm a big eater and could only eat half) while my boyfriend had the classic fish and chips (again, a big serving - at least 5 pieces of fish and a basketful of fries).",cod with paella,negative
Their wines by the glass are a great accompaniment and you can eat like a king with wine for under $30.,wines by the glass,positive
"When my husband and go there, we spend $60.00 (have LOBSTER TAILS UMMMMM need I say more) I can't say any more, it a place you'll never forget If you never go, you'll miss A Meal of your life time",LOBSTER TAILS,positive
"The service was typical short-order, dinner type.",service,neutral
"The staff was accomodating, the food was absolutely delicious and the place is lovely.",place,positive
The secret is the lunch menu which offers a complimentary appetizer with every entree ordered.,appetizer,positive
The cold appetizer dishes taste like the way I remember them to taste when I was growing up in Taiwan.,cold appetizer dishes,positive
The atmosphere was crowded but it was a great bistro-type vibe.,atmosphere,conflict
"While certain staples are excellent (the burger, some of the pastas), the food is not really the point.",staples,positive
"We couldn't carry our conversation as we were routinely interrupted by waitress and servants asking us to order and hinting that we're taking too much time -- amazing, we just sat down.",waitress,negative
Its a great place for a casual date or to entertain clients for lunch.,lunch,neutral
"Oh yes, and if you are a fan of Indian oldies film stars, there are plenty of portraits of Indian actors and actresses in classic black white that adorn the walls, some of which, I would love to know where they obtained.",portraits,positive
"To finish off such a delightful dinner experience you must have dessert, especially the White Chocolate Bread Pudding with Gelato and hot chocolate.",White Chocolate Bread Pudding with Gelato and hot chocolate,positive
"Always a nice crowd, but never loud.",crowd,positive
"During our meal, the management came over and checked on us and even bought us a round of drinks.",management,positive
"However, their popularity has yet to slow down, and I still find myself drawn to their ambiance and delectable reputation.",ambiance,positive
"Good atmosphere, combination of all the hottest music dress code is relatively strict except on Fridays.",atmosphere,positive
"They forgot a sandwich, didn't include plastic forks, and didn't include pita with the hummus platter.",sandwich,neutral
The cream cheeses are out of this world and I love that coffee!!,coffee,positive
THE FOOD PORTIONS ARE REALLY LARGE.,FOOD PORTIONS,positive
"After a seafood craving, i checked citysearch and chose to go to Fish based on a previous review and the citysearch info.",seafood,neutral
"The food came out wrong, the waiter was no where to be found and the wine showed up at the end of the meal.",wine,negative
This place is incredibly tiny.,place,negative
"However, service was as plain as sesame crusted Salmon I had.",sesame crusted Salmon,neutral
They had scrapped the bottom of the vessel in which they make the rice -RESULT - WE HAD LARGE CHUNKS OF BURNT RICE IN OUR SERVING BOWL.,rice,negative
"This place has the best interior I have seen anywhere in the northside of W'burg, and will impress whoever you bring there.",place,positive
"While the place is not a hotspot hangout, the drinks are unique and pack a lot of bang for the buck.",place,negative
"From the entrees to the sides to the drinks, everything was creatively prepared yet still simple.",sides,positive
"Took my mom for Mother's Day, and the maitre d' was pretty rude.",maitre d',negative
"The service is excellent, the decor is great, and the food is delicious and comes in large portions.",decor,positive
The website and rating makes this place look wonderful but in reality it was very disappointing.,place,conflict
"Besides, when you have bad service, that's less money you have to tip.",tip,negative
The food options rule.,food options,positive
"Bagels are ok, but be sure not to make any special requests!",Bagels,neutral
"The food, drinks and service are clearly among the best in the city.",drinks,positive
"The place is a little tight and on a cold day, the seating by the entranceway can be pretty drafty.",place,negative
I can't believe people complain about no cheese sticks?,cheese sticks,neutral
The secret is the lunch menu which offers a complimentary appetizer with every entree ordered.,entree,positive
"Normally that would be improper, however they were all delicious and my host did not complain.",host,neutral
"I have had so many dinners here and it's always been perfect - on a date with my husband, with my mom, with girlfriends and larger groups.",dinners,positive
The service was excellent - friendly and attentive.,service,positive
"I had the cod with paella (spicy and very filling, I'm a big eater and could only eat half) while my boyfriend had the classic fish and chips (again, a big serving - at least 5 pieces of fish and a basketful of fries).",fries,neutral
"Service was warm and attentive, beef carpaachio was exellent (huge portion) and pasta was fresh and well-prepared.",Service,positive
We visited Orsay during NY Restaurant Week and tried their $35 menu.,menu,neutral
"I found it on a cold night, the perfect spot to warm up.",spot,positive
The place is a BISTRO which means: simple dishes and wine served efficiently in a bustling atmosphere.,served,positive
There is also very limited seating and there can be a substantial wait in getting food at peak times.,seating,negative
"The food inludes famous scrumptious bombay style chaat such as bhelpuri, sevpuri and samosa chaats, as well as other great indian appetizers.",samosa chaats,positive
And they have these home made potato chips at the bar that are the most delicious things in the world!,bar,neutral
"Forget the rush and the wait and the noise (which isn't actually that bad), I mean please, who goes to a steakhouse to be coddled and romantic?",rush,conflict
"in an effort to increase turnover, the restaurant offers no desserts beyond the complimentary espresso cup filled with chocolate mousse.",espresso cup filled with chocolate mousse,positive
"While the ambiance and atmosphere were great, the food and service could have been a lot better.",service,negative
"An oasis of refinement:  Food, though somewhat uneven, often reaches the pinnacles of new American fine cuisine - chef's passion (and kitchen's precise execution) is most evident in the fish dishes and soups.",chef,positive
The service is outstanding and my crab-cake eggs benedict could not have been better.,service,positive
Great romantic place for a date (try to get the corner booth table for a little privacy and to sit close!).,privacy,positive
"Unlike HH up the block, this place actually gives you hearty and hot bagels this town is known for.",bagels,positive
If you like your music blasted and the system isnt that great and if you want to pay at least 100 dollar bottle minimun then you'll love it here.,music,negative
"Check it out, it won't hurt your stomach or your wallet.",stomach,positive
"Quality ingredients preparation all around, and a very fair price for NYC.",ingredients,positive
"Among all of the new 5th avenue restaurants, this offers by far one of the best values for your money.",values for your money,positive
After really enjoying ourselves at the bar we sat down at a table and had dinner.,bar,positive
"It cannot be the ambience, because the place is very cramped and some guests have to sit in an aisle.",aisle,negative
"It costs $2 extra to turn a regular roll into an inside-out roll, but the roll more than triples in size, and that's not just from the rice.",roll,negative
I had the mango chicken and i can't go on to tell you how delicious that was and the presentation was beatiful.,presentation,positive
"You get what you pay for and with that logic in mind, Spice is a great place to grab some cheap eats and drinks in a beautiful setting.",drinks,positive
"The drinks are a saving grace, but service staff, please, get over yourselves.",service staff,negative
"It costs $2 extra to turn a regular roll into an inside-out roll, but the roll more than triples in size, and that's not just from the rice.",roll,negative
My friend's food was also the complete opposite of what it's supposed to taste like (aND look like).,food,negative
"Dessert - can't be missed, so save room!!!",Dessert,positive
"Great food (spinach and corn dumplings and massamman curry), very friendly and no nonsense service and a clean and funky bathroom.",bathroom,positive
"I found the food to be outstanding, particulary the salmon dish I had.",salmon dish,positive
I've read some of the previews reviews - people are either not New Yorkers or have more appreciation for ambience then food.,food,neutral
"With so many good restaurants on the UWS, I don't need overpriced food, absurdly arrogant wait-staff who don't recognize they work at a glorified diner, clumsy service, and management that doesn't care.",food,negative
My friend ordered some of their special sushi rolls which had excellent presentation and tasted great!,sushi rolls,positive
"My goodness, everything from the fish to the rice to the seaweed was absolutely amazing.",rice,positive
The prices are exceptionally reasonable for food of this caliber.,food,positive
"Delicious food, excellent service, and a pretty atmosphere make this a great choice for dinner and the $5.99 lunch buffet makes it an even better choice for lunch!",service,positive
"Everything, from the soft bread, soggy salad, and 50 minute wait time, with an incredibly rude service to deliver below average food.",food,negative
"It was nice and fresh, but I can't give it high scores on being authentic thai.",thai,negative
"Best of all is the warm vibe, the owner is super friendly and service is fast.",owner,positive
A Thai restaurant out of rice during dinner?,rice,neutral
"I would definitely go back for a very special occasion, but not for regular fine dining.",dining,neutral
This big draw is the all you can sushi here for $19.95!,sushi,positive
Great pizza and fantastic service.,service,positive
Service is top notch.,Service,positive
"Disappointing food, lousy service.",service,negative
We both opted for a pasta dish and they were served timely and fresh.,pasta dish,positive
The workers there also absolutely load the bagel with cream cheese (gets a little messy).,workers,neutral
"the real kicker of the menu, however, is the beef cubes or the chicken with chili and lemon grass.",chicken with chili and lemon grass,positive
"If the weather is nice, try to snag an outside table.",table,positive
"Service was very good - prompt, attentive and non-intrusive.",Service,positive
"And the staff is also young, energeic and hot!!!!",staff,positive
We had the pot-stickers which were great and a tempura dish that was great.,pot-stickers,positive
The staff there is very attentive and down to earth.,staff,positive
"Quality of food is excellent and price is cheap, stick to pork, fish, chicken, lamb and vegetables.",chicken,positive
I went to Del Frisco's Friday night with my boyfriend for an 8:00 reservation.,reservation,neutral
$20 gets you unlimited sushi of a very high quality- I even took a friend here from Japan who said it was one of the best sushi places in the US that he has been to.,quality,positive
The white bean brushetta to start was incredible and the pasta was phenomenal.,white bean brushetta,positive
"- the bread at the beginning is super tasty and makes you want more - the pizza is delicious and comes in personal sizes, however be warned that the Peter's Favourite pizza with prosciutto and baby arugula is actually a margarite pizza with cold prosciutto and baby arugula on top, like a salad.",margarite pizza with cold prosciutto and baby arugula on top,neutral
Pastrami or corned beef are juicy and piled high (ask for extra rye bread).,Pastrami or corned beef,positive
"The atmosphere is unheralded, the service impecible, and the food magnificant.",atmosphere,positive
"The food was terrific and the service classy, attentive, without being overbearing.",food,positive
I recommend this spot to anyone who enjoys  fine cuisine at reasonable prices.,prices,positive
Some servers make you feel like they are doing you a favor to bring you the food.,servers,negative
We didn't get drink refills and she didn't even offer us the option of dessert.,dessert,neutral
"Unless you are eating in the Pizzeria side of this place, and are not in a rush, this place is a bad idea.",place,negative
Interesting other dishes for a change include chicken in curry sauce and salmon caserole.,chicken in curry sauc,positive
Go here for a romantic dinner but not for an all out wow dining experience.,dining,positive
"stick with the chicken, beef, and lamb dishes.",beef,positive
And the food was fantastic.,food,positive
"The steak is good, the fish is good and the sushi was surprisingly great.",sushi,positive
"We ate here in March, 2006 and ordered the pre-theatre 3-course dinner with wine flight.",wine flight,neutral
"The only possible drawback to this last point is that as of the date of this posting, the additional menu items are only written in Chinese.",menu items,negative
The staff is also attentive and friendly.,staff,positive
"The Bagels have an outstanding taste with a terrific texture, both chewy yet not gummy.",Bagels,positive
Food was good not great not worth the wait or another visit,wait,negative
would have rather tried terrace in the sky or water club for that price,price,negative
"Service was warm and attentive, beef carpaachio was exellent (huge portion) and pasta was fresh and well-prepared.",beef carpaachio,positive
They also have a back garden open in the summer - cute and French with outdoor seating - what more could you ask for?,outdoor seating,positive
"The sandwiches are dry, tasteless and way overpriced.",sandwiches,negative
If you go here - your focus should be the Tamarind Margaritas.,Tamarind Margaritas,positive
"I didn't expect to like Nosh as much as I did, but the pastrami on challah sandwich I had was otherworldly, the soups are like Mom's, and the knishes give Yonah Schimmel's a run for its money.",knishes,positive
"The chicken parm was edible but had canned tomato sauce and boxed pasta and the chicken with portobello mushrooms consisted of dry, inedible chicken with terrible sauce.",sauce,negative
"The only weird thing was if we got a bottle, the waitress would have simply multiplied the glass price X4, which makes no sense whatsoever.",bottle,neutral
Mine was a little burnt but still delicious with goat cheese and panchetta (raddichio was kind of bitter though).,panchetta,positive
The pizza is yummy and I like the atmoshpere.,pizza,positive
"The chicken parm was edible but had canned tomato sauce and boxed pasta and the chicken with portobello mushrooms consisted of dry, inedible chicken with terrible sauce.",pasta,negative
"Unlike other places in NYC where the sandwiches you want only come as a triple-decker, here you can get what you want in a reasonably-sized portion (and price).",portion,positive
"After complaining about the chicken dish, the manager came over to tell us that, no one had ever complained before, and that we just didn't know what the dish was supposed to taste like.",manager,negative
Great romantic place for a date (try to get the corner booth table for a little privacy and to sit close!).,corner booth table,positive
The main downside to the place is the nazi-like guy running it who constantly complains about the noise level.,guy,negative
The sauce on the pizza is sooo good with garlic and fresh tomatoes and they don't skimp.,garlic,positive
Service has always been friendly and efficient.,Service,positive
Salads are a delicious way to begin the meal.,Salads,positive
"My co-workers had to wait almost an hour for delivery, only to discover that what they got was not what they ordered.",delivery,negative
Very good service and very good prices.,prices,positive
The makhani was OK --the korma was bland.,makhani,neutral
"The menu may be small, but everything on it is delicious.",menu,negative
"The place is larger than most and features adequate seating unlike most joints, and has a bar which deserves a mention.",bar,positive
"they didn't disappoint, service from the second i arrived at the door was extremely pleasant and attentive with almost one server per table.",server,positive
they bring service up a notch by offerng complementary amuse bouche to all tables and gave us a small dessert for our celebration.,tables,positive
Monday nights are a bargain at the $28 prix fix - this includes a three course meal plus *three* glasses of wine paired with each course.,glasses of wine,positive
"I didn't expect to like Nosh as much as I did, but the pastrami on challah sandwich I had was otherworldly, the soups are like Mom's, and the knishes give Yonah Schimmel's a run for its money.",soups,positive
I had been a regular due to the consistently good food and ease of getting a table.,food,positive
"You don't go to Mizu for excellent service, you go for the large amounts of food, the amiable atmosphere, and the hole-in-the-wall feeling of the place.",service,negative
"They are not helpful in the least and will give you the grand run around so by the time the event date rolls around you will not only regret chosing this place, but also become hostile!",place,negative
"Bill a little high, but worth it.",Bill,conflict
"The highlight of the night was the mayonaisse for my side of fries I received from one of the food runners, which is not good considering the bill was nearly $100.",fries,negative
Were meeting up with some friends for a drink at Lafayette 161 and happened to walk by Thai Angel famished.,drink,neutral
I could have drank 4 glasses of water and still been parched - so watch out.,glasses of water,neutral
"The service, wine selection, ambiance are all outstanding and deserve recognition.",ambiance,positive
The wine and cheese plate are plentiful and can't wait to try the fondue or table grilling.,fondue,positive
The pickles were great addition.,pickles,positive
They were such a rip-off ($8.95 for four small meat patties in steamed buns) and not worth trying.,meat patties in steamed buns,negative
This place would be so much better served by being run by a group that actually understands customer service.,service,negative
"Where tanks in other Chinatown restaurants display a lurking myriad of sad-looking marine life in their murky waters, the tanks at Ping's are clear as glass with healthy-looking creatures who do not yet know that they will be part of some dim sum lover's brunch.",tanks,positive
Best Pastrami I ever had and great portion without being ridiculous.,Pastrami,positive
"If you want Americanized Chinese food with your usual watery, generic white sauce, this is your place.",white sauce,negative
"Service is great, takeout is good too.",takeout,positive
"Went on a 3 day oyster binge, with Fish bringing up the closing, and I am so glad this was the place it O trip ended, because it was so great!",Fish,neutral
And the prices were way to high for what you get.,prices,negative
The staff was too busy ordering sushi for dinner and then laying it out to eat on the bar to even bring me my check.,sushi,neutral
I had Lobster Bisque it has 2 oz. of Maine Lobster in it.,Maine Lobster,positive
"A large is $20, and toppings are about $3 each.",toppings,neutral
"The menu changed, portions were even smaller than before, a lentil dish was salty beyond edibility, a basmati rice dish lacked flavor.",basmati rice dish,negative
I would highly recommend this place to anyone who is looking for a fine Indian dining experience that is definitely a value for your dollar.,Indian dining experience,positive
"Upon entering, we were greeted by the owners, Steven and Frederick, who went out of their way to be more than gracious hosts.",hosts,positive
"The food, served in small tasting portions (as an option) is very good with each dish being better than the next.",served,neutral
"The svc can be a bit rude at times, esp if you have big group, but overall the restaurant is a must!",svc,negative
The steak was very fatty and the sauce was overpowering and not very tasty.,steak,negative
The only friendly staff member was the guy at the bar.,guy,positive
The sweet lassi was excellent as was the lamb chettinad and the garlic naan but the rasamalai was forgettable.,rasamalai,negative
"And forget what you read under me, the atmosphere isn't that bad either.",atmosphere,neutral
Overall A oh ya even though there is waiting it is deff worth it,waiting,negative
"Plus, when our entrees were held up in the kitchen on a busy Saturday night, the owner sent over complimentary summer rolls to hold us over!",summer rolls,positive
The only thing the waiters don't do for you is wipe your chin when you leave.,waiters,positive
"The staff is very kind and well trained, they're fast, they are always prompt to jump behind the bar and fix drinks, they know details of every item in the menu and make excelent recomendations.",drinks,neutral
"The decor is dark, cool and soothing, while the food's presentation is spectacular, considering the low prices.",prices,positive
The staff was the friendliest that have seen in New York.,staff,positive
"Anyway, the food is good, the price is right and they have a decent wine list.",wine list,positive
You should pass on the calamari.,calamari,negative
The sauce on the pizza is sooo good with garlic and fresh tomatoes and they don't skimp.,fresh tomatoes,positive
"When you're sitting in their main dining room (which has a spectacular, hand-painted high ceiling) you'd never know there was a world outside.",ceiling,positive
It's simply the best meal in NYC.,meal,positive
Other apetizers and food,apetizers,neutral
Sauce was watery and the food didn't have much flavor.,flavor,negative
Food was OK - fish was cooked well.,Food,neutral
The food was so-so.,food,neutral
"We didn't even see a menu, as our waiter described both the specials and the main dishes.",menu,neutral
"We figured we never had Argentinian Pizza before so we grabbed our lunch there, sharing a large Pelligrino, a pizza of two of their specials, one was goat cheese the other blue cheese, and both were excellent.",goat cheese,positive
I have lived in Japan for 7 years and the taste of the food and the feel of the restaurant is like being back in Japan.,food,positive
Reasonable prices.,prices,positive
"It's the perfect restaurant for NY life style, it got cool design, awsome drinks and food and lot's of good looking people eating and hanging at the pink bar...",bar,neutral
"the food was undercooked-the sauce watery, and the vegetables raw.",vegetables,negative
"The staff is very kind and well trained, they're fast, they are always prompt to jump behind the bar and fix drinks, they know details of every item in the menu and make excelent recomendations.",menu,neutral
This place is the most Japanese it can ever get.,place,positive
"The atmosphere is unheralded, the service impecible, and the food magnificant.",food,positive
"A few tips: skip the turnip cake, roast pork buns and egg custards.",roast pork buns,negative
"both are very reasonably priced (around $8 for dinner and $5 for lunch), and are delicious and filling.",lunch,positive
"but when we looked at the menu, there weren't a lot of choices, most of them were dumplings in the appetizer section.",appetizer,negative
We were planning to get dessert but the waitress basically through the bill at us before we had a chance to order.,waitress,negative
"Perhaps this food is considered extreme to an Upper East Side resident, but for the rest of us who've actually eaten ethnic food, this is simply dull.",ethnic food,negative
"The large selection of bruschettas, paninis, tramezzinis keep the palate from stagnating.",paninis,positive
"The wait staff is friendly, and the food has gotten better and better!",food,positive
The portions are large and the servers always surprise us with a different starter.,servers,positive
Wonderful strawberry daiquiries as well!,strawberry daiquiries,positive
"The staff has been nice, but they seemed really stressed and the unisex bathroom needs to be cleaned more often.",staff,conflict
"However, if you want great food at a great price and don't mind the decor, you can't beat this place.",food,positive
"We didn't even see a menu, as our waiter described both the specials and the main dishes.",waiter,positive
This is a nice restaurant if you are looking for a good place to host an intimate dinner meeting with business associates.,dinner meeting,neutral
"If you're craving for Haru's great food, especially the House Roll, but can't stand the wait building outisde, head across the street to their Sake Bar!",wait building,negative
We would like to thank Marcelo and Grace for a wonderful dining experience!!!,dining,positive
"The main course had an average portion, and was decent overall.",main course,positive
"After being told that our party of three would be seated in 10 minutes and watching other parties (multiples of 2 and higher) seated for 40 minutes, the three of us were squished into a small 2-person table.",2-person table,negative
delicious simple food in nice outdoor atmosphere.,food,positive
Two words: Free wine.,wine,positive
I highly recommend Caviar Russe to anyone who wants delicious top grade caviar and fantastic service.,service,positive
Drawbacks: service is slow and they don't toast!,service,negative
"The dishes offered were unique, very tasty and fresh from the lamb sausages, sardines with biscuits, large whole shrimp to the amazing pistachio ice cream (the best and freshest I've ever had).",sardines with biscuits,positive
Stick to the gulab jamun.,gulab jamun,positive
"Friendly and informative staff, very attentive and prompt raw bar service.",staff,positive
"First the wrong bread came out with the appetizer, then when i tried to order a second glass of wine for my main course...",glass of wine,neutral
"The food is uniformly exceptional, with a very capable kitchen which will proudly whip up whatever you feel like eating, whether it's on the menu or not.",menu,neutral
Joe's Pizza used to have the best slice until this pizzeria opened up.,slice,positive
Our friendly server made great food suggestions and also sent both the sommelier and the fromager to the table to help suggest different pairings for wine and cheese.,food suggestions,positive
I care more about the food and ambience.,food,neutral
If you've ever been along the river in Weehawken you have an idea of the top of view the chart house has to offer.,view,positive
"The food is spectacular, from the appitizers to the main course, and then of course the desserts, (WOW) you'll need no more.",main course,positive
Such nice people working here - but I have to review the food.,food,neutral
"It cannot be the ambience, because the place is very cramped and some guests have to sit in an aisle.",place,negative
The entire place and the treatment we received felt as a conveyor belt.,place,negative
They don't walk around with the trays of Dim Sum.,trays of Dim Sum,neutral
"While this isn't classical restaurant fare, the chef has given new life to an old cuisine with some really innovative and tasty dishes that are genuinely Indian without being heavy or same old restaurant burn-outs.",Indian,positive
"Orsay, is without a doubt one of the best values for authentic French food in NYC.",French food,positive
"While we enjoyed the food, we were highly disappointed by the poor service (waiter was not quite competent and SLOW service) and lack of remorse.",waiter,negative
"Again, the waitress was awesome.",waitress,positive
This is one of the best comfort food places in the city.,comfort food,positive
Scalina Fedeli reminded me why service is so integral to fine dining.,service,positive
"The people with carts of food don't understand you because they don't speak English, their job is to give you the delicious food you point at.",food,positive
Also a little more expensive than your average bagel place.,bagel,neutral
For the next hour and a half we stood in the crowded lobby area of this touristy restaurant listening to all types of explanations of why we were not being seated.,lobby area,negative
"I stumbled upon this second floor walk-up two Fridays ago when I was with two friends in town from L.A. Being serious sushi lovers, we sat at the sushi bar to be closer to the action.",sushi,neutral
I asked for an open faced cheese sandwich and the manager basically told me to take my business elsewhere!,manager,negative
"The ingredients taste fresher, the crust is thinner and crispier, the slice is less oily, and it's never burnt like it occasionally is at Joe's.",ingredients,positive
"No food snobs allowed, this place is for people who appreciate good food.",food,positive
Although be warned their dinner menu to sit and take out prices are different.,dinner menu to sit,neutral
"Have always found that the waiters will go out of their way to be helpful, despite the fact they are often busy with lots of diners.",diners,neutral
"After 2 tries by the waiter to take it away (we hadn't even looked at it yet, we had full beers yet to drink), the manager approached and told us they needed the table for people with reservations.",reservations,positive
"I got the $10 10-piece dim sum combo, every bite of which was great.",dim sum combo,positive
"In fact, while leaving the place we saw two people looking at the menu, and I couldn't help telling them that the food was horrible.",menu,neutral
"However, I was there for a work dinner not long ago when my colleague from London noticed a very large waterbug on the ceiling.",ceiling,negative
"Besides having the table we had been promised given to other restaurant patrons twice before we were actually seated, we were served dishes we hadn't ordered three times, received one of our orders 20 minutes after the rest of the table had been served (and that order was undercooked), and charged $45 more than we should have been on our bill.",table,negative
"Well, this place is so Ghetto its not even funny.",place,negative
"When he finally did, he was unable to make a gin and tonic -- couldn't find tonic.",gin and tonic,neutral
The food there is so good that even to order out the wait is incredible.,food,positive
As soon as my father lifted his pen from the check a chef appeared to usher us out.,check,neutral
"They did not have mayonnaise, forgot our toast, left out ingredients (ie cheese in an omelet), below hot temperatures and the bacon was so over cooked it crumbled on the plate when you touched it.",omelet,neutral
The staff is no nonsense.,staff,positive
"Best of all is the warm vibe, the owner is super friendly and service is fast.",vibe,positive
Terrific menu full of unique rolls and special dishes.,rolls,positive
"Complimentary stuff kept coming, and when the waiter saw me opening a gift, I received my dessert on a plate that had Happy Birthday written on it, with a candlevery nice touch, and attentive staff.",stuff,positive
"The service was attentive, yet unimposing, the food was far better than many notorious restaurants in Midtown and the wine list is extensive and well priced.",priced,positive
The lobster sandwich is $24 and although it was good it was not nearly enough to warrant that price.,lobster sandwich,conflict
The menu has lots of options: I hope to go back to try those potato pancakes.,potato pancakes,positive
"i've been to sapphire twice and both times the food was fine, if not good.",food,positive
I really liked the noodle dishes at Rice Avenue compared to their Green Curry dish.,noodle dishes,positive
"At 5 dumplings for $1, you just cannot go wrong.",dumplings,positive
"Next time, we wouldn't dare ordering anything else other than some simple Asian appetizers and drinks.",drinks,positive
"But the best part about LS is the late night atmosphere, delightfully free of the BTs.",atmosphere,positive
"It's like they took leftover chicken, poured oil and sprinkled pepper powder over it (the sauce was translucent and red).",sauce,negative
honestly the worst sushi my husband and i had in our entire lives.,sushi,negative
The sauce is delicious and the crust is perfect.,crust,positive
"Last time I went here, the waitress didn't come back after taking our order.",waitress,negative
The waiter was attentive.,waiter,positive
By far this is the only chinese desserts place I know in NY or anywhere close in the Northeastern America that serves desserts with frog jelly in a couple of varieties and pig feet ginger simmered in black vinegar.,pig feet ginger simmered in black vinegar,positive
"We started with lox and mussels (the best ive ever had, ever) and had the cod and trout for dinner.",dinner,neutral
The food can get pricey but the prixe fixe tasting menu is the greatest food for a good price and they cater the food to any food allergies or food you don't like.,food,negative
The lava cake dessert was incredible and I recommend it.,lava cake dessert,positive
I would definitely go back -- if only for some of those exotic martinis on the blackboard.,martinis,positive
"After complaining about the chicken dish, the manager came over to tell us that, no one had ever complained before, and that we just didn't know what the dish was supposed to taste like.",chicken dish,negative
"We a menu that rearely changes,e xcept for one or two specials, the quality and care they put in thier food in evident.",care,positive
The waitress was very patient with us and the food is phenomenal!,food,positive
"The chicken parm was edible but had canned tomato sauce and boxed pasta and the chicken with portobello mushrooms consisted of dry, inedible chicken with terrible sauce.",chicken parm,conflict
The fish is fresh and each piece is sliced to perfection and seasoned by the sushi chef (usually with a little fresh wasabi and soy sauce but also sometimes with some sea salt).,fish,positive
Try the olive cream cheese or the lox spread on a whole wheat everything bagel.,bagel,neutral
"This is some really good, inexpensive sushi.",sushi,positive
"However, if you want great food at a great price and don't mind the decor, you can't beat this place.",price,positive
"We were on our way back to NJ, and since I am in NY, we figured why not grab some food?",food,neutral
"Ambience is delightful, service impeccable.",service,positive
I love to visit Murrays for my bagel fix.,bagel,positive
I also ordered for delivery and the restaurant forgot half the order.,order,negative
My family and I ate here last night for our annual Christmas dinner with the family members who would rather spend the holidays with friends out-of-town.,Christmas dinner,neutral
"I only tried a simple dish of spinach ravioli in a light oil and garlic sauce, but it actually faired better than most NYC Italian joints I've tried similar dishes at.",dish,positive
Never in my life did I think that I could be satisfied both in taste and in quantity for $3.00 in NYC.,taste,positive
I was pretty much full after our fondue appetizer.,fondue appetizer,neutral
The selection changes frequently but the basic dishes are always available.,basic dishes,neutral
Tuk Tuk is one of those comfortable neighborhood joints where you know you will always have a good meal at a fair price.,price,positive
They don't seem to place an emphasis on specials or fresh ingredients which to me is necessary for good thai.,ingredients,negative
Went there for an office lunch.,office lunch,neutral
The food is great and authentic.,food,positive
"Going to Volare is like going to your favorite aunt's house for dinner, assuming that your aunt is a great Italian cook.",dinner,neutral
"A cheap eat for NYC, but not for dosa.",eat,positive
"Luckily we saved room for the BBQ Salmon, Sea Bass and Crispy Duck.",Crispy Duck,positive
"They might be all business at the counter when you give your order, but their food says I love you.",counter,negative
I LOVE their Thai noodles with shrimp and chicken and coconut juice is the MUST!,Thai noodles with shrimp and chicken and coconut juice,positive
You can't say its cheap because food is cheaper in Chinatown.,food,conflict
"Pizza - the only pizza in NYC that should not have additional toppings - the crust tastes like the best, freshly baked bread!",toppings,neutral
Decor is charming.,Decor,positive
The fish is fresh and each piece is sliced to perfection and seasoned by the sushi chef (usually with a little fresh wasabi and soy sauce but also sometimes with some sea salt).,wasabi,positive
"For authentic Thai food, look no further than Toons.",Thai food,positive
kalbi and nebbiolo do work together.,kalbi,neutral
"The bread is the soft paratha bread (unlike the plain bread they use in Calcutta), and the stuffing is tandoori styled and very flavorful.",paratha bread,positive
Drinks way over priced.,priced,negative
I recieved prompt service with a smile.,service,positive
"If it isn't for the food (A+++), it must be the service or the ambience.",food,positive
"They did not have mayonnaise, forgot our toast, left out ingredients (ie cheese in an omelet), below hot temperatures and the bacon was so over cooked it crumbled on the plate when you touched it.",cheese,neutral
"The food, served in small tasting portions (as an option) is very good with each dish being better than the next.",dish,positive
The restaraurant is very small so reservations are a must.,reservations,neutral
"Otherwise, this place has great service and prices and a nice friendly atmosphere.",atmosphere,positive
"delicious bagels, especially when right out of the oven.",bagels,positive
There was no ambiance.,ambiance,negative
It was so bad I actually refused to pay for my food.,food,negative
Here you get the zen feel without feeling rigid.,zen feel,positive
"Decent Thai food in cute - though a bit dank - little Nolita hangout, BUT service terrible.",Thai food,positive
Add to that great service and great food at a reasonable price and you have yourself the beginning of a great evening.,service,positive
This place has the the correct ambience and an excellent staff to make you feel like a guest and a friend at the same time.,ambience,positive
The menu prices are a bit expensive for what you get in quality and portion size.,menu prices,negative
"The food is delicious - from the specials to the regular menu-fare, the dishes are never a disappointment.",dishes,positive
"Our favorite meal is a pesto pizza, the house salad, and a good bottle of wine.",pesto pizza,positive
But they've done a really nice job of offering all the typical pizzeria faves plus some terrific specials like the Godmother pizza (a sort of traditional flat pizza with an olive oil-brushed crust and less tomato sauce than usual).,Godmother pizza (a sort of traditional flat pizza with an olive oil-brushed crust and less tomato sauce than usual),positive
"Try the congee and the donut like deep fried dough they call Ow Ley Soh, a delicious and sweet tasting bread.",bread,positive
"The first 2 courses were very good, but the chocolate sampler was too rich for me and the dessert wine far too sweet.",dessert wine,negative
Appetizers are somewhere around $7 each and the main dishes are between $11 and $16.,Appetizers,neutral
we decided to eat in tea room which was small and cute.,tea room,positive
"The service was poor, restaurant poorly lit, staff not very attentive and I would have rather eaten at a Mcdonald's than this joint.",staff,negative
"Anyways, if you're in the neighborhood to eat good food, I wouldn't waste my time trying to find something, rather go across the street to Tamari.",food,positive
"While Sapphire is certainly not lacking in ambiance, and probably has the best decor of any Indian restaurant I have been to in New York City, the food was not what I had hoped for.",decor,positive
"After dinner, take your date to the HUGE dance floor, probably one of the biggest you'll see in NY.",dinner,neutral
"For the people who want great food plus great service, Roxy is a place to AVOID!",service,negative
"Despite a slightly limited menu, everything prepared is done to perfection, ultra fresh and a work of food art.",menu,negative
I have to say that if this what makes it easier to get a saet a lunch- I dont mind.,lunch,neutral
"The chicken parm was edible but had canned tomato sauce and boxed pasta and the chicken with portobello mushrooms consisted of dry, inedible chicken with terrible sauce.",chicken,negative
Very good wine choices.,wine choices,positive
The location and ambience is Ok but the food is what makes up for it.,food,positive
"While most people can attest to spending over $50 on drinks in New York bars and hardly feeling a thing, the drinks here are plentiful and unique.",bars,negative
The fries are yummy.,fries,positive
The rice was poor quality and was cooked so badly it was hard.,quality,negative
I recommend the meatballs and caprese salad and the beans on toast were a wonderful start to the meal!,meal,neutral
"They sell special sushi, everything have a topping, sauce and etc.",topping,positive
A must for all the Dosa lovers.,Dosa,positive
Try the Times Square cocktail -- ginger lemonade with vodka (also available without vodka.),ginger lemonade with vodka,positive
"With so many good restaurants on the UWS, I don't need overpriced food, absurdly arrogant wait-staff who don't recognize they work at a glorified diner, clumsy service, and management that doesn't care.",diner,negative
"The chicken and steak were seasoned and cooked to perfection, and the lamb sandwhich is great for heartier appetites.",chicken,positive
So all I'm trying to say is this restaurant is by far the best thai food restaurant I've ever been to.,thai food,positive
Stuffing yourself with Japanese food is a rare thing.,Japanese food,neutral
Lahore is a great place to duck into late-night when you need some really tasty food on the cheap -- you'll likely have trouble finishing the amount of food you get for FOUR DOLLARS.,food,positive
"It's like they took leftover chicken, poured oil and sprinkled pepper powder over it (the sauce was translucent and red).",pepper powder,neutral
The outdoor atmosphere of sitting on the sidewalk watching the world go by 50 feet away on 6th avenue on a cool evening was wonderful.,outdoor atmosphere,positive
"The ambiance is minimal the food is not phenomenal, but some dishes are quite good, such as the eggplant parmesan, veal in carozza chicken saltimbocca.",dishes,positive
The brioche and lollies as party favors is a cute and sweet touch to a most memorable meal.,meal,positive
"Delicious food, excellent service, and a pretty atmosphere make this a great choice for dinner and the $5.99 lunch buffet makes it an even better choice for lunch!",lunch,positive
"The dishes offered were unique, very tasty and fresh from the lamb sausages, sardines with biscuits, large whole shrimp to the amazing pistachio ice cream (the best and freshest I've ever had).",large whole shrimp,positive
"Great service, great food.",food,positive
My husband and I have been there a couple of times and each time we sat at the sushi bar (chef Yoshi) and ordered everything ala carte.,sushi bar,neutral
"Fresh, authentic, french cuisine in substantial portions.",portions,positive
"Not the greatest sushi place, but excellent for a $19.95 all you can eat.",sushi place,negative
Not too crazy about their sake martini.,sake martini,negative
"While most people can attest to spending over $50 on drinks in New York bars and hardly feeling a thing, the drinks here are plentiful and unique.",drinks,negative
The food is so cheap and the waiters are nice.,food,positive
The food was actually aweful.,food,negative
Get the tuna of gari.,tuna,positive
The other night we had the $30 three course meal and everything was delicious - if I could of licked the plate clean I would of.,three course meal,positive
"Unfortunately, the food is outstanding, but everything else about this restaurant is the pits.",food,positive
We were well attended to by the enthusiastic staff especially the manager Tony Gaskin who made excellent suggestions for our menu selections.,menu selections,positive
We were well attended to by the enthusiastic staff especially the manager Tony Gaskin who made excellent suggestions for our menu selections.,staff,positive
The menu seemed to have a wide variety of dishes for seafood lovers and interesting ways of preparing them.,seafood,positive
"Terrible, terrible management - deserves to be shut-down.",management,negative
"The ambience was nice, but service wasn't so great.",service,negative
"Although the place could be a little more eye catching and roomier, at the same time, it doesn't really matter.",place,conflict
We went around 9:30 on a Friday and it had died down a bit by then so the service was great!,service,positive
I REALLY ENJOYED THE SHOWS PUT ON BY THE ACTORS.,ACTORS,positive
"The crackling calamari salad, which is usually a cheap disaster at many restaurants, is crispy and lightly dressed.",crackling calamari salad,positive
"The service is ok, some of the people didn't get what they asked for.",service,neutral
The secret is the lunch menu which offers a complimentary appetizer with every entree ordered.,lunch menu,positive
"The corned beef and pastrami are excellent, much less fatty than those big tourist places around Times Square.",pastrami,positive
"This place doesn't compare with Mamoun's in terms of price, freshness, value, and consisent quality, but that's just my opinion.",quality,negative
sometimes i get good food and ok service.,food,positive
"Staffs are not that friendly, but the taste covers all.",taste,positive
"great food, lt's of it, more then one person can eat!",food,positive
The food was good.,food,positive
Food is great and inexpensive.,Food,positive
INCREDIBLY POOR SERVICE AN FOOD QUALITY AT EXORBITANT PRICES.,FOOD QUALITY,negative
"This is such a lovely, peaceful place to eat outside.",place,positive
"Decor is nice and minimalist, food simple yet very well presented and cooked, and the wine list matches the food very well.",food,neutral
"Orsay, is a very pleasnt throw back to traditional French food, and French service as well.",service,positive
"Interesting selection, good wines, service fine, fun decor.",service,positive
The steak was excellent and one of the best I have had (I tasted the butter intitally but in no way did it overwhelm the flavor of the meat).,flavor,neutral
I highly recommend visiting this restaurant and having dinner and drinks!,dinner,positive
The food is reliable and the price is moderate.,price,neutral
"For appetizers, I recommend the shrimp fritters and dumplings.",dumplings,positive
"The food was just OK, at least for what food was available.",food,negative
"The Halibut was too salty, dessert was so so (don't waste any of your calories) and service was poor.",service,negative
"This wasn't the expected menu comprised only of pad thai and tom yum soup, but I thought that was what made the place so special.",menu,neutral
"Fluke sashimi drizzled with jalapeno-lime olive oil, the fruit of the oil nicely highlighting the fish's sweetness.",jalapeno-lime olive oil,positive
I had the Pad Thai and the noodles were sticky.,noodles,negative
"That is a problem since we paid about 20 bucks a dish, and had to order 5 dishes to get a decent taste.",dishes,negative
I keep my fingers crossed the whole subway ride hoping that there will be a table I can sit at by myself and not have to share with the rice congee soup people.,rice congee soup,neutral
Dinner took almost 4 hours without any lag time.,Dinner,negative
"The people with carts of food don't understand you because they don't speak English, their job is to give you the delicious food you point at.",people with carts of food,negative
"No dress codes, no attitudes, plenty of comfort companionship, a great place to relax in an always busy Midtown.",place,positive
"Even though the restaurant was packed, we were seated promptly and even asked for a table upstairs with no problems.",seated,positive
"Although the tables may be closely situated, the candle-light, food-quality and service overcompensate.",food-quality,positive
"otherwise, good stuff for late nite eats.",stuff,positive
We ate outside at Haru's Sake bar because Haru's restaurant next door was overflowing.,bar,neutral
"Good to find a restaurant where the owners have some imagination and they have actually pulled it off, like in this case.",owners,positive
"Still, try it once, since if you end up loving the food, it could be one of your best dining experiences.",dining experiences,positive
"Complimentary stuff kept coming, and when the waiter saw me opening a gift, I received my dessert on a plate that had Happy Birthday written on it, with a candlevery nice touch, and attentive staff.",waiter,positive
The manager claimed that he could not compensate us for anything on the bill which just shows the lack of sophistication from the entire group.,manager,negative
Never in my life did I think that I could be satisfied both in taste and in quantity for $3.00 in NYC.,quantity,positive
We visited Bread Bar during January restaurant week and were so pleased with the menu selections and service.,menu selections,positive
"But for whatever reason, prices are about twice as high.",prices,negative
Nothing fancy but really good food with pretty reasonable price.,price,positive
The service is fine and they allow you to enjoy the view.,service,positive
"Aside from the Sea Urchin, the chef recommended an assortment of fish including Fatty Yellow Tail, Boton Shrimp, Blue Fin Torro (Fatty Tuna), Sea Eel, etc.",assortment of fish,neutral
"An oasis of refinement:  Food, though somewhat uneven, often reaches the pinnacles of new American fine cuisine - chef's passion (and kitchen's precise execution) is most evident in the fish dishes and soups.",kitchen,positive
The exotic food is beautifully presented and is a delight in delicious combinations.,exotic food,positive
The prices were CHEAP compared to the quality of service and food.,prices,positive
I would like to return and try some of the other menu items when I don't have to rush off to a show.,menu items,positive
"Delicate spices, onions, eggs and a kick-ass roti.",roti,positive
Our tiny table for two (dinner plates hung over edge) was right in the middle of one of the lanes of waiter traffic.,dinner plates,negative
"Nice ambiance, nice little bar, good bartender, Francois, and good service.",bar,positive
"You don't go to Mizu for excellent service, you go for the large amounts of food, the amiable atmosphere, and the hole-in-the-wall feeling of the place.",atmosphere,positive
All the food was hot tasty.,food,positive
My steak au poivre was one of the worst I've had.,steak au poivre,negative
We began with the cheese fondue (the artisanal blend) and added apples and kielbasa to dip.,kielbasa,neutral
Food is excellent.,Food,positive
and yes Dal Bukhara is so dam good and so are all the kababs.,Dal Bukhara,positive
"The crust is thin, the ingredients are fresh and the staff is friendly.",ingredients,positive
The 'kamasutra' and 'bombay cosmopolitan' are excellent and will have you tipsy in no time.,kamasutra,positive
The atmosphere is noisy and the waiters are literally walking around doing things as fast as they can.,waiters,conflict
"Leon is an East Village gem: casual but hip, with well prepared basic French bistro fare, good specials, a warm and lively atmosphere.",French bistro fare,positive
The meat dishes were only so-so.,meat dishes,neutral
"It's the perfect restaurant for NY life style, it got cool design, awsome drinks and food and lot's of good looking people eating and hanging at the pink bar...",food,positive
"When my husband and go there, we spend $60.00 (have LOBSTER TAILS UMMMMM need I say more) I can't say any more, it a place you'll never forget If you never go, you'll miss A Meal of your life time",place,positive
The food always tastes fresh and served promptly.,food,positive
"The food is outstanding and the service is quick, friendly and very professional.",food,positive
"Everything, from the soft bread, soggy salad, and 50 minute wait time, with an incredibly rude service to deliver below average food.",wait,negative
The soup for the udon was soy sauce and water.,water,neutral
"First, the waiter who served us neglected to fill us in on the specials, which I would have chosen had I known about them.",served,negative
"When he finally did, he was unable to make a gin and tonic -- couldn't find tonic.",tonic,neutral
"It may be a bit packed on weekends, but the vibe is good and it is the best French food you will find in the area.",packed,negative
Yes you have to wait to be seated and because its small there is no waiting area and the seat at the bar was all taken.,seat,negative
"Pizza and garlic knots are great as well, I order from them quite often and the delivery is always super quick!",garlic knots,positive
"While this isn't classical restaurant fare, the chef has given new life to an old cuisine with some really innovative and tasty dishes that are genuinely Indian without being heavy or same old restaurant burn-outs.",dishes,positive
"Great selection of wine, and seafood.",selection of wine,positive
The people in the restaurant were pretty obnoxious and loud.,people,negative
Nothing fancy but really good food with pretty reasonable price.,food,positive
Dahkin also offers prix fixe lunch and buffet.,buffet,positive
The food and staff always surprise me with the new heights they are taken to.,food,positive
"One would think we'd get an apology or complimentary drinks - instead, we got a snobby waiter wouldn't even take our order for 15 minutes and gave us lip when we asked him to do so.",drinks,neutral
"Delicious food, excellent service, and a pretty atmosphere make this a great choice for dinner and the $5.99 lunch buffet makes it an even better choice for lunch!",lunch buffet,positive
The sauces used are also not that exciting.,sauces,negative
"The wait staff is very freindly, they make it feel like you're eating in a freindly little european town.",wait staff,positive
Good food.,food,positive
"However, if you want great food at a great price and don't mind the decor, you can't beat this place.",decor,negative
sandwiches tho pricey are over stuffed - can serve 2 persons easily thus cost effective!,sandwiches,conflict
I asked for an open faced cheese sandwich and the manager basically told me to take my business elsewhere!,open faced cheese sandwich,neutral
"My husband said the portions were very small, but if my main course was good to eat the portion would've been fine for me.",portions,negative
"Everything is excellent, the menu is quite extensive, and you eat with a view on both sides of the city.",menu,positive
"otherwise, good stuff for late nite eats.",eats,positive
"To be completely fair, the only redeeming factor was the food, which was above average, but couldn't make up for all the other deficiencies of Teodora.",food,positive
Three of us arrived for dinner about 5:30 on a week night without reservations.,reservations,neutral
"In fact, two people could really share one plate.",plate,positive
"Sake collection was excellent (Try Nanbu Bijin), but pricy.",Sake collection,conflict
And I would have to agree with the masses in terms of service - delivery is their Achilles' heel.,service,negative
All of the pizzas are terrific and the price is even better!,pizzas,positive
They are served with a free appetizer and the portions are perfect for lunch.,appetizer,positive
"The portions are now very small, the sauces are overly-ambitious usually inedible while the service is still good, the restaurant, due to its popularity, seems frantic.",service,positive
Their exotic salad is basic ly a delcious little green salad with a peanut sauce that is perfect before their sweet basil fried tofu.,green salad,positive
We had a party in their private room and they made it truly memorable and were very helpful in the planning.,private room,neutral
"During our meal, the management came over and checked on us and even bought us a round of drinks.",meal,neutral
"Only complaint would be that at an average cost of $12-$15 per meal, I'd like not to have to worry about finding a seat!",meal,neutral
The food was average or above including some surprising tasty dishes.,food,positive
Edible but really a ripoff at those prices given whats in the area.,prices,negative
"When we notified him that he didn't mention the specials, he didn't apologize but let us know that we made a very good decision regardless.",specials,neutral
The all you can eat deal is truly amazing here.,all you can eat deal,positive
The prices are exceptionally reasonable for food of this caliber.,prices,positive
They have a huge selection of different cream cheeses and all of their salads are great.,cream cheeses,positive
Try green curry with vegetables.,green curry with vegetables,positive
"Well, their deliveries take for ever and the food is usually cold.",food,negative
I have never better enjoyed humble root vegetables or a mushroom consomme - and this chef accomplishes without fats.,mushroom consomme,positive
"Good, because hey, it's more food, but bad because dim sum is supposed to be smaller portions so you can try out more dishes and smaller so that each dish is cheap.",portions,negative
"The takeout menu says to keep an eye out for an expanded menu offering more italian dishes, I can't wait!",takeout menu,positive
He offers subpar service and has no personality.,service,negative
Go to Volare for 1st class service and terrific food.,service,positive
Delicious food at a great price but do not go here on a cold day and sit by the front door.,food,positive
The food was lousy - too sweet or too salty and the portions tiny.,portions,negative
"The food was delicious, the atmosphere was relaxed, and we have now adopted Plate 347 as our Secret on Second!",food,positive
"On the other hand, if you are not fooled easily, you will find hundreds of restaurants that will give you service and ambiance that is on par with Alain Ducasse, and food that will outshine in presentaion, taste, choice, quality and quantity.",quantity,negative
I ate clams oreganta and spectacular salad with perfectly marinated cucumbers and tomatoes with lots of shrimp and basil.,clams oreganta,positive
"Besides having the table we had been promised given to other restaurant patrons twice before we were actually seated, we were served dishes we hadn't ordered three times, received one of our orders 20 minutes after the rest of the table had been served (and that order was undercooked), and charged $45 more than we should have been on our bill.",served,negative
"The dosas are skimpy, unattractive and drip with grease, and personally I'd drink popcorn topping before I'd eat another one of these.",dosas,negative
If I wanted to deal with a crappy scene and annoying customers I'd go out in Manhattan.,customers,negative
"The bruscetta is a bit soggy, but the salads were fresh, included a nice mix of greens (not iceberg) all dishes are served piping hot from the kitchen.",dishes,positive
"This place, however, has a lot less pretension than Joya and the Thai food is still above-average.",place,positive
"We started with lox and mussels (the best ive ever had, ever) and had the cod and trout for dinner.",trout,neutral
"As a long-time patron of Mamoun's, I always figured that I had found the best late night food spot in the city.",food spot,positive
"the real kicker of the menu, however, is the beef cubes or the chicken with chili and lemon grass.",menu,neutral
"I like the somosas, chai, and the chole, but the dhosas and dhal were kinda dissapointing.",dhosas,negative
The Singapore Mai Fun had NO curry flavor whatsoever.,curry flavor,negative
"great eats, good times.",eats,positive
"night without a reservation, we had to wait at the bar for a little while, but the manager was so nice and made our wait a great experience.",wait,positive
"The portions are HUGE, so it might be good to order three things to split (rather than one appetizer and entree per person) for two people.",appetizer,neutral
"The waitstaff are all very busy, it's not outstanding service, but I've never been dealt with rudely.",service,conflict
The food is great and they have a good selecion of wines at reasonable prices.,food,positive
"Great wine, great food.",food,positive
The place's decor and hidden bathrooms made for a good laugh.,decor,positive
The dining room is quietly elegant with no music to shout over -- how refreshing!,music,positive
"But don't ever order bacon late at nite (either platter or in sandwiches, for that matter don't from any take out place) as it is from the morning frying turns out hard almost like bacos, hurt my molars.",bacon,negative
"It is the type of place to run into old friends and have a late, raucus dinner.",dinner,positive
"The mussaman curry that I ordered was as thin as water and aside from the poorly fried tofu that I ordered in it, they graciously provided me with ONE piece of poorly cooked potato.",mussaman curry,negative
"Try the Pad Thai, it's fabulous and their prices are so cheap!",Pad Thai,positive
Our friendly server made great food suggestions and also sent both the sommelier and the fromager to the table to help suggest different pairings for wine and cheese.,sommelier,positive
"Both times I was extremely dissappointed by the service, which was boarderline rude.",service,negative
"And it all comes at a very reasonable price (congee, noodles, and rice dishes are no more than $3-6 each).",price,positive
"Though you will undoubtedly be seated at a table with what seems like barely enough room (no matter what the size of your party), the warm atomosphere is worth the cramped quarters- you'll have fun and forgot about the tight spot you're in.",room,negative
You get the sense that the people there care about their restaurant and about your experience and that is very nice.,people,positive
I had to ask her three times before she finally came back with the dish Ive requested.,dish,neutral
"And, atlhough tables opened up next to us and we ASKED for a slightly larger space, they left us awkardly seated.",space,neutral
Tried the pad see ew on the recommendation of the last reviewer since it's one of my favorite dishes.,pad see ew,neutral
No free drink.,drink,neutral
"If anyones has doubt of not knowing enough about wines,please check their wine list.",wines,neutral
"Pizza - the only pizza in NYC that should not have additional toppings - the crust tastes like the best, freshly baked bread!",pizza,positive
"If you'd like to have a nice light meal with an asian accent, Long Tan is a good place on the slope.",meal,positive
The bar has various selections and the mixed drink special is a catcher! 2 for 1's.,mixed drink special,positive
I found the variety of the sashimi plate to be satisfying - fresh and yummy.,sashimi plate,positive
"While Sapphire is certainly not lacking in ambiance, and probably has the best decor of any Indian restaurant I have been to in New York City, the food was not what I had hoped for.",ambiance,positive
I went with 5 friends and we lingered at the table for a bit and didn't feel rushed at all even though there was a wait.,wait,negative
"Good, because hey, it's more food, but bad because dim sum is supposed to be smaller portions so you can try out more dishes and smaller so that each dish is cheap.",dish,neutral
The food can get pricey but the prixe fixe tasting menu is the greatest food for a good price and they cater the food to any food allergies or food you don't like.,food,conflict
"If your visiting, you'll enjoy the ambiance and the fact that it's in Time Sq...",ambiance,positive
"sometimes i get bad food and bad service, sometimes i get good good and bad service.",service,negative
The menu is very limited - i think we counted 4 or 5 entrees.,entrees,negative
It is a lot of fun with live entertainment and all kinds of Disney type special effects.,live entertainment,positive
I ordered the chu chu curry and my friend ordered the pad thai chicken.,pad thai chicken,neutral
"Great food, great decor, great service.",service,positive
The wine the service was very good too.,service,positive
Example is the soup which was about 6 oz for $12 dollars and the mushrooms where $12 for about 1oz.,mushrooms,positive
"my picks: Guizhou chicken, fish with hot bean source, fish fillet in spicy source (special menu).",fish fillet in spicy source,positive
My husband and I enjoyed each of the 6 taste size portions and left completely full.,portions,positive
The ambience is authentic and relaxing and we have always received attentive and prompt service.,ambience,positive
"Barbecued codfish was gorgeously moist - as if poached - yet the fabulous texture was let down by curiously bland seasoning - a spice rub might have overwhelmed, however herb mix or other sauce would have done much to enhance.",Barbecued codfish,positive
Hats off to the chef.,chef,positive
"Since it literally is a complete hole in the wall, it's a bit intimidating at first, but you get over that very quickly as soon as the friendly staff welcomes you - don't hesitate to ask for help with what to get.",staff,positive
"though the service could be better (possibly due to more than one very large group in the house), it is very cordial and warm, as is the general clientele.",service,conflict
Consistently good Japanese Tapas.,Japanese Tapas,positive
"It costs $2 extra to turn a regular roll into an inside-out roll, but the roll more than triples in size, and that's not just from the rice.",roll,negative
Monday nights are a bargain at the $28 prix fix - this includes a three course meal plus *three* glasses of wine paired with each course.,prix fix,positive
My son and his girlfriend both wanted cheeseburgers and they were huge!,cheeseburgers,positive
The food is alright - some stuff is good - some is not (like the steak dish which tends to be dry).,steak dish,negative
My first time there I happened not to like the Crab Croquette apt that i ordered and they were happy to change it for me without making no big deal.,Crab Croquette apt,negative
"This is the perfect spot for meeting friends, having lunch, dinner, pre-theatre or after-theatre drinks!",dinner,positive
"my picks: Guizhou chicken, fish with hot bean source, fish fillet in spicy source (special menu).",special menu,positive
"I must warn the reader that the portions sizes are very small (especially the appetizers), so if you plan to eat until you are full and do not intend to order the chef's special tasting menu, prepare to order and pay for an appetizer (1 dish for each person because the portions are not for sharing), a main entree, and the cold udon at the end of the meal.",cold udon,neutral
Add to that great service and great food at a reasonable price and you have yourself the beginning of a great evening.,food,positive
"Disappointing food, lousy service.",food,negative
"No food snobs allowed, this place is for people who appreciate good food.",food,neutral
"Service was decent, but not as smooth as I would expect from a place with these prices and reputation.",Service,conflict
"And it all comes at a very reasonable price (congee, noodles, and rice dishes are no more than $3-6 each).",noodles,neutral
The specials are usually quite good too.,specials,positive
"The combination of fresh tomato sauce, fresh mozz cheese, basil and the dough they make with imported flour, makes this is one of the better pizza's in NY.",dough,positive
And I say snacking because it really is not set up to be a proper dinner.,snacking,neutral
The menu has lots of options: I hope to go back to try those potato pancakes.,menu,positive
The table next to us asked if he crushed the grapes himself when their long overdue bottle of wine finally arrived.,grapes,neutral
"The food, served in small tasting portions (as an option) is very good with each dish being better than the next.",portions,positive
"We concluded with tiramisu chocolate cake, both were delicious.",tiramisu chocolate cake,positive
"this is the best secret place in midtown', I heard that from the bartender, after having brilliant food ( try steak with portobello mushrooms) and drinks on the bar last Tuesday.",bartender,neutral
I was back-to-back with the diner at the table behind me and wait staff had to hoist trays over our heads as they squeezed past us again and again.,wait staff,negative
A cool place to hang with your friends for a couple of healthy drinks and desserts.,place,positive
"Pizza and garlic knots are great as well, I order from them quite often and the delivery is always super quick!",Pizza,positive
The food is nothing like its menu description.,menu description,negative
"The well mannered, pleasant staff that Tony has in his employ.",staff,positive
"My GF and I still choose to eat there a lot because of diverse cocktails, the chill decor, and the decent sushi.",sushi,positive
"It can be a little confusing as to where one goes to order, but once the food is ordered, you are in for a treat.",food,positive
What an amazing meal and experience!,meal,positive
The owner and staff are all Japanese as well and that adds to the entire ambiance.,ambiance,positive
The Prix Fixe menu is worth every penny and you get more than enough (both in quantity AND quality).,quality,positive
"(food was delivered by a busboy, not waiter) We got no cheese offered for the pasta, our water and wine glasses remained EMPTY our entire meal, when we would have easily spent another $20 on wine.",food,neutral
"The food was terrific and the service classy, attentive, without being overbearing.",service,positive
This was my frist time at Cafe St. Bart's and I must say how delicous the food and the service was.,service,positive
"overall, a solid restaurant and at less than $40pp (including wine), a solid deal as well.",wine,neutral
"Compared to Ess-a, Tal offers a less doughy bagel!",bagel,negative
"But they don't have a toaster, which is strange.",toaster,negative
The shrimp scampi was excellent and the antipasti were plentiful.,shrimp scampi,positive
"Over time, the food quality has decreased substantially, it is a lot less crowded than it used to, and the service must definitely be part of the reason.",service,negative
The Singapore Mai Fun had NO curry flavor whatsoever.,Singapore Mai Fun,negative
"The mussaman curry that I ordered was as thin as water and aside from the poorly fried tofu that I ordered in it, they graciously provided me with ONE piece of poorly cooked potato.",potato,negative
My wife had the fried shrimp which are huge and loved it.,fried shrimp,positive
And the fried clams had just enough kick to them to make 'em worth eating.,fried clams,positive
I ordered the crab cocktail and it was soaked in a lime juice concoction where all you could taste was the lime.,lime juice concoction,neutral
"The highlight of the night was the mayonaisse for my side of fries I received from one of the food runners, which is not good considering the bill was nearly $100.",bill,negative
The food was delicious but do not come here on a empty stomach.,food,conflict
I have enjoyed everything I have ever gotten and the fish is so fresh and always prepared in a great way.,fish,positive
"So much more than the usual bar food, go there to enjoy the menu while sampling one of their hand-crafted beers.",bar food,positive
Since my first dinner I have had the chance to have brunch at Orsay 3x.,brunch,neutral
"The rest of the dim sum, though pricey by Chinatown standards, is worth it.",dim sum,conflict
I've been here 3 times for lunch and it is one of my favorites in the city.,lunch,neutral
"I have been here a few times for dinner, once for brunch and twice for lunch.",brunch,neutral
"Good spreads, great beverage selections and bagels really tasty.",bagels,positive
"Service is great, takeout is good too.",Service,positive
"The restuarant itself is not large, but seems to have several round tables to accomodate large groups hoping to save a buck to eat authentic Taiwanese.",round tables,positive
"Looking around, I saw a room full of New Yorkers enjoying a real meal in a real restaurant, not a clubhouse of the fabulous trying to be seen.",clubhouse,negative
"The dishes offered were unique, very tasty and fresh from the lamb sausages, sardines with biscuits, large whole shrimp to the amazing pistachio ice cream (the best and freshest I've ever had).",pistachio ice cream,positive
"The service was impeccable and unobtrusive -- the staff knows what they are there to do -- to know their menu, present your meal, and attend to your needs.",service,positive
"The flavors are very fresh and pretty inobtrusive, nothing flashy.",flavors,positive
"(food was delivered by a busboy, not waiter) We got no cheese offered for the pasta, our water and wine glasses remained EMPTY our entire meal, when we would have easily spent another $20 on wine.",meal,neutral
they bring service up a notch by offerng complementary amuse bouche to all tables and gave us a small dessert for our celebration.,service,positive
"On the other hand, if you are not fooled easily, you will find hundreds of restaurants that will give you service and ambiance that is on par with Alain Ducasse, and food that will outshine in presentaion, taste, choice, quality and quantity.",service,neutral
"While this can hardly be called a restaurant, it is possibly the best deal in Manhatten: $4 for a plate heaped with rice and 2-3 entrees.",rice,positive
"I had the salmon dish and while it was fine, for the price paid, I expected it to have some type of flavor.",price,neutral
I'm happy to have Nosh in the neighborhood and the food is very comforting.,food,positive
"Unfortunately, the food was NOT something to get worked up about.",food,negative
Should you happen to be impressed by the cuisine definitely try it.,cuisine,positive
The sweet lassi was excellent as was the lamb chettinad and the garlic naan but the rasamalai was forgettable.,garlic naan,positive
Wait staff is blantently unappreciative of your business but its the best pie on the UWS!,pie,positive
"Pizza and garlic knots are great as well, I order from them quite often and the delivery is always super quick!",delivery,positive
The last time I went we were seated at a table in a corridor next to the kitchen.,table,negative
"Meanwhile, the bartender continued to pour champagne from his reserve after we had finished our bottle and we enjoyed an amuse of turnip soup with pureed basil, gratis.",champagne,neutral
By far the best salad I have had in a fast food restaurant.,salad,positive
"Delicate spices, onions, eggs and a kick-ass roti.",eggs,positive
"Anyway, the food is good, the price is right and they have a decent wine list.",price,positive
This restaurant used to be our regular Thursday night dinner location.,dinner location,neutral
"Not sure where the previous reviewer, lonk, dined, but Saul is in a great neighborhood and has great food!",food,positive
The place is a BISTRO which means: simple dishes and wine served efficiently in a bustling atmosphere.,dishes,positive
I really like both the scallops and the mahi mahi (on saffron risotto-yum!).,scallops,positive
It is a lot of fun with live entertainment and all kinds of Disney type special effects.,special effects,positive
"I love when restaurants think using fancy expensive ingrediants makes the food fine cuisine, even with no idea how to use them.",ingrediants,positive
Cozy romantic atomosphere with only around 15 tables at most.,tables,positive
"BUt their best dish is thh Thai spiced curry noodles with shrimp - a dish that would cost $23.95 is most places, but it is $16 here.",dish,positive
"The food was delicious (I had a halibut special, my husband had steak), and the service was top-notch.",food,positive
"Despite the fact that the space is large, they've overcrowded the floor with tables.",space,positive
"The kitchen however, is almost always slow.",kitchen,negative
My suggestion is to eat family style because you'll want to try the other dishes.,eat family style,positive
"I am amazed by the poor reviews- I find this place to be standout Italian in an area flooded with Italian- great prices, great atmosphere, good service and a wonderful wine list.",atmosphere,positive
The entertainment was great they have shows that go on through out the dinner.,entertainment,positive
INCREDIBLY POOR SERVICE AN FOOD QUALITY AT EXORBITANT PRICES.,SERVICE,negative
"The Pad thai, lad nar and various other dishes all look good on paper but, I've had better thai food in less asthetically pleasing places.",thai food,neutral
"Nice ambiance, nice little bar, good bartender, Francois, and good service.",bartender,positive
"My turkey burger was not cooked at all, my friends salmon was completely raw.",salmon,negative
"Aside from the rushed service, we were very impressed with the food and the drinks.",drinks,positive
The food is okay and the prices here are mediocre.,food,neutral
The steak was excellent and one of the best I have had (I tasted the butter intitally but in no way did it overwhelm the flavor of the meat).,meat,positive
The place is a BISTRO which means: simple dishes and wine served efficiently in a bustling atmosphere.,place,positive
I have eaten there 3-4 times and the food was always good.,food,positive
"The Thali was small, thoroughly unremarkable, and $14.95.",Thali,negative
We had the scallops as an appetizer and they were delicious and the sauce was wonderful.,appetizer,positive
"I understand the area and folks you need not come here for the romantic, alluring ambiance or the five star service featuring a sommlier and a complicated maze of captain and back waiters - you come for the authentic foods, the tastes, the experiance.",tastes,positive
"at night, but it's hard to hear your own conversation with everyone else competing for that same luxury - the music playing in the background is also voluminous.",music,negative
i recommend the thai popcorn :),thai popcorn,positive
"Emilio, the owner, is often sitting in the front table greeting guests as they come and go.",owner,positive
"The pesto pizza was excellent, thin-crust pizza with a nice amount of spicy Italian cheese that I'd never heard of before.",pesto pizza,positive
"With so many good restaurants on the UWS, I don't need overpriced food, absurdly arrogant wait-staff who don't recognize they work at a glorified diner, clumsy service, and management that doesn't care.",wait-staff,negative
"Great roofdeck, nice group of 30 somethings, but no music, kind of quiet.",music,negative
The service is good and ambience is good for a date or group outing.,service,positive
The place was nice and calm.,place,positive
"Two people in our party felt like something else, and Volare immediately obliged with two great dishes that were not in their regular menu.",dishes,positive
I'd highly recommend it for a special occasion -- it provides and intimate setting and nice service.,service,positive
"My wife and I also enjoyed the spinach, the Shanghai low mein, and other attractions.",Shanghai low mein,positive
"The portions are HUGE, so it might be good to order three things to split (rather than one appetizer and entree per person) for two people.",portions,positive
The owners and employees are friendly and their pizza is fantastic.,employees,positive
The pizza was delivered cold and the cheese wasn't even fully melted!,cheese,negative
We got in line and were served while in line a bannan fritter.,bannan fritter,neutral
Good drink.,drink,positive
I ordered the chu chu curry and my friend ordered the pad thai chicken.,chu chu curry,neutral
"I don't know about you guys, but when I go somewhere to eat I go for the food not for the atmosphere.",food,neutral
"The chicken parm was edible but had canned tomato sauce and boxed pasta and the chicken with portobello mushrooms consisted of dry, inedible chicken with terrible sauce.",chicken with portobello mushrooms,negative
"Nice ambiance, nice little bar, good bartender, Francois, and good service.",ambiance,positive
Tuk Tuk is one of those comfortable neighborhood joints where you know you will always have a good meal at a fair price.,meal,positive
The food was delicious and the waiter was incredibly helpful and attentive (considering we were the only ones there for the first hour).,waiter,positive
"Besides having the table we had been promised given to other restaurant patrons twice before we were actually seated, we were served dishes we hadn't ordered three times, received one of our orders 20 minutes after the rest of the table had been served (and that order was undercooked), and charged $45 more than we should have been on our bill.",served,negative
Won't or Can't is not in the service directory.,service,positive
We were seated and ignored by waitstaff.,waitstaff,negative
"You rarely have to wait for a seat and the currys (masaman, green, red) are full of flavor and come super spicy if you ask for it.",flavor,positive
The food is so cheap and the waiters are nice.,waiters,positive
We were planning to get dessert but the waitress basically through the bill at us before we had a chance to order.,bill,neutral
The bill is approximately $25 for 2 at lunch without drinks.,lunch,neutral
"I've had the chicken with garlic sauce, chicken with black bean sauce, and hunan chicken.",chicken with black bean sauce,neutral
"The decor is nice, but more casual than fine dining.",decor,conflict
Although they do the typical what kind of water would you like questions the service was good and overall very relaxing to place to eat.,water,neutral
"Orsay, is a very pleasnt throw back to traditional French food, and French service as well.",French food,positive
"It took half an hour to get our check, which was perfect since we could sit, have drinks and talk!",check,neutral
"The service was excellent, the food was excellent, but the entire experience was very cool.",service,positive
"Especially liked chicken tikka and the naan, and the dals.",chicken tikka,positive
This is my first time writing a review for a restaurant because the food and service was excellent.,food,positive
"Everything, from the soft bread, soggy salad, and 50 minute wait time, with an incredibly rude service to deliver below average food.",salad,negative
"Despite a slightly limited menu, everything prepared is done to perfection, ultra fresh and a work of food art.",food art,positive
Try the spicy wontons and the salt pepper shrimps.,spicy wontons,positive
"those rolls were big, but not good and sashimi wasn't fresh.",rolls,conflict
The duck confit is always amazing and the foie gras terrine with figs was out of this world.,duck confit,positive
"Complimentary stuff kept coming, and when the waiter saw me opening a gift, I received my dessert on a plate that had Happy Birthday written on it, with a candlevery nice touch, and attentive staff.",staff,positive
$20 gets you unlimited sushi of a very high quality- I even took a friend here from Japan who said it was one of the best sushi places in the US that he has been to.,sushi places,positive
"The Halibut was too salty, dessert was so so (don't waste any of your calories) and service was poor.",Halibut,negative
Check out the secret back room.,secret back room,positive
We had a 3 hour brunch- they definitely do not rush you- and they kept the unlimited mimosas flowing the whole time.,mimosas,positive
"It's a place for people who pay a lot for mediocre food, noise and a chance to be with their fellow bridge and tunnel folks.",noise,negative
The strong scents coming from the left and right of me negatively affected my taste buds.,scents,negative
The hot and sour soup was unbearably hot and tasted of only pepper and nothing else.,soup,negative
The jukebox plays everything from Italian Opera to The Strokes.,jukebox,positive
The all-Italian staff is warm and engaging from the start.,staff,positive
Decor is nice though service can be spotty.,Decor,positive
"my picks: Guizhou chicken, fish with hot bean source, fish fillet in spicy source (special menu).",Guizhou chicken,positive
You must have the crabmeat lasagna which is out of this world and the chocolate bread pudding for dessert.,chocolate bread pudding,positive
Beef noodle soup is good as well.,Beef noodle soup,positive
The sangria was pretty tasty and good on a hot muggy day.,sangria,positive
As always we had a great glass of wine while we waited.,glass of wine,positive
"It is about FOOD and Ambiance, and imagine how dreadful it will be it we only had to listen to an idle engine.",FOOD,negative
"- for dessert we split chocolate cake and vanilla gelato (with espresso), which were tasty, but I thought a bit overpriced.",dessert,conflict
"The food is good, especially their more basic dishes, and the drinks are delicious.",drinks,positive
"In an area sadly lacking in decent Thai food, this is one of the best spots.",Thai food,positive
"The owner is very friendly and a great guy, go try his pizza, you'll like it!",pizza,positive
"Pizza is terrific, as is homemade pasta.",homemade pasta,positive
Horrible food and Horrible service.,service,negative
"I've eaten thai many times, and am very familiar with the cuisine.",cuisine,neutral
