id,text,sentiment,aspect
1,dạy rất có tâm .,positive,hanh_vi
2,cần cung cấp tài liệu đầy đủ và chính xác hơn .,negative,cung_cap_tai_lieu
2,cần cung cấp tài liệu đầy đủ và chính xác hơn .,negative,de_xuat
3,"thầy còn giảng bài hơi nhỏ , sinh viên tụi em lắng nghe không rõ .",negative,ky_nang_giang_day
4,biết ứng dụng kiến thức đã học vào thực tiễn tạo hứng thú cho sinh viên .,positive,kinh_nghiem
4,biết ứng dụng kiến thức đã học vào thực tiễn tạo hứng thú cho sinh viên .,positive,kien_thuc
5,"giảng viên khá nhiệt tình và tận tâm , bài giảng dễ hiểu .",positive,ky_nang_giang_day
5,"giảng viên khá nhiệt tình và tận tâm , bài giảng dễ hiểu .",positive,hanh_vi
6,"thầy nói có phần khó hiểu , ít làm bài tập .",negative,ky_nang_giang_day
6,"thầy nói có phần khó hiểu , ít làm bài tập .",negative,bai_tap
7,hấp dẫn .,positive,noi_chung
8,"tận tình , kiến thức dễ hiểu .",positive,hanh_vi
8,"tận tình , kiến thức dễ hiểu .",positive,kien_thuc
9,thầy cho chép nhiều quá .,negative,bai_tap
10,không có tâm dạy .,negative,hanh_vi
11,"thầy truyền đạt tốt , giảng bài dễ hiểu .",positive,ky_nang_giang_day
12,đến hôm tiếp theo thì thầy lại nạp cho bọn em nhiều kiến thức mới dẫn đến khó hiểu hơn .,negative,ky_nang_giang_day
13,"có thể cho nhiều bài kiểm tra mỗi phần để biết được tình trạng học tập , hiểu bài của sinh viên .",neutral,de_xuat
14,hài lòng tất cả .,positive,noi_chung
15,tăng thêm giờ học ngoại khoá .,neutral,de_xuat
16,"giảng dạy hầu như không hướng dẫn tận tình , cho bài tập khá bất hợp lý .",negative,ky_nang_giang_day
16,"giảng dạy hầu như không hướng dẫn tận tình , cho bài tập khá bất hợp lý .",negative,bai_tap
17,cần tăng thêm nhiều tiết thực hành .,negative,bai_tap
17,cần tăng thêm nhiều tiết thực hành .,positive,de_xuat
18,nhưng trên hết tụi em vẫn biết đó là ý tốt của thầy .,positive,hanh_vi
19,mong các thầy cô hãy đưa bài này đến thầy wzjwz54 !,neutral,de_xuat
20,em nghĩ có nhiều hoạt động giao tiếp bắng tiếng anh thì sẽ hay hơn rất nhiều .,negative,chuong_trinh_hoc
20,em nghĩ có nhiều hoạt động giao tiếp bắng tiếng anh thì sẽ hay hơn rất nhiều .,neutral,de_xuat
21,"dạy dễ hiểu , kể chuyện vui .",positive,ky_nang_giang_day
22,cách đánh giá bài tập lớn cuối kỳ cũng không được khách quan .,negative,cham_diem
23,thầy còn cho ít bài tập .,negative,bai_tap
24,giảng viên sửa ít bài tập .,negative,bai_tap
25,thầy rất nhiệt tình và giải đáp tất cả thắc mắc của sinh viên .,positive,hanh_vi
26,thầy rất nhiệt tình giảng dạy và tạo môi trường hỗ trợ sinh viên học tập tốt nhất có thể .,positive,ky_nang_giang_day
26,thầy rất nhiệt tình giảng dạy và tạo môi trường hỗ trợ sinh viên học tập tốt nhất có thể .,positive,hanh_vi
27,"bài tập tại lớp còn hơi ít , hướng dẫn hơi nhanh !",negative,ky_nang_giang_day
27,"bài tập tại lớp còn hơi ít , hướng dẫn hơi nhanh !",negative,bai_tap
28,nên cung cấp thêm tài liệu và bài tập cho sinh viên .,neutral,bai_tap
28,nên cung cấp thêm tài liệu và bài tập cho sinh viên .,neutral,cung_cap_tai_lieu
28,nên cung cấp thêm tài liệu và bài tập cho sinh viên .,neutral,de_xuat
29,nội dung còn khá khó để tiếp thu .,negative,chuong_trinh_hoc
30,"mong cô thay đổi cách dạy cho hiệu quả hơn , để sinh viên yêu thương cô nhiều hơn .",negative,ky_nang_giang_day
30,"mong cô thay đổi cách dạy cho hiệu quả hơn , để sinh viên yêu thương cô nhiều hơn .",negative,de_xuat
31,giáo viên tuyệt vời .,positive,ky_nang_giang_day
31,giáo viên tuyệt vời .,positive,hanh_vi
32,english is good .,positive,noi_chung
33,"nhiệt tình , khả năng truyền đạt tốt .",positive,ky_nang_giang_day
33,"nhiệt tình , khả năng truyền đạt tốt .",positive,hanh_vi
34,cách dạy môn này của giảng viên vô tình càng làm phân loại sinh viên ( giỏi càng giỏi hơn còn yếu rồi thì có muốn học cũng khó mà học được nên càng ngày càng yếu ) .,negative,ky_nang_giang_day
35,cô dạy rất vui !,positive,hanh_vi
36,không thể nào đầu tư vô mỗi một môn java này .,negative,chuong_trinh_hoc
37,"buổi góp ý đánh giá trước khi hoàn chỉnh đồ án thầy xem sơ sài , không chỉ ra chỗ sai lớn nhất đến bài chính thức thì thầy chấm kỹ .",negative,hanh_vi
37,"buổi góp ý đánh giá trước khi hoàn chỉnh đồ án thầy xem sơ sài , không chỉ ra chỗ sai lớn nhất đến bài chính thức thì thầy chấm kỹ .",negative,cham_diem
38,"hầu hết các bài đều rất khó hiểu vì cô đã lượt bỏ mất phần giải cho các bài ví dụ trên slide , nên rất khó theo dõi và nắm bắt .",negative,ky_nang_giang_day
38,"hầu hết các bài đều rất khó hiểu vì cô đã lượt bỏ mất phần giải cho các bài ví dụ trên slide , nên rất khó theo dõi và nắm bắt .",negative,cung_cap_tai_lieu
39,luôn nhiệt tình và tận tâm .,positive,hanh_vi
40,"cô không thể cả năm không gặp mặt sinh viên , lúc đầu em còn nghĩ tiết thực hành này được miễn nghỉ rồi 3 tuần cuối , mỗi tuần 1 đồ án giao cho sinh viên .",negative,hanh_vi
40,"cô không thể cả năm không gặp mặt sinh viên , lúc đầu em còn nghĩ tiết thực hành này được miễn nghỉ rồi 3 tuần cuối , mỗi tuần 1 đồ án giao cho sinh viên .",neutral,bai_tap
41,"thầy hay dạy quá giờ , 3h15 kết thúc nhưng hơn 3h30 mới cho về .",negative,ky_nang_giang_day
42,giáo viên nên có code mẫu cho sinh viên .,neutral,cung_cap_tai_lieu
42,giáo viên nên có code mẫu cho sinh viên .,positive,de_xuat
43,thời khóa biểu linh hoạt phù hợp cho sinh viên đang đi thực tập .,positive,chuong_trinh_hoc
44,thầy dạy khá kỹ .,positive,ky_nang_giang_day
45,hay lên lớp muộn .,negative,hanh_vi
46,hình thức điểm danh .,neutral,chuong_trinh_hoc
47,thầy dạy rất nhiệt tình và luôn tạo được cảm hứng và sự yêu thích cho sinh viên đối với môn học cũng như cách học .,positive,ky_nang_giang_day
47,thầy dạy rất nhiệt tình và luôn tạo được cảm hứng và sự yêu thích cho sinh viên đối với môn học cũng như cách học .,positive,hanh_vi
48,"tận tình , gần gũi .",positive,hanh_vi
49,"thầy dạy hơi nhanh , đa số sinh viên không theo kịp .",negative,ky_nang_giang_day
50,"chấm điểm thiếu công bằng , thực hành tại máy trường mà chấm bài cài đặt phần mềm trên laptop .",negative,cham_diem
50,"chấm điểm thiếu công bằng , thực hành tại máy trường mà chấm bài cài đặt phần mềm trên laptop .",negative,thiet_bi_day_hoc
51,"tôi và các bạn khác cùng bước vào , khi đó thầy yêu cầu đồng loạt mở hết code lên chạy demo để thầy chấm , và không may thay thầy đã tìm ra 2 bạn có source code y chang nhau , thầy bắt đầu tra hỏi lý thuyết về đề tài 'xxx' đối với 2 bạn đó .",neutral,noi_chung
52,"thầy dạy hay , rất tốt , tận tâm .",positive,ky_nang_giang_day
52,"thầy dạy hay , rất tốt , tận tâm .",positive,hanh_vi
53,"giảng viên nhiệt tình , truyền đạt dễ hiểu .",positive,ky_nang_giang_day
53,"giảng viên nhiệt tình , truyền đạt dễ hiểu .",positive,hanh_vi
54,những thông tin mới nhất liên quan đến ngành luôn đến với chúng em qua những tiết giảng dạy của thầy .,positive,ky_nang_giang_day
54,những thông tin mới nhất liên quan đến ngành luôn đến với chúng em qua những tiết giảng dạy của thầy .,positive,kien_thuc
55,"giảng viên dạy hay , mang tính thực tế .",positive,ky_nang_giang_day
55,"giảng viên dạy hay , mang tính thực tế .",positive,kinh_nghiem
56,giáo viên hướng dẫn kỹ càng .,positive,ky_nang_giang_day
57,"dễ tiếp thu , thân thiện , nhiệt tình .",positive,ky_nang_giang_day
57,"dễ tiếp thu , thân thiện , nhiệt tình .",positive,hanh_vi
58,giảm bớt thời gian phần speaking bắt kịp tốc độ giảng dạy .,negative,chuong_trinh_hoc
58,giảm bớt thời gian phần speaking bắt kịp tốc độ giảng dạy .,neutral,de_xuat
59,quá trình giảng dạy còn hơi nhanh .,negative,ky_nang_giang_day
60,giảng bài hơi nhanh .,negative,ky_nang_giang_day
61,thường xuyên nghỉ mà không báo trước để sinh viên biết .,negative,hanh_vi
62,môn học cung cấp nhiều kiến thức bổ ích .,positive,kien_thuc
63,"bài tập ngập mặt , deadline vào giờ khó đỡ .",negative,bai_tap
64,"tạo ra được những trò chơi và cách tiếp cận môn học mới mẻ , hiệu quả , giảng viên nhiệt tình , tận tâm với người học .",positive,ky_nang_giang_day
64,"tạo ra được những trò chơi và cách tiếp cận môn học mới mẻ , hiệu quả , giảng viên nhiệt tình , tận tâm với người học .",positive,hanh_vi
64,"tạo ra được những trò chơi và cách tiếp cận môn học mới mẻ , hiệu quả , giảng viên nhiệt tình , tận tâm với người học .",positive,kien_thuc
65,"cảm ơn thầy , thầy rất tuyệt vời , mong thầy tiếp tục giữ lửa cho khóa sau .",positive,hanh_vi
65,"cảm ơn thầy , thầy rất tuyệt vời , mong thầy tiếp tục giữ lửa cho khóa sau .",neutral,de_xuat
66,"giảng dạy kỹ kiến thức cơ bản , cho ví dụ và bài tập từ dễ đến khó , hướng dẫn sinh viên giải bài tập .",positive,ky_nang_giang_day
66,"giảng dạy kỹ kiến thức cơ bản , cho ví dụ và bài tập từ dễ đến khó , hướng dẫn sinh viên giải bài tập .",positive,kinh_nghiem
66,"giảng dạy kỹ kiến thức cơ bản , cho ví dụ và bài tập từ dễ đến khó , hướng dẫn sinh viên giải bài tập .",positive,bai_tap
67,thầy cho làm nhiều bài tập để hiểu rõ hơn .,positive,bai_tap
68,hay trả lời thắc mắc của sinh viên .,positive,hanh_vi
69,các hoạt động giảng dạy trên lớp của cô khá phong phú và hay .,positive,ky_nang_giang_day
70,giảng viên wzjwz229 không dạy mà chỉ có thầy wzjwz230 thôi nên không biết nhận xét .,negative,hanh_vi
71,"cô dạy quá nhanh , sinh viên chưa kịp hiểu cho ví dụ ít , bài tập ít , làm bài tập lướt nhanh khi sinh viên chưa hiểu kịp cô phát âm không chuẩn .",negative,ky_nang_giang_day
71,"cô dạy quá nhanh , sinh viên chưa kịp hiểu cho ví dụ ít , bài tập ít , làm bài tập lướt nhanh khi sinh viên chưa hiểu kịp cô phát âm không chuẩn .",negative,hanh_vi
71,"cô dạy quá nhanh , sinh viên chưa kịp hiểu cho ví dụ ít , bài tập ít , làm bài tập lướt nhanh khi sinh viên chưa hiểu kịp cô phát âm không chuẩn .",negative,bai_tap
72,hoạt động giảng dạy của giáo viên đưa ra quá cao so với trình độ học của lớp .,negative,ky_nang_giang_day
73,cô dạy quá tuyệt vời không còn điều gi để nói .,positive,ky_nang_giang_day
73,cô dạy quá tuyệt vời không còn điều gi để nói .,positive,hanh_vi
73,cô dạy quá tuyệt vời không còn điều gi để nói .,positive,kien_thuc
74,thầy cho nhiều ví dụ gần với thực tế hơn .,positive,kinh_nghiem
75,bài giảng khô khan .,negative,ky_nang_giang_day
76,thầy rất tận tình với sinh viên .,positive,hanh_vi
77,đôi khi bị lố giờ giảng .,negative,noi_chung
78,"dễ hiểu , trình bày bài tập rõ ràng .",positive,ky_nang_giang_day
78,"dễ hiểu , trình bày bài tập rõ ràng .",positive,bai_tap
79,thầy rất nhiệt tình và tận tâm với sinh viên .,positive,hanh_vi
80,phải trả lời những câu hỏi của sinh viên một cách nhanh nhất .,negative,hanh_vi
81,"thầy dạy rất hay , em cám ơn thầy .",positive,ky_nang_giang_day
82,"giáo viên vui tính , tốt bụng .",positive,hanh_vi
83,"giảng viên không quan tâm cách thực hiện , chỉ quan tâm tới kết quả làm được , không biết kết quả đó thực hiện thế nào .",negative,hanh_vi
84,"thầy rất tâm huyết trong việc truyền đạt kinh nghiệm , luôn nhắc nhở sinh viên ý thức về việc học của mình .",positive,kinh_nghiem
84,"thầy rất tâm huyết trong việc truyền đạt kinh nghiệm , luôn nhắc nhở sinh viên ý thức về việc học của mình .",positive,hanh_vi
85,thầy rất nhiệt tình với sinh viên !,positive,hanh_vi
86,cách giảng của cô hơi buồn ngủ .,negative,ky_nang_giang_day
87,đôi lúc giảng viên nói nhỏ nên em không nghe được .,negative,ky_nang_giang_day
88,bài giảng hơi nhanh .,negative,ky_nang_giang_day
89,"môn này chẳng khác gì mấy môn học xàm xàm học cho qua , chẳng thu được kiến thức gì .",negative,kien_thuc
89,"môn này chẳng khác gì mấy môn học xàm xàm học cho qua , chẳng thu được kiến thức gì .",negative,chuong_trinh_hoc
90,ít hoạt náo dễ gây buồn ngủ .,negative,ky_nang_giang_day
91,"trang thiết bị cần được hỗ trợ tốt hơn , chất lượng máy chiếu không được như ý , khá mờ làm chất lượng thuyết trình và việc giảng dạy không được tốt .",negative,ky_nang_giang_day
91,"trang thiết bị cần được hỗ trợ tốt hơn , chất lượng máy chiếu không được như ý , khá mờ làm chất lượng thuyết trình và việc giảng dạy không được tốt .",negative,thiet_bi_day_hoc
91,"trang thiết bị cần được hỗ trợ tốt hơn , chất lượng máy chiếu không được như ý , khá mờ làm chất lượng thuyết trình và việc giảng dạy không được tốt .",positive,de_xuat
92,giữa sinh viên và giảng viên chưa có sự trao đổi gắn kết .,negative,hanh_vi
93,sử dụng khá nhiều thời gian trên lớp để nói về những điều khá căn bản .,negative,ky_nang_giang_day
94,"tận tâm , vui vẻ hòa đồng .",positive,hanh_vi
95,hay gợi những thực tế vào bài học .,positive,ky_nang_giang_day
96,môn học trang bị kiến thức tổng quát về các ngành học .,positive,kien_thuc
96,môn học trang bị kiến thức tổng quát về các ngành học .,positive,chuong_trinh_hoc
97,"đi trễ , dạy chậm .",negative,ky_nang_giang_day
97,"đi trễ , dạy chậm .",negative,hanh_vi
98,nhiều tiết tự học do sinh viên tự thuyết trình .,neutral,chuong_trinh_hoc
99,chịu khó giảng lại nhiều lần .,negative,ky_nang_giang_day
100,thay đổi hệ thống âm thanh phòng học .,negative,thiet_bi_day_hoc
100,thay đổi hệ thống âm thanh phòng học .,neutral,de_xuat
101,"tận tâm , nhiệt tình .",positive,hanh_vi
102,"phòng học thực hành quá bé , bụi và bẩn , hệ thống máy tính không sử dụng được .",negative,thiet_bi_day_hoc
103,lớp học khá chật so với số lượng sinh viên .,negative,thiet_bi_day_hoc
104,khả năng truyền đạt chưa thực sự xuất sắc .,negative,ky_nang_giang_day
105,"giảng viên giảng dạy nhiệt tình , đóng góp ý kiến thẳng thắng , không tạo áp lực , chấm điểm chuẩn xác .",positive,hanh_vi
105,"giảng viên giảng dạy nhiệt tình , đóng góp ý kiến thẳng thắng , không tạo áp lực , chấm điểm chuẩn xác .",positive,cham_diem
106,"thầy dạy tận tâm , nhiệt tình , vui tính .",positive,hanh_vi
107,"thầy giảng rất nhiệt tình , dễ hiểu , nội dung slide bài giảng chi tiết , dễ hiểu .",positive,ky_nang_giang_day
107,"thầy giảng rất nhiệt tình , dễ hiểu , nội dung slide bài giảng chi tiết , dễ hiểu .",positive,hanh_vi
107,"thầy giảng rất nhiệt tình , dễ hiểu , nội dung slide bài giảng chi tiết , dễ hiểu .",positive,cung_cap_tai_lieu
108,em có góp ý nhỏ là trong giờ dạy lý thuyết thì những chỗ trọng tâm và thiết thực của môn học thì thầy nên nhấn mạnh và giảng giải nhiều hơn để chúng em chú ý hơn những chỗ đó ạ .,neutral,ky_nang_giang_day
108,em có góp ý nhỏ là trong giờ dạy lý thuyết thì những chỗ trọng tâm và thiết thực của môn học thì thầy nên nhấn mạnh và giảng giải nhiều hơn để chúng em chú ý hơn những chỗ đó ạ .,positive,de_xuat
109,nghiêm túc .,positive,hanh_vi
110,"giảng hay , ra bài tập hay .",positive,ky_nang_giang_day
110,"giảng hay , ra bài tập hay .",positive,bai_tap
111,quan tâm nhiều đến sinh viên .,positive,hanh_vi
112,"điều em không hài lòng nhất là cô cho nghỉ quá nhiều , đến gần cuối kỳ cô mới dạy và học bù để chạy bài .",negative,ky_nang_giang_day
113,giảng viên hài hước .,positive,hanh_vi
114,"nội dung ôn tập thi giữa kỳ và cuối kỳ nên đa dạng hơn , có thêm các câu hỏi lý thuyết suy luận thay vì chỉ là 10% bài tập có thể khiến nhiều sinh viên không hiểu rõ nội dung môn học mà chỉ biết làm bài tập .",negative,bai_tap
114,"nội dung ôn tập thi giữa kỳ và cuối kỳ nên đa dạng hơn , có thêm các câu hỏi lý thuyết suy luận thay vì chỉ là 10% bài tập có thể khiến nhiều sinh viên không hiểu rõ nội dung môn học mà chỉ biết làm bài tập .",negative,chuong_trinh_hoc
114,"nội dung ôn tập thi giữa kỳ và cuối kỳ nên đa dạng hơn , có thêm các câu hỏi lý thuyết suy luận thay vì chỉ là 10% bài tập có thể khiến nhiều sinh viên không hiểu rõ nội dung môn học mà chỉ biết làm bài tập .",positive,de_xuat
115,mỗi buổi thực hành giảng viên chỉ đưa sinh viên một file bài tập rồi bắt sinh viên làm nhưng không có hướng dẫn và đưa ra yêu cầu cụ thể .,negative,ky_nang_giang_day
115,mỗi buổi thực hành giảng viên chỉ đưa sinh viên một file bài tập rồi bắt sinh viên làm nhưng không có hướng dẫn và đưa ra yêu cầu cụ thể .,negative,hanh_vi
115,mỗi buổi thực hành giảng viên chỉ đưa sinh viên một file bài tập rồi bắt sinh viên làm nhưng không có hướng dẫn và đưa ra yêu cầu cụ thể .,negative,bai_tap
116,giảng viên hướng dẫn tận tình chu đáo .,positive,hanh_vi
117,nên tổ chức thi hình thức trăc nghiệm .,neutral,de_xuat
118,cách giảng dạy không tạo được hứng thú cho sinh viên khi học .,negative,ky_nang_giang_day
119,cần ra các bài thực hành sát với thực tế môn học hơn .,neutral,bai_tap
119,cần ra các bài thực hành sát với thực tế môn học hơn .,positive,de_xuat
120,"tận tình , quan tâm đến sinh viên .",positive,hanh_vi
121,slide của thầy đưa cho sinh viên có nhiều chỗ sai .,negative,cung_cap_tai_lieu
122,"giảng viên nên thường xuyên lên lớp , và không để trường hợp thay thế giảng viên khác .",negative,hanh_vi
122,"giảng viên nên thường xuyên lên lớp , và không để trường hợp thay thế giảng viên khác .",neutral,de_xuat
123,thầy dạy hay nắm được kiến thức .,positive,kien_thuc
124,"cô nhiệt tình , thoải mái , giải đáp thắc mắc của sinh viên khá nhanh .",positive,hanh_vi
125,tăng thời gian thực hành .,negative,kinh_nghiem
125,tăng thời gian thực hành .,neutral,de_xuat
126,"cô chỉ cho bài tập về nhà kêu làm và nộp , không giải thích gì thêm .",negative,ky_nang_giang_day
126,"cô chỉ cho bài tập về nhà kêu làm và nộp , không giải thích gì thêm .",negative,bai_tap
127,đôi khi hơi nhàm chán .,negative,noi_chung
128,"lớp có 3 thầy nhưng không biết thầy wzjwz282 , 3 thầy đó là doubledot wzjwz283 , wzjwz284 , wzjwz285 .",neutral,noi_chung
129,"đa phần là tự học là chính , có thể là do chương trình đại học quốc gia .",neutral,chuong_trinh_hoc
130,cô dạy rất nhiệt tình và tâm huyết .,positive,hanh_vi
131,"thầy hay cho deadline hằng tuần , đảm bảo kiến thức cho sinh viên .",positive,hanh_vi
131,"thầy hay cho deadline hằng tuần , đảm bảo kiến thức cho sinh viên .",positive,bai_tap
131,"thầy hay cho deadline hằng tuần , đảm bảo kiến thức cho sinh viên .",positive,kien_thuc
132,không nêu rõ ví dụ chi tiết cho các bài tập .,negative,bai_tap
133,"phòng học còn thiếu chất lượng , trời nóng nên bố trí thêm quạt cho dãy hai bên phòng .",negative,thiet_bi_day_hoc
133,"phòng học còn thiếu chất lượng , trời nóng nên bố trí thêm quạt cho dãy hai bên phòng .",neutral,de_xuat
134,em hiện chưa biết mặt thầy luôn ạ .,negative,noi_chung
135,sinh viên có cảm giác thầy giảng như cho có .,negative,ky_nang_giang_day
136,hoàn thiện giáo trình thực hành .,neutral,cung_cap_tai_lieu
136,hoàn thiện giáo trình thực hành .,positive,de_xuat
137,slide còn khó hiểu .,negative,cung_cap_tai_lieu
138,nắm bắt được những điều khái quát ban đầu về môn học của mình .,positive,chuong_trinh_hoc
139,"rất nhiều vấn đề khó hiểu nhưng thầy không dạy một cách tường tận khiến sinh viên rơi vào "" hố đen "" .",negative,ky_nang_giang_day
140,giảng viên dạy rất tốt theo nhiều mặt .,positive,ky_nang_giang_day
141,"cô dạy hay , truyền đạt cũng tốt .",positive,ky_nang_giang_day
142,"giảng viên dạy hay , hướng dẫn rõ ràng .",positive,ky_nang_giang_day
143,"giảng viên sử dụng giờ hợp lý , giảng dạy dễ hiểu .",positive,ky_nang_giang_day
144,"vì đôi khi một đề lâp trình nào đó có thể người này đã làm qua rồi , người khác thì chưa hề đọc qua kiến thức ấy trong khi thời gian làm bài chỉ có 60 phút .",negative,bai_tap
144,"vì đôi khi một đề lâp trình nào đó có thể người này đã làm qua rồi , người khác thì chưa hề đọc qua kiến thức ấy trong khi thời gian làm bài chỉ có 60 phút .",negative,kien_thuc
145,"nên bỏ kiểm tra code trên giấy , thay vào đó code bằng máy tính sẽ dễ sửa lỗi và điều chỉnh hơn .",neutral,de_xuat
146,giáo viên rất tận tình trong quá trình giảng dạy .,positive,hanh_vi
147,giáo viên dạy nhiệt tình hiệu quả .,positive,ky_nang_giang_day
147,giáo viên dạy nhiệt tình hiệu quả .,positive,hanh_vi
148,phòng lab còn chưa đáp ứng tốt .,negative,thiet_bi_day_hoc
149,"giọng nói hơi khó nghe , ngoài ra không có gì không hài lòng .",negative,ky_nang_giang_day
150,sáng tạo .,positive,noi_chung
151,các bài tập thực hành áp dụng được kiến thức đã học trên lớp .,positive,bai_tap
152,"giảng viên nhiệt tình , tài liệu đầy đủ , đảm bảo gờ lên lớp .",positive,hanh_vi
152,"giảng viên nhiệt tình , tài liệu đầy đủ , đảm bảo gờ lên lớp .",positive,cung_cap_tai_lieu
153,thầy dạy rất dễ hiểu và hài hước .,positive,ky_nang_giang_day
154,cần mở câu lạc bộ anh văn .,neutral,de_xuat
155,"không quy định rõ ràng quy định khi cho sinh viên làm đồ án , còn một tháng cuối mới gửi mail thông báo làm sinh viên thay đổi không kịp .",negative,bai_tap
156,"giảng viên nhiệt tình , giảng dạy kỹ càng , chi tiết , bám sát chương trình .",positive,ky_nang_giang_day
156,"giảng viên nhiệt tình , giảng dạy kỹ càng , chi tiết , bám sát chương trình .",positive,hanh_vi
156,"giảng viên nhiệt tình , giảng dạy kỹ càng , chi tiết , bám sát chương trình .",positive,chuong_trinh_hoc
157,"cần có thêm giáo trình , tài liệu để sinh viên dễ tìm hiểu hơn .",negative,cung_cap_tai_lieu
157,"cần có thêm giáo trình , tài liệu để sinh viên dễ tìm hiểu hơn .",neutral,de_xuat
158,thầy wzjwz171 tích cực cho và chủ động giải những ví dụ rất nhiều và dễ hiểu .,positive,ky_nang_giang_day
159,đôi lúc cô dạy hơi khó hiểu .,negative,ky_nang_giang_day
160,"dạy đầy đủ chương trình , tích cực kiểm tra học sinh .",positive,hanh_vi
160,"dạy đầy đủ chương trình , tích cực kiểm tra học sinh .",positive,chuong_trinh_hoc
161,đôi khi quá nghiêm túc .,negative,hanh_vi
162,"giảng viên tận tình chỉ dạy , truyền đạt tốt .",positive,ky_nang_giang_day
162,"giảng viên tận tình chỉ dạy , truyền đạt tốt .",positive,hanh_vi
163,"nhưng số buổi gặp cô ít quá , mong phòng đào tạo sắp xếp số buổi được gặp nhiều hơn .",negative,chuong_trinh_hoc
163,"nhưng số buổi gặp cô ít quá , mong phòng đào tạo sắp xếp số buổi được gặp nhiều hơn .",neutral,de_xuat
164,"tiết thực hành nên tập trung vào đồ án , những cái chưa làm được .",negative,bai_tap
164,"tiết thực hành nên tập trung vào đồ án , những cái chưa làm được .",neutral,de_xuat
165,"thầy dạy rất nhiệt tình , nội dung dạy truyền đạt đầy đủ và chi tiết .",positive,ky_nang_giang_day
165,"thầy dạy rất nhiệt tình , nội dung dạy truyền đạt đầy đủ và chi tiết .",positive,hanh_vi
165,"thầy dạy rất nhiệt tình , nội dung dạy truyền đạt đầy đủ và chi tiết .",positive,kien_thuc
166,"em thích cách dạy của cô , kết hợp thuyết trình và cuối tiết đánh giá góp ý cho sinh viên , giúp phát triển kỹ năng nói cho sinh viên .",positive,ky_nang_giang_day
167,phòng lab rất nhỏ và ít thiết bị nên chất lượng học tập môn học không đảm bảo .,negative,thiet_bi_day_hoc
168,thầy đến lớp muộn 15 phút .,negative,hanh_vi
169,nên chuyển qua phòng học khác không có máy tính và nhỏ hơn .,negative,thiet_bi_day_hoc
169,nên chuyển qua phòng học khác không có máy tính và nhỏ hơn .,neutral,de_xuat
170,"thầy giáo vui tính , nhiệt huyết giảng dạy dễ hiểu .",positive,ky_nang_giang_day
171,tạo nhiều cơ hội cho sinh viên trau dồi kiến thức cũng như cải thiện điểm số .,positive,cham_diem
171,tạo nhiều cơ hội cho sinh viên trau dồi kiến thức cũng như cải thiện điểm số .,positive,kien_thuc
172,"khi lớp có các bạn vắng quá nhiều , thầy gọi lớp trưởng để nhác nhở các bạn trong lớp đi học .",neutral,hanh_vi
173,"kiến thức trải dài , không tập trung .",negative,kien_thuc
174,để dành thời gian lên lớn đến giảng bài cho sinh viên hiểu và giải đáp thắc mắc cho sinh viên không phải em mà rất nhiều người khác cũng phàn nàn về cách dạy của thầy .,negative,ky_nang_giang_day
175,tâm huyết và nhiệt tình với sinh viên .,positive,hanh_vi
176,"thầy dạy dễ hiểu , tận tình với sinh viên .",positive,ky_nang_giang_day
176,"thầy dạy dễ hiểu , tận tình với sinh viên .",positive,hanh_vi
177,"giảng viên tận tâm , nhiệt tình , bài giảng khá kỹ .",positive,ky_nang_giang_day
177,"giảng viên tận tâm , nhiệt tình , bài giảng khá kỹ .",positive,hanh_vi
178,giảng viên không sử dụng hiệu quả thời gian trên lớp mỗi buổi học .,negative,ky_nang_giang_day
179,đôi lúc không tiếp thu được .,negative,ky_nang_giang_day
180,"thầy dạy rất nhiệt tình và thầy rất năng động , luôn giải đáp các khúc mắc của sinh viên và nhất là khúc mắc về đồ án .",positive,hanh_vi
181,"có một điều rất bất cập là tiến độ của thực hành đi trước lý thuyết rất nhiều , thực hành đã qua từ rất lâu trong quá trình thực hành thì việc tìm hiều thông tin , tiếp thu rất khó khăn , một thời gian sau , gần hết học kỳ thì lý thuyết mới dạy tới phần đó .",negative,kinh_nghiem
181,"có một điều rất bất cập là tiến độ của thực hành đi trước lý thuyết rất nhiều , thực hành đã qua từ rất lâu trong quá trình thực hành thì việc tìm hiều thông tin , tiếp thu rất khó khăn , một thời gian sau , gần hết học kỳ thì lý thuyết mới dạy tới phần đó .",negative,chuong_trinh_hoc
182,làm khó sinh viên .,negative,ky_nang_giang_day
183,"thưa , thầy dạy rất dễ hiểu và luôn áp dụng bài học trên những dòng code thực tế và chạy trước lớp .",positive,ky_nang_giang_day
183,"thưa , thầy dạy rất dễ hiểu và luôn áp dụng bài học trên những dòng code thực tế và chạy trước lớp .",positive,kinh_nghiem
184,"dạy nhiệt tình , dễ hiểu .",positive,ky_nang_giang_day
185,trình độ chuyên môn đáng ngại .,negative,kien_thuc
186,"ngoài các cuộc thi về game thì trường nên tổ chức những cuộc thi viết phần mềm hay sáng tạo ý tưởng phần mềm theo một hướng nào đó để học sinh vừa có thể học tập vừa có thể thi đua nhiều hơn , tạo sự năng động trong sinh viên .",neutral,chuong_trinh_hoc
186,"ngoài các cuộc thi về game thì trường nên tổ chức những cuộc thi viết phần mềm hay sáng tạo ý tưởng phần mềm theo một hướng nào đó để học sinh vừa có thể học tập vừa có thể thi đua nhiều hơn , tạo sự năng động trong sinh viên .",positive,de_xuat
187,truyền đạt dễ hiểu chi tiết .,positive,ky_nang_giang_day
188,cần nghiêm khắc hơn trong quá trình học .,negative,hanh_vi
188,cần nghiêm khắc hơn trong quá trình học .,neutral,de_xuat
189,"cô rất nhiệt tình , dạy chi tiết , chuẩn bị bài hay nội dung trên courses cẩn thận .",positive,ky_nang_giang_day
189,"cô rất nhiệt tình , dạy chi tiết , chuẩn bị bài hay nội dung trên courses cẩn thận .",positive,hanh_vi
189,"cô rất nhiệt tình , dạy chi tiết , chuẩn bị bài hay nội dung trên courses cẩn thận .",positive,cung_cap_tai_lieu
190,ví dụ minh họa chưa thật sự gây hứng thú trong học tập .,negative,kinh_nghiem
191,"không đảm bảo tính khách quan , công bằng trong quá trình giảng dạy sinh viên giữa các khoa , luôn thiên vị khoa wzjwz156 .",negative,hanh_vi
192,cô nên quan tâm tới sinh viên hơn nữa .,negative,hanh_vi
192,cô nên quan tâm tới sinh viên hơn nữa .,positive,de_xuat
193,không thấy được ứng dụng thực tế .,negative,kinh_nghiem
194,sắp xếp thời gian học phù hợp hơn cho cả sinh viên và giảng viên .,negative,chuong_trinh_hoc
194,sắp xếp thời gian học phù hợp hơn cho cả sinh viên và giảng viên .,positive,de_xuat
195,thầy wzjwz227 dạy rất hay và cực kỳ dễ hiểu .,positive,ky_nang_giang_day
196,có đôi lúc cô giảng nhưng em không hiểu .,negative,ky_nang_giang_day
197,có liên hệ môn học với thực tế .,positive,kinh_nghiem
198,không hài lòng cho lắm .,negative,noi_chung
199,"bài tập về nhà quá nhiều , làm cho sinh viên không có nhiều thời gian để làm đồ án và học môn khác .",negative,bai_tap
200,giảng viên giảng dạy cụ thể đưa ra ví dụ minh họa giúp sinh viên dễ tiếp thu bài .,positive,ky_nang_giang_day
201,"không thông báo cho sinh viên , sinh viên nhiều lần lên trường rồi lại về dot mất thời gian !",negative,hanh_vi
202,"giảng viên nhiệt tình , đến lớp đúng giờ .",positive,hanh_vi
203,"cô vui vẻ , nhiệt tình .",positive,hanh_vi
204,theo em lý thuyết quan trọng nhưng cơ bản là sau khi học xong sinh viên có thể làm được gì mới là điều quan trọng nên em có đề xuất là tăng tỷ lệ điểm về phần thực hành lên mức tối đa có thể để đánh giá được kết quả học tập của sinh viên .,negative,cham_diem
204,theo em lý thuyết quan trọng nhưng cơ bản là sau khi học xong sinh viên có thể làm được gì mới là điều quan trọng nên em có đề xuất là tăng tỷ lệ điểm về phần thực hành lên mức tối đa có thể để đánh giá được kết quả học tập của sinh viên .,neutral,chuong_trinh_hoc
204,theo em lý thuyết quan trọng nhưng cơ bản là sau khi học xong sinh viên có thể làm được gì mới là điều quan trọng nên em có đề xuất là tăng tỷ lệ điểm về phần thực hành lên mức tối đa có thể để đánh giá được kết quả học tập của sinh viên .,positive,de_xuat
205,"giảng viên cần đưa ra những ví dụ thực tiễn minh họa cho bài học , không nên giảng quá nhiều về lý thuyết trừu tượng , nên sửa bài tập để sinh viên có thể sửa những lỗi của mình trong khi làm bài bài tập .",negative,ky_nang_giang_day
205,"giảng viên cần đưa ra những ví dụ thực tiễn minh họa cho bài học , không nên giảng quá nhiều về lý thuyết trừu tượng , nên sửa bài tập để sinh viên có thể sửa những lỗi của mình trong khi làm bài bài tập .",negative,kinh_nghiem
205,"giảng viên cần đưa ra những ví dụ thực tiễn minh họa cho bài học , không nên giảng quá nhiều về lý thuyết trừu tượng , nên sửa bài tập để sinh viên có thể sửa những lỗi của mình trong khi làm bài bài tập .",negative,bai_tap
205,"giảng viên cần đưa ra những ví dụ thực tiễn minh họa cho bài học , không nên giảng quá nhiều về lý thuyết trừu tượng , nên sửa bài tập để sinh viên có thể sửa những lỗi của mình trong khi làm bài bài tập .",neutral,de_xuat
206,cho nghỉ nhiều hoặc lên lớp không có ai dạy .,negative,ky_nang_giang_day
207,thầy giảng bài dễ hiểu nhiệt tình !,positive,ky_nang_giang_day
207,thầy giảng bài dễ hiểu nhiệt tình !,positive,hanh_vi
208,không đánh giá đúng thực lực của sinh viên .,negative,cham_diem
209,"ít giảng bài cho sinh viên , sinh viên thắc mắc không được giải đáp cặn kẽ , rất mơ hồ .",negative,ky_nang_giang_day
210,"cô chỉ dẫn nhiệt tình , giải đáp thắc mắc kịp thời .",positive,hanh_vi
211,"cái gì không biết thì phải tự mày mò tìm kiếm , không thể cứ trông đợi lời giải đáp từ giảng viên .",negative,hanh_vi
212,nên cập nhật thêm nhiều chuẩn web mới như progressive web app hay amp có tác động tốt đến seo .,positive,chuong_trinh_hoc
212,nên cập nhật thêm nhiều chuẩn web mới như progressive web app hay amp có tác động tốt đến seo .,neutral,de_xuat
213,điều chỉnh máy lạnh phù hợp với thời tiết .,negative,thiet_bi_day_hoc
214,giáo viên có thể cung cấp slide bài giảng trước cho sinh viên để sinh viên nghiên cứu trước mỗi buổi học .,negative,cung_cap_tai_lieu
214,giáo viên có thể cung cấp slide bài giảng trước cho sinh viên để sinh viên nghiên cứu trước mỗi buổi học .,neutral,de_xuat
215,"thầy dạy hay , dễ hiểu , ví dụ minh họa thực tiễn .",positive,ky_nang_giang_day
215,"thầy dạy hay , dễ hiểu , ví dụ minh họa thực tiễn .",positive,kinh_nghiem
216,"chưa được cung cấp hay giới thiệu về tài liệu tham khảo , thời gian chép bài trên bảng còn tốn hơi nhiều thời gian .",negative,ky_nang_giang_day
216,"chưa được cung cấp hay giới thiệu về tài liệu tham khảo , thời gian chép bài trên bảng còn tốn hơi nhiều thời gian .",negative,bai_tap
216,"chưa được cung cấp hay giới thiệu về tài liệu tham khảo , thời gian chép bài trên bảng còn tốn hơi nhiều thời gian .",negative,cung_cap_tai_lieu
217,được thực hành trên thiết bị thực .,positive,kinh_nghiem
217,được thực hành trên thiết bị thực .,positive,thiet_bi_day_hoc
218,cần tăng cường ôn tập để kiểm tra như doubledot đưa ra một số đề kiểm tra tham khảo cho sinh viên .,neutral,de_xuat
219,"về bài tập , không bao giờ dạy tính toán gì cả , mà về nhà thì bài tập , deadline , rồi bài làm 15 phút trên lớp , đủ kiểu kiểm tra .",negative,bai_tap
220,"giản viên không có tương tác với sinh viên , đọc slide xong rồi về .",negative,hanh_vi
221,"thầy dạy rất hay , nhiệt tình .",positive,ky_nang_giang_day
221,"thầy dạy rất hay , nhiệt tình .",positive,hanh_vi
222,"thầy dạy nhiệt tình , tâm huyết .",positive,hanh_vi
223,giảng viên giảng dạy hiệu quả bằng tiếng anh .,positive,ky_nang_giang_day
224,"nhiệt tình , tận tâm và tuyệt vời .",positive,hanh_vi
225,"em cảm ơn thầy colonlove à còn cái thầy vui tính ghê , cười đùa nói chuyện thân thiện .",positive,hanh_vi
226,thầy có giải thích phần thực hành trước khi cho sinh viên làm .,positive,ky_nang_giang_day
227,để dễ dàng vận dụng kiến thức trên lớp .,neutral,kien_thuc
228,"truyền đạt tốt , nhiệt tình , thân thiện với sinh viên .",positive,ky_nang_giang_day
228,"truyền đạt tốt , nhiệt tình , thân thiện với sinh viên .",positive,hanh_vi
229,em rất thích những tiết sửa bài tập của cô .,positive,hanh_vi
230,"thầy tận tâm , dạy dễ hiểu .",positive,ky_nang_giang_day
230,"thầy tận tâm , dạy dễ hiểu .",positive,hanh_vi
231,giảng viên cho bài tập để làm .,neutral,bai_tap
232,"giảng viên vui vẻ , nhiệt tình , kỹ năng truyền đạt tốt .",positive,ky_nang_giang_day
232,"giảng viên vui vẻ , nhiệt tình , kỹ năng truyền đạt tốt .",positive,hanh_vi
233,độ tập trung và cách làm việc của thầy rất nghiêm túc quy cũ .,negative,hanh_vi
234,"thầy dạy dễ hiểu , vui tính , nhiệt tình , gần gũi với học sinh .",positive,ky_nang_giang_day
234,"thầy dạy dễ hiểu , vui tính , nhiệt tình , gần gũi với học sinh .",positive,hanh_vi
235,không có ý kiến chất lượng môn học vừa đủ cho mọi sinh viên .,neutral,chuong_trinh_hoc
236,giọng nói của cô hơi khó nghe nhưng dần dần quen rồi thì mọi việc điều tốt .,negative,ky_nang_giang_day
237,có thêm nhiều phong trào liên quan tới tiếng anh hơn nữa .,neutral,de_xuat
238,"vui tính , tận tình .",positive,hanh_vi
239,"cô giảng dạy tận tình , không khí học tập vui vẻ .",positive,hanh_vi
240,cần nâng cao chất lượng dạy .,negative,ky_nang_giang_day
240,cần nâng cao chất lượng dạy .,positive,de_xuat
241,kiến thức cao .,positive,kien_thuc
242,tăng cường ôn tập để kiểm tra như doubledot cho sinh viên làm thử các đề kiểm tra .,neutral,bai_tap
242,tăng cường ôn tập để kiểm tra như doubledot cho sinh viên làm thử các đề kiểm tra .,neutral,de_xuat
243,"nếu có thể nhà trường ngoài việc lên kế hoạch thành lập một câu lạc bộ tiếng anh , cũng nên tạo điều kiện cho sinh viên tìm hiểu ngoại ngữ khác như tiếng nhật , tiếng trung .",neutral,de_xuat
244,"cười duyên , rất tốt với học sinh .",positive,hanh_vi
245,"bên cạnh đó còn có rèn kỹ năng viết , kỹ năng hoạt động nhóm và tương tác trực tiếp rất hiệu quả .",positive,ky_nang_giang_day
246,mong kỳ sau thầy vẫn dạy một số môn khác .,neutral,de_xuat
247,có những câu chuyện thực tế về môn học giúp buổi học đỡ căng thẳng cũng như có cách nhìn trực quan hơn .,positive,kinh_nghiem
248,không có gì phàn nàn về giảng viên .,neutral,ky_nang_giang_day
249,phòng máy có quá nhiều máy không sử dụng được .,negative,thiet_bi_day_hoc
250,thầy dạy quá tốt .,positive,ky_nang_giang_day
251,nên cập nhật những phương pháp dạy phản xạ để tạo hướng thú cho sinh viên .,negative,ky_nang_giang_day
251,nên cập nhật những phương pháp dạy phản xạ để tạo hướng thú cho sinh viên .,positive,de_xuat
252,"tích cực trong giảng dạy , vui vẻ .",positive,ky_nang_giang_day
252,"tích cực trong giảng dạy , vui vẻ .",positive,hanh_vi
253,tránh trường hợp lý thuyết chưa học mà làm bài thực hành .,negative,bai_tap
253,tránh trường hợp lý thuyết chưa học mà làm bài thực hành .,neutral,de_xuat
254,"dạy không tận tình , dạy cho có cho đầy đủ trách nhiệm .",negative,hanh_vi
255,cần có đề cương môn học rõ ràng .,negative,cung_cap_tai_lieu
255,cần có đề cương môn học rõ ràng .,neutral,de_xuat
256,"dành thời gian cho kỹ năng nói trong giờ học càng nhiều càng tốt , thời gian dành cho việc này em thấy chưa đủ .",negative,ky_nang_giang_day
256,"dành thời gian cho kỹ năng nói trong giờ học càng nhiều càng tốt , thời gian dành cho việc này em thấy chưa đủ .",neutral,de_xuat
257,cô giảng dạy rất nhiệt tình !,positive,hanh_vi
258,"cô dạy nhanh lắm , chúng em không theo kịp .",negative,ky_nang_giang_day
259,cần viết riêng một cuốn sách về hướng dẫn thực hành oop .,neutral,de_xuat
260,sử dụng thời gian một cách hợp lý .,positive,ky_nang_giang_day
261,thầy thường xuyên đặt ra các câu hỏi trên lớp giúp sinh viên dễ tiếp thu bài .,positive,ky_nang_giang_day
262,"giáo viên nhiệt tình , giảng dạy tốt giúp truyền đạt kiến thức tới sinh viên .",positive,ky_nang_giang_day
262,"giáo viên nhiệt tình , giảng dạy tốt giúp truyền đạt kiến thức tới sinh viên .",positive,hanh_vi
262,"giáo viên nhiệt tình , giảng dạy tốt giúp truyền đạt kiến thức tới sinh viên .",positive,kien_thuc
263,"giảng viên thân thiện , nhiệt tình trong giảng dạy như hướng dẫn thực hành hay giải đáp thắc mắc của sinh viên .",positive,ky_nang_giang_day
263,"giảng viên thân thiện , nhiệt tình trong giảng dạy như hướng dẫn thực hành hay giải đáp thắc mắc của sinh viên .",positive,hanh_vi
264,giảng viên nên đi dạy thường xuyên hơn .,negative,hanh_vi
264,giảng viên nên đi dạy thường xuyên hơn .,neutral,de_xuat
265,"cung cấp đầy đủ kiến thức , giúp sinh viên định hướng tốt .",positive,kien_thuc
266,cố dạy rất tốt .,positive,ky_nang_giang_day
266,cố dạy rất tốt .,positive,hanh_vi
267,"mỗi lúc hết tiết sớm , thầy thường giảng cho các sinh viên những kiến thức môn bên ngoài như lập trình giúp sinh viên giải đáp một số thắc mắc hoặc một số bài tập nâng cao .",positive,ky_nang_giang_day
267,"mỗi lúc hết tiết sớm , thầy thường giảng cho các sinh viên những kiến thức môn bên ngoài như lập trình giúp sinh viên giải đáp một số thắc mắc hoặc một số bài tập nâng cao .",positive,kinh_nghiem
267,"mỗi lúc hết tiết sớm , thầy thường giảng cho các sinh viên những kiến thức môn bên ngoài như lập trình giúp sinh viên giải đáp một số thắc mắc hoặc một số bài tập nâng cao .",positive,bai_tap
268,coi thi quá khó .,negative,bai_tap
269,"thời gian học tập thoải mái , thầy rất hiểu tâm lý sinh viên .",positive,hanh_vi
269,"thời gian học tập thoải mái , thầy rất hiểu tâm lý sinh viên .",positive,chuong_trinh_hoc
270,bài tập đầy đủ lý thuyết dễ hiểu .,positive,bai_tap
271,thầy đi đúng giờ .,positive,hanh_vi
272,thời gian bù môn học thường bị trùng với những tiết khác nên em thường phải bị vắng tiết .,negative,chuong_trinh_hoc
273,em rất thích học cô nhưng đáng tiếc là không còn được học cô nhiều nữa .,positive,hanh_vi
274,tạo ra các hoạt động giúp tụi em chủ động tìm hiểu kiến thức và ghi nhớ bài học sâu hơn .,positive,ky_nang_giang_day
275,"cô cho nghỉ khá nhiều , dù có học bù nhưng như vậy khá là mất thời gian của sinh viên .",negative,hanh_vi
276,cần sửa chữa các linh kiện phòng máy wzjwz23 vì một số chuột đã hư .,negative,thiet_bi_day_hoc
276,cần sửa chữa các linh kiện phòng máy wzjwz23 vì một số chuột đã hư .,negative,de_xuat
277,ít trả lời mail hỏi bài tập thực hành của sinh viên .,negative,hanh_vi
278,cung cấp kiến thức đầy đủ .,positive,kien_thuc
279,"giảng dạy nhiệt tình , hiệu quả .",positive,ky_nang_giang_day
279,"giảng dạy nhiệt tình , hiệu quả .",positive,hanh_vi
280,hỗ trợ thêm tài liệu cho sinh viên .,negative,cung_cap_tai_lieu
280,hỗ trợ thêm tài liệu cho sinh viên .,neutral,de_xuat
281,âm thanh phòng học wzjwz238 còn quá nhỏ nên khiến thầy thường nói không micro .,negative,thiet_bi_day_hoc
282,"thầy dạy rất tận tâm , kiến thức chuyên môn cực tốt .",positive,hanh_vi
282,"thầy dạy rất tận tâm , kiến thức chuyên môn cực tốt .",positive,kien_thuc
283,có thông báo về lịch thi nói trên web môn học .,neutral,noi_chung
284,chỉ dẫn tận tình từng bạn .,positive,hanh_vi
285,đôi lúc giảng bài hơi bị nhanh .,negative,ky_nang_giang_day
286,"đề cương cần được đổi mới , phân rõ phần trọng tâm môn học và phần đọc thêm mở rộng .",negative,chuong_trinh_hoc
286,"đề cương cần được đổi mới , phân rõ phần trọng tâm môn học và phần đọc thêm mở rộng .",neutral,de_xuat
287,"cần sử dụng giờ lên lớp có hiệu quả , ít nghe điện thoại , ít nghỉ dạy hơn .",negative,ky_nang_giang_day
287,"cần sử dụng giờ lên lớp có hiệu quả , ít nghe điện thoại , ít nghỉ dạy hơn .",negative,hanh_vi
287,"cần sử dụng giờ lên lớp có hiệu quả , ít nghe điện thoại , ít nghỉ dạy hơn .",neutral,de_xuat
288,giảng viên chú trọng vào nội dung chính của môn học và nhiệt tình .,positive,ky_nang_giang_day
288,giảng viên chú trọng vào nội dung chính của môn học và nhiệt tình .,positive,hanh_vi
289,giáo viên nghỉ dạy .,negative,hanh_vi
290,cần cho ví dụ nhiều hơn .,negative,kinh_nghiem
290,cần cho ví dụ nhiều hơn .,neutral,de_xuat
291,"nhiệt tình , đề cương đầy đủ .",positive,hanh_vi
291,"nhiệt tình , đề cương đầy đủ .",positive,cung_cap_tai_lieu
292,lúc thầy giảng chung cả lớp rất khó để các bạn dưới lớp nghe được giọng thầy .,negative,thiet_bi_day_hoc
293,không có ý kiến !,neutral,noi_chung
294,theo em thì không thể trách thầy wzjwz120 mà lỗi là do daa đưa lịch học thực hành quá chậm trễ .,negative,chuong_trinh_hoc
295,"nhiệt tình , sử dụng hiệu quả giờ lên lớp .",positive,ky_nang_giang_day
295,"nhiệt tình , sử dụng hiệu quả giờ lên lớp .",positive,hanh_vi
296,mong thầy dành nhiều thời gian hơn trong việc ôn sửa các dạng bài tập có trong các kỳ thi .,negative,bai_tap
296,mong thầy dành nhiều thời gian hơn trong việc ôn sửa các dạng bài tập có trong các kỳ thi .,neutral,de_xuat
297,"cô giảng rất hay , thâm thúy , giúp cho sinh viên dễ dàng hiểu bài .",positive,ky_nang_giang_day
298,ngoài ra còn cung cấp thêm một số kiến thức mới mà không có trong chương trình dạy .,positive,kien_thuc
299,chỉ cho sinh viên biết nhiều điều cốt lõi trong môn học mà ít ai biết .,positive,kien_thuc
300,"thời gian các buổi học , thông báo nghỉ chưa chính xác .",negative,chuong_trinh_hoc
301,thầy dạy nhiệt tình và thân thiện với sinh viên .,positive,hanh_vi
302,không có gì ạ .,neutral,noi_chung
303,giảng hay và rất vui .,positive,ky_nang_giang_day
303,giảng hay và rất vui .,positive,hanh_vi
304,"giáo án ngắn gọn , dễ hiểu , dạy học nhiệt tình .",positive,ky_nang_giang_day
304,"giáo án ngắn gọn , dễ hiểu , dạy học nhiệt tình .",positive,hanh_vi
305,"thầy giảng dạy nhiệt tình dễ hiểu , sửa bài tập kỹ .",positive,ky_nang_giang_day
305,"thầy giảng dạy nhiệt tình dễ hiểu , sửa bài tập kỹ .",positive,hanh_vi
306,môn học vẫn còn là một môn với nhiều lý thuyết trong slide .,negative,cung_cap_tai_lieu
306,môn học vẫn còn là một môn với nhiều lý thuyết trong slide .,negative,chuong_trinh_hoc
307,mong nhà trường tạo điều kiện cho sinh viên chúng em được nghiên cứu nhiều hơn là phải làm theo .,neutral,chuong_trinh_hoc
307,mong nhà trường tạo điều kiện cho sinh viên chúng em được nghiên cứu nhiều hơn là phải làm theo .,neutral,de_xuat
308,"cần tăng số buổi thực hành cũng như trang bị thêm trang thiết bị như mua thêm nhiều switch , router , hub , bridge , trong phòng ngồi học mà ít bụi và nòng đi thì tốt hơn , vdotv .",negative,chuong_trinh_hoc
308,"cần tăng số buổi thực hành cũng như trang bị thêm trang thiết bị như mua thêm nhiều switch , router , hub , bridge , trong phòng ngồi học mà ít bụi và nòng đi thì tốt hơn , vdotv .",negative,thiet_bi_day_hoc
308,"cần tăng số buổi thực hành cũng như trang bị thêm trang thiết bị như mua thêm nhiều switch , router , hub , bridge , trong phòng ngồi học mà ít bụi và nòng đi thì tốt hơn , vdotv .",negative,de_xuat
309,cần có thêm bài tập về nhà và sửa một vài bài tập đó trên lớp để việc tiếp thu bài được sâu hơn và hiệu quả hơn .,negative,bai_tap
309,cần có thêm bài tập về nhà và sửa một vài bài tập đó trên lớp để việc tiếp thu bài được sâu hơn và hiệu quả hơn .,positive,de_xuat
310,thầy đưa deadline trễ và không rõ ràng .,negative,bai_tap
311,phòng máy vẫn còn nhiều thiếu sót .,negative,thiet_bi_day_hoc
312,"lý do doubledot sinh viên mới bắt đầu tiếp cận môn học chưa hiểu rõ các từ chuyên nghành nên không hiểu nội dung bài giảng , dù giảng viên giải thích bằng tiếng việt .",negative,ky_nang_giang_day
313,quá nhiều kiến thức phải học .,negative,kien_thuc
313,quá nhiều kiến thức phải học .,negative,chuong_trinh_hoc
314,"giảng viên dạy dễ hiểu , dễ tiếp thu .",positive,ky_nang_giang_day
315,giảng viên không dạy sinh viên .,negative,ky_nang_giang_day
316,không quan tâm đến sinh viên .,negative,hanh_vi
317,cách truyền đạt của giảng viên không được thu hút sinh viên lắm ạ .,negative,ky_nang_giang_day
318,"em đã nán lại thêm nhưng thầy đi qua đi lại bảo 2 , 3 lần nên em đã về .",negative,hanh_vi
319,có nhiều chỗ hơi khó hiểu trong khi thầy dạy nhưng thầy không giải thích nhiều .,negative,ky_nang_giang_day
320,"bài giảng thu hút , dễ hiểu .",positive,ky_nang_giang_day
321,giọng của thầy không được hay lắm .,negative,ky_nang_giang_day
322,giảng viến quan tâm nhiều đến sinh viên .,positive,hanh_vi
323,"giảng viên tận tụy , giảng dạy dễ hiểu có vận dụng các bài học vào thực tiễn , giúp sinh viên nắm rõ ràng và đầy đủ kiến thức .",positive,ky_nang_giang_day
323,"giảng viên tận tụy , giảng dạy dễ hiểu có vận dụng các bài học vào thực tiễn , giúp sinh viên nắm rõ ràng và đầy đủ kiến thức .",positive,kinh_nghiem
323,"giảng viên tận tụy , giảng dạy dễ hiểu có vận dụng các bài học vào thực tiễn , giúp sinh viên nắm rõ ràng và đầy đủ kiến thức .",positive,kien_thuc
324,"giảng viên giảng dạy nhiệt tình , chi tiết , slide bài giảng và bài tập đầy đủ .",positive,ky_nang_giang_day
324,"giảng viên giảng dạy nhiệt tình , chi tiết , slide bài giảng và bài tập đầy đủ .",positive,bai_tap
324,"giảng viên giảng dạy nhiệt tình , chi tiết , slide bài giảng và bài tập đầy đủ .",positive,cung_cap_tai_lieu
325,chúc cô thành công !,positive,noi_chung
326,giảng bài khá nhanh .,negative,ky_nang_giang_day
327,nghe kể chuyện hay nhiều trong khi học .,positive,ky_nang_giang_day
328,"dạy dễ hiểu , nhiệt tình , vui tính .",positive,ky_nang_giang_day
328,"dạy dễ hiểu , nhiệt tình , vui tính .",positive,hanh_vi
329,bài tập thầy cho khá hay và dễ hiểu bài .,positive,bai_tap
330,"theo ý kiến chủ quan của em , việc giảng dạy hoàn toàn bằng tiếng anh cho lớp chất lượng cao là rất thiết thực , nhưng với trình độ tiếng anh hiện nay của lớp thì hiệu quả học tập của lớp vẫn còn kém .",positive,ky_nang_giang_day
331,"đôi khi dạy hơi chán , không thu hút được chú ý của học sinh .",negative,ky_nang_giang_day
332,ra đề thi giữa kỳ không bám sát vào bài tập đã làm trên lớp .,negative,bai_tap
333,"giảng viên nên cho bài tập về nhà có nhưng chưa hợp lý , giảng viên nên giành chút thời gian sưu tầm bài tập từ dễ nhất đến khó nhất mỗi chương khoảng 30 bài nhất là các bài có thể thi .",negative,bai_tap
333,"giảng viên nên cho bài tập về nhà có nhưng chưa hợp lý , giảng viên nên giành chút thời gian sưu tầm bài tập từ dễ nhất đến khó nhất mỗi chương khoảng 30 bài nhất là các bài có thể thi .",neutral,de_xuat
334,thầy cần tương tác nhiều với sinh viên .,negative,hanh_vi
334,thầy cần tương tác nhiều với sinh viên .,neutral,de_xuat
335,thầy nên chú trọng đến truyền đạt cho sinh viên nhiều hơn .,negative,ky_nang_giang_day
335,thầy nên chú trọng đến truyền đạt cho sinh viên nhiều hơn .,positive,de_xuat
336,"tuy nhiên , bài giảng của thầy chưa được bài bản lắm , có phần hơi tùy hứng .",negative,ky_nang_giang_day
337,"cô rất dễ thương , hiền nữa .",positive,hanh_vi
338,"thầy vui vẻ , dạy dễ hiểu .",positive,ky_nang_giang_day
338,"thầy vui vẻ , dạy dễ hiểu .",positive,hanh_vi
339,"giảng viên trình bày slide dễ hiểu , bài tập mức độ vừa phải , chữa bài tập chi tiết , đầy đủ , nhiệt tình .",positive,ky_nang_giang_day
339,"giảng viên trình bày slide dễ hiểu , bài tập mức độ vừa phải , chữa bài tập chi tiết , đầy đủ , nhiệt tình .",positive,hanh_vi
339,"giảng viên trình bày slide dễ hiểu , bài tập mức độ vừa phải , chữa bài tập chi tiết , đầy đủ , nhiệt tình .",neutral,bai_tap
339,"giảng viên trình bày slide dễ hiểu , bài tập mức độ vừa phải , chữa bài tập chi tiết , đầy đủ , nhiệt tình .",positive,cung_cap_tai_lieu
340,"thầy rất nhiệt tình , rất quan tâm đến sinh viên .",positive,hanh_vi
341,giảng viên chỉ nói những gì có trong slide bài giảng mà không giảng thêm .,negative,ky_nang_giang_day
342,hỏi cũng không nhận được câu trả lời chính xác để học .,negative,hanh_vi
343,thầy cô nên đưa thêm các đoạn video ngắn để luyện cho học sinh cách nghe được tốt hơn .,neutral,cung_cap_tai_lieu
343,thầy cô nên đưa thêm các đoạn video ngắn để luyện cho học sinh cách nghe được tốt hơn .,positive,de_xuat
344,nội dung nói hay .,positive,kien_thuc
345,đề thi thì trong vòng 90 phút phải code hoàn chính game 2048 .,negative,bai_tap
346,thầy chú trọng trọng tâm và luôn kể chuyện vui .,positive,ky_nang_giang_day
347,"là người giáo viên quan tâm tới sinh viên nhiều nhất từng biết , giảng dạy tân tình từng chút một , dễ hiểu , lắng nghe sinh viên , tài liệu cập nhật đầy đủ ngay sau buổi học , nhờ đó sinh viên dù tư duy kém nhưng vẫn theo kịp chứ không nản , bỏ bê , ngủ như mấy môn khác .",positive,ky_nang_giang_day
347,"là người giáo viên quan tâm tới sinh viên nhiều nhất từng biết , giảng dạy tân tình từng chút một , dễ hiểu , lắng nghe sinh viên , tài liệu cập nhật đầy đủ ngay sau buổi học , nhờ đó sinh viên dù tư duy kém nhưng vẫn theo kịp chứ không nản , bỏ bê , ngủ như mấy môn khác .",positive,hanh_vi
347,"là người giáo viên quan tâm tới sinh viên nhiều nhất từng biết , giảng dạy tân tình từng chút một , dễ hiểu , lắng nghe sinh viên , tài liệu cập nhật đầy đủ ngay sau buổi học , nhờ đó sinh viên dù tư duy kém nhưng vẫn theo kịp chứ không nản , bỏ bê , ngủ như mấy môn khác .",positive,cung_cap_tai_lieu
348,"rất nhiệt tình giúp đỡ sinh viên , cách giảng dạy hay .",positive,ky_nang_giang_day
348,"rất nhiệt tình giúp đỡ sinh viên , cách giảng dạy hay .",positive,hanh_vi
349,nhiều kiến thức hơn .,negative,kien_thuc
349,nhiều kiến thức hơn .,neutral,de_xuat
350,cần tạo kênh liên lạc giữa sinh viên và giảng viên để sinh viên có thể nhận được thông báo từ giảng viên .,neutral,hanh_vi
350,cần tạo kênh liên lạc giữa sinh viên và giảng viên để sinh viên có thể nhận được thông báo từ giảng viên .,neutral,de_xuat
351,tâm huyết nhiệt tình chu đáo .,positive,hanh_vi
352,nhờ cô em hiểu hơn về nội dung bài học và có động lực hơn .,positive,ky_nang_giang_day
352,nhờ cô em hiểu hơn về nội dung bài học và có động lực hơn .,positive,hanh_vi
353,"thầy dạy nhiệt tình , đầu tư cho sinh viên đi tham quan thực tế .",positive,kinh_nghiem
353,"thầy dạy nhiệt tình , đầu tư cho sinh viên đi tham quan thực tế .",positive,hanh_vi
354,"slide bài giảng cần chậm hơn , nhất là những chương cuối !",negative,ky_nang_giang_day
354,"slide bài giảng cần chậm hơn , nhất là những chương cuối !",negative,de_xuat
355,"thầy đi trễ , không cho sinh viên làm bài tập nhiều trên lớp , một dạng bài nào đó thầy nói qua rồi thì cho qua luôn .",negative,ky_nang_giang_day
355,"thầy đi trễ , không cho sinh viên làm bài tập nhiều trên lớp , một dạng bài nào đó thầy nói qua rồi thì cho qua luôn .",negative,hanh_vi
355,"thầy đi trễ , không cho sinh viên làm bài tập nhiều trên lớp , một dạng bài nào đó thầy nói qua rồi thì cho qua luôn .",negative,bai_tap
356,thầy giảng bài kỹ !,positive,ky_nang_giang_day
357,phần thực hành và lý thuyết phải đi cùng tiến độ .,negative,chuong_trinh_hoc
357,phần thực hành và lý thuyết phải đi cùng tiến độ .,neutral,de_xuat
358,thầy liên hệ thực tiễn rất nhiều .,positive,kinh_nghiem
359,thầy chưa biết sử dụng hệ thống courses để thông báo tin tức cho học sinh .,negative,ky_nang_giang_day
360,giảng viên nhiệt tình và tận tâm với sinh viên .,positive,hanh_vi
361,giáo viên gửi tài liệu hơi chậm .,negative,cung_cap_tai_lieu
362,"giảng viên thân thiện , nhiệt tình trong giảng dạy .",positive,ky_nang_giang_day
362,"giảng viên thân thiện , nhiệt tình trong giảng dạy .",positive,hanh_vi
363,cho bài tập về thì chỉ biết kêu là làm đi và không hỗ trợ gì nhiều .,negative,hanh_vi
363,cho bài tập về thì chỉ biết kêu là làm đi và không hỗ trợ gì nhiều .,negative,bai_tap
364,"đặc thù môn học là phải ghi phấn , nên tiết bài tập tuyệt đối không nên sử dụng máy chiếu để giảng !",negative,bai_tap
364,"đặc thù môn học là phải ghi phấn , nên tiết bài tập tuyệt đối không nên sử dụng máy chiếu để giảng !",negative,thiet_bi_day_hoc
364,"đặc thù môn học là phải ghi phấn , nên tiết bài tập tuyệt đối không nên sử dụng máy chiếu để giảng !",neutral,de_xuat
365,thật sự anh văn là một môn rất quan trọng trong lĩnh vực công việc và học tập .,neutral,noi_chung
366,cô wzjwz93 giảng bài rất hay .,positive,ky_nang_giang_day
367,"cô dạy rất nhiệt tình , có tâm với nghề , đề nghị trường khen thưởng và tìm kiếm những giảng viên khác như cô .",positive,hanh_vi
367,"cô dạy rất nhiệt tình , có tâm với nghề , đề nghị trường khen thưởng và tìm kiếm những giảng viên khác như cô .",positive,de_xuat
368,thầy cực kỳ tận tâm và cực kỳ nhiệt tình .,positive,hanh_vi
369,"cập nhật những đổi mới về môn học , nên có chương trình đào tạo phù hợp hơn .",negative,chuong_trinh_hoc
369,"cập nhật những đổi mới về môn học , nên có chương trình đào tạo phù hợp hơn .",neutral,de_xuat
370,giảng lý thuyết hơi khó hiểu .,negative,ky_nang_giang_day
371,"giảng viên nên hạn chế dùng slide , hướng dẫn cụ thể hơn cho sinh viên .",negative,cung_cap_tai_lieu
371,"giảng viên nên hạn chế dùng slide , hướng dẫn cụ thể hơn cho sinh viên .",neutral,de_xuat
372,điểm danh đúng giờ .,neutral,noi_chung
373,thầy dạy khá tốt .,positive,ky_nang_giang_day
374,em xin nhà trường xem lại bài thi anh văn đầu vào .,negative,cham_diem
374,em xin nhà trường xem lại bài thi anh văn đầu vào .,neutral,de_xuat
375,cứ mỗi khi có thắc mắc thì lại không thể tìm thấy giáo viên thực hành để được giải đáp .,negative,hanh_vi
376,"cô wzjwz304 rất tận tâm , nhiệt tình giảng dạy , giải đáp thắc mắc rất cụ thể .",positive,ky_nang_giang_day
376,"cô wzjwz304 rất tận tâm , nhiệt tình giảng dạy , giải đáp thắc mắc rất cụ thể .",positive,hanh_vi
377,cô cho bài tập về nhà hơi nhiều .,negative,bai_tap
378,"nội dung lan man , khó áp dụng vào thực tế .",negative,kinh_nghiem
378,"nội dung lan man , khó áp dụng vào thực tế .",negative,kien_thuc
378,"nội dung lan man , khó áp dụng vào thực tế .",negative,chuong_trinh_hoc
379,"thầy dễ thương , đẹp trai , kiến thức chuyên môn cao , tận tâm , nhiệt tình trả lời thắc mắc của sinh viên , em yêu thầy , hy vọng được gặp thầy ở các môn học sau .",positive,hanh_vi
379,"thầy dễ thương , đẹp trai , kiến thức chuyên môn cao , tận tâm , nhiệt tình trả lời thắc mắc của sinh viên , em yêu thầy , hy vọng được gặp thầy ở các môn học sau .",positive,kien_thuc
380,"cô rất rất nhiệt tình và tận tâm , sẵn sàng giải thích các vấn đề thắc mắc cho sinh viên .",positive,ky_nang_giang_day
380,"cô rất rất nhiệt tình và tận tâm , sẵn sàng giải thích các vấn đề thắc mắc cho sinh viên .",positive,hanh_vi
381,thầy dạy rất nhiệt tình và sẵn sàng giải đáp thắc mắc .,positive,hanh_vi
382,"thú vị , cải thiện khả năng giao tiếp bằng tiếng anh .",positive,hanh_vi
383,"đối với em thì cách thầy giảng khá là dễ hiểu nên thầy đừng lo quá về vấn đề đó ạ , với lại sinh viên đa phần thụ động nên nếu không hiểu lại càng không dám hỏi .",positive,ky_nang_giang_day
384,"giảng viên nhiệt tình thân thiện , vui tính , trình độ cao .",positive,hanh_vi
384,"giảng viên nhiệt tình thân thiện , vui tính , trình độ cao .",positive,kien_thuc
385,giảng viên giúp sinh viên nắm bắt được những kỹ năng làm việc nhóm cơ bản .,positive,ky_nang_giang_day
385,giảng viên giúp sinh viên nắm bắt được những kỹ năng làm việc nhóm cơ bản .,positive,kien_thuc
386,"tận tình , nhiệt tình giúp đỡ sinh viên .",positive,hanh_vi
387,"cô dạy nhiệt tình , tạo được động lực cho sinh viên .",positive,hanh_vi
388,phương pháp dạy phải cụ thể chi tiết hơn .,negative,ky_nang_giang_day
388,phương pháp dạy phải cụ thể chi tiết hơn .,neutral,de_xuat
389,ngoài ra cũng cần có tiết học để sinh viên được nói tiếng anh với nhau nhiều hơn !,neutral,chuong_trinh_hoc
389,ngoài ra cũng cần có tiết học để sinh viên được nói tiếng anh với nhau nhiều hơn !,neutral,de_xuat
390,giảng viên dạy rất hay .,positive,ky_nang_giang_day
391,nên để sinh viên tự tìm hiểu lý thuyết trước ở nhà đến trường giảng viên chỉ cần giải thích các vấn đề không rõ sau đó đi thẳng vào giải các bài tập .,neutral,ky_nang_giang_day
391,nên để sinh viên tự tìm hiểu lý thuyết trước ở nhà đến trường giảng viên chỉ cần giải thích các vấn đề không rõ sau đó đi thẳng vào giải các bài tập .,neutral,de_xuat
392,nhập tâm .,neutral,noi_chung
393,"nên cho bài tập hàng tuần sát với nội dung bài học và nội dung thi , giảng viên cần giảng chậm lại , làm bài tập vận dụng chứ không nên nói một lèo cho hết slide rồi mới làm bài tập .",negative,ky_nang_giang_day
393,"nên cho bài tập hàng tuần sát với nội dung bài học và nội dung thi , giảng viên cần giảng chậm lại , làm bài tập vận dụng chứ không nên nói một lèo cho hết slide rồi mới làm bài tập .",negative,bai_tap
393,"nên cho bài tập hàng tuần sát với nội dung bài học và nội dung thi , giảng viên cần giảng chậm lại , làm bài tập vận dụng chứ không nên nói một lèo cho hết slide rồi mới làm bài tập .",negative,de_xuat
394,cô giải ít bài tập .,negative,bai_tap
395,hơi khó tính về chuyện điểm danh .,negative,cham_diem
396,"lớp thực hành nhóm 2 bảo quản thiết bị quá yếu , do chia thiết bị không theo nhóm cố định , đến nhóm 1 thực hành là thiết bị trong bộ kit phân cho nhóm mình thiếu hụt , hư hỏng linh tinh .",negative,thiet_bi_day_hoc
397,"thầy rất có tâm huyết với sinh viên , thầy cũng giảng và hướng dẫn rất đầy đủ tuy lớp mất tiết khá nhiều .",positive,ky_nang_giang_day
397,"thầy rất có tâm huyết với sinh viên , thầy cũng giảng và hướng dẫn rất đầy đủ tuy lớp mất tiết khá nhiều .",positive,hanh_vi
397,"thầy rất có tâm huyết với sinh viên , thầy cũng giảng và hướng dẫn rất đầy đủ tuy lớp mất tiết khá nhiều .",negative,chuong_trinh_hoc
398,thầy cần giao bài tập mỗi buổi lên lớp .,negative,bai_tap
398,thầy cần giao bài tập mỗi buổi lên lớp .,positive,de_xuat
399,"phòng học còn nóng và bụi bặm , máy chiếu tuy vẫn nhìn được nhưng vẫn mờ , nếu ngồi xa hay hôm nào sáng quá sẽ không thấy rõ .",negative,thiet_bi_day_hoc
400,phương pháp giảng dạy tạo hứng thú cho học sinh .,positive,ky_nang_giang_day
401,nghỉ học thường xuyên .,negative,hanh_vi
402,"thầy giảng chi tiết , dễ hiểu .",positive,ky_nang_giang_day
403,môn này giải bài tập khá nhiều và khó .,negative,bai_tap
404,"nên có các buổi ra ngoài tiếp xúc ví dụ như quận 1 có các người nước ngoài , trung tâm văn hóa thanh niên có câu lạc bộ tiếng anh .",neutral,kinh_nghiem
404,"nên có các buổi ra ngoài tiếp xúc ví dụ như quận 1 có các người nước ngoài , trung tâm văn hóa thanh niên có câu lạc bộ tiếng anh .",positive,de_xuat
405,"những thiết bị phục vụ cho việc giảng dạy cần được trang bị tốt hơn , ví dụ như máy chiếu hơi bị mờ , các bạn ngồi ở phía sau không thấy , phòng học chỉ có 2 cái phạt , rất nóng nực vào mùa hè .",negative,thiet_bi_day_hoc
405,"những thiết bị phục vụ cho việc giảng dạy cần được trang bị tốt hơn , ví dụ như máy chiếu hơi bị mờ , các bạn ngồi ở phía sau không thấy , phòng học chỉ có 2 cái phạt , rất nóng nực vào mùa hè .",neutral,de_xuat
406,giảng viên còn vắng nhiều buổi và thông báo vắng chưa hợp lý .,negative,hanh_vi
407,"giảng bài chi tiết , cụ thể .",positive,ky_nang_giang_day
407,"giảng bài chi tiết , cụ thể .",positive,kien_thuc
408,"cô dạy tâm huyết , giảng dạy nhiệt tình , tương tác nhiều với sinh viên .",positive,ky_nang_giang_day
408,"cô dạy tâm huyết , giảng dạy nhiệt tình , tương tác nhiều với sinh viên .",positive,hanh_vi
409,nên có hướng dẫn chi tiết hơn .,negative,cung_cap_tai_lieu
409,nên có hướng dẫn chi tiết hơn .,negative,de_xuat
410,"thầy có hơi khó khăn trong phần điểm danh , vài lần em vào trễ nhưng không được thầy điểm danh .",negative,hanh_vi
411,giáo viên tận tâm và nhiệt tình .,positive,hanh_vi
412,"giờ thực hành hầu như không dạy được gì , nên lúc đầu em thường ra sớm và sau đó không vào lớp thực hành .",negative,kinh_nghiem
413,các ví dụ dễ hiểu dễ áp dụng .,positive,kinh_nghiem
414,giảng viên có nhiều bài tập giúp sinh viên nắm rõ bài và có thể áp dụng vào thực tế .,positive,kinh_nghiem
414,giảng viên có nhiều bài tập giúp sinh viên nắm rõ bài và có thể áp dụng vào thực tế .,positive,bai_tap
415,chia sẻ nhiều câu chuyện thú vị .,positive,ky_nang_giang_day
416,hướng dẫn cách tiếp cận bài mới khó hiểu .,negative,ky_nang_giang_day
417,vì lịch thực hành không được sắp xếp từ đầu dẫn đến trùng giờ với môn khác .,negative,chuong_trinh_hoc
418,"thầy dạy khá hay và dễ hiểu , thầy vui tính , thầy đặt ra nhiều vấn đề hay cho học sinh em xin cảm ơn .",positive,ky_nang_giang_day
418,"thầy dạy khá hay và dễ hiểu , thầy vui tính , thầy đặt ra nhiều vấn đề hay cho học sinh em xin cảm ơn .",positive,hanh_vi
419,"giảng viên chuẩn bị bài giảng đầy đủ , giảng hay .",positive,ky_nang_giang_day
419,"giảng viên chuẩn bị bài giảng đầy đủ , giảng hay .",positive,cung_cap_tai_lieu
420,"thầy rất tâm huyết , nhiệt tình và vui vẻ hòa đồng với sinh viên .",positive,hanh_vi
421,nhiều khi giải đáp còn khó hiểu .,negative,ky_nang_giang_day
422,em không hề thấy thầy đứng lớp .,negative,hanh_vi
423,"thầy dạy nhiệt tình , giảng rất chi tiết từ lý thuyết đến thực hành .",positive,ky_nang_giang_day
423,"thầy dạy nhiệt tình , giảng rất chi tiết từ lý thuyết đến thực hành .",positive,hanh_vi
423,"thầy dạy nhiệt tình , giảng rất chi tiết từ lý thuyết đến thực hành .",positive,kien_thuc
424,"giảng đường ngột ngạt và nóng nực , từ tiết 2 trở đi thì rất khó tập trung học .",negative,thiet_bi_day_hoc
425,thầy có tâm trong việc truyền đạt cho sinh viên .,positive,hanh_vi
426,cần phương pháp học môn này .,negative,ky_nang_giang_day
426,cần phương pháp học môn này .,neutral,de_xuat
427,"cô giảng nhiệt tình , chỉ bài cho tụi em thì lại tới chỗ .",positive,hanh_vi
428,thầy rất tận tâm và truyền đạt kiến thức rất tốt colonsmile .,positive,ky_nang_giang_day
428,thầy rất tận tâm và truyền đạt kiến thức rất tốt colonsmile .,positive,hanh_vi
428,thầy rất tận tâm và truyền đạt kiến thức rất tốt colonsmile .,positive,kien_thuc
429,"giảng viên cho sinh viên thực hiện một dự án thực tế ngoài nội dung môn học , với mục tiêu áp dụng quy trình scrum .",neutral,kinh_nghiem
430,"giáo viên thân thiện và tích cực , đảm bảo nội dung học tập .",positive,hanh_vi
430,"giáo viên thân thiện và tích cực , đảm bảo nội dung học tập .",positive,kien_thuc
431,"giảng viên tận tâm , nhiệt tình đối với sinh viên .",positive,hanh_vi
432,tập trung làm nổi bật ý nghĩa và mục tiêu môn học .,neutral,chuong_trinh_hoc
433,nội dung giảng dạy của cô còn sơ sài .,negative,kien_thuc
434,bài giảng cần rõ ràng hơn .,negative,ky_nang_giang_day
434,bài giảng cần rõ ràng hơn .,neutral,de_xuat
435,có cho lên bảng làm bài tập .,neutral,bai_tap
435,có cho lên bảng làm bài tập .,neutral,de_xuat
436,"phòng thực hành cơ bản của trường còn quá kém , vậy tăng học phí đầu năm để làm gì .",negative,thiet_bi_day_hoc
437,đề thực hành cho xa rời với lý thuyết rất nhiều những phần lý thuyết chưa học thực hành đã bắt nộp bài rồi .,negative,kinh_nghiem
437,đề thực hành cho xa rời với lý thuyết rất nhiều những phần lý thuyết chưa học thực hành đã bắt nộp bài rồi .,negative,bai_tap
437,đề thực hành cho xa rời với lý thuyết rất nhiều những phần lý thuyết chưa học thực hành đã bắt nộp bài rồi .,negative,chuong_trinh_hoc
438,tạo tính chủ động cho sinh viên trong học tập .,neutral,ky_nang_giang_day
438,tạo tính chủ động cho sinh viên trong học tập .,neutral,de_xuat
439,nhìn chung tạo được cảm hứng rất nhiều cho sinh viên học tập hiệu quả .,positive,noi_chung
440,giảng viên dạy nhiệt tình vui vẻ .,positive,hanh_vi
441,không gặp giảng viên được một lần nào .,negative,hanh_vi
442,"giáo viên nói hơi nhỏ , khó nghe .",negative,ky_nang_giang_day
443,thầy dạy không có tương tác nhiều .,negative,hanh_vi
444,"dạy hơi nhanh , sinh viên khó theo kịp .",negative,ky_nang_giang_day
445,không nên sử dụng thực hành hình thức 2 .,negative,kinh_nghiem
445,không nên sử dụng thực hành hình thức 2 .,neutral,de_xuat
446,"dạy máy móc , thiếu thực tế .",negative,kinh_nghiem
447,chủ đề học thường lan man .,negative,chuong_trinh_hoc
448,"giảng viên giảng dạy hay , dễ hiểu , nhiệt tình .",positive,ky_nang_giang_day
448,"giảng viên giảng dạy hay , dễ hiểu , nhiệt tình .",positive,hanh_vi
449,"cô rất nhiệt tình , vui tính , khả năng truyền đạt tốt , luôn tạo cảm giác thoải mái trong giờ học , khá vui tính , hòa đồng , cung cấp những kiến thức rất bổ ích .",positive,ky_nang_giang_day
449,"cô rất nhiệt tình , vui tính , khả năng truyền đạt tốt , luôn tạo cảm giác thoải mái trong giờ học , khá vui tính , hòa đồng , cung cấp những kiến thức rất bổ ích .",positive,hanh_vi
449,"cô rất nhiệt tình , vui tính , khả năng truyền đạt tốt , luôn tạo cảm giác thoải mái trong giờ học , khá vui tính , hòa đồng , cung cấp những kiến thức rất bổ ích .",positive,kien_thuc
450,"thường xuyên vào lớp muộn , 8h mới vào tới lớp .",negative,hanh_vi
451,phần bài làm trên moodle có nhiều sai sót gây ảnh hưởng đến điểm chuyên cần .,negative,bai_tap
451,phần bài làm trên moodle có nhiều sai sót gây ảnh hưởng đến điểm chuyên cần .,negative,cham_diem
452,"thầy hay cho nghỉ , rồi lại thông báo đi học bù , nhiều khi làm lỡ thời gian của sinh viên .",negative,hanh_vi
453,thái độ hơi khó chịu với sinh viên .,negative,hanh_vi
454,mang tiếng phòng lab của một khoa mà không bằng phòng lab thực hành cơ bản .,negative,thiet_bi_day_hoc
455,thầy dạy dễ hiểu nhưng còn chưa cho nhiều bài tập .,positive,ky_nang_giang_day
455,thầy dạy dễ hiểu nhưng còn chưa cho nhiều bài tập .,negative,bai_tap
456,giúp đỡ tận tình sinh viên .,positive,hanh_vi
457,"thầy dạy hay , vui tính , hiểu tâm lý sinh viên , thích thầy nhất .",positive,ky_nang_giang_day
457,"thầy dạy hay , vui tính , hiểu tâm lý sinh viên , thích thầy nhất .",positive,hanh_vi
458,phần chấm bài của giảng viên chỉ có nhắm vào các bạn thuộc bài .,negative,cham_diem
459,chưa có .,neutral,noi_chung
460,luyện giao tiếp tốt .,positive,hanh_vi
461,thầy không tổ chức đủ 3 buổi họp lớp ( chỉ được 1 buổi ) và sau buổi đó thì biệt tích đến gần cuối học kỳ sinh viên gửi mail thì trả lời rất trễ thậm chí một số sinh viên không được trả lời .,negative,hanh_vi
461,thầy không tổ chức đủ 3 buổi họp lớp ( chỉ được 1 buổi ) và sau buổi đó thì biệt tích đến gần cuối học kỳ sinh viên gửi mail thì trả lời rất trễ thậm chí một số sinh viên không được trả lời .,negative,chuong_trinh_hoc
462,"thầy đến lớp đúng giờ , tận tâm .",positive,hanh_vi
463,giáo viên tới ngày cuối cung mới dạy nội dung thi nên nếu có việc bận không học bù được .,negative,chuong_trinh_hoc
463,giáo viên tới ngày cuối cung mới dạy nội dung thi nên nếu có việc bận không học bù được .,neutral,de_xuat
464,giảng viên nhiệt tình và giúp sinh viên hiểu thêm nhiều kiến thức .,positive,ky_nang_giang_day
464,giảng viên nhiệt tình và giúp sinh viên hiểu thêm nhiều kiến thức .,positive,hanh_vi
464,giảng viên nhiệt tình và giúp sinh viên hiểu thêm nhiều kiến thức .,positive,kien_thuc
465,"vừa giúp cho bọn em nắm chắc kiến thức về môn học , vừa giúp bọn em tự tin hơn về kỹ năng cá nhân của mình .",positive,ky_nang_giang_day
465,"vừa giúp cho bọn em nắm chắc kiến thức về môn học , vừa giúp bọn em tự tin hơn về kỹ năng cá nhân của mình .",positive,kien_thuc
466,kiến thức được trình bày đầy đủ và dễ hiểu .,positive,kien_thuc
467,giảng dạy dễ hiểu và tích cực trong tiết học .,positive,ky_nang_giang_day
468,giảm số lượng sinh viên fraction lớp .,negative,chuong_trinh_hoc
468,giảm số lượng sinh viên fraction lớp .,neutral,de_xuat
469,"rất hài lòng , thầy dạy khá hay , cũng rất vui trong lúc học .",positive,ky_nang_giang_day
469,"rất hài lòng , thầy dạy khá hay , cũng rất vui trong lúc học .",positive,hanh_vi
470,nội dung giảng dạy còn mơ hồ .,negative,ky_nang_giang_day
471,"cơ sở vật chất nên cải thiện , nên có nhiều thực hành bổ ích hơn nữa , em xin cảm ơn .",negative,kinh_nghiem
471,"cơ sở vật chất nên cải thiện , nên có nhiều thực hành bổ ích hơn nữa , em xin cảm ơn .",negative,thiet_bi_day_hoc
471,"cơ sở vật chất nên cải thiện , nên có nhiều thực hành bổ ích hơn nữa , em xin cảm ơn .",neutral,de_xuat
472,kiến thức cơ sở vững chắc .,positive,kien_thuc
473,không đảm bảo đúng thời gian dạy học .,negative,chuong_trinh_hoc
474,"giảng viên nhiệt tình giảng dạy , luôn đúng giờ , luôn giúp đỡ sinh viên .",positive,hanh_vi
475,"hiểu biết rõ hơn về các ngành học trong trường , được gặp những giáo viên hướng dẫn giỏi từ các khoa khác nhau .",positive,hanh_vi
475,"hiểu biết rõ hơn về các ngành học trong trường , được gặp những giáo viên hướng dẫn giỏi từ các khoa khác nhau .",positive,kien_thuc
476,"nhiệt tình , trình bày dễ hiểu , giúp đỡ sinh viên .",positive,ky_nang_giang_day
476,"nhiệt tình , trình bày dễ hiểu , giúp đỡ sinh viên .",positive,hanh_vi
477,"giảng dạy dễ hiểu , linh hoạt .",positive,ky_nang_giang_day
478,đèn và quạt .,neutral,thiet_bi_day_hoc
479,thầy giảng bài hay và rất dễ hiểu .,positive,ky_nang_giang_day
480,"cô nhiệt tình , chu đáo .",positive,hanh_vi
481,"giảng viên rất nhiệt tình , đúng giờ và nghiêm túc trong giảng dạy .",positive,hanh_vi
482,giảng dạy không tập trung vào chuyên môn .,negative,ky_nang_giang_day
482,giảng dạy không tập trung vào chuyên môn .,negative,kien_thuc
483,"gần gũi , nhiệt tình .",positive,hanh_vi
484,giảng dạy tập trung .,positive,ky_nang_giang_day
485,bài tập thầy ra hơi khó .,negative,bai_tap
486,giảng viên giảng và chiếu slide đôi khi nhanh nên chậm lại .,negative,ky_nang_giang_day
487,"tạo nhiều điều kiện để học sinh lấy điểm cộng , giáo án ngắn gọn , dễ hiểu .",positive,ky_nang_giang_day
487,"tạo nhiều điều kiện để học sinh lấy điểm cộng , giáo án ngắn gọn , dễ hiểu .",positive,cham_diem
487,"tạo nhiều điều kiện để học sinh lấy điểm cộng , giáo án ngắn gọn , dễ hiểu .",positive,cung_cap_tai_lieu
488,"thầy rất vui tính , nhiệt tình giải đáp các thắc mắc của sinh viên !",positive,hanh_vi
489,ít bài tập nâng cao .,negative,bai_tap
490,dễ tiếp cận kiến thức .,positive,kien_thuc
491,"hiện có quá nhiều kiến thức , quá rộng , không tập trung chuyên sâu nên gây khó khăn trong tiếp thu .",negative,chuong_trinh_hoc
492,thầy dạy dễ hiểu và rõ ràng .,positive,ky_nang_giang_day
493,"thầy giảng dạy rất tận tâm , có khả năng truyền đạt tốt , sử dụng giờ lên lớp hiệu quả .",positive,ky_nang_giang_day
493,"thầy giảng dạy rất tận tâm , có khả năng truyền đạt tốt , sử dụng giờ lên lớp hiệu quả .",positive,hanh_vi
494,thầy cho nhiều bài tập hay .,positive,bai_tap
495,"cô nói nhanh quá , em nghe không kịp .",negative,ky_nang_giang_day
496,cải thiện cơ sở vật chất và thiết bị dạy học .,negative,thiet_bi_day_hoc
496,cải thiện cơ sở vật chất và thiết bị dạy học .,negative,de_xuat
497,"năng nổ , nhiệt tình chỉ bảo .",positive,hanh_vi
498,cô dạy truyền cảm .,positive,ky_nang_giang_day
499,thầy nhiệt tình tới nỗi mỗi lần xong tiết học áo thấy đều ướt đẫm mồ hôi .,positive,hanh_vi
500,do chỉ mới được học thầy nhiệm trong 2 tuần cuối nên em không có đủ thời gian tiếp súc để đưa ra đánh giá cho khảo sát trên .,neutral,noi_chung
501,"giảng sinh động hơn , giao tiếp với sinh viên bằng tiếng anh thay vì đa phần là tiếng việt .",positive,ky_nang_giang_day
501,"giảng sinh động hơn , giao tiếp với sinh viên bằng tiếng anh thay vì đa phần là tiếng việt .",positive,hanh_vi
502,rất nhiệt tình và có trách nhiệm .,positive,hanh_vi
503,thầy sửa bài còn chưa kỹ .,negative,ky_nang_giang_day
504,truyền đạt hơi kém .,negative,ky_nang_giang_day
505,"nên bổ sung phần xây dựng kiến trúc game , tiếp xúc vơi các kiến trúc game phổ biến hiện nay .",neutral,de_xuat
506,giảng viên nên dạy lâu hơn mỗi buổi học .,negative,ky_nang_giang_day
506,giảng viên nên dạy lâu hơn mỗi buổi học .,positive,de_xuat
507,nếu không thì buổi học toán nào 3 tiết cũng thành 5 tiết .,negative,chuong_trinh_hoc
508,em không thích học môn này .,negative,noi_chung
509,nhiều buổi giá viên lên lớp không đúng giờ .,negative,hanh_vi
510,"thầy wzjwz299 rất tận tâm , nhiệt tình !",positive,hanh_vi
511,không thể hài lòng .,negative,noi_chung
512,giảng viên nên nói lớn hơn .,negative,ky_nang_giang_day
512,giảng viên nên nói lớn hơn .,neutral,de_xuat
513,mọi thứ đều tốt và giảng dạy dễ hiểu .,positive,ky_nang_giang_day
514,giải thích thuật toán hơi nhanh .,negative,ky_nang_giang_day
515,phòng máy giật và hay bị đứng mặc dù cấu hình cao .,negative,thiet_bi_day_hoc
516,"thầy ra nhiều bài tập , sửa chữa lỗi , dạy dễ hiểu .",positive,ky_nang_giang_day
516,"thầy ra nhiều bài tập , sửa chữa lỗi , dạy dễ hiểu .",positive,hanh_vi
516,"thầy ra nhiều bài tập , sửa chữa lỗi , dạy dễ hiểu .",neutral,bai_tap
517,vui tính hòa đồng với sinh viên .,positive,hanh_vi
518,"cách truyền đạt dễ hiểu , liên hệ với thực tế .",positive,ky_nang_giang_day
518,"cách truyền đạt dễ hiểu , liên hệ với thực tế .",positive,kinh_nghiem
519,"thầy dạy nhiệt tình , cung cấp một số kiến thức bổ ích cho sinh viên .",positive,hanh_vi
519,"thầy dạy nhiệt tình , cung cấp một số kiến thức bổ ích cho sinh viên .",positive,kien_thuc
520,phần thuyết trình của từng nhóm rất vui và bổ ích .,positive,kinh_nghiem
521,còn nhanh .,negative,ky_nang_giang_day
522,giảng viên chưa cung cấp đầy đủ đề cương môn học .,negative,cung_cap_tai_lieu
523,"giảng viên có khả năng truyền đạt tốt , nhiệt tình , tận tâm .",positive,ky_nang_giang_day
523,"giảng viên có khả năng truyền đạt tốt , nhiệt tình , tận tâm .",positive,hanh_vi
524,giảng viên thân thiện .,positive,hanh_vi
525,dạy không liên quan .,negative,kien_thuc
526,giờ thực hành môn còn quá ít 3 buổi .,negative,chuong_trinh_hoc
527,"kiến thức uyên bác và hài hước , hay kể chuyện .",positive,hanh_vi
527,"kiến thức uyên bác và hài hước , hay kể chuyện .",positive,kien_thuc
528,thay đổi bộ câu hỏi thực hành mang tính cập nhật hơn .,neutral,bai_tap
528,thay đổi bộ câu hỏi thực hành mang tính cập nhật hơn .,neutral,de_xuat
529,"thầy dạy rất vui tính , thực hành thầy nên dạy nhiều kiến thức hơn nữa !",positive,hanh_vi
529,"thầy dạy rất vui tính , thực hành thầy nên dạy nhiều kiến thức hơn nữa !",neutral,kien_thuc
529,"thầy dạy rất vui tính , thực hành thầy nên dạy nhiều kiến thức hơn nữa !",neutral,de_xuat
530,"môn học này thiên về định hướng logic , nên học theo hướng trao đổi và tham khảo , tránh đặt nặng bài tập .",negative,bai_tap
530,"môn học này thiên về định hướng logic , nên học theo hướng trao đổi và tham khảo , tránh đặt nặng bài tập .",neutral,chuong_trinh_hoc
530,"môn học này thiên về định hướng logic , nên học theo hướng trao đổi và tham khảo , tránh đặt nặng bài tập .",neutral,de_xuat
531,"học rất thoải mái và dễ tiếp thu , kết quả đạt được hẳn sẽ tốt hơn !",positive,ky_nang_giang_day
532,"không có hoạt động nhóm , bài tập ít .",negative,bai_tap
533,"nội dung môn học không rõ ràng , không xác định được mục tiêu cần đạt được .",negative,chuong_trinh_hoc
534,tăng thời gian học vì anh văn là môn học khó .,negative,chuong_trinh_hoc
535,thầy tận tình và giảng bài dễ hiểu .,positive,ky_nang_giang_day
535,thầy tận tình và giảng bài dễ hiểu .,positive,hanh_vi
536,giảng viên có cung cấp nhiều tư liệu thực tế nhưng theo em nghĩ vì thời gian dành cho phần này hạn hẹp nên nội dung chưa thật sự cặn kẽ .,negative,ky_nang_giang_day
536,giảng viên có cung cấp nhiều tư liệu thực tế nhưng theo em nghĩ vì thời gian dành cho phần này hạn hẹp nên nội dung chưa thật sự cặn kẽ .,positive,cung_cap_tai_lieu
537,"cô dạy cũng khá hay , nhưng hay gọi lên làm bài tập gây áp lực cho sinh viên lắm .",positive,ky_nang_giang_day
537,"cô dạy cũng khá hay , nhưng hay gọi lên làm bài tập gây áp lực cho sinh viên lắm .",negative,bai_tap
538,có nội dung học rõ ràng hơn .,neutral,chuong_trinh_hoc
538,có nội dung học rõ ràng hơn .,neutral,de_xuat
539,"thường xuyên vắng mặt , làm sinh viên lên trường rồi phải về !",negative,hanh_vi
540,giáo viên rất nhiệt tình giảng dạy .,positive,hanh_vi
541,thêm tiết sửa bài tập nhiều hơn .,negative,bai_tap
541,thêm tiết sửa bài tập nhiều hơn .,neutral,de_xuat
542,"phòng học hiện nay rất nóng nhà c , mong nhà trường có biện pháp thích hợp để khắc phục tình trạng này cho sinh viên , để sinh viên có khả năng tiếp thu kiến thức tốt xin cảm ơn !",negative,thiet_bi_day_hoc
542,"phòng học hiện nay rất nóng nhà c , mong nhà trường có biện pháp thích hợp để khắc phục tình trạng này cho sinh viên , để sinh viên có khả năng tiếp thu kiến thức tốt xin cảm ơn !",negative,de_xuat
543,"cần nâng cấp dụng cụ học tập, micro , loa , máy chiếu .",negative,thiet_bi_day_hoc
543,"cần nâng cấp dụng cụ học tập, micro , loa , máy chiếu .",negative,de_xuat
544,"giảng viên tận tình , hướng dẫn học tập hiệu quả .",positive,ky_nang_giang_day
544,"giảng viên tận tình , hướng dẫn học tập hiệu quả .",positive,hanh_vi
545,thầy giải bài tập ít .,negative,ky_nang_giang_day
545,thầy giải bài tập ít .,negative,bai_tap
546,phải nâng cấp quạt và máy chiếu !,negative,thiet_bi_day_hoc
546,phải nâng cấp quạt và máy chiếu !,neutral,de_xuat
547,sử dụng hiệu quả giờ học .,neutral,noi_chung
548,vài nội dung thầy giảng khó hiểu .,negative,ky_nang_giang_day
549,cảm giác như là cấp 2 học nhạc và vẽ vậy .,neutral,noi_chung
550,em nghĩ học theo phương pháp cũ cây phấn tấm bảng .,negative,ky_nang_giang_day
551,có mấy lần gửi mail mà không thấy thầy trả lời .,negative,hanh_vi
552,nhiệt tình trong giảng dạy .,positive,hanh_vi
553,em nghĩ trước khi cho lớp bắt đầu thực hành thì thầy nên hướng dẫn sơ qua về các bài tập thực hành để chúng em nắm bắt được nhanh hơn và chủ động hơn về các yêu cầu .,neutral,bai_tap
553,em nghĩ trước khi cho lớp bắt đầu thực hành thì thầy nên hướng dẫn sơ qua về các bài tập thực hành để chúng em nắm bắt được nhanh hơn và chủ động hơn về các yêu cầu .,neutral,de_xuat
554,giảng viên giúp sinh viên xác định rõ ràng mục đích học tập .,positive,ky_nang_giang_day
554,giảng viên giúp sinh viên xác định rõ ràng mục đích học tập .,positive,hanh_vi
555,không có ổ cắm điện .,negative,thiet_bi_day_hoc
556,cần giảm bớt các nội dung không cần thiết tùy theo chuyên ngành mà sinh viên theo học .,negative,chuong_trinh_hoc
556,cần giảm bớt các nội dung không cần thiết tùy theo chuyên ngành mà sinh viên theo học .,positive,de_xuat
557,lớp lý thuyết và lớp thực hành không song song kiến thức .,negative,chuong_trinh_hoc
558,thầy dạy hơi buồn ngủ một tí .,negative,hanh_vi
559,không nên đề hình thức thực hành là số 2 gây nhàm chán cho sinh viên sau những ngày học lý thuyết thì sinh viên nên được thực hành trên phòng lab dưới sự hướng dẫn của giảng viên .,negative,kinh_nghiem
559,không nên đề hình thức thực hành là số 2 gây nhàm chán cho sinh viên sau những ngày học lý thuyết thì sinh viên nên được thực hành trên phòng lab dưới sự hướng dẫn của giảng viên .,neutral,de_xuat
560,cách dạy .,neutral,noi_chung
561,"cần áp dụng vào thực tiễn một cách cụ thể hơn , lý thuyết vẫn còn mang đầu óc tưởng tượng cao .",negative,kinh_nghiem
561,"cần áp dụng vào thực tiễn một cách cụ thể hơn , lý thuyết vẫn còn mang đầu óc tưởng tượng cao .",negative,chuong_trinh_hoc
561,"cần áp dụng vào thực tiễn một cách cụ thể hơn , lý thuyết vẫn còn mang đầu óc tưởng tượng cao .",neutral,de_xuat
562,"thầy thường 8h mới bắt đầu dạy , lời giảng còn khó hiểu do không cho nhiều ví dụ cụ thể cũng như demo .",negative,ky_nang_giang_day
562,"thầy thường 8h mới bắt đầu dạy , lời giảng còn khó hiểu do không cho nhiều ví dụ cụ thể cũng như demo .",negative,kinh_nghiem
563,"giáo viên tận tình , giảng dạy tốt .",positive,ky_nang_giang_day
563,"giáo viên tận tình , giảng dạy tốt .",positive,hanh_vi
564,khả năng truyền tải cần thuyết phục hơn .,negative,ky_nang_giang_day
564,khả năng truyền tải cần thuyết phục hơn .,negative,de_xuat
565,"cô giáo bộ môn rất tận tụy vì sinh viên , không có ý kiến gì thêm .",positive,hanh_vi
566,đảm bảo thời gian lên lớp .,neutral,de_xuat
567,em tiến bộ rất nhanh .,positive,noi_chung
568,giảng viên cho bài tập hàng tuần khá nhiều và bài tập có hướng dẫn nhưng chưa cụ thể .,negative,bai_tap
568,giảng viên cho bài tập hàng tuần khá nhiều và bài tập có hướng dẫn nhưng chưa cụ thể .,negative,cung_cap_tai_lieu
569,và từ những sự cố trên tự nhiên năm nay em vừa tốn tiền học lại mà không được học vừa bị rớt môn không được cộng điểm rèn luyện .,negative,cham_diem
570,kiến thức thầy truyền đạt rất thiết thực .,positive,kien_thuc
571,semimar là hình thức tiếp thu kiến thức nhưng do những người seminar nói bâng quơ và thật sự có những nhóm không biết đang làm gì thì sao người ngồi dưới hiểu gì .,negative,ky_nang_giang_day
572,cơ sở vật chất còn yếu kém .,negative,thiet_bi_day_hoc
573,"phòng máy xài chuột bi đã cũ , khó di chuyển , phần mềm lỗi thời .",negative,thiet_bi_day_hoc
574,"em nhận thấy , môn này học xong hầu như là vẽ mô hình , thi cuối kỳ cũng vẽ mô hình toàn tập .",negative,chuong_trinh_hoc
575,"máy chiếu quá mờ , phòng học nóng .",negative,thiet_bi_day_hoc
576,giảng viên khá nhiệt tình .,positive,hanh_vi
577,dạy rất dễ hiểu ạ .,positive,ky_nang_giang_day
578,"giảng viên truyền đạt tốt , dễ hiểu .",positive,ky_nang_giang_day
579,"cô nhiệt tình , vui tính .",positive,hanh_vi
580,thầy sửa bài tập nhanh quá nên hơi khó hiểu .,negative,ky_nang_giang_day
581,thầy giảng rất hay và cực kỳ nhiệt tình trong hoạt động giảng dạy .,positive,ky_nang_giang_day
581,thầy giảng rất hay và cực kỳ nhiệt tình trong hoạt động giảng dạy .,positive,hanh_vi
582,"cô dạy hay , linh hoạt .",positive,ky_nang_giang_day
583,"thầy giảng dạy rất nhiệt tình , có hiệu quả cao trong quá trình tiếp thu bài giảng .",positive,ky_nang_giang_day
583,"thầy giảng dạy rất nhiệt tình , có hiệu quả cao trong quá trình tiếp thu bài giảng .",positive,hanh_vi
584,"sinh viên ít được thực hành trên thiết bị mạng thật , mong nhà trường tạo điều kiện hơn cho sinh viên được thực hành .",negative,kinh_nghiem
584,"sinh viên ít được thực hành trên thiết bị mạng thật , mong nhà trường tạo điều kiện hơn cho sinh viên được thực hành .",positive,de_xuat
585,"nên bố trí cho phòng jack cắm loa cho lab , để khi thầy phát video , hoặc thí nghiệm xử lý âm thanh ra loa , giúp sinh viên tiếp cận thí nghiệm hoặc nội dung video tốt hơn .",negative,thiet_bi_day_hoc
585,"nên bố trí cho phòng jack cắm loa cho lab , để khi thầy phát video , hoặc thí nghiệm xử lý âm thanh ra loa , giúp sinh viên tiếp cận thí nghiệm hoặc nội dung video tốt hơn .",neutral,de_xuat
586,"thầy rất nhiệt tình , tậm tâm , có mở rộng rất nhiều kiến thức thực tế , thực tiễn bên ngoài xã hôi , hướng dẫn và chỉ cho sinh viên các phương pháp học cụ thể tốt nhất .",positive,ky_nang_giang_day
586,"thầy rất nhiệt tình , tậm tâm , có mở rộng rất nhiều kiến thức thực tế , thực tiễn bên ngoài xã hôi , hướng dẫn và chỉ cho sinh viên các phương pháp học cụ thể tốt nhất .",positive,kinh_nghiem
586,"thầy rất nhiệt tình , tậm tâm , có mở rộng rất nhiều kiến thức thực tế , thực tiễn bên ngoài xã hôi , hướng dẫn và chỉ cho sinh viên các phương pháp học cụ thể tốt nhất .",positive,hanh_vi
586,"thầy rất nhiệt tình , tậm tâm , có mở rộng rất nhiều kiến thức thực tế , thực tiễn bên ngoài xã hôi , hướng dẫn và chỉ cho sinh viên các phương pháp học cụ thể tốt nhất .",positive,kien_thuc
587,"đánh giá công bằng khách quan , đúng giờ giấc , có giờ giải lao .",positive,hanh_vi
587,"đánh giá công bằng khách quan , đúng giờ giấc , có giờ giải lao .",positive,cham_diem
588,thầy đảm bảo về bài tập cho sinh viên .,positive,bai_tap
589,cần sửa chữa trang thiết bị giảng dạy .,negative,thiet_bi_day_hoc
589,cần sửa chữa trang thiết bị giảng dạy .,neutral,de_xuat
590,"giảng viên dạy nhiệt tình , dễ hiểu , vui vẻ .",positive,ky_nang_giang_day
590,"giảng viên dạy nhiệt tình , dễ hiểu , vui vẻ .",positive,hanh_vi
591,cho nhiều tài liệu .,positive,cung_cap_tai_lieu
592,"nếu thầy sắp xếp được thời gian lên lớp thường xuyên , thì đó quả là điều tuyệt vời vì thầy dạy rất dễ hiểu , tuy nhiên thầy hay không lên lớp quá colonsad .",positive,ky_nang_giang_day
592,"nếu thầy sắp xếp được thời gian lên lớp thường xuyên , thì đó quả là điều tuyệt vời vì thầy dạy rất dễ hiểu , tuy nhiên thầy hay không lên lớp quá colonsad .",negative,hanh_vi
593,"như đã nêu trên , phòng máy trang bị bản visual studio quá cũ khiến việc thực hành trở nên khó khăn , không phù hợp với thực tế chắc hẳn không ai ra trường đi làm .",negative,kinh_nghiem
593,"như đã nêu trên , phòng máy trang bị bản visual studio quá cũ khiến việc thực hành trở nên khó khăn , không phù hợp với thực tế chắc hẳn không ai ra trường đi làm .",negative,thiet_bi_day_hoc
594,"kiến thức truyền tải nhiều , khó hiểu .",negative,ky_nang_giang_day
594,"kiến thức truyền tải nhiều , khó hiểu .",negative,kien_thuc
595,"thầy vui tính , giảng hay .",positive,ky_nang_giang_day
595,"thầy vui tính , giảng hay .",positive,hanh_vi
596,"giảng viên dạy hay , tận tâm , vào đúng trọng tâm phần thi , có nhắc lại vào mỗi đầu giờ bài học tuần trước , chỉ cần đi học đầy đủ là có thể hiểu bài và thi được điểm tốt .",positive,ky_nang_giang_day
596,"giảng viên dạy hay , tận tâm , vào đúng trọng tâm phần thi , có nhắc lại vào mỗi đầu giờ bài học tuần trước , chỉ cần đi học đầy đủ là có thể hiểu bài và thi được điểm tốt .",positive,hanh_vi
597,không có hoạt động nhóm .,negative,chuong_trinh_hoc
598,giảng viên nghỉ nhiều .,negative,hanh_vi
599,"kiến thức thì được dồn lại , thời gian ở nhà thì đâu phải chỉ có để học anh văn và có những thắc mắc thì hỏi ai bây giờ .",neutral,kien_thuc
600,tụi em chưa thật sự vững ngữ pháp .,negative,kien_thuc
601,giải bài tập dễ hiểu .,positive,bai_tap
602,liên hệ thực tế .,neutral,kinh_nghiem
603,nâng cấp phòng thực hành .,negative,thiet_bi_day_hoc
603,nâng cấp phòng thực hành .,neutral,de_xuat
604,"nên làm sạch lại bàn ghế , và một số thiết bị bằng điện .",neutral,de_xuat
605,cô nhiệt tình và tận tâm lắm coloncontemn .,positive,hanh_vi
606,"giảng viên dạy rất nhiệt tình , thường xuyên tham khảo ý kiến thắc mắc của sinh viên để giải đáp , tạo điều kiện cho sinh viên tự suy nghĩ trong lớp , không quá phụ thuộc vào slide .",positive,ky_nang_giang_day
606,"giảng viên dạy rất nhiệt tình , thường xuyên tham khảo ý kiến thắc mắc của sinh viên để giải đáp , tạo điều kiện cho sinh viên tự suy nghĩ trong lớp , không quá phụ thuộc vào slide .",positive,hanh_vi
607,em cảm ơn thầy nhờ thầy mà em hiểu về oop nhiều hơn .,positive,ky_nang_giang_day
607,em cảm ơn thầy nhờ thầy mà em hiểu về oop nhiều hơn .,positive,kien_thuc
608,có giảng lại lý thuyết cặn kẽ .,positive,ky_nang_giang_day
609,"nên có nhiều ví dụ thực tiễn cho môn học , đi tham quan hoặc thực hành trên các thiết bị thật .",negative,kinh_nghiem
609,"nên có nhiều ví dụ thực tiễn cho môn học , đi tham quan hoặc thực hành trên các thiết bị thật .",neutral,de_xuat
610,cô biết lắng nghe sinh viên nói .,positive,hanh_vi
611,quá nhiều hoạt động làm sinh viên choáng ngợp không bắt kịp .,negative,chuong_trinh_hoc
612,"thân thiện , dễ thương .",positive,hanh_vi
613,để môn này có những hiệu quả và tạo hứng thú cho sinh viên thì doubledot cần có một giáo viên có những kỹ năng hợp lý và đó là người sinh viên nhìn vào đó để học tập .,positive,ky_nang_giang_day
614,dạy hay .,positive,ky_nang_giang_day
615,giảng viên chưa bám sát sinh viên .,negative,hanh_vi
616,cải thiện chất lượng phòng máy .,negative,thiet_bi_day_hoc
616,cải thiện chất lượng phòng máy .,neutral,de_xuat
617,"nhiệt huyết , rất dễ nắm bài .",positive,ky_nang_giang_day
617,"nhiệt huyết , rất dễ nắm bài .",positive,hanh_vi
618,"đừng để sinh viên ngủ , vắng khi đi học .",negative,hanh_vi
618,"đừng để sinh viên ngủ , vắng khi đi học .",neutral,de_xuat
619,"giảng viên nói tiếng anh hơi khó nghe , nói nhỏ , ít sử dụng micro .",negative,ky_nang_giang_day
619,"giảng viên nói tiếng anh hơi khó nghe , nói nhỏ , ít sử dụng micro .",negative,thiet_bi_day_hoc
620,"tâm huyến , muốn truyền đạt hết kiến thức cho sinh viên .",positive,hanh_vi
621,"nêu rõ các lý do để học môn học này , ứng dụng thự tế của môn học này ví dụ doubledot đưa ra bài toán hay về thuật toán thông minh trong game để tạo hứng thú cho người học , hoặc xây dựng một số ứng dụng thực tế cho người học đang cần để người học phải tự giác tìm kiếm tài liệu cho mình để học .",neutral,chuong_trinh_hoc
621,"nêu rõ các lý do để học môn học này , ứng dụng thự tế của môn học này ví dụ doubledot đưa ra bài toán hay về thuật toán thông minh trong game để tạo hứng thú cho người học , hoặc xây dựng một số ứng dụng thực tế cho người học đang cần để người học phải tự giác tìm kiếm tài liệu cho mình để học .",neutral,de_xuat
622,bài tập anh văn nên sát với yêu cầu ở ngoài .,negative,bai_tap
622,bài tập anh văn nên sát với yêu cầu ở ngoài .,neutral,de_xuat
623,"nên cắt giảm bớt chương trình học môn lý a2 vì theo em thấy có một số phần không áp dụng vào trong thực tế ngày nay của it , chỉ có một số phần là có áp dụng vì thế nên giảm thiểu chương trình học .",negative,chuong_trinh_hoc
623,"nên cắt giảm bớt chương trình học môn lý a2 vì theo em thấy có một số phần không áp dụng vào trong thực tế ngày nay của it , chỉ có một số phần là có áp dụng vì thế nên giảm thiểu chương trình học .",positive,de_xuat
624,"các nội dung kiến thức khó trong slides bài giảng được thầy trình bày hay , hết sức dễ hiểu và dễ tiếp thu .",positive,ky_nang_giang_day
624,"các nội dung kiến thức khó trong slides bài giảng được thầy trình bày hay , hết sức dễ hiểu và dễ tiếp thu .",positive,cung_cap_tai_lieu
624,"các nội dung kiến thức khó trong slides bài giảng được thầy trình bày hay , hết sức dễ hiểu và dễ tiếp thu .",positive,kien_thuc
625,ít mục không đi sâu vào .,negative,chuong_trinh_hoc
626,nên tạo điều kiện linh động hơn trong thời gian thực hành cho sinh viên .,neutral,chuong_trinh_hoc
626,nên tạo điều kiện linh động hơn trong thời gian thực hành cho sinh viên .,neutral,de_xuat
627,chắc cũng sẽ không ảnh hưởng nhiều lắm đến thời gian dạy bài mới trên lớp .,neutral,noi_chung
628,"sự tận tâm , nhiệt tình và vui tính của giảng viên đã làm cho môn học thêm hấp dẫn và kiến thức môn học cũng rất hay , thú vị .",positive,hanh_vi
628,"sự tận tâm , nhiệt tình và vui tính của giảng viên đã làm cho môn học thêm hấp dẫn và kiến thức môn học cũng rất hay , thú vị .",positive,kien_thuc
629,"thầy hiền , tận tình giảng bài .",positive,ky_nang_giang_day
629,"thầy hiền , tận tình giảng bài .",positive,hanh_vi
630,môn học cần xác định rõ ràng tính ứng dụng tránh để sinh viên mơ hồ về cái mình đang học như vậy rất khó để tiếp cận với vấn đề cần nghiên cứu .,negative,chuong_trinh_hoc
630,môn học cần xác định rõ ràng tính ứng dụng tránh để sinh viên mơ hồ về cái mình đang học như vậy rất khó để tiếp cận với vấn đề cần nghiên cứu .,negative,de_xuat
631,nên giảm sĩ số một lớp xuống khoảng 30 sinh viên thì sẽ hiệu quả trong việc học .,neutral,de_xuat
632,rất nhiệt tình và giảng bài dễ hiểu .,positive,ky_nang_giang_day
632,rất nhiệt tình và giảng bài dễ hiểu .,positive,hanh_vi
633,"giảng viên nhiệt tình , vui vẻ , hòa đồng với sinh viên , luôn giúp đỡ , chỉ dẫn cho sinh viên lúc gặp khó khăn trong bài thực hành .",positive,hanh_vi
634,việc tổ chức các trò chơi tạo nhiều hứng thú cho sinh viên .,positive,ky_nang_giang_day
635,em có ý kiến riêng là thầy wzjwz28 nên giới thiệu về các phương pháp xử lý trong quá trình phát triển game .,neutral,chuong_trinh_hoc
635,em có ý kiến riêng là thầy wzjwz28 nên giới thiệu về các phương pháp xử lý trong quá trình phát triển game .,neutral,de_xuat
636,"môn game này có đồ án được xem là nặng nhất trong chuyên ngành cnpm , em không hiểu thi lý thuyết là thi cái gì , nó làm chúng em mất thời gian hơn là cho chúng em được ích lợi .",negative,bai_tap
636,"môn game này có đồ án được xem là nặng nhất trong chuyên ngành cnpm , em không hiểu thi lý thuyết là thi cái gì , nó làm chúng em mất thời gian hơn là cho chúng em được ích lợi .",negative,chuong_trinh_hoc
637,cô dạy vui vẻ chăm lo đều các sinh viên .,positive,hanh_vi
638,"giáo viên tận tụy , nhiệt tình .",positive,hanh_vi
639,"lên lớp đầy đủ , tận tình giảng dạy , quan tâm đến sinh viên .",positive,ky_nang_giang_day
639,"lên lớp đầy đủ , tận tình giảng dạy , quan tâm đến sinh viên .",positive,hanh_vi
640,"thầy dạy rất chi tiết , dễ hiểu và nhiệt tình .",positive,ky_nang_giang_day
640,"thầy dạy rất chi tiết , dễ hiểu và nhiệt tình .",positive,hanh_vi
641,"dạy quá tốt , kiến thức tổng hợp vững .",positive,ky_nang_giang_day
641,"dạy quá tốt , kiến thức tổng hợp vững .",positive,kien_thuc
642,"thầy dạy lan man khó hiểu , hay đi ra ngoài lâu , tài liệu học ít .",negative,ky_nang_giang_day
642,"thầy dạy lan man khó hiểu , hay đi ra ngoài lâu , tài liệu học ít .",negative,hanh_vi
642,"thầy dạy lan man khó hiểu , hay đi ra ngoài lâu , tài liệu học ít .",negative,cung_cap_tai_lieu
643,"giảng viên nhiệt tình , tận tâm giảng dạy tốt .",positive,ky_nang_giang_day
643,"giảng viên nhiệt tình , tận tâm giảng dạy tốt .",positive,hanh_vi
644,"truyền đạt khá hiệu quả , biết ứng dụng thực tế vào môn học .",positive,ky_nang_giang_day
644,"truyền đạt khá hiệu quả , biết ứng dụng thực tế vào môn học .",positive,kinh_nghiem
645,"hơn nữa , môn học cần có sự sáng tạo tư duy để sinh viên có thể dễ dàng tiếp cận và vận động sự sáng tạo cũng như khả năng vốn có của mỗi sinh viên .",neutral,chuong_trinh_hoc
645,"hơn nữa , môn học cần có sự sáng tạo tư duy để sinh viên có thể dễ dàng tiếp cận và vận động sự sáng tạo cũng như khả năng vốn có của mỗi sinh viên .",neutral,de_xuat
646,chuyện lớp ồn cô cũng tìm cách nói để tránh mất lòng .,neutral,hanh_vi
647,"thầy hơi khó , nhiều điều dạy chưa hiểu lắm .",negative,ky_nang_giang_day
648,"khi sinh viên tìm kiếm sự giúp đỡ thì phát hiện giảng viên cũng chưa từng làm qua bài tập do chính mình giao , không biết có thể làm được hay không .",negative,hanh_vi
649,nó rất rập khuôn và không thể khiến cho sinh viên tiến bộ được .,negative,ky_nang_giang_day
650,"ra đề thi giữa kỳ không đúng với nội dung dặn trước dặn ko có "" vertical fragmentation "" mà thi vẫn có 1 câu chiếm khoảng 40% số điểm , có lẽ người ra đề với thầy dạy khác nhau và không thống nhất .",negative,chuong_trinh_hoc
651,"thầy có cách dạy hay , truyền đạt dễ hiểu , bài tập cho nhiều và cụ thể .",positive,ky_nang_giang_day
651,"thầy có cách dạy hay , truyền đạt dễ hiểu , bài tập cho nhiều và cụ thể .",positive,bai_tap
652,cô lấy ví dụ thực tế thì đừng có liên quan nhiều quá đến quan điểm cá nhân ghen ăn tức ở của cô với người khác như ví dụ cô nói một người đại gia bỏ tiền tỷ tổ chức sinh nhật cho vợ họ thay vì đi làm từ thiện hay các thứ khác .,negative,ky_nang_giang_day
652,cô lấy ví dụ thực tế thì đừng có liên quan nhiều quá đến quan điểm cá nhân ghen ăn tức ở của cô với người khác như ví dụ cô nói một người đại gia bỏ tiền tỷ tổ chức sinh nhật cho vợ họ thay vì đi làm từ thiện hay các thứ khác .,negative,hanh_vi
653,tiếng động cơ xây dựng có lúc ồn quá .,negative,thiet_bi_day_hoc
654,cô rất nhiệt tình khi giải đáp thắc mắc của sinh viên .,positive,hanh_vi
655,giảng viên cần nhiệt tình hơn trong giảng dạy .,negative,hanh_vi
655,giảng viên cần nhiệt tình hơn trong giảng dạy .,neutral,de_xuat
656,"môn học là kiểm chứng phần mềm , nhưng tất cả nội dung giảng dạy chỉ là lý thuyết suông , có chăng là một số phần mềm có thể được sử dụng trong thực tiễn , nhưng sự tìm hiểu chỉ dừng lại ở mức độ "" giới thiệu "" của cấp độ sinh viên , các bài seminar do sinh viên trình bày hoàn toàn không đạt chất lượng , không truyền đạt được kiến thức , slide hơn 95% là chữ , một số không nhỏ là nội dung dịch từ sách ngoại văn , nhưng lại sai nghĩa , tối nghĩa .",negative,ky_nang_giang_day
656,"môn học là kiểm chứng phần mềm , nhưng tất cả nội dung giảng dạy chỉ là lý thuyết suông , có chăng là một số phần mềm có thể được sử dụng trong thực tiễn , nhưng sự tìm hiểu chỉ dừng lại ở mức độ "" giới thiệu "" của cấp độ sinh viên , các bài seminar do sinh viên trình bày hoàn toàn không đạt chất lượng , không truyền đạt được kiến thức , slide hơn 95% là chữ , một số không nhỏ là nội dung dịch từ sách ngoại văn , nhưng lại sai nghĩa , tối nghĩa .",negative,bai_tap
656,"môn học là kiểm chứng phần mềm , nhưng tất cả nội dung giảng dạy chỉ là lý thuyết suông , có chăng là một số phần mềm có thể được sử dụng trong thực tiễn , nhưng sự tìm hiểu chỉ dừng lại ở mức độ "" giới thiệu "" của cấp độ sinh viên , các bài seminar do sinh viên trình bày hoàn toàn không đạt chất lượng , không truyền đạt được kiến thức , slide hơn 95% là chữ , một số không nhỏ là nội dung dịch từ sách ngoại văn , nhưng lại sai nghĩa , tối nghĩa .",negative,cung_cap_tai_lieu
656,"môn học là kiểm chứng phần mềm , nhưng tất cả nội dung giảng dạy chỉ là lý thuyết suông , có chăng là một số phần mềm có thể được sử dụng trong thực tiễn , nhưng sự tìm hiểu chỉ dừng lại ở mức độ "" giới thiệu "" của cấp độ sinh viên , các bài seminar do sinh viên trình bày hoàn toàn không đạt chất lượng , không truyền đạt được kiến thức , slide hơn 95% là chữ , một số không nhỏ là nội dung dịch từ sách ngoại văn , nhưng lại sai nghĩa , tối nghĩa .",negative,kien_thuc
657,giảng viên cho điểm công bằng .,positive,cham_diem
658,"thầy dạy có tâm , rất hay , hiểu tâm lý sinh viên .",positive,ky_nang_giang_day
658,"thầy dạy có tâm , rất hay , hiểu tâm lý sinh viên .",positive,hanh_vi
659,giáo viên hướng dẫn cách học hiệu quả và cho thực hành nhiều .,positive,ky_nang_giang_day
659,giáo viên hướng dẫn cách học hiệu quả và cho thực hành nhiều .,positive,kinh_nghiem
660,"cần cải tiến , đổi mới thực hành hình thức 2 .",negative,chuong_trinh_hoc
660,"cần cải tiến , đổi mới thực hành hình thức 2 .",neutral,de_xuat
661,"thầy rất nhiệt tình , luôn đến lớp đúng giờ .",positive,hanh_vi
662,nhiệt tình luôn cố gắng giúp đỡ sinh viên .,positive,hanh_vi
663,thầy ít tương tác với sinh viên .,negative,hanh_vi
664,hay dễ hiểu .,positive,ky_nang_giang_day
665,"nhưng chất lượng cơ sở vật chất nhất là bàn ghế bên dãy nhà wzjwz15 , có một số phòng bụi nhiều , bàn ghế dơ nhưng không được lau dọn .",negative,thiet_bi_day_hoc
666,"lượng kiến thức nhiều hơn lượng tín chỉ môn học , mất cân xứng !",negative,chuong_trinh_hoc
667,lớp ồn ào .,negative,hanh_vi
668,"giảng viên nên hòa nhã , thoải mái để sinh viên có thể tương tác tốt với giảng viên , giảng viên nên diễn đạt câu từ một cách ngắn gọn dễ hiểu , nên dạy kỹ những phần kiến thức quan trọng .",neutral,ky_nang_giang_day
668,"giảng viên nên hòa nhã , thoải mái để sinh viên có thể tương tác tốt với giảng viên , giảng viên nên diễn đạt câu từ một cách ngắn gọn dễ hiểu , nên dạy kỹ những phần kiến thức quan trọng .",neutral,hanh_vi
668,"giảng viên nên hòa nhã , thoải mái để sinh viên có thể tương tác tốt với giảng viên , giảng viên nên diễn đạt câu từ một cách ngắn gọn dễ hiểu , nên dạy kỹ những phần kiến thức quan trọng .",neutral,kien_thuc
668,"giảng viên nên hòa nhã , thoải mái để sinh viên có thể tương tác tốt với giảng viên , giảng viên nên diễn đạt câu từ một cách ngắn gọn dễ hiểu , nên dạy kỹ những phần kiến thức quan trọng .",neutral,de_xuat
669,"thầy dạy hơi nhanh , khó hiểu .",negative,ky_nang_giang_day
670,"truyền đạt kiến thức chưa thực sự tốt , có nhiều khi lúng túng .",negative,ky_nang_giang_day
671,thầy không hỗ trợ sinh viên nhiều trong quá trình thực hành .,negative,hanh_vi
672,giảng viên dạy bài nhanh khiến nhiều lúc sinh viên không theo kịp .,negative,ky_nang_giang_day
673,"có những trò chơi giúp nâng cao kỹ năng của sinh viên , tạo cơ hội cho sinh viên tập giao tiếp và trình bày một vấn đề trước đám đông bằng tiếng anh .",positive,ky_nang_giang_day
673,"có những trò chơi giúp nâng cao kỹ năng của sinh viên , tạo cơ hội cho sinh viên tập giao tiếp và trình bày một vấn đề trước đám đông bằng tiếng anh .",positive,kinh_nghiem
674,thiết bị .,neutral,thiet_bi_day_hoc
675,"sao không ghép vào phần lý thuyết luôn , giảng viên lý thuyết chỉ cần gửi tài liệu thực hành và chấm đồ án thực hành là xong .",negative,ky_nang_giang_day
675,"sao không ghép vào phần lý thuyết luôn , giảng viên lý thuyết chỉ cần gửi tài liệu thực hành và chấm đồ án thực hành là xong .",negative,cham_diem
675,"sao không ghép vào phần lý thuyết luôn , giảng viên lý thuyết chỉ cần gửi tài liệu thực hành và chấm đồ án thực hành là xong .",negative,cung_cap_tai_lieu
675,"sao không ghép vào phần lý thuyết luôn , giảng viên lý thuyết chỉ cần gửi tài liệu thực hành và chấm đồ án thực hành là xong .",positive,de_xuat
676,"giảng dạy cụ thể , dễ hiểu .",positive,ky_nang_giang_day
677,"áp dụng những kiến thức ngoài xã hội , thực tiễn để giảng dạy vào bài học chứ không nhất thiết phải dạy theo một giáo trình cụ thể nào đó .",positive,kinh_nghiem
677,"áp dụng những kiến thức ngoài xã hội , thực tiễn để giảng dạy vào bài học chứ không nhất thiết phải dạy theo một giáo trình cụ thể nào đó .",positive,kien_thuc
678,nói hay .,positive,noi_chung
679,nắm bắt tâm lý sinh viên và có khiếu hài hước .,positive,hanh_vi
680,nên ra đề xác thực hơn .,neutral,bai_tap
680,nên ra đề xác thực hơn .,positive,de_xuat
681,khi sinh viên hỏi về bài đặc tả hình thức thì thầy lúc nào cũng nói không biết !,negative,hanh_vi
681,khi sinh viên hỏi về bài đặc tả hình thức thì thầy lúc nào cũng nói không biết !,negative,kien_thuc
682,hạn chế sử dụng tiếng việt .,negative,noi_chung
683,có một lần cúp điện cô không dùng slide để giảng bài em thấy dễ hiểu hơn nhiều .,positive,ky_nang_giang_day
684,"cô dạy tâm huyết , quan tâm học sinh .",positive,hanh_vi
685,cô giảng dạy nhiệt tình .,positive,hanh_vi
686,thầy giảng bài một mình chưa tương tác với sinh viên .,negative,hanh_vi
687,thêm giờ giải bài tập trên lớp .,negative,bai_tap
687,thêm giờ giải bài tập trên lớp .,neutral,de_xuat
688,"giảng viên rất vui tính , giảng dạy nhiệt tình , chi tiết cho sinh viên .",positive,ky_nang_giang_day
688,"giảng viên rất vui tính , giảng dạy nhiệt tình , chi tiết cho sinh viên .",positive,hanh_vi
689,"giảng viên tận tâm , nhiệt tình .",positive,hanh_vi
690,"thầy tận tâm giảng bài , giảng dễ hiểu và đúng với chương trình học .",positive,ky_nang_giang_day
690,"thầy tận tâm giảng bài , giảng dễ hiểu và đúng với chương trình học .",positive,hanh_vi
690,"thầy tận tâm giảng bài , giảng dễ hiểu và đúng với chương trình học .",positive,chuong_trinh_hoc
691,"thầy tận tâm nhiệt tình , giảng bài hay , dễ hiểu , quan tâm đến học sinh .",positive,ky_nang_giang_day
691,"thầy tận tâm nhiệt tình , giảng bài hay , dễ hiểu , quan tâm đến học sinh .",positive,hanh_vi
692,"giảng viên dạy dễ hiểu , tận tình giải đáp thắc mắc .",positive,ky_nang_giang_day
692,"giảng viên dạy dễ hiểu , tận tình giải đáp thắc mắc .",positive,hanh_vi
693,tiếng nói .,neutral,noi_chung
694,cô dạy rất dễ hiểu .,positive,ky_nang_giang_day
695,"các phần nội dung được đề cập trong môn học được thầy truyền đạt theo phương pháp riêng một cách đơn giản , dễ hiểu .",positive,ky_nang_giang_day
696,"các máy tính của trường thường xuyên bị lỗi khi sử dụng , sinh viên thường phải mang laptop cá nhân lên làm bài hay thi cử .",negative,thiet_bi_day_hoc
697,"thầy dạy rất hay , tận tình .",positive,ky_nang_giang_day
697,"thầy dạy rất hay , tận tình .",positive,hanh_vi
698,cô truyền đạt dễ hiểu .,positive,ky_nang_giang_day
699,thầy dạy hay dễ hiểu vui tính colonsmilesmile .,positive,ky_nang_giang_day
700,năng cấp phòng máy .,neutral,noi_chung
701,em thích khả năng sư phạm của thầy wzjwz293 .,positive,ky_nang_giang_day
702,thầy rất hòa đồng .,positive,hanh_vi
703,thầy cần chủ động hơn trong việc dạy và dạy bù ( khi em hỏi các bạn về lịch dạy bù thì hầu hết các bạn được em hỏi đều không biết ) .,negative,ky_nang_giang_day
703,thầy cần chủ động hơn trong việc dạy và dạy bù ( khi em hỏi các bạn về lịch dạy bù thì hầu hết các bạn được em hỏi đều không biết ) .,negative,hanh_vi
703,thầy cần chủ động hơn trong việc dạy và dạy bù ( khi em hỏi các bạn về lịch dạy bù thì hầu hết các bạn được em hỏi đều không biết ) .,neutral,de_xuat
704,bỏ bớt những phần không cần thiết .,negative,chuong_trinh_hoc
704,bỏ bớt những phần không cần thiết .,positive,de_xuat
705,thầy dành thời gian cho các nhóm thuyết trình nhưng không duyệt lại những kiến thức do các nhóm thuyết trình là đúng hay không .,negative,hanh_vi
705,thầy dành thời gian cho các nhóm thuyết trình nhưng không duyệt lại những kiến thức do các nhóm thuyết trình là đúng hay không .,negative,cham_diem
706,kiến thức cô cung cấp rất đầy đủ .,positive,kien_thuc
707,giảng viên là người có nhiệt huyết trong giảng dạy .,positive,hanh_vi
708,sự giảng dạy và nhiệt tình .,positive,ky_nang_giang_day
708,sự giảng dạy và nhiệt tình .,positive,hanh_vi
709,"cô dạy nhiệt tình , kỹ và dễ hiểu .",positive,ky_nang_giang_day
710,cô giảng hơi nhanh và khó nghe .,negative,ky_nang_giang_day
711,thầy dạy và hướng dẫn rất kỹ .,positive,ky_nang_giang_day
712,"đi thực tập , đến công ty kaydotvn để làm việc và học .",neutral,kinh_nghiem
713,"nâng cấp trang thiết bị phòng học doubledot máy chiếu , quạt .",negative,thiet_bi_day_hoc
713,"nâng cấp trang thiết bị phòng học doubledot máy chiếu , quạt .",positive,de_xuat
714,chất lượng cơ bản đảm bảo nhưng cần phù với các đối tượng sinh viên hơn .,neutral,chuong_trinh_hoc
714,chất lượng cơ bản đảm bảo nhưng cần phù với các đối tượng sinh viên hơn .,neutral,de_xuat
715,bài giảng không thu hút học sinh .,negative,ky_nang_giang_day
716,"giảng viên lên lớp đầy đủ , giảng dạy nhiệt tình .",positive,hanh_vi
717,"giáo viên truyền đạt một số kinh nghiệm , kỹ năng lập trình cho sinh viên .",positive,kinh_nghiem
717,"giáo viên truyền đạt một số kinh nghiệm , kỹ năng lập trình cho sinh viên .",positive,kien_thuc
718,"cô dạy khá nhanh , nhiều chỗ hơi khó hiểu .",negative,ky_nang_giang_day
719,nhóm 4 người đông không ổn thầy ạ .,negative,noi_chung
720,một số bài tập đưa ra trên lớp và đợi sinh viên giải xong mới giải .,neutral,bai_tap
721,"sống có đạo đức , thương sinh viên .",positive,hanh_vi
722,"tiếng bị ồn , vang nên khá khó nghe .",negative,thiet_bi_day_hoc
723,"giáo viên nói hơi nhỏ , rất khó nghe , và hiểu được bài .",negative,ky_nang_giang_day
724,"giảng viên lên lớp đúng giờ , giảng dạy nghiêm túc , tận tâm , nhiệt tình .",positive,hanh_vi
725,"ngồi nhiều , nhìn slide nhiều .",negative,cung_cap_tai_lieu
726,thầy trang bị cho những kỹ năng chuyên sâu và hướng mở của môn học .,positive,kien_thuc
726,thầy trang bị cho những kỹ năng chuyên sâu và hướng mở của môn học .,positive,chuong_trinh_hoc
727,thầy không có up tài liệu cũng như bài giảng lên moodle .,negative,cung_cap_tai_lieu
728,phương pháp dạy còn chưa thực sự thu hút được sự chú ý của sinh viên gây nên nhàm chán và thụ động .,negative,ky_nang_giang_day
729,vui tính nhiệt tình .,positive,hanh_vi
730,cô dễ tính .,positive,hanh_vi
731,thầy nên thông báo về thời gian báo cáo đồ án sớm hơn vì sinh viên còn phải sắp xếp thời gian cho các môn học khác .,negative,bai_tap
731,thầy nên thông báo về thời gian báo cáo đồ án sớm hơn vì sinh viên còn phải sắp xếp thời gian cho các môn học khác .,neutral,de_xuat
732,"tận tâm với học sinh , gần gũi với học sinh .",positive,hanh_vi
733,ngoài giờ học thầy còn nói thêm về nhiều điều rất hay !,positive,hanh_vi
734,thường lố giờ .,negative,hanh_vi
735,"vui tính , dễ gần .",positive,hanh_vi
736,chất lượng thiết bị dạy học của các phòng học còn chưa tốt .,negative,thiet_bi_day_hoc
737,"thầy dạy rất tận tình , chỉ dạy kỹ càng từng học sinh .",positive,ky_nang_giang_day
737,"thầy dạy rất tận tình , chỉ dạy kỹ càng từng học sinh .",positive,hanh_vi
738,thầy dạy không có tâm .,negative,hanh_vi
739,bài tập thầy cho áp lực quá .,negative,bai_tap
740,giảng viên có tâm huyết với việc dạy học .,positive,hanh_vi
741,thái độ gần gũi .,positive,hanh_vi
742,"nhiệt tình , vui tính , thân thiện .",positive,hanh_vi
743,"em thấy thầy dạy rất thiếu trách nhiệm , chỉ lơ là cho hết giờ .",negative,hanh_vi
744,cô rất hiền và tạo sự gần gũi .,positive,hanh_vi
745,"cần phải thay đổi phần nội dung của phần thực hành và cách giảng dạy của giảng viên thực hành , sinh viên chưa được học lý thuyết mà thực hành đã phải làm bài tập trong khi giảng viên thực hành không hướng dẫn sinh viên cụ thể phải làm gì với bài tập đó .",negative,ky_nang_giang_day
745,"cần phải thay đổi phần nội dung của phần thực hành và cách giảng dạy của giảng viên thực hành , sinh viên chưa được học lý thuyết mà thực hành đã phải làm bài tập trong khi giảng viên thực hành không hướng dẫn sinh viên cụ thể phải làm gì với bài tập đó .",negative,bai_tap
745,"cần phải thay đổi phần nội dung của phần thực hành và cách giảng dạy của giảng viên thực hành , sinh viên chưa được học lý thuyết mà thực hành đã phải làm bài tập trong khi giảng viên thực hành không hướng dẫn sinh viên cụ thể phải làm gì với bài tập đó .",negative,chuong_trinh_hoc
745,"cần phải thay đổi phần nội dung của phần thực hành và cách giảng dạy của giảng viên thực hành , sinh viên chưa được học lý thuyết mà thực hành đã phải làm bài tập trong khi giảng viên thực hành không hướng dẫn sinh viên cụ thể phải làm gì với bài tập đó .",neutral,de_xuat
746,"phương pháp truyền đạt khó tiếp thu , lượng kiến thức nhiều nhưng không tập trung .",negative,ky_nang_giang_day
747,"giảng viên truyền đạt rất dễ hiểu , thân thiện , vui vẻ và rất tận tình với sinh viên .",positive,ky_nang_giang_day
747,"giảng viên truyền đạt rất dễ hiểu , thân thiện , vui vẻ và rất tận tình với sinh viên .",positive,hanh_vi
748,dễ tính hiền .,positive,hanh_vi
749,"kiến thức nắm được khá nhiều , công nghệ mới cũng được đưa vào giảng dạy .",positive,kien_thuc
749,"kiến thức nắm được khá nhiều , công nghệ mới cũng được đưa vào giảng dạy .",positive,chuong_trinh_hoc
750,"giảng viên nhiệt tình , có khả năng truyền đạt .",positive,ky_nang_giang_day
750,"giảng viên nhiệt tình , có khả năng truyền đạt .",positive,hanh_vi
751,có liên hệ thực tế .,positive,kinh_nghiem
752,"ngoài ra sinh viên cũng không có đủ khả năng để hiểu được "" source code "" có tốt hay không .",negative,ky_nang_giang_day
753,thầy có bài tập hay .,positive,bai_tap
754,giảng viên nói nhỏ và hơi khó nghe .,negative,ky_nang_giang_day
755,"thầy dạy rất hay và dễ hiểu , sôi động em điểm nhỏ chỉ là đề thi khó hơn đề mọi năm .",positive,ky_nang_giang_day
755,"thầy dạy rất hay và dễ hiểu , sôi động em điểm nhỏ chỉ là đề thi khó hơn đề mọi năm .",negative,chuong_trinh_hoc
756,"thầy dạy rất nhiệt tình , rất mong thầy tiếp tục công tác tại trường .",positive,hanh_vi
757,"bài giảng dài , không quá hứng thú cho sinh viên để học .",negative,ky_nang_giang_day
758,giáo viên rất nhiệt tình và tận tâm .,positive,hanh_vi
759,"em có ý kiến về giáo viên bộ môn anh văn 2 trong học kỳ này của em như sau doubledot giảng viên giảng dạy rất kém chất lượng , trình độ phát âm cực kém , giống như giáo viên dạy cấp 2 !",negative,ky_nang_giang_day
759,"em có ý kiến về giáo viên bộ môn anh văn 2 trong học kỳ này của em như sau doubledot giảng viên giảng dạy rất kém chất lượng , trình độ phát âm cực kém , giống như giáo viên dạy cấp 2 !",negative,kien_thuc
760,thầy nhiệt tình với nhiều bài tập đa dạng và phong phú .,positive,hanh_vi
760,thầy nhiệt tình với nhiều bài tập đa dạng và phong phú .,positive,bai_tap
761,thầy rất vui tánh .,positive,hanh_vi
762,"cần được thực hành liên tục , để có sự hướng dẫn của giáo viên khi làm đồ án .",negative,kinh_nghiem
762,"cần được thực hành liên tục , để có sự hướng dẫn của giáo viên khi làm đồ án .",negative,hanh_vi
762,"cần được thực hành liên tục , để có sự hướng dẫn của giáo viên khi làm đồ án .",negative,de_xuat
763,cô nên cho bài tập nhỏ về nhà để học sinh làm để ôn kiến thức cơ bản .,neutral,bai_tap
763,cô nên cho bài tập nhỏ về nhà để học sinh làm để ôn kiến thức cơ bản .,neutral,de_xuat
764,"giảng viên có kiến thức rộng , nhiệt tình giảng dạy .",positive,hanh_vi
764,"giảng viên có kiến thức rộng , nhiệt tình giảng dạy .",positive,kien_thuc
765,"khi nghỉ không thông báo trước , khi sinh viên qua trường thể dục thể thao chờ rồi mới thông báo .",negative,hanh_vi
766,giáo viên nên theo dõi sinh viên sát sao hơn .,negative,hanh_vi
766,giáo viên nên theo dõi sinh viên sát sao hơn .,neutral,de_xuat
767,giảng viên giảng dạy tân tâm .,positive,hanh_vi
768,"thầy giảng dạy nhiệt tình , chu đáo !",positive,hanh_vi
769,"thầy dạy hay , nhiệt tình .",positive,ky_nang_giang_day
769,"thầy dạy hay , nhiệt tình .",positive,hanh_vi
770,"giảng viên truyền đạt khó hiểu , có lúc nói nhanh , có lúc nói chậm , giọng khó nghe , hay bị ngọng .",negative,ky_nang_giang_day
771,"giảng viên có kiến thức vững chắc , khả năng truyền đạt tốt , tận tâm .",positive,ky_nang_giang_day
771,"giảng viên có kiến thức vững chắc , khả năng truyền đạt tốt , tận tâm .",positive,hanh_vi
771,"giảng viên có kiến thức vững chắc , khả năng truyền đạt tốt , tận tâm .",positive,kien_thuc
772,phương pháp làm bài tập .,neutral,bai_tap
773,"giảng viên tận tâm , nhiệt tình , cho bài tập rèn luyện nhiều , có kiểm tra trong quá trình học giúp sinh viên nắm bài hiệu quả hơn .",positive,hanh_vi
773,"giảng viên tận tâm , nhiệt tình , cho bài tập rèn luyện nhiều , có kiểm tra trong quá trình học giúp sinh viên nắm bài hiệu quả hơn .",positive,bai_tap
774,"cách nói chuyện của thầy rất thu hút lòng người , giảng bài dễ hiểu , thực tiễn .",positive,ky_nang_giang_day
774,"cách nói chuyện của thầy rất thu hút lòng người , giảng bài dễ hiểu , thực tiễn .",positive,kinh_nghiem
774,"cách nói chuyện của thầy rất thu hút lòng người , giảng bài dễ hiểu , thực tiễn .",positive,hanh_vi
775,"có demo , video giới thiệu đầy đủ .",positive,cung_cap_tai_lieu
776,thầy chưa đứng lớp bữa nào .,negative,hanh_vi
777,"thầy hay đi vắng , thường quên up slide lên moodle , quên cho bài tập .",negative,hanh_vi
777,"thầy hay đi vắng , thường quên up slide lên moodle , quên cho bài tập .",negative,bai_tap
777,"thầy hay đi vắng , thường quên up slide lên moodle , quên cho bài tập .",negative,cung_cap_tai_lieu
778,chấm bài không nói lên tính khách quan .,negative,cham_diem
779,nhiều lúc giảng dạy nói hơi nhanh .,negative,ky_nang_giang_day
780,"thầy giáo nhiệt tình , đưa ra nhiều trường hợp cho thuật toán .",positive,ky_nang_giang_day
780,"thầy giáo nhiệt tình , đưa ra nhiều trường hợp cho thuật toán .",positive,kinh_nghiem
780,"thầy giáo nhiệt tình , đưa ra nhiều trường hợp cho thuật toán .",positive,hanh_vi
781,đề án soạn thảo kỹ càng .,positive,bai_tap
782,cần sử dụng bài giảng tiếng việt .,neutral,de_xuat
783,"cần tăng thêm số lượng thiết bị , và thời gian thực hành .",negative,thiet_bi_day_hoc
783,"cần tăng thêm số lượng thiết bị , và thời gian thực hành .",neutral,de_xuat
784,có phản hồi và giải bài kỹ cho sinh viên .,positive,ky_nang_giang_day
784,có phản hồi và giải bài kỹ cho sinh viên .,positive,hanh_vi
785,có nhiều hoạt động cho phần speaking .,positive,chuong_trinh_hoc
786,nên sử dụng cách truyền đạt khác để thu hút sinh viên hơn .,negative,ky_nang_giang_day
786,nên sử dụng cách truyền đạt khác để thu hút sinh viên hơn .,neutral,de_xuat
787,"thầy rất nhiệt tình , dạy dễ hiểu .",positive,ky_nang_giang_day
787,"thầy rất nhiệt tình , dạy dễ hiểu .",positive,hanh_vi
788,tận tình và vui vẻ hướng dẫn .,positive,hanh_vi
789,thầy rất nhiệt tình trong giảng dạy .,positive,hanh_vi
790,sơ sài .,negative,noi_chung
791,thảo luận hiệu quả .,positive,ky_nang_giang_day
792,thầy dạy nhanh .,negative,ky_nang_giang_day
793,cố gắng làm nhiều bài tập .,neutral,bai_tap
793,cố gắng làm nhiều bài tập .,neutral,de_xuat
794,giảng viên tận tình trong việc giảng dạy và truyền đạt kinh nghiệm .,positive,ky_nang_giang_day
794,giảng viên tận tình trong việc giảng dạy và truyền đạt kinh nghiệm .,positive,kinh_nghiem
794,giảng viên tận tình trong việc giảng dạy và truyền đạt kinh nghiệm .,positive,hanh_vi
795,"cô giảng hơi nhanh , nhiều khi không theo kịp .",negative,ky_nang_giang_day
796,"hệ thống wecode cần sửa lại tính năng submit kết quả cuối cùng , bao nhiêu sinh viên bị mất điểm vì submit trong đó có cả em colonsadcolon .",negative,thiet_bi_day_hoc
796,"hệ thống wecode cần sửa lại tính năng submit kết quả cuối cùng , bao nhiêu sinh viên bị mất điểm vì submit trong đó có cả em colonsadcolon .",neutral,de_xuat
797,cô truyền đạt kiến thức không tốt cách truyền đạt giống như là đọc thơ và nó rất buồn ngủ .,negative,ky_nang_giang_day
798,ước tính khoảng 5 - 6 buổi như vậy .,neutral,chuong_trinh_hoc
799,cô rất vui vẻ và nhiệt tình .,positive,hanh_vi
800,"thầy dạy rất dễ hiểu , đặc biệt là thầy rất nhiệt tình .",positive,ky_nang_giang_day
800,"thầy dạy rất dễ hiểu , đặc biệt là thầy rất nhiệt tình .",positive,hanh_vi
801,"đề thi khá khó , hy vọng thi cuối kỳ thầy cho đề dễ thở hơn ạ .",negative,cham_diem
801,"đề thi khá khó , hy vọng thi cuối kỳ thầy cho đề dễ thở hơn ạ .",neutral,de_xuat
802,môn học giúp em nắm rõ các phương pháp và kỹ năng cần thiết để tổ chức cơ sở dữ liệu và sử dụng nó một cách hiệu quả ở mức cơ bản dữ liệu không lớn .,positive,kien_thuc
802,môn học giúp em nắm rõ các phương pháp và kỹ năng cần thiết để tổ chức cơ sở dữ liệu và sử dụng nó một cách hiệu quả ở mức cơ bản dữ liệu không lớn .,positive,chuong_trinh_hoc
803,"dạy tốt , không khó khăn với học sinh .",positive,ky_nang_giang_day
804,"thầy dạy dễ hiểu , cho nhiều bài tập để làm .",positive,ky_nang_giang_day
804,"thầy dạy dễ hiểu , cho nhiều bài tập để làm .",positive,bai_tap
805,thảo luận hay .,positive,ky_nang_giang_day
806,giảng viên tốt .,positive,hanh_vi
807,cho điểm khách quan .,positive,cham_diem
808,"ok xem xong cài như youtube kết nối với laptop báo lỗi , cô bảo cài sai dot wtf ?",negative,ky_nang_giang_day
809,chia ra nhiều hình thức điểm seminar bài tập bài tập thực hành .,neutral,bai_tap
809,chia ra nhiều hình thức điểm seminar bài tập bài tập thực hành .,neutral,chuong_trinh_hoc
810,phương pháp dạy viết bảng hiệu quả .,positive,ky_nang_giang_day
811,không hiểu gì .,negative,ky_nang_giang_day
812,và khi hỏi thầy trả lời rất nhiệt tình .,positive,hanh_vi
813,"giảng viên dạy tận tình , truyền đạt tốt .",positive,ky_nang_giang_day
813,"giảng viên dạy tận tình , truyền đạt tốt .",positive,hanh_vi
814,thầy rất ân cần giúp đỡ học sinh làm bài và hiểu bài .,positive,ky_nang_giang_day
814,thầy rất ân cần giúp đỡ học sinh làm bài và hiểu bài .,positive,hanh_vi
815,giáo viên giải bài tập chi tiết .,positive,ky_nang_giang_day
816,nên chọn phòng học có không gian phù hợp với sĩ số lớp phòng quá lớn trong khi sĩ số chỉ có vài chục sinh viên .,negative,thiet_bi_day_hoc
816,nên chọn phòng học có không gian phù hợp với sĩ số lớp phòng quá lớn trong khi sĩ số chỉ có vài chục sinh viên .,neutral,de_xuat
817,"thầy không có kiến thức sư phạm , không thẻ truyền đạt một cách dễ hiểu , slide của thầy ( hoặc không phải của thầy ) dạy bao nhiêu năm rồi mà chưa dịch hoàn chỉnh hay dịch như translate của google .",negative,ky_nang_giang_day
817,"thầy không có kiến thức sư phạm , không thẻ truyền đạt một cách dễ hiểu , slide của thầy ( hoặc không phải của thầy ) dạy bao nhiêu năm rồi mà chưa dịch hoàn chỉnh hay dịch như translate của google .",negative,cung_cap_tai_lieu
817,"thầy không có kiến thức sư phạm , không thẻ truyền đạt một cách dễ hiểu , slide của thầy ( hoặc không phải của thầy ) dạy bao nhiêu năm rồi mà chưa dịch hoàn chỉnh hay dịch như translate của google .",negative,kien_thuc
818,thầy giảng bài rất hay và dễ hiểu .,positive,ky_nang_giang_day
819,cho sinh viên thuyết trình là khá hay .,positive,ky_nang_giang_day
820,sự tâm huyến nhiệt tình mà giảng viên mang lại dot đem lại những giờ học bổ ích cho sinh viên chúng em .,positive,hanh_vi
820,sự tâm huyến nhiệt tình mà giảng viên mang lại dot đem lại những giờ học bổ ích cho sinh viên chúng em .,positive,kien_thuc
821,cô nói hơi nhỏ .,negative,ky_nang_giang_day
822,"cô dạy nhiệt tình , kỹ , chịu khó nếu học sinh chưa hiểu bài .",positive,ky_nang_giang_day
822,"cô dạy nhiệt tình , kỹ , chịu khó nếu học sinh chưa hiểu bài .",positive,hanh_vi
823,bài tập về nhà hằng tuần giúp cho sinh viên củng cố kiến thức lý thuyết và thực hành một cách chắc chắn .,positive,bai_tap
824,đồ họa máy tính là môn có hình thức thực hành 1 .,neutral,chuong_trinh_hoc
825,cần có thiết bị và phòng học tốt hơn .,negative,thiet_bi_day_hoc
825,cần có thiết bị và phòng học tốt hơn .,positive,de_xuat
826,"cách dạy thiếu khoa học , cứng nhắc , áp đặt , không thu hút , gò bó tư duy của sinh viên .",negative,ky_nang_giang_day
827,nội dung cơ bản đầy đủ .,positive,chuong_trinh_hoc
828,"giảng viên dạy rất hay , bài tập khá đa dạng , đi thi nắm vững được các dạng nên không cần học tủ , thầy rất nhiệt tình .",positive,ky_nang_giang_day
828,"giảng viên dạy rất hay , bài tập khá đa dạng , đi thi nắm vững được các dạng nên không cần học tủ , thầy rất nhiệt tình .",positive,kinh_nghiem
828,"giảng viên dạy rất hay , bài tập khá đa dạng , đi thi nắm vững được các dạng nên không cần học tủ , thầy rất nhiệt tình .",positive,hanh_vi
828,"giảng viên dạy rất hay , bài tập khá đa dạng , đi thi nắm vững được các dạng nên không cần học tủ , thầy rất nhiệt tình .",positive,bai_tap
829,"thầy nên điều chỉnh lại cách giảng bài , thầy nói thường xuyên ngắt nhịp nên buồn ngủ quá .",negative,ky_nang_giang_day
829,"thầy nên điều chỉnh lại cách giảng bài , thầy nói thường xuyên ngắt nhịp nên buồn ngủ quá .",neutral,de_xuat
830,chưa bao giờ học không biết .,positive,ky_nang_giang_day
831,tận tình giảng dạy .,positive,hanh_vi
832,"giảng bài hơi nhanh , bài tập cho nhiều quá .",negative,ky_nang_giang_day
832,"giảng bài hơi nhanh , bài tập cho nhiều quá .",negative,bai_tap
833,"đồng thời , lý thuyết tóm gọn thầy đưa lại cho em sự tò mò và thực hành ngay trên lớp giúp em hiểu được sâu hơn .",positive,ky_nang_giang_day
833,"đồng thời , lý thuyết tóm gọn thầy đưa lại cho em sự tò mò và thực hành ngay trên lớp giúp em hiểu được sâu hơn .",positive,kinh_nghiem
834,dạy có tâm .,positive,hanh_vi
835,thầy nghỉ quá nhiều .,negative,hanh_vi
836,cần nhiệt huyết hơn nữa .,negative,hanh_vi
836,cần nhiệt huyết hơn nữa .,neutral,de_xuat
837,cô tạo nhiều cơ hội cho sinh viên tham quan nhiều chuyến đi thực tế rất hữu ích .,positive,kinh_nghiem
838,hay giúp đỡ sinh viên .,positive,hanh_vi
839,"giảng viên nhiệt tình , bài tập đa dạng , hướng dẫn đầy đủ .",positive,hanh_vi
839,"giảng viên nhiệt tình , bài tập đa dạng , hướng dẫn đầy đủ .",positive,bai_tap
839,"giảng viên nhiệt tình , bài tập đa dạng , hướng dẫn đầy đủ .",positive,cung_cap_tai_lieu
840,cũng bình thường .,neutral,noi_chung
841,kiến thức thầy cao siêu .,positive,kien_thuc
842,rất thích cô .,positive,hanh_vi
843,thầy cũng theo sát sinh viên để nghe sinh viên báo cáo tới tận cuối giờ .,positive,hanh_vi
844,"nên có thêm nhiều tài liệu học tập , bộ môn này rất ít tài liệu tam khảo trên mạng .",negative,cung_cap_tai_lieu
844,"nên có thêm nhiều tài liệu học tập , bộ môn này rất ít tài liệu tam khảo trên mạng .",neutral,de_xuat
845,giáo viên hướng dẫn tận hình .,positive,ky_nang_giang_day
845,giáo viên hướng dẫn tận hình .,positive,hanh_vi
846,"cô cần thay đổi phương pháp dạy sao cho sinh viên thấy thích thú với những gì cô dạy , cần lấy ví dụ nhiều hơn để sinh viên có thể hiểu rõ bản chất của mọi vấn đề .",negative,ky_nang_giang_day
846,"cô cần thay đổi phương pháp dạy sao cho sinh viên thấy thích thú với những gì cô dạy , cần lấy ví dụ nhiều hơn để sinh viên có thể hiểu rõ bản chất của mọi vấn đề .",neutral,de_xuat
847,làm một sinh viên như em không thể đủ nhận thức .,negative,noi_chung
848,chú trọng vào việc giải bài tập hơn là củng cố phương pháp học tập của sinh viên .,negative,ky_nang_giang_day
848,chú trọng vào việc giải bài tập hơn là củng cố phương pháp học tập của sinh viên .,negative,bai_tap
849,không lan man .,neutral,noi_chung
850,khả năng truyền đạt dễ hiểu .,positive,ky_nang_giang_day
851,cô xinh quá .,positive,noi_chung
852,cần trang bị thiết bị thực hành hiện đại hơn .,negative,thiet_bi_day_hoc
852,cần trang bị thiết bị thực hành hiện đại hơn .,negative,de_xuat
853,thầy dạy tốt .,positive,ky_nang_giang_day
854,tận tình với học sinh .,positive,hanh_vi
855,"giáo viên cần chỉ dẫn kỹ hơn phần thực hành kể cả ở lớp và thực hành , nên nhắc nhở dám sát sinh viên , để trách cho sinh viên hay ngoại trong mặt này .",negative,ky_nang_giang_day
855,"giáo viên cần chỉ dẫn kỹ hơn phần thực hành kể cả ở lớp và thực hành , nên nhắc nhở dám sát sinh viên , để trách cho sinh viên hay ngoại trong mặt này .",negative,hanh_vi
855,"giáo viên cần chỉ dẫn kỹ hơn phần thực hành kể cả ở lớp và thực hành , nên nhắc nhở dám sát sinh viên , để trách cho sinh viên hay ngoại trong mặt này .",positive,de_xuat
856,hay kêu tên sinh viên lên bảng giải bài tập .,negative,ky_nang_giang_day
857,mô học cung cấp kiến thức mơ hồ lắm .,negative,kien_thuc
858,"giảng dạy hết mình cho sinh viên , giúp đỡ sinh viên trong quá trình học tập .",positive,ky_nang_giang_day
858,"giảng dạy hết mình cho sinh viên , giúp đỡ sinh viên trong quá trình học tập .",positive,hanh_vi
859,"thầy thoải mái , thân thiện .",positive,hanh_vi
860,"có những chỉ dẫn cụ thể cùng với những phương pháp mới , nhanh gọn .",positive,ky_nang_giang_day
861,giảng viên lý thuyết dạy kỹ càng .,positive,ky_nang_giang_day
862,"giảng dạy nhiệt tình , thường xuyên giúp đỡ sinh viên .",positive,hanh_vi
863,giảng viên nhiệt tình giúp đỡ sinh viên trong học tập .,positive,hanh_vi
864,thầy lên lớp hay chém gió .,negative,ky_nang_giang_day
864,thầy lên lớp hay chém gió .,negative,hanh_vi
865,giảng viên dạy thực hành cần hướng dẫn những kiến thức bổ sung khi cho sinh viên thực hiện đồ án .,negative,kien_thuc
865,giảng viên dạy thực hành cần hướng dẫn những kiến thức bổ sung khi cho sinh viên thực hiện đồ án .,neutral,de_xuat
866,cô dạy rất kỹ .,positive,ky_nang_giang_day
867,"quan tâm đến sinh viên , thường xuyên hướng dẫn từng sinh viên .",positive,hanh_vi
868,"ví dụ , dẫn chứng cụ thể sinh động liên kết bài học .",positive,ky_nang_giang_day
869,rèn luyện kỹ năng nghe cho sinh viên .,neutral,ky_nang_giang_day
870,cô rất tận tâm và nhiệt tình với sinh viên .,positive,hanh_vi
871,"thầy cần quyết đoán hơn , chuẩn bị kỹ tài liệu và dạy nhanh , đủ hơn chút .",negative,ky_nang_giang_day
871,"thầy cần quyết đoán hơn , chuẩn bị kỹ tài liệu và dạy nhanh , đủ hơn chút .",negative,hanh_vi
871,"thầy cần quyết đoán hơn , chuẩn bị kỹ tài liệu và dạy nhanh , đủ hơn chút .",negative,cung_cap_tai_lieu
871,"thầy cần quyết đoán hơn , chuẩn bị kỹ tài liệu và dạy nhanh , đủ hơn chút .",positive,de_xuat
872,dụng cụ học tập đầy đủ .,positive,thiet_bi_day_hoc
873,thầy wzjwz140 dạy hay quá trời ước gì được học thầy nữa .,positive,ky_nang_giang_day
874,em có gửi mail thắc mắc thì không thấy trả lời .,negative,hanh_vi
875,đề thi thực hành và lý thuyết nên được trưởng khoa xem qua trước khi cho sinh viên thi để tránh trường hợp vào thi thực hành giáo viên phải sửa lại đề .,negative,de_xuat
876,cần có nhiều giờ thực hành hơn !,negative,kinh_nghiem
876,cần có nhiều giờ thực hành hơn !,positive,de_xuat
877,giảng viên xuất sắc .,positive,ky_nang_giang_day
878,"thầy giảng nhiệt tình , rất hay !",positive,ky_nang_giang_day
878,"thầy giảng nhiệt tình , rất hay !",positive,hanh_vi
879,"giảng viên giảng dễ hiểu , tận tình .",positive,ky_nang_giang_day
879,"giảng viên giảng dễ hiểu , tận tình .",positive,hanh_vi
880,"thầy có những kinh nghiệm và nhận xét quý báu giúp sinh viên trong việc thuyết trình và làm đồ án , giúp sinh viên có kỹ năng sau này .",positive,kinh_nghiem
880,"thầy có những kinh nghiệm và nhận xét quý báu giúp sinh viên trong việc thuyết trình và làm đồ án , giúp sinh viên có kỹ năng sau này .",positive,kien_thuc
881,giáo viên tốt .,positive,hanh_vi
882,điều kiện vật chất chưa được đầy đủ .,negative,thiet_bi_day_hoc
883,còn mốt số ý thầy truyền đạt vẫn còn chưa tốt .,negative,ky_nang_giang_day
884,mong phòng đào tạo cập nhật điểm giữa kỳ nhanh hơn nữa .,negative,cham_diem
884,mong phòng đào tạo cập nhật điểm giữa kỳ nhanh hơn nữa .,positive,de_xuat
885,không rõ .,neutral,noi_chung
886,"nội dung thầy wzjwz191 cung cấp cho sinh viên khá là sâu , ngoài nội dung trong sách , thầy giúp sinh viên mở rộng nội dung bài học qua các ví dụ thực tế của công ty .",positive,kinh_nghiem
886,"nội dung thầy wzjwz191 cung cấp cho sinh viên khá là sâu , ngoài nội dung trong sách , thầy giúp sinh viên mở rộng nội dung bài học qua các ví dụ thực tế của công ty .",positive,kien_thuc
887,giảng viên rất tận tụy và quan tâm sinh viên .,positive,hanh_vi
888,"thời lượng phân bổ thoạt đầu bị thay đổi kiến nhiều sinh viên bức xúc , và em cũng vậy .",negative,chuong_trinh_hoc
889,"giảng dạy nhiệt tình , vui vẻ .",positive,hanh_vi
890,không giao bài tập cho sinh viên luyện tập ở nhà .,negative,bai_tap
891,các buổi thực hành ht2 không thông báo với sinh viên .,negative,hanh_vi
892,"thầy dạy nhiệt tình , vui tính , bài tập tuy cơ bản nhưng rất thâm thúy .",positive,hanh_vi
892,"thầy dạy nhiệt tình , vui tính , bài tập tuy cơ bản nhưng rất thâm thúy .",positive,bai_tap
893,trang thiết bị cần được nâng cấp và cải thiện .,negative,thiet_bi_day_hoc
893,trang thiết bị cần được nâng cấp và cải thiện .,negative,de_xuat
894,"ngược lại , giảng viên thực hành chấm đồ án lại yêu cầu đồ án phải có liên hệ thực tiễn để đạt điểm tối đa .",negative,kinh_nghiem
894,"ngược lại , giảng viên thực hành chấm đồ án lại yêu cầu đồ án phải có liên hệ thực tiễn để đạt điểm tối đa .",negative,cham_diem
895,thầy có kiến thức sâu rộng nên truyền đạt nhiều kiến thức rất hay .,positive,ky_nang_giang_day
895,thầy có kiến thức sâu rộng nên truyền đạt nhiều kiến thức rất hay .,positive,kien_thuc
896,"nhiệt tình , giảng dạy dễ hiểu , vui vẻ .",positive,ky_nang_giang_day
896,"nhiệt tình , giảng dạy dễ hiểu , vui vẻ .",positive,hanh_vi
897,"lớp học thụ động , giảng viên chưa biết cách tạo sự sôi nổi cho sinh viên có hứng học .",negative,ky_nang_giang_day
897,"lớp học thụ động , giảng viên chưa biết cách tạo sự sôi nổi cho sinh viên có hứng học .",negative,hanh_vi
898,hệ thống giảng dạy trên wecode dễ hiểu .,positive,ky_nang_giang_day
899,"giảng dạy nhiệt tình , hiệu quả , tốt .",positive,ky_nang_giang_day
899,"giảng dạy nhiệt tình , hiệu quả , tốt .",positive,hanh_vi
900,phương pháp giảng dạy hay và dễ hiểu .,positive,ky_nang_giang_day
901,"dạy chậm , chiếu thêm slide , thêm bài tập .",negative,ky_nang_giang_day
901,"dạy chậm , chiếu thêm slide , thêm bài tập .",neutral,bai_tap
901,"dạy chậm , chiếu thêm slide , thêm bài tập .",neutral,cung_cap_tai_lieu
901,"dạy chậm , chiếu thêm slide , thêm bài tập .",neutral,de_xuat
902,vì theo em thầy mọi người đi học rất đầy đủ .,neutral,noi_chung
903,"cô rất tận tình , nghiêm khắc trong giờ học .",positive,hanh_vi
904,giáo viên dạy dễ hiểu và các bài thực hành phù hợp với chương trình và cấp độ sinh viên .,positive,ky_nang_giang_day
904,giáo viên dạy dễ hiểu và các bài thực hành phù hợp với chương trình và cấp độ sinh viên .,positive,bai_tap
904,giáo viên dạy dễ hiểu và các bài thực hành phù hợp với chương trình và cấp độ sinh viên .,positive,chuong_trinh_hoc
905,"giảng viên tận tình , hay giúp đỡ sinh viên !",positive,hanh_vi
906,tâm huyết .,positive,hanh_vi
907,cô dạy nhiệt tình .,positive,hanh_vi
908,"nội dung môn học mang tính cập nhật , mới mẻ .",positive,chuong_trinh_hoc
909,cô vui vẻ .,positive,hanh_vi
910,bài thực hành được xây dựng phù hợp với nội dung lý thuyết .,positive,bai_tap
911,cô giảng rất hay .,positive,ky_nang_giang_day
912,quan tâm giúp đỡ sinh viên .,positive,hanh_vi
913,"em nghĩ là cơ sở vật chất của trường còn yếu kém , máy chiếu rất mờ , rất ít khi nhìn rõ được chữ trên slide bài giảng .",negative,thiet_bi_day_hoc
914,"không truyền đạt tốt các kiến thức , rắt mơ hồ và khó áp dụng trong việc thi cử .",negative,ky_nang_giang_day
914,"không truyền đạt tốt các kiến thức , rắt mơ hồ và khó áp dụng trong việc thi cử .",negative,kien_thuc
915,thầy dạy rất là chi tiết và tận tâm với sinh viên .,positive,ky_nang_giang_day
915,thầy dạy rất là chi tiết và tận tâm với sinh viên .,positive,hanh_vi
916,mong thầy sẽ lại dạy lớp z một lần nữa !,positive,ky_nang_giang_day
917,"đề thầy ra rất hay và thiết thực với đời sống sinh viên ( bài , game , chat ) .",positive,kinh_nghiem
917,"đề thầy ra rất hay và thiết thực với đời sống sinh viên ( bài , game , chat ) .",positive,bai_tap
918,"thầy lên lớp đúng giờ , bài tập dễ hiểu , giảng dạy thoải mái ít gây nhiều áp lực cho sinh viên .",positive,ky_nang_giang_day
918,"thầy lên lớp đúng giờ , bài tập dễ hiểu , giảng dạy thoải mái ít gây nhiều áp lực cho sinh viên .",positive,hanh_vi
918,"thầy lên lớp đúng giờ , bài tập dễ hiểu , giảng dạy thoải mái ít gây nhiều áp lực cho sinh viên .",positive,bai_tap
919,cô dậy rất nhiệt tình .,positive,hanh_vi
920,nên có đồ án môn học .,neutral,bai_tap
920,nên có đồ án môn học .,positive,de_xuat
921,"nội dung của môn học hiện tại chỉ ở mức lý thuyết khá nhiều , ít thực hành .",negative,kinh_nghiem
921,"nội dung của môn học hiện tại chỉ ở mức lý thuyết khá nhiều , ít thực hành .",negative,chuong_trinh_hoc
922,thầy dạy rất hay và cuốn hút .,positive,ky_nang_giang_day
923,"thầy dạy kỹ , tận tâm , vui tính .",positive,ky_nang_giang_day
923,"thầy dạy kỹ , tận tâm , vui tính .",positive,hanh_vi
924,bài tập nên thiết thực .,neutral,bai_tap
924,bài tập nên thiết thực .,neutral,de_xuat
925,"giảng viên vui tính , hay liên hệ với thực tế giúp cho sinh viên dễ nắm bắt vấn đề .",positive,ky_nang_giang_day
925,"giảng viên vui tính , hay liên hệ với thực tế giúp cho sinh viên dễ nắm bắt vấn đề .",positive,kinh_nghiem
925,"giảng viên vui tính , hay liên hệ với thực tế giúp cho sinh viên dễ nắm bắt vấn đề .",positive,hanh_vi
926,"phương pháp giảng dạy hiệu quả , giúp sinh viên tiếp cận kiến thức mới linh hoạt , nhiệt tình tận tâm giải đáp , trả lời câu hỏi từ sinh viên .",positive,ky_nang_giang_day
926,"phương pháp giảng dạy hiệu quả , giúp sinh viên tiếp cận kiến thức mới linh hoạt , nhiệt tình tận tâm giải đáp , trả lời câu hỏi từ sinh viên .",positive,hanh_vi
927,"dạy chậm kết hợp với bài tập , ví dụ .",neutral,ky_nang_giang_day
927,"dạy chậm kết hợp với bài tập , ví dụ .",neutral,bai_tap
928,thầy dạy rất chi tiết .,positive,ky_nang_giang_day
929,thầy dạy rất dễ hiểu qua các ví dụ thực tế mà thầy demo trên lớp .,positive,ky_nang_giang_day
929,thầy dạy rất dễ hiểu qua các ví dụ thực tế mà thầy demo trên lớp .,positive,kinh_nghiem
930,"phương pháp giảng dạy phù hợp , lôi cuốn vào bài học .",positive,ky_nang_giang_day
931,học được rất nhiều kiến thức từ thầy .,positive,kien_thuc
932,thầy rất teen và cập nhật từ ngữ teen rất nhanh .,positive,ky_nang_giang_day
933,ít khi trình bày trọn vẹn .,neutral,noi_chung
934,"máy chiếu rất mờ , ngồi học lớp 100 người những bạn ngồi cuối hoàn toàn không thấy slide .",negative,thiet_bi_day_hoc
935,thầy giảng có tâm huyết và thân thiện .,positive,hanh_vi
936,giảng viên dạy rất tận tâm và giảng bài hay dễ hiểu .,positive,ky_nang_giang_day
936,giảng viên dạy rất tận tâm và giảng bài hay dễ hiểu .,positive,hanh_vi
937,giảng viên rất giỏi .,positive,ky_nang_giang_day
938,giảng viên đến đúng giờ và luôn điểm danh sau đó khoảng 5 phút .,positive,hanh_vi
939,giảng bài dễ hiểu .,positive,ky_nang_giang_day
940,"thầy nói to , rõ .",positive,ky_nang_giang_day
941,giáo viên cần tham khảo khung chương trình của khoa trước khi ra bài tập .,negative,bai_tap
941,giáo viên cần tham khảo khung chương trình của khoa trước khi ra bài tập .,negative,chuong_trinh_hoc
941,giáo viên cần tham khảo khung chương trình của khoa trước khi ra bài tập .,neutral,de_xuat
942,"quan tâm đến sinh viên rất nhiều , có bày nhiều trò chơi hỗ trợ giảng dạy .",positive,ky_nang_giang_day
942,"quan tâm đến sinh viên rất nhiều , có bày nhiều trò chơi hỗ trợ giảng dạy .",positive,hanh_vi
943,giảng viên có khả năng truyền đạt .,positive,ky_nang_giang_day
944,cô nên sắp xếp lịch làm việc chính xác hơn .,neutral,de_xuat
945,"phòng học số lượng sinh viên nhiều , nhưng chỉ có quạt trần , cần trang bị thêm máy lạnh .",negative,thiet_bi_day_hoc
945,"phòng học số lượng sinh viên nhiều , nhưng chỉ có quạt trần , cần trang bị thêm máy lạnh .",negative,de_xuat
946,"thiết bị và dụng cụ thí nghiệm tại phòng lab còn nhiều hạn chê , hư hỏng nhiều , không đáp ứng được nội dung thực hành .",negative,thiet_bi_day_hoc
947,em mong thầy sẽ chỉ bảo cho các lớp sau nhiều hơn về vấn đề này .,neutral,ky_nang_giang_day
947,em mong thầy sẽ chỉ bảo cho các lớp sau nhiều hơn về vấn đề này .,neutral,de_xuat
948,thầy giảng khó hiểu .,negative,ky_nang_giang_day
949,"em nghĩ môn này rất khó , nên cần có cách học riêng .",negative,chuong_trinh_hoc
949,"em nghĩ môn này rất khó , nên cần có cách học riêng .",neutral,de_xuat
950,được làm seminar nên sinh viên nghiên cứu nhiều hơn .,positive,chuong_trinh_hoc
951,"thầy dạy khá hay và dễ hiểu , thầy vui tính , em rất hài lòng về môn học do thầy wzjwz116 dạy , em xin cảm ơn .",positive,ky_nang_giang_day
951,"thầy dạy khá hay và dễ hiểu , thầy vui tính , em rất hài lòng về môn học do thầy wzjwz116 dạy , em xin cảm ơn .",positive,hanh_vi
952,cô giảng lý thuyết còn quá chi là khó hiểu ạ .,negative,ky_nang_giang_day
953,có ví dụ và bài tập nhỏ hàng tuần để nắm vững kiến thức hơn .,positive,bai_tap
954,giảng viên giảng nhiệt tình .,positive,hanh_vi
955,đề thi cuối kỳ quá khó và cấu trúc đề quá kỳ lạ .,negative,cham_diem
956,bài học rất có ích .,positive,kien_thuc
957,giảng viên liên hệ nhiều đến thực tế .,positive,kinh_nghiem
958,giảng viên vui vẻ hòa đồng với sinh viên .,positive,hanh_vi
959,còn một vài chỗ cô dạy hơi khó hiểu nhưng cô không giải thích kỹ lắm .,negative,ky_nang_giang_day
960,"thầy giảng chi tiết , có hướng dẫn thêm kiến thức phong phú .",positive,ky_nang_giang_day
960,"thầy giảng chi tiết , có hướng dẫn thêm kiến thức phong phú .",positive,kien_thuc
961,"thầy dạy dễ hiểu , bài học hiệu quả , liên hệ thực tiễn .",positive,ky_nang_giang_day
961,"thầy dạy dễ hiểu , bài học hiệu quả , liên hệ thực tiễn .",positive,kinh_nghiem
961,"thầy dạy dễ hiểu , bài học hiệu quả , liên hệ thực tiễn .",positive,kien_thuc
962,"chu đáo , nhiệt tình .",positive,hanh_vi
963,trình bày rất chi tiết .,positive,ky_nang_giang_day
964,"thầy dạy hơi chậm , tạo cảm giác buồn ngủ .",negative,ky_nang_giang_day
965,không tạo được không khí vui vẻ trong lớp .,negative,hanh_vi
966,"giảng nhanh quá , nói quá nhanh , không giúp học sinh hiểu bài .",negative,ky_nang_giang_day
967,có tâm huyết .,positive,hanh_vi
968,luôn sử dụng những ví dụ có tính thực tế .,positive,kinh_nghiem
969,"thầy khá là nhiệt tình trong khi giảng bài , khi sinh viên hỏi bài , giáo viên rất nhiệt tình .",positive,hanh_vi
970,nếu nghỉ nên thông báo với lớp sớm hơn .,neutral,hanh_vi
970,nếu nghỉ nên thông báo với lớp sớm hơn .,neutral,de_xuat
971,"em có thể sử dụng kiến thức đã học để vọc một số trang web , cách dạy và đồ án của thầy thực tế dù thầy có trí tưởng tượng hơi bị phong phú .",positive,kien_thuc
972,nội dung thi khó đối với sinh viên không chuyên .,negative,chuong_trinh_hoc
973,có thêm đồ án mang tính chất sáng tạo .,neutral,bai_tap
973,có thêm đồ án mang tính chất sáng tạo .,positive,de_xuat
974,thực sự thầy sử dụng giời lên lớp chưa hiệu quả .,negative,ky_nang_giang_day
975,giảng viên tận tâm với sinh viên .,positive,hanh_vi
976,sự nghiêm khắc của thầy trong công tác giảng dạy giúp sinh viên có thêm động lực học .,positive,hanh_vi
977,thầy tuy nghiêm khắc nhưng đi với thầy cả một học kỳ mới biết thầy rất thương sinh viên và muốn tốt cho tui em .,positive,hanh_vi
978,tổ chức các trò chơi để vận dụng các kiến thức vừa học .,positive,ky_nang_giang_day
979,em rất thích cách dạy của thầy vì nó bám sát thực tế .,positive,ky_nang_giang_day
979,em rất thích cách dạy của thầy vì nó bám sát thực tế .,positive,kinh_nghiem
980,"cô dạy rất tận tâm và nhiệt huyết , tận tình chỉ bảo , dạy chậm và ôn lại kiến thức .",positive,ky_nang_giang_day
980,"cô dạy rất tận tâm và nhiệt huyết , tận tình chỉ bảo , dạy chậm và ôn lại kiến thức .",positive,hanh_vi
981,"cô truyền dạy kiến thức dễ hiểu , tận tình , thân thiện với học sinh và giúp đỡ học sinh tận tình !",positive,ky_nang_giang_day
981,"cô truyền dạy kiến thức dễ hiểu , tận tình , thân thiện với học sinh và giúp đỡ học sinh tận tình !",positive,hanh_vi
981,"cô truyền dạy kiến thức dễ hiểu , tận tình , thân thiện với học sinh và giúp đỡ học sinh tận tình !",positive,kien_thuc
982,thường đến lớp trễ .,negative,hanh_vi
983,"lượng kiến thức thì đòi hỏi quá cao , đề thi cũng khó .",negative,kien_thuc
984,thầy dạy kiến thức khá đầy đủ và thường cho bài tập nâng cao bổ sung thêm những kiến thức mới cho học sinh .,positive,bai_tap
984,thầy dạy kiến thức khá đầy đủ và thường cho bài tập nâng cao bổ sung thêm những kiến thức mới cho học sinh .,positive,kien_thuc
985,quan tâm học sinh .,positive,hanh_vi
986,giảng viên dạy toàn bộ bằng slide tiếng anh khiến sinh viên cảm thấy ngợp và khó hiểu được vấn đề cũng như hiểu được kỹ từng bài học .,negative,ky_nang_giang_day
986,giảng viên dạy toàn bộ bằng slide tiếng anh khiến sinh viên cảm thấy ngợp và khó hiểu được vấn đề cũng như hiểu được kỹ từng bài học .,negative,cung_cap_tai_lieu
987,cô rất nhiệt tình giảng dạy .,positive,hanh_vi
988,cô nên up một lần hết các file bài học để tụi em tiện đi in ạ .,neutral,cung_cap_tai_lieu
988,cô nên up một lần hết các file bài học để tụi em tiện đi in ạ .,positive,de_xuat
989,"sách giáo khoa wrede dan murray không dễ học , còn nhiều sai sót và các trình bày khó hiểu .",negative,cung_cap_tai_lieu
990,cần nhiều tài liệu về môn học này .,negative,cung_cap_tai_lieu
990,cần nhiều tài liệu về môn học này .,positive,de_xuat
991,cô wzjwz106 hay cho nghỉ .,neutral,de_xuat
992,giáo viên giảng dạy tốt nhiệt tình .,positive,ky_nang_giang_day
992,giáo viên giảng dạy tốt nhiệt tình .,positive,hanh_vi
993,cần sửa thêm bài tập trên lớp .,negative,bai_tap
993,cần sửa thêm bài tập trên lớp .,neutral,de_xuat
994,"thầy dạy rất hay , tận tận tâm nhiệt tình , luôn tạo hứng thú cho sinh viên .",positive,ky_nang_giang_day
994,"thầy dạy rất hay , tận tận tâm nhiệt tình , luôn tạo hứng thú cho sinh viên .",positive,hanh_vi
995,"ngoài copy và paste ra , giảng viên không hướng dẫn gì thêm .",negative,ky_nang_giang_day
996,nên thêm giờ học thực hành trên lớp nếu có thể .,neutral,chuong_trinh_hoc
996,nên thêm giờ học thực hành trên lớp nếu có thể .,neutral,de_xuat
997,"hình thức thực hành mới lạ , thu hút .",positive,kinh_nghiem
998,giảng viên dạy lôi cuốn .,positive,ky_nang_giang_day
999,"chúng em là sinh viên năm nhất , và chúng em vẫn chưa đủ khả năng để làm ra những sản phẩm của riêng mình , chúng em học "" giới thiệu ngành "" vì mục đích định hướng , chúng em tìm hiểu về hệ thống nhúng vì mục đích xem mình có nên theo ngành đó hay không , và chúng em nói theo cách mình hiểu và tiếp cận được từ các nguồn thông tin .",neutral,noi_chung
1000,phong cách dạy thu hút .,positive,ky_nang_giang_day
1001,"giảng viên dạy nhiệt tình , giảng dễ hiểu .",positive,ky_nang_giang_day
1002,"đảm bảo kiến thức và thời gian dạy , tận tâm chỉ dạy cho sinh viên !",positive,ky_nang_giang_day
1002,"đảm bảo kiến thức và thời gian dạy , tận tâm chỉ dạy cho sinh viên !",positive,hanh_vi
1002,"đảm bảo kiến thức và thời gian dạy , tận tâm chỉ dạy cho sinh viên !",positive,kien_thuc
1003,"giáo viên nhiệt tình , dạy đúng kiến thức , có thực tiễn .",positive,kinh_nghiem
1003,"giáo viên nhiệt tình , dạy đúng kiến thức , có thực tiễn .",positive,hanh_vi
1003,"giáo viên nhiệt tình , dạy đúng kiến thức , có thực tiễn .",positive,kien_thuc
1004,giảng viên lên lớp đúng giờ .,positive,hanh_vi
1005,"thầy rất hiền , tận tâm .",positive,hanh_vi
1006,thầy có tâm lắm colonsmile .,positive,hanh_vi
1007,"chữ viết hơi nhỏ , ít khi dùng máy chiếu .",negative,thiet_bi_day_hoc
1008,nhiều lúc nhìn thầy hơi dữ t_t .,negative,hanh_vi
1009,không ý kiến vì chất lượng môn học tốt .,positive,chuong_trinh_hoc
1010,"giáo viên chưa quan tâm nhắc nhở sinh viên làm bài trên lớp , sinh viên chỉ xem tài liệu thực hành và tự làm .",negative,hanh_vi
1010,"giáo viên chưa quan tâm nhắc nhở sinh viên làm bài trên lớp , sinh viên chỉ xem tài liệu thực hành và tự làm .",negative,bai_tap
1011,"thầy rất là công bằng , em thật sự rất kính trọng thầy vì những điều thầy đã làm cho các bạn sinh viên chơi thân với thầy .",positive,hanh_vi
1011,"thầy rất là công bằng , em thật sự rất kính trọng thầy vì những điều thầy đã làm cho các bạn sinh viên chơi thân với thầy .",positive,cham_diem
1012,"thầy hơi khắc khe , nhưng đây không ghép hoàn toàn vào mục này .",negative,hanh_vi
1013,"nhiều khi em thấy giảng viên dạy trên lớp có những kiến thức còn là lý thuyết quá nhiều , xa rời thực tế .",negative,kinh_nghiem
1013,"nhiều khi em thấy giảng viên dạy trên lớp có những kiến thức còn là lý thuyết quá nhiều , xa rời thực tế .",negative,kien_thuc
1014,tài liệu còn thiếu chủ yếu sinh viên phải tự tìm .,negative,cung_cap_tai_lieu
1015,giảng dạy nhiệt tình !,positive,hanh_vi
1016,"hi vọng thầy có thể dạy cho chúng em về c kỹ càng hơn , thay vì dạy về c , để chúng em có thể hiểu được bản chất của lập trình , giúp cho chúng em đi lên từ nền tảng vững chắc .",negative,ky_nang_giang_day
1016,"hi vọng thầy có thể dạy cho chúng em về c kỹ càng hơn , thay vì dạy về c , để chúng em có thể hiểu được bản chất của lập trình , giúp cho chúng em đi lên từ nền tảng vững chắc .",negative,kien_thuc
1016,"hi vọng thầy có thể dạy cho chúng em về c kỹ càng hơn , thay vì dạy về c , để chúng em có thể hiểu được bản chất của lập trình , giúp cho chúng em đi lên từ nền tảng vững chắc .",neutral,de_xuat
1017,nên tăng các chương trình ngoại khóa .,neutral,de_xuat
1018,tiết cuối thầy ôn bài mà không cho đề mẫu cuối kỳ .,negative,hanh_vi
1018,tiết cuối thầy ôn bài mà không cho đề mẫu cuối kỳ .,neutral,de_xuat
1019,"sự tận tâm , nhiệt tình của giảng viên giúp truyền đạt kỹ năng , kiến thức một cách tốt nhất .",positive,ky_nang_giang_day
1019,"sự tận tâm , nhiệt tình của giảng viên giúp truyền đạt kỹ năng , kiến thức một cách tốt nhất .",positive,hanh_vi
1019,"sự tận tâm , nhiệt tình của giảng viên giúp truyền đạt kỹ năng , kiến thức một cách tốt nhất .",positive,kien_thuc
1020,nên tăng hiệu suất của máy .,negative,thiet_bi_day_hoc
1020,nên tăng hiệu suất của máy .,positive,de_xuat
1021,"giảng dạy nhiệt tình , tạo sự hứng thú cho sinh viên học tập .",positive,ky_nang_giang_day
1021,"giảng dạy nhiệt tình , tạo sự hứng thú cho sinh viên học tập .",positive,hanh_vi
1022,"phòng lab được trang bị những máy tính cấu hình thấp không đảm bảo được nhu cầu thực hành của sinh viên khoa wzjwz46 , chất lượng mạng kém , có nhiều dây mạng không thể truy cập internet .",negative,thiet_bi_day_hoc
1023,"thầy rất tận tâm , đến từng bàn để chỉ dẫn !",positive,hanh_vi
1024,"luôn hướng dẫn tận tình sinh viên đi đúng lộ trình , tuy thời gian đầu hơi khó hiểu vì toàn bộ bài giảng của thầy được viết bằng tiếng anh .",negative,ky_nang_giang_day
1024,"luôn hướng dẫn tận tình sinh viên đi đúng lộ trình , tuy thời gian đầu hơi khó hiểu vì toàn bộ bài giảng của thầy được viết bằng tiếng anh .",positive,hanh_vi
1025,"slide bài giảng tốt , giảng viên giải đáp vấn đề tốt .",positive,hanh_vi
1025,"slide bài giảng tốt , giảng viên giải đáp vấn đề tốt .",positive,cung_cap_tai_lieu
1026,giảng viên dạy rất kỹ lưỡng .,positive,ky_nang_giang_day
1027,"học kỳ này em học lại môn game , và giờ của thời khoá biểu là tiết 1 - 2 ngày thứ 4 thế nhưng em không hiểu lý do gì lại chuyển sang thứ 7 vào tiết 6 - 7 và em bị kẹt giờ học anh văn bên ngoài nên không học được .",negative,chuong_trinh_hoc
1028,lượng kiến thức giảng dạy chưa được chuẩn bị kỹ càng .,negative,kien_thuc
1029,"cần đảm bảo thời lượng của môn học , lịch học thông báo nghĩ quá nhiều trong khi sắp xếp lịch học bù không hợp lý ảnh hưởng lớn đến kiến thức của sinh viên , công việc của sinh viên .",negative,kien_thuc
1029,"cần đảm bảo thời lượng của môn học , lịch học thông báo nghĩ quá nhiều trong khi sắp xếp lịch học bù không hợp lý ảnh hưởng lớn đến kiến thức của sinh viên , công việc của sinh viên .",negative,chuong_trinh_hoc
1029,"cần đảm bảo thời lượng của môn học , lịch học thông báo nghĩ quá nhiều trong khi sắp xếp lịch học bù không hợp lý ảnh hưởng lớn đến kiến thức của sinh viên , công việc của sinh viên .",negative,de_xuat
1030,nội dung môn học em nghĩ là rộng quá ạ .,negative,chuong_trinh_hoc
1031,em nghĩ sẽ hiệu quả hơn nhiều .,neutral,noi_chung
1032,"theo em , nên có thêm mục bài tập nộp qua moodle sau mỗi lần học trên lớp hay có bài tập mới , tài liệu nên được bổ sung nhiều hơn cho sinh viên .",neutral,bai_tap
1032,"theo em , nên có thêm mục bài tập nộp qua moodle sau mỗi lần học trên lớp hay có bài tập mới , tài liệu nên được bổ sung nhiều hơn cho sinh viên .",neutral,cung_cap_tai_lieu
1032,"theo em , nên có thêm mục bài tập nộp qua moodle sau mỗi lần học trên lớp hay có bài tập mới , tài liệu nên được bổ sung nhiều hơn cho sinh viên .",positive,de_xuat
1033,"lớp thụ động , nhàm chán .",negative,ky_nang_giang_day
1034,"nói nhanh , lưu lát , đủ thông tin .",negative,ky_nang_giang_day
1035,"giảng viên dạy nhiệt tình , kiến thức truyền đạt cho sinh viên gần với thực tế cuộc sống , phản ánh đời sống xã hội , slide dễ hiểu , giảng viên hài hước .",positive,ky_nang_giang_day
1035,"giảng viên dạy nhiệt tình , kiến thức truyền đạt cho sinh viên gần với thực tế cuộc sống , phản ánh đời sống xã hội , slide dễ hiểu , giảng viên hài hước .",positive,hanh_vi
1035,"giảng viên dạy nhiệt tình , kiến thức truyền đạt cho sinh viên gần với thực tế cuộc sống , phản ánh đời sống xã hội , slide dễ hiểu , giảng viên hài hước .",positive,cung_cap_tai_lieu
1035,"giảng viên dạy nhiệt tình , kiến thức truyền đạt cho sinh viên gần với thực tế cuộc sống , phản ánh đời sống xã hội , slide dễ hiểu , giảng viên hài hước .",positive,kien_thuc
1036,4 tiết liên tục không tập trung được phần cuối giờ .,negative,ky_nang_giang_day
1037,"nhiệt tình , nhanh nhẹn , thân thiện .",positive,hanh_vi
1038,giáo viên rất tận tâm .,positive,hanh_vi
1039,đặt cái tôi quá lớn khi nói chuyện với sinh viên .,negative,hanh_vi
1040,hầu như bữa nào cũng over time .,negative,noi_chung
1041,"cô rất nhiệt tình , tận tâm .",positive,hanh_vi
1042,cô nhiệt huyết trong việc rèn cho sinh viên làm nhiều và tự nghiên cứu nhiều điều này giúp sinh viên có khả năng tự học tự nghiên cứu .,positive,hanh_vi
1043,"vui vẻ , giờ học vui .",positive,hanh_vi
1044,thầy dạy rất dễ hiểu và nhiệt tình .,positive,ky_nang_giang_day
1044,thầy dạy rất dễ hiểu và nhiệt tình .,positive,hanh_vi
1045,"thầy tận tâm , gần gũi với sinh viên .",positive,hanh_vi
1046,rất chi tiết và dễ hiểu .,positive,ky_nang_giang_day
1047,thầy dạy còn hơi khó hiểu .,negative,ky_nang_giang_day
1048,"thầy wzjwz201 dạy nhiệt tình , giảng dễ hiểu .",positive,ky_nang_giang_day
1048,"thầy wzjwz201 dạy nhiệt tình , giảng dễ hiểu .",positive,hanh_vi
1049,cải thiện chất lượng phòng máy và kết nối mạng .,negative,thiet_bi_day_hoc
1049,cải thiện chất lượng phòng máy và kết nối mạng .,neutral,de_xuat
1050,thầy nên cho bài tập về nhà và sửa bài tập trên lớp để tăng tính tương tác .,neutral,bai_tap
1050,thầy nên cho bài tập về nhà và sửa bài tập trên lớp để tăng tính tương tác .,neutral,de_xuat
1051,"thầy nhiệt tình , thân thiện .",positive,hanh_vi
1052,luôn tạo cảm giác hứng thú học cho sinh viên để tiếp thu bài .,positive,ky_nang_giang_day
1052,luôn tạo cảm giác hứng thú học cho sinh viên để tiếp thu bài .,positive,hanh_vi
1053,cô dạy rất hay và nhiệt tình .,positive,ky_nang_giang_day
1053,cô dạy rất hay và nhiệt tình .,positive,hanh_vi
1054,"nội dung học chất lượng nhưng khá đơn giản , thầy sử dụng giờ trên lớp không hiệu quả , chủ yếu thầy vào lớp cho bài tập , giảng một xíu rồi ngồi đó , còn sinh viên giải bài tập tới cuối giờ , dù làm bài tập tới tuần cuối môn học nhưng vẫn không biết kết quả các bài tập mình từng làm là đúng hay sai vì thầy không công bố kết quả để cho thấy được sự sai sót của mình , dẫn đến trước khi thi các sinh viên có sự phân hoá về cách giải bài tập , không thống nhất .",negative,ky_nang_giang_day
1054,"nội dung học chất lượng nhưng khá đơn giản , thầy sử dụng giờ trên lớp không hiệu quả , chủ yếu thầy vào lớp cho bài tập , giảng một xíu rồi ngồi đó , còn sinh viên giải bài tập tới cuối giờ , dù làm bài tập tới tuần cuối môn học nhưng vẫn không biết kết quả các bài tập mình từng làm là đúng hay sai vì thầy không công bố kết quả để cho thấy được sự sai sót của mình , dẫn đến trước khi thi các sinh viên có sự phân hoá về cách giải bài tập , không thống nhất .",negative,hanh_vi
1054,"nội dung học chất lượng nhưng khá đơn giản , thầy sử dụng giờ trên lớp không hiệu quả , chủ yếu thầy vào lớp cho bài tập , giảng một xíu rồi ngồi đó , còn sinh viên giải bài tập tới cuối giờ , dù làm bài tập tới tuần cuối môn học nhưng vẫn không biết kết quả các bài tập mình từng làm là đúng hay sai vì thầy không công bố kết quả để cho thấy được sự sai sót của mình , dẫn đến trước khi thi các sinh viên có sự phân hoá về cách giải bài tập , không thống nhất .",negative,bai_tap
1054,"nội dung học chất lượng nhưng khá đơn giản , thầy sử dụng giờ trên lớp không hiệu quả , chủ yếu thầy vào lớp cho bài tập , giảng một xíu rồi ngồi đó , còn sinh viên giải bài tập tới cuối giờ , dù làm bài tập tới tuần cuối môn học nhưng vẫn không biết kết quả các bài tập mình từng làm là đúng hay sai vì thầy không công bố kết quả để cho thấy được sự sai sót của mình , dẫn đến trước khi thi các sinh viên có sự phân hoá về cách giải bài tập , không thống nhất .",negative,cham_diem
1054,"nội dung học chất lượng nhưng khá đơn giản , thầy sử dụng giờ trên lớp không hiệu quả , chủ yếu thầy vào lớp cho bài tập , giảng một xíu rồi ngồi đó , còn sinh viên giải bài tập tới cuối giờ , dù làm bài tập tới tuần cuối môn học nhưng vẫn không biết kết quả các bài tập mình từng làm là đúng hay sai vì thầy không công bố kết quả để cho thấy được sự sai sót của mình , dẫn đến trước khi thi các sinh viên có sự phân hoá về cách giải bài tập , không thống nhất .",positive,kien_thuc
1055,"không sửa bài tập thực hành , chỉ cho sinh viên làm rồi nộp trên courses .",negative,bai_tap
1055,"không sửa bài tập thực hành , chỉ cho sinh viên làm rồi nộp trên courses .",negative,cham_diem
1056,"cô rất nhiệt tình , giảng bài rất dễ hiểu .",positive,ky_nang_giang_day
1056,"cô rất nhiệt tình , giảng bài rất dễ hiểu .",positive,hanh_vi
1057,thầy rất tận tình trên lớp và trong định hướng cho sinh viên .,positive,hanh_vi
1058,thầy dạy rất hay và rất nhiệt tình điểm danh .,positive,ky_nang_giang_day
1058,thầy dạy rất hay và rất nhiệt tình điểm danh .,positive,hanh_vi
1059,chiếu video lên cho sinh viên xem nhưng hệ thống âm thanh hình ảnh kém khiến sinh viên không hiểu hết được nội dung của video vào môn học .,negative,thiet_bi_day_hoc
1060,"về thời gian học doubledot thường xuyên nghỉ dạy không báo trước , sinh viên lên tới lớp mới có thông báo nghỉ .",negative,hanh_vi
1060,"về thời gian học doubledot thường xuyên nghỉ dạy không báo trước , sinh viên lên tới lớp mới có thông báo nghỉ .",negative,chuong_trinh_hoc
1061,nghỉ quá nhiều .,negative,ky_nang_giang_day
1062,cô giảng dễ hiểu và rất nhiệt tình .,positive,ky_nang_giang_day
1062,cô giảng dễ hiểu và rất nhiệt tình .,positive,hanh_vi
1063,"thầy rất nhiệt tình và kiến thức rất phong phú , có hệ thống lại kiến thức mỗi buổi .",positive,hanh_vi
1063,"thầy rất nhiệt tình và kiến thức rất phong phú , có hệ thống lại kiến thức mỗi buổi .",positive,kien_thuc
1064,thầy dạy như đúng rồi .,positive,ky_nang_giang_day
1065,dạy bài hơi nhanh khó hiểu .,negative,ky_nang_giang_day
1066,"tiết học có chút chán , có chút khó tiếp thu .",negative,ky_nang_giang_day
1067,giảng viên chỉ đứng lớp và điểm danh .,negative,hanh_vi
1068,thầy đảm bảo phần kiến thức truyền đạt .,positive,ky_nang_giang_day
1069,"thầy dạy nhanh , sinh viên không hiểu bài cho lắm .",negative,ky_nang_giang_day
1070,"bài giảng được giảng viên chuẩn bị rất kỹ , chu đáo và luôn có sự cập nhật kịp thời .",positive,ky_nang_giang_day
1070,"bài giảng được giảng viên chuẩn bị rất kỹ , chu đáo và luôn có sự cập nhật kịp thời .",positive,kien_thuc
1071,thầy đảm bảo tốt về giờ lên lớp .,positive,hanh_vi
1072,"dạy đầy đủ kiến thức , hỗ trợ sinh viên tốt .",positive,hanh_vi
1072,"dạy đầy đủ kiến thức , hỗ trợ sinh viên tốt .",positive,kien_thuc
1073,lượng kiến thức này không chắc chắn là sau khi ra trường có thể vận dụng thực tiễn .,negative,kien_thuc
1074,cần ví dụ và chương trình thực tế nhiều hơn .,negative,kinh_nghiem
1074,cần ví dụ và chương trình thực tế nhiều hơn .,neutral,de_xuat
1075,"nhiệt tình , giúp đỡ sinh viên , lên lớp đúng giờ .",positive,hanh_vi
1076,thầy khá tận tâm và nhiệt thành .,positive,hanh_vi
1077,thầy em học chính trị đầu tiên thấy phê nhất .,positive,hanh_vi
1078,"cô dạy rất nhiệt tình , tận tâm chỉ bảo cho sinh viên .",positive,hanh_vi
1079,"thứ nhất , môn mạch số quá "" hiếm "" tài liệu tham khảo ngay cả khi em tìm từ các nguồn trên internet , slide bài giảng thầy đưa ra không thể nào đáp ứng được khả năng tự nghiên cứu , tự học để rồi ứng dụng làm các bài tập mà thầy cho cuối cùng là làm các bài kiểm tra đánh giá .",negative,cung_cap_tai_lieu
1080,cho những ví dụ dễ hiểu và cụ thể .,positive,kinh_nghiem
1081,"giảng viên dạy rất hay , có nhiều bài tập để củng cố kiến thức .",positive,ky_nang_giang_day
1081,"giảng viên dạy rất hay , có nhiều bài tập để củng cố kiến thức .",positive,bai_tap
1082,lỗi không phải là của giảng viên hay bọn em nhưng em nghĩ trước khi đưa ra lịch học thì nên làm khảo sát buổi học có nhiều sinh viên đi học nhất thì hãy dạy .,neutral,chuong_trinh_hoc
1082,lỗi không phải là của giảng viên hay bọn em nhưng em nghĩ trước khi đưa ra lịch học thì nên làm khảo sát buổi học có nhiều sinh viên đi học nhất thì hãy dạy .,neutral,de_xuat
1083,"cô dẽ thương , dạy nhiệt tình , vui vẻ với sinh viên , giảng dễ hiểu , đi dạy đúng giờ .",positive,ky_nang_giang_day
1083,"cô dẽ thương , dạy nhiệt tình , vui vẻ với sinh viên , giảng dễ hiểu , đi dạy đúng giờ .",positive,hanh_vi
1084,"giảng viên nhiệt tình , tận tâm đối với sinh viên .",positive,hanh_vi
1085,không ôn tập cũng như cho cấu trúc đề thi .,negative,noi_chung
1086,"đầu học kỳ , giảng viên có thông báo cuối kỳ sẽ làm đồ án , nhưng đến giờ sắp cuối kỳ rồi mà không hề có thông tin gì về đề tài của đồ án cuối kỳ .",negative,bai_tap
1087,cho nghỉ thường xuyên mà không thông báo trước làm mất thời gian đi lại của sinh viên .,negative,hanh_vi
1088,phòng lab chưa được cải thiện .,negative,thiet_bi_day_hoc
1089,"kết nối sinh viên với nhau tốt , giảng dễ hiểu .",positive,ky_nang_giang_day
1089,"kết nối sinh viên với nhau tốt , giảng dễ hiểu .",positive,hanh_vi
1090,môn học còn nhàm chán .,negative,chuong_trinh_hoc
1091,thời gian lâu như vậy ảnh hưởng rất nhiều đến chất lượng học tập .,negative,chuong_trinh_hoc
1092,thầy tận tâm giải bài và giảng bài .,positive,ky_nang_giang_day
1092,thầy tận tâm giải bài và giảng bài .,positive,hanh_vi
1093,"dạy chi tiết , hay , giúp học sinh nhiều .",positive,ky_nang_giang_day
1094,sẵn sàng trả lời mọi thắc mắc của sinh viên .,positive,hanh_vi
1095,phải nói là hiểu biết của thầy trong lĩnh vực thương mại điện tử rất rộng .,positive,kien_thuc
1096,"thầy nên tận tâm với sinh viên , lớp .",negative,hanh_vi
1096,"thầy nên tận tâm với sinh viên , lớp .",neutral,de_xuat
1097,phòng thực hành thiếu ổ cắm .,negative,thiet_bi_day_hoc
1098,"thầy giáo nên cho bài tập chạy "" deadline "" hàng tuần .",negative,bai_tap
1098,"thầy giáo nên cho bài tập chạy "" deadline "" hàng tuần .",positive,de_xuat
1099,thầy cô dạy rất hay .,positive,ky_nang_giang_day
1100,giúp đỡ sinh viên trong việc đưa ra những định hướng của tương lai .,positive,hanh_vi
1101,cô rất có tâm với công việc giảng viên của mình .,positive,hanh_vi
1102,cô nói nhanh quá !,negative,ky_nang_giang_day
1103,"phòng học lý thuyết thì kém , nóng , bụi nhiều .",negative,thiet_bi_day_hoc
1104,hiểu tâm lý sinh viên !,positive,ky_nang_giang_day
1105,"nên chú ý cách giảng dạy hợp lý hơn , dễ hiểu hơn .",negative,ky_nang_giang_day
1105,"nên chú ý cách giảng dạy hợp lý hơn , dễ hiểu hơn .",positive,de_xuat
1106,"nhiệt tình , tận tâm giúp đỡ các bạn !",positive,hanh_vi
1107,"cách truyền đạt của giảng viên khó hiểu , như nói trên mây , khó cho sinh viên tiếp cận .",negative,ky_nang_giang_day
1108,"thầy dạy mất quá nhiều giờ , chỉ có 3 tiết nhưng thường dùng tới 5 tiết , ảnh hưởng đến những môn ở tiết 4 5 .",negative,ky_nang_giang_day
1109,giảng viên hết sức tích cực trong việc dạy .,positive,ky_nang_giang_day
1109,giảng viên hết sức tích cực trong việc dạy .,positive,hanh_vi
1110,"giảng viên thân thiện , cởi mở , nhiệt tình .",positive,hanh_vi
1111,"cô nhiệt tình giảng dạy , giờ học có không khí .",positive,hanh_vi
1112,giáo viên giảng dạy rất dễ hiểu lại vui tính nên tiếp thu bài rất nhanh .,positive,ky_nang_giang_day
1112,giáo viên giảng dạy rất dễ hiểu lại vui tính nên tiếp thu bài rất nhanh .,positive,hanh_vi
1113,tăng cường nghe và nói .,neutral,chuong_trinh_hoc
1113,tăng cường nghe và nói .,neutral,de_xuat
1114,ít điểm danh .,neutral,noi_chung
1115,"nhưng thấy viết bài nhiều quá , thay vào đó thầy nên photo tài liệu cho học sinh để tiết kiệm được thời gian .",negative,bai_tap
1115,"nhưng thấy viết bài nhiều quá , thay vào đó thầy nên photo tài liệu cho học sinh để tiết kiệm được thời gian .",positive,de_xuat
1116,gửi mail không bao giờ trả lời .,negative,hanh_vi
1117,"theo như danh sách phòng đào tạo đưa xuống , lớp chỉ có 47 sinh viên theo học nhưng lại được học ở trong giảng đường 2 .",negative,thiet_bi_day_hoc
1118,"thầy rất nhiệt tình , truyền đạt tốt .",positive,ky_nang_giang_day
1118,"thầy rất nhiệt tình , truyền đạt tốt .",positive,hanh_vi
1119,mong các thầy cô sẽ đầu tư hơn vào phần speaking và phần writing nhiều hơn .,neutral,chuong_trinh_hoc
1119,mong các thầy cô sẽ đầu tư hơn vào phần speaking và phần writing nhiều hơn .,neutral,de_xuat
1120,"ngôn ngữ java đã được học từ môn lập trình nhúng , do đó mong thầy dạy kiến thức mới hơn .",negative,kien_thuc
1120,"ngôn ngữ java đã được học từ môn lập trình nhúng , do đó mong thầy dạy kiến thức mới hơn .",neutral,de_xuat
1121,thương học sinh .,positive,hanh_vi
1122,giảng viên giảng khá nhanh .,negative,ky_nang_giang_day
1123,vì môn vậy lý kỹ thuật sinh viên chỉ học để lấy điểm cao kéo điểm trung bình lên thôi .,neutral,cham_diem
1124,hay kể chuyện cho lớp em nghe .,positive,ky_nang_giang_day
1125,cần tài liệu chính thống .,negative,cung_cap_tai_lieu
1125,cần tài liệu chính thống .,neutral,de_xuat
1126,"làm đồ án còn phải thi cuối kỳ lý thuyết , quá nặng đối với sinh viên , vì một kỳ có rất nhiều đồ án .",negative,bai_tap
1126,"làm đồ án còn phải thi cuối kỳ lý thuyết , quá nặng đối với sinh viên , vì một kỳ có rất nhiều đồ án .",negative,chuong_trinh_hoc
1127,thầy luôn thúc giục học sinh cố gắng trong học tập .,positive,hanh_vi
1128,"giáo viên nên đưa tài liệu tham khảo cho sinh viên giống với tài liệu giảng trên lớp , để sinh viên tiện theo dõi và ôn lại kiến thức khi về nhà !",neutral,cung_cap_tai_lieu
1128,"giáo viên nên đưa tài liệu tham khảo cho sinh viên giống với tài liệu giảng trên lớp , để sinh viên tiện theo dõi và ôn lại kiến thức khi về nhà !",positive,de_xuat
1129,không có ý kiến khác .,neutral,noi_chung
1130,"thầy vui tính , tụi em dễ tiếp xúc dễ hỏi .",positive,hanh_vi
1131,cô đẹp quá làm em không chú tâm học được colonsmilesmile .,negative,hanh_vi
1132,"nhiều lúc thầy giảng bài hơi nhỏ , mong thầy cố gắng giảng rõ hơn để sinh viên có thể tiếp thu một cách tốt nhất bài giảng của thầy .",negative,ky_nang_giang_day
1132,"nhiều lúc thầy giảng bài hơi nhỏ , mong thầy cố gắng giảng rõ hơn để sinh viên có thể tiếp thu một cách tốt nhất bài giảng của thầy .",negative,de_xuat
1133,giảng viên dạy hay dễ hiểu .,positive,ky_nang_giang_day
1134,"giáo viên mời doanh nghiệp chỉ dẫn sinh viên lập trình trên một ngôn ngữ mới , nhưng các anh chị bên doanh nghiệp chỉ dẫn quá nhanh nên sinh viên không theo kịp .",negative,ky_nang_giang_day
1135,nên giao nhiều bài tập ngữ pháp về nhà cho sinh viên .,neutral,bai_tap
1135,nên giao nhiều bài tập ngữ pháp về nhà cho sinh viên .,neutral,de_xuat
1136,không đề cương ôn thi cuối kỳ .,negative,cung_cap_tai_lieu
1137,chép bài quá nhiều làm mất thời gian .,negative,bai_tap
1138,rất hài lòng về hoạt động của giảng viên .,positive,hanh_vi
1139,nhiều nội dung bên lề thầy đề cập lặp lại lần trong các buổi học .,negative,ky_nang_giang_day
1140,giảng viên rất tận tâm !,positive,hanh_vi
1141,"thầy giảng dạy nhiệt tình , có liên hệ thực tế .",positive,ky_nang_giang_day
1141,"thầy giảng dạy nhiệt tình , có liên hệ thực tế .",positive,kinh_nghiem
1141,"thầy giảng dạy nhiệt tình , có liên hệ thực tế .",positive,hanh_vi
1142,chưa có điểm thi giữa kỳ .,negative,cham_diem
1143,"thầy ôn kỹ , hay cho bài tập trên moodle , cập nhật file bài giảng , bài tập , bài ôn thường xuyên .",positive,ky_nang_giang_day
1143,"thầy ôn kỹ , hay cho bài tập trên moodle , cập nhật file bài giảng , bài tập , bài ôn thường xuyên .",positive,bai_tap
1143,"thầy ôn kỹ , hay cho bài tập trên moodle , cập nhật file bài giảng , bài tập , bài ôn thường xuyên .",positive,cung_cap_tai_lieu
1144,cung cấp nhiều kiến thức hữu ích chưa được học trong lớp .,positive,kien_thuc
1144,cung cấp nhiều kiến thức hữu ích chưa được học trong lớp .,negative,chuong_trinh_hoc
1145,"deadline dài ( 1 tháng ) , thuận lợi trong việc sắp xếp thời gian , có thể chủ động thời gian trong những trường hợp có sự cố xảy ra .",positive,bai_tap
1146,"thầy dạy rất nhiệt tình , vui tính , truyền đạt dễ hiểu .",positive,ky_nang_giang_day
1146,"thầy dạy rất nhiệt tình , vui tính , truyền đạt dễ hiểu .",positive,hanh_vi
1147,"môn này lượng kiến thức nhiều quá , cả một ngành học của người ta mà trong khi tụi em học chỉ có một kỳ .",negative,kien_thuc
1147,"môn này lượng kiến thức nhiều quá , cả một ngành học của người ta mà trong khi tụi em học chỉ có một kỳ .",negative,chuong_trinh_hoc
1148,thầy học bên ucla về nên dạy tiếng anh rất tốt .,positive,ky_nang_giang_day
1148,thầy học bên ucla về nên dạy tiếng anh rất tốt .,positive,kien_thuc
1149,giảng viên nhiệt tình hướng dẫn thực hành .,positive,kinh_nghiem
1149,giảng viên nhiệt tình hướng dẫn thực hành .,positive,hanh_vi
1150,thầy giảng nhiệt tình và rất hay .,positive,ky_nang_giang_day
1150,thầy giảng nhiệt tình và rất hay .,positive,hanh_vi
1151,bài giảng chưa hứng thú .,negative,ky_nang_giang_day
1152,cô dạy rất hay và quan tâm học sinh .,positive,ky_nang_giang_day
1152,cô dạy rất hay và quan tâm học sinh .,positive,hanh_vi
1153,không thấy đi thực hành buổi nào !,negative,kinh_nghiem
1154,"nên tiết chế lại các yêu cầu về đồ án môn học như việc chấm chéo , làm clip hướng dẫn vừa lồng tiếng lại còn chèn sub .",negative,bai_tap
1154,"nên tiết chế lại các yêu cầu về đồ án môn học như việc chấm chéo , làm clip hướng dẫn vừa lồng tiếng lại còn chèn sub .",positive,de_xuat
1155,"thầy dạy rất nhiệt tình và dễ hiểu , tuy nhiên do học sinh còn lười nhác học bài nên đôi khi kết quả không được như mong muốn .",positive,ky_nang_giang_day
1155,"thầy dạy rất nhiệt tình và dễ hiểu , tuy nhiên do học sinh còn lười nhác học bài nên đôi khi kết quả không được như mong muốn .",positive,hanh_vi
1156,"thầy nhiệt tình , giảng bài dễ hiểu .",positive,ky_nang_giang_day
1156,"thầy nhiệt tình , giảng bài dễ hiểu .",positive,hanh_vi
1157,đưa ra đồ án chưa hoàn toàn phù hợp với hình thức học thực hành .,negative,bai_tap
1158,tận tâm đối với sinh viên .,positive,hanh_vi
1159,"nói chuyện dễ hiểu , dễ nghe .",positive,ky_nang_giang_day
1160,"cô dạy hay , dế hiểu .",positive,ky_nang_giang_day
1161,"thầy dạy tốt , sát với chương trình giảng dạy .",positive,ky_nang_giang_day
1161,"thầy dạy tốt , sát với chương trình giảng dạy .",positive,chuong_trinh_hoc
1162,thầy tận tâm !,positive,hanh_vi
1163,nội dung bài giảng không thực sự hấp dẫn .,negative,chuong_trinh_hoc
1164,lên lớp trễ .,negative,hanh_vi
1165,em cảm ơn !,positive,noi_chung
1166,thực hành thực tế nên giúp cho sinh viên hiểu rỏ hơn về mạch số và những cái trong mạch số .,neutral,kinh_nghiem
1166,thực hành thực tế nên giúp cho sinh viên hiểu rỏ hơn về mạch số và những cái trong mạch số .,neutral,de_xuat
1167,giáo viên tận tâm .,positive,hanh_vi
1168,"chú tâm , hướng dẫn cho từng học sinh , tương đối dễ hiểu .",positive,ky_nang_giang_day
1168,"chú tâm , hướng dẫn cho từng học sinh , tương đối dễ hiểu .",positive,hanh_vi
1169,bài tập không sát với đề cương .,negative,bai_tap
1170,"thầy giảng hay , mặc dù thỉnh thoảng có ngoài lề nhưng làm cho chúng em rất hứng thú và không buồn ngủ .",positive,ky_nang_giang_day
1171,"nhiệt tình , chỉ dạy .",positive,ky_nang_giang_day
1171,"nhiệt tình , chỉ dạy .",positive,hanh_vi
1172,thầy luôn hướng dẫn rất chi tiết cho sinh viên !,positive,ky_nang_giang_day
1172,thầy luôn hướng dẫn rất chi tiết cho sinh viên !,positive,hanh_vi
1173,"giảng viên thân thiện , dễ gần .",positive,hanh_vi
1174,giao tiếp .,neutral,hanh_vi
1175,giải thích bài giảng khá chi tiết .,positive,ky_nang_giang_day
1176,"giảng viên thoải mái , nhiệt tình , gần gũi với sinh viên .",positive,hanh_vi
1177,cảm giác của em là hơi chán .,negative,noi_chung
1178,"khả năng truyền đạt , sư phạm của thầy chưa tốt .",negative,ky_nang_giang_day
1179,thầy dạy bám sát yêu cầu mà thực tế cần .,positive,ky_nang_giang_day
1179,thầy dạy bám sát yêu cầu mà thực tế cần .,positive,kinh_nghiem
1180,"giảng viên nhiệt tình , phương pháp thực hành hay , hiệu quả .",positive,ky_nang_giang_day
1180,"giảng viên nhiệt tình , phương pháp thực hành hay , hiệu quả .",positive,hanh_vi
1181,lập trình web mà thi trên giấy .,negative,cham_diem
1182,"vui tính , nhiệt tình , thật lòng thương sinh viên .",positive,hanh_vi
1183,dạy đúng giờ .,positive,ky_nang_giang_day
1184,"giảng viên dạy đầy đủ kiến thức , có liên hệ thực tế nhiều giúp sinh viên hiểu rõ hơn về cách thức hoạt động của những kiến thức được học .",positive,ky_nang_giang_day
1184,"giảng viên dạy đầy đủ kiến thức , có liên hệ thực tế nhiều giúp sinh viên hiểu rõ hơn về cách thức hoạt động của những kiến thức được học .",positive,kinh_nghiem
1184,"giảng viên dạy đầy đủ kiến thức , có liên hệ thực tế nhiều giúp sinh viên hiểu rõ hơn về cách thức hoạt động của những kiến thức được học .",positive,kien_thuc
1185,"bài mẫu thực hành nên cụ thể hơn, bài mẫu hiện tại khó áp dụng vào đồ án , bởi nó chỉ lướt qua tổng quan các control .",negative,bai_tap
1185,"bài mẫu thực hành nên cụ thể hơn, bài mẫu hiện tại khó áp dụng vào đồ án , bởi nó chỉ lướt qua tổng quan các control .",neutral,de_xuat
1186,"slide được biện soạn từ sách network programing with csharp , trong sách viết rất rõ ràng , tuy nhiên khi dịch và đưa vào slide thì gây khó hiểu , như là đưa các ý chính vào slide để cho có , vấn đề là slide là nơi để trình bày các hình ảnh , các minh họa chứ không phải là nơi để các câu bưng từ sách ra .",negative,cung_cap_tai_lieu
1186,"slide được biện soạn từ sách network programing with csharp , trong sách viết rất rõ ràng , tuy nhiên khi dịch và đưa vào slide thì gây khó hiểu , như là đưa các ý chính vào slide để cho có , vấn đề là slide là nơi để trình bày các hình ảnh , các minh họa chứ không phải là nơi để các câu bưng từ sách ra .",negative,de_xuat
1187,"cần phải nâng cấp , cài đặt mới các phần mềm phù hợp hơn ví dụ doubledot máy ảo ubuntu .",negative,thiet_bi_day_hoc
1187,"cần phải nâng cấp , cài đặt mới các phần mềm phù hợp hơn ví dụ doubledot máy ảo ubuntu .",positive,de_xuat
1188,thầy dạy hay tiết học sôi động vui nhộn nhưng vẫn đảm bảo kiến thức dành cho sinh viên .,positive,ky_nang_giang_day
1188,thầy dạy hay tiết học sôi động vui nhộn nhưng vẫn đảm bảo kiến thức dành cho sinh viên .,positive,kien_thuc
1189,giáo viên giảng dạy tận tâm .,positive,hanh_vi
1190,cung cấp nhiều kiến thức .,positive,kien_thuc
1191,dạy thực tế .,positive,kinh_nghiem
1192,"thầy dạy rất nhiệt tình , công bằng trong đánh giá .",positive,ky_nang_giang_day
1192,"thầy dạy rất nhiệt tình , công bằng trong đánh giá .",positive,cham_diem
1193,"giảng viên tổ chức các hoạt động nhóm , các buối presentation tạo điều kiện cho sinh viên thực hành , trao đổi kiến thức .",positive,ky_nang_giang_day
1193,"giảng viên tổ chức các hoạt động nhóm , các buối presentation tạo điều kiện cho sinh viên thực hành , trao đổi kiến thức .",positive,kinh_nghiem
1194,cần chỉ dẫn các bước giải toán chi tiết hơn để cho sinh viên hiểu vì đây là một môn học khó .,negative,ky_nang_giang_day
1194,cần chỉ dẫn các bước giải toán chi tiết hơn để cho sinh viên hiểu vì đây là một môn học khó .,neutral,de_xuat
1195,giảng viên cho rất ít bài tập đi kèm .,negative,bai_tap
1196,"thực hành cần song song với lý thuyết , thực hành dạy nhanh hơn lý thuyết nên rất khó hiểu .",negative,ky_nang_giang_day
1197,"phòng lab khoa wzjwz16 trên tầng 3 nhà wzjwz17 quá chật chội , bụi bám lớp dày , trang thiết bị mạng đầu tư đắt tiền nhưng ít khi sử dụng tới , không kiểm tra lau chùi sẽ dẫn đến hỏng hóc , quạt không còn quay .",negative,thiet_bi_day_hoc
1198,đây là giáo viên dạy tệ nhất trong những giáo viên em từng học .,negative,ky_nang_giang_day
1199,"mong thầy giảm độ khó của đề thi lại thầy ơi hu hu em sắp rớt môn đến nơi rồi ạ , đề thi giữa kỳ bài cơ bản để lấy điểm thì số điểm lại ít , còn các bài khó thì thầy cho nhiều điểm quá nên lớp khá nhiều bạn dưới trung bình trong kỳ thi vừa rồi à colonsad .",negative,bai_tap
1199,"mong thầy giảm độ khó của đề thi lại thầy ơi hu hu em sắp rớt môn đến nơi rồi ạ , đề thi giữa kỳ bài cơ bản để lấy điểm thì số điểm lại ít , còn các bài khó thì thầy cho nhiều điểm quá nên lớp khá nhiều bạn dưới trung bình trong kỳ thi vừa rồi à colonsad .",negative,cham_diem
1199,"mong thầy giảm độ khó của đề thi lại thầy ơi hu hu em sắp rớt môn đến nơi rồi ạ , đề thi giữa kỳ bài cơ bản để lấy điểm thì số điểm lại ít , còn các bài khó thì thầy cho nhiều điểm quá nên lớp khá nhiều bạn dưới trung bình trong kỳ thi vừa rồi à colonsad .",neutral,de_xuat
1200,giờ không hợp lý .,negative,chuong_trinh_hoc
1201,cách giảng dạy khó hiểu .,negative,ky_nang_giang_day
1202,"hướng dẫn tỉ mỉ , tận tâm .",positive,ky_nang_giang_day
1202,"hướng dẫn tỉ mỉ , tận tâm .",positive,hanh_vi
1203,ra một số bài tập hay có tính vận dụng .,positive,bai_tap
1203,ra một số bài tập hay có tính vận dụng .,neutral,de_xuat
1204,"cô dạy tốt , nhiều bài tập .",positive,ky_nang_giang_day
1204,"cô dạy tốt , nhiều bài tập .",neutral,bai_tap
1205,thầy dạy nhiệt tình với sinh viên .,positive,hanh_vi
1206,"thiếu nhiệt tình , chưa có sự chuẩn bị tốt về lý thuyết trước khi giảng dạy .",negative,ky_nang_giang_day
1206,"thiếu nhiệt tình , chưa có sự chuẩn bị tốt về lý thuyết trước khi giảng dạy .",negative,hanh_vi
1207,"sinh viên sẽ được học nhiều kiến thức thực tế , thiết thực và hiệu quả hơn .",positive,kien_thuc
1208,thêm nhiều bài tập hơn .,neutral,bai_tap
1208,thêm nhiều bài tập hơn .,neutral,de_xuat
1209,giảng viên nên giảng kiến thức cơ bản kỹ hơn .,negative,ky_nang_giang_day
1209,giảng viên nên giảng kiến thức cơ bản kỹ hơn .,neutral,de_xuat
1210,chịu cực chăm chỉ theo sát từng sinh viên .,positive,hanh_vi
1211,"giảng viên giảng dễ hiểu , theo xác chuyên cần của sinh viên .",positive,ky_nang_giang_day
1212,đồ án thầy yêu cầu khó thực hiện vì toàn những bài báo khoa học có nội dung trừu tượng .,negative,bai_tap
1213,kiến thức không áp dụng được nhiều cho thực tế .,negative,kien_thuc
1214,"phòng học không đáp ứng đủ nhu cầu học tập của sinh viên , máy chiếu khá mờ .",negative,thiet_bi_day_hoc
1215,cải thiện và nâng cao cơ sở vật chất .,negative,thiet_bi_day_hoc
1215,cải thiện và nâng cao cơ sở vật chất .,negative,de_xuat
1216,nên giảm thời lượng môn học còn 7 tuần !,negative,chuong_trinh_hoc
1216,nên giảm thời lượng môn học còn 7 tuần !,neutral,de_xuat
1217,"tư vấn , hướng dẫn phương pháp học tập tiếng anh hiệu quả .",positive,ky_nang_giang_day
1218,"nhiều lúc nghe giảng , giảng viên đang nói vấn đề này , chỗ này lại tự nhiên chuyển sang vấn đề khác rồi quay lại vấn đề cũ , khiến sinh viên dễ rối và không hiểu bài .",negative,ky_nang_giang_day
1219,nhiều học sinh không hài lòng với cách sắp lịch học và cách ra bài tập thực hành của giáo viên .,negative,bai_tap
1219,nhiều học sinh không hài lòng với cách sắp lịch học và cách ra bài tập thực hành của giáo viên .,negative,chuong_trinh_hoc
1220,kỹ năng đọc của em còn chưa thể hiện được .,negative,noi_chung
1221,lớp ít người nên học thoải mái .,positive,thiet_bi_day_hoc
1222,"giảng viên nhiệt tình , giảng bài tốt .",positive,ky_nang_giang_day
1222,"giảng viên nhiệt tình , giảng bài tốt .",positive,hanh_vi
1223,thầy luôn biết cách thúc đẩy sinh viên học tập một cách hăng say hơn .,positive,hanh_vi
1224,môn học hơi khó hiểu nên cập nhật giáo trình .,negative,ky_nang_giang_day
1224,môn học hơi khó hiểu nên cập nhật giáo trình .,negative,cung_cap_tai_lieu
1224,môn học hơi khó hiểu nên cập nhật giáo trình .,positive,de_xuat
1225,dẫn đến các bạn sinh viên rất khó hiểu và dẫn đến nhàm chán .,negative,ky_nang_giang_day
1226,thầy cung cấp các bài giảng và việc thực hiện nó một cách hiệu quả .,positive,ky_nang_giang_day
1226,thầy cung cấp các bài giảng và việc thực hiện nó một cách hiệu quả .,positive,cung_cap_tai_lieu
1227,bỏ vấn đề điểm danh .,negative,cham_diem
1228,giảng nhiều bài tập .,negative,bai_tap
1229,thầy dạy rất nhiệt tình và rất dễ hiểu .,positive,ky_nang_giang_day
1229,thầy dạy rất nhiệt tình và rất dễ hiểu .,positive,hanh_vi
1230,"cần nhiều thời gian hơn nữa cho việc giảng dạy , vì kiến thức đáp ứng cho môn học chưa chuyên sâu .",negative,ky_nang_giang_day
1230,"cần nhiều thời gian hơn nữa cho việc giảng dạy , vì kiến thức đáp ứng cho môn học chưa chuyên sâu .",negative,kien_thuc
1230,"cần nhiều thời gian hơn nữa cho việc giảng dạy , vì kiến thức đáp ứng cho môn học chưa chuyên sâu .",positive,de_xuat
1231,cách truyền đạt hay và cuốn hút .,positive,ky_nang_giang_day
1232,thầy wzjwz8 dạy rất nhiệt tình và dễ hiểu .,positive,ky_nang_giang_day
1232,thầy wzjwz8 dạy rất nhiệt tình và dễ hiểu .,positive,hanh_vi
1233,cần tăng số buổi gặp giáo viên hướng dẫn .,neutral,de_xuat
1234,theo đa số sinh viên đều cảm nhận được rằng giảng viên giảng bài khó hiểu .,negative,ky_nang_giang_day
1235,"kiến thức , tài liệu , đề cương đầy đủ chi tiết .",positive,cung_cap_tai_lieu
1235,"kiến thức , tài liệu , đề cương đầy đủ chi tiết .",positive,kien_thuc
1236,"ngoài ra , giảng viên còn tư vấn , định hướng phát triển nghề nghiệp cho sinh viên trong tương lai .",positive,hanh_vi
1236,"ngoài ra , giảng viên còn tư vấn , định hướng phát triển nghề nghiệp cho sinh viên trong tương lai .",positive,kien_thuc
1237,"mặc dù em rất thích cách dạy của cô nhưng có một vấn đề là cô dạy hơi nhanh , không phải giảng nhanh bài học mà cách cô nói nhanh , như vậy rất mệt vì phải nói liên hồi , mỗi lần cô nói một hơi xong là em thấy rất thương cô , chắc vì cô quen rồi , nhưng mong cô nói chậm lại một tý .",negative,ky_nang_giang_day
1237,"mặc dù em rất thích cách dạy của cô nhưng có một vấn đề là cô dạy hơi nhanh , không phải giảng nhanh bài học mà cách cô nói nhanh , như vậy rất mệt vì phải nói liên hồi , mỗi lần cô nói một hơi xong là em thấy rất thương cô , chắc vì cô quen rồi , nhưng mong cô nói chậm lại một tý .",positive,de_xuat
1238,không khí học tập thoải mái và hiệu quả .,positive,noi_chung
1239,"giảng viên tận tâm , nhiệt tình , phương pháp giảng dạy dễ hiểu .",positive,ky_nang_giang_day
1239,"giảng viên tận tâm , nhiệt tình , phương pháp giảng dạy dễ hiểu .",positive,hanh_vi
1240,"giảng viên nhiệt tình , đúng giờ , giải đáp hiệu quả thắc mắc .",positive,hanh_vi
1241,điều này thật sự kích thích và dễ hiểu bài .,positive,ky_nang_giang_day
1242,"phần lớn thời gian trên lớp thầy toàn chép bài lên bảng , chép đầy bảng thầy lại xóa rồi chép tiếp .",negative,ky_nang_giang_day
1243,giáo viên nhiệt tình với lớp học .,positive,hanh_vi
1244,"thầy wzjwz138 dạy thật sự tốt , không có góp ý gì thêm .",positive,ky_nang_giang_day
1245,thầy hài hước .,positive,hanh_vi
1246,"chương trình nên sát với nhu cầu thực tế , mang tính hiệu quả , không đem những cái framework cũ biện hộ là nền tảng để học trong khi thế giới đang dần loại bỏ gần như toàn bộ bạn bè mà em biết đều không hiểu đang học cái gì và học làm chi , không có hứng để học tập như môn oop hay trí tuệ nhân tạo , tụi em học chỉ để đối phó và gần như không đối phó nổi .",negative,chuong_trinh_hoc
1246,"chương trình nên sát với nhu cầu thực tế , mang tính hiệu quả , không đem những cái framework cũ biện hộ là nền tảng để học trong khi thế giới đang dần loại bỏ gần như toàn bộ bạn bè mà em biết đều không hiểu đang học cái gì và học làm chi , không có hứng để học tập như môn oop hay trí tuệ nhân tạo , tụi em học chỉ để đối phó và gần như không đối phó nổi .",neutral,de_xuat
1247,thầy tận tình và hay tương tác với học sinh .,positive,hanh_vi
1248,giảng viên nên liên hệ thực tế đến bài giảng .,negative,kinh_nghiem
1248,giảng viên nên liên hệ thực tế đến bài giảng .,positive,de_xuat
1249,em xin cám ơn .,neutral,noi_chung
1250,cô dạy hay nói bài đúng trọng tâm dễ hiểu .,positive,ky_nang_giang_day
1251,cần dạy dễ hiểu và tận tâm hơn .,negative,ky_nang_giang_day
1251,cần dạy dễ hiểu và tận tâm hơn .,negative,hanh_vi
1251,cần dạy dễ hiểu và tận tâm hơn .,neutral,de_xuat
1252,thầy truyền đạt không có hiệu quả .,negative,ky_nang_giang_day
1253,thầy rất nhiệt tình và quan tâm giúp đỡ chúng em trong khi làm bài thực hành .,positive,hanh_vi
1254,cách thầy dạy học rất hay !,positive,ky_nang_giang_day
1255,"thầy wzjwz250 nhiệt tình và có kiến thức chuyên sâu , bài giảng sâu và dễ hiểu .",positive,ky_nang_giang_day
1255,"thầy wzjwz250 nhiệt tình và có kiến thức chuyên sâu , bài giảng sâu và dễ hiểu .",positive,hanh_vi
1255,"thầy wzjwz250 nhiệt tình và có kiến thức chuyên sâu , bài giảng sâu và dễ hiểu .",positive,kien_thuc
1256,"cách giảng dạy , truyền đạt kiến thức , tạo không khí thoải mái trong giờ học .",positive,ky_nang_giang_day
1256,"cách giảng dạy , truyền đạt kiến thức , tạo không khí thoải mái trong giờ học .",positive,hanh_vi
1257,cô giảng bài hơi khó hiểu .,negative,ky_nang_giang_day
1258,đúng giờ hiệu quả chu đáo .,positive,hanh_vi
1259,"thầy dạy vui tính , hứng thú trong học tập .",positive,hanh_vi
1260,phần ôn tập rất dễ hiểu .,positive,ky_nang_giang_day
1261,thầy thường xuyên không lên lớp vào tiết dạy !,negative,hanh_vi
1262,cần có các đề tài cụ thể và quy trình thực tế để sinh viên thực hiện ở môn học này !,negative,chuong_trinh_hoc
1262,cần có các đề tài cụ thể và quy trình thực tế để sinh viên thực hiện ở môn học này !,negative,de_xuat
1263,"thầy dạy tận tình , dễ hiểu .",positive,ky_nang_giang_day
1264,"cô dạy rất nhiệt tình , vui tính dễ hiểu .",positive,ky_nang_giang_day
1264,"cô dạy rất nhiệt tình , vui tính dễ hiểu .",positive,hanh_vi
1265,"giảng viên nhiệt tình , tận tâm đới với sinh viên .",positive,hanh_vi
1266,thầy chỉ quan tâm vào đề thi và chạy theo thành tích .,negative,hanh_vi
1267,cám ơn thầy dạy rất hay !,positive,ky_nang_giang_day
1267,cám ơn thầy dạy rất hay !,positive,hanh_vi
1268,đề cương môn học nói chung chưa sát với đề cho lắm .,negative,chuong_trinh_hoc
1269,và cần có thêm những lưu ý cho học sinh .,neutral,de_xuat
1270,"tận tình , quan tâm , hướng sinh viên có mục tiêu học tập đúng đắn .",positive,hanh_vi
1271,thầy rất nhiệt tình và tân tâm với sinh viên .,positive,hanh_vi
1272,"giảng viên khá nhiệt tình , thường xuyên trao đổi thông qua kênh website môn học .",positive,hanh_vi
1273,"khó hiểu , khó vận dụng .",negative,ky_nang_giang_day
1274,bài tập hơi nhiều .,negative,bai_tap
1275,"thầy dạy nhiệt tình , dễ hiểu , tận tình , làm nhiều bai tập vận dụng .",positive,ky_nang_giang_day
1275,"thầy dạy nhiệt tình , dễ hiểu , tận tình , làm nhiều bai tập vận dụng .",positive,hanh_vi
1275,"thầy dạy nhiệt tình , dễ hiểu , tận tình , làm nhiều bai tập vận dụng .",positive,bai_tap
1276,"cách dạy còn hơi khô khan , ít ví dụ , chủ yếu là giảng viên nói sinh viên nghe .",negative,ky_nang_giang_day
1277,trong khi đề thi cho phép sinh viên dùng mạng .,neutral,noi_chung
1278,cô chỉ dẫn rất tận tình .,positive,hanh_vi
1279,"giảng viên nhiệt tình , truyền đạt hiệu quả , tạo không khí học tập .",positive,ky_nang_giang_day
1279,"giảng viên nhiệt tình , truyền đạt hiệu quả , tạo không khí học tập .",positive,hanh_vi
1280,"cô dạy rất nhiệt tình , yêu sinh viên , luôn đi đúng giờ .",positive,hanh_vi
1281,phương pháp lôi cuốn sinh viên .,positive,ky_nang_giang_day
1282,đồ án rất vừa sức sinh viên .,positive,bai_tap
1283,"thầy giáo dạy rất nhiệt tình , khả năng truyền đạt tốt , vui vẻ , lịch sự , dễ gần .",positive,ky_nang_giang_day
1283,"thầy giáo dạy rất nhiệt tình , khả năng truyền đạt tốt , vui vẻ , lịch sự , dễ gần .",positive,hanh_vi
1284,dễ hiểu và cách dạy phù hợp .,positive,ky_nang_giang_day
1285,"phòng thực hành dây mạng không rút được , wifi thì yếu .",negative,thiet_bi_day_hoc
1286,sự nhiệt tình vui vẻ .,positive,hanh_vi
1287,bài tập trực tuyến .,neutral,bai_tap
1288,thầy nhiệt tình giúp đỡ sinh viên .,positive,hanh_vi
1289,"dễ hiểu , tận tâm !",positive,ky_nang_giang_day
1289,"dễ hiểu , tận tâm !",positive,hanh_vi
1290,nhiều khi giảng khó hiểu .,negative,ky_nang_giang_day
1291,"vui vẻ , tận tình giải đáp thắc mắc và cung cấp nhiều kiến thức bổ ích .",positive,hanh_vi
1291,"vui vẻ , tận tình giải đáp thắc mắc và cung cấp nhiều kiến thức bổ ích .",positive,kien_thuc
1292,"tuy tận tâm , nhiệt tình nhưng kiến thức thầy dạy khá cao siêu , sinh viên chưa đủ lĩnh hội được .",positive,hanh_vi
1292,"tuy tận tâm , nhiệt tình nhưng kiến thức thầy dạy khá cao siêu , sinh viên chưa đủ lĩnh hội được .",negative,kien_thuc
1293,ít tương tác với sinh viên .,negative,hanh_vi
1294,chưa đi sâu vào trọng tâm lắm .,negative,ky_nang_giang_day
1295,cô dạy rất hay hay và nhiệt tình .,positive,ky_nang_giang_day
1295,cô dạy rất hay hay và nhiệt tình .,positive,hanh_vi
1296,giảm tải lượng bài tập phần thực hành .,negative,bai_tap
1296,giảm tải lượng bài tập phần thực hành .,neutral,de_xuat
1297,"thầy tận tâm và rất nhiệt tình với sinh viên , ngoài ra thầy cũng khá hài hước .",positive,hanh_vi
1298,giờ giấc lộn xộn .,negative,noi_chung
1299,"giảng viên lần đầu giảng dạy , chưa có nhiều kinh nghiệm truyền đạt .",negative,ky_nang_giang_day
1299,"giảng viên lần đầu giảng dạy , chưa có nhiều kinh nghiệm truyền đạt .",negative,kinh_nghiem
1300,mở rộng kiến thức làm cơ sở cho các môn học khác .,neutral,kien_thuc
1301,"đồng thời , phòng học được phân bổ không hợp lý với những lớp học về trưa , phòng khá nóng bức , quạt cũng không mát , máy chiếu khá mờ và cửa khó đóng mở khi trời mưa hoặc khi quá nắng .",negative,thiet_bi_day_hoc
1302,vô cùng nhiệt tình với sinh viên .,positive,hanh_vi
1303,làm như vậy gây khó khăn rất lớn cho sinh viên trong việc phân bổ thời gian phù hợp cho môn học này .,negative,chuong_trinh_hoc
1304,nên tăng tiết thực hành .,neutral,chuong_trinh_hoc
1304,nên tăng tiết thực hành .,positive,de_xuat
1305,có đầy đủ trang thiết bị .,positive,thiet_bi_day_hoc
1306,"giảng viên giảng kỹ , nhiệt tình .",positive,ky_nang_giang_day
1306,"giảng viên giảng kỹ , nhiệt tình .",positive,hanh_vi
1307,"cần chuyên nghiệp hơn , cụ thể hơn để sinh viên dễ dàng tiếp cận .",neutral,de_xuat
1308,cần cho bài tập lời giải mẫu nhiều hơn .,negative,bai_tap
1308,cần cho bài tập lời giải mẫu nhiều hơn .,neutral,de_xuat
1309,"giảng viên thân thiện , truyền đạt nội dung tốt .",positive,ky_nang_giang_day
1309,"giảng viên thân thiện , truyền đạt nội dung tốt .",positive,hanh_vi
1310,về trễ .,negative,hanh_vi
1311,"nên ra đề phù hợp với năng lực của sinh viên hơn , hình thức đề thi không nên đánh đố sinh viên .",negative,bai_tap
1311,"nên ra đề phù hợp với năng lực của sinh viên hơn , hình thức đề thi không nên đánh đố sinh viên .",neutral,de_xuat
1312,nên đổi phòng học sang phòng chất lượng cao .,negative,thiet_bi_day_hoc
1312,nên đổi phòng học sang phòng chất lượng cao .,neutral,de_xuat
1313,"phương pháp dạy hiệu quả , tiếp thu bài nhanh , có ôn lại những phần cũ , giảng viên tích cực , nhiệt tình .",positive,ky_nang_giang_day
1313,"phương pháp dạy hiệu quả , tiếp thu bài nhanh , có ôn lại những phần cũ , giảng viên tích cực , nhiệt tình .",positive,hanh_vi
1314,thầy rất nhiệt tình !,positive,hanh_vi
1315,"giảng viên giảng dạy nghiêm túc , sử dụng giờ dạy hợp lý .",positive,ky_nang_giang_day
1315,"giảng viên giảng dạy nghiêm túc , sử dụng giờ dạy hợp lý .",positive,hanh_vi
1316,nói ngắn gọn dễ hiểu .,positive,ky_nang_giang_day
1317,"thân thiện , vui vẻ .",positive,hanh_vi
1318,cách giảng bài của giảng viên khá hay .,positive,ky_nang_giang_day
1319,giảng viên hướng dẫn cụ thể .,positive,ky_nang_giang_day
1320,nâng cấp chất lượng máy chiếu .,negative,thiet_bi_day_hoc
1320,nâng cấp chất lượng máy chiếu .,neutral,de_xuat
1321,"cô rất nhiệt tình trong mọi hoạt động cả trong và ngoài việc học , thường xuyên tổ chức những hoạt động bổ ích .",positive,hanh_vi
1322,cần nên cho bài tập về nhà .,neutral,bai_tap
1322,cần nên cho bài tập về nhà .,neutral,de_xuat
1323,trừ những điều không hài lòng một chút thì trên cả tuyệt vời colonhihi .,positive,noi_chung
1324,"thầy dạy rất tận tâm , nhiệt tình .",positive,hanh_vi
1325,"kiến thức mang tính trừu tượng nhiều , cần hướng dẫn kỹ cho sinh viên .",negative,kien_thuc
1325,"kiến thức mang tính trừu tượng nhiều , cần hướng dẫn kỹ cho sinh viên .",neutral,de_xuat
1326,"giảng viên không thân thiện quá khắc khe , gây cảm giác lo lắng , sợ hãi cho sinh viên .",negative,hanh_vi
1327,phân bổ thời gian theo kiểu chưa học tới lý thuyết đã thực hành nên không biết gì để làm .,negative,chuong_trinh_hoc
1328,"cá nhân em nhận thấy cô rất tận tâm và có chuyên môn cao , tuy nhiên khả năng truyền đạt của cô chưa tốt cùng với ngôn ngữ địa phương mà cô sử dụng khiến cho sinh viên mất đi hứng thú học tập , học rất là buồn ngủ và khó hiểu bài giảng .",negative,ky_nang_giang_day
1328,"cá nhân em nhận thấy cô rất tận tâm và có chuyên môn cao , tuy nhiên khả năng truyền đạt của cô chưa tốt cùng với ngôn ngữ địa phương mà cô sử dụng khiến cho sinh viên mất đi hứng thú học tập , học rất là buồn ngủ và khó hiểu bài giảng .",positive,hanh_vi
1328,"cá nhân em nhận thấy cô rất tận tâm và có chuyên môn cao , tuy nhiên khả năng truyền đạt của cô chưa tốt cùng với ngôn ngữ địa phương mà cô sử dụng khiến cho sinh viên mất đi hứng thú học tập , học rất là buồn ngủ và khó hiểu bài giảng .",positive,kien_thuc
1329,thầy nên nói trước về cách chấm điểm bài thi .,neutral,cham_diem
1329,thầy nên nói trước về cách chấm điểm bài thi .,neutral,de_xuat
1330,được học thầy là một niềm vinh hạnh .,positive,hanh_vi
1331,thầy giảng dạy hay và hiệu quả .,positive,ky_nang_giang_day
1332,giải đáp thắc mắc chi tiết khi hỏi bài .,positive,hanh_vi
1333,"tận tâm , đi đúng giờ , quá trình học sinh động dễ hiểu .",positive,ky_nang_giang_day
1333,"tận tâm , đi đúng giờ , quá trình học sinh động dễ hiểu .",positive,hanh_vi
1334,nghỉ nhiều .,negative,chuong_trinh_hoc
1335,"mong cô cải thiện cách dạy học của cô , cho học sinh thêm hứng thú tới lớp ( dừng áp dụng việc điểm danh bắt buộc học sinh đi học ) .",negative,ky_nang_giang_day
1335,"mong cô cải thiện cách dạy học của cô , cho học sinh thêm hứng thú tới lớp ( dừng áp dụng việc điểm danh bắt buộc học sinh đi học ) .",neutral,de_xuat
1336,thầy giảng chưa thu hút .,negative,ky_nang_giang_day
1337,"cô tận tâm , có những chuẩn mực tốt đẹp của một nhà giáo .",positive,hanh_vi
1338,"thầy dạy rất dễ hiểu , em cảm ơn thầy .",positive,ky_nang_giang_day
1339,"thầy không dùng slide bài giảng để dạy , nhưng phong cách dạy của thầy rất tuyệt vời , rất hay và dễ hiểu .",positive,ky_nang_giang_day
1339,"thầy không dùng slide bài giảng để dạy , nhưng phong cách dạy của thầy rất tuyệt vời , rất hay và dễ hiểu .",negative,cung_cap_tai_lieu
1340,rất hài lòng về cách thức giảng dạy của giáo viên .,positive,ky_nang_giang_day
1341,giảng viên lên lớp không đúng giờ .,negative,hanh_vi
1342,"cô hay đảo lộn giữa slide tiếng anh và tiếng việt làm việc theo dõi nội dung hơi khó , ngoài ra cách cô dạy không phải là khó tiếp thu mà tại vì cô không tạo được sự thoải mái trong tiết học làm cho chúng em không có hứng học tập .",negative,ky_nang_giang_day
1342,"cô hay đảo lộn giữa slide tiếng anh và tiếng việt làm việc theo dõi nội dung hơi khó , ngoài ra cách cô dạy không phải là khó tiếp thu mà tại vì cô không tạo được sự thoải mái trong tiết học làm cho chúng em không có hứng học tập .",negative,cung_cap_tai_lieu
1343,"cập nhật bài giảng trên trang coursedotuitdotedudotvn đầy đủ , có bài tập hàng tuần .",positive,bai_tap
1343,"cập nhật bài giảng trên trang coursedotuitdotedudotvn đầy đủ , có bài tập hàng tuần .",positive,cung_cap_tai_lieu
1344,"giáo viên ưa nhìn , đảm bảo số buổi lên lớp .",positive,hanh_vi
1344,"giáo viên ưa nhìn , đảm bảo số buổi lên lớp .",positive,chuong_trinh_hoc
1345,"dù cô rất nhiệt tình , muốn truyền đạt nhiều hơn nữa cho sinh viên nhưng cô nên phân bố thời gian dạy hợp lý hơn và giảng những điều quan trọng , còn những điều bên lề để bổ sung kiến thức cho sinh viên thì cô nên để thời gian còn nhiều thì mới nói thêm , không nên lặp đi lặp lại quá nhiều một câu nói , gây tốn thời gian colonsmile .",negative,ky_nang_giang_day
1345,"dù cô rất nhiệt tình , muốn truyền đạt nhiều hơn nữa cho sinh viên nhưng cô nên phân bố thời gian dạy hợp lý hơn và giảng những điều quan trọng , còn những điều bên lề để bổ sung kiến thức cho sinh viên thì cô nên để thời gian còn nhiều thì mới nói thêm , không nên lặp đi lặp lại quá nhiều một câu nói , gây tốn thời gian colonsmile .",negative,de_xuat
1346,quá cứng nhắc trong quá trình cho điểm .,negative,cham_diem
1347,cần post thêm nhiều bài tập liên quan đến nội dung môn học trên web để sinh viên thuận tiện down về và làm .,neutral,bai_tap
1347,cần post thêm nhiều bài tập liên quan đến nội dung môn học trên web để sinh viên thuận tiện down về và làm .,neutral,de_xuat
1348,"giảng bài dễ hiểu , thân thiện .",positive,ky_nang_giang_day
1348,"giảng bài dễ hiểu , thân thiện .",positive,hanh_vi
1349,thầy dạy vui và tốt .,positive,ky_nang_giang_day
1350,"giáo viên nhiệt tình hướng dẫn , cập nhật kiến thức mới .",positive,hanh_vi
1350,"giáo viên nhiệt tình hướng dẫn , cập nhật kiến thức mới .",positive,kien_thuc
1351,thầy giáo tuyệt vời .,positive,ky_nang_giang_day
1351,thầy giáo tuyệt vời .,positive,hanh_vi
1352,nên xen kẽ các tiết lý thuyết và thuyết trình chứ không chỉ thuyết trình từ lúc bắt đầu đến lúc kết thúc môn học .,negative,chuong_trinh_hoc
1352,nên xen kẽ các tiết lý thuyết và thuyết trình chứ không chỉ thuyết trình từ lúc bắt đầu đến lúc kết thúc môn học .,neutral,de_xuat
1353,"dạy hay , rất vui tính , quan tâm sinh viên .",positive,ky_nang_giang_day
1353,"dạy hay , rất vui tính , quan tâm sinh viên .",positive,hanh_vi
1354,điều mà em không hài nhất đó là giảng viên giảng bài còn khó hiểu .,negative,ky_nang_giang_day
1355,em hy vọng thầy sẽ năng động hơn .,negative,hanh_vi
1355,em hy vọng thầy sẽ năng động hơn .,neutral,de_xuat
1356,cần cho sinh viên thảo luận nhiều hơn .,neutral,de_xuat
1357,"nhưng đa số các bạn trong lớp thì không hiểu , cô cần có phương pháp dạy tốt hơn .",negative,ky_nang_giang_day
1357,"nhưng đa số các bạn trong lớp thì không hiểu , cô cần có phương pháp dạy tốt hơn .",neutral,de_xuat
1358,"em thấy nó rất cần thiết sau này , em đề nghị với văn phòng chương trình đặc biệt năm sau lại tiếp tục mời thầy về dạy .",neutral,chuong_trinh_hoc
1358,"em thấy nó rất cần thiết sau này , em đề nghị với văn phòng chương trình đặc biệt năm sau lại tiếp tục mời thầy về dạy .",neutral,de_xuat
1359,"cho làm bài tập nhiều , nên dễ vô bài lắm .",positive,bai_tap
1360,"thầy giảng dạy rất nhiệt tình , hiểu tâm lý sinh viên và rất vui tính .",positive,hanh_vi
1361,thật đáng buồn !,negative,noi_chung
1362,"cô dễ thương , đến lớp đúng giờ , và luôn thay đổi phương pháp , khiến sinh viên cảm thấy thoải mái khi học tiếng anh .",positive,ky_nang_giang_day
1362,"cô dễ thương , đến lớp đúng giờ , và luôn thay đổi phương pháp , khiến sinh viên cảm thấy thoải mái khi học tiếng anh .",positive,hanh_vi
1363,hiền và nhiệt tình .,positive,hanh_vi
1364,thực hành cần được quan tâm hơn .,negative,kinh_nghiem
1364,thực hành cần được quan tâm hơn .,neutral,de_xuat
1365,lý thuyết quá nhiều nhưng không có thời gian để sửa bài tập .,negative,bai_tap
1365,lý thuyết quá nhiều nhưng không có thời gian để sửa bài tập .,negative,chuong_trinh_hoc
1366,cô dạy rất tận tình .,positive,hanh_vi
1367,"thầy giảng dạy rất phù hợp với đời sống thực tiễn , cung cấp kiến thức dễ xin việc làm hơn .",positive,ky_nang_giang_day
1367,"thầy giảng dạy rất phù hợp với đời sống thực tiễn , cung cấp kiến thức dễ xin việc làm hơn .",positive,kinh_nghiem
1367,"thầy giảng dạy rất phù hợp với đời sống thực tiễn , cung cấp kiến thức dễ xin việc làm hơn .",positive,kien_thuc
1368,phần nghe nói được cải thiện .,positive,kinh_nghiem
1369,"nên phân bổ thời gian hợp thực hành sớm hơn , sau khi vào học chính khoảng một tháng , cần tránh các ngày thi giữa kỳ ngày lễ vì vừa rồi nhiều hôm thực hành trúng vào các ngày này , phòng thực hành còn nóng và bụi bặm , máy chiếu tuy vẫn thấy như là khá mờ , nếu ngồi xa hay trời sáng quá sẽ không thấy rõ .",negative,chuong_trinh_hoc
1369,"nên phân bổ thời gian hợp thực hành sớm hơn , sau khi vào học chính khoảng một tháng , cần tránh các ngày thi giữa kỳ ngày lễ vì vừa rồi nhiều hôm thực hành trúng vào các ngày này , phòng thực hành còn nóng và bụi bặm , máy chiếu tuy vẫn thấy như là khá mờ , nếu ngồi xa hay trời sáng quá sẽ không thấy rõ .",negative,thiet_bi_day_hoc
1369,"nên phân bổ thời gian hợp thực hành sớm hơn , sau khi vào học chính khoảng một tháng , cần tránh các ngày thi giữa kỳ ngày lễ vì vừa rồi nhiều hôm thực hành trúng vào các ngày này , phòng thực hành còn nóng và bụi bặm , máy chiếu tuy vẫn thấy như là khá mờ , nếu ngồi xa hay trời sáng quá sẽ không thấy rõ .",neutral,de_xuat
1370,"giảng viên cần hạn chế việc bỏ lớp trong giờ học , hạn chế tới mức tối đa việc nghe điện thoại trong khi lên lớp và cần chú tâm hơn khi đang giảng dạy , giờ nào việc đó !",negative,hanh_vi
1370,"giảng viên cần hạn chế việc bỏ lớp trong giờ học , hạn chế tới mức tối đa việc nghe điện thoại trong khi lên lớp và cần chú tâm hơn khi đang giảng dạy , giờ nào việc đó !",negative,de_xuat
1371,thầy dạy giỏi .,positive,ky_nang_giang_day
1372,giảng lý thuyết hơi nhanh .,negative,ky_nang_giang_day
1373,"cô quan tâm sinh viên , hết lòng vì công việc , vui vẻ .",positive,hanh_vi
1374,"đôi khi bài thực hành và lý thuyết không khớp gì nhau cả , có 2 tuần lớp thực hành học trước lý thuyết .",negative,kinh_nghiem
1374,"đôi khi bài thực hành và lý thuyết không khớp gì nhau cả , có 2 tuần lớp thực hành học trước lý thuyết .",negative,chuong_trinh_hoc
1375,"dễ hiểu , nhiệt tình vui tính .",positive,ky_nang_giang_day
1375,"dễ hiểu , nhiệt tình vui tính .",positive,hanh_vi
1376,nội dung bài giảng trên lớp rất liên quan đến nội dung thi .,positive,kien_thuc
1376,nội dung bài giảng trên lớp rất liên quan đến nội dung thi .,positive,chuong_trinh_hoc
1377,"đúng chất "" anh "" thầy .",positive,hanh_vi
1378,do môn học khá khô khan nên em mong thầy liên hệ thêm nhiều ví dụ thực tế hơn để sinh viên dễ nắm bắt nội dung bài giảng .,negative,kinh_nghiem
1378,do môn học khá khô khan nên em mong thầy liên hệ thêm nhiều ví dụ thực tế hơn để sinh viên dễ nắm bắt nội dung bài giảng .,neutral,de_xuat
1379,"học thực hành cũng là học , mà sao thầy vô lớp cứ ngồi yên một chỗ , up bài lên course xong .",negative,ky_nang_giang_day
1379,"học thực hành cũng là học , mà sao thầy vô lớp cứ ngồi yên một chỗ , up bài lên course xong .",negative,hanh_vi
1380,chúc thầy luôn tận tình với sinh viên của mình như vậy .,positive,hanh_vi
1381,"hầu hết các môn học đều rất trầm , đa số sinh viên chi đến lớp cho đủ buôi , thầy cô bảo đảm giờ dạy trên lớp nhưng không tạo được cao trào cho buổi học .",negative,ky_nang_giang_day
1382,thầy tuyệt vời .,positive,hanh_vi
1383,tương tác bài tập trên moodle khá tốt .,positive,bai_tap
1384,"hay cho nghỉ , mất tiết .",negative,de_xuat
1385,cần có sự thay đổi trong các file tài liệu cung cấp cho sinh viên ví dụ như cần nhiều ví dụ hoặc các bài tập từ dễ đến khó hơn để sinh viên tự chủ động trong việc học sẽ giúp sinh viên nhớ lâu hơn .,negative,bai_tap
1385,cần có sự thay đổi trong các file tài liệu cung cấp cho sinh viên ví dụ như cần nhiều ví dụ hoặc các bài tập từ dễ đến khó hơn để sinh viên tự chủ động trong việc học sẽ giúp sinh viên nhớ lâu hơn .,negative,cung_cap_tai_lieu
1385,cần có sự thay đổi trong các file tài liệu cung cấp cho sinh viên ví dụ như cần nhiều ví dụ hoặc các bài tập từ dễ đến khó hơn để sinh viên tự chủ động trong việc học sẽ giúp sinh viên nhớ lâu hơn .,positive,de_xuat
1386,thầy rất ân cần rất tâm huyết với môn học .,positive,hanh_vi
1387,"thầy rất tận tâm , cũng như nhiệt tình truyền đạt kiến thức cho sinh viên !",positive,ky_nang_giang_day
1387,"thầy rất tận tâm , cũng như nhiệt tình truyền đạt kiến thức cho sinh viên !",positive,hanh_vi
1388,"thầy rất nhiệt tình , giảng cặn kẽ .",positive,ky_nang_giang_day
1388,"thầy rất nhiệt tình , giảng cặn kẽ .",positive,hanh_vi
1389,"thầy giảng dễ hiểu , nhiều minh hoạ thực tế .",positive,ky_nang_giang_day
1389,"thầy giảng dễ hiểu , nhiều minh hoạ thực tế .",positive,kinh_nghiem
1390,nếu máy tính bị hư hoặc bận việc đột xuất coi như bị trễ deadline .,negative,thiet_bi_day_hoc
1391,thầy dạy rất vui và hay .,positive,ky_nang_giang_day
1391,thầy dạy rất vui và hay .,positive,hanh_vi
1392,bài tập cần bám sát trên lý thuyết hơn .,negative,bai_tap
1392,bài tập cần bám sát trên lý thuyết hơn .,neutral,de_xuat
1393,"thầy nhiệt tình , dễ hiểu , vui tính .",positive,ky_nang_giang_day
1393,"thầy nhiệt tình , dễ hiểu , vui tính .",positive,hanh_vi
1394,"chương trình của môn khá nặng ở những phần cuối , cần giảm tải một số phần để có hiệu quả trong việc tiếp thu .",negative,chuong_trinh_hoc
1394,"chương trình của môn khá nặng ở những phần cuối , cần giảm tải một số phần để có hiệu quả trong việc tiếp thu .",neutral,de_xuat
1395,dạy chỉ trong slide không bổ sung kiên thức hay giải bài tập .,negative,ky_nang_giang_day
1395,dạy chỉ trong slide không bổ sung kiên thức hay giải bài tập .,negative,bai_tap
1395,dạy chỉ trong slide không bổ sung kiên thức hay giải bài tập .,negative,kien_thuc
1396,"thầy giảng bài chưa cuốn hút , hấp dẫn , dễ làm sinh viên chán và buồn ngủ .",negative,ky_nang_giang_day
1397,"giảng viên thân thiện , hoà đồng , tận tình với sinh viên .",positive,hanh_vi
1398,thầy giảng bài rất hay .,positive,ky_nang_giang_day
1399,em nghĩ cần có những giải pháp đặc biệt giúp những sinh viên dưới tỉnh lên thành phố học tập tốt anh văn .,neutral,de_xuat
1400,cô nên làm các bài tập mẫu nhiều hơn .,neutral,bai_tap
1400,cô nên làm các bài tập mẫu nhiều hơn .,neutral,de_xuat
1401,thầy dạy đúng bài .,positive,ky_nang_giang_day
1402,"thầy hiển dễ chịu , thoải mái , vui tính .",positive,hanh_vi
1403,"giảng viên dạy dễ hiểu , gây thiện cảm .",positive,ky_nang_giang_day
1403,"giảng viên dạy dễ hiểu , gây thiện cảm .",positive,hanh_vi
1404,thầy hiền và nhiệt tình .,positive,hanh_vi
1405,thời gian kết thúc buổi học là 10h30 nhưng cô vẫn tận tâm bỏ ra 30 phút để dạy thêm .,positive,hanh_vi
1406,"thầy dạy rất nhiệt tình , hay , hấp dẫn , lôi cuốn .",positive,ky_nang_giang_day
1406,"thầy dạy rất nhiệt tình , hay , hấp dẫn , lôi cuốn .",positive,hanh_vi
1407,giảng viên giảng bài hơi khó hiểu .,negative,ky_nang_giang_day
1408,cô dạy liên hệ thực tế .,positive,kinh_nghiem
1409,thầy đi trễ rất nhiều lần .,negative,hanh_vi
1410,các phòng lab cần có wifi đủ mạnh để phục vụ tốt cho quá trình thực hành .,negative,thiet_bi_day_hoc
1410,các phòng lab cần có wifi đủ mạnh để phục vụ tốt cho quá trình thực hành .,neutral,de_xuat
1411,cần phòng học và thiết bị tốt hơn .,negative,thiet_bi_day_hoc
1411,cần phòng học và thiết bị tốt hơn .,negative,de_xuat
1412,bài tập còn hơi ít .,negative,bai_tap
1413,thường cho nghỉ .,neutral,ky_nang_giang_day
1414,truyền đạt chính xác cho sinh viên những kiến thức cần thiết của môn học .,positive,ky_nang_giang_day
1414,truyền đạt chính xác cho sinh viên những kiến thức cần thiết của môn học .,positive,kien_thuc
1415,giảng viên tận tâm nhiệt tình và khả năng truyền đạt tốt .,positive,ky_nang_giang_day
1415,giảng viên tận tâm nhiệt tình và khả năng truyền đạt tốt .,positive,hanh_vi
1416,bài tập cụ thể .,neutral,bai_tap
1417,"thầy dạy nhiệt tình , giảng dễ hiểu .",positive,ky_nang_giang_day
1417,"thầy dạy nhiệt tình , giảng dễ hiểu .",positive,hanh_vi
1418,thường xuyên bảo trì nâng cấp các chương trình máy tính .,neutral,thiet_bi_day_hoc
1419,"phương pháp giảng dạy hiệu quả , giải đáp thắc mắc tận tình cụ thể .",positive,ky_nang_giang_day
1419,"phương pháp giảng dạy hiệu quả , giải đáp thắc mắc tận tình cụ thể .",positive,hanh_vi
1420,"cách dạy kỳ quặc , khó hiểu .",negative,ky_nang_giang_day
1421,"giảng viên rất nhiệt tình , hướng dẫn tận tâm cho sinh viên .",positive,hanh_vi
1422,không thực hành .,negative,kinh_nghiem
1423,một số nội dung giảng viên lướt qua khá nhanh .,negative,ky_nang_giang_day
1424,giảng viên dạy rất vui tính .,positive,hanh_vi
1425,"giáo viên dạy tận tình , dễ hiểu , truyền đạt phương pháp học cũng như cách giải quyết bài toán đến học sinh rất kỹ .",positive,ky_nang_giang_day
1426,tích cực trong giảng dạy .,positive,ky_nang_giang_day
1427,"giảng viên nhiệt tình , hay sửa lỗi cho sinh viên .",positive,hanh_vi
1428,"giáo viên nghỉ quá nhiều , việc học bù cũng phức tạp , vì trùng giờ với lớp học bù khác , cần giảng dạy đầy đủ hơn .",negative,ky_nang_giang_day
1428,"giáo viên nghỉ quá nhiều , việc học bù cũng phức tạp , vì trùng giờ với lớp học bù khác , cần giảng dạy đầy đủ hơn .",negative,hanh_vi
1428,"giáo viên nghỉ quá nhiều , việc học bù cũng phức tạp , vì trùng giờ với lớp học bù khác , cần giảng dạy đầy đủ hơn .",neutral,de_xuat
1429,tài liệu tham khảo đầy đủ .,positive,cung_cap_tai_lieu
1430,nâng cao kỹ năng nghe .,neutral,de_xuat
1431,"nội dung truyền đạt của giảng viên hơi dài dòng , lan man .",negative,ky_nang_giang_day
1432,nên giảm thời lượng môn học còn 7 tuần và tăng thời gian mỗi buổi học lên 4 tiết .,neutral,chuong_trinh_hoc
1432,nên giảm thời lượng môn học còn 7 tuần và tăng thời gian mỗi buổi học lên 4 tiết .,neutral,de_xuat
1433,giảng viên chưa chuẩn bị đủ kiến thức cũng như giáo trình .,negative,cung_cap_tai_lieu
1433,giảng viên chưa chuẩn bị đủ kiến thức cũng như giáo trình .,negative,kien_thuc
1434,truyền dạt tốt .,positive,ky_nang_giang_day
1435,"mà chủ yếu tập trung vào phần quản lý thao tác đã được học trong môn hệ quản trị cơ sỡ dữ liệu trong khi đó theo đề cương môn học chỉ dạy một buổi , mà giảng viên dạy nhiều buổi .",negative,chuong_trinh_hoc
1436,ví dụ doubledot lý thuyết chưa học mà đã cho thực hành .,negative,ky_nang_giang_day
1436,ví dụ doubledot lý thuyết chưa học mà đã cho thực hành .,negative,kinh_nghiem
1437,nên không gây quá nhiều áp lực .,negative,ky_nang_giang_day
1437,nên không gây quá nhiều áp lực .,neutral,de_xuat
1438,không cho thời gian báo cáo rõ ràng .,negative,bai_tap
1439,giảng bài cảm thấy rất buồn ngủ .,negative,ky_nang_giang_day
1440,dạy rất hay và nhiệt tình .,positive,ky_nang_giang_day
1440,dạy rất hay và nhiệt tình .,positive,hanh_vi
1441,"dạy từ từ , chi tiết .",positive,ky_nang_giang_day
1442,về giảng dạy .,neutral,noi_chung
1443,thầy quá bận .,negative,hanh_vi
1444,có nhiều bài tập giúp sinh viên thực hành nhiều từ đó nắm được kiến thức môn học .,positive,bai_tap
1444,có nhiều bài tập giúp sinh viên thực hành nhiều từ đó nắm được kiến thức môn học .,positive,kien_thuc
1445,"thiết nghĩ , nên chia thời gian học ra thành 2 buổi , mỗi buổi 2 tiết !",neutral,chuong_trinh_hoc
1445,"thiết nghĩ , nên chia thời gian học ra thành 2 buổi , mỗi buổi 2 tiết !",neutral,de_xuat
1446,cách truyền đạt không gây hứng thú .,negative,ky_nang_giang_day
1447,chương trình hơi nhanh so với lý thuyết .,negative,chuong_trinh_hoc
1448,buổi học trước buổi cuối cùng cô wzjwz132 nói buổi sau đi học nhưng bạn nào không đi cũng được vì không có điểm danh nhưng sau đó thì không có người dạy và cũng không thông báo nghỉ .,negative,hanh_vi
1448,buổi học trước buổi cuối cùng cô wzjwz132 nói buổi sau đi học nhưng bạn nào không đi cũng được vì không có điểm danh nhưng sau đó thì không có người dạy và cũng không thông báo nghỉ .,negative,chuong_trinh_hoc
1449,giáo viên vẫn nhiệt tình mặc dù có một số thành phần không lắng nghe .,positive,hanh_vi
1450,"các bài thực hành thường rất khó , quá tầm hiện tại của các sinh viên , dẫn đến các sinh viên thường nản chí và hầu như bỏ đi 20% số điểm của môn thực hành !",negative,bai_tap
1451,"giảng viên nhiệt tình , thân thiện , vui tính .",positive,hanh_vi
1452,hệ thống máy chiếu cần cải thiện .,negative,thiet_bi_day_hoc
1452,hệ thống máy chiếu cần cải thiện .,negative,de_xuat
1453,"thầy là người vui tính , tổng hợp kiến thức rất khoa học .",positive,hanh_vi
1453,"thầy là người vui tính , tổng hợp kiến thức rất khoa học .",positive,kien_thuc
1454,cách cộng điểm như vậy làm mất thời gian trong quá trình học .,negative,cham_diem
1455,các tiết học của cô rất sôi động và làm em rất hài lòng với khả năng giảng dạy của cô .,positive,ky_nang_giang_day
1456,"thầy nhiệt tình dạy giỏi , cung cấp tài liệu cho sinh viên đầy đủ dễ hiểu .",positive,ky_nang_giang_day
1456,"thầy nhiệt tình dạy giỏi , cung cấp tài liệu cho sinh viên đầy đủ dễ hiểu .",positive,hanh_vi
1456,"thầy nhiệt tình dạy giỏi , cung cấp tài liệu cho sinh viên đầy đủ dễ hiểu .",positive,cung_cap_tai_lieu
1457,cần bài tập thêm vê nhà .,neutral,bai_tap
1457,cần bài tập thêm vê nhà .,neutral,de_xuat
1458,"giáo viên nhiệt tình , đi dạy đúng giờ .",positive,hanh_vi
1459,nội dung môn học cần mở rộng hơn .,negative,chuong_trinh_hoc
1459,nội dung môn học cần mở rộng hơn .,positive,de_xuat
1460,bị chậm hoặc bị treo máy giữa chừng .,negative,thiet_bi_day_hoc
1461,cần có sự kết hợp để chương lý thuyết kịp với thực hành .,negative,chuong_trinh_hoc
1461,cần có sự kết hợp để chương lý thuyết kịp với thực hành .,negative,de_xuat
1462,"hy vọng lần sau sinh viên không nhận được câu "" đâu có ai hỏi tôi đâu mà nói "" của giảng viên khi sinh viên nói là không biết đề thi là đề mở .",negative,hanh_vi
1462,"hy vọng lần sau sinh viên không nhận được câu "" đâu có ai hỏi tôi đâu mà nói "" của giảng viên khi sinh viên nói là không biết đề thi là đề mở .",neutral,de_xuat
1463,phần học nội dung chương trình đào tạo của mỗi khoa quá thừa .,negative,chuong_trinh_hoc
1464,cô dạy rất tuyệt .,positive,ky_nang_giang_day
1465,thầy hài hước vui vẻ nhiệt tình .,positive,hanh_vi
1466,giảng viên truyền đạt hay .,positive,ky_nang_giang_day
1467,thầy nhiệt tình hướng dẫn từng sinh viên .,positive,hanh_vi
1468,không thích phương pháp dạy của thầy !,negative,ky_nang_giang_day
1469,giảng viên thân thiện vui vẻ gần gũi với sinh viên .,positive,hanh_vi
1470,"chấm điểm khó vì phải kết quả đúng mới chấm điểm , không chấm điểm từng bước .",negative,cham_diem
1471,"thầy giảng dễ hiểu , gây sự tập trung , kiến thức rộng và bổ ích .",positive,ky_nang_giang_day
1471,"thầy giảng dễ hiểu , gây sự tập trung , kiến thức rộng và bổ ích .",positive,kien_thuc
1472,"thầy rất hiền và nhiệt tình quan tâm giúp đỡ chúng em , nhất là trong giờ thực hành nên em rất quý thầy .",positive,hanh_vi
1473,"thầy nên chuẩn bị bài trước khi lên lớp , và sử dụng giờ lên lớp hiệu quả , làm cho sao sinh viên hiểu được nội dung môn học .",negative,ky_nang_giang_day
1473,"thầy nên chuẩn bị bài trước khi lên lớp , và sử dụng giờ lên lớp hiệu quả , làm cho sao sinh viên hiểu được nội dung môn học .",negative,de_xuat
1474,"thầy rất dễ chịu , giới thiệu về thực tế bên ngoài nhiều !",positive,kinh_nghiem
1474,"thầy rất dễ chịu , giới thiệu về thực tế bên ngoài nhiều !",positive,hanh_vi
1475,"nhiệt tình , thoải mái .",positive,hanh_vi
1476,có những cách giảng sinh động dễ hiểu .,positive,ky_nang_giang_day
1477,"chỉ dạy ngữ pháp , tiếng anh quan trọng phát âm và nói hơn .",neutral,ky_nang_giang_day
1478,trong lớp thầy luôn tác động để lớp tự giác phát biểu nêu ý kiến .,positive,hanh_vi
1479,dạy nhiều kiến thức ngoài .,positive,kien_thuc
1480,"danh sách lớp phân bổ không đều , số sinh viên nhiều hơn số máy trong phòng lab .",negative,thiet_bi_day_hoc
1481,vui nhộn .,positive,noi_chung
1482,"tuy nhiên , số lượng nhiệm vụ nhiều quá .",negative,bai_tap
1483,giảng kỹ hơn ở vấn đề chính của môn học .,neutral,ky_nang_giang_day
1483,giảng kỹ hơn ở vấn đề chính của môn học .,neutral,de_xuat
1484,"giảng viên giảng dạy không quan tâm đến sinh viên , hiểu hay không !",negative,ky_nang_giang_day
1484,"giảng viên giảng dạy không quan tâm đến sinh viên , hiểu hay không !",negative,hanh_vi
1485,khả năng truyền đạt không được hiệu quả .,negative,ky_nang_giang_day
1486,"không cho nhiều bài tập về phần mạch chẵn lẻ , mạch so sánh .",negative,bai_tap
1487,"thầy dễ tính , nhiệt tình .",positive,hanh_vi
1488,giảng viên dễ tính gần gũi với học sinh .,positive,hanh_vi
1489,"thầy yêu cầu cao về đồ án , hơi chi tiết , mong thầy có thể nhẹ tay hơn với các em khóa sau .",negative,bai_tap
1489,"thầy yêu cầu cao về đồ án , hơi chi tiết , mong thầy có thể nhẹ tay hơn với các em khóa sau .",neutral,de_xuat
1490,chép phạt .,negative,cham_diem
1491,mong thầy vẫn giữa phong độ như thế ;) .,positive,hanh_vi
1492,"sinh viên gửi mail nhưng có lẽ thầy "" bận "" nên không thấy thầy trả lời .",negative,hanh_vi
1493,cách thầy wzjwz173 chấm điểm quá trình quá gắt .,negative,cham_diem
1494,"nhiệt tình , vui tính , giảng dạy dễ hiểu .",positive,ky_nang_giang_day
1494,"nhiệt tình , vui tính , giảng dạy dễ hiểu .",positive,hanh_vi
1495,"cô nói nhanh và làm sinh viên rối hơn khi giải thích , diễn đạt khó hiểu .",negative,ky_nang_giang_day
1496,trợ giảng dạy không hiểu gì .,negative,ky_nang_giang_day
1497,thầy dạy hay .,positive,ky_nang_giang_day
1498,"thầy hăng hái , nhiệt tình .",positive,hanh_vi
1499,"slide còn hơi khô khan , cách giải thích của giảng viên còn chưa thuyết phục dễ hiểu .",negative,ky_nang_giang_day
1499,"slide còn hơi khô khan , cách giải thích của giảng viên còn chưa thuyết phục dễ hiểu .",negative,cung_cap_tai_lieu
1500,thầy dạy tận tình dễ hiểu .,positive,ky_nang_giang_day
1500,thầy dạy tận tình dễ hiểu .,positive,hanh_vi
1501,"giảng viên theo dõi , giám sát quá trình thực hành tốt .",positive,hanh_vi
1502,nó có nghĩa là ở phòng thực hành mạng có thể áp dung cho một hay hai phòng đều nên có giáo viên trực .,negative,thiet_bi_day_hoc
1502,nó có nghĩa là ở phòng thực hành mạng có thể áp dung cho một hay hai phòng đều nên có giáo viên trực .,neutral,de_xuat
1503,kiến thức tốt .,positive,kien_thuc
1504,"cần có những câu hỏi , đề cương ôn tập do giao viên soản thảo để sinh viên có hướng ôn tập nội dung trọng tâm .",negative,cung_cap_tai_lieu
1504,"cần có những câu hỏi , đề cương ôn tập do giao viên soản thảo để sinh viên có hướng ôn tập nội dung trọng tâm .",neutral,de_xuat
1505,thầy dạy nhiều điều mới .,positive,ky_nang_giang_day
1505,thầy dạy nhiều điều mới .,positive,kien_thuc
1506,"thầy nhiệt tình , vui tính .",positive,hanh_vi
1507,cho nhiều bài tập vận dụng .,neutral,bai_tap
1508,"tâm huyết , nhiệt tình .",positive,hanh_vi
1509,thông báo với sinh viên đi nộp ngày 27 nhưng công ty không làm việc .,negative,noi_chung
1510,giọng thầy nói nhỏ và hơi khó nghe .,negative,hanh_vi
1511,đi dạy trễ .,negative,hanh_vi
1512,bài tập hơi ít .,negative,bai_tap
1513,"thầy đến lớp rất đúng giờ , hầu như gần 90% là đến lớp dạy rất đúng giờ .",positive,hanh_vi
1514,thầy dạy nhiệt tình và dễ hiểu .,positive,ky_nang_giang_day
1515,khả năng truyền đạt còn chưa tốt .,negative,ky_nang_giang_day
1516,giảng viên cập nhật rất nhanh các tin tức công nghệ .,positive,ky_nang_giang_day
1516,giảng viên cập nhật rất nhanh các tin tức công nghệ .,positive,kien_thuc
1517,"nên giảng hết chương trình rồi cho sinh viên tìm hiểu nghiên cứu , vì có như thế sinh viên sẽ không mất thời gian và mức độ hiểu và ứng dụng được cao hơn .",negative,chuong_trinh_hoc
1517,"nên giảng hết chương trình rồi cho sinh viên tìm hiểu nghiên cứu , vì có như thế sinh viên sẽ không mất thời gian và mức độ hiểu và ứng dụng được cao hơn .",neutral,de_xuat
1518,chính vì giảng viên tuân thủ slide nên em không thể vượt qua bài cờ tướng với số điểm mong muốn .,negative,cham_diem
1518,chính vì giảng viên tuân thủ slide nên em không thể vượt qua bài cờ tướng với số điểm mong muốn .,negative,cung_cap_tai_lieu
1519,"đi trễ , làm việc riêng trong giờ dạy .",negative,hanh_vi
1520,cần giảng bài bằng tiếng anh nhiều hơn .,negative,ky_nang_giang_day
1520,cần giảng bài bằng tiếng anh nhiều hơn .,negative,de_xuat
1521,nên tăng thời lượng 3 tiết 1 buổi thành 4 tiết 1 buổi để sinh viên tiếp thu nhiều kiến thức hơn .,neutral,chuong_trinh_hoc
1521,nên tăng thời lượng 3 tiết 1 buổi thành 4 tiết 1 buổi để sinh viên tiếp thu nhiều kiến thức hơn .,neutral,de_xuat
1522,"thầy rất rất là dễ hiểu em từ không hiểu học thầy là hiểu , thầy dạy sâu vấn đề , ví dụ rất rõ ràng đi từ dễ đến nâng cao very good .",positive,ky_nang_giang_day
1522,"thầy rất rất là dễ hiểu em từ không hiểu học thầy là hiểu , thầy dạy sâu vấn đề , ví dụ rất rõ ràng đi từ dễ đến nâng cao very good .",positive,kien_thuc
1523,nên có các buổi thuyết trình theo nhóm bằng tiếng anh .,positive,de_xuat
1524,lý thuyết liên hệ với thực tế dễ hình dung và hiểu rõ vấn đề .,positive,kien_thuc
1525,"giảng viên giảng bài dễ hiểu , có ví dụ minh họa cụ thể từng phần giúp sinh viên hiểu kỹ hơn về vấn đề được đề cập đến ạ .",positive,ky_nang_giang_day
1526,mong giảng viên đưa tài liệu giảng dạy lên mạng cho sinh viên nghiên cứu trước khi thi vì trong tài liệu trước cổng trường bán thiếu rất nhiều chi tiết quan trọng .,negative,cung_cap_tai_lieu
1526,mong giảng viên đưa tài liệu giảng dạy lên mạng cho sinh viên nghiên cứu trước khi thi vì trong tài liệu trước cổng trường bán thiếu rất nhiều chi tiết quan trọng .,neutral,de_xuat
1527,giảng viên tương tác tốt .,positive,hanh_vi
1528,bắt đầu tiết học là 7h30 nhưng 8h giảng viên mới đến lớp .,negative,hanh_vi
1529,"giảng viên lên lớp đúng giờ , nhiệt tình giảng dạy .",positive,hanh_vi
1530,nội dung đúng chuyên môn và thực tiễn .,positive,kien_thuc
1530,nội dung đúng chuyên môn và thực tiễn .,positive,chuong_trinh_hoc
1531,"thầy quá nhiệt tình , nội dung giảng dạy mới lạ .",positive,hanh_vi
1531,"thầy quá nhiệt tình , nội dung giảng dạy mới lạ .",positive,kien_thuc
1532,giảng viên cần trau dồi khả năng truyền đạt bài giảng .,negative,ky_nang_giang_day
1532,giảng viên cần trau dồi khả năng truyền đạt bài giảng .,neutral,de_xuat
1533,"đến lớp muộn 15 phút , ra sớm từ 15 đến 30 phút .",negative,hanh_vi
1534,mọi thứ đều tốt .,positive,noi_chung
1535,"cô cần cải thiện thêm việc sử dụng hiệu quả moodle , có vài ứng dụng trên đấy cô vẫn chưa nắm được .",negative,ky_nang_giang_day
1535,"cô cần cải thiện thêm việc sử dụng hiệu quả moodle , có vài ứng dụng trên đấy cô vẫn chưa nắm được .",neutral,de_xuat
1536,cần những có ví dụ minh họa cụ thể và thực hành để hiểu rõ được phần lý thuyết sau khi học .,neutral,kinh_nghiem
1536,cần những có ví dụ minh họa cụ thể và thực hành để hiểu rõ được phần lý thuyết sau khi học .,neutral,de_xuat
1537,chưa chú ý đến sinh viên lắm .,negative,hanh_vi
1538,quá giờ .,negative,noi_chung
1539,chưa đi sâu vào chuyên môn cần thiết .,negative,kien_thuc
1540,cần có nhiều bài học thực tế hơn nữa .,negative,kinh_nghiem
1540,cần có nhiều bài học thực tế hơn nữa .,neutral,de_xuat
1541,cần đẩy mạnh tiếng anh liên quan đến ngành .,neutral,chuong_trinh_hoc
1541,cần đẩy mạnh tiếng anh liên quan đến ngành .,neutral,de_xuat
1542,cảm giác thiếu thiện cảm .,negative,noi_chung
1543,cần phân chia trình độ giữa các bạn để chia lớp rõ ràng hơn .,neutral,chuong_trinh_hoc
1543,cần phân chia trình độ giữa các bạn để chia lớp rõ ràng hơn .,neutral,de_xuat
1544,"thầy vui tính , nhiệt tình giảng bài dễ hiểu .",positive,ky_nang_giang_day
1544,"thầy vui tính , nhiệt tình giảng bài dễ hiểu .",positive,hanh_vi
1545,dạy nhiệt tình .,positive,hanh_vi
1546,giải bài tập giúp sinh viên rèn khá nhiều .,positive,bai_tap
1547,"giáo viên nhiệt tình , giảng khá hay .",positive,ky_nang_giang_day
1547,"giáo viên nhiệt tình , giảng khá hay .",positive,hanh_vi
1548,"vui vẻ , tận tâm !",positive,hanh_vi
1549,"thầy dạy tốt , vui vẻ .",positive,ky_nang_giang_day
1549,"thầy dạy tốt , vui vẻ .",positive,hanh_vi
1550,cần giảng dạy những vấn đề cần giải quyết một cách xúc tích và dễ hiểu .,negative,ky_nang_giang_day
1550,cần giảng dạy những vấn đề cần giải quyết một cách xúc tích và dễ hiểu .,neutral,de_xuat
1551,"giảng giải tận tâm , dạy kỹ giúp sinh viên hiểu bài .",positive,ky_nang_giang_day
1551,"giảng giải tận tâm , dạy kỹ giúp sinh viên hiểu bài .",positive,hanh_vi
1552,"thầy tận tâm , nhiệt tình , giảng bài dễ hiểu .",positive,ky_nang_giang_day
1552,"thầy tận tâm , nhiệt tình , giảng bài dễ hiểu .",positive,hanh_vi
1553,"thay hình thức thi giữa kỳ tự luận bằng thi trắc nghiệm , mở lớp đăng ký thực hành sớm để sinh viên không bị đăng ký trùng lịch .",negative,cham_diem
1553,"thay hình thức thi giữa kỳ tự luận bằng thi trắc nghiệm , mở lớp đăng ký thực hành sớm để sinh viên không bị đăng ký trùng lịch .",negative,chuong_trinh_hoc
1553,"thay hình thức thi giữa kỳ tự luận bằng thi trắc nghiệm , mở lớp đăng ký thực hành sớm để sinh viên không bị đăng ký trùng lịch .",neutral,de_xuat
1554,"cuối cùng , báo cáo đồ án , nhóm mình mà không báo cáo đồ án của mình , mà phải đi báo cáo đồ án của nhóm khác .",negative,bai_tap
1555,giảng viên rất tệ .,negative,hanh_vi
1556,"chia % điểm bài tập , % điểm thi thực hành chưa hợp lý .",negative,bai_tap
1556,"chia % điểm bài tập , % điểm thi thực hành chưa hợp lý .",negative,cham_diem
1557,"có vài buổi thầy "" tận dụng "" tụi em để khiêng bàn ghế cho trường , cũng vui nhưng hơi mệt .",negative,hanh_vi
1558,giảng viên cung cấp nhiều cơ hội thực hành và phát triển các kỹ năng cho sinh viên .,positive,kinh_nghiem
1559,"giảng viên nhiệt tình , truyền đạt tốt .",positive,ky_nang_giang_day
1559,"giảng viên nhiệt tình , truyền đạt tốt .",positive,hanh_vi
1560,nên thông báo về chương trình học của môn học để sinh viên biết trước khi đăng ký môn học đặc biệt là ngôn ngữ được sử dụng trong chương trình học .,negative,chuong_trinh_hoc
1560,nên thông báo về chương trình học của môn học để sinh viên biết trước khi đăng ký môn học đặc biệt là ngôn ngữ được sử dụng trong chương trình học .,negative,de_xuat
1561,các buổi training giúp sinh viên bám sát với cấu trúc đề thi .,positive,chuong_trinh_hoc
1562,"giảng viên thân thiện , vui vẻ , nhiệt tình , rất quan tâm đến sinh viên .",positive,hanh_vi
1563,"dạy nhiệt tình , thêm kiến thức bên ngoài .",positive,ky_nang_giang_day
1563,"dạy nhiệt tình , thêm kiến thức bên ngoài .",positive,kien_thuc
1564,thoải mái .,positive,noi_chung
1565,hay trao đổi về bài dạy với sinh viên .,neutral,hanh_vi
1565,hay trao đổi về bài dạy với sinh viên .,neutral,de_xuat
1566,đề thi quá dài không phù hợp với lượng thời gian thi .,negative,cham_diem
1567,thực hành đa số sinh viên không hiểu .,negative,kinh_nghiem
1568,"seminar thì lung tung , không rõ ràng .",negative,chuong_trinh_hoc
1569,nên quan tâm đến sinh viên nhiều hơn .,negative,hanh_vi
1569,nên quan tâm đến sinh viên nhiều hơn .,neutral,de_xuat
1570,nhiệt tình trong công tác dạy học .,positive,hanh_vi
1571,"chữa bài tập đầy đủ , nhiệt tình .",positive,hanh_vi
1571,"chữa bài tập đầy đủ , nhiệt tình .",positive,bai_tap
1572,em rất hài lòng về phong thái của cô .,positive,hanh_vi
1573,"giảng viên hơi thiếu quan tâm tới sinh viên , những vấn đề thắc mắc của sinh viên chưa giải đáp tận tình .",negative,hanh_vi
1574,"đi trễ ba buổi không được điểm danh trễ , một buổi thầy từ chối điểm danh trễ .",negative,hanh_vi
1575,đều đều không rõ nghĩa .,negative,noi_chung
1576,thầy dạy mọi thứ đều ok hết ạ .,positive,ky_nang_giang_day
1577,cô tận tâm nhiệt tình giúp đỡ cho sinh viên .,positive,hanh_vi
1578,"thầy giảng dễ hiểu , hài hước !",positive,ky_nang_giang_day
1579,cô cho nhiều bài tập rất hay và bổ ích .,positive,bai_tap
1580,không hỗ trợ nhiệt tình .,negative,hanh_vi
1581,cần hướng dẫn nhiều hơn về phần bài tập .,negative,bai_tap
1581,cần hướng dẫn nhiều hơn về phần bài tập .,neutral,de_xuat
1582,nên chú trọng bài tập hơn lý thuyết .,negative,bai_tap
1582,nên chú trọng bài tập hơn lý thuyết .,neutral,de_xuat
1583,thầy hay giảng kiến thức cao siêu quá nên gần như em không hiểu bài mặc dù thầy rất tận tình colonsadcolon .,negative,ky_nang_giang_day
1583,thầy hay giảng kiến thức cao siêu quá nên gần như em không hiểu bài mặc dù thầy rất tận tình colonsadcolon .,positive,hanh_vi
1584,"cần cung cấp đề cương chi tiết của môn học khi bắt đầu học kỳ , hướng dẫn và cung cấp cho sinh viên tài liệu về môn học được nhiều hơn , đầy đủ hơn .",negative,cung_cap_tai_lieu
1584,"cần cung cấp đề cương chi tiết của môn học khi bắt đầu học kỳ , hướng dẫn và cung cấp cho sinh viên tài liệu về môn học được nhiều hơn , đầy đủ hơn .",negative,chuong_trinh_hoc
1584,"cần cung cấp đề cương chi tiết của môn học khi bắt đầu học kỳ , hướng dẫn và cung cấp cho sinh viên tài liệu về môn học được nhiều hơn , đầy đủ hơn .",neutral,de_xuat
1585,"giáo viên nhiệt tình , bài giảng dễ hiểu .",positive,ky_nang_giang_day
1585,"giáo viên nhiệt tình , bài giảng dễ hiểu .",positive,hanh_vi
1586,"hệ thống kiến thức được thầy cung cấp khá nhiều , logic và thiết thực .",positive,kien_thuc
1587,cho nhiều ví dụ dễ hiểu .,positive,ky_nang_giang_day
1588,không biết thầy dạy cái gì cả !,negative,ky_nang_giang_day
1589,môn này theo em thì nên giảng dạy ở hình thức 1 sẽ giúp sinh viên nắm bắt được kiến thức tốt hơn .,neutral,ky_nang_giang_day
1589,môn này theo em thì nên giảng dạy ở hình thức 1 sẽ giúp sinh viên nắm bắt được kiến thức tốt hơn .,positive,de_xuat
1590,giáo viên có nhiều kinh nghiệm .,positive,kinh_nghiem
1591,phần điểm tích cực theo như thầy đánh giá là không hợp lý và công bằng cho tất cả sinh viên nếu điểm đó được tính là wzjwz59 % trong tổng điểm .,negative,cham_diem
1592,"môn học 2 cái đồ án , đồ án lý thuyết thì không liên quan đến nội dung môn học dẫn đến khó hiểu .",negative,bai_tap
1593,"tóm lại , kiến thức tổng quan thì có thể tiếp nhận nhưng kiến thức về chi tiết nội dung thì mập mờ .",negative,kien_thuc
1594,trang bị thêm sách bài tập .,positive,cung_cap_tai_lieu
1595,"giảng dạy ngắn gọn , dễ hiểu , nhiệt tình .",positive,ky_nang_giang_day
1596,cô giáo nói rõ ràng dễ hiểu .,positive,ky_nang_giang_day
1597,"đề kiểm tra không phù hợp với các dạng bài được hướng dẫn trong lớp , ra kiểm tra các dạng bài mới , phân bổ nội dung trong bài kiểm tra không đồng đều với nội dung giảng dạy .",negative,cham_diem
1598,thầy còn hướng dẫn kỹ tại sao những dòng code hoạt động và không hoạt động .,positive,ky_nang_giang_day
1598,thầy còn hướng dẫn kỹ tại sao những dòng code hoạt động và không hoạt động .,positive,kien_thuc
1599,theo sát kỹ sinh viên .,neutral,noi_chung
1600,chất lượng môn học rất tốt .,positive,chuong_trinh_hoc
1601,ít nhiệt tình .,negative,hanh_vi
1602,nên tăng cường các bài tập về nhà .,negative,bai_tap
1602,nên tăng cường các bài tập về nhà .,positive,de_xuat
1603,sau đó thầy cho lời giải sau vài tuần .,negative,ky_nang_giang_day
1604,"tài liệu , nội dung bài học thầy wzjwz197 cung cấp đầy đủ , chi tiết .",positive,cung_cap_tai_lieu
1605,giáo viên không giúp đỡ sinh viên thực hành .,negative,hanh_vi
1606,"thì rất thoải mái , dễ gần gũi , hay cười .",positive,hanh_vi
1607,thầy dạy hơi chậm chút .,negative,ky_nang_giang_day
1608,cám ơn thầy !,positive,noi_chung
1609,giảng viên cần phải có phương pháp dạy hay hơn để sinh viên yếu có hứng thú đối với môn học .,negative,ky_nang_giang_day
1609,giảng viên cần phải có phương pháp dạy hay hơn để sinh viên yếu có hứng thú đối với môn học .,positive,de_xuat
1610,"truyền đạt tốt , tận tâm , nhiệt tình với sinh viên .",positive,ky_nang_giang_day
1610,"truyền đạt tốt , tận tâm , nhiệt tình với sinh viên .",positive,hanh_vi
1611,không dạy bài tập cho sinh viên .,negative,bai_tap
1612,cô dạy không có điểm nhấn cứ đều đều cho đến hết buổi .,negative,ky_nang_giang_day
1613,cô tận tâm với sinh viên .,positive,hanh_vi
1614,"giảng bài dễ nghe , dễ hiểu , có nhiều ví dụ minh họa .",positive,ky_nang_giang_day
1614,"giảng bài dễ nghe , dễ hiểu , có nhiều ví dụ minh họa .",positive,kinh_nghiem
1615,cô khá hiền và cho nhiều bài tập .,positive,hanh_vi
1615,cô khá hiền và cho nhiều bài tập .,negative,bai_tap
1616,cô dạy nhiệt tình và khá hay .,positive,ky_nang_giang_day
1616,cô dạy nhiệt tình và khá hay .,positive,hanh_vi
1617,"thái độ đối với sinh viên không tốt , dẫn đến việc cảm thấy không thoải mái khi học .",negative,hanh_vi
1618,cần phát các bài kiểm tra còn tồn động .,neutral,bai_tap
1618,cần phát các bài kiểm tra còn tồn động .,neutral,de_xuat
1619,"giảng viên dạy rất nhiệt tình , tạo sự thoải mái trong lớp học làm sinh viên hứng thú khi đến lớp .",positive,hanh_vi
1620,"quá nhiều , quá lan man .",negative,noi_chung
1621,"nhiệt tình , giảng kỹ .",positive,ky_nang_giang_day
1621,"nhiệt tình , giảng kỹ .",positive,hanh_vi
1622,"thầy dạy rất nhiệt tình , chăm chú sinh viên coloncontemn .",positive,hanh_vi
1623,không giải đáp thắc mắc của sinh viên mà bắt tự tìm hiểu .,negative,hanh_vi
1624,giảng viên có tâm và có tinh thần giảng dạy .,positive,hanh_vi
1625,nhiều bài tập hay .,positive,bai_tap
1626,"nên cập nhât giáo trình , tài liêu vì tài liệu từ 10 năm trước , rất cũ so với hiện nay .",negative,cung_cap_tai_lieu
1626,"nên cập nhât giáo trình , tài liêu vì tài liệu từ 10 năm trước , rất cũ so với hiện nay .",neutral,de_xuat
1627,"lúc đầu học thầy rất ghét vì thầy giảng khó hiểu và bắt làm như thứ "" trên trời dưới đất "" .",negative,ky_nang_giang_day
1628,"thầy giảng hay , truyền cảm hứng , tạo hứng thú nghe giảng .",positive,ky_nang_giang_day
1628,"thầy giảng hay , truyền cảm hứng , tạo hứng thú nghe giảng .",positive,hanh_vi
1629,"còn visual basic em thấy không cần thiết , nên rút ngắn thời gian giảng dạy lại thay vì mất gần nửa học kỳ để giới thiệu khái quát về visual basic .",negative,ky_nang_giang_day
1629,"còn visual basic em thấy không cần thiết , nên rút ngắn thời gian giảng dạy lại thay vì mất gần nửa học kỳ để giới thiệu khái quát về visual basic .",neutral,de_xuat
1630,trời nóng quá và máy chiếu quá xa với lớp đông học sinh .,negative,thiet_bi_day_hoc
1631,"học phòng elab quá rộng , phân tán sinh viên làm giảng viên khó tương tác trực tiếp với sinh viên .",negative,thiet_bi_day_hoc
1632,trao đổi nhiều với sinh viên .,positive,hanh_vi
1633,đề nghị chuyển tất cả các lớp toán và lý sang phòng học dùng bảng và phấn viết .,neutral,thiet_bi_day_hoc
1633,đề nghị chuyển tất cả các lớp toán và lý sang phòng học dùng bảng và phấn viết .,neutral,de_xuat
1634,"nội dung môn học còn mới , khá nặng , quá nhiều kiến thức gây khó khăn cho sinh viên trong việc tiếp thu .",negative,kien_thuc
1634,"nội dung môn học còn mới , khá nặng , quá nhiều kiến thức gây khó khăn cho sinh viên trong việc tiếp thu .",negative,chuong_trinh_hoc
1635,"giáo viên dễ thương , nhiệt tình , tâm huyết và công bằng .",positive,hanh_vi
1636,nhiều bạn vào được anh văn 1 và lên được anh văn 2 cho dù không biết gì về môn anh văn .,neutral,chuong_trinh_hoc
1637,không liên quan hay hỗ trợ gì cho ngành học .,negative,chuong_trinh_hoc
1638,"kiến thức cung cấp cho sinh viên khá ít cũng như chỉ trong khuôn mẫu , cần có thêm nhiều kiến thức cho thực tế , để các sinh viên thuộc các khoa khác nắm rõ hơn và có thể tìm hiểu và xử lý trong cuộc sống nếu gặp phải .",negative,kien_thuc
1638,"kiến thức cung cấp cho sinh viên khá ít cũng như chỉ trong khuôn mẫu , cần có thêm nhiều kiến thức cho thực tế , để các sinh viên thuộc các khoa khác nắm rõ hơn và có thể tìm hiểu và xử lý trong cuộc sống nếu gặp phải .",neutral,de_xuat
1639,"bài tập lớn năm nay khá hay , tuy nhiên giảng viên chưa hướng dẫn sinh viên làm nhiều .",negative,ky_nang_giang_day
1639,"bài tập lớn năm nay khá hay , tuy nhiên giảng viên chưa hướng dẫn sinh viên làm nhiều .",positive,bai_tap
1640,quá tập trung vào slide .,negative,ky_nang_giang_day
1641,"tự tư duy , sáng tạo ra bài học .",positive,ky_nang_giang_day
1642,như thế làm bài thật nhàm chán .,negative,bai_tap
1643,em nghĩ nên có nhiều tài liệu học tập hơn .,negative,cung_cap_tai_lieu
1643,em nghĩ nên có nhiều tài liệu học tập hơn .,neutral,de_xuat
1644,cần chú trọng kỹ năng nghe nói nhiều sẽ hiệu quả hơn .,neutral,de_xuat
1645,"phong cách giảng dạy của giảng viên rất không thu hút sinh viên , và nội dung giảng dạy không đáp ứng được lượng kiến thức cần thiết làm cho sinh viên không có hứng thú học tập , phải sang lớp học khác , hoặc có khi nghỉ học đến gần hết lớp .",negative,ky_nang_giang_day
1645,"phong cách giảng dạy của giảng viên rất không thu hút sinh viên , và nội dung giảng dạy không đáp ứng được lượng kiến thức cần thiết làm cho sinh viên không có hứng thú học tập , phải sang lớp học khác , hoặc có khi nghỉ học đến gần hết lớp .",negative,kien_thuc
1646,chán lắm luôn .,negative,noi_chung
1647,"thiết bị phòng học z còn nhiều trục trặc , đặc biệt máy chiếu chưa có độ phân giải đủ để học , thường xảy ra trục trặc .",negative,thiet_bi_day_hoc
1648,chưa thực sự hiệu quả cũng như truyền được hứng thú cho sinh viên .,negative,ky_nang_giang_day
1649,"cải thiện chất lượng quạt , phòng rất nóng , hầm và bí .",negative,thiet_bi_day_hoc
1649,"cải thiện chất lượng quạt , phòng rất nóng , hầm và bí .",negative,de_xuat
1650,làm bài tập và kiểm tra bài thường xuyên .,positive,bai_tap
1651,"chất lượng dạy còn khá nhiều chỗ chưa tốt , thời gian dạy còn chưa hiệu quả .",negative,ky_nang_giang_day
1652,cô dạy rất tốt rất vui .,positive,ky_nang_giang_day
1652,cô dạy rất tốt rất vui .,positive,hanh_vi
1653,"cuối môn học , giáo viên chưa có tiết để hệ thống lại kiến thức cho sinh viên ôn tập .",negative,ky_nang_giang_day
1654,kiến thức và sự hiểu biết thực tiễn của thầy được truyền đạt đến sinh viên .,positive,kien_thuc
1655,thầy giảng lý thuyết sơ sài rồi kêu sinh viên về tự google mà code .,negative,ky_nang_giang_day
1656,"nhiệt tình , luôn luôn đúng giờ !",positive,hanh_vi
1657,"môn học quá chú trọng vào cách làm giàu , cách mở công ty , cách kinh doanh , mặt hàng kinh doanh .",negative,chuong_trinh_hoc
1658,biết làm bài tập của môn học nhưng không hiểu nó liên quan gì đến thực tế .,negative,kinh_nghiem
1658,biết làm bài tập của môn học nhưng không hiểu nó liên quan gì đến thực tế .,positive,bai_tap
1659,thầy dạy dễ hiểu cách truyền đạt rất hay và thầy rất nhiệt tình với những thắc mắc của sinh viên .,positive,ky_nang_giang_day
1659,thầy dạy dễ hiểu cách truyền đạt rất hay và thầy rất nhiệt tình với những thắc mắc của sinh viên .,positive,hanh_vi
1660,"nội dung thực hành nên có tính gợi mở và giáo viên hướng dẫn sinh viên làm , chứ cho bài thực hành kiểu như sắp xếp cứ làm y như vậy là được , nhưng chả hiểu nó từ đâu đến và nằm ở đâu .",negative,kinh_nghiem
1660,"nội dung thực hành nên có tính gợi mở và giáo viên hướng dẫn sinh viên làm , chứ cho bài thực hành kiểu như sắp xếp cứ làm y như vậy là được , nhưng chả hiểu nó từ đâu đến và nằm ở đâu .",negative,bai_tap
1660,"nội dung thực hành nên có tính gợi mở và giáo viên hướng dẫn sinh viên làm , chứ cho bài thực hành kiểu như sắp xếp cứ làm y như vậy là được , nhưng chả hiểu nó từ đâu đến và nằm ở đâu .",neutral,de_xuat
1661,dạy lý thuyết hơi khó hiểu .,negative,ky_nang_giang_day
1662,cho ra nhiều tiết thực hành hơn .,negative,chuong_trinh_hoc
1662,cho ra nhiều tiết thực hành hơn .,neutral,de_xuat
1663,"thầy có tâm , dạy nhiệt tình .",positive,hanh_vi
1664,"thầy dạy tốt , năng động .",positive,ky_nang_giang_day
1664,"thầy dạy tốt , năng động .",positive,hanh_vi
1665,"thầy dạy rất trầm , bài giảng chưa lôi cuốn , rất nhàm chán .",negative,ky_nang_giang_day
1666,môn học này khi ra trường có thể sẽ không ứng dụng nhiều .,negative,chuong_trinh_hoc
1667,"giảng viên nhiệt tình , kiến thức chuyên sâu , thực tiễn .",positive,kinh_nghiem
1667,"giảng viên nhiệt tình , kiến thức chuyên sâu , thực tiễn .",positive,hanh_vi
1667,"giảng viên nhiệt tình , kiến thức chuyên sâu , thực tiễn .",positive,kien_thuc
1668,và rất hiểu sinh viên .,positive,hanh_vi
1669,"mong nhà trường sửa chữa lại các máy tính đã bị hỏng ở phòng thực hành khoa wzjwz4 phòng wzjwz5 , để quá trình thực hành của sinh viên được tốt hơn .",negative,thiet_bi_day_hoc
1669,"mong nhà trường sửa chữa lại các máy tính đã bị hỏng ở phòng thực hành khoa wzjwz4 phòng wzjwz5 , để quá trình thực hành của sinh viên được tốt hơn .",neutral,de_xuat
1670,"thầy rất nhiệt tình , tận tình trả lời các câu hỏi từ sinh viên .",positive,hanh_vi
1671,thầy giảng bài rất dễ hiểu .,positive,ky_nang_giang_day
1672,"thầy tận tình , khi sinh viên không hiểu thầy tận tâm chỉ cho tới khi hiểu .",positive,ky_nang_giang_day
1672,"thầy tận tình , khi sinh viên không hiểu thầy tận tâm chỉ cho tới khi hiểu .",positive,hanh_vi
1673,giảng viên hay lên lớp trễ .,negative,hanh_vi
1674,"thầy giảng rất nhanh , cho bài tập và dotdotdot ngồi chơi và gần như là tất cả các buổi .",negative,ky_nang_giang_day
1674,"thầy giảng rất nhanh , cho bài tập và dotdotdot ngồi chơi và gần như là tất cả các buổi .",negative,hanh_vi
1674,"thầy giảng rất nhanh , cho bài tập và dotdotdot ngồi chơi và gần như là tất cả các buổi .",neutral,bai_tap
1675,giảng viên có sử dụng hệ thống micro thoại và loa cho sinh viên dễ dàng lắng nghe cũng như hiểu được vấn đề giảng viên đang giảng dạy .,positive,thiet_bi_day_hoc
1676,nhiệt tình trả lời câu hỏi của sinh viên .,positive,hanh_vi
1677,giảng viên đưa ra nhiều bài tập từ dễ đến khó .,positive,bai_tap
1678,giảng viên không nhiệt tình giải đáp thắc mắc .,negative,hanh_vi
1679,giảng dạy đều .,positive,ky_nang_giang_day
1680,slide còn nhiêu chỗ khó hiểu nếu chỉ ở nhà đọc slide mà không lên lớp nghe giảng .,negative,cung_cap_tai_lieu
1681,nên có nhiều buổi đi thực tế .,negative,kinh_nghiem
1681,nên có nhiều buổi đi thực tế .,neutral,de_xuat
1682,chắc tại bữa giáo viên dạy mà hôm đó em học mác – lênin .,neutral,ky_nang_giang_day
1683,cách dạy của thầy giúp sinh viên có thể chủ động và rất dễ hiểu .,positive,ky_nang_giang_day
1684,cần thay đổi phương pháp giúp truyền đạt giúp học sinh dễ hiểu hơn vì đây là môn khá nặng về lý thuyết .,negative,ky_nang_giang_day
1684,cần thay đổi phương pháp giúp truyền đạt giúp học sinh dễ hiểu hơn vì đây là môn khá nặng về lý thuyết .,neutral,de_xuat
1685,nên đảm bảo giờ lên lớp hơn .,negative,chuong_trinh_hoc
1685,nên đảm bảo giờ lên lớp hơn .,neutral,de_xuat
1686,chắc là em không có gì là không hài lòng về thầy wzjwz317 .,positive,hanh_vi
1687,"đồng thời giảng viên nên giảng giải kỹ hơn , cụ thể hơn các bài toán đã cho .",negative,ky_nang_giang_day
1687,"đồng thời giảng viên nên giảng giải kỹ hơn , cụ thể hơn các bài toán đã cho .",positive,de_xuat
1688,thầy là giảng viên đầu tiên mà em đánh giá điểm 4 ở gần như tất cả các mục .,positive,noi_chung
1689,thầy yêu cầu quá cao so với sinh viên không đúng chuyên ngành .,negative,ky_nang_giang_day
1690,anh rất nhiệt tình trong giảng dạy và giải đáp thắc mắc của sinh viên .,positive,ky_nang_giang_day
1690,anh rất nhiệt tình trong giảng dạy và giải đáp thắc mắc của sinh viên .,positive,hanh_vi
1691,nội dung hay .,positive,chuong_trinh_hoc
1692,"sự nhiệt tình , tận tâm và chuyên môn tốt .",positive,hanh_vi
1692,"sự nhiệt tình , tận tâm và chuyên môn tốt .",positive,kien_thuc
1693,dẫn đến việc chưa nắm rõ lý thuyết đã phải làm bài tập .,negative,bai_tap
1693,dẫn đến việc chưa nắm rõ lý thuyết đã phải làm bài tập .,negative,kien_thuc
1694,"giảng dạy tốt , dễ hiểu , cho nhiều bài tập ôn luyện dễ hiểu .",positive,ky_nang_giang_day
1694,"giảng dạy tốt , dễ hiểu , cho nhiều bài tập ôn luyện dễ hiểu .",positive,bai_tap
1695,đảm bảo giờ lên lớp đầy đủ cho sinh viên .,neutral,chuong_trinh_hoc
1696,lịch nghỉ quá nhiều nhưng lịch học bù không hợp lý .,negative,chuong_trinh_hoc
1697,"thầy tận tâm với học sinh , cung cấp tài liệu đầy đủ nhất có thể cho học sinh .",positive,hanh_vi
1697,"thầy tận tâm với học sinh , cung cấp tài liệu đầy đủ nhất có thể cho học sinh .",positive,cung_cap_tai_lieu
1698,thời gian hướng dẫn thực hành với môn học quá ít .,negative,kinh_nghiem
1699,"cần chú trọng hiệu quả môn học , đảm bảo sinh viên có thể giao tiếp được .",negative,chuong_trinh_hoc
1699,"cần chú trọng hiệu quả môn học , đảm bảo sinh viên có thể giao tiếp được .",neutral,de_xuat
1700,bài tập thực hành nên cho thời gian dài hơn .,neutral,bai_tap
1700,bài tập thực hành nên cho thời gian dài hơn .,neutral,de_xuat
1701,cảm ơn hai thầy và nhà trường đã đọc !,positive,hanh_vi
1702,nên giúp sinh viên tự nhiên trong giao tiếp .,neutral,de_xuat
1703,thầy nhiệt tình và quan tâm đến sinh viên .,positive,hanh_vi
1704,"thoải mái , cung cấp đầy đủ kiến thức .",positive,kien_thuc
1705,rất thú vị .,positive,noi_chung
1706,giáo viên thường xuyên cho bài tập về nhà để nghiên cứu .,neutral,bai_tap
1707,chất lượng của môn học rất tốt .,positive,chuong_trinh_hoc
1708,"giảng viên dạy dễ hiểu , rõ ràng .",positive,ky_nang_giang_day
1709,giáo viên tận tình giảng dạy .,positive,hanh_vi
1710,"em hy vọng phòng học ít người hơn , vì học 4 tiết buổi chiều rất là mệt mỏi , hơn nữa , thời tiết nóng và lớp đông gây nên xao lãng bài học , việc học tập trong lớp nhỏ và đông như vậy rất khó tiếp thu .",negative,thiet_bi_day_hoc
1710,"em hy vọng phòng học ít người hơn , vì học 4 tiết buổi chiều rất là mệt mỏi , hơn nữa , thời tiết nóng và lớp đông gây nên xao lãng bài học , việc học tập trong lớp nhỏ và đông như vậy rất khó tiếp thu .",neutral,de_xuat
1711,"thầy tích cực , tận tâm vì sinh viên .",positive,hanh_vi
1712,"đề thi giữa kỳ do giảng viên ra có 15 câu trắc nghiệm nhưng lại có 3 câu ra sai đáp án , trong đó có 1 câu giảng viên không biết câu nào sai và vì sao sai , phần tự luận ra sai câu trigger .",negative,cham_diem
1713,"như vậy , chất lượng dạy và học sẽ được nâng lên đáng kể ạ .",positive,noi_chung
1714,giảnh bài hơi nhanh .,negative,ky_nang_giang_day
1715,các bài thực hành cần có tính định hướng hơn thay vì làm các công việc cụ thể như nạp firmware cho router .,negative,bai_tap
1715,các bài thực hành cần có tính định hướng hơn thay vì làm các công việc cụ thể như nạp firmware cho router .,neutral,de_xuat
1716,giảng dạy chất lượng .,positive,ky_nang_giang_day
1717,"vui vẻ , nhiệt tình chỉ bảo .",positive,hanh_vi
1718,"dạy dễ hiểu , ân cần .",positive,ky_nang_giang_day
1718,"dạy dễ hiểu , ân cần .",positive,hanh_vi
1719,tất cả đều hài lòng .,positive,noi_chung
1720,"thầy dạy tận tâm , dễ hiểu , vui tính , có kiến thức sâu rộng trong nhiều lĩnh vực .",positive,ky_nang_giang_day
1720,"thầy dạy tận tâm , dễ hiểu , vui tính , có kiến thức sâu rộng trong nhiều lĩnh vực .",positive,hanh_vi
1720,"thầy dạy tận tâm , dễ hiểu , vui tính , có kiến thức sâu rộng trong nhiều lĩnh vực .",positive,kien_thuc
1721,giảng viên khi giảng giọng đều đều dễ làm sinh viên nghe vào buồn ngủ .,negative,ky_nang_giang_day
1722,nhiều lúc thầy dạy hơi khó hiểu .,negative,ky_nang_giang_day
1723,quả không sai !,positive,noi_chung
1724,giảng viên cần nâng cao ý thức giảng dạy .,negative,ky_nang_giang_day
1724,giảng viên cần nâng cao ý thức giảng dạy .,neutral,de_xuat
1725,cô rất công bằng và xét đúng năng lực sinh viên qua bài test đánh giá năng lực quá trình .,positive,hanh_vi
1725,cô rất công bằng và xét đúng năng lực sinh viên qua bài test đánh giá năng lực quá trình .,positive,cham_diem
1726,cô có nhiều chia sẻ hay về cuộc sống thông qua môn học .,positive,hanh_vi
1727,"giảng viên rất biết lắng nghe và phân tích , môn học có tính sáng tạo cao .",positive,hanh_vi
1727,"giảng viên rất biết lắng nghe và phân tích , môn học có tính sáng tạo cao .",positive,chuong_trinh_hoc
1728,"thầy tận tâm , dạy dễ hiểu , hướng dẫn kỹ cho sinh viên cách giải bài tập .",positive,ky_nang_giang_day
1728,"thầy tận tâm , dạy dễ hiểu , hướng dẫn kỹ cho sinh viên cách giải bài tập .",positive,hanh_vi
1729,phong thái chuyên nghiệp .,positive,hanh_vi
1730,"thầy trẻ , hiền , dạy dễ hiểu .",positive,ky_nang_giang_day
1730,"thầy trẻ , hiền , dạy dễ hiểu .",positive,hanh_vi
1731,thầy tạo ra nhiều hoạt động hay để áp dụng kiến thức vào bài học .,positive,ky_nang_giang_day
1732,thầy cập nhật bài tập và thông báo rất rõ ràng trên moodle .,positive,bai_tap
1732,thầy cập nhật bài tập và thông báo rất rõ ràng trên moodle .,positive,cung_cap_tai_lieu
1733,giảng viên tận tâm hướng dẫn từng sinh viên dot theo dõi từng bước đi của sinh viên dot dạy dễ hiểu .,positive,ky_nang_giang_day
1733,giảng viên tận tâm hướng dẫn từng sinh viên dot theo dõi từng bước đi của sinh viên dot dạy dễ hiểu .,positive,hanh_vi
1734,đề nghị phòng đào tạo sắp lịch thực hành cho môn này kỹ lưỡng hơn .,negative,chuong_trinh_hoc
1734,đề nghị phòng đào tạo sắp lịch thực hành cho môn này kỹ lưỡng hơn .,neutral,de_xuat
1735,nên bớt học sinh .,neutral,de_xuat
1736,"thầy gần gũi thân thiện nhiệt tình , nhất là khi muốn phúc khảo bài thi .",positive,hanh_vi
1736,"thầy gần gũi thân thiện nhiệt tình , nhất là khi muốn phúc khảo bài thi .",neutral,cham_diem
1737,nên hướng dẫn rõ hơn .,negative,ky_nang_giang_day
1737,nên hướng dẫn rõ hơn .,neutral,de_xuat
1738,giảng viên nên thêm nhiều bài tập thực hành trên lớp cũng như bài tập ôn tập thi các kỳ cho sinh viên .,negative,bai_tap
1738,giảng viên nên thêm nhiều bài tập thực hành trên lớp cũng như bài tập ôn tập thi các kỳ cho sinh viên .,neutral,de_xuat
1739,nhiệt tình trao đổi ý kiến với sinh viên .,positive,hanh_vi
1740,"thầy kể chuyện hay , nhiệt tình , nói các vấn đề sát với thực tế ngành công nghệ thông tin .",positive,ky_nang_giang_day
1740,"thầy kể chuyện hay , nhiệt tình , nói các vấn đề sát với thực tế ngành công nghệ thông tin .",positive,kinh_nghiem
1740,"thầy kể chuyện hay , nhiệt tình , nói các vấn đề sát với thực tế ngành công nghệ thông tin .",positive,hanh_vi
1741,phương pháp dạy không được thu hút lắm .,negative,ky_nang_giang_day
1742,luôn mong muốn sinh viên có nhận thức đúng đắn về việc tự trang bị kiến thức .,neutral,kien_thuc
1742,luôn mong muốn sinh viên có nhận thức đúng đắn về việc tự trang bị kiến thức .,positive,de_xuat
1743,"hoạt động thực hành khá hiệu quả , giúp nhanh áp dụng lý thuyết .",positive,kinh_nghiem
1744,kiến thức truyền đạt hơi ít .,negative,kien_thuc
1745,"cô nhiệt tình , tài liệu post đầy đủ trên mạng .",positive,hanh_vi
1745,"cô nhiệt tình , tài liệu post đầy đủ trên mạng .",positive,cung_cap_tai_lieu
1746,đề thi sát với môn học .,positive,chuong_trinh_hoc
1747,nhiệt tình giúp đỡ .,positive,hanh_vi
1748,"giảng viên giảng dạy nhiệt tình , dễ hiểu !",positive,ky_nang_giang_day
1748,"giảng viên giảng dạy nhiệt tình , dễ hiểu !",positive,hanh_vi
1749,em không có ý kiến về mục này .,neutral,noi_chung
1750,cập nhật hệ thống tài liệu môn học trọng tâm vào những yếu tố chính và cơ bản .,neutral,cung_cap_tai_lieu
1750,cập nhật hệ thống tài liệu môn học trọng tâm vào những yếu tố chính và cơ bản .,neutral,de_xuat
1751,"lên lớp đúng giờ , dạy dễ hiểu .",positive,ky_nang_giang_day
1751,"lên lớp đúng giờ , dạy dễ hiểu .",positive,hanh_vi
1752,truyền đạt nhiều kiến thức .,positive,ky_nang_giang_day
1752,truyền đạt nhiều kiến thức .,positive,kien_thuc
1753,kết hợp lý thuyết và thực hành .,neutral,chuong_trinh_hoc
1754,cho nhiều bài tập .,negative,bai_tap
1755,"cần cải thiện chất lượng phòng học thực hành của khoa wzjwz36 tại phòng wzjwz37 , máy tính của trường cung cấp không thể sử dụng để thực hành , 10% sinh viên phải dùng laptop cá nhân để làm thực hành , bên cạnh đó phòng học cũng rất chật và nóng bức .",negative,thiet_bi_day_hoc
1755,"cần cải thiện chất lượng phòng học thực hành của khoa wzjwz36 tại phòng wzjwz37 , máy tính của trường cung cấp không thể sử dụng để thực hành , 10% sinh viên phải dùng laptop cá nhân để làm thực hành , bên cạnh đó phòng học cũng rất chật và nóng bức .",negative,de_xuat
1756,thầy nghỉ quá nhiều tiết và chỉ dạy những thứ mà sinh viên đã biết rồi hoặc đã có trong slide .,negative,ky_nang_giang_day
1756,thầy nghỉ quá nhiều tiết và chỉ dạy những thứ mà sinh viên đã biết rồi hoặc đã có trong slide .,negative,hanh_vi
1757,"hiếm có môn học nào mà hình thức kiểm tra bao gồm cả việc thi giữa kỳ , cuối kỳ , thực hành lẫn làm đồ án môn học .",neutral,cham_diem
1758,nên lắng nghe sinh viên nói .,negative,hanh_vi
1758,nên lắng nghe sinh viên nói .,positive,de_xuat
1759,"ít nói chuyện trực tiếp với từng học sinh nhiều , ít cầm micro nên học sinh ngồi dưới nhiều khi không nghe rõ hoặc không nghe được .",negative,ky_nang_giang_day
1759,"ít nói chuyện trực tiếp với từng học sinh nhiều , ít cầm micro nên học sinh ngồi dưới nhiều khi không nghe rõ hoặc không nghe được .",negative,hanh_vi
1760,cô dạy khó hiểu .,negative,ky_nang_giang_day
1761,giảng viên luôn đúng giờ và nhiệt tình .,positive,hanh_vi
1762,"nhiều chỗ thầy giải thích quá phức tạp , khó hiểu .",negative,ky_nang_giang_day
1763,"hòa đồng , biết lắng nghe ý kiến của sinh viên .",positive,hanh_vi
1764,"rất nhiệt tình giảng dạy , đảm bảo giờ lên lớp và sử dụng tối đa giờ lên lớp .",positive,ky_nang_giang_day
1764,"rất nhiệt tình giảng dạy , đảm bảo giờ lên lớp và sử dụng tối đa giờ lên lớp .",positive,hanh_vi
1765,"khi có việc bận riêng và không thể đứng lớp , giảng viên đều bù đúng số buổi .",positive,hanh_vi
1766,"thầy dạy hay , nhiệt tình , vui vẻ .",positive,ky_nang_giang_day
1766,"thầy dạy hay , nhiệt tình , vui vẻ .",positive,hanh_vi
1767,"em thấy nên sử dụng slide tiếng việt , sinh viên sẽ dễ tiếp thu hơn .",positive,cung_cap_tai_lieu
1767,"em thấy nên sử dụng slide tiếng việt , sinh viên sẽ dễ tiếp thu hơn .",positive,de_xuat
1768,không có điểm nào không hài lòng .,positive,noi_chung
1769,cô có kiến thức cao và có nhiệt tình giúp sinh viên .,positive,hanh_vi
1769,cô có kiến thức cao và có nhiệt tình giúp sinh viên .,positive,kien_thuc
1770,em thông qua kênh này lần nữa để báo lại với phòng đào tạo là môn này wzjwz68 và wzjwz69 bị nhầm mã môn và điểm thành phần với nhau ạ .,negative,cham_diem
1770,em thông qua kênh này lần nữa để báo lại với phòng đào tạo là môn này wzjwz68 và wzjwz69 bị nhầm mã môn và điểm thành phần với nhau ạ .,negative,chuong_trinh_hoc
1771,không nghiêm khắc lắm .,negative,hanh_vi
1772,cần tăng cường nhiều biện pháp trừng phạt khi sinh viên không làm bài tập .,negative,bai_tap
1772,cần tăng cường nhiều biện pháp trừng phạt khi sinh viên không làm bài tập .,neutral,de_xuat
1773,thầy không khắt khe với sinh viên .,negative,hanh_vi
1774,"dạy tốt , nhiệt tình , truyền đạt tốt .",positive,ky_nang_giang_day
1774,"dạy tốt , nhiệt tình , truyền đạt tốt .",positive,hanh_vi
1775,"dạy rõ ràng , nội dung hay .",positive,ky_nang_giang_day
1775,"dạy rõ ràng , nội dung hay .",positive,kien_thuc
1775,"dạy rõ ràng , nội dung hay .",positive,chuong_trinh_hoc
1776,giảng viên tận tâm với học sinh .,positive,hanh_vi
1777,cần có tiết chế trong bài thực hành làm sao để đáp ứng đúng những gì sinh viên đang có hoặc trang bị phòng thực hành có cấu hình cao .,negative,thiet_bi_day_hoc
1777,cần có tiết chế trong bài thực hành làm sao để đáp ứng đúng những gì sinh viên đang có hoặc trang bị phòng thực hành có cấu hình cao .,neutral,de_xuat
1778,cách giảng dạy không phù hợp với sinh viên .,negative,ky_nang_giang_day
1779,"vui vẻ , tận tình .",positive,hanh_vi
1780,thầy giảng nhanh quá !,negative,ky_nang_giang_day
1781,chủ động trong việc giảng dạy .,positive,ky_nang_giang_day
1782,dạy song song với ôn tập kiến thức cũ .,neutral,ky_nang_giang_day
1783,phải tạo điều kiện cho sinh viên thực hành nhiều hơn .,negative,kinh_nghiem
1783,phải tạo điều kiện cho sinh viên thực hành nhiều hơn .,neutral,de_xuat
1784,chia sẻ nhiều slide có giá trị học tập cao .,positive,cung_cap_tai_lieu
1785,micro hư thường xuyên .,negative,thiet_bi_day_hoc
1786,thầy hay bận .,negative,hanh_vi
1787,"luyện nói , nghe ít hoạt động vui , thoải mái .",positive,chuong_trinh_hoc
1788,"giáo viên tận tình giảng dạy , phương pháp và cách giảng bài dễ hiểu .",positive,ky_nang_giang_day
1789,giáo viên giảng dạy có trách nhiệm .,positive,hanh_vi
1790,có cho làm bài tập mỗi buổi .,neutral,bai_tap
1791,giảng viên nên cho thêm bài tập và hướng dẫn giải .,negative,bai_tap
1791,giảng viên nên cho thêm bài tập và hướng dẫn giải .,neutral,de_xuat
1792,"trang thiết bị phục vụ cho việc học còn nhiều hạn chế , cụ thể là ở tòa nhà c hầu hết các phòng không có màng che nên sinh viên không thể nhìn rõ slide để có thể học .",negative,thiet_bi_day_hoc
1793,"tinh thần , kiến thức .",neutral,hanh_vi
1793,"tinh thần , kiến thức .",neutral,kien_thuc
1794,cô wzjwz117 dạy rất nhiệt tình và dễ hiểu .,positive,ky_nang_giang_day
1795,"thầy dạy hay , rất vui vẻ .",positive,ky_nang_giang_day
1795,"thầy dạy hay , rất vui vẻ .",positive,hanh_vi
1796,em xin cảm ơn !,positive,noi_chung
1797,"bài giảng của cô rất hay , tuy nhiên sinh viên không nắm được các phần quan trọng , và phủ đều lên toàn bộ bài giảng , do đó gây khó hiểu , mất tập trung , hoặc gây buồn ngủ .",negative,ky_nang_giang_day
1798,cô nên cho làm bài tập theo team nhiều hơn .,negative,bai_tap
1798,cô nên cho làm bài tập theo team nhiều hơn .,neutral,de_xuat
1799,về phương pháp giảng dạy và cách truyền đạt của giáo viên .,neutral,ky_nang_giang_day
1800,"đi từ dễ đến khó , có định hướng rõ ràng .",positive,chuong_trinh_hoc
1801,"giảng dạy qua loa , mơ hồ , phó thác cho google , luyên thuyên lan man nhiều .",negative,ky_nang_giang_day
1802,giảng viên cần có phương pháp giảng dạy sâu hơn .,negative,ky_nang_giang_day
1802,giảng viên cần có phương pháp giảng dạy sâu hơn .,neutral,de_xuat
1803,lần sau nên chuyển sang trắc nghiệm hỏi được nhiều cái hơn .,neutral,de_xuat
1804,"cô là người nhiệt huyết , có cách truyền cảm hứng cho sinh viên .",positive,hanh_vi
1805,"dạy hơi "" lạc đề "" , dạy "" ít ai hiểu "" mà cho đề bài tập bao khó , đồ án bao khủng .",negative,ky_nang_giang_day
1805,"dạy hơi "" lạc đề "" , dạy "" ít ai hiểu "" mà cho đề bài tập bao khó , đồ án bao khủng .",negative,bai_tap
1806,cần nâng cao công tác giảng dạy .,negative,ky_nang_giang_day
1806,cần nâng cao công tác giảng dạy .,neutral,de_xuat
1807,thầy thường vắng và thay vào đó là dạy bù .,negative,hanh_vi
1808,thầy nhiệt tình chu đáo quan tâm đến học sinh .,positive,hanh_vi
1809,"giảng viên hiểu tâm lý sinh viên , giảng viên giảng bài dễ hiểu .",positive,ky_nang_giang_day
1809,"giảng viên hiểu tâm lý sinh viên , giảng viên giảng bài dễ hiểu .",positive,hanh_vi
1810,kiểm tra thường xuyên .,neutral,cham_diem
1811,phòng lab nên được cải thiện .,negative,thiet_bi_day_hoc
1811,phòng lab nên được cải thiện .,neutral,de_xuat
1812,hay .,positive,noi_chung
1813,phân chia nhóm thực hành không hợp lý và thầy cũng không quan tâm .,negative,hanh_vi
1813,phân chia nhóm thực hành không hợp lý và thầy cũng không quan tâm .,negative,bai_tap
1814,lên lớp không đều lắm .,negative,noi_chung
1815,không dạy lố giờ nữa .,negative,chuong_trinh_hoc
1816,bám vào slide đọc khá nhiều .,negative,ky_nang_giang_day
1817,trình bày ý trong slide rất chi tiết .,positive,cung_cap_tai_lieu
1818,"bài tập nhiều , đầy đủ dạng .",positive,bai_tap
1819,giảng viên chấm bài thi hơi khó .,negative,cham_diem
1820,một số kiến thức năng cao thầy trình bày còn khó hiểu .,negative,ky_nang_giang_day
1820,một số kiến thức năng cao thầy trình bày còn khó hiểu .,negative,kien_thuc
1821,đưa ra nhiều phương pháp để giải bài tập .,positive,ky_nang_giang_day
1822,không có ý kiến gì ạ .,neutral,noi_chung
1823,"tên môn học là seminar các vấn đề hiện đại của công nghệ phần mềm , nhưng phần seminar của mỗi nhóm là trình bày các vấn đề của các phần mềm trong lịch sử , thời trước .",neutral,chuong_trinh_hoc
1824,do gộp cả cấu trúc dữ liệu 1 và 2 vào trong cùng 1 học kỳ nên lượng kiến thức khá nhiều .,negative,chuong_trinh_hoc
1825,thầy đi dạy rất đúng giờ .,positive,hanh_vi
1826,nhiệt tình truyền đạt kiến thức .,positive,ky_nang_giang_day
1826,nhiệt tình truyền đạt kiến thức .,positive,hanh_vi
1827,"cô rất nhiệt tình với sinh viên , vui vẻ , dễ chịu .",positive,hanh_vi
1828,em rất thất vọng với môn học của giảng viên này .,negative,chuong_trinh_hoc
1829,"giảng viên lý thuyết , thực hành cần thay đổi cách giảng dạy để sinh viên hiểu được nội dung của môn học .",negative,ky_nang_giang_day
1829,"giảng viên lý thuyết , thực hành cần thay đổi cách giảng dạy để sinh viên hiểu được nội dung của môn học .",neutral,de_xuat
1830,"giảng viên cần chú tâm hơn , giải thích vấn đề cho sinh viên , việc ôn tập cho kỳ thi chưa tốt , mức độ ra đề khác với quá trình ôn tập , quá trình học chưa giải đáp hết thắc mắc .",negative,ky_nang_giang_day
1830,"giảng viên cần chú tâm hơn , giải thích vấn đề cho sinh viên , việc ôn tập cho kỳ thi chưa tốt , mức độ ra đề khác với quá trình ôn tập , quá trình học chưa giải đáp hết thắc mắc .",negative,hanh_vi
1830,"giảng viên cần chú tâm hơn , giải thích vấn đề cho sinh viên , việc ôn tập cho kỳ thi chưa tốt , mức độ ra đề khác với quá trình ôn tập , quá trình học chưa giải đáp hết thắc mắc .",negative,cham_diem
1830,"giảng viên cần chú tâm hơn , giải thích vấn đề cho sinh viên , việc ôn tập cho kỳ thi chưa tốt , mức độ ra đề khác với quá trình ôn tập , quá trình học chưa giải đáp hết thắc mắc .",neutral,de_xuat
1831,có lẽ nhờ thầy em sẽ đậu môn gt 2 sau 4 năm miệt mài học đi học lại .,positive,ky_nang_giang_day
1832,"có thể do thầy bận việc nên việc dạy học trên lớp không được ổn định , dẫn tới việc học bù nhiều , mong thầy sắp xếp ổn thỏa hơn nữa do không phải khi nào em cũng học được nhiều buổi học bù như vậy .",negative,ky_nang_giang_day
1832,"có thể do thầy bận việc nên việc dạy học trên lớp không được ổn định , dẫn tới việc học bù nhiều , mong thầy sắp xếp ổn thỏa hơn nữa do không phải khi nào em cũng học được nhiều buổi học bù như vậy .",neutral,de_xuat
1833,mong nhà trường sẽ nâng cao cơ sở vật chất trong phòng máy để đảm bảo hiệu quả hơn .,neutral,thiet_bi_day_hoc
1833,mong nhà trường sẽ nâng cao cơ sở vật chất trong phòng máy để đảm bảo hiệu quả hơn .,positive,de_xuat
1834,thầy giảng bài nhiệt tình .,positive,hanh_vi
1835,"dễ hiểu , tận tâm , nhiệt huyết , tạo bầu không khí trong lớp học .",positive,ky_nang_giang_day
1835,"dễ hiểu , tận tâm , nhiệt huyết , tạo bầu không khí trong lớp học .",positive,hanh_vi
1836,"cuối cùng thì ngoài những lời phê bình thầy quá nhiều , khó kể hết .",negative,hanh_vi
1837,ngoài ra cô nên đưa ra các chủ đề cụ thể về đồ án và chỉ rõ điểm gì làm cho đồ án này phải sử dụng cơ sở tri thức mà không sử dụng hệ cơ sở dữ liệu quan hệ thông thường .,neutral,bai_tap
1837,ngoài ra cô nên đưa ra các chủ đề cụ thể về đồ án và chỉ rõ điểm gì làm cho đồ án này phải sử dụng cơ sở tri thức mà không sử dụng hệ cơ sở dữ liệu quan hệ thông thường .,neutral,de_xuat
1838,giảng viên cần giảng nhiệt tình và làm nhiều ví dụ và bài tập vào từng phần cụ thể hơn nữa .,neutral,ky_nang_giang_day
1838,giảng viên cần giảng nhiệt tình và làm nhiều ví dụ và bài tập vào từng phần cụ thể hơn nữa .,neutral,hanh_vi
1838,giảng viên cần giảng nhiệt tình và làm nhiều ví dụ và bài tập vào từng phần cụ thể hơn nữa .,positive,de_xuat
1839,cô dạy lý thuyết trên lớp rất kỹ và tận tình trong việc hướng dẫn bài tập cho học sinh .,positive,ky_nang_giang_day
1839,cô dạy lý thuyết trên lớp rất kỹ và tận tình trong việc hướng dẫn bài tập cho học sinh .,positive,hanh_vi
1839,cô dạy lý thuyết trên lớp rất kỹ và tận tình trong việc hướng dẫn bài tập cho học sinh .,positive,bai_tap
1840,nên thay máy chiếu và âm thanh tại phòng wzjwz154 .,negative,thiet_bi_day_hoc
1840,nên thay máy chiếu và âm thanh tại phòng wzjwz154 .,positive,de_xuat
1841,"phòng anh văn gần với công trình đang thi công , mong nhà trường sắp xếp để có phòng học yên tĩnh .",negative,thiet_bi_day_hoc
1841,"phòng anh văn gần với công trình đang thi công , mong nhà trường sắp xếp để có phòng học yên tĩnh .",positive,de_xuat
1842,hiện tại trong khi chương trình thực hành đã kết thúc nhưng vẫn không có lịch thi cụ thể .,negative,chuong_trinh_hoc
1843,thầy luôn liên hệ thực tế với những gì đang học .,positive,kinh_nghiem
1844,"thầy tận tâm , dễ hiểu .",positive,ky_nang_giang_day
1844,"thầy tận tâm , dễ hiểu .",positive,hanh_vi
1845,cô tổ chức nhiều hoạt động kết hợp với môn học nhằm nâng cao hiệu quả .,positive,kinh_nghiem
1846,giảng viên tận tình truyền đạt kiến thức biết cách làm lớp học không bị nhàm chán giúp sinh viên có hứng thú học hơn ngoài ra còn có các trò chơi áp dụng kiến thức giúp cho sinh viên hiểu hơn về vấn đề mới học .,positive,ky_nang_giang_day
1846,giảng viên tận tình truyền đạt kiến thức biết cách làm lớp học không bị nhàm chán giúp sinh viên có hứng thú học hơn ngoài ra còn có các trò chơi áp dụng kiến thức giúp cho sinh viên hiểu hơn về vấn đề mới học .,positive,kinh_nghiem
1846,giảng viên tận tình truyền đạt kiến thức biết cách làm lớp học không bị nhàm chán giúp sinh viên có hứng thú học hơn ngoài ra còn có các trò chơi áp dụng kiến thức giúp cho sinh viên hiểu hơn về vấn đề mới học .,positive,hanh_vi
1847,giáo viên dạy rất dễ hiểu .,positive,ky_nang_giang_day
1848,cần tăng thời gian môn học lên 20 - 40% để sinh viên có đủ thời gian tiếp thu sâu hơn kiến thức môn học .,neutral,chuong_trinh_hoc
1848,cần tăng thời gian môn học lên 20 - 40% để sinh viên có đủ thời gian tiếp thu sâu hơn kiến thức môn học .,neutral,de_xuat
1849,có nhiều bài tập và giảng dạy nhiệt tình .,positive,hanh_vi
1849,có nhiều bài tập và giảng dạy nhiệt tình .,neutral,bai_tap
1850,giải đáp thắc mắc nhiệt tình .,positive,hanh_vi
1851,không dạy nói toàn thứ ngoài lề môn học .,negative,chuong_trinh_hoc
1852,"nội dung môn học không thừa , không thiếu .",neutral,chuong_trinh_hoc
1853,giảng cần nhiệt tình hơn .,negative,hanh_vi
1853,giảng cần nhiệt tình hơn .,neutral,de_xuat
1854,tiết ôn tập khá đầy đủ và bao quát các kiến thức của môn học .,positive,kien_thuc
1854,tiết ôn tập khá đầy đủ và bao quát các kiến thức của môn học .,positive,chuong_trinh_hoc
1855,"nhưng giảng viên cho thực hiện đồ án với một ngôn ngữ hoàn toàn mới với hầu hết sinh viên html , cs , php cơ sở dữ liệu elg , tài liệu mô tả hoàn toàn không rõ ràng nhưng giảng viên buộc sinh viên liên tục liên hệ để giải quyết .",negative,hanh_vi
1855,"nhưng giảng viên cho thực hiện đồ án với một ngôn ngữ hoàn toàn mới với hầu hết sinh viên html , cs , php cơ sở dữ liệu elg , tài liệu mô tả hoàn toàn không rõ ràng nhưng giảng viên buộc sinh viên liên tục liên hệ để giải quyết .",negative,cung_cap_tai_lieu
1856,sử dụng thời gian dạy chưa được khoa học .,negative,ky_nang_giang_day
1857,"em rất yêu thầy , hy vọng được thầy dạy tiếp ở các môn học sau này hi hi .",positive,hanh_vi
1858,cũng tự học là chính vì là môn thực hành mà .,neutral,chuong_trinh_hoc
1859,"khi chữa bài tập , giáo viên nên chữa bài với tốc độ chậm lại và cần giải thích kỹ càng hơn đáp án cho sinh viên hiểu .",negative,ky_nang_giang_day
1859,"khi chữa bài tập , giáo viên nên chữa bài với tốc độ chậm lại và cần giải thích kỹ càng hơn đáp án cho sinh viên hiểu .",positive,de_xuat
1860,thầy rất nhiệt tình và chia sẻ nhiều chủ đề thú vị .,positive,hanh_vi
1860,thầy rất nhiệt tình và chia sẻ nhiều chủ đề thú vị .,positive,kien_thuc
1861,"thầy dạy truyền đạt tốt , dễ hiểu .",positive,ky_nang_giang_day
1862,"giảng viên không chuẩn bị bài giảng trước khi đến lớp , nói qua loa .",negative,ky_nang_giang_day
1862,"giảng viên không chuẩn bị bài giảng trước khi đến lớp , nói qua loa .",negative,hanh_vi
1863,"theo như em biết là mọi người đánh giá môn này là môn buồn ngủ nhất , nặng về lý thuyết .",negative,chuong_trinh_hoc
1864,"thầy vui vẻ , dễ gần , kiến thức rộng .",positive,hanh_vi
1864,"thầy vui vẻ , dễ gần , kiến thức rộng .",positive,kien_thuc
1865,tạo hứng thú trong học tập .,positive,ky_nang_giang_day
1866,phương pháp dễ hiểu .,positive,ky_nang_giang_day
1867,cô tiếng anh đẹp gái quá .,positive,noi_chung
1868,mong thầy dạy các lớp sau này dạy đúng khung giờ thầy đặt ra .,negative,hanh_vi
1868,mong thầy dạy các lớp sau này dạy đúng khung giờ thầy đặt ra .,neutral,de_xuat
1869,"giáo viên vui tính , dạy thực tế .",positive,kinh_nghiem
1869,"giáo viên vui tính , dạy thực tế .",positive,hanh_vi
1870,"và cuối cùng , đây cũng chỉ là tâm sự của riêng tôi , tôi không có ý gì cả , có lẽ đó cũng là chút kỷ niệm mà tôi lưu lại đối với môn học này , có lẽ vì số tôi quá đen , âu thì tôi đành cam chịu vậy hi hi rớt môn rồi , buồn quá .",negative,noi_chung
1871,bảo ví dụ về tự kiểm tra .,neutral,de_xuat
1872,giải thích được các vấn đề mà sinh viên chưa hiểu ở lý thuyết .,positive,ky_nang_giang_day
1873,"chị tận tình , giảng dễ hiểu và vui tính .",positive,ky_nang_giang_day
1873,"chị tận tình , giảng dễ hiểu và vui tính .",positive,hanh_vi
1874,giảng viên giảng dạy không chuẩn bị kỹ kiến thức để dạy cho sinh viên .,negative,kien_thuc
1875,cần có bài tập về nhà .,negative,bai_tap
1875,cần có bài tập về nhà .,neutral,de_xuat
1876,học những môn tiên quyết trước .,neutral,chuong_trinh_hoc
1876,học những môn tiên quyết trước .,neutral,de_xuat
1877,"thầy tận tâm với sinh viên , luôn nghĩ cho sinh viên .",positive,hanh_vi
1878,"giáo viên giúp em có kỹ năng làm các dạng bài tập , giải các đề năm trước nhiệt tình và tận tâm .",positive,ky_nang_giang_day
1878,"giáo viên giúp em có kỹ năng làm các dạng bài tập , giải các đề năm trước nhiệt tình và tận tâm .",positive,hanh_vi
1879,"giảng viên nhiệt tình , dễ thương , giảng bài dễ hiểu .",positive,ky_nang_giang_day
1879,"giảng viên nhiệt tình , dễ thương , giảng bài dễ hiểu .",positive,hanh_vi
1880,"giải tích đã khó , đừng làm mọi thứ khác trở nên bất bình thường .",negative,chuong_trinh_hoc
1881,về muộn .,negative,hanh_vi
1882,em mong cô sẽ hướng dẫn cụ thể hơn thay vì chỉ nói trong slide !,negative,ky_nang_giang_day
1882,em mong cô sẽ hướng dẫn cụ thể hơn thay vì chỉ nói trong slide !,negative,de_xuat
1883,thầy rất nhiệt tình trong việc giảng dạy .,positive,hanh_vi
1884,ở lớp có nhiều bạn siêng nhưng cách giảng của cô rất khó hiểu .,negative,ky_nang_giang_day
1885,"thầy giảng hay , vui , gần gũi với học sinh .",positive,ky_nang_giang_day
1885,"thầy giảng hay , vui , gần gũi với học sinh .",positive,hanh_vi
1886,thầy rất vui tính và thân thiện .,positive,hanh_vi
1887,nhiệt tình thân thiện .,positive,hanh_vi
1888,bài tập sinh động .,positive,bai_tap
1889,đặc biệt đây là môn chuyên ngành cần giảng viên phù hợp .,neutral,ky_nang_giang_day
1890,cho sinh viên cơ hội tham gia project thực tế .,positive,kinh_nghiem
1891,cho thêm bài tập và các chủ đề để sinh viên tìm hiểu .,neutral,bai_tap
1891,cho thêm bài tập và các chủ đề để sinh viên tìm hiểu .,neutral,de_xuat
1892,thầy nhiệt tình không gây buồn chán khi học .,positive,hanh_vi
1893,lý thuyết hơi khó hiểu .,negative,ky_nang_giang_day
1894,"giảng viên cần tạo thêm những hoạt động tranh luận , làm việc nhóm nhiều hơn thay vì chỉ dạy lý thuyết .",negative,ky_nang_giang_day
1894,"giảng viên cần tạo thêm những hoạt động tranh luận , làm việc nhóm nhiều hơn thay vì chỉ dạy lý thuyết .",positive,de_xuat
1895,"giảng dạy nhiệt tình , nghiêm túc , có quan tâm đến sinh viên .",positive,hanh_vi
1896,cần giành nhiều thời gian trên lớp để luyện tập phần nghe và nói .,negative,bai_tap
1896,cần giành nhiều thời gian trên lớp để luyện tập phần nghe và nói .,neutral,de_xuat
1897,thời gian lên lớp hợp lý .,positive,chuong_trinh_hoc
1898,"giảng viên rất tận tâm , nhiệt tình trong công tác giảng dạy .",positive,hanh_vi
1899,giáo viên dạy nhiệt tình và rất tận tâm .,positive,hanh_vi
1900,"thầy dạy nghiêm túc nhưng lại rất dễ chịu , hay pha trò làm sôi nổi không khí trong lớp , đáp ứng đầy đủ kiến thức của môn học .",positive,ky_nang_giang_day
1900,"thầy dạy nghiêm túc nhưng lại rất dễ chịu , hay pha trò làm sôi nổi không khí trong lớp , đáp ứng đầy đủ kiến thức của môn học .",positive,hanh_vi
1900,"thầy dạy nghiêm túc nhưng lại rất dễ chịu , hay pha trò làm sôi nổi không khí trong lớp , đáp ứng đầy đủ kiến thức của môn học .",positive,kien_thuc
1901,"thoải mái , có hiệu quả .",positive,noi_chung
1902,giảng dạy .,neutral,noi_chung
1903,"thầy nhiệt tình , giọng dễ nghe , làm việc đúng giờ ( cái này em rất thích ) , tác phong làm việc gọn gàng nhanh nhẹn , dứt khoát .",positive,hanh_vi
1904,"giảng viên đảm bảo giờ giấc , học bù đầy đủ .",positive,hanh_vi
1905,bài tập giáo viên dạy khá thú vị .,positive,bai_tap
1906,gần gũi sinh viên .,positive,hanh_vi
1907,"cần bám sát giáo trình nhiều hơn , tránh dạy tràn lan .",negative,ky_nang_giang_day
1907,"cần bám sát giáo trình nhiều hơn , tránh dạy tràn lan .",neutral,de_xuat
1908,thầy vui vẻ tận tâm trong bài giảng .,positive,hanh_vi
1909,"cô nên trau chuốt lại slide môn học , vì nó được dịch rất khó hiểu và cả sai chính tả nữa .",negative,cung_cap_tai_lieu
1909,"cô nên trau chuốt lại slide môn học , vì nó được dịch rất khó hiểu và cả sai chính tả nữa .",neutral,de_xuat
1910,"bài học rõ ràng , bám sát nội dung thi .",positive,ky_nang_giang_day
1911,"cô wzjwz221 rất nhiệt tình trong giờ thực hành , tận tâm , sẵn sàng giúp đỡ tìm lỗi sai và chỉ cách khắc phục .",positive,ky_nang_giang_day
1911,"cô wzjwz221 rất nhiệt tình trong giờ thực hành , tận tâm , sẵn sàng giúp đỡ tìm lỗi sai và chỉ cách khắc phục .",positive,hanh_vi
1912,nhưng điều đáng nói là điểm thi lại cao hơn những bạn thi đậu lần đầu và điểm này được lấy cho các bạn đó .,negative,cham_diem
1913,chất lượng giảng dạy rất tốt .,positive,ky_nang_giang_day
1914,"thầy dạy hơi nhannh , bài tập hơi khó .",negative,ky_nang_giang_day
1914,"thầy dạy hơi nhannh , bài tập hơi khó .",negative,bai_tap
1915,là thầy có vẻ giỏi .,positive,ky_nang_giang_day
1916,phương pháp dạy còn hơi khó hiểu .,negative,ky_nang_giang_day
1917,"phòng máy chất lượng khá cùi , nhiều máy không có visual 2010 .",negative,thiet_bi_day_hoc
1918,cô nên thêm nhiều phần đọc .,neutral,cung_cap_tai_lieu
1918,cô nên thêm nhiều phần đọc .,positive,de_xuat
1919,giáo viên luôn nhiệt tình và gần gũi .,positive,hanh_vi
1920,một số phần thầy chưa nói rõ gây khó khăn cho việc tìm hiểu .,negative,ky_nang_giang_day
1921,"giảng viên nhiệt tình , bám sát thực tế .",positive,kinh_nghiem
1921,"giảng viên nhiệt tình , bám sát thực tế .",positive,hanh_vi
1922,slide và bài tập cụ thể .,neutral,bai_tap
1922,slide và bài tập cụ thể .,neutral,cung_cap_tai_lieu
1923,nên đầu tư nhiều hơn vào trang thiết bị .,negative,thiet_bi_day_hoc
1923,nên đầu tư nhiều hơn vào trang thiết bị .,neutral,de_xuat
1924,cô cho bài tập làm ngay trên lớp để lấy điểm .,negative,bai_tap
1925,đôi khi sinh viên không thể suy nghĩ ra mà không có sự giúp đỡ của thầy .,negative,hanh_vi
1926,em học thầy được nửa kỳ trước thì tự cúp qua lớp cô wzjwz218 học .,neutral,noi_chung
1927,các bài thực hành không hỗ trợ nhiều cho đồ án .,negative,bai_tap
1928,rất nhiệt tình coloncontemn .,positive,hanh_vi
1929,rất mong thầy dùng giáo trình tiếng việt để giảng dạy .,neutral,cung_cap_tai_lieu
1929,rất mong thầy dùng giáo trình tiếng việt để giảng dạy .,neutral,de_xuat
1930,"đúng giờ , cách giảng dạy hay , truyền cảm hứng cho các sinh viên học tập .",positive,ky_nang_giang_day
1930,"đúng giờ , cách giảng dạy hay , truyền cảm hứng cho các sinh viên học tập .",positive,hanh_vi
1931,"giảng viên tận tình , khả năng truyền đạt cao .",positive,ky_nang_giang_day
1932,"giảng viên nhiệt tình , tận tâm !",positive,hanh_vi
1933,"thầy dạy tốt , có tâm huyết trong quá trình giảng dạy .",positive,ky_nang_giang_day
1933,"thầy dạy tốt , có tâm huyết trong quá trình giảng dạy .",positive,hanh_vi
1934,hóa hợp với sinh viên hơn .,positive,ky_nang_giang_day
1935,thường hay bận việc .,negative,noi_chung
1936,"vui vẻ , nhiệt tình hướng dẫn .",positive,hanh_vi
1937,môn này đổi giáo viên dạy thay quá chậm làm mất nhiều thời gian của sinh viên .,negative,hanh_vi
1938,kiến thức thực cần phải tế hơn .,negative,kien_thuc
1938,kiến thức thực cần phải tế hơn .,neutral,de_xuat
1939,"môn học hay và bổ ích , giảng viên nhiệt tình .",positive,hanh_vi
1939,"môn học hay và bổ ích , giảng viên nhiệt tình .",positive,kien_thuc
1939,"môn học hay và bổ ích , giảng viên nhiệt tình .",positive,chuong_trinh_hoc
1940,"nên tăng thời lượng môn học , vì đây là một môn học khó đối với người mới học lần đầu .",negative,chuong_trinh_hoc
1940,"nên tăng thời lượng môn học , vì đây là một môn học khó đối với người mới học lần đầu .",neutral,de_xuat
1941,chưa có sự đồng bộ giữa lý thuyết và thực hành .,negative,kinh_nghiem
1941,chưa có sự đồng bộ giữa lý thuyết và thực hành .,negative,chuong_trinh_hoc
1942,không dùng micro để giảng bài .,negative,thiet_bi_day_hoc
1943,giọng nói của giảng viên hơi khó nghe khiến việc tiếp thu các vấn đề hơi khó đối với sinh viên .,negative,ky_nang_giang_day
1944,"mang cảm hứng đến người học và rất thân thiện , nhiệt tình trong việc giảng dạy .",positive,ky_nang_giang_day
1944,"mang cảm hứng đến người học và rất thân thiện , nhiệt tình trong việc giảng dạy .",positive,hanh_vi
1945,"dạy hay nhưng chưa tích cực lắm , cần có phương thức dạy sôi nổi , vui tươi , tận tình hơn một chút sẽ rất hoàn chỉnh .",negative,ky_nang_giang_day
1945,"dạy hay nhưng chưa tích cực lắm , cần có phương thức dạy sôi nổi , vui tươi , tận tình hơn một chút sẽ rất hoàn chỉnh .",positive,de_xuat
1946,thầy giảng kỹ hơn nữa .,negative,ky_nang_giang_day
1946,thầy giảng kỹ hơn nữa .,neutral,de_xuat
1947,"giảng quá nhanh , nhiều phần bảo sinh viên tự xem .",negative,ky_nang_giang_day
1948,giảng viên cần lên lớp đúng giờ và giảng dạy đúng thời gian của môn học .,negative,hanh_vi
1948,giảng viên cần lên lớp đúng giờ và giảng dạy đúng thời gian của môn học .,neutral,de_xuat
1949,phòng học quá nóng .,negative,thiet_bi_day_hoc
1950,chứ em thấy đa số các bạn đều chọn chuyên ngành máy học bên kia .,neutral,noi_chung
1951,cô giảng dễ hiểu giúp em tiếp thu bài rất nhanh .,positive,ky_nang_giang_day
1952,thầy giải thích tận tình các lỗi .,positive,ky_nang_giang_day
1952,thầy giải thích tận tình các lỗi .,positive,hanh_vi
1953,giáo viên phát âm chuẩn .,positive,ky_nang_giang_day
1954,cô đi bài tập hơi chậm nhưng như vậy cũng được .,neutral,ky_nang_giang_day
1955,"nhiệt tình , quan tâm chia sẻ với sinh viên .",positive,hanh_vi
1956,thầy không tận tình giúp đỡ sinh viên giải quyết các vấn đề .,negative,hanh_vi
1957,"đề cập nhiều hơn về các vấn đề , nội dung thực tế hiện nay ví dụ ipv6 là điều cần quan tâm nhưng chỉ đề cập sơ sài .",negative,kinh_nghiem
1957,"đề cập nhiều hơn về các vấn đề , nội dung thực tế hiện nay ví dụ ipv6 là điều cần quan tâm nhưng chỉ đề cập sơ sài .",negative,kien_thuc
1957,"đề cập nhiều hơn về các vấn đề , nội dung thực tế hiện nay ví dụ ipv6 là điều cần quan tâm nhưng chỉ đề cập sơ sài .",negative,chuong_trinh_hoc
1957,"đề cập nhiều hơn về các vấn đề , nội dung thực tế hiện nay ví dụ ipv6 là điều cần quan tâm nhưng chỉ đề cập sơ sài .",neutral,de_xuat
1958,đôi lúc đi muộn giờ học .,negative,hanh_vi
1959,cho phép được sử dụng android trong báo cáo .,neutral,de_xuat
1960,cải tiến phòng học nhiều thiết bị cho việc thực hành .,negative,thiet_bi_day_hoc
1960,cải tiến phòng học nhiều thiết bị cho việc thực hành .,neutral,de_xuat
1961,ôn tập dễ hiểu .,positive,ky_nang_giang_day
1962,mong thầy quan tâm học trò của mình hơn nữa !,negative,hanh_vi
1962,mong thầy quan tâm học trò của mình hơn nữa !,positive,de_xuat
1963,cần thống nhất giữa giáo viên lý thuyết và thực hành .,negative,chuong_trinh_hoc
1963,cần thống nhất giữa giáo viên lý thuyết và thực hành .,neutral,de_xuat
1964,giảng viên thường xuyên cập nhật rất nhiều thông tin bổ ích cho sinh viên .,positive,kien_thuc
1965,số tiết thực hành còn ít .,negative,chuong_trinh_hoc
1966,"nên cập nhật book , slide thường xuyên vì quá cũ không tích hợp được với chương trình bây giờ .",negative,cung_cap_tai_lieu
1966,"nên cập nhật book , slide thường xuyên vì quá cũ không tích hợp được với chương trình bây giờ .",negative,de_xuat
1967,"không nên dùng hình thức thi lý thuyết , nên cho sinh viên làm đồ án và yêu cầu của đồ án phải cao hơn môn "" lập trình windows "" môn "" lập trình trực quan "" .",negative,cham_diem
1967,"không nên dùng hình thức thi lý thuyết , nên cho sinh viên làm đồ án và yêu cầu của đồ án phải cao hơn môn "" lập trình windows "" môn "" lập trình trực quan "" .",neutral,de_xuat
1968,giáo viên hướng dẫn nhiệt tình .,positive,hanh_vi
1969,"đầu tư một bộ giáo trình chất lượng , dễ hiểu .",positive,cung_cap_tai_lieu
1970,rất thích nguyên tắc đúng giờ của thầy .,positive,hanh_vi
1971,thầy demo ngay trên code mẫu thực tế nên rất dễ nhớ bài và rất thuận lợi trong những lúc em tự thực hành ở nhà vì có thể tự hiểu được những lỗi mà thầy đã demo trên lớp !,positive,ky_nang_giang_day
1971,thầy demo ngay trên code mẫu thực tế nên rất dễ nhớ bài và rất thuận lợi trong những lúc em tự thực hành ở nhà vì có thể tự hiểu được những lỗi mà thầy đã demo trên lớp !,positive,kinh_nghiem
1972,phòng ốc nên sạch sẽ hơn thì sinh viên sẽ có hứng thú ngồi lâu hơn trong phòng học .,negative,thiet_bi_day_hoc
1972,phòng ốc nên sạch sẽ hơn thì sinh viên sẽ có hứng thú ngồi lâu hơn trong phòng học .,neutral,de_xuat
1973,"lớp thực hành rất hay bị hủy không lý do , giáo viên thực hành ít tận tâm , không hướng dẫn sinh viên .",negative,ky_nang_giang_day
1973,"lớp thực hành rất hay bị hủy không lý do , giáo viên thực hành ít tận tâm , không hướng dẫn sinh viên .",negative,hanh_vi
1973,"lớp thực hành rất hay bị hủy không lý do , giáo viên thực hành ít tận tâm , không hướng dẫn sinh viên .",negative,chuong_trinh_hoc
1974,nên có sự so sánh phản hồi về phương pháp lập trình của sinh viên .,neutral,de_xuat
1975,chiếm 20% điểm bất công so với lớp của giáo viên dạy cùng môn .,negative,cham_diem
1976,cách dạy để sinh viên tiếp thu bài tương đối có hiệu quả .,positive,ky_nang_giang_day
1977,thầy giảng dạy tận tình !,positive,hanh_vi
1978,"đầu thì thông báo là sẽ lập nhóm khoảng 5 người để seminar lấy điểm giữa kỳ , sau đó không cho seminar nữa mà thông báo lập lờ là "" có thể "" sẽ cho nhóm 2 người để là website cộng điểm , mới đây thì lại thông báo là mỗi người làm 1 website để cộng điểm .",negative,bai_tap
1978,"đầu thì thông báo là sẽ lập nhóm khoảng 5 người để seminar lấy điểm giữa kỳ , sau đó không cho seminar nữa mà thông báo lập lờ là "" có thể "" sẽ cho nhóm 2 người để là website cộng điểm , mới đây thì lại thông báo là mỗi người làm 1 website để cộng điểm .",negative,cham_diem
1979,"môn học rất hay ạ , chỉ tiết rằng , phòng đào tạo xếp môn này vào năm 3 , em nghĩ môn học này không phù hợp cho năm 3 mà là năm nhất cơ .",positive,chuong_trinh_hoc
1980,mang tính cập nhật .,positive,chuong_trinh_hoc
1981,cô giáo nhiệt tình giảng bài dễ hiểu .,positive,ky_nang_giang_day
1981,cô giáo nhiệt tình giảng bài dễ hiểu .,positive,hanh_vi
1982,"những thứ này không nên giảng dạy vì không phải cứ học những thứ đó là "" thành công "" , rất phí thời gian đến lớp .",negative,chuong_trinh_hoc
1982,"những thứ này không nên giảng dạy vì không phải cứ học những thứ đó là "" thành công "" , rất phí thời gian đến lớp .",negative,de_xuat
1983,thầy dạy có hiệu quả .,positive,ky_nang_giang_day
1984,"giảng dạy dễ hiểu , vui tính , giải đáp thắc mắc cụ thể , rõ ràng .",positive,ky_nang_giang_day
1984,"giảng dạy dễ hiểu , vui tính , giải đáp thắc mắc cụ thể , rõ ràng .",positive,hanh_vi
1985,"cần có thêm nhiều thời gian ôn tập lại lý thuyết , kỹ năng cho học sinh .",negative,chuong_trinh_hoc
1985,"cần có thêm nhiều thời gian ôn tập lại lý thuyết , kỹ năng cho học sinh .",negative,de_xuat
1986,nhiệt tình trong giờ lên lớp cũng như check mail .,positive,hanh_vi
1987,"hôm đó là hôm duy nhất em nghĩ và thế là 0 điểm quá trình , rõ là chuyện này không hề hợp lý .",negative,cham_diem
1988,cho về sớm .,neutral,de_xuat
1989,cô nhiệt tình .,positive,hanh_vi
1990,học đều đặn .,neutral,noi_chung
1991,chia lớp theo đúng khả năng !,neutral,de_xuat
1992,"giảng viên giảng bài không gây hứng thú cho người nghe , dễ gây mất tâm trung và buồn ngủ .",negative,ky_nang_giang_day
1993,nhiệt tình và quan tâm đến từng sinh viên .,positive,hanh_vi