id,text,sentiment,aspect
1,"thầy dạy hay , cung cấp cái nhìn thực tiễn và cấp tiến .",positive,ky_nang_giang_day
1,"thầy dạy hay , cung cấp cái nhìn thực tiễn và cấp tiến .",positive,kinh_nghiem
1,"thầy dạy hay , cung cấp cái nhìn thực tiễn và cấp tiến .",positive,kien_thuc
2,"cho nghỉ học quá nhiều , bù học vào các ngày cuối tuần và kéo dài .",negative,chuong_trinh_hoc
3,"thầy cô rất tận tình , cởi mở .",positive,hanh_vi
4,em cảm thấy khá bức xúc nhưng nếu truy ra lỗi của ai thì em tự nhận một phần về mình .,negative,noi_chung
5,phương pháp giảng dạy chưa tạo được nhiều sự thu hút từ sinh viên .,negative,ky_nang_giang_day
6,thầy dạy rất kỹ các vấn đề cần thiết cho sau này .,positive,ky_nang_giang_day
6,thầy dạy rất kỹ các vấn đề cần thiết cho sau này .,positive,kien_thuc
7,"giáo viên nhiệt tình , giảng kỹ phần quan trọng .",positive,ky_nang_giang_day
7,"giáo viên nhiệt tình , giảng kỹ phần quan trọng .",positive,hanh_vi
8,đề nghị nhập chung cả 2 lớp lại học thực hành vì số lượng sinh viên quá ít .,negative,chuong_trinh_hoc
8,đề nghị nhập chung cả 2 lớp lại học thực hành vì số lượng sinh viên quá ít .,neutral,de_xuat
9,quá nhanh .,negative,ky_nang_giang_day
10,dạy rất hay .,positive,ky_nang_giang_day
11,thực trạng chung là giảng viên dạy thực hành ở trường chưa thật sự tận tâm giúp sinh viên nâng cao kỹ năng thực hành của môn học đó .,negative,kinh_nghiem
11,thực trạng chung là giảng viên dạy thực hành ở trường chưa thật sự tận tâm giúp sinh viên nâng cao kỹ năng thực hành của môn học đó .,negative,hanh_vi
12,"em có ý kiến như sau doubledot môn này em nghĩ là cần có nhiều tài liệu , đặc biệt tiếng việt thì càng tốt vì không phải ai cũng giỏi tiếng anh .",negative,cung_cap_tai_lieu
12,"em có ý kiến như sau doubledot môn này em nghĩ là cần có nhiều tài liệu , đặc biệt tiếng việt thì càng tốt vì không phải ai cũng giỏi tiếng anh .",neutral,de_xuat
13,nên tăng thời gian học .,neutral,chuong_trinh_hoc
13,nên tăng thời gian học .,neutral,de_xuat
14,"rất nhiệt tình , nhưng cách truyền đạt còn hạn chế , nên sự tiếp thu từ thầy là rất ít .",negative,ky_nang_giang_day
14,"rất nhiệt tình , nhưng cách truyền đạt còn hạn chế , nên sự tiếp thu từ thầy là rất ít .",positive,hanh_vi
15,"hiện tại thì thầy đánh giá chủ yếu vào nội dung nội dung của các đồ án ngay từ đầu đã khá nhảm , đề bài của thầy đại loại là "" sinh viên hãy đề ra một dự án lớn , có khả năng thực hiện được trong tương lai "" , không liên quan gì đến tên môn học !",negative,bai_tap
15,"hiện tại thì thầy đánh giá chủ yếu vào nội dung nội dung của các đồ án ngay từ đầu đã khá nhảm , đề bài của thầy đại loại là "" sinh viên hãy đề ra một dự án lớn , có khả năng thực hiện được trong tương lai "" , không liên quan gì đến tên môn học !",negative,cham_diem
15,"hiện tại thì thầy đánh giá chủ yếu vào nội dung nội dung của các đồ án ngay từ đầu đã khá nhảm , đề bài của thầy đại loại là "" sinh viên hãy đề ra một dự án lớn , có khả năng thực hiện được trong tương lai "" , không liên quan gì đến tên môn học !",negative,chuong_trinh_hoc
16,"thay đổi cách truyền đạt môn , thay vì giảng viên có giờ lên lớp giảng bài nhàm chán , sinh viên tiếp thu thụ động , ý kiến doubledot giảng viên chia nhỏ nhóm học tập , mỗi buổi sẽ đưa chủ đề của bài hôm đó và giải thích cách làm việc , cho thời gian sinh viên làm việc nhóm với sự giám xác của giảng viên , sau đó bốc thăm cho từng nhóm lên trình bày , sau đó giảng viên nhận xét cho điểm .",negative,ky_nang_giang_day
16,"thay đổi cách truyền đạt môn , thay vì giảng viên có giờ lên lớp giảng bài nhàm chán , sinh viên tiếp thu thụ động , ý kiến doubledot giảng viên chia nhỏ nhóm học tập , mỗi buổi sẽ đưa chủ đề của bài hôm đó và giải thích cách làm việc , cho thời gian sinh viên làm việc nhóm với sự giám xác của giảng viên , sau đó bốc thăm cho từng nhóm lên trình bày , sau đó giảng viên nhận xét cho điểm .",neutral,de_xuat
17,thầy wzjwz202 và thầy wzjwz203 dạy rất tuyệt vời .,positive,ky_nang_giang_day
18,"thời gian hoàn thành đồ án quá gấp rút , khi chưa học được gì cũng phải hoàn thành tất cả các nội dung trong đồ án để nộp đúng hạn , mà nội dung toàn những phần chưa học , chưa hiểu .",negative,bai_tap
19,"slide bài giảng là slide cũ từ năm 2009 và không được sửa nhiều lỗi từ chính tả , ngữ pháp đến sai sót trong thông tin bài giảng .",negative,cung_cap_tai_lieu
20,thầy dạy rất hay và dễ hiểu .,positive,ky_nang_giang_day
21,ít bài tập vận dụng .,negative,bai_tap
22,"những bài tập quá trình không rải đều các buổi học mà chỉ tập trung vào 2 - 3 buổi làm một số sinh viên trong đó có bản thân em bị mất từ 2 - 3 cột điểm , làm giảm tổng điểm xuống mức thấp .",negative,bai_tap
22,"những bài tập quá trình không rải đều các buổi học mà chỉ tập trung vào 2 - 3 buổi làm một số sinh viên trong đó có bản thân em bị mất từ 2 - 3 cột điểm , làm giảm tổng điểm xuống mức thấp .",negative,cham_diem
23,"cô dạy dễ hiểu , vui tính .",positive,ky_nang_giang_day
23,"cô dạy dễ hiểu , vui tính .",positive,hanh_vi
24,thầy cũng không hề có ý muốn khích lệ sinh viên khi sinh viên làm bài không tốt mà lại tỏ ra không hài lòng và chê bai .,negative,hanh_vi
25,thầy ít dạy cài đặt nên khó trong việc áp dụng cài đặt .,negative,ky_nang_giang_day
26,"giảng viên giảng rất dễ hiểu , tận tình .",positive,ky_nang_giang_day
26,"giảng viên giảng rất dễ hiểu , tận tình .",positive,hanh_vi
27,"thầy dạy tốt , lập nhóm thuyết trình tạo không khí học tập tốt .",positive,ky_nang_giang_day
27,"thầy dạy tốt , lập nhóm thuyết trình tạo không khí học tập tốt .",positive,hanh_vi
28,riêng trang thiết bị quá kém .,negative,thiet_bi_day_hoc
29,nhiệt tình giảng dạy và vui vẻ hòa đồng .,positive,hanh_vi
30,có nhiều thời gian bị chết trong lúc học .,negative,thiet_bi_day_hoc
31,"ban đầu thì em có vẻ không hài lòng lắm về giáo viên khi học môn này , nhưng sau một khoảng thời gian thì thấy cũng ổn .",negative,hanh_vi
32,"mặc dù là một môn lý thuyết nhưng thầy giảng bài rất sáng tạo và đổi mới , làm cho sinh viên có hứng thú với môn học .",positive,ky_nang_giang_day
33,"nên thay đổi việc làm đồ án cuối kỳ doubledot không nên cho sinh viên làm đồ án tự do nữa quản lý , game , nghe nhạc vdotv mà giảng viên nên ra một đồ án có chủ đề thống nhất .",negative,bai_tap
33,"nên thay đổi việc làm đồ án cuối kỳ doubledot không nên cho sinh viên làm đồ án tự do nữa quản lý , game , nghe nhạc vdotv mà giảng viên nên ra một đồ án có chủ đề thống nhất .",neutral,de_xuat
34,"cô giáo nhiệt tình , tận tâm , giảng hay và dễ hiểu , tuyệt vời .",positive,ky_nang_giang_day
34,"cô giáo nhiệt tình , tận tâm , giảng hay và dễ hiểu , tuyệt vời .",positive,hanh_vi
35,giáo viên còn nhiệt tình trả lời các câu hỏi thắc mắc của sinh viên đưa ra .,positive,hanh_vi
36,giảm bớt số lượng nội dung của môn học .,negative,chuong_trinh_hoc
36,giảm bớt số lượng nội dung của môn học .,neutral,de_xuat
37,hơi khó khăn với sinh viên về vấn đề bài tập cũng như thi cử .,negative,bai_tap
37,hơi khó khăn với sinh viên về vấn đề bài tập cũng như thi cử .,negative,cham_diem
38,"giảng viên nghỉ phải thông báo cho sinh viên trước , vì môn học thầy luôn điểm danh nhưng thầy lại không lên lớp thường xuyên , bắt sinh viên phải chờ rồi ra về thường xuyên .",negative,hanh_vi
39,"giảng viên nhiệt tình , hoạt động sôi nổi .",positive,hanh_vi
40,môn học lý thuyết rất nhiều .,negative,chuong_trinh_hoc
41,liên hệ thực tế nhiều hơn .,negative,kinh_nghiem
41,liên hệ thực tế nhiều hơn .,negative,de_xuat
42,slide sử dụng rất chi tiết .,positive,cung_cap_tai_lieu
43,"thầy dạy dễ hiểu , tận tâm nhiệt tình với sinh viên .",positive,ky_nang_giang_day
43,"thầy dạy dễ hiểu , tận tâm nhiệt tình với sinh viên .",positive,hanh_vi
44,"phân chia nhóm , hoạt động nhóm .",neutral,ky_nang_giang_day
45,"cô vui tính , hiểu tâm lý sinh viên nên giảng bài rất dễ hiểu .",positive,ky_nang_giang_day
45,"cô vui tính , hiểu tâm lý sinh viên nên giảng bài rất dễ hiểu .",positive,hanh_vi
46,"thầy có tạo điều kiện cho chúng em thuyết trình về đồ án môn học , nhưng khi chúng em thuyết trình về nội dung doubledot "" giới thiệu về hệ thống nhúng và vai trò cũng như các ngành ứng dụng hệ thống nhúng "" .",positive,ky_nang_giang_day
46,"thầy có tạo điều kiện cho chúng em thuyết trình về đồ án môn học , nhưng khi chúng em thuyết trình về nội dung doubledot "" giới thiệu về hệ thống nhúng và vai trò cũng như các ngành ứng dụng hệ thống nhúng "" .",positive,hanh_vi
47,nhiều khi làm bài tập mình không biết mình đang làm gì luôn .,negative,bai_tap
48,anh dạy rất hay và thú vị .,positive,ky_nang_giang_day
49,giờ học thực hành bị trùng giờ học môn khác trên trường .,negative,chuong_trinh_hoc
50,tốc độ giảng bài có chút nhanh nên đôi khi không theo kịp .,negative,ky_nang_giang_day
51,"thưa , em thực sự rất hài lòng về mức độ bài giảng .",positive,ky_nang_giang_day
52,giáo viên nhiệt tình giúp học sinh những phần học sinh không hiểu giáo viên dạy dễ hiểu .,positive,ky_nang_giang_day
52,giáo viên nhiệt tình giúp học sinh những phần học sinh không hiểu giáo viên dạy dễ hiểu .,positive,hanh_vi
53,thầy dạy rất dễ hiểu và rất quý sinh viên .,positive,ky_nang_giang_day
53,thầy dạy rất dễ hiểu và rất quý sinh viên .,positive,hanh_vi
54,"giảng hay , trọng tâm .",positive,ky_nang_giang_day
55,"đúng là anh văn rất cần thiết chúng nhưng đó không phải là những gì sinh viên chúng em cần cho một môn ngoại ngữ , chúng em cần là cảm giác thích thú khi học tiếng anh .",negative,chuong_trinh_hoc
55,"đúng là anh văn rất cần thiết chúng nhưng đó không phải là những gì sinh viên chúng em cần cho một môn ngoại ngữ , chúng em cần là cảm giác thích thú khi học tiếng anh .",neutral,de_xuat
56,"giảng viên giảng dạy nhiệt tình , phương pháp dạy hay , chỉ dẫn hiệu quả , bài tập làm nhiều .",positive,ky_nang_giang_day
56,"giảng viên giảng dạy nhiệt tình , phương pháp dạy hay , chỉ dẫn hiệu quả , bài tập làm nhiều .",positive,hanh_vi
56,"giảng viên giảng dạy nhiệt tình , phương pháp dạy hay , chỉ dẫn hiệu quả , bài tập làm nhiều .",neutral,bai_tap
57,nhiều khi cô giảng hơi nhanh .,negative,ky_nang_giang_day
58,"giảng viên nhiệt tình , có kiến thức sâu về môn học .",positive,hanh_vi
58,"giảng viên nhiệt tình , có kiến thức sâu về môn học .",positive,kien_thuc
59,nhất là những bạn nhỏ đến lớn chưa chơi game bao giờ .,neutral,noi_chung
60,giảng viên cần cải thiện thêm cách truyền đạt .,negative,ky_nang_giang_day
60,giảng viên cần cải thiện thêm cách truyền đạt .,neutral,de_xuat
61,"tận tâm giúp đỡ học sinh , giải đáp thắc mắc .",positive,hanh_vi
62,giảng dạy nhiệt tình .,positive,ky_nang_giang_day
62,giảng dạy nhiệt tình .,positive,hanh_vi
63,cần mở lớp thực hành phù hợp với lý thuyết .,neutral,chuong_trinh_hoc
63,cần mở lớp thực hành phù hợp với lý thuyết .,neutral,de_xuat
64,em nghĩ nên bỏ môn này .,negative,chuong_trinh_hoc
64,em nghĩ nên bỏ môn này .,neutral,de_xuat
65,xinh .,positive,noi_chung
66,giảng viên có trình độ chuyên môn rất tốt .,positive,kien_thuc
67,"thầy nên tập trung giảng giải thực hành , không nên tập trung vào việc cài đặt phần mềm .",negative,ky_nang_giang_day
67,"thầy nên tập trung giảng giải thực hành , không nên tập trung vào việc cài đặt phần mềm .",neutral,de_xuat
68,nên thực hành theo hình thức 2 .,neutral,kinh_nghiem
68,nên thực hành theo hình thức 2 .,neutral,de_xuat
69,"không biết thầy nào dạy chính thức , thầy nào dạy cũng nhiệt tình .",positive,hanh_vi
70,thầy dạy có tâm huyết .,positive,hanh_vi
71,"cô giúp tụi em tìm ra , phát hiện lỗi và sửa lỗi trong quá trình thực hành .",positive,kinh_nghiem
71,"cô giúp tụi em tìm ra , phát hiện lỗi và sửa lỗi trong quá trình thực hành .",positive,hanh_vi
72,không hài lòng gì cả .,negative,noi_chung
73,em không ý kiến .,neutral,noi_chung
74,đừng dư quá nhiều .,negative,noi_chung
75,các dụng cụ thực hành không được cung cấp đầy đủ .,negative,thiet_bi_day_hoc
76,cố rất nhiệt tình .,positive,hanh_vi
77,"thầy dạy hay , dễ hiểu , tìm nhiều bài tập và cách giảng hay cho học sinh hiểu và rất nhiệt tình .",positive,ky_nang_giang_day
77,"thầy dạy hay , dễ hiểu , tìm nhiều bài tập và cách giảng hay cho học sinh hiểu và rất nhiệt tình .",positive,hanh_vi
77,"thầy dạy hay , dễ hiểu , tìm nhiều bài tập và cách giảng hay cho học sinh hiểu và rất nhiệt tình .",positive,bai_tap
78,cô hơi nóng tính .,negative,hanh_vi
79,thực tế với hiện trạng .,neutral,noi_chung
80,thầy tiết lộ đệ thi để sinh viên chuẩn bị trước .,neutral,hanh_vi
81,"dạy dễ hiểu , sử dụng giờ lên lớp hiệu quả .",positive,ky_nang_giang_day
82,cần thay đổi phòng học để chất lượng được nâng cao hơn .,negative,thiet_bi_day_hoc
82,cần thay đổi phòng học để chất lượng được nâng cao hơn .,negative,de_xuat
83,thầy không dạy thiếu micro nên nhiều lúc em phải đi mượn cho bằng được !,negative,thiet_bi_day_hoc
84,"thầy dạy nhiệt tình , rất thương sinh viên .",positive,hanh_vi
85,giảng viên không tâm huyết trong việc dạy học .,negative,hanh_vi
86,máy chiếu và dàn loa không đáp ứng được .,negative,thiet_bi_day_hoc
87,"nhiệt tình , giảng dạy hiệu quả .",positive,ky_nang_giang_day
87,"nhiệt tình , giảng dạy hiệu quả .",positive,hanh_vi
88,cô đẹp colonlove .,positive,noi_chung
89,"giảng dạy rất tận tình , giải đáp mọi thắc mắc của sinh viên .",positive,ky_nang_giang_day
89,"giảng dạy rất tận tình , giải đáp mọi thắc mắc của sinh viên .",positive,hanh_vi
90,giảng viên dạy kỹ .,positive,ky_nang_giang_day
91,cô có thể giảng chậm lại sinh viên sẽ dễ tiếp thu bài học hơn .,negative,ky_nang_giang_day
91,cô có thể giảng chậm lại sinh viên sẽ dễ tiếp thu bài học hơn .,neutral,de_xuat
92,"cô vui tính , quan tâm tới học sinh .",positive,hanh_vi
93,kiến thức môn anh văn được đáp ứng nhưng không thực tế .,negative,kinh_nghiem
93,kiến thức môn anh văn được đáp ứng nhưng không thực tế .,positive,kien_thuc
94,"thầy khá vui tính , kiến thức môn học rất hấp dẫn và thu hút .",positive,hanh_vi
94,"thầy khá vui tính , kiến thức môn học rất hấp dẫn và thu hút .",positive,kien_thuc
95,"tậm tâm , nhiệt tình , năng động , công bằng .",positive,hanh_vi
95,"tậm tâm , nhiệt tình , năng động , công bằng .",positive,cham_diem
96,giảng viên rất có tâm huyết và giảng bài hay .,positive,ky_nang_giang_day
96,giảng viên rất có tâm huyết và giảng bài hay .,positive,hanh_vi
97,thầy cho bài tập nhưng không kiểm tra có làm hay không dẫn đến sinh viên hơi lười .,negative,hanh_vi
97,thầy cho bài tập nhưng không kiểm tra có làm hay không dẫn đến sinh viên hơi lười .,negative,bai_tap
98,giảng viên dạy dễ hiểu nhiệt tình .,positive,ky_nang_giang_day
98,giảng viên dạy dễ hiểu nhiệt tình .,positive,hanh_vi
99,"không nhiệt tình , chưa cập nhật cái mới trong bài giảng .",negative,ky_nang_giang_day
99,"không nhiệt tình , chưa cập nhật cái mới trong bài giảng .",negative,hanh_vi
100,"nhiệt tình , dễ chịu .",positive,hanh_vi
101,khả năng truyền tải kiến thức .,neutral,ky_nang_giang_day
102,"máy chiếu phòng học quà mờ , đề nghị nên thay đổi .",negative,thiet_bi_day_hoc
102,"máy chiếu phòng học quà mờ , đề nghị nên thay đổi .",neutral,de_xuat
103,"giảng viên nhiệt tình , có chăm lo kiến thức cho học sinh , dạy kiến thức nhanh chóng nắm bắt .",positive,ky_nang_giang_day
103,"giảng viên nhiệt tình , có chăm lo kiến thức cho học sinh , dạy kiến thức nhanh chóng nắm bắt .",positive,hanh_vi
103,"giảng viên nhiệt tình , có chăm lo kiến thức cho học sinh , dạy kiến thức nhanh chóng nắm bắt .",positive,kien_thuc
104,cần thêm phần dạy lập trình căn bản bằng ngôn ngữ c .,neutral,chuong_trinh_hoc
104,cần thêm phần dạy lập trình căn bản bằng ngôn ngữ c .,neutral,de_xuat
105,qua môn học này tôi còn không biết được mình học được những gì .,negative,ky_nang_giang_day
105,qua môn học này tôi còn không biết được mình học được những gì .,negative,kien_thuc
106,"nhiệt tình , giúp đỡ sinh viên hết mức .",positive,hanh_vi
107,thầy dạy thú vị nói chung là ok .,positive,ky_nang_giang_day
108,"nên chia thành nhiều phần để đánh giá sinh viên chứ không tập trung vào cuối kỳ doubledot 50% giành cho kiến thức cơ bản, một hình thức nào đó để buộc sinh phải có kiến thức về dotnet nắm về nguyên lý của nó , về cách tổ chức , cách thiết kế và sử dụng .",negative,cham_diem
108,"nên chia thành nhiều phần để đánh giá sinh viên chứ không tập trung vào cuối kỳ doubledot 50% giành cho kiến thức cơ bản, một hình thức nào đó để buộc sinh phải có kiến thức về dotnet nắm về nguyên lý của nó , về cách tổ chức , cách thiết kế và sử dụng .",negative,kien_thuc
108,"nên chia thành nhiều phần để đánh giá sinh viên chứ không tập trung vào cuối kỳ doubledot 50% giành cho kiến thức cơ bản, một hình thức nào đó để buộc sinh phải có kiến thức về dotnet nắm về nguyên lý của nó , về cách tổ chức , cách thiết kế và sử dụng .",negative,chuong_trinh_hoc
108,"nên chia thành nhiều phần để đánh giá sinh viên chứ không tập trung vào cuối kỳ doubledot 50% giành cho kiến thức cơ bản, một hình thức nào đó để buộc sinh phải có kiến thức về dotnet nắm về nguyên lý của nó , về cách tổ chức , cách thiết kế và sử dụng .",neutral,de_xuat
109,"giảng viên giảng dễ hiệu , tận tình .",positive,ky_nang_giang_day
109,"giảng viên giảng dễ hiệu , tận tình .",positive,hanh_vi
110,cách giảng dạy có hiệu quả giúp sinh viên hiểu được vấn đề về chiều sâu hơn .,positive,ky_nang_giang_day
111,thêm nhiều thời gian .,negative,chuong_trinh_hoc
111,thêm nhiều thời gian .,negative,de_xuat
112,nghỉ học nhưng không thông báo cho sinh viên biết .,negative,hanh_vi
113,nhiệt tình và đưa nhiều ví dụ .,positive,ky_nang_giang_day
113,nhiệt tình và đưa nhiều ví dụ .,positive,kinh_nghiem
113,nhiệt tình và đưa nhiều ví dụ .,positive,hanh_vi
114,nội dung giảng dạy lan man không sát môn học mật mã .,negative,ky_nang_giang_day
114,nội dung giảng dạy lan man không sát môn học mật mã .,negative,chuong_trinh_hoc
115,hoặc có thể cho cùng một giảng viên phụ trách lý thuyết và thực hành cho mỗi lớp .,neutral,chuong_trinh_hoc
115,hoặc có thể cho cùng một giảng viên phụ trách lý thuyết và thực hành cho mỗi lớp .,positive,de_xuat
116,đôi khi giảng nhanh làm sinh viên chưa kịp tiếp thu .,negative,ky_nang_giang_day
117,thầy chưa chú trọng đến nội dung cũng như cách truyền đạt cho sinh viên .,negative,ky_nang_giang_day
118,listening .,neutral,noi_chung
119,nội dung thực hành nên bám sát với lý thuyết .,negative,chuong_trinh_hoc
119,nội dung thực hành nên bám sát với lý thuyết .,neutral,de_xuat
120,chưa tìm ra .,neutral,noi_chung
121,vui vẻ giảng dạy nhiệt tình .,positive,hanh_vi
122,"các khoa khác đều có điểm thi giữa kỳ môn vậy rồi mà sao giờ này , gần thi cuối kỳ rồi mà khoa wzjwz12 chưa có điểm .",negative,cham_diem
123,"nhiệt tình , luôn đảm bảo giờ giấc sinh hoạt ở lớp .",positive,hanh_vi
124,"đảm bảo giờ lên lớp , tài liệu đầy đủ .",positive,cung_cap_tai_lieu
125,nên tạo động lực để sinh viên tham gia năng nổ đóng góp buổi học .,neutral,ky_nang_giang_day
125,nên tạo động lực để sinh viên tham gia năng nổ đóng góp buổi học .,neutral,de_xuat
126,bài về nhà quá khó .,negative,bai_tap
127,"học lý thuyết thầy nhiệt tình giảng , nhưng khả năng truyền đạt chưa cao , sinh viên chú ý nghe thì cũng hiểu bài rất ít .",negative,ky_nang_giang_day
127,"học lý thuyết thầy nhiệt tình giảng , nhưng khả năng truyền đạt chưa cao , sinh viên chú ý nghe thì cũng hiểu bài rất ít .",positive,hanh_vi
128,giảng viên giải thích một số ví dụ mẫu chưa rõ ràng .,negative,ky_nang_giang_day
129,mong thầy giảng bài kỹ hơn .,negative,ky_nang_giang_day
129,mong thầy giảng bài kỹ hơn .,negative,de_xuat
130,cô nên giảng bài nhiều hơn .,negative,ky_nang_giang_day
130,cô nên giảng bài nhiều hơn .,neutral,de_xuat
131,có buổi hướng dẫn cho sinh viên trước khi làm đồ án .,neutral,chuong_trinh_hoc
132,"không ý kiến , phương pháp của thấy rất hài lòng ạ .",positive,ky_nang_giang_day
133,"tác phong làm việc nghiêm túc , chuyên nghiệp .",positive,hanh_vi
134,tìm mọi cách hướng dẫn học hiệu quả nhất cho lớp và cung cấp đủ mọi tài liệu cho các bạn tham khảo và làm bàu tập tại lớp cũng như ở nhà .,neutral,ky_nang_giang_day
134,tìm mọi cách hướng dẫn học hiệu quả nhất cho lớp và cung cấp đủ mọi tài liệu cho các bạn tham khảo và làm bàu tập tại lớp cũng như ở nhà .,neutral,bai_tap
134,tìm mọi cách hướng dẫn học hiệu quả nhất cho lớp và cung cấp đủ mọi tài liệu cho các bạn tham khảo và làm bàu tập tại lớp cũng như ở nhà .,neutral,cung_cap_tai_lieu
134,tìm mọi cách hướng dẫn học hiệu quả nhất cho lớp và cung cấp đủ mọi tài liệu cho các bạn tham khảo và làm bàu tập tại lớp cũng như ở nhà .,neutral,de_xuat
135,cô dạy tốt nhưng mình bỏ thi nên mình điểm thấp .,positive,ky_nang_giang_day
135,cô dạy tốt nhưng mình bỏ thi nên mình điểm thấp .,negative,cham_diem
136,"giáo viên tận tâm , nhiệt tình , dễ tính .",positive,hanh_vi
137,"giảng viên rất vui vẻ , phương pháp của thầy giúp sinh viên chủ động học tập .",positive,ky_nang_giang_day
137,"giảng viên rất vui vẻ , phương pháp của thầy giúp sinh viên chủ động học tập .",positive,hanh_vi
138,"thầy nên dạy kỹ , và chậm hơn để sinh viên dễ tiếp thu .",negative,ky_nang_giang_day
138,"thầy nên dạy kỹ , và chậm hơn để sinh viên dễ tiếp thu .",neutral,de_xuat
139,cô làm việc rất có trách nhiệm .,positive,hanh_vi
140,thầy dạy rất tận tình .,positive,hanh_vi
141,thầy nên giảnh nhiều hơn và bài tập ít lại nhưng chất lượng hơn .,negative,ky_nang_giang_day
141,thầy nên giảnh nhiều hơn và bài tập ít lại nhưng chất lượng hơn .,negative,bai_tap
141,thầy nên giảnh nhiều hơn và bài tập ít lại nhưng chất lượng hơn .,neutral,de_xuat
142,giảng viên đúng giờ .,positive,hanh_vi
143,giảng viên cho bài tập về nhà để không quên bài .,neutral,bai_tap
144,hầu như không có vấn đề gì không hài lòng .,positive,noi_chung
145,"giảng viên hoàn toàn không trả lời thích đáng các câu hỏi , thắc mắc được đặt ra của sinh viên .",negative,ky_nang_giang_day
145,"giảng viên hoàn toàn không trả lời thích đáng các câu hỏi , thắc mắc được đặt ra của sinh viên .",negative,hanh_vi
146,cần làm nhiều bài tập hơn .,negative,bai_tap
146,cần làm nhiều bài tập hơn .,neutral,de_xuat
147,thầy cô dạy cho về quá sớm .,negative,ky_nang_giang_day
148,một số phần kiến thức bị bỏ qua do không đủ thời gian .,negative,kien_thuc
148,một số phần kiến thức bị bỏ qua do không đủ thời gian .,negative,chuong_trinh_hoc
149,nếu kết thúc thực hành sớm .,neutral,kinh_nghiem
149,nếu kết thúc thực hành sớm .,neutral,de_xuat
150,chúc thầy vui và sống khỏe .,positive,noi_chung
151,lên lớp và giảng dạy hiệu quả .,positive,ky_nang_giang_day
152,thầy duy giảng dạy rất hiệu quả và nhiệt tình .,positive,ky_nang_giang_day
152,thầy duy giảng dạy rất hiệu quả và nhiệt tình .,positive,hanh_vi
153,nâng cao chất lượng máy chiếu và quạt .,negative,thiet_bi_day_hoc
153,nâng cao chất lượng máy chiếu và quạt .,neutral,de_xuat
154,kiểm tra trên lớp nhiều hơn .,neutral,cham_diem
154,kiểm tra trên lớp nhiều hơn .,neutral,de_xuat
155,cô gọi sinh viên nhiều để giải bài .,neutral,ky_nang_giang_day
156,giảng viên nên làm từng bước chi tiết hơn là chiếu slide rồi nói .,negative,ky_nang_giang_day
156,giảng viên nên làm từng bước chi tiết hơn là chiếu slide rồi nói .,neutral,de_xuat
157,"cô dễ chịu , dạy kỹ .",positive,ky_nang_giang_day
157,"cô dễ chịu , dạy kỹ .",positive,hanh_vi
158,"thầy giảng dạy , đưa ra các câu hỏi rất sát với đề tài các nhóm , giúp chúng em có nhiều kiến thức hơn về đề tài của các nhóm .",positive,ky_nang_giang_day
158,"thầy giảng dạy , đưa ra các câu hỏi rất sát với đề tài các nhóm , giúp chúng em có nhiều kiến thức hơn về đề tài của các nhóm .",positive,kien_thuc
159,cô dễ gắt lên với sinh viên .,negative,hanh_vi
160,"không được tận tâm , nhiệt tình .",negative,hanh_vi
161,tạo ra môi trường để sinh viên có cơ hội thực tập khả năng thuyết trình .,neutral,kinh_nghiem
161,tạo ra môi trường để sinh viên có cơ hội thực tập khả năng thuyết trình .,neutral,de_xuat
162,"giảng dạy nhiệt tình , vui vẻ , hài hước tạo cảm giác hứng thú cho sinh viên trong giờ học .",positive,ky_nang_giang_day
162,"giảng dạy nhiệt tình , vui vẻ , hài hước tạo cảm giác hứng thú cho sinh viên trong giờ học .",positive,hanh_vi
163,ra thêm những bài tập khó hoặc lạ giúp học sinh kiếm thêm điểm để tăng hứng thú môn học khuyến khích hoạt động phát biểu trong giờ học .,neutral,hanh_vi
163,ra thêm những bài tập khó hoặc lạ giúp học sinh kiếm thêm điểm để tăng hứng thú môn học khuyến khích hoạt động phát biểu trong giờ học .,neutral,bai_tap
163,ra thêm những bài tập khó hoặc lạ giúp học sinh kiếm thêm điểm để tăng hứng thú môn học khuyến khích hoạt động phát biểu trong giờ học .,neutral,de_xuat
164,thầy ôn rất kỹ .,positive,ky_nang_giang_day
165,"giảng dạy kỹ , trình bày logic .",positive,ky_nang_giang_day
166,"giảng dạy rất nhiệt tình , cung cấp tài liệu đầy đủ .",positive,hanh_vi
166,"giảng dạy rất nhiệt tình , cung cấp tài liệu đầy đủ .",positive,cung_cap_tai_lieu
167,mong rằng cô sẽ điều chỉnh để sinh viên có thể dễ dàng theo dõi bài giảng hơn .,negative,ky_nang_giang_day
167,mong rằng cô sẽ điều chỉnh để sinh viên có thể dễ dàng theo dõi bài giảng hơn .,neutral,de_xuat
168,theo em thì thầy hơi thụ động một tí .,negative,hanh_vi
169,hiện tại thực hành môn này chỉ mang tính chất làm quen các thiết bị .,negative,kinh_nghiem
169,hiện tại thực hành môn này chỉ mang tính chất làm quen các thiết bị .,negative,chuong_trinh_hoc
170,"thầy dạy nhiệt tình , mong được học thầy những kỳ sau colonsmilesmile .",positive,hanh_vi
171,và thầy lại tiếp tục làm công việc của thầy .,neutral,noi_chung
172,chuẩn bị bài giảng hoặc bài tập thật kỹ trước khi lên lớp giảng dạy .,neutral,ky_nang_giang_day
172,chuẩn bị bài giảng hoặc bài tập thật kỹ trước khi lên lớp giảng dạy .,neutral,de_xuat
173,"mặc dù em hiểu có thể là do môn học này quá rộng nên việc làm seminar thì hợp , nhưng thầy cũng có thể chọn một vài buổi để dạy cái cốt lõi phổ biến trong bộ framework đó chẳng hạn .",neutral,ky_nang_giang_day
173,"mặc dù em hiểu có thể là do môn học này quá rộng nên việc làm seminar thì hợp , nhưng thầy cũng có thể chọn một vài buổi để dạy cái cốt lõi phổ biến trong bộ framework đó chẳng hạn .",neutral,chuong_trinh_hoc
173,"mặc dù em hiểu có thể là do môn học này quá rộng nên việc làm seminar thì hợp , nhưng thầy cũng có thể chọn một vài buổi để dạy cái cốt lõi phổ biến trong bộ framework đó chẳng hạn .",neutral,de_xuat
174,giảng bài hơi chậm .,negative,ky_nang_giang_day
175,"cô dạy không có thể chê được bất kỳ điểm nào , vừa nói chuyện vui mà lại đây hay .",positive,ky_nang_giang_day
175,"cô dạy không có thể chê được bất kỳ điểm nào , vừa nói chuyện vui mà lại đây hay .",positive,hanh_vi
176,"thầy dạy hơi nhanh , ít quan tâm đến việc học sinh có hiểu bài trên lớp hay không mà thầy cho bài tập khá nhiều .",negative,ky_nang_giang_day
176,"thầy dạy hơi nhanh , ít quan tâm đến việc học sinh có hiểu bài trên lớp hay không mà thầy cho bài tập khá nhiều .",negative,hanh_vi
176,"thầy dạy hơi nhanh , ít quan tâm đến việc học sinh có hiểu bài trên lớp hay không mà thầy cho bài tập khá nhiều .",negative,bai_tap
177,"làm debate nhiều , còn học về giáo trình rất ít .",negative,kinh_nghiem
177,"làm debate nhiều , còn học về giáo trình rất ít .",negative,chuong_trinh_hoc
178,nên chỉ có một giảng viên phụ trách một lớp .,neutral,de_xuat
179,"thầy giảng bài dễ hiểu , vui tính , sẵn sàng giải đáp thắc mắc của sinh viên .",positive,ky_nang_giang_day
179,"thầy giảng bài dễ hiểu , vui tính , sẵn sàng giải đáp thắc mắc của sinh viên .",positive,hanh_vi
180,đưa ra các chỉ tiêu tính điểm cụ thể .,negative,cham_diem
180,đưa ra các chỉ tiêu tính điểm cụ thể .,negative,de_xuat
181,đồng thời giảng viên nên tổ chức ôn tập ở một hai buổi học để sinh viên cũng cố bài đã qua và hoàn thiện kiến thức .,neutral,ky_nang_giang_day
181,đồng thời giảng viên nên tổ chức ôn tập ở một hai buổi học để sinh viên cũng cố bài đã qua và hoàn thiện kiến thức .,neutral,de_xuat
182,"giảng viên vui tính , hài hước .",positive,hanh_vi
183,thầy giảng hơi nhanh .,negative,ky_nang_giang_day
184,thầy rất nhiệt tình hướng dẫn trong khi thực hành .,positive,ky_nang_giang_day
184,thầy rất nhiệt tình hướng dẫn trong khi thực hành .,positive,hanh_vi
185,cô rất thân thiện .,positive,hanh_vi
186,"cô vui tính , nhiệt tình .",positive,hanh_vi
187,khả năng truyền đạt còn kém .,negative,ky_nang_giang_day
188,thầy dạy giỏi chu đáo .,positive,ky_nang_giang_day
188,thầy dạy giỏi chu đáo .,positive,hanh_vi
188,thầy dạy giỏi chu đáo .,positive,kien_thuc
189,bài giảng thực hành rất chi tiết .,positive,ky_nang_giang_day
190,"cô giảng dạy nhiệt tình , giúp sinh viên hiểu rõ kiến thức .",positive,ky_nang_giang_day
190,"cô giảng dạy nhiệt tình , giúp sinh viên hiểu rõ kiến thức .",positive,hanh_vi
190,"cô giảng dạy nhiệt tình , giúp sinh viên hiểu rõ kiến thức .",positive,kien_thuc
191,"giảng viên thân thiện , hoà đồng , khả năng truyền đạt tốt .",positive,ky_nang_giang_day
191,"giảng viên thân thiện , hoà đồng , khả năng truyền đạt tốt .",positive,hanh_vi
192,cô dạy rất hay và rất thực tế bài học .,positive,ky_nang_giang_day
192,cô dạy rất hay và rất thực tế bài học .,positive,kinh_nghiem
192,cô dạy rất hay và rất thực tế bài học .,positive,kien_thuc
193,để học sinh của mình không có gì sau kết thúc môn phải chăng đó không là thất bại !,negative,noi_chung
194,có lịch học bù đã tự sắp .,neutral,chuong_trinh_hoc
195,cô rất vui vẻ .,positive,hanh_vi
196,học anh văn không nên quá theo một khuôn mẫu .,negative,ky_nang_giang_day
196,học anh văn không nên quá theo một khuôn mẫu .,neutral,de_xuat
197,giảng viên nhiệt tình và vui tính .,positive,hanh_vi
198,giảng viên nhiệt tình với sinh viên .,positive,hanh_vi
199,cô hướng dẫn rất nhiệt tình .,positive,hanh_vi
200,kiểm tra với mức độ vừa phải với yêu cầu của môn học !,positive,cham_diem
201,học dễ hiểu .,positive,ky_nang_giang_day
202,"cô dạy tận tình , đưa nhiều kiến thức cho sinh viên .",positive,ky_nang_giang_day
202,"cô dạy tận tình , đưa nhiều kiến thức cho sinh viên .",positive,hanh_vi
202,"cô dạy tận tình , đưa nhiều kiến thức cho sinh viên .",positive,kien_thuc
203,bài giảng sinh động có hứng thú với sinh viên đến lớp .,positive,ky_nang_giang_day
204,"cô dễ thương , dễ tính , giảng dễ hiểu .",positive,ky_nang_giang_day
204,"cô dễ thương , dễ tính , giảng dễ hiểu .",positive,hanh_vi
205,"thầy cực kỳ tận tâm nhiệt tình , giảng bài rất dễ nhớ .",positive,ky_nang_giang_day
205,"thầy cực kỳ tận tâm nhiệt tình , giảng bài rất dễ nhớ .",positive,hanh_vi
206,các nhóm có cùng đề tài 'abc' cùng vào báo cáo một lượt cho lẹ !,negative,bai_tap
206,các nhóm có cùng đề tài 'abc' cùng vào báo cáo một lượt cho lẹ !,negative,chuong_trinh_hoc
207,"giảng viên giảng bài không tạo được sự hứng thú cho sinh viên khi học , nên thường phải áp dụng phương pháp của các giáo viên dạy môn chính trị như doubledot không cho sử dụng điện thoại , laptop trong lớp , điểm danh hoặc gọi tên để trả lời câu hỏi .",negative,ky_nang_giang_day
208,"thầy tận tình , có cách giảng giải sinh động và chủ động trong việc tìm hiểu sinh viên .",positive,ky_nang_giang_day
208,"thầy tận tình , có cách giảng giải sinh động và chủ động trong việc tìm hiểu sinh viên .",positive,hanh_vi
209,"thầy đưa ra phương pháp làm bài cụ thể , dễ hiểu .",positive,ky_nang_giang_day
210,thầy giảng rất hay !,positive,ky_nang_giang_day
211,ân cần giải đáp thắc mắc của sinh viên .,negative,hanh_vi
211,ân cần giải đáp thắc mắc của sinh viên .,neutral,de_xuat
212,"tiết giảng hơi khô khan , nhàm chán .",negative,ky_nang_giang_day
213,"một số bài thầy giảng còn khó hiểu , ít sát thực hành và ít sửa bài tập về nhà .",negative,ky_nang_giang_day
213,"một số bài thầy giảng còn khó hiểu , ít sát thực hành và ít sửa bài tập về nhà .",negative,kinh_nghiem
213,"một số bài thầy giảng còn khó hiểu , ít sát thực hành và ít sửa bài tập về nhà .",negative,bai_tap
214,"phong cách giảng dạy tốt , không buồn ngủ , tiếp thu bài tốt .",positive,ky_nang_giang_day
215,giảng viên cho về sớm hơn giờ quy định .,negative,hanh_vi
216,giảng viên không có kỹ năng sư phạm cao .,negative,ky_nang_giang_day
217,"chất lượng phòng lab kém , nhiều máy không sử dụng được hoặc phần mềm bị lỗi , không thực hành được .",negative,kinh_nghiem
217,"chất lượng phòng lab kém , nhiều máy không sử dụng được hoặc phần mềm bị lỗi , không thực hành được .",negative,thiet_bi_day_hoc
218,nên xác định điểm quá trình tốt hơn tránh để gian lận .,negative,cham_diem
218,nên xác định điểm quá trình tốt hơn tránh để gian lận .,neutral,de_xuat
219,giảng viên dạy tận tâm dễ hiểu .,positive,ky_nang_giang_day
219,giảng viên dạy tận tâm dễ hiểu .,positive,hanh_vi
220,trao đổi bài học tại lớp rất sôi động .,positive,ky_nang_giang_day
221,em nghĩ là cô truyền cảm hứng rất hay .,positive,hanh_vi
222,"cô giảng rất đều tai , rất dễ buồn ngủ .",negative,ky_nang_giang_day
223,vui tính dạy khá dễ hiểu .,positive,ky_nang_giang_day
223,vui tính dạy khá dễ hiểu .,positive,hanh_vi
224,chúng em không thực sự biết rằng những gì các bạn đang thuyết trình là đúng thực tế hay không !,negative,kinh_nghiem
224,chúng em không thực sự biết rằng những gì các bạn đang thuyết trình là đúng thực tế hay không !,negative,kien_thuc
225,thầy dạy rất có tâm huyết .,positive,ky_nang_giang_day
225,thầy dạy rất có tâm huyết .,positive,hanh_vi
226,"cần phân bố lại thời gian lên lớp , đừng kéo dài thời gian khi đã hết buổi học .",negative,chuong_trinh_hoc
226,"cần phân bố lại thời gian lên lớp , đừng kéo dài thời gian khi đã hết buổi học .",neutral,de_xuat
227,"cô giáo giảng dạy rất nhiệt tình , học sinh chăm chỉ được thưởng xứng dáng , học sinh lười biếng không đi học bị trừng phạt thẳng tay .",neutral,hanh_vi
228,nâng cấp máy tính lên .,negative,thiet_bi_day_hoc
228,nâng cấp máy tính lên .,neutral,de_xuat
229,sự nhiệt tình giảng dạy của giảng viên .,positive,hanh_vi
230,giáo viên rất nhiệt tình với sinh viên .,positive,hanh_vi
231,"cô giảng dạy khiến sinh viên cảm thấy chán , buồn ngủ .",negative,ky_nang_giang_day
232,giảng dạy không hiệu quả .,negative,ky_nang_giang_day
233,thầy dạy có tâm và rất nhiệt tình .,positive,hanh_vi
234,"nên tăng thêm thời lượng về kỹ năng nghe , nói .",negative,chuong_trinh_hoc
234,"nên tăng thêm thời lượng về kỹ năng nghe , nói .",negative,de_xuat
235,khiến sinh viên cảm thấy nản .,negative,noi_chung
236,"tích cực , nhiệt huyết .",positive,noi_chung
237,hy vọng có nhiều phương pháp mới để sinh viên hiểu sâu được vấn đề .,neutral,ky_nang_giang_day
237,hy vọng có nhiều phương pháp mới để sinh viên hiểu sâu được vấn đề .,neutral,de_xuat
238,em rất quý cô cũng như toàn thể các giảng viên trong trường nhưng em phải nói với thầy một điều chân thành rằng em cảm thấy việc điểm danh khi đi học là không hiệu quả .,positive,hanh_vi
238,em rất quý cô cũng như toàn thể các giảng viên trong trường nhưng em phải nói với thầy một điều chân thành rằng em cảm thấy việc điểm danh khi đi học là không hiệu quả .,negative,chuong_trinh_hoc
238,em rất quý cô cũng như toàn thể các giảng viên trong trường nhưng em phải nói với thầy một điều chân thành rằng em cảm thấy việc điểm danh khi đi học là không hiệu quả .,negative,de_xuat
239,thời gian các tiết thực hành cần phân bổ phù hợp với thời gian lý thuyết vì thường thì những bài thực hành đi sớm hơn so với bài lý thuyết kể từ những tuần khoảng giữa nên giảng viên hỗ trợ thực hành không thể cho sinh viên thực hành phần đó .,negative,chuong_trinh_hoc
239,thời gian các tiết thực hành cần phân bổ phù hợp với thời gian lý thuyết vì thường thì những bài thực hành đi sớm hơn so với bài lý thuyết kể từ những tuần khoảng giữa nên giảng viên hỗ trợ thực hành không thể cho sinh viên thực hành phần đó .,neutral,de_xuat
240,"dạy ít , sinh viên chủ yếu nghe sinh viên báo cáo .",negative,ky_nang_giang_day
241,tận tâm với sinh viên và tạo mọi cơ hội cho tất cả sinh viên .,positive,hanh_vi
242,đảm bảo phần kiến thức cho sinh viên đạt được .,neutral,kien_thuc
243,thầy chưa mấy nhiệt tình !,negative,hanh_vi
244,có đưa ra ví dụ cụ thể .,positive,ky_nang_giang_day
244,có đưa ra ví dụ cụ thể .,positive,kinh_nghiem
245,giảng dạy có logic và có sự chuyên tâm của giáo viên nên em không có ý kiến gì thêm .,positive,ky_nang_giang_day
245,giảng dạy có logic và có sự chuyên tâm của giáo viên nên em không có ý kiến gì thêm .,positive,hanh_vi
246,giảng viên thường cho các hoạt động nhóm trong giờ học .,neutral,ky_nang_giang_day
247,"giảng viên quá bận với công việc của mình , không đảm bảo được nội dung môn học , chưa cung cấp tài liệu liên quan đến môn học , chưa tận tâm .",negative,ky_nang_giang_day
247,"giảng viên quá bận với công việc của mình , không đảm bảo được nội dung môn học , chưa cung cấp tài liệu liên quan đến môn học , chưa tận tâm .",negative,hanh_vi
247,"giảng viên quá bận với công việc của mình , không đảm bảo được nội dung môn học , chưa cung cấp tài liệu liên quan đến môn học , chưa tận tâm .",negative,cung_cap_tai_lieu
248,"nhiệt tình , giảng dạy tốt .",positive,ky_nang_giang_day
248,"nhiệt tình , giảng dạy tốt .",positive,hanh_vi
249,giảng viên khá nhiệt tỉnh .,positive,hanh_vi
250,"truyện đạt kiến thức dễ hiểu dễ tiếp thu , gần gũi , nhiệt tình .",positive,ky_nang_giang_day
250,"truyện đạt kiến thức dễ hiểu dễ tiếp thu , gần gũi , nhiệt tình .",positive,hanh_vi
250,"truyện đạt kiến thức dễ hiểu dễ tiếp thu , gần gũi , nhiệt tình .",positive,kien_thuc
251,dù một tuần chỉ có 2 tiết nhưng thầy đã tận tình giảng dạy .,positive,ky_nang_giang_day
251,dù một tuần chỉ có 2 tiết nhưng thầy đã tận tình giảng dạy .,positive,hanh_vi
252,"giảng viên gần như không biết truyền đạt kiến thức sát với lý thuyết , ra bài tập không bám sát kiến thức .",negative,ky_nang_giang_day
252,"giảng viên gần như không biết truyền đạt kiến thức sát với lý thuyết , ra bài tập không bám sát kiến thức .",negative,bai_tap
253,phương pháp quan trọng là kiến thức chứ không phải điểm .,negative,cham_diem
253,phương pháp quan trọng là kiến thức chứ không phải điểm .,neutral,kien_thuc
254,em mong thầy cô cho sinh viên nhiều mẫu câu thông dụng để sinh viên học thuộc từ đó rèn luyện phản xạ tự nhiên trong giao tiếp !,negative,cung_cap_tai_lieu
254,em mong thầy cô cho sinh viên nhiều mẫu câu thông dụng để sinh viên học thuộc từ đó rèn luyện phản xạ tự nhiên trong giao tiếp !,neutral,de_xuat
255,"thầy dạy hay , không khí vui vẻ và tận tình giải đáp mọi thắc mắc .",positive,ky_nang_giang_day
255,"thầy dạy hay , không khí vui vẻ và tận tình giải đáp mọi thắc mắc .",positive,hanh_vi
256,tương tác tốt với sinh viên ở trên lớp .,positive,hanh_vi
257,lên lớp muộn .,negative,hanh_vi
258,thầy dạy bằng tiếng anh .,neutral,ky_nang_giang_day
259,"nên thay phòng thực hành , cho dù là hình thức 2 , có thể làm ở nhà nhưng lên phòng lab thì cũng phải có điều kiện để sinh viên làm các bước cơ bản thì về nhà mới nhanh chóng triển khai các bước tiếp theo được .",negative,thiet_bi_day_hoc
259,"nên thay phòng thực hành , cho dù là hình thức 2 , có thể làm ở nhà nhưng lên phòng lab thì cũng phải có điều kiện để sinh viên làm các bước cơ bản thì về nhà mới nhanh chóng triển khai các bước tiếp theo được .",neutral,de_xuat
260,bài tập và tài liệu hướng dẫn học tập mà thầy cung cấp thực sự rất đầy đủ đối với em .,positive,bai_tap
260,bài tập và tài liệu hướng dẫn học tập mà thầy cung cấp thực sự rất đầy đủ đối với em .,positive,cung_cap_tai_lieu
261,"giảng viên nhiệt tình , truyền lửa tốt cho sinh viên hứng thú học tập .",positive,ky_nang_giang_day
261,"giảng viên nhiệt tình , truyền lửa tốt cho sinh viên hứng thú học tập .",positive,hanh_vi
262,hơi nghiêm .,negative,hanh_vi
263,dạy toàn tiếng anh .,neutral,ky_nang_giang_day
264,"thái độ chưa tốt khi sinh viên hỏi bài , chỉ có sinh viên giỏi mới dám hỏi vì thầy chỉ trả lời những câu khó .",negative,hanh_vi
265,"thầy có một nền tảng kiến thức rất phong phú , em được học rất nhiều từ thầy .",positive,kien_thuc
266,nên hướng dẫn giải các bài tập cơ bản của môn học .,negative,bai_tap
266,nên hướng dẫn giải các bài tập cơ bản của môn học .,neutral,de_xuat
267,"nội dung thực hành vào lý thuyết chưa khớp nhau , chưa truyền tải được nhiều kiến thức .",negative,kinh_nghiem
267,"nội dung thực hành vào lý thuyết chưa khớp nhau , chưa truyền tải được nhiều kiến thức .",negative,kien_thuc
267,"nội dung thực hành vào lý thuyết chưa khớp nhau , chưa truyền tải được nhiều kiến thức .",negative,chuong_trinh_hoc
268,thầy nên giảng bài sinh động hơn thay vì ngồi một chỗ .,negative,ky_nang_giang_day
268,thầy nên giảng bài sinh động hơn thay vì ngồi một chỗ .,neutral,de_xuat
269,hình dung chưa ?,neutral,noi_chung
270,"giảng bài quá nhanh , ít bám sâu vào chương trình .",negative,ky_nang_giang_day
270,"giảng bài quá nhanh , ít bám sâu vào chương trình .",negative,chuong_trinh_hoc
271,giảng viên không gây hứng thú cho sinh viên về bài giảng của mình .,negative,ky_nang_giang_day
271,giảng viên không gây hứng thú cho sinh viên về bài giảng của mình .,negative,hanh_vi
272,"em còn tưởng những nội dung này chỉ có trong hội thảo về "" đa cấp "" .",negative,chuong_trinh_hoc
273,"thầy dạy dễ hiểu , nắm rõ kiến thức .",positive,ky_nang_giang_day
273,"thầy dạy dễ hiểu , nắm rõ kiến thức .",positive,kien_thuc
274,"thầy thân thiện , nhiệt tình .",positive,hanh_vi
275,"nhìn chung cô dạy khá là nhanh bạn nào có tư duy , logic không được tốt thì sẽ không hiểu cô nói .",negative,ky_nang_giang_day
276,nhiệt tình trả lời các câu hỏi của sinh viên .,positive,hanh_vi
277,em cảm thấy không có gì không hài lòng cả vì thầy dạy hay .,positive,ky_nang_giang_day
278,"thầy tận tình , và thân thiện .",positive,hanh_vi
279,em nghỉ nên biên soạn lại .,neutral,de_xuat
279,em nghỉ nên biên soạn lại .,neutral,noi_chung
280,"ngoài việc cho bài tập ra , thầy nên giải đáp cho các học sinh các bài tập khó nữa .",negative,hanh_vi
280,"ngoài việc cho bài tập ra , thầy nên giải đáp cho các học sinh các bài tập khó nữa .",neutral,de_xuat
281,"mỗi một vấn đề đều phải dừng lại hỏi xem còn sinh viên nào có cách khác không , hay đơn giản là cách hiểu khác trên cùng một vấn đề .",neutral,ky_nang_giang_day
282,tất cả điều hài lòng .,positive,noi_chung
283,cô dễ thương siêu cute !,positive,hanh_vi
284,"giảng viên vui vẻ , hòa đồng với sinh viên , tạo cảm giác hứng thú học tập hơn .",positive,hanh_vi
285,"giảng viên hỗ trợ bài giảng , tài liệu tham khảo rất đầy đủ trên moodle .",positive,hanh_vi
285,"giảng viên hỗ trợ bài giảng , tài liệu tham khảo rất đầy đủ trên moodle .",positive,cung_cap_tai_lieu
286,thầy hướng dẫn rất tận tình .,positive,hanh_vi
287,cả hai thầy đều rất nhiệt tình .,positive,hanh_vi
288,"thầy giải đáp thắc mắc của sinh viên nhiệt tình và đầy đủ , kiến thức nhiều và phong phú .",positive,hanh_vi
288,"thầy giải đáp thắc mắc của sinh viên nhiệt tình và đầy đủ , kiến thức nhiều và phong phú .",positive,kien_thuc
289,trong học kỳ này vì nó không được cố định nên em và có thể nhiều bạn khác đã bỏ lỡ bài nộp .,negative,bai_tap
290,thầy chưa tận tâm trong giảng dạy .,negative,hanh_vi
291,giảng viên dạy dễ hiểu .,positive,ky_nang_giang_day
292,nên hướng dẫn kỹ lưỡng vào những vấn đề trọng tâm .,negative,ky_nang_giang_day
292,nên hướng dẫn kỹ lưỡng vào những vấn đề trọng tâm .,neutral,de_xuat
293,"triển khai srum cho tổ hợp nhóm nhỏ chừng 15 người , 1 nhóm 5 người .",neutral,chuong_trinh_hoc
294,vì đôi khi tụi em theo bài không kịp .,negative,ky_nang_giang_day
295,cô tận tình thân thiện với sinh viên .,positive,hanh_vi
296,"thầy vui tính , rất tâm lý sinh viên .",positive,hanh_vi
297,nên phát hết các bài kiểm tra còn lại .,negative,bai_tap
297,nên phát hết các bài kiểm tra còn lại .,neutral,de_xuat
298,dạy kỹ căn bản rèn luyện cả 4 kỹ năng .,neutral,ky_nang_giang_day
299,"tăng thời gian học , tiếp xúc với sinh viên nhiều hơn .",neutral,hanh_vi
299,"tăng thời gian học , tiếp xúc với sinh viên nhiều hơn .",neutral,chuong_trinh_hoc
299,"tăng thời gian học , tiếp xúc với sinh viên nhiều hơn .",neutral,de_xuat
300,có trách nhiệm giảng dạy cho các học sinh hiểu về bài học .,positive,ky_nang_giang_day
300,có trách nhiệm giảng dạy cho các học sinh hiểu về bài học .,positive,hanh_vi
301,bài tập cho cho đa dạng để sinh viên dễ dàng tiếp thu được nhiều loại bài tập và kiến thức khác nhau .,positive,bai_tap
302,đôi lúc giảng viên nói quá nhỏ không thể nghe thấy rõ .,negative,ky_nang_giang_day
303,không nên quá chú trọng vào việc dạy học chạy kịp chương trình để thi mà quên đi khả năng tiếp thu của sinh viên .,negative,ky_nang_giang_day
303,không nên quá chú trọng vào việc dạy học chạy kịp chương trình để thi mà quên đi khả năng tiếp thu của sinh viên .,negative,chuong_trinh_hoc
303,không nên quá chú trọng vào việc dạy học chạy kịp chương trình để thi mà quên đi khả năng tiếp thu của sinh viên .,negative,de_xuat
304,thầy chấm và nhận xét đồ án rất chính xác .,positive,cham_diem
305,"cô dạy rất hay , kỹ và nhiệt huyết .",positive,ky_nang_giang_day
305,"cô dạy rất hay , kỹ và nhiệt huyết .",positive,hanh_vi
306,dễ buồn ngủ .,negative,noi_chung
307,"phòng thưc hành cần thường xuyên vệ sinh , sửa chữa thiết bị , bị lỏng , đứt , hay hư hỏng .",negative,thiet_bi_day_hoc
307,"phòng thưc hành cần thường xuyên vệ sinh , sửa chữa thiết bị , bị lỏng , đứt , hay hư hỏng .",neutral,de_xuat
308,tích cực .,positive,noi_chung
309,"tận tâm , nhiệt tình , tiết học vui vẻ dễ tiếp thu .",positive,ky_nang_giang_day
309,"tận tâm , nhiệt tình , tiết học vui vẻ dễ tiếp thu .",positive,hanh_vi
310,"giảng viên thường xuyên trao đổi tài liệu học tập , giảng viên tích cực .",positive,hanh_vi
310,"giảng viên thường xuyên trao đổi tài liệu học tập , giảng viên tích cực .",positive,cung_cap_tai_lieu
311,sự nhiệt tình và tâm huyết khi giảng dạy của cô .,positive,hanh_vi
312,sự tận tâm .,positive,hanh_vi
313,nhưng vẫn đạt điểm cao .,positive,cham_diem
314,đúng như vậy luôn hi hi .,neutral,noi_chung
315,phần thi nói giữa các lớp không thống nhất về hình thức và nội dung .,negative,cham_diem
316,"nếu em muốn học , em sẽ lên lớp học .",neutral,noi_chung
317,"vui vẻ , giảng dạy tận tình .",positive,hanh_vi
318,"sửa chữa hoặc thay mới máy chiếu và loa nguyên nhân doubledot máy chiếu , chiếu hình ảnh bị nhạt màu , loa hay có trục trặc .",negative,thiet_bi_day_hoc
318,"sửa chữa hoặc thay mới máy chiếu và loa nguyên nhân doubledot máy chiếu , chiếu hình ảnh bị nhạt màu , loa hay có trục trặc .",neutral,de_xuat
319,thầy khá bận nên thời gian lên lớp không nhiều .,negative,ky_nang_giang_day
320,"thầy thân thiện , nhiệt tình , giảng dễ hiểu .",positive,ky_nang_giang_day
320,"thầy thân thiện , nhiệt tình , giảng dễ hiểu .",positive,hanh_vi
321,"thầy năng nổ , nhiệt tình .",positive,hanh_vi
322,"trên slide có quá nhiều chữ ( có vẻ như thầy dịch từ tài liệu gốc là chính ) , và thầy đọc slide , giải thích định nghĩa nhiều nhưng rối và không có gì để hình dung làm cho sinh viên khó hình dung ra thầy đang giảng gì .",negative,ky_nang_giang_day
322,"trên slide có quá nhiều chữ ( có vẻ như thầy dịch từ tài liệu gốc là chính ) , và thầy đọc slide , giải thích định nghĩa nhiều nhưng rối và không có gì để hình dung làm cho sinh viên khó hình dung ra thầy đang giảng gì .",negative,cung_cap_tai_lieu
323,"giảng viên rất tận tâm , nhiệt tình , gần gũi sinh viên .",positive,hanh_vi
324,cách giảng dạy không tạo được nền tảng ban đầu để sinh viên tự lực trong một quãng đường dài .,negative,ky_nang_giang_day
325,"thầy giảng dạy nhiệt tình , cung cấp đầy đủ kiến thức .",positive,hanh_vi
325,"thầy giảng dạy nhiệt tình , cung cấp đầy đủ kiến thức .",positive,kien_thuc
326,"phòng lab thực hành cơ bản vẫn còn thiếu chất lượng , máy yếu , trường mình vẫn còn xài màn hình crt nản , mang danh trường công nghệ thông tin .",negative,thiet_bi_day_hoc
327,giảng viên cung cấp khá đầy đủ kiến thức .,positive,kien_thuc
328,giáo viên ít hướng dẫn bài tập về nhà .,negative,hanh_vi
328,giáo viên ít hướng dẫn bài tập về nhà .,negative,bai_tap
329,khi nói xong một ý nên có khoảng nghỉ để người nghe kịp tiếp thu thì hiệu quả hơn .,negative,ky_nang_giang_day
329,khi nói xong một ý nên có khoảng nghỉ để người nghe kịp tiếp thu thì hiệu quả hơn .,neutral,de_xuat
330,"thầy chấm điểm khó , đề thi dài .",negative,cham_diem
330,"thầy chấm điểm khó , đề thi dài .",negative,chuong_trinh_hoc
331,"cô dạy quá chi tiết ở một số mục , có một số mục em cảm thấy dễ nhưng cô lại dạy quá lâu ở mục đó làm cho tốn khá nhiều thời gian và gây chán nản .",negative,ky_nang_giang_day
332,liên hệ sát với thực tế .,positive,kinh_nghiem
333,mong nhà trường sắp xếp các phòng học yên tĩnh hơn .,negative,thiet_bi_day_hoc
333,mong nhà trường sắp xếp các phòng học yên tĩnh hơn .,neutral,de_xuat
334,khối lượng lý thuyết và thực hành phải học quá ôm đồm trong một môn học .,negative,chuong_trinh_hoc
335,"cô nhiệt tình giảng bài , hỗ trợ sinh viên .",positive,ky_nang_giang_day
335,"cô nhiệt tình giảng bài , hỗ trợ sinh viên .",positive,hanh_vi
336,thầy hiền và nhiệt tình với sinh viên .,positive,hanh_vi
337,kiến thức môn học ứng dụng tốt cho công việc sau này .,positive,kien_thuc
338,"nên sử dụng giáo trình tiếng việt , nếu dùng tiếng anh thì nên dùng lúc ra đề luôn , tránh trường hợp anh việt lẫn lộn .",negative,cung_cap_tai_lieu
338,"nên sử dụng giáo trình tiếng việt , nếu dùng tiếng anh thì nên dùng lúc ra đề luôn , tránh trường hợp anh việt lẫn lộn .",neutral,de_xuat
339,giảng viên hướng dẫn rất nhiệt tình và chi tiết .,positive,ky_nang_giang_day
339,giảng viên hướng dẫn rất nhiệt tình và chi tiết .,positive,hanh_vi
340,cô dễ thương quá .,positive,hanh_vi
341,luôn giải đáp mọi thắc mắc của sinh viên .,positive,hanh_vi
342,thầy liên hệ khá nhiều về thực tiễn cuộc sống .,positive,kinh_nghiem
343,thầy là người rất nhiệt tình và quan tâm sinh viên !,positive,hanh_vi
344,"nhiều ví dụ minh hoạ , dễ hiểu .",positive,ky_nang_giang_day
345,thầy vui tính dạy dễ hiểu .,positive,ky_nang_giang_day
345,thầy vui tính dạy dễ hiểu .,positive,hanh_vi
346,nên có thêm vài project nhỏ .,negative,bai_tap
346,nên có thêm vài project nhỏ .,neutral,de_xuat
347,"dạy tốt , dễ hiểu .",positive,ky_nang_giang_day
348,"bồi dưỡng chuyên môn giáo viên phần phát âm , từ vựng .",neutral,chuong_trinh_hoc
349,"khả năng truyền đạt kiến thức của thầy chưa hay ( kém ) chưa lôi cuốn được sinh viên kể cả so sánh với em , một sinh viên năm 2 .",negative,ky_nang_giang_day
350,"cô nhiệt tình , giảng dạy dễ hiểu .",positive,ky_nang_giang_day
350,"cô nhiệt tình , giảng dạy dễ hiểu .",positive,hanh_vi
351,"các buổi học không liên tục , kiến thức kiểu chắp vá .",negative,kien_thuc
351,"các buổi học không liên tục , kiến thức kiểu chắp vá .",negative,chuong_trinh_hoc
352,giảng dạy rất tốt .,positive,ky_nang_giang_day
353,không hiểu bài giảng .,negative,ky_nang_giang_day
354,giảng viên giảng dạy nhiệt tình .,positive,hanh_vi
355,hệ thống máy tính còn yếu kém .,negative,thiet_bi_day_hoc
356,cần được tăng cường thực hành và traning thêm môn học .,negative,kinh_nghiem
356,cần được tăng cường thực hành và traning thêm môn học .,negative,chuong_trinh_hoc
356,cần được tăng cường thực hành và traning thêm môn học .,negative,de_xuat
357,giảng bài kỹ .,positive,ky_nang_giang_day
358,cho làm bài tập vận dụng kiến thức thường xuyên .,neutral,bai_tap
358,cho làm bài tập vận dụng kiến thức thường xuyên .,neutral,de_xuat
359,"tận dụng tốt thời gian , nhiệt tình , hiền .",positive,ky_nang_giang_day
359,"tận dụng tốt thời gian , nhiệt tình , hiền .",positive,hanh_vi
360,"giảng viên dạy kỹ , dễ hiểu .",positive,ky_nang_giang_day
361,thầy tôi dạy rất hay và chia sẻ rất nhiều .,positive,ky_nang_giang_day
362,thầy hiền nhiệt tình .,positive,hanh_vi
363,"thầy giảng khó hiểu , phương pháp giảng dạy cũ kỹ .",negative,ky_nang_giang_day
364,cô nói nhỏ và thường hay đứng trên bục rất khó để có thể hiểu .,negative,ky_nang_giang_day
365,"tận tâm giảng dạy nhiệt tình , tận tâm .",positive,ky_nang_giang_day
365,"tận tâm giảng dạy nhiệt tình , tận tâm .",positive,hanh_vi
366,giáo viên giảng hơi khó hiểu ạ .,negative,ky_nang_giang_day
367,đề xuất nhà trường hằng tuần có một buổi lau dọn các bàn ghế này .,neutral,thiet_bi_day_hoc
367,đề xuất nhà trường hằng tuần có một buổi lau dọn các bàn ghế này .,neutral,de_xuat
368,cần xác định rõ mục tiêu thực tế của môn học ứng dụng vào việc gì .,negative,chuong_trinh_hoc
368,cần xác định rõ mục tiêu thực tế của môn học ứng dụng vào việc gì .,neutral,de_xuat
369,"giảng dạy ngắn gọn , súc tích , đánh vào phần trọng tâm .",positive,ky_nang_giang_day
370,giảng viên nên đảm bảo lên lớp đúng giờ và cập nhật bài giảng lên hệ thống moodle thường xuyên hơn .,negative,hanh_vi
370,giảng viên nên đảm bảo lên lớp đúng giờ và cập nhật bài giảng lên hệ thống moodle thường xuyên hơn .,negative,cung_cap_tai_lieu
370,giảng viên nên đảm bảo lên lớp đúng giờ và cập nhật bài giảng lên hệ thống moodle thường xuyên hơn .,negative,de_xuat
371,"giáo trình hiện tại khá trừu tượng và khó hiểu , kiến thức khá khó với những lý thuyết căn bản mà sinh viên có thể hiểu .",negative,cung_cap_tai_lieu
371,"giáo trình hiện tại khá trừu tượng và khó hiểu , kiến thức khá khó với những lý thuyết căn bản mà sinh viên có thể hiểu .",negative,kien_thuc
372,"giảng viên dạy dễ hiểu , tương tác với sinh viên nhiều và có nhiều hình thức tính điểm ( điểm bài tập trên lớp , bài tập về nhà , kiểm tra tại lớp , dotdotdot ) .",positive,ky_nang_giang_day
372,"giảng viên dạy dễ hiểu , tương tác với sinh viên nhiều và có nhiều hình thức tính điểm ( điểm bài tập trên lớp , bài tập về nhà , kiểm tra tại lớp , dotdotdot ) .",positive,hanh_vi
372,"giảng viên dạy dễ hiểu , tương tác với sinh viên nhiều và có nhiều hình thức tính điểm ( điểm bài tập trên lớp , bài tập về nhà , kiểm tra tại lớp , dotdotdot ) .",neutral,cham_diem
373,"nhiệt tình , vui vẻ , cung cấp kiến thức hay .",positive,hanh_vi
373,"nhiệt tình , vui vẻ , cung cấp kiến thức hay .",positive,kien_thuc
374,"giảng viên dạy rất dễ hiểu , nhiệt tình .",positive,ky_nang_giang_day
374,"giảng viên dạy rất dễ hiểu , nhiệt tình .",positive,hanh_vi
375,hỗ trợ sinh viên kịp thời các vấn đề vướng mắc trong môn học .,positive,hanh_vi
376,cung cấp công cụ giảng dạy tốt hơn .,negative,thiet_bi_day_hoc
376,cung cấp công cụ giảng dạy tốt hơn .,neutral,de_xuat
377,"thầy dạy nhiệt tình , có trợ giảng năng nổ .",positive,ky_nang_giang_day
377,"thầy dạy nhiệt tình , có trợ giảng năng nổ .",positive,hanh_vi
378,về học tập doubledot bản thân em không đồng ý về điểm thuyết trình và bài báo cáo .,negative,cham_diem
379,"dạy rất nhiệt tình , cho bài tập nhiều .",positive,hanh_vi
379,"dạy rất nhiệt tình , cho bài tập nhiều .",neutral,bai_tap
380,"giảng dạy dễ hiểu , tận tình .",positive,ky_nang_giang_day
380,"giảng dạy dễ hiểu , tận tình .",positive,hanh_vi
381,"tiết học thú vị , vui vẻ mà bổ ích .",positive,ky_nang_giang_day
381,"tiết học thú vị , vui vẻ mà bổ ích .",positive,kien_thuc
382,thầy nhiệt tình và giảng rất dễ hiểu .,positive,ky_nang_giang_day
382,thầy nhiệt tình và giảng rất dễ hiểu .,positive,hanh_vi
383,giáo viên cần lên lớp thường xuyên hơn và dạy những kiến thức thiết thực với môn học hơn .,negative,hanh_vi
383,giáo viên cần lên lớp thường xuyên hơn và dạy những kiến thức thiết thực với môn học hơn .,negative,kien_thuc
383,giáo viên cần lên lớp thường xuyên hơn và dạy những kiến thức thiết thực với môn học hơn .,neutral,de_xuat
384,"gần gũi , tốt bụng .",positive,hanh_vi
385,cần mở rộng thêm các kỹ thuật hướng đối tượng mới hiện nay .,neutral,chuong_trinh_hoc
385,cần mở rộng thêm các kỹ thuật hướng đối tượng mới hiện nay .,neutral,de_xuat
386,"cô dạy tận tâm với sinh viên , luôn nhiệt tình .",positive,hanh_vi
387,"hăng say , nhiệt tình .",positive,hanh_vi
388,mong phòng phòng thanh tra - pháp chế - đbcl có biện pháp xử lý .,negative,de_xuat
389,table and chair is not fitted for class .,negative,thiet_bi_day_hoc
390,"dạy quá nhanh so với lý thuyết , có khi nhanh hơn cả 1 chương chớ không phải vài bài học , học thực hành mà không hiểu gì hết vì chưa học trên lý thuyết , theo em , học thực hành để củng cố kiến thức lý thuyết chớ không phải học lý thuyết để biết mình đã thực hành cái gì .",negative,ky_nang_giang_day
390,"dạy quá nhanh so với lý thuyết , có khi nhanh hơn cả 1 chương chớ không phải vài bài học , học thực hành mà không hiểu gì hết vì chưa học trên lý thuyết , theo em , học thực hành để củng cố kiến thức lý thuyết chớ không phải học lý thuyết để biết mình đã thực hành cái gì .",negative,kinh_nghiem
390,"dạy quá nhanh so với lý thuyết , có khi nhanh hơn cả 1 chương chớ không phải vài bài học , học thực hành mà không hiểu gì hết vì chưa học trên lý thuyết , theo em , học thực hành để củng cố kiến thức lý thuyết chớ không phải học lý thuyết để biết mình đã thực hành cái gì .",negative,kien_thuc
390,"dạy quá nhanh so với lý thuyết , có khi nhanh hơn cả 1 chương chớ không phải vài bài học , học thực hành mà không hiểu gì hết vì chưa học trên lý thuyết , theo em , học thực hành để củng cố kiến thức lý thuyết chớ không phải học lý thuyết để biết mình đã thực hành cái gì .",negative,chuong_trinh_hoc
391,mong thầy sắp xếp giữa việc giảng dạy cũng như việc làm của thầy .,negative,hanh_vi
391,mong thầy sắp xếp giữa việc giảng dạy cũng như việc làm của thầy .,neutral,de_xuat
392,điều chỉnh số tín chỉ cho môn từ 3 tín chỉ thành 2 tín chỉ .,neutral,chuong_trinh_hoc
392,điều chỉnh số tín chỉ cho môn từ 3 tín chỉ thành 2 tín chỉ .,neutral,de_xuat
393,"cô tận tâm nhiệt tình , quan tâm đến học sinh nhiều hơn là điểm số .",positive,hanh_vi
394,sự tận tình của giảng viên .,positive,hanh_vi
395,giảng viên dạy lý thuyết nên dạy thực hành để giúp sinh viên làm rõ những kiến thức trong lý thuyết .,negative,ky_nang_giang_day
395,giảng viên dạy lý thuyết nên dạy thực hành để giúp sinh viên làm rõ những kiến thức trong lý thuyết .,negative,kinh_nghiem
395,giảng viên dạy lý thuyết nên dạy thực hành để giúp sinh viên làm rõ những kiến thức trong lý thuyết .,negative,chuong_trinh_hoc
395,giảng viên dạy lý thuyết nên dạy thực hành để giúp sinh viên làm rõ những kiến thức trong lý thuyết .,neutral,de_xuat
396,"giảng viên nhiệt tình , có khả năng truyền đạt tốt .",positive,ky_nang_giang_day
396,"giảng viên nhiệt tình , có khả năng truyền đạt tốt .",positive,hanh_vi
397,thầy cho khá nhiều bài tập và cách giải nhiều bài .,neutral,ky_nang_giang_day
397,thầy cho khá nhiều bài tập và cách giải nhiều bài .,neutral,bai_tap
398,"cần chuẩn bị phần giáo trình phù hợp hơn với môn học , phù hợp hơn với trường mình .",negative,cung_cap_tai_lieu
398,"cần chuẩn bị phần giáo trình phù hợp hơn với môn học , phù hợp hơn với trường mình .",neutral,de_xuat
399,truyền đạt nhiều kiến thức mở rộng .,positive,ky_nang_giang_day
399,truyền đạt nhiều kiến thức mở rộng .,positive,kien_thuc
400,giáo viên nhiệt tình !,positive,hanh_vi
401,"4 tín chỉ học phần là quá ít cho các kiến thức về javabeans , jsp , servlet , html , csharp .",negative,chuong_trinh_hoc
401,"4 tín chỉ học phần là quá ít cho các kiến thức về javabeans , jsp , servlet , html , csharp .",negative,de_xuat
402,cách giảng dạy của giảng viên thật khó có thể làm cho sinh viên hiểu rõ vấn đề .,negative,ky_nang_giang_day
403,trong khi chương trình quy định 2 tiết cho một bài .,neutral,chuong_trinh_hoc
404,"nói chuyện dễ hiểu , dễ tiếp thu .",positive,ky_nang_giang_day
405,vủi vẻ nhiệt tình .,positive,hanh_vi
406,"học một đàn ra thi một nẻo , thi đúng với nội dung môn học .",positive,cham_diem
406,"học một đàn ra thi một nẻo , thi đúng với nội dung môn học .",positive,chuong_trinh_hoc
407,giảng viên giảng dạy nhiệt tình !,positive,hanh_vi
408,không thu hút được sự chú ý của sinh viên .,negative,ky_nang_giang_day
408,không thu hút được sự chú ý của sinh viên .,negative,hanh_vi
409,truyền đạt kiến thức dễ hiểu .,positive,ky_nang_giang_day
410,"cần phải thiết kế nội dung thực hành gắn với lý thuyết , nâng độ khó lên , cần áp dụng các lý thuyết hiện đại thay vì các lý thuyết đã cũ từ mấy chục năm trước .",negative,kinh_nghiem
410,"cần phải thiết kế nội dung thực hành gắn với lý thuyết , nâng độ khó lên , cần áp dụng các lý thuyết hiện đại thay vì các lý thuyết đã cũ từ mấy chục năm trước .",negative,bai_tap
410,"cần phải thiết kế nội dung thực hành gắn với lý thuyết , nâng độ khó lên , cần áp dụng các lý thuyết hiện đại thay vì các lý thuyết đã cũ từ mấy chục năm trước .",negative,kien_thuc
410,"cần phải thiết kế nội dung thực hành gắn với lý thuyết , nâng độ khó lên , cần áp dụng các lý thuyết hiện đại thay vì các lý thuyết đã cũ từ mấy chục năm trước .",negative,chuong_trinh_hoc
410,"cần phải thiết kế nội dung thực hành gắn với lý thuyết , nâng độ khó lên , cần áp dụng các lý thuyết hiện đại thay vì các lý thuyết đã cũ từ mấy chục năm trước .",neutral,de_xuat
411,giảng viên vui nhiệt tình .,positive,hanh_vi
412,"lúc chấm điểm thực hành trên lớp , hỏi những câu đánh đố sinh viên .",negative,hanh_vi
412,"lúc chấm điểm thực hành trên lớp , hỏi những câu đánh đố sinh viên .",negative,cham_diem
413,"giảng viên đầy nhiệt huyết , gần gũi với sinh viên , bài giảng sinh động .",positive,ky_nang_giang_day
413,"giảng viên đầy nhiệt huyết , gần gũi với sinh viên , bài giảng sinh động .",positive,hanh_vi
414,"tiết dạy thoải mái , không nhàm chán .",positive,ky_nang_giang_day
415,"giảng viên mỗi lần lên lớp đều nói "" các em cần gì cứ mail thầy sẽ hỗ trợ "" nhưng không bao giờ trả lời mail sinh viên , sinh viên phải lên đến tận văn phòng khoa để tìm gặp .",negative,hanh_vi
416,tất cả đều tốt .,positive,noi_chung
417,cung cấp cho sinh viên nhiều kiến thức thực tiễn .,positive,kien_thuc
418,thầy giảng quá khó hiểu .,negative,ky_nang_giang_day
419,hay nghỉ .,neutral,noi_chung
420,giảng viên áp dụng nhiều phương thức giảng dạy mới .,positive,ky_nang_giang_day
421,môn học hay và bổ ích .,positive,chuong_trinh_hoc
422,"cập nhật kiến thứ trong các slide , những phương pháp mới .",neutral,cung_cap_tai_lieu
422,"cập nhật kiến thứ trong các slide , những phương pháp mới .",neutral,kien_thuc
422,"cập nhật kiến thứ trong các slide , những phương pháp mới .",neutral,de_xuat
423,giảng viên thường hay đến lớp muộn 15 phút .,negative,hanh_vi
424,giảng viên nên thường xuyên cập nhật và giới thiệu những thành tựu công nghệ mới đến sinh viên cũng như cho phép sinh viên thử nghiệm tại lớp nếu điều kiện cho phép .,negative,ky_nang_giang_day
424,giảng viên nên thường xuyên cập nhật và giới thiệu những thành tựu công nghệ mới đến sinh viên cũng như cho phép sinh viên thử nghiệm tại lớp nếu điều kiện cho phép .,negative,kinh_nghiem
424,giảng viên nên thường xuyên cập nhật và giới thiệu những thành tựu công nghệ mới đến sinh viên cũng như cho phép sinh viên thử nghiệm tại lớp nếu điều kiện cho phép .,negative,kien_thuc
424,giảng viên nên thường xuyên cập nhật và giới thiệu những thành tựu công nghệ mới đến sinh viên cũng như cho phép sinh viên thử nghiệm tại lớp nếu điều kiện cho phép .,neutral,de_xuat
425,cần nâng cao chất lượng máy chiếu .,negative,thiet_bi_day_hoc
425,cần nâng cao chất lượng máy chiếu .,neutral,de_xuat
426,"theo em , nên tăng thời gian thực hành nhiều hơn .",negative,kinh_nghiem
426,"theo em , nên tăng thời gian thực hành nhiều hơn .",neutral,de_xuat
427,em nghĩ nên kết hợp thực hành vào chung một buổi .,neutral,kinh_nghiem
427,em nghĩ nên kết hợp thực hành vào chung một buổi .,neutral,chuong_trinh_hoc
427,em nghĩ nên kết hợp thực hành vào chung một buổi .,neutral,de_xuat
428,bài tập làm thêm .,neutral,bai_tap
429,"thầy dạy quá nhanh , học sinh theo không kịp , nhất là việc chiếu slide .",negative,ky_nang_giang_day
430,mới gặp một lần !,neutral,noi_chung
431,cập nhật tin tức môn học trên các kênh thông tin course và cung cấp các tài liệu trên đó .,neutral,cung_cap_tai_lieu
432,em thi giữa kỳ được 9dot5 điểm .,positive,cham_diem
433,"thường xuyên nhắc nhở các sinh viên ít phát biểu , chuyên cần , tích cực .",neutral,hanh_vi
434,"buổi đầu tiên là một bài thực hành đơn giản , buổi thứ 2 chia nhóm và thông báo đề tài đồ án cuối kỳ , buổi thứ 3 là chấm đồ án .",neutral,bai_tap
434,"buổi đầu tiên là một bài thực hành đơn giản , buổi thứ 2 chia nhóm và thông báo đề tài đồ án cuối kỳ , buổi thứ 3 là chấm đồ án .",neutral,cham_diem
434,"buổi đầu tiên là một bài thực hành đơn giản , buổi thứ 2 chia nhóm và thông báo đề tài đồ án cuối kỳ , buổi thứ 3 là chấm đồ án .",neutral,chuong_trinh_hoc
435,thầy dạy rất tận tâm .,positive,hanh_vi
436,"em rất thích , em là một đứa không thích học môn xã hội nhưng học cô em rất thích nghe giảng .",positive,ky_nang_giang_day
437,"giáo viên truyền đạt nội dung bài học rất hay , rất dễ hiểu và dễ tiếp thu .",positive,ky_nang_giang_day
438,thầy còn chia sẻ các phương pháp học cho sinh viên .,neutral,ky_nang_giang_day
439,như vậy thì quá bất công .,negative,noi_chung
440,học theo đúng thời khóa biểu .,neutral,chuong_trinh_hoc
441,thầy giảng hay .,positive,ky_nang_giang_day
442,hướng dẫn tận tình cho sinh viên .,positive,hanh_vi
443,lịch học trùng với lịch học môn khác có điểm danh từng buổi nên hầu như nhóm học của em không bạn nào học được 1 buổi nào .,negative,chuong_trinh_hoc
444,giảng viên kết hợp giải bài tập để giảng lý thuyết .,positive,ky_nang_giang_day
445,thêm nhiều bài tập hay gặp khi thi học kỳ !,negative,bai_tap
445,thêm nhiều bài tập hay gặp khi thi học kỳ !,neutral,de_xuat
446,tìm hiểu về các case study giúp chúng em biết thêm nhiều kiến thức mới và trình bày sản phẩm của mình trước lớp để thấy những thiếu sót của mình .,positive,kinh_nghiem
446,tìm hiểu về các case study giúp chúng em biết thêm nhiều kiến thức mới và trình bày sản phẩm của mình trước lớp để thấy những thiếu sót của mình .,positive,kien_thuc
446,tìm hiểu về các case study giúp chúng em biết thêm nhiều kiến thức mới và trình bày sản phẩm của mình trước lớp để thấy những thiếu sót của mình .,positive,chuong_trinh_hoc
447,thầy hay chém gió .,negative,hanh_vi
448,mong thầy giải bài tập nhiều hơn là nói toàn là lý thuyết .,negative,ky_nang_giang_day
448,mong thầy giải bài tập nhiều hơn là nói toàn là lý thuyết .,negative,de_xuat
449,phương pháp giảng dạy chưa được cập nhật .,negative,ky_nang_giang_day
450,"rất có tâm , nhiệt tình và tận tụy với sinh viên .",positive,hanh_vi
451,"nên khắc phục tình trạng giảng viên không lên lớp , vì như vậy làm mất nhiều thời gian cho sinh viên tụi em .",negative,hanh_vi
451,"nên khắc phục tình trạng giảng viên không lên lớp , vì như vậy làm mất nhiều thời gian cho sinh viên tụi em .",neutral,de_xuat
452,thầy ít giảng chủ yếu là cho chép vào vở .,negative,ky_nang_giang_day
453,"thầy nguyên dạy rất nhiệt tình , tận tâm colonsmile .",positive,hanh_vi
454,"giáo viên dạy dễ hiểu , tận tình hướng dẫn sinh viên .",positive,ky_nang_giang_day
454,"giáo viên dạy dễ hiểu , tận tình hướng dẫn sinh viên .",positive,hanh_vi
455,quan tâm tận tình đến từng sinh viên .,positive,hanh_vi
456,thầy dạy đúng yêu cầu buổi học .,positive,ky_nang_giang_day
457,"thầy dạy hay , truyền đạt đủ kiến thức cho sinh viên .",positive,ky_nang_giang_day
457,"thầy dạy hay , truyền đạt đủ kiến thức cho sinh viên .",positive,kien_thuc
458,cô tận tâm .,positive,hanh_vi
459,cô truyền đạt còn khó hiểu .,negative,ky_nang_giang_day
460,cô giáo nhiệt tình .,positive,hanh_vi
461,"giảng viên vui tính , nhiệt tình và có những phương pháp làm bài tập nhóm mới lạ , hấp dẫn .",positive,ky_nang_giang_day
461,"giảng viên vui tính , nhiệt tình và có những phương pháp làm bài tập nhóm mới lạ , hấp dẫn .",positive,hanh_vi
462,"dạy hơi nhanh à nha , tiết bài tập chưa tốt .",negative,ky_nang_giang_day
462,"dạy hơi nhanh à nha , tiết bài tập chưa tốt .",negative,bai_tap
463,giảng dạy hay .,positive,ky_nang_giang_day
464,em nghĩ nên tạo ra thêm một số ràng buộc để sinh viên đi học đầy đủ hơn .,negative,chuong_trinh_hoc
464,em nghĩ nên tạo ra thêm một số ràng buộc để sinh viên đi học đầy đủ hơn .,neutral,de_xuat
465,thầy có phần demo code giúp sinh viên dễ hiểu .,positive,ky_nang_giang_day
466,phân phối bài tập hợp lý .,positive,bai_tap
467,thầy nên nhiệt tình hướng dẫn hơn .,negative,hanh_vi
467,thầy nên nhiệt tình hướng dẫn hơn .,neutral,de_xuat
468,cô vừa hiền vừa xinh lại còn dạy dễ hiểu .,positive,ky_nang_giang_day
468,cô vừa hiền vừa xinh lại còn dạy dễ hiểu .,positive,hanh_vi
469,nhưng thầy rất nhiệt tình giảng lại và đứng chỉ lại .,positive,ky_nang_giang_day
469,nhưng thầy rất nhiệt tình giảng lại và đứng chỉ lại .,positive,hanh_vi
470,"nhiệt tình , phong cách dạy dễ hiểu .",positive,ky_nang_giang_day
470,"nhiệt tình , phong cách dạy dễ hiểu .",positive,hanh_vi
471,giáo viên lý thuyết và trợ giảng không có sự liên hệ với nhau dẫn đến mỗi người dạy một kiểu .,negative,ky_nang_giang_day
471,giáo viên lý thuyết và trợ giảng không có sự liên hệ với nhau dẫn đến mỗi người dạy một kiểu .,negative,hanh_vi
472,thành vòng tuần hoàn đến khi thi .,neutral,noi_chung
473,không gặp mặt .,negative,noi_chung
474,"vui vẻ , hòa đồng , linh động .",positive,hanh_vi
475,cần cập nhật kiến thức sâu hơn .,negative,kien_thuc
475,cần cập nhật kiến thức sâu hơn .,neutral,de_xuat
476,"thầy tận tâm , có hai tới lớp sinh viên thầy vẫn dạy .",positive,hanh_vi
477,thầy giảng hơi nhanh và có nhiều chỗ còn khó hiểu .,negative,ky_nang_giang_day
478,cần nâng cấp máy trong phòng máy thực hành vì cấu hình hơi yếu và phòng học không nóng và bụi thì tốt hơn .,negative,thiet_bi_day_hoc
478,cần nâng cấp máy trong phòng máy thực hành vì cấu hình hơi yếu và phòng học không nóng và bụi thì tốt hơn .,neutral,de_xuat
479,thầy nhiệt tình dạy dễ hiểu .,positive,ky_nang_giang_day
479,thầy nhiệt tình dạy dễ hiểu .,positive,hanh_vi
480,"em thấy nội dung kiểm tra chưa phù hợp , chương trình học quá nặng .",negative,cham_diem
480,"em thấy nội dung kiểm tra chưa phù hợp , chương trình học quá nặng .",negative,chuong_trinh_hoc
481,nội dung mới .,neutral,chuong_trinh_hoc
482,không hoàn toàn hài lòng với cách giảng dạy của thầy .,negative,ky_nang_giang_day
483,"nội dung chưa được truyền đạt đến sinh viên theo cách hấp dẫn , trực tiếp mà nhàm chán , dễ gây tâm lý bối rối với nhiều kiến thức liên kết rời rạc .",negative,ky_nang_giang_day
483,"nội dung chưa được truyền đạt đến sinh viên theo cách hấp dẫn , trực tiếp mà nhàm chán , dễ gây tâm lý bối rối với nhiều kiến thức liên kết rời rạc .",negative,kien_thuc
484,vui .,positive,noi_chung
485,"nhiệt tình và vui vẻ với sinh viên , giảng bài kỹ .",positive,ky_nang_giang_day
485,"nhiệt tình và vui vẻ với sinh viên , giảng bài kỹ .",positive,hanh_vi
486,thầy rất thường xuyên kể về các câu chuyện cá nhân mặc dù không sinh viên nào yêu cầu và quan tâm .,negative,hanh_vi
487,"nên cập nhật giáo trình đầy đủ , nội dung môn học nên cải tiến , phần thực hành nên hiệu chỉnh để thống nhất với lý thuyết .",negative,kinh_nghiem
487,"nên cập nhật giáo trình đầy đủ , nội dung môn học nên cải tiến , phần thực hành nên hiệu chỉnh để thống nhất với lý thuyết .",negative,cung_cap_tai_lieu
487,"nên cập nhật giáo trình đầy đủ , nội dung môn học nên cải tiến , phần thực hành nên hiệu chỉnh để thống nhất với lý thuyết .",negative,chuong_trinh_hoc
487,"nên cập nhật giáo trình đầy đủ , nội dung môn học nên cải tiến , phần thực hành nên hiệu chỉnh để thống nhất với lý thuyết .",neutral,de_xuat
488,không ý kiến thêm .,neutral,noi_chung
489,"theo ý kiến của em doubledot nếu như đầu ra tốt nghiệp là bằng cấp theo các chương trình ngoại ngữ bằng cấp toeic hay ielts thì em nghĩ là nên để phần đó cho các bạn sinh viên tự lo vì học av1 , av2 , av3 rồi lại phải học thêm mấy cái toeic với ielts thì mất một khoảng thời gian .",negative,chuong_trinh_hoc
489,"theo ý kiến của em doubledot nếu như đầu ra tốt nghiệp là bằng cấp theo các chương trình ngoại ngữ bằng cấp toeic hay ielts thì em nghĩ là nên để phần đó cho các bạn sinh viên tự lo vì học av1 , av2 , av3 rồi lại phải học thêm mấy cái toeic với ielts thì mất một khoảng thời gian .",neutral,de_xuat
490,các deadline thời gian hơi ít .,negative,bai_tap
491,"mong ở những môn học tới , với kiến thức và kinh nghiệm của mình thêm với sự tương tác và sắp xếp thời gian , thầy sẽ mang đến những tiết học bổ ích và hiệu quả nhất cho học viên của mình .",positive,ky_nang_giang_day
491,"mong ở những môn học tới , với kiến thức và kinh nghiệm của mình thêm với sự tương tác và sắp xếp thời gian , thầy sẽ mang đến những tiết học bổ ích và hiệu quả nhất cho học viên của mình .",positive,kinh_nghiem
491,"mong ở những môn học tới , với kiến thức và kinh nghiệm của mình thêm với sự tương tác và sắp xếp thời gian , thầy sẽ mang đến những tiết học bổ ích và hiệu quả nhất cho học viên của mình .",positive,kien_thuc
491,"mong ở những môn học tới , với kiến thức và kinh nghiệm của mình thêm với sự tương tác và sắp xếp thời gian , thầy sẽ mang đến những tiết học bổ ích và hiệu quả nhất cho học viên của mình .",neutral,de_xuat
492,môn này không nên có hình thức thực hành 2 không hiệu quả .,negative,kinh_nghiem
492,môn này không nên có hình thức thực hành 2 không hiệu quả .,negative,chuong_trinh_hoc
492,môn này không nên có hình thức thực hành 2 không hiệu quả .,neutral,de_xuat
493,"cứ mặc kệ mấy cái báo cáo nhảm nhỉ của cái đợt hợp vừa rồi , cá nhân em rất thích được học với thầy .",positive,hanh_vi
493,"cứ mặc kệ mấy cái báo cáo nhảm nhỉ của cái đợt hợp vừa rồi , cá nhân em rất thích được học với thầy .",negative,bai_tap
494,thầy nói hơi nhỏ và đều đều nên rất dễ buồn ngủ .,negative,ky_nang_giang_day
495,"em không thể đi học môn wzjwz75 , nên học kỳ này sẽ nợ môn này .",negative,chuong_trinh_hoc
496,ra đề thực hành sát với nội dung ôn tập .,neutral,bai_tap
497,"giảng viên truyền đạt tốt , rất dễ hiểu .",positive,ky_nang_giang_day
498,dạy nhiệt tình nên hay lấn giờ quá tiết .,negative,ky_nang_giang_day
498,dạy nhiệt tình nên hay lấn giờ quá tiết .,positive,hanh_vi
499,giáo viên cho giảng dạy tận tình .,positive,hanh_vi
500,đồ án thầy yêu cầu khó thực hiện vì toàn là bài báo khoa học có nội dung trừu tượng .,negative,bai_tap
500,đồ án thầy yêu cầu khó thực hiện vì toàn là bài báo khoa học có nội dung trừu tượng .,negative,cung_cap_tai_lieu
501,thầy sử dụng thời gian dạy tốt .,positive,ky_nang_giang_day
502,"thầy wzjwz205 rất nhiệt tình với sinh viên , luôn cung cấp kiến thức cập nhật và thực tiễn .",positive,hanh_vi
502,"thầy wzjwz205 rất nhiệt tình với sinh viên , luôn cung cấp kiến thức cập nhật và thực tiễn .",positive,kien_thuc
503,tài liệu và giảng viên nhiệt tình .,positive,hanh_vi
503,tài liệu và giảng viên nhiệt tình .,positive,cung_cap_tai_lieu
504,"thầy dạy tâm huyết với sinh viên , dạy cho sinh viên rất nhiều kiến thức bổ ích !",positive,ky_nang_giang_day
504,"thầy dạy tâm huyết với sinh viên , dạy cho sinh viên rất nhiều kiến thức bổ ích !",positive,hanh_vi
504,"thầy dạy tâm huyết với sinh viên , dạy cho sinh viên rất nhiều kiến thức bổ ích !",positive,kien_thuc
505,thầy giúp sinh viên luyện tập rất nhiệt tình .,positive,hanh_vi
506,"khi có thông báo nghỉ , cần cập nhập thông tin trên web của khoa wzjwz158 .",neutral,de_xuat
507,"kiến thức truyền đạt còn ít , thời gian lên lớp thường trễ .",negative,hanh_vi
507,"kiến thức truyền đạt còn ít , thời gian lên lớp thường trễ .",negative,kien_thuc
508,em nghĩ nên thi thực hành thay vì lý thuyết cuối kỳ .,negative,chuong_trinh_hoc
508,em nghĩ nên thi thực hành thay vì lý thuyết cuối kỳ .,negative,de_xuat
509,khi sinh viên nhờ thầy giải một bài tập để làm mẫu nhưng không nhận được bất kỳ bài giải nào từ thầy .,negative,hanh_vi
510,thời lượng thi ít khiến nhiều câu bỏ trống .,negative,chuong_trinh_hoc
511,cách thầy dạy môn này trong kỳ trước em không được biết chỉ được nghe từ các bạnem đã cảm thấy vui khi được học với thầy .,positive,hanh_vi
512,"thường xuyên nghỉ học không thông báo , lên lớp trễ .",negative,hanh_vi
513,cô giáo rất tận tình và có phương pháp giảng dạy rất tốt đối với sinh viên .,positive,ky_nang_giang_day
513,cô giáo rất tận tình và có phương pháp giảng dạy rất tốt đối với sinh viên .,positive,hanh_vi
514,giảng viên luôn vui vẻ và tận tình giúp đỡ sinh viên .,positive,hanh_vi
515,dùng lời lẽ để ép buộc sinh viên .,negative,hanh_vi
516,"những thứ đó không đủ để làm bài thực hành như tuần 5 , tuần 6 , tuần 7 .",negative,bai_tap
516,"những thứ đó không đủ để làm bài thực hành như tuần 5 , tuần 6 , tuần 7 .",negative,cung_cap_tai_lieu
517,bài tập deadline quá nhiều mà thời gian lại quá ngắn .,negative,bai_tap
518,nên rút gọn kiến thức lại .,negative,kien_thuc
518,nên rút gọn kiến thức lại .,neutral,de_xuat
519,đan xen những câu chuyện thực tiễn trong lúc học .,positive,kinh_nghiem
520,thầy không chú trọng đến kết quả tốt hay không mà khuyến khích sinh viên làm việc hết khả năng của mình .,positive,hanh_vi
521,không có hoạt động không hài lòng .,neutral,noi_chung
522,"có nhiều nội dung liên quan tới thực tiễn , có thể áp dụng vào thực tế sau này .",positive,kinh_nghiem
522,"có nhiều nội dung liên quan tới thực tiễn , có thể áp dụng vào thực tế sau này .",positive,kien_thuc
523,"vào lớp muộn , cho ra trễ .",negative,hanh_vi
524,"thầy vui tính , thường xuyên cho bài tập cho sinh viên .",positive,hanh_vi
524,"thầy vui tính , thường xuyên cho bài tập cho sinh viên .",neutral,bai_tap
525,sinh viên trường wzjwz80 chúng ta hoàn toàn không được đánh giá cao so với sinh viên của wzjwz81 và wzjwz82 .,negative,cham_diem
526,"giảng viên vui vẻ , giảng dạy tận tâm .",positive,hanh_vi
527,"giáo viên lên lớp đầy đủ , tận tâm , nhiệt tình trong giảng dạy .",positive,hanh_vi
528,"phương pháp giảng dạy ( cụ thể là cách truyền đạt ) của thầy đơn giản , dễ hiểu và hiệu quả .",positive,ky_nang_giang_day
529,"phát âm thuật ngữ tiếng anh không chuẩn , khó phân biệt khi nghe giảng .",negative,ky_nang_giang_day
529,"phát âm thuật ngữ tiếng anh không chuẩn , khó phân biệt khi nghe giảng .",negative,kien_thuc
530,"giảng viên dạy tâm huyết , nhiệt tình , bài tập cụ thể rõ ràng .",positive,hanh_vi
530,"giảng viên dạy tâm huyết , nhiệt tình , bài tập cụ thể rõ ràng .",positive,bai_tap
531,thầy có đi dạy trễ .,negative,hanh_vi
532,"có thể nói học nhập môn lập trình gặp được cô là một điều vô cùng may mắn , cảm ơn cô nhiều .",positive,hanh_vi
533,cô wzjwz195 thật tuyệt vời .,positive,hanh_vi
534,nếu thầy có thể đến sớm để dạy cho sinh viên có thể nghĩ trưa được nhiều hơn .,neutral,de_xuat
535,thầy thường xuyên nghỉ mà không thông báo .,negative,hanh_vi
536,"cách giảng dạy đơn giản , ngắn gọn nhưng dễ tiếp thu .",positive,ky_nang_giang_day
537,bài giảng chưa thật sự thu hút .,negative,ky_nang_giang_day
538,"giảng dạy chi tiết , dễ hiểu .",positive,ky_nang_giang_day
539,điểm làm đồ án nên trên 50% thì sẽ có tính thực tiễn hơn .,negative,cham_diem
539,điểm làm đồ án nên trên 50% thì sẽ có tính thực tiễn hơn .,neutral,de_xuat
540,phòng học oi bức .,negative,thiet_bi_day_hoc
541,kích thích sự đam mê cho các sinh viên .,positive,ky_nang_giang_day
542,"không dạy vào trọng tâm chương trình , sử dụng giáo trình mà thường đi lan man .",negative,ky_nang_giang_day
542,"không dạy vào trọng tâm chương trình , sử dụng giáo trình mà thường đi lan man .",negative,chuong_trinh_hoc
543,"tận tâm , chu đáo .",positive,hanh_vi
544,"thầy rất hay nói thêm về các tài liệu tiếng anh , các kiến thức mà sách tiếng việt không đề cập , bổ sung nhiều kiến thức hay cho sinh viên .",positive,cung_cap_tai_lieu
544,"thầy rất hay nói thêm về các tài liệu tiếng anh , các kiến thức mà sách tiếng việt không đề cập , bổ sung nhiều kiến thức hay cho sinh viên .",positive,kien_thuc
545,"thầy nên cho nhiều ví dụ liên quan đến bài học hơn , và nên có hình thức làm và nộp bài tập hàng tuần .",negative,ky_nang_giang_day
545,"thầy nên cho nhiều ví dụ liên quan đến bài học hơn , và nên có hình thức làm và nộp bài tập hàng tuần .",negative,bai_tap
545,"thầy nên cho nhiều ví dụ liên quan đến bài học hơn , và nên có hình thức làm và nộp bài tập hàng tuần .",positive,de_xuat
546,"phòng thực hành khoa wzjwz70 máy hư tùm lum , không hiểu sao phòng thực hành mấy khoa khác như wzjwz71 , wzjwz72 đầu tư mới với tốt hơn nhiều .",negative,thiet_bi_day_hoc
547,"thầy đi dạy rất đúng giờ , giảng dạy nhiệt tình .",positive,ky_nang_giang_day
547,"thầy đi dạy rất đúng giờ , giảng dạy nhiệt tình .",positive,hanh_vi
548,tên thầy dài quá nhưng em nhớ nó như một món quà dành cho thầy .,neutral,noi_chung
549,"luôn quan tâm sinh viên , dạy kiến thức hay , dễ hiểu .",positive,ky_nang_giang_day
549,"luôn quan tâm sinh viên , dạy kiến thức hay , dễ hiểu .",positive,hanh_vi
549,"luôn quan tâm sinh viên , dạy kiến thức hay , dễ hiểu .",positive,kien_thuc
550,"thầy giảng dạy nhiệt tình , tận tụy , tận tình hướng dẫn .",positive,hanh_vi
551,mong các môn thực hành cách tuần sẽ chuyển thành hàng tuần .,negative,chuong_trinh_hoc
551,mong các môn thực hành cách tuần sẽ chuyển thành hàng tuần .,neutral,de_xuat
552,giải đáp thắc mắc cho các bạn sinh viên .,positive,hanh_vi
553,chúc thầy tràn đầy sức khỏe và giảng dạy thật tốt trong các kỳ tiếp theo !,positive,ky_nang_giang_day
554,"môn học không mang tính ứng dụng và thực tế , kiến thức quá chung chung .",negative,kien_thuc
555,"một số vấn đề sinh viên thắc mắc đăng lên course thường được giảng viên trả lời chậm , và thường không trả lời luôn .",negative,hanh_vi
556,phương pháp giảng dạy giúp sinh viên nắm bắt được nhiều lỗi sai trong bài .,positive,ky_nang_giang_day
557,bài học liên quan tới thực tế .,positive,kinh_nghiem
558,giảng viên thường xuyên đưa bài tập lên bảng để vừa giảng vừa tạo ra cuộc thảo luận .,positive,ky_nang_giang_day
558,giảng viên thường xuyên đưa bài tập lên bảng để vừa giảng vừa tạo ra cuộc thảo luận .,positive,bai_tap
559,"cô rất dễ thương , cho điểm khách quan , cô giúp em nhớ lại nhiều kiến thức .",positive,hanh_vi
559,"cô rất dễ thương , cho điểm khách quan , cô giúp em nhớ lại nhiều kiến thức .",positive,cham_diem
559,"cô rất dễ thương , cho điểm khách quan , cô giúp em nhớ lại nhiều kiến thức .",positive,kien_thuc
560,"slide môn học một số phần dịch từ tiếng anh khó hiểu , không rõ ràng .",negative,cung_cap_tai_lieu
561,thầy cho bài tập về nhà hàng tuần .,neutral,bai_tap
562,cho cái nhìn về môi trường bên ngoài doanh nghiệp .,positive,kien_thuc
563,"cách dạy và cách nói chuyện của thầy rất thu hút , giúp em tập trung vào bài học rất dễ .",positive,ky_nang_giang_day
563,"cách dạy và cách nói chuyện của thầy rất thu hút , giúp em tập trung vào bài học rất dễ .",positive,hanh_vi
564,rất mong thầy trong thời gian giảng dạy có thể cải thiện nhiều phương pháp truyền đạt để môn học thú vị hơn .,negative,ky_nang_giang_day
564,rất mong thầy trong thời gian giảng dạy có thể cải thiện nhiều phương pháp truyền đạt để môn học thú vị hơn .,positive,de_xuat
565,em có gửi một message trên trang web môn học cho một thầy nhưng mà chờ mãi vẫn chưa nhận được câu trả lời .,negative,hanh_vi
566,giảng viên nên giảng nhiều hơn chứ không nên để sinh viên lên làm bài tập .,negative,ky_nang_giang_day
566,giảng viên nên giảng nhiều hơn chứ không nên để sinh viên lên làm bài tập .,negative,bai_tap
566,giảng viên nên giảng nhiều hơn chứ không nên để sinh viên lên làm bài tập .,neutral,de_xuat
567,thầy giảng đúng trọng tâm đề dễ hiểu .,positive,ky_nang_giang_day
568,cô không sử dụng hệ thống course của trường .,negative,cung_cap_tai_lieu
569,đi học hay không đi học cũng như nhau .,neutral,noi_chung
570,"thầy giảng bài dễ hiểu , nhiệt tình .",positive,ky_nang_giang_day
570,"thầy giảng bài dễ hiểu , nhiệt tình .",positive,hanh_vi
571,cho bài tập đầy đủ .,positive,bai_tap
572,"thầy dạy rất tốt , rất hay .",positive,ky_nang_giang_day
573,"cô cho bài tập về nhà , deadline cuối mỗi chương , bài tập mỗi chương giúp tụi em nắm vững kiến thức của môn học này .",positive,bai_tap
573,"cô cho bài tập về nhà , deadline cuối mỗi chương , bài tập mỗi chương giúp tụi em nắm vững kiến thức của môn học này .",positive,kien_thuc
574,"chép bài trên bảng nhanh , giảng hơi nhanh .",negative,ky_nang_giang_day
575,rất thích cách xét công tâm của cô .,positive,cham_diem
576,"cô dạy khó hiểu , phức tạp hóa vấn đề .",negative,ky_nang_giang_day
577,cách cô sắp xếp sinh viên khi thi giữa kỳ rất lộn xộn .,negative,hanh_vi
578,nhiều nội dung môn học bị bỏ qua .,negative,chuong_trinh_hoc
579,"thầy dạy nhiệt tình dễ hiểu , cho làm nhiều bài tập hay thú vị .",positive,ky_nang_giang_day
579,"thầy dạy nhiệt tình dễ hiểu , cho làm nhiều bài tập hay thú vị .",positive,bai_tap
580,"thầy rất vui tính , tận tâm và có một vốn kiến thức rất phong phú .",positive,hanh_vi
580,"thầy rất vui tính , tận tâm và có một vốn kiến thức rất phong phú .",positive,kien_thuc
581,"thầy dạy tương đối ổn , có tính thực tế .",positive,ky_nang_giang_day
581,"thầy dạy tương đối ổn , có tính thực tế .",positive,kinh_nghiem
582,"ít sử dụng hệ thống moodle môn học , slide bài giảng các bài nộp khó khăn để nộp do sinh viên ít sử dụng hệ thống dropbox .",negative,cung_cap_tai_lieu
582,"ít sử dụng hệ thống moodle môn học , slide bài giảng các bài nộp khó khăn để nộp do sinh viên ít sử dụng hệ thống dropbox .",negative,thiet_bi_day_hoc
583,cung cấp đầy đủ và cập nhật giáo trình và tài liệu phục vụ môn học hơn .,positive,cung_cap_tai_lieu
584,"thầy rất vui tính , nói chuyện cũng vậy .",positive,hanh_vi
585,"thầy rất vui tính , dạy dễ hiểu .",positive,ky_nang_giang_day
585,"thầy rất vui tính , dạy dễ hiểu .",positive,hanh_vi
586,cô rất quan tâm tới sinh viên .,positive,hanh_vi
587,"thầy dạy rất nhiệt tình nhưng bị lố giờ nhiều quá , môn học có 4 tiết nhưng lúc nào cũng gần như là 5 tiết .",positive,hanh_vi
587,"thầy dạy rất nhiệt tình nhưng bị lố giờ nhiều quá , môn học có 4 tiết nhưng lúc nào cũng gần như là 5 tiết .",negative,chuong_trinh_hoc
588,gây khó khăn cho việc làm bài thi .,negative,bai_tap
589,giảng viên thụ động .,negative,hanh_vi
590,"yêu nghề , hăng say , tích cực với công việc , nhiệt tình giảng dạy .",positive,hanh_vi
591,giảng dạy nhiệt tình và kỹ lưỡng .,positive,ky_nang_giang_day
591,giảng dạy nhiệt tình và kỹ lưỡng .,positive,hanh_vi
592,toàn phải đi học ké lớp khác .,negative,noi_chung
593,truyền đạt hay giúp học sinh dễ hiểu !,positive,ky_nang_giang_day
594,phương pháp giảng bài của thầy khiến sinh viên dễ dàng tiếp thu được kiến thức .,positive,ky_nang_giang_day
595,đôi khi một số điều thầy nói sinh viên tự tìm hiểu mà không giải thích thêm .,negative,ky_nang_giang_day
596,"cách dạy còn khô khan , nhàm chán , không tạo được cho sinh viên sự hào hứng .",negative,ky_nang_giang_day
597,khuyến khích phát biểu trong giờ học và đưa ra các bài tập khó cộng điểm để tạo hứng thú cho học sinh .,positive,hanh_vi
597,khuyến khích phát biểu trong giờ học và đưa ra các bài tập khó cộng điểm để tạo hứng thú cho học sinh .,negative,bai_tap
598,bài thi phải sát hơn và thêm phần thi nói để kiểm tra và xếp loại đầu vào .,negative,cham_diem
598,bài thi phải sát hơn và thêm phần thi nói để kiểm tra và xếp loại đầu vào .,neutral,de_xuat
599,khi hỏi thì giảng viên nói rằng đến lớp nhưng không thấy ai .,negative,hanh_vi
600,"nếu được thì rút ngắn thời gian học mỗi môn học trong một học kỳ thành 7 tuần 2 buổi tuần hay học theo hình thức "" cuốn chiếu "" các môn học trong một học kỳ .",neutral,chuong_trinh_hoc
600,"nếu được thì rút ngắn thời gian học mỗi môn học trong một học kỳ thành 7 tuần 2 buổi tuần hay học theo hình thức "" cuốn chiếu "" các môn học trong một học kỳ .",neutral,de_xuat
601,thầy đưa nhiều bài tâp !,negative,bai_tap
602,cho nên cái này phải từ giảng viên học hỏi và tham khảo cách giảng dạy của giảng viên khác dạy cùng bộ môn với mình .,neutral,ky_nang_giang_day
602,cho nên cái này phải từ giảng viên học hỏi và tham khảo cách giảng dạy của giảng viên khác dạy cùng bộ môn với mình .,neutral,de_xuat
603,"thầy dạy rất nhiệt tình , luôn cố gắng giảng thật chậm và giảng thật kỹ cho chúng em hiểu bài .",positive,ky_nang_giang_day
603,"thầy dạy rất nhiệt tình , luôn cố gắng giảng thật chậm và giảng thật kỹ cho chúng em hiểu bài .",positive,hanh_vi
604,mong giáo viên cải thiện cách dạy dễ hiểu hơn .,negative,ky_nang_giang_day
604,mong giáo viên cải thiện cách dạy dễ hiểu hơn .,positive,de_xuat
605,"giảng dạy nặng về nói chuyện , ít tập trung vào ngữ pháp , trong khi thi thì toàn ngữ pháp .",negative,ky_nang_giang_day
605,"giảng dạy nặng về nói chuyện , ít tập trung vào ngữ pháp , trong khi thi thì toàn ngữ pháp .",negative,chuong_trinh_hoc
606,thầy nên giải thích kỹ hơn .,negative,ky_nang_giang_day
606,thầy nên giải thích kỹ hơn .,positive,de_xuat
607,sửa bài kỹ càng .,positive,cham_diem
608,"giảng dễ hiểu , nhiệt tình trong công tác giảng dạy .",positive,ky_nang_giang_day
608,"giảng dễ hiểu , nhiệt tình trong công tác giảng dạy .",positive,hanh_vi
609,em thích cách ra đề của thầy .,positive,ky_nang_giang_day
610,thời gian vào lớp đúng giờ .,positive,noi_chung
611,thầy dạy tích cực .,positive,hanh_vi
612,thầy rất nhiệt tình trong việc hướng học sinh đến con đường khoa học .,positive,hanh_vi
613,mọi bài thực hành sinh viên tự đọc hiểu và sự có mặt của giảng viên trên lớp chỉ mang hình thức có mặt .,negative,hanh_vi
614,"cô rất nhiệt tình trong hoạt động giảng dạy , công bằng trong đánh giá , rất quan tâm đến sinh viên .",positive,ky_nang_giang_day
614,"cô rất nhiệt tình trong hoạt động giảng dạy , công bằng trong đánh giá , rất quan tâm đến sinh viên .",positive,hanh_vi
614,"cô rất nhiệt tình trong hoạt động giảng dạy , công bằng trong đánh giá , rất quan tâm đến sinh viên .",positive,cham_diem
615,thầy dạy khá chi tiết và giải bài tập nhiều .,positive,ky_nang_giang_day
616,mỗi tiết dạy của giảng viên thường là chiếu lên slide để đọc nên trong quá trình giảng dạy khá là chán .,negative,ky_nang_giang_day
617,"dạy nhiệt tình , dễ tiếp thu .",positive,ky_nang_giang_day
617,"dạy nhiệt tình , dễ tiếp thu .",positive,hanh_vi
618,cách truyền đạt của cô làm em không hiểu mặc dù cô giảng rất kỹ năng nhưng em cũng không hiểu nổi những gì cô nói .,negative,ky_nang_giang_day
619,nếu có thể đọc được báo cáo đồ án hay tốt nghiệp của các anh chị khóa trước thì có thể dễ dàng hình dung được yêu cầu của cô .,neutral,cung_cap_tai_lieu
619,nếu có thể đọc được báo cáo đồ án hay tốt nghiệp của các anh chị khóa trước thì có thể dễ dàng hình dung được yêu cầu của cô .,positive,de_xuat
620,nhiều slide .,negative,cung_cap_tai_lieu
621,nên có thêm trợ giảng để giảm bớt áp lực cho giảng viên .,neutral,de_xuat
622,"demo đa dạng , side cập nhật kịp thời , giảng viên hỗ trợ nhanh chóng trên moodle .",positive,hanh_vi
622,"demo đa dạng , side cập nhật kịp thời , giảng viên hỗ trợ nhanh chóng trên moodle .",positive,cung_cap_tai_lieu
623,trình bày slide bài giảng rõ ràng hơn .,negative,cung_cap_tai_lieu
623,trình bày slide bài giảng rõ ràng hơn .,positive,de_xuat
624,cần tăng giờ thực hành để nắm rõ và chắc hơn nội dung của bài học .,negative,kinh_nghiem
624,cần tăng giờ thực hành để nắm rõ và chắc hơn nội dung của bài học .,neutral,de_xuat
625,thầy day trực quan dễ hiểu .,positive,ky_nang_giang_day
626,thực hành mà dành hơn 80% nói về lý thuyết không đáp ứng yêu cầu sinh viên .,negative,kinh_nghiem
626,thực hành mà dành hơn 80% nói về lý thuyết không đáp ứng yêu cầu sinh viên .,negative,chuong_trinh_hoc
627,"rất nhiệt tình vì học sinh , luôn nghĩ cho học sinh , luôn đến sớm , giảng dạy hiệu quả .",positive,ky_nang_giang_day
627,"rất nhiệt tình vì học sinh , luôn nghĩ cho học sinh , luôn đến sớm , giảng dạy hiệu quả .",positive,hanh_vi
628,"còn khi cô cho bài tập nhưng lại không giải mẫu , khiến tụi em khó có thể tự làm được .",negative,bai_tap
629,tài liệu nên được cập nhật .,negative,cung_cap_tai_lieu
629,tài liệu nên được cập nhật .,neutral,de_xuat
630,mong được làm việc với thầy nhiều hơn .,neutral,hanh_vi
630,mong được làm việc với thầy nhiều hơn .,neutral,de_xuat
631,"mong thầy dạy bám theo thi nhiều hơn , sửa bài tập trên lớp nhiều hơn .",negative,ky_nang_giang_day
631,"mong thầy dạy bám theo thi nhiều hơn , sửa bài tập trên lớp nhiều hơn .",negative,bai_tap
631,"mong thầy dạy bám theo thi nhiều hơn , sửa bài tập trên lớp nhiều hơn .",positive,de_xuat
632,"mong thầy xen kẽ bài tập vào bài giảng lý thuyết , như thế sẽ dễ hiểu bài hơn ạ .",neutral,ky_nang_giang_day
632,"mong thầy xen kẽ bài tập vào bài giảng lý thuyết , như thế sẽ dễ hiểu bài hơn ạ .",neutral,bai_tap
632,"mong thầy xen kẽ bài tập vào bài giảng lý thuyết , như thế sẽ dễ hiểu bài hơn ạ .",positive,de_xuat
633,"giảng viên nhiệt tình , có tâm huyết .",positive,hanh_vi
634,"tận tình , cách dạy thực tế .",positive,ky_nang_giang_day
634,"tận tình , cách dạy thực tế .",positive,kinh_nghiem
634,"tận tình , cách dạy thực tế .",positive,hanh_vi
635,đôi khi nghỉ học không thông báo trước .,negative,hanh_vi
636,hướng dẫn quá chi tiết .,negative,ky_nang_giang_day
637,"nhiệt tình , giúp sinh viên luyện nói rất nhiều .",positive,hanh_vi
638,cung cấp bài giảng đầy đủ .,positive,cung_cap_tai_lieu
639,đôi khi em nghĩ thầy cho deadline quá trời nhưng nhờ vậy em học được hơn thầy ạ .,negative,bai_tap
640,"phần thực hành , chúng em không được hướng dẫn đủ .",negative,kinh_nghiem
641,mong nhà trường sẽ đồng nhất phần thực hành và lý thuyết .,negative,chuong_trinh_hoc
641,mong nhà trường sẽ đồng nhất phần thực hành và lý thuyết .,neutral,de_xuat
642,"thường xuyên hỏi về đời sống tình cảm của những bạn nữ , như vậy là không phù hợp với tác phong của một giáo viên .",negative,hanh_vi
643,giảng dạy không rõ ràng còn hàn lâm .,negative,ky_nang_giang_day
644,"lên lớp đúng giờ , tận tâm với sinh viên .",positive,hanh_vi
645,dạy khá nhanh .,negative,ky_nang_giang_day
646,học xong em thấy yêu thầy .,positive,hanh_vi
647,"lên lớp đúng giờ , truyền đạt kiến thức tốt , dễ hiểu , dễ vận dụng .",positive,ky_nang_giang_day
647,"lên lớp đúng giờ , truyền đạt kiến thức tốt , dễ hiểu , dễ vận dụng .",positive,hanh_vi
647,"lên lớp đúng giờ , truyền đạt kiến thức tốt , dễ hiểu , dễ vận dụng .",positive,kien_thuc
648,thầy dạy hay nhiệt huyết kiến thức về chuyên môn rộng .,positive,ky_nang_giang_day
648,thầy dạy hay nhiệt huyết kiến thức về chuyên môn rộng .,positive,kien_thuc
649,phương pháp dạy của thầy chưa hiệu quả .,negative,ky_nang_giang_day
650,không nhiệt tình giải đáp thắc mắc .,negative,hanh_vi
651,"giảng viên nhiệt tình , sửa lỗi cho sinh viên .",positive,hanh_vi
652,nên sử dụng chức năng của trong courses quản lý môn học để cung cấp tài liệu đầy đủ cho sinh viên .,neutral,cung_cap_tai_lieu
652,nên sử dụng chức năng của trong courses quản lý môn học để cung cấp tài liệu đầy đủ cho sinh viên .,neutral,de_xuat
653,"cung cấp các slide , tài liệu liên quan quá ít .",negative,cung_cap_tai_lieu
654,thầy giảng dạy rất kỹ càng .,positive,ky_nang_giang_day
655,đi đúng giờ .,positive,hanh_vi
656,thi cuối kỳ không đủ thời gian làm bài !,negative,bai_tap
657,"thầy vui tính , giảng dạy hay , cung cấp nhiều kiến thức quý báu .",positive,ky_nang_giang_day
657,"thầy vui tính , giảng dạy hay , cung cấp nhiều kiến thức quý báu .",positive,hanh_vi
657,"thầy vui tính , giảng dạy hay , cung cấp nhiều kiến thức quý báu .",positive,kien_thuc
658,nếu có nghỉ phải được dạy bù lại .,neutral,de_xuat
659,đặt hiệu suất học tập lên hàng đầu chứ không phải điểm số .,negative,cham_diem
659,đặt hiệu suất học tập lên hàng đầu chứ không phải điểm số .,neutral,de_xuat
660,giảng viên trẻ nên tạo sự gần gũi với sinh viên .,negative,hanh_vi
660,giảng viên trẻ nên tạo sự gần gũi với sinh viên .,neutral,de_xuat
661,"giảng viên lên lớp đúng giờ , dạy nhiệt tình .",positive,hanh_vi
662,"giảng rất tận tình , giải đáp các thắc mắc của sinh viên .",positive,ky_nang_giang_day
662,"giảng rất tận tình , giải đáp các thắc mắc của sinh viên .",positive,hanh_vi
663,"khái niệm "" thiết bị di động "" trong môn học cần được định nghĩa lại với cách giảng dạy này .",negative,chuong_trinh_hoc
663,"khái niệm "" thiết bị di động "" trong môn học cần được định nghĩa lại với cách giảng dạy này .",neutral,de_xuat
664,"đôi khi truyền đạt hơi nhanh , gây lướt kiến thức .",negative,ky_nang_giang_day
665,dạy chưa thu hút .,negative,ky_nang_giang_day
666,giáo trình cần cập nhật hơn nữa .,negative,cung_cap_tai_lieu
666,giáo trình cần cập nhật hơn nữa .,neutral,de_xuat
667,"gần gũi , tận tình .",positive,hanh_vi
668,tuy nhiên ước gì cô giải nhiều bài tập hơn ở cuối kỳ .,negative,bai_tap
668,tuy nhiên ước gì cô giải nhiều bài tập hơn ở cuối kỳ .,neutral,de_xuat
669,cung cấp tài liệu rất đầy đủ và tận tụy .,positive,hanh_vi
669,cung cấp tài liệu rất đầy đủ và tận tụy .,positive,cung_cap_tai_lieu
670,"thầy hơi khó trong vấn đề hỏi bài , hay nói vui ( hoặc chửi ) học sinh ngu colonsad .",negative,ky_nang_giang_day
670,"thầy hơi khó trong vấn đề hỏi bài , hay nói vui ( hoặc chửi ) học sinh ngu colonsad .",negative,hanh_vi
671,thầy dễ thương .,positive,hanh_vi
672,đôi khi giảng bài hơi nhanh .,negative,ky_nang_giang_day
673,"thầy rất nhiệt tình , tuyệt nhất trong các thầy dạy em từ khi lên đại học đến giờ .",positive,hanh_vi
674,"thế nhưng việc thời hạn nộp bài không được chính xác gây khó khăn trong việc nộp bài , cụ thể là thời hạn nộp bài đôi khi đã được ấn định , nhưng sau đó lại được gia hạn thêm , vậy thì không công bằng với những người đã bỏ công sức ra để cố gắng hoàn thành công việc đúng thời hạn ban đầu .",negative,bai_tap
675,"giảng viên dạy sinh động , hiệu quả , đảm bảo giờ lên lớp .",positive,ky_nang_giang_day
676,thầy thường quên thời gian dạy thực hành và báo cáo .,negative,hanh_vi
677,"dạy nhiệt tình , khách quan .",positive,ky_nang_giang_day
677,"dạy nhiệt tình , khách quan .",positive,hanh_vi
678,cần giải thích thêm về mỗi bài thực hành cho sinh viên chứ như bây giờ thấy đưa cho sinh viên cái đề toàn tiếng anh và không giải thích gì cả .,negative,ky_nang_giang_day
678,cần giải thích thêm về mỗi bài thực hành cho sinh viên chứ như bây giờ thấy đưa cho sinh viên cái đề toàn tiếng anh và không giải thích gì cả .,neutral,de_xuat
679,"chép bài nhiều quá , nhưng không sao .",negative,bai_tap
680,giáo viên đến luôn đúng giờ dạy và rất nhiệt tình .,positive,hanh_vi
681,quan tâm sinh viên nhiều hơn .,positive,hanh_vi
682,"phòng lab thực hành khá cũ , nhiều máy hư gây khó khăn cho sinh viên khi thực hành .",negative,thiet_bi_day_hoc
683,theo ý kiến của cá nhân em và nhiều bạn đồng quan điểm thì cách dạy của thầy có nhiều yếu điểm như sau doubledot .,negative,ky_nang_giang_day
684,theo em nên đưa phần kiến thức thực hành lên giảng dạy trong giờ lý thuyết .,neutral,chuong_trinh_hoc
684,theo em nên đưa phần kiến thức thực hành lên giảng dạy trong giờ lý thuyết .,neutral,de_xuat
685,bổ sung thêm slide và giáo trình tiếng việt .,negative,cung_cap_tai_lieu
685,bổ sung thêm slide và giáo trình tiếng việt .,neutral,de_xuat
686,"thường xuyên dạy được 1 tiếng thì nhờ thầy nào đó vô quản lý , tụi em phải ngồi không đến 10h mới được ra về dạy chả hiểu gì cả !",negative,ky_nang_giang_day
686,"thường xuyên dạy được 1 tiếng thì nhờ thầy nào đó vô quản lý , tụi em phải ngồi không đến 10h mới được ra về dạy chả hiểu gì cả !",negative,hanh_vi
687,"yêu cầu nên cụ thể cho từng thành viên trong nhóm đò án vì chấm điểm đồ án theo từng cá nhân , từng yêu cầu mà có những nhóm làm đồ án không chia công việc từ đầu mà làm chung tất cả , dẫn đến các thành viên không đáp ứng được tiêu chí chấm điểm đồ án .",negative,cham_diem
687,"yêu cầu nên cụ thể cho từng thành viên trong nhóm đò án vì chấm điểm đồ án theo từng cá nhân , từng yêu cầu mà có những nhóm làm đồ án không chia công việc từ đầu mà làm chung tất cả , dẫn đến các thành viên không đáp ứng được tiêu chí chấm điểm đồ án .",positive,de_xuat
688,giảng viên cần phát âm và viết đúng chính tả hơn .,negative,ky_nang_giang_day
688,giảng viên cần phát âm và viết đúng chính tả hơn .,neutral,de_xuat
689,giảng viên cho sinh viên lượng bài tập quá lớn .,negative,bai_tap
690,"về khâu chấm đồ án , mặc dù thầy không nêu trong yêu cầu là cấm sử dụng phương pháp đó , nhưng khi sinh viên sử dụng thì thầy đuổi cả nhóm xuống không cho sinh viên tiếp tục trình bày vì không hợp ý của thầy .",negative,hanh_vi
690,"về khâu chấm đồ án , mặc dù thầy không nêu trong yêu cầu là cấm sử dụng phương pháp đó , nhưng khi sinh viên sử dụng thì thầy đuổi cả nhóm xuống không cho sinh viên tiếp tục trình bày vì không hợp ý của thầy .",negative,cham_diem
691,oop khá phức tạp nên cần nhiều ví dụ .,negative,ky_nang_giang_day
691,oop khá phức tạp nên cần nhiều ví dụ .,neutral,de_xuat
692,phòng học thiếu loa .,negative,thiet_bi_day_hoc
693,"thầy wzjwz274 dạy cho hoàn thành việc dạy , không quan tâm những con người đang ngồi dưới lớp của thầy có hiểu hay không .",negative,hanh_vi
694,môn học cần đi vào thực tiễn để sinh viên có thể ứng dụng sau này .,negative,kinh_nghiem
694,môn học cần đi vào thực tiễn để sinh viên có thể ứng dụng sau này .,negative,de_xuat
695,nên bỏ thi code trên giấy .,neutral,de_xuat
696,thầy giảng thường cắt ngang mạch cảm hứng bằng những câu chuyện không liên quan nhiều đến bài học làm cho em thường cảm thấy buồn ngủ .,negative,ky_nang_giang_day
696,thầy giảng thường cắt ngang mạch cảm hứng bằng những câu chuyện không liên quan nhiều đến bài học làm cho em thường cảm thấy buồn ngủ .,negative,hanh_vi
697,giảng viên rất tận tâm nhiệt tình .,positive,hanh_vi
698,em nghĩ các phòng máy của trường nên trang bị phần mềm sql tối thiểu là phiên bản 2008 .,negative,thiet_bi_day_hoc
698,em nghĩ các phòng máy của trường nên trang bị phần mềm sql tối thiểu là phiên bản 2008 .,neutral,de_xuat
699,hệ thống bài tập trên moodle còn sai sót .,negative,bai_tap
700,cần nghe nhiều hơn .,negative,ky_nang_giang_day
700,cần nghe nhiều hơn .,neutral,de_xuat
701,không phát huy được hết khả năng của sinh viên .,negative,ky_nang_giang_day
702,"dạy nhanh , khó hiểu .",negative,ky_nang_giang_day
703,giảng viên thường lên lớp muộn .,negative,hanh_vi
704,nhiệt tình .,positive,hanh_vi
705,"thầy dạy rất nhiệt huyết , phương pháp dạy giúp sinh viên có thể nhớ rõ kiến thức .",positive,ky_nang_giang_day
705,"thầy dạy rất nhiệt huyết , phương pháp dạy giúp sinh viên có thể nhớ rõ kiến thức .",positive,hanh_vi
706,đề cương môn học chưa rõ ràng .,negative,chuong_trinh_hoc
707,giảng viên có lên lớp đầy đủ .,neutral,hanh_vi
708,học kỳ này học phần của em không có giáo viên này giảng dạy .,negative,noi_chung
709,hơi khắt khe .,negative,hanh_vi
710,"và não của con người không thích sự dễ dàng , nếu chỉ xử lý sự dễ dàng thì não khó có thể phát triển đến khả năng của nó .",neutral,noi_chung
711,"cô nhiệt tình , tận tâm hướng dẫn .",positive,hanh_vi
712,"dể gần , tạo tình cảm tốt .",positive,hanh_vi
713,giảng viên giải đáp các thắc mắc của sinh viên tận tình .,positive,hanh_vi
714,"giảng viên nhiệt tình , tâm huyết , giảng dạy dễ hiểu .",positive,ky_nang_giang_day
714,"giảng viên nhiệt tình , tâm huyết , giảng dạy dễ hiểu .",positive,hanh_vi
715,thoải mái nhiệt tình .,positive,hanh_vi
716,"giảng viên dạy quá chán , không thực tế .",negative,ky_nang_giang_day
716,"giảng viên dạy quá chán , không thực tế .",negative,kinh_nghiem
717,"thầy nhiệt tình , truyền đạt tốt .",positive,ky_nang_giang_day
717,"thầy nhiệt tình , truyền đạt tốt .",positive,hanh_vi
718,cần cho nhiều bài tập để sinh viên làm ở nhà .,negative,bai_tap
718,cần cho nhiều bài tập để sinh viên làm ở nhà .,neutral,de_xuat
719,bài giảng của thầy hay hấp dẫn lắm .,positive,ky_nang_giang_day
720,"giảng viên tận tâm , nhiệt tình giúp đỡ sinh viên .",positive,hanh_vi
721,"thầy tâm huyết , giảng dạy nhiệt tình .",positive,ky_nang_giang_day
721,"thầy tâm huyết , giảng dạy nhiệt tình .",positive,hanh_vi
722,"cô dạy rất tốt , dễ hiểu .",positive,ky_nang_giang_day
723,nội dung cần nguyên cứu cực kỳ nặng đối với một môn học .,negative,chuong_trinh_hoc
724,sự thân thiện và tận tình .,positive,hanh_vi
725,có ít bài tập .,negative,bai_tap
726,"cô tận tình với học sinh , nhưng còn thiếu cách truyền đạt một chút .",negative,ky_nang_giang_day
726,"cô tận tình với học sinh , nhưng còn thiếu cách truyền đạt một chút .",positive,hanh_vi
727,cô dạy dễ hiểu và tận tâm .,positive,ky_nang_giang_day
727,cô dạy dễ hiểu và tận tâm .,positive,hanh_vi
728,giảng dạy tận tình cho các sinh viên .,positive,ky_nang_giang_day
729,hoạt động giảng dạy của giáo viên khá tốt .,positive,ky_nang_giang_day
730,luôn giảng quyết các thắc mắc mà sinh viên gửi mail hỏi .,positive,hanh_vi
731,"giảng viên dạy rất chán , chỉ lên bảng viết vài chữ rất nhỏ và xấu rồi ngồi mà không hướng dẫn sinh viên thực hành .",negative,ky_nang_giang_day
731,"giảng viên dạy rất chán , chỉ lên bảng viết vài chữ rất nhỏ và xấu rồi ngồi mà không hướng dẫn sinh viên thực hành .",negative,hanh_vi
732,"do đó , em kiến nghị thay đổi việc thực hành môn này , nếu không thể trang bị thiết bị mới thì nên đổi sang cho sinh viên thực hành tại nhà với phần mềm mô phỏng chứ không cần phải lên trường để điểm danh như học kỳ vừa qua .",negative,thiet_bi_day_hoc
732,"do đó , em kiến nghị thay đổi việc thực hành môn này , nếu không thể trang bị thiết bị mới thì nên đổi sang cho sinh viên thực hành tại nhà với phần mềm mô phỏng chứ không cần phải lên trường để điểm danh như học kỳ vừa qua .",neutral,de_xuat
733,riêng bản thân em nhận thấy mình có thể học môn này mà không tham gia học đầy đủ trên lớp .,neutral,ky_nang_giang_day
734,cô rất nhiệt tình trong hoạt động giảng dạy .,positive,hanh_vi
735,được học tập theo nhóm .,positive,ky_nang_giang_day
736,"thầy dạy hay , nhất là các buổi có bài tập thì cuốn hút rất nhiều .",positive,ky_nang_giang_day
736,"thầy dạy hay , nhất là các buổi có bài tập thì cuốn hút rất nhiều .",positive,bai_tap
737,"trong buổi thực hành cuối cùng , giảng viên đến trễ khoảng hơn 25 phút .",negative,hanh_vi
738,thầy nên cho đề thi thực hành có độ khó cao hơn một chút .,neutral,bai_tap
738,thầy nên cho đề thi thực hành có độ khó cao hơn một chút .,neutral,de_xuat
739,dễ tiếp thu kiến thức .,positive,ky_nang_giang_day
740,ghi bài quá nhiều .,negative,bai_tap
741,phần thực hành theo hình thức 2 sẽ hợp lý hơn .,positive,bai_tap
742,"thời gian thầy giảng dạy ngắn , thường cho lớp về sớm .",negative,chuong_trinh_hoc
743,giảng viên giảng bài rất chi tiết .,positive,ky_nang_giang_day
744,"giảng viên nhiệt tình , tận tâm với sinh viên .",positive,hanh_vi
745,"tận tâm , nhiệt tình giúp đỡ sinh viên .",positive,hanh_vi
746,"thầy hay đi trễ nhưng không nhiều , chỉ 15 phút mỗi ngày .",negative,hanh_vi
747,thầy hay nhăn nhó với sinh viên .,negative,hanh_vi
748,mong khoa wzjwz101 có lịch học lý thuyết và thực hành cụ thể trước khi sinh viên đăng ký học phần để tránh trường hợp trùng lịch dẫn đến sinh viên phải hủy một số môn do chỉnh sửa lịch .,neutral,chuong_trinh_hoc
748,mong khoa wzjwz101 có lịch học lý thuyết và thực hành cụ thể trước khi sinh viên đăng ký học phần để tránh trường hợp trùng lịch dẫn đến sinh viên phải hủy một số môn do chỉnh sửa lịch .,neutral,de_xuat
749,"kỳ trước có học thầy , thầy nhiệt tình , nhưng chắc mới dạy nên chưa có kinh nghiệm truyền tải kiến thức để sinh viên hiểu dễ dàng .",negative,ky_nang_giang_day
749,"kỳ trước có học thầy , thầy nhiệt tình , nhưng chắc mới dạy nên chưa có kinh nghiệm truyền tải kiến thức để sinh viên hiểu dễ dàng .",negative,kinh_nghiem
749,"kỳ trước có học thầy , thầy nhiệt tình , nhưng chắc mới dạy nên chưa có kinh nghiệm truyền tải kiến thức để sinh viên hiểu dễ dàng .",positive,hanh_vi
750,giảm seminar tràn lan .,negative,chuong_trinh_hoc
750,giảm seminar tràn lan .,neutral,de_xuat
751,cô có cho nói chuyện với giảng viên nước ngoài !,positive,hanh_vi
752,cần cải thiện máy chiếu .,negative,thiet_bi_day_hoc
752,cần cải thiện máy chiếu .,neutral,de_xuat
753,"thầy giảng bài kỹ , cho bài tập hay .",positive,ky_nang_giang_day
753,"thầy giảng bài kỹ , cho bài tập hay .",positive,bai_tap
754,cô rất nhiệt tình giúp đỡ sinh viên .,positive,hanh_vi
755,giảng viên nên hướng dẫn thêm nhiều bài tập và tận dụng thời gian nhiều hơn vì môn này cần những bài tập mẫu để sinh viên dễ nắm kiến thức hơn .,negative,bai_tap
755,giảng viên nên hướng dẫn thêm nhiều bài tập và tận dụng thời gian nhiều hơn vì môn này cần những bài tập mẫu để sinh viên dễ nắm kiến thức hơn .,neutral,de_xuat
756,cám ơn thầy .,positive,noi_chung
757,đồ án mang tính thực tiễn .,positive,kinh_nghiem
758,"giảng viên nhiệt tình giảng dạy , chỉ bảo tận tình , chu đáo .",positive,ky_nang_giang_day
758,"giảng viên nhiệt tình giảng dạy , chỉ bảo tận tình , chu đáo .",positive,hanh_vi
759,cô rất tận tâm và nhiệt huyết .,positive,hanh_vi
760,"dạy tốt , khả năng truyền đạt tốt giúp sinh viên dễ tiếp thu , phương pháp giảng dạy hiệu quả , nhiệt tình .",positive,ky_nang_giang_day
760,"dạy tốt , khả năng truyền đạt tốt giúp sinh viên dễ tiếp thu , phương pháp giảng dạy hiệu quả , nhiệt tình .",positive,hanh_vi
761,"luôn luôn giúp đỡ sinh viên , giảng dạy một cách có hiệu quả không gây nhàm chán cho sinh viên , hỗ trợ sinh viên học tập tốt , quan tâm chỉ dạy cho sinh viên .",positive,ky_nang_giang_day
761,"luôn luôn giúp đỡ sinh viên , giảng dạy một cách có hiệu quả không gây nhàm chán cho sinh viên , hỗ trợ sinh viên học tập tốt , quan tâm chỉ dạy cho sinh viên .",positive,hanh_vi
762,phương pháp truyền đạt kiến thức khó tiếp thu .,negative,ky_nang_giang_day
763,thầy giáo nhiệt tình .,positive,hanh_vi
764,nhiệt tình chỉ dạy sinh viên trên lớp và trên trang moodle .,positive,hanh_vi
765,giáo viên cần đưa ra nhiều ví dụ để sinh viên tự giải và có điểm cộng cho sinh viên có đáp án đúng .,negative,kinh_nghiem
765,giáo viên cần đưa ra nhiều ví dụ để sinh viên tự giải và có điểm cộng cho sinh viên có đáp án đúng .,neutral,de_xuat
766,"thầy hiền , vui tính , giảng rất hay , cách dạy thầy bắt học sinh làm nhiều bài tập rất quan trọng .",positive,ky_nang_giang_day
766,"thầy hiền , vui tính , giảng rất hay , cách dạy thầy bắt học sinh làm nhiều bài tập rất quan trọng .",positive,hanh_vi
766,"thầy hiền , vui tính , giảng rất hay , cách dạy thầy bắt học sinh làm nhiều bài tập rất quan trọng .",positive,bai_tap
767,"thầy khá tận tâm , vui tính .",positive,hanh_vi
768,"cho chép bài quá nhiều , không triển khai slide bài giảng trên moodle .",negative,bai_tap
768,"cho chép bài quá nhiều , không triển khai slide bài giảng trên moodle .",negative,cung_cap_tai_lieu
769,làm việc nhóm hiệu quả .,positive,noi_chung
770,truyên đạt tốt .,positive,ky_nang_giang_day
771,tất cả các hoạt động .,neutral,noi_chung
772,"thầy dạy dễ hiểu , hay cung cấp thêm kiến thức bên ngoài hữu ích cho sinh viên .",positive,ky_nang_giang_day
772,"thầy dạy dễ hiểu , hay cung cấp thêm kiến thức bên ngoài hữu ích cho sinh viên .",positive,kien_thuc
773,"trình độ chuẩn tiếng anh của giảng viên đại học thực sự còn thua một giáo viên cấp 3 , phát âm sai khiến sinh viên sử dụng để giao tiếp sai !",negative,kien_thuc
774,"truyền đạt dễ hiểu , ví dụ minh họa thực tế , tạo hứng thú khi tham gia môn học .",positive,ky_nang_giang_day
774,"truyền đạt dễ hiểu , ví dụ minh họa thực tế , tạo hứng thú khi tham gia môn học .",positive,kinh_nghiem
775,bình thường với giáo viên .,neutral,hanh_vi
776,giảng viên nên nói chậm lại vì quá nhanh sinh viên không nghe được và không theo kịp .,negative,ky_nang_giang_day
776,giảng viên nên nói chậm lại vì quá nhanh sinh viên không nghe được và không theo kịp .,positive,de_xuat
777,giảng viên không bao giờ nghỉ buổi nào .,negative,hanh_vi
778,"thầy ít khi giảng bài , thường để sinh viên tự xem tài liệu là chủ yếu .",negative,ky_nang_giang_day
779,giải bài tập đầy đủ .,positive,bai_tap
780,thầy nhiệt tình trả lời câu hỏi của sinh viên đặt ra .,positive,hanh_vi
781,chương trình giảng dạy .,neutral,chuong_trinh_hoc
782,làm nhiều bài tập hơn nữa .,negative,bai_tap
782,làm nhiều bài tập hơn nữa .,neutral,de_xuat
783,"nhiều khía cạnh thầy giải thích khá trừu tượng , khó hiểu .",negative,ky_nang_giang_day
784,thường đi trễ .,negative,hanh_vi
785,giảng viên không đảm bảo giờ lên lớp doubledot số buổi bù ít hơn số buổi nghỉ .,negative,hanh_vi
785,giảng viên không đảm bảo giờ lên lớp doubledot số buổi bù ít hơn số buổi nghỉ .,negative,chuong_trinh_hoc
786,tận tình và giảng chi tiết !,positive,ky_nang_giang_day
786,tận tình và giảng chi tiết !,positive,hanh_vi
787,chấm quá gắt .,negative,cham_diem
788,mong sao thầy dạy tận tâm với công việc hơn chứ thế này em không biết những sinh viên năm nhất tiếp theo sẽ như thế nào nếu thầy tiếp tục như vậy mong thầy quan tâm đến việc dạy học hơn .,negative,hanh_vi
788,mong sao thầy dạy tận tâm với công việc hơn chứ thế này em không biết những sinh viên năm nhất tiếp theo sẽ như thế nào nếu thầy tiếp tục như vậy mong thầy quan tâm đến việc dạy học hơn .,negative,de_xuat
789,bài tập về nhà khá khó .,negative,bai_tap
790,môn học cần có một lượng bài tập lớn và người học muốn hiểu được vấn đề thì cần làm nhiều bài tập vì thế môn học cần có thời gian làm bài tập sau mỗi phần để có thể ôn lại những gì đã học trong các tuần trước .,negative,bai_tap
790,môn học cần có một lượng bài tập lớn và người học muốn hiểu được vấn đề thì cần làm nhiều bài tập vì thế môn học cần có thời gian làm bài tập sau mỗi phần để có thể ôn lại những gì đã học trong các tuần trước .,neutral,de_xuat
791,chất lượng môn học vậy đã đầy đủ .,positive,chuong_trinh_hoc
792,"thầy dạy hơi lan man , diễn đạt không tốt ạ .",negative,ky_nang_giang_day
793,thầy giảng rất dễ hiểu và dễ tiếp thu bài .,positive,ky_nang_giang_day
794,lớp wzjwz1 nên được học ở phòng máy tốt hơn chút xíu được không ạ .,neutral,thiet_bi_day_hoc
794,lớp wzjwz1 nên được học ở phòng máy tốt hơn chút xíu được không ạ .,neutral,de_xuat
795,đề nghị bỏ phần thi lý thuyết cuối kỳ .,negative,chuong_trinh_hoc
795,đề nghị bỏ phần thi lý thuyết cuối kỳ .,neutral,de_xuat
796,"thầy wzjwz182 dạy rất hay , rất dễ hiểu .",positive,ky_nang_giang_day
797,"thầy dạy nhiệt tình , rất hài lòng .",positive,hanh_vi
798,"cô dạy hay , tận tình với học sinh .",positive,ky_nang_giang_day
798,"cô dạy hay , tận tình với học sinh .",positive,hanh_vi
799,có liên hệ thực tiễn và lấy ví dụ minh họa .,positive,kinh_nghiem
799,có liên hệ thực tiễn và lấy ví dụ minh họa .,positive,kien_thuc
800,cần thêm tiết học thực hành .,negative,chuong_trinh_hoc
800,cần thêm tiết học thực hành .,positive,de_xuat
801,chương trình giảng dạy tốt .,positive,chuong_trinh_hoc
802,"viết bài nhiều quá , nên đưa bài dạy lên hệ thống moodle .",negative,bai_tap
802,"viết bài nhiều quá , nên đưa bài dạy lên hệ thống moodle .",neutral,de_xuat
803,"thầy dạy tận tâm , giúp đỡ sinh viên hết sức .",positive,hanh_vi
804,cần nâng cao chất lượng phòng máy .,negative,thiet_bi_day_hoc
804,cần nâng cao chất lượng phòng máy .,positive,de_xuat
805,thầy hay tính toán sai lặt vặt làm khó theo dõi bài giải .,negative,ky_nang_giang_day
806,em nghĩ thầy sẽ giúp chúng em học tốt hơn nếu có thêm nhiều bài tập .,negative,bai_tap
806,em nghĩ thầy sẽ giúp chúng em học tốt hơn nếu có thêm nhiều bài tập .,neutral,de_xuat
807,"chia nhóm , ra những đồ án , bài tập nhóm để nâng cao kiến thức cũng như khả năng làm việc tập thể .",positive,bai_tap
807,"chia nhóm , ra những đồ án , bài tập nhóm để nâng cao kiến thức cũng như khả năng làm việc tập thể .",positive,kien_thuc
808,gần cuối kỳ giảng viên mới đưa ra đề tài làm đồ án gây khó khăn cho sinh viên .,negative,bai_tap
809,"dễ hiểu , vui tính .",positive,ky_nang_giang_day
809,"dễ hiểu , vui tính .",positive,hanh_vi
810,tận tình quan tâm học sinh .,positive,hanh_vi
811,theo em thấy thầy nên dạy theo đúng chương trình .,negative,chuong_trinh_hoc
811,theo em thấy thầy nên dạy theo đúng chương trình .,neutral,de_xuat
812,"giảng dạy nhiệt tình , dễ hiểu .",positive,ky_nang_giang_day
813,kiến thức của giáo viên rất tốt !,positive,kien_thuc
814,cần giảng kỹ hơn cho sinh viên hiểu bài và có kết hợp với nhiều ví dụ minh họa thực tế .,negative,ky_nang_giang_day
814,cần giảng kỹ hơn cho sinh viên hiểu bài và có kết hợp với nhiều ví dụ minh họa thực tế .,negative,kinh_nghiem
814,cần giảng kỹ hơn cho sinh viên hiểu bài và có kết hợp với nhiều ví dụ minh họa thực tế .,positive,de_xuat
815,"thực hành đa dạng , giúp sinh viên hiểu rõ vấn đề .",positive,kinh_nghiem
816,"môn học cần có chút thay đổi về kiểm tra , phần thực hành cần được quan tâm và cần được hỗ trợ hoặc học sau khi đã học được lý thuyết để có nền tảng và cơ sở để thầy cô hướng dẫn sinh viên tốt hơn .",negative,bai_tap
816,"môn học cần có chút thay đổi về kiểm tra , phần thực hành cần được quan tâm và cần được hỗ trợ hoặc học sau khi đã học được lý thuyết để có nền tảng và cơ sở để thầy cô hướng dẫn sinh viên tốt hơn .",negative,cham_diem
816,"môn học cần có chút thay đổi về kiểm tra , phần thực hành cần được quan tâm và cần được hỗ trợ hoặc học sau khi đã học được lý thuyết để có nền tảng và cơ sở để thầy cô hướng dẫn sinh viên tốt hơn .",neutral,de_xuat
817,giáo viên giảng dạy nhiệt tình .,positive,hanh_vi
818,"tận tình , vui tính colonlove .",positive,hanh_vi
819,học buổi sáng .,neutral,noi_chung
820,dạy rất hài lòng .,positive,ky_nang_giang_day
821,thầy rất nhiệt tình và cố gắng truyền đạt hết mức có thể .,positive,ky_nang_giang_day
821,thầy rất nhiệt tình và cố gắng truyền đạt hết mức có thể .,positive,hanh_vi
822,cô dạy hay nhưng hơi nhanh .,neutral,ky_nang_giang_day
823,"vui tính , gần gũi sinh viên , giảng khá hay .",positive,ky_nang_giang_day
823,"vui tính , gần gũi sinh viên , giảng khá hay .",positive,hanh_vi
824,"cô rất có tâm , tạo điều kiện cho sinh viên tham khảo .",positive,hanh_vi
825,"giảng viên dạy nhiệt tình , tận tâm , đảm bảo nội dung dạy .",positive,ky_nang_giang_day
825,"giảng viên dạy nhiệt tình , tận tâm , đảm bảo nội dung dạy .",positive,hanh_vi
825,"giảng viên dạy nhiệt tình , tận tâm , đảm bảo nội dung dạy .",positive,kien_thuc
826,tài liệu cho môn học còn hạn chế .,negative,cung_cap_tai_lieu
827,có mấy môn em học và làm mấy bài lab xong rồi cũng chả hiểu được cái gì cả .,negative,ky_nang_giang_day
827,có mấy môn em học và làm mấy bài lab xong rồi cũng chả hiểu được cái gì cả .,negative,bai_tap
828,giảng viên cần tạo sinh động trong giờ giảng .,neutral,de_xuat
829,cần nhiều tài liệu hơn nữa .,negative,cung_cap_tai_lieu
829,cần nhiều tài liệu hơn nữa .,negative,de_xuat
830,sử dụng slide tiếng anh khó diễn đạt với sinh viên .,negative,cung_cap_tai_lieu
831,"thầy giảng dạy và hướng dẫn nhiệt tình , tận tâm nội dung thầy giảng không chỉ áp dụng cho học tập hiện tại mà còn cho tương lai công việc sau này .",positive,ky_nang_giang_day
831,"thầy giảng dạy và hướng dẫn nhiệt tình , tận tâm nội dung thầy giảng không chỉ áp dụng cho học tập hiện tại mà còn cho tương lai công việc sau này .",positive,hanh_vi
831,"thầy giảng dạy và hướng dẫn nhiệt tình , tận tâm nội dung thầy giảng không chỉ áp dụng cho học tập hiện tại mà còn cho tương lai công việc sau này .",positive,kien_thuc
832,"giảng viên thường dạy quá giờ ( khoảng 30 phút ) , ảnh hưởng đến tiết học tiếp theo của sinh viên .",negative,ky_nang_giang_day
833,"nhiệt tình giúp sinh viên tìm phương pháp học tập đúng đắn , cho nhiều bài tập .",positive,ky_nang_giang_day
833,"nhiệt tình giúp sinh viên tìm phương pháp học tập đúng đắn , cho nhiều bài tập .",positive,hanh_vi
833,"nhiệt tình giúp sinh viên tìm phương pháp học tập đúng đắn , cho nhiều bài tập .",positive,bai_tap
834,nhiều bạn bị kéo điểm nặng nề .,negative,cham_diem
835,"hoặc đưa ra những kỹ năng chuyên môn cần phải biết để làm việc trong ngành vì ngành công nghệ thông tin rất rộng ví dụ làm về mảng web thì cần biết php , html , cs , js hay làm về hệ thống nhúng thì cần c .",neutral,kien_thuc
835,"hoặc đưa ra những kỹ năng chuyên môn cần phải biết để làm việc trong ngành vì ngành công nghệ thông tin rất rộng ví dụ làm về mảng web thì cần biết php , html , cs , js hay làm về hệ thống nhúng thì cần c .",neutral,de_xuat
836,giảng viên nhiệt tình .,positive,hanh_vi
837,em không có ý kiến về vấn đề này .,neutral,noi_chung
838,lịch học trùng .,negative,chuong_trinh_hoc
839,thầy dạy tốt và đảm bảo chất lượng .,positive,ky_nang_giang_day
840,em nghĩ môn này nên mở lớp thực hành để được hướng dẫn cài đặt các thuật toán .,neutral,chuong_trinh_hoc
840,em nghĩ môn này nên mở lớp thực hành để được hướng dẫn cài đặt các thuật toán .,neutral,de_xuat
841,thầy hướng dẫn tụi em rất tận tình .,positive,hanh_vi
842,"giảng viên cung cấp các slide , các module phục vụ việc học tập rất chu đáo .",positive,cung_cap_tai_lieu
843,để sinh viên bắt kịp với tốc độ phát triển của ngành .,neutral,chuong_trinh_hoc
843,để sinh viên bắt kịp với tốc độ phát triển của ngành .,neutral,de_xuat
844,"vui vẻ , có trách nhiệm .",positive,hanh_vi
845,"đi dạy đúng giờ , chất lượng giảng dạy tốt .",positive,ky_nang_giang_day
845,"đi dạy đúng giờ , chất lượng giảng dạy tốt .",positive,hanh_vi
846,thầy thường xuyên liên hệ với thực tiễn .,positive,kinh_nghiem
847,slide đẹp .,positive,cung_cap_tai_lieu
848,"lúc cho phép sửa điểm thì không thông báo giờ cụ thể chỉ nói "" buổi tối "" .",negative,cham_diem
849,ít dạy ngữ pháp .,negative,ky_nang_giang_day
849,ít dạy ngữ pháp .,negative,chuong_trinh_hoc
850,dạy tận tình .,positive,hanh_vi
851,"thầy wzjwz137 dạy rất hay , chi tiết , nhiệt tình và dễ hiểu .",positive,ky_nang_giang_day
851,"thầy wzjwz137 dạy rất hay , chi tiết , nhiệt tình và dễ hiểu .",positive,hanh_vi
852,sử dụng kiến thức có tính thực tiễn cao hơn kiến thức có thể áp dụng vào trong thực tiễn .,negative,kien_thuc
853,"giảng viên dạy nhiệt tình và có tâm , đến lớp đầy đủ cung cấp đầy đủ tài liệu tham khảo cho sinh viên .",positive,hanh_vi
853,"giảng viên dạy nhiệt tình và có tâm , đến lớp đầy đủ cung cấp đầy đủ tài liệu tham khảo cho sinh viên .",positive,cung_cap_tai_lieu
854,đôi khi hơi buồn ngủ .,negative,noi_chung
855,"quá ô nhiễm tiếng ồn , mệt mỏi và chán học !",negative,thiet_bi_day_hoc
856,tài liệu giảng viên cung cấp đầy đủ .,positive,cung_cap_tai_lieu
857,thầy wzjwz269 không chỉ dạy em kiến thức chuyên môn mà còn cả tầm nhìn bên ngoài xã hội .,positive,kien_thuc
858,"lâu lâu thầy giảng cao siêu quá , tụi em chả hiểu gì .",negative,ky_nang_giang_day
859,"giáo viên luôn tạo điều kiện cho sinh viên luyện nói tiếng anh tại lớp , giải thích về bài học , ngữ pháp , từ mới vào đầu giờ .",positive,ky_nang_giang_day
859,"giáo viên luôn tạo điều kiện cho sinh viên luyện nói tiếng anh tại lớp , giải thích về bài học , ngữ pháp , từ mới vào đầu giờ .",positive,hanh_vi
860,"dạy dễ hiểu , tận tâm , nhiệt tình .",positive,ky_nang_giang_day
860,"dạy dễ hiểu , tận tâm , nhiệt tình .",positive,hanh_vi
861,nội dung học quá ít .,negative,chuong_trinh_hoc
862,thầy dạy tận tâm hết mình .,positive,hanh_vi
863,"slide hình như được thực hiện bằng google translate , đọc không thể hiểu được là trong đó viết gì .",negative,cung_cap_tai_lieu
864,"cô giảng dạy tận tình , nhiệt huyết .",positive,hanh_vi
865,"thầy wzjwz27 cần giảng bài rõ ràng hơn , khi giảng cần nói to hoặc dùng micro để mọi người trong lớp cùng nghe cũng như chú ý đến bài giảng .",negative,ky_nang_giang_day
865,"thầy wzjwz27 cần giảng bài rõ ràng hơn , khi giảng cần nói to hoặc dùng micro để mọi người trong lớp cùng nghe cũng như chú ý đến bài giảng .",negative,thiet_bi_day_hoc
865,"thầy wzjwz27 cần giảng bài rõ ràng hơn , khi giảng cần nói to hoặc dùng micro để mọi người trong lớp cùng nghe cũng như chú ý đến bài giảng .",negative,de_xuat
866,"giáo viên dạy hết sức nhiệt tình , tạo được động lực để học sinh học tập .",positive,hanh_vi
867,hơi nhanh .,negative,ky_nang_giang_day
868,"sau các lần nộp bài tập và sửa bài nên cung cấp bài giải đúng , chuẩn xác để cải thiện việc học của sinh viên .",neutral,bai_tap
868,"sau các lần nộp bài tập và sửa bài nên cung cấp bài giải đúng , chuẩn xác để cải thiện việc học của sinh viên .",neutral,cung_cap_tai_lieu
868,"sau các lần nộp bài tập và sửa bài nên cung cấp bài giải đúng , chuẩn xác để cải thiện việc học của sinh viên .",positive,de_xuat
869,giảng viên cần có những nhấn mạnh trong bài học .,negative,ky_nang_giang_day
869,giảng viên cần có những nhấn mạnh trong bài học .,neutral,de_xuat
870,đủ những gì cần học không dài dòng .,positive,cung_cap_tai_lieu
871,ngoài ra còn rất rất nhiều mặt tốt mà không thể kể hết .,positive,noi_chung
872,thái độ của giảng viên là hoàn toàn không chấp nhận được .,negative,hanh_vi
873,cô viết hướng dẫn còn sơ sài quá .,negative,cung_cap_tai_lieu
874,đó là sự nhiệt tình của giảng viên .,positive,hanh_vi
875,cô hỗ trợ sinh viên khá nhiều .,positive,hanh_vi
876,thầy cho nghỉ không báo trước .,negative,hanh_vi
877,"đề mở , giảng viên nhiệt tình .",positive,hanh_vi
878,sự tận tình giảng dạy tận tình .,positive,hanh_vi
879,"cách giảng dạy rất hay , hấp dẫn và dễ hiểu .",positive,ky_nang_giang_day
880,cô nhiệt tình và tâm huyết trong việc dạy học .,positive,hanh_vi
881,giảng viên cần phối hợp ăn ý với giảng viên lý thuyết hơn .,negative,hanh_vi
881,giảng viên cần phối hợp ăn ý với giảng viên lý thuyết hơn .,neutral,de_xuat
882,"nên gửi thêm nhiều kiến thức , tài liệu , bài tập hơn lên hệ thống môn học .",negative,bai_tap
882,"nên gửi thêm nhiều kiến thức , tài liệu , bài tập hơn lên hệ thống môn học .",negative,cung_cap_tai_lieu
882,"nên gửi thêm nhiều kiến thức , tài liệu , bài tập hơn lên hệ thống môn học .",neutral,de_xuat
883,"tận tâm , nhiệt tình , sử dụng giờ hiệu quả .",positive,ky_nang_giang_day
883,"tận tâm , nhiệt tình , sử dụng giờ hiệu quả .",positive,hanh_vi
884,"giáo trình tiếng anh của thầy có nhiều chỗ khó hiểu , khó tiếp thu .",negative,cung_cap_tai_lieu
885,thầy cô dạy tốt .,positive,ky_nang_giang_day
886,một số môn giảng viên hiếm khi thấy dạy vì nghỉ nhiều .,negative,hanh_vi
887,cô dạy môn wzjwz121 học kỳ này không phải cô wzjwz122 dạy hay .,negative,ky_nang_giang_day
888,cần tăng thời lượng thực hành vì đây là môn mà thực hành mang tính quan trọng đối với sinh viên .,negative,kinh_nghiem
888,cần tăng thời lượng thực hành vì đây là môn mà thực hành mang tính quan trọng đối với sinh viên .,neutral,de_xuat
889,"dạy nhiệt tình , mở rộng kiến thức cho sinh viên , làm bài tập nhiều .",positive,hanh_vi
889,"dạy nhiệt tình , mở rộng kiến thức cho sinh viên , làm bài tập nhiều .",negative,bai_tap
889,"dạy nhiệt tình , mở rộng kiến thức cho sinh viên , làm bài tập nhiều .",positive,kien_thuc
890,"giáo viên ngoài việc dạy kiến thức chuyên ngành , còn chia sẻ những kinh nghiệm thực tế của giảng viên rất bổ ích .",positive,kinh_nghiem
891,giáo viên dễ hiểu .,positive,ky_nang_giang_day
892,"sự thân thiện , cởi mở và nhiệt tình .",positive,hanh_vi
893,nên ưu tiên về cơ sở vật chất cho chất lượng cao đúng như trường đã nói .,neutral,de_xuat
894,cách chấm bài thi tự luận của thầy không khác gì máy chấm .,negative,cham_diem
895,hoạt động nhóm của cô hiệu quả .,positive,hanh_vi
896,hướng dẫn cụ thể .,neutral,ky_nang_giang_day
897,"giảng viên nhiệt tình , dễ hiểu .",positive,ky_nang_giang_day
897,"giảng viên nhiệt tình , dễ hiểu .",positive,hanh_vi
898,tuy nhiên vẫn còn một vài chỗ hơi khó tiếp thu .,negative,ky_nang_giang_day
899,"thầy thân thiện , lắng nghe sinh viên .",positive,hanh_vi
900,"giảng viên nên thay đổi hình thức dạy , hiểu sinh viên hơn .",negative,ky_nang_giang_day
900,"giảng viên nên thay đổi hình thức dạy , hiểu sinh viên hơn .",neutral,de_xuat
901,"thứ nhất , phần thực hành phần đồ án doubledot thường là phần cài đặt một chương trình trên máy dựa theo phần lý thuyết đã học được thường được công bố khá trễ , thường là vào khoảng một tháng cuối cùng của học kỳ , sau khi thi lý thuyết cuối kỳ xong .",negative,bai_tap
901,"thứ nhất , phần thực hành phần đồ án doubledot thường là phần cài đặt một chương trình trên máy dựa theo phần lý thuyết đã học được thường được công bố khá trễ , thường là vào khoảng một tháng cuối cùng của học kỳ , sau khi thi lý thuyết cuối kỳ xong .",negative,chuong_trinh_hoc
902,"và cũng có rất nhiều lần , khi sinh viên nghỉ học các môn học vào thứ 7 để đi học môn này thì giảng viên lại tự ý nghỉ mà không thông báo .",negative,hanh_vi
903,"tận tâm , vui tính .",positive,hanh_vi
904,"thực sự thì giảng viên này không dạy lớp em , nên những đánh giá em chọn mặc định mức độ 3 .",negative,ky_nang_giang_day
905,"cô dễ thương gần gũi với học sinh , truyền đạt kiến thức tốt , dạy dễ tiếp thu .",positive,ky_nang_giang_day
905,"cô dễ thương gần gũi với học sinh , truyền đạt kiến thức tốt , dạy dễ tiếp thu .",positive,hanh_vi
905,"cô dễ thương gần gũi với học sinh , truyền đạt kiến thức tốt , dạy dễ tiếp thu .",positive,kien_thuc
906,thầy cung cấp tài liệu đầy đủ .,positive,cung_cap_tai_lieu
907,"đảm bảo giờ học , tiết học , nội dung .",neutral,noi_chung
908,"cô dạy rất hay và dễ hiểu , đặc biệt rất nhiệt tình trong giảng dạy và quan tâm tới sinh viên .",positive,ky_nang_giang_day
908,"cô dạy rất hay và dễ hiểu , đặc biệt rất nhiệt tình trong giảng dạy và quan tâm tới sinh viên .",positive,hanh_vi
909,cần có thêm bài tập về ngữ pháp .,negative,bai_tap
909,cần có thêm bài tập về ngữ pháp .,positive,de_xuat
910,tự bỏ công sức để chuẩn bị các hoạt động trên lớp cũng như tự mình chi cho các hoạt động nhằm nâng cao khả năng học tiếng anh của sinh viên đặc biệt là những sinh viên trong nhóm extensive reading của cô .,positive,ky_nang_giang_day
910,tự bỏ công sức để chuẩn bị các hoạt động trên lớp cũng như tự mình chi cho các hoạt động nhằm nâng cao khả năng học tiếng anh của sinh viên đặc biệt là những sinh viên trong nhóm extensive reading của cô .,positive,hanh_vi
911,"trong các tiết học , cô đều sử dụng tiếng anh để giao tiếp và hướng sinh viên tham gia các câu lạc bộ .",neutral,ky_nang_giang_day
911,"trong các tiết học , cô đều sử dụng tiếng anh để giao tiếp và hướng sinh viên tham gia các câu lạc bộ .",positive,hanh_vi
912,"giảng viên thoải mái , tạo cảm giác không gò bó trong học tập .",positive,hanh_vi
913,"giảng viên nhiệt tình , truyền đạt nhiều kiến thức thực tế .",positive,hanh_vi
913,"giảng viên nhiệt tình , truyền đạt nhiều kiến thức thực tế .",positive,kien_thuc
914,các ví dụ đều có liên hệ đến bài tập .,positive,kinh_nghiem
915,sắp xếp thời gian học không trùng với các môn học khác .,negative,chuong_trinh_hoc
916,tận tình dễ hiểu .,positive,ky_nang_giang_day
917,"giảng viên rất có phong cách dạy học và truyền đạt , tạo đam mê để sinh viên tự tìm hiểu sâu về môn học .",positive,ky_nang_giang_day
917,"giảng viên rất có phong cách dạy học và truyền đạt , tạo đam mê để sinh viên tự tìm hiểu sâu về môn học .",positive,hanh_vi
918,môn học cần có thêm một số kiến thức hoặc các cách khác để giải quyết các bài toán khó .,negative,kien_thuc
918,môn học cần có thêm một số kiến thức hoặc các cách khác để giải quyết các bài toán khó .,negative,de_xuat
919,nhiều lúc thầy nói nhanh quá nghe không kiệp .,negative,ky_nang_giang_day
920,"giáo viên dạy tân tâm , nhiệt tình , dễ hiểu .",positive,ky_nang_giang_day
920,"giáo viên dạy tân tâm , nhiệt tình , dễ hiểu .",positive,hanh_vi
921,do môn học không tính điểm thực hành và cũng không phải nộp bài tập nên theo ý kiến chủ quan của riêng em thì thực hành hình thứ 1 dường như chưa thật sự hợp lý .,negative,kinh_nghiem
921,do môn học không tính điểm thực hành và cũng không phải nộp bài tập nên theo ý kiến chủ quan của riêng em thì thực hành hình thứ 1 dường như chưa thật sự hợp lý .,negative,bai_tap
921,do môn học không tính điểm thực hành và cũng không phải nộp bài tập nên theo ý kiến chủ quan của riêng em thì thực hành hình thứ 1 dường như chưa thật sự hợp lý .,negative,cham_diem
921,do môn học không tính điểm thực hành và cũng không phải nộp bài tập nên theo ý kiến chủ quan của riêng em thì thực hành hình thứ 1 dường như chưa thật sự hợp lý .,negative,chuong_trinh_hoc
922,có tương tác với học sinh .,neutral,hanh_vi
923,thầy có hướng dẫn cho sinh viên tốt .,positive,ky_nang_giang_day
924,thầy wzjwz277 vui tính .,positive,hanh_vi
925,"giảng viên nhiệt tình , giảng dạy tốt .",positive,ky_nang_giang_day
925,"giảng viên nhiệt tình , giảng dạy tốt .",positive,hanh_vi
926,một số buổi dạy của giảng viên không hiệu quả về giờ giấc .,negative,ky_nang_giang_day
927,giảng viên đảm bảo thời gian lên lớp và khối lượng kiến thức trong mỗi buổi học .,positive,ky_nang_giang_day
927,giảng viên đảm bảo thời gian lên lớp và khối lượng kiến thức trong mỗi buổi học .,positive,chuong_trinh_hoc
928,"chia nhỏ bài tập về nhà để cộng điểm cho sinh viên , vừa giúp sinh viên làm và hiểu nhuần nhuyễn và tránh tình trạng rớt đồng loạt .",positive,bai_tap
928,"chia nhỏ bài tập về nhà để cộng điểm cho sinh viên , vừa giúp sinh viên làm và hiểu nhuần nhuyễn và tránh tình trạng rớt đồng loạt .",neutral,de_xuat
929,và cho bài tập và kiểm tra bài tập ở tuần dạy tiếp theo .,neutral,bai_tap
930,giảng viên nên xem lại cách cho bài tập về nhà .,negative,bai_tap
930,giảng viên nên xem lại cách cho bài tập về nhà .,neutral,de_xuat
931,"nhiệt tình , tận tâm , giảng dễ hiểu , nghiêm túc , đúng giờ .",positive,ky_nang_giang_day
931,"nhiệt tình , tận tâm , giảng dễ hiểu , nghiêm túc , đúng giờ .",positive,hanh_vi
932,"nên cải thiện cơ sở vật chất và thiết bị dạy học , phòng máy chiếu mờ khó theo dõi .",negative,thiet_bi_day_hoc
932,"nên cải thiện cơ sở vật chất và thiết bị dạy học , phòng máy chiếu mờ khó theo dõi .",negative,de_xuat
933,"giảng viên đánh giá đúng , công bằng kết quả học tập .",positive,cham_diem
934,sữa lỗi cho sinh viên .,neutral,de_xuat
935,em thấy nên bỏ môn học này .,negative,chuong_trinh_hoc
935,em thấy nên bỏ môn học này .,negative,de_xuat
936,"thầy cần soạn trước slile rồi gửi cho sinh viên để sinh viên có thể ở nhà đọc trước bài , để lên lớp có thể dễ hiểu hơn , kết hợp chiếu slile với viết bảng sẽ đỡ tốn thời gian và hiệu quả học tập sẽ cao hơn .",neutral,ky_nang_giang_day
936,"thầy cần soạn trước slile rồi gửi cho sinh viên để sinh viên có thể ở nhà đọc trước bài , để lên lớp có thể dễ hiểu hơn , kết hợp chiếu slile với viết bảng sẽ đỡ tốn thời gian và hiệu quả học tập sẽ cao hơn .",negative,cung_cap_tai_lieu
936,"thầy cần soạn trước slile rồi gửi cho sinh viên để sinh viên có thể ở nhà đọc trước bài , để lên lớp có thể dễ hiểu hơn , kết hợp chiếu slile với viết bảng sẽ đỡ tốn thời gian và hiệu quả học tập sẽ cao hơn .",negative,de_xuat
937,thầy không dạy gì khi đến lớp .,negative,ky_nang_giang_day
938,"nên thực hành nhiều hơn lý thuyết , đảm bảo chất lượng sinh viên sẽ tốt .",neutral,kinh_nghiem
938,"nên thực hành nhiều hơn lý thuyết , đảm bảo chất lượng sinh viên sẽ tốt .",neutral,de_xuat
939,cô chủ đọng nhắc nhở các bạn học tập và ai có thắc mắc cô giải đáp hết .,positive,hanh_vi
940,có nhiều chỗ thầy nghĩ tụi em biết nên khi hỏi lại thầy thì thầy hơi cau mày .,negative,hanh_vi
941,"giảng viên nhiệt tình , tận tâm với sinh viên và rất vui tính .",positive,hanh_vi
942,giảng dạy quá nhanh .,negative,ky_nang_giang_day
943,ra bài tập rất hay .,positive,bai_tap
944,giáo viên dạy nhiệt tình tâm huyết .,positive,hanh_vi
945,thầy hay vắng .,negative,hanh_vi
946,thầy nên dạy thực hành một cách kỹ lưỡng hơn cho sinh viên hiểu và thực hiện .,negative,ky_nang_giang_day
946,thầy nên dạy thực hành một cách kỹ lưỡng hơn cho sinh viên hiểu và thực hiện .,positive,de_xuat
947,giảng viên rất tận tâm trong việc truyền đạt nội dung môn học .,positive,ky_nang_giang_day
947,giảng viên rất tận tâm trong việc truyền đạt nội dung môn học .,positive,hanh_vi
948,giáo viên năng nổ nhiệt tình dễ thương cho làm nhiều bài tập vận dụng hay .,positive,hanh_vi
948,giáo viên năng nổ nhiệt tình dễ thương cho làm nhiều bài tập vận dụng hay .,positive,bai_tap
949,"thầy thường xuyên truyền đạt kỹ năng cần thiết và thiết thực , xây dựng được sự chủ động học tập của sinh viên .",positive,ky_nang_giang_day
950,nhiệt tình trả lời câu hỏi khi sinh viên phát biểu .,positive,hanh_vi
951,"thầy giảng dễ hiểu , tận tâm với học sinh .",positive,ky_nang_giang_day
951,"thầy giảng dễ hiểu , tận tâm với học sinh .",positive,hanh_vi
952,"thầy đi dạy không đúng giờ , toàn bắt sinh viên chờ từ 30 phút đến 1 tiếng .",negative,hanh_vi
953,"thầy vui tính và dạy rất nhiệt tình , rất quan tâm tới sinh viên đặc biệt là sinh viên nữ .",positive,hanh_vi
954,thầy rất tuyệt thầy dạy rất dễ hiểu .,positive,ky_nang_giang_day
954,thầy rất tuyệt thầy dạy rất dễ hiểu .,positive,hanh_vi
955,thấy dạy rất tốt .,positive,ky_nang_giang_day
956,dù biết là giảng viên muốn tốt cho tụi em nhưng giảng viên cứ tự đổi giờ lên lớp như thế thì em không đồng tình lắm ạ .,negative,hanh_vi
957,giáo trình không phù hợp với sinh viên .,negative,cung_cap_tai_lieu
958,"cô thân thiện , trẻ trung .",positive,hanh_vi
959,thầy hài hước vui vẻ .,positive,hanh_vi
960,"cô dạy nhanh quá , khó hiểu dẫn đến chán nản .",negative,ky_nang_giang_day
961,tăng thời gian lên lớp .,neutral,chuong_trinh_hoc
961,tăng thời gian lên lớp .,neutral,de_xuat
962,cách giảng bài chi tiết vừa đủ và dễ hiểu .,positive,ky_nang_giang_day
963,"đồ án môn học mới lạ , hấp dẫn , mang tính thách thức và ứng dụng cao .",positive,bai_tap
964,cần nhiều bài tập hơn .,negative,bai_tap
964,cần nhiều bài tập hơn .,neutral,de_xuat
965,cô giảng hay dễ hiểu .,positive,ky_nang_giang_day
966,không dạy thật sự .,negative,ky_nang_giang_day
967,"giáo viên trẻ , thân thiện , nhiệt tình .",positive,hanh_vi
968,"giảng viên rất nhiệt tình , hướng dẫn chi tiết các kiến thức .",positive,ky_nang_giang_day
968,"giảng viên rất nhiệt tình , hướng dẫn chi tiết các kiến thức .",positive,hanh_vi
968,"giảng viên rất nhiệt tình , hướng dẫn chi tiết các kiến thức .",positive,kien_thuc
969,giảng viên nhiệt tình hướng dẫn sinh viên .,positive,hanh_vi
970,nên hướng dẫn thêm nhiều tài liệu để sinh viên được chủ động hơn trong học tập .,negative,cung_cap_tai_lieu
970,nên hướng dẫn thêm nhiều tài liệu để sinh viên được chủ động hơn trong học tập .,positive,de_xuat
971,thầy dạy rất chán .,negative,ky_nang_giang_day
972,"thầy giáo rất nhiệt tình trong việc hỗ trợ sinh viên , giúp sinh viên hiểu ra được các khuyết điểm đồ án học tập của các nhóm .",positive,hanh_vi
973,silde cần làm bằng tiếng việt vì không phải trong lớp ai cũng giỏi tiếng anh để hiểu .,negative,cung_cap_tai_lieu
973,silde cần làm bằng tiếng việt vì không phải trong lớp ai cũng giỏi tiếng anh để hiểu .,negative,de_xuat
974,"môn học có nhiều kiến thức khó , giảng viên truyền đạt kiến thức chưa hoàn toàn hiệu quả .",negative,ky_nang_giang_day
974,"môn học có nhiều kiến thức khó , giảng viên truyền đạt kiến thức chưa hoàn toàn hiệu quả .",neutral,kien_thuc
975,"giảng nhanh , không kỹ .",negative,ky_nang_giang_day
976,cho nhiều bài tập để nắm kiến thức sau khi học lý thuyết .,positive,bai_tap
977,khả năng truyền đạt chưa được tốt .,negative,ky_nang_giang_day
978,"cơ sở vật chất không đảm bảo chất lượng , nhiều khi thầy đang nói mà micro bị hư .",negative,thiet_bi_day_hoc
979,"thầy nên sử dụng moodle và có cách thông báo rõ ràng , dễ cập nhật hơn .",neutral,thiet_bi_day_hoc
979,"thầy nên sử dụng moodle và có cách thông báo rõ ràng , dễ cập nhật hơn .",neutral,de_xuat
980,tận tâm giảng dạy .,positive,hanh_vi
981,"nhưng thầy ơi , thầy giảng bài một mạch liền , khiến nhiều sinh viên rất buồn ngủ .",negative,ky_nang_giang_day
982,"giảng viên tận tâm , giúp sinh viên hoàn thiện kỹ năng bản thân .",positive,ky_nang_giang_day
982,"giảng viên tận tâm , giúp sinh viên hoàn thiện kỹ năng bản thân .",positive,hanh_vi
983,"giảng viên giảng dạy nhiệt tình , truyền đạt tốt .",positive,ky_nang_giang_day
983,"giảng viên giảng dạy nhiệt tình , truyền đạt tốt .",positive,hanh_vi
984,"thầy có dạy những kiến thức , kinh nghiệm có tính áp dụng lâu dài .",positive,kinh_nghiem
984,"thầy có dạy những kiến thức , kinh nghiệm có tính áp dụng lâu dài .",positive,kien_thuc
985,giảng viên hay đặt vấn đề để sinh viên suy nghĩ .,positive,ky_nang_giang_day
986,được rèn luyện kỹ năng giao tiếp tiếng anh cũng như cách tự học tốt ở nhà .,positive,kinh_nghiem
987,"thầy dạy tốt , dễ tiếp thu và có chất lượng tuyệt .",positive,ky_nang_giang_day
987,"thầy dạy tốt , dễ tiếp thu và có chất lượng tuyệt .",positive,kien_thuc
988,"quản lý thời gian thực hành chưa hợp lý , tiết thực hành hơi nhàm chán .",negative,kinh_nghiem
988,"quản lý thời gian thực hành chưa hợp lý , tiết thực hành hơi nhàm chán .",negative,chuong_trinh_hoc
989,"hướng dẫn , giải đáp thắc mắc tận tình .",positive,hanh_vi
990,chất lượng mạng trong phòng máy mạnh nhưng chấy lượng máy kém .,negative,thiet_bi_day_hoc
991,"thầy dạy rất nhiệt huyết , tận tâm .",positive,hanh_vi
992,"môn java này là môn quan trọng , là nền để phát triền các ngôn ngữ , môn học sau này , nhưng sau học kỳ học môn java ở lớp này thì 80% sinh viên phải tự vò đầu tìm hiểu , tự google lấy kiến thức , không được nhận bất cứ sự giúp đỡ hướng dẫn gì từ giảng viên .",negative,ky_nang_giang_day
992,"môn java này là môn quan trọng , là nền để phát triền các ngôn ngữ , môn học sau này , nhưng sau học kỳ học môn java ở lớp này thì 80% sinh viên phải tự vò đầu tìm hiểu , tự google lấy kiến thức , không được nhận bất cứ sự giúp đỡ hướng dẫn gì từ giảng viên .",negative,hanh_vi
993,giáo viên chưa đến lớp đúng giờ .,negative,hanh_vi
994,"giáo viên sử dụng ngôn ngữ anh rất tốt , dễ hiểu , gây cuốn hút người nghe .",positive,ky_nang_giang_day
995,"thầy truyền đạt kiến thức hiệu quả , sử dụng thời gian học hợp lý và hiệu quả .",positive,ky_nang_giang_day
995,"thầy truyền đạt kiến thức hiệu quả , sử dụng thời gian học hợp lý và hiệu quả .",positive,kien_thuc
996,"tiếng anh lại không chuẩn mà cứ nói ngập ngừng suốt buổi , không thấy một câu tiếng việt ( ví dụ doubledot "" các em hiểu không ? "" ) .",negative,ky_nang_giang_day
996,"tiếng anh lại không chuẩn mà cứ nói ngập ngừng suốt buổi , không thấy một câu tiếng việt ( ví dụ doubledot "" các em hiểu không ? "" ) .",negative,hanh_vi
997,sự nhiệt tình giải đáp mọi thắc mắc của sinh viên .,positive,hanh_vi
998,dạy khó hiểu và lên lớp muộn .,negative,ky_nang_giang_day
998,dạy khó hiểu và lên lớp muộn .,negative,hanh_vi
999,cám ơn thầy fraction cô đã đọc một bài dài thế này .,positive,hanh_vi
1000,"cần có thêm lớp training cho các bạn yếu , mất căn bản .",negative,chuong_trinh_hoc
1000,"cần có thêm lớp training cho các bạn yếu , mất căn bản .",neutral,de_xuat
1001,"nhưng kiến thức quá nhiều , rộng , truyền tải trong một thời gian ngắn nên khó nắm bắt được hết .",negative,ky_nang_giang_day
1001,"nhưng kiến thức quá nhiều , rộng , truyền tải trong một thời gian ngắn nên khó nắm bắt được hết .",negative,kien_thuc
1002,thầy nên hạn chế cho chép .,negative,hanh_vi
1002,thầy nên hạn chế cho chép .,neutral,de_xuat
1003,rất hài lòng về giảng viên wzjwz321 .,positive,ky_nang_giang_day
1003,rất hài lòng về giảng viên wzjwz321 .,positive,hanh_vi
1004,cô dạy nhanh .,negative,ky_nang_giang_day
1005,phòng thí nghiệm môn này cần được nâng cấp và mở rộng .,negative,thiet_bi_day_hoc
1005,phòng thí nghiệm môn này cần được nâng cấp và mở rộng .,neutral,de_xuat
1006,khả năng truyền đạt chưa gây được sự thu hút .,negative,ky_nang_giang_day
1007,thầy dạy hay và tốt .,positive,ky_nang_giang_day
1008,bị áp lực .,negative,noi_chung
1009,"khả năng truyền đạt kiến thức cao , thường hay gọi lên bảng để kiểm tra năng lực sinh viên .",positive,ky_nang_giang_day
1010,thầy luôn quan tâm giúp đỡ sinh viên .,positive,hanh_vi
1011,lên lớp đúng giờ .,positive,hanh_vi
1012,"nhiệt tình , phương pháp giảng dạy hiệu quả , cách truyền đạt dễ hiểu dễ tiếp thu .",positive,ky_nang_giang_day
1012,"nhiệt tình , phương pháp giảng dạy hiệu quả , cách truyền đạt dễ hiểu dễ tiếp thu .",positive,hanh_vi
1013,em xin có ý kiến doubledot giảng viên lý thuyết dạy chậm hơn so với giảng viên thực hành rất nhiều !,negative,ky_nang_giang_day
1014,lý thuyết quá nhiều không tập trung chủ yếu .,negative,chuong_trinh_hoc
1015,cần phải có liên hệ thực tiễn trong quá trình giảng dạy để tạo sự ham thích cho người học .,negative,kinh_nghiem
1015,cần phải có liên hệ thực tiễn trong quá trình giảng dạy để tạo sự ham thích cho người học .,neutral,de_xuat
1016,khi sinh viên đề nghị thầy mở lại cách ra deadline thì thầy bảo không được và cứ giữ nguyên thể thức như vậy .,negative,hanh_vi
1016,khi sinh viên đề nghị thầy mở lại cách ra deadline thì thầy bảo không được và cứ giữ nguyên thể thức như vậy .,negative,bai_tap
1016,khi sinh viên đề nghị thầy mở lại cách ra deadline thì thầy bảo không được và cứ giữ nguyên thể thức như vậy .,neutral,de_xuat
1017,"cần đi sâu vào thực tế , khi dạy còn chung chung khó hiểu được .",negative,ky_nang_giang_day
1017,"cần đi sâu vào thực tế , khi dạy còn chung chung khó hiểu được .",negative,kinh_nghiem
1017,"cần đi sâu vào thực tế , khi dạy còn chung chung khó hiểu được .",neutral,de_xuat
1018,"thầy dạy dễ hiểu , sát với thực tế .",positive,ky_nang_giang_day
1018,"thầy dạy dễ hiểu , sát với thực tế .",positive,kinh_nghiem
1019,giảng bài cảm thấy hơi buồn ngủ .,negative,ky_nang_giang_day
1020,dạy chậm hơn tiết thực hành .,negative,ky_nang_giang_day
1021,hài lòng hoàn toàn .,positive,noi_chung
1022,cảm ơn .,positive,noi_chung
1023,thầy dạy hay và dễ hiểu .,positive,ky_nang_giang_day
1024,"giảng viên dạy nhiệt tình , tâm huyết dễ hiểu !",positive,ky_nang_giang_day
1024,"giảng viên dạy nhiệt tình , tâm huyết dễ hiểu !",positive,hanh_vi
1025,"phòng lab còn chạy visual studio 2008 , không biết viết code kiểu gì lên đó nữa , đây cũng là cái ảnh hưởng tới kết quả thi thực hành của nhiều sinh viên quen sử dụng với chuẩn visual studio 2015 .",negative,thiet_bi_day_hoc
1026,phòng học còn nóng .,negative,thiet_bi_day_hoc
1027,"thầy cho bài tập luyện tập rất nhiều , thích hợp cho việc ôn tập lại kiến thức .",positive,bai_tap
1028,phân chia thời gian báo cáo chưa hợp lý .,negative,chuong_trinh_hoc
1029,"giảng viên nhiệt tình , vui vẻ , luôn giúp đỡ cho sinh viên hoàn thành tốt nhất bài báo cáo .",positive,hanh_vi
1030,gây khó khăn khi tìm thông tin làm bài tập và nộp bài tập trên moodle .,negative,bai_tap
1030,gây khó khăn khi tìm thông tin làm bài tập và nộp bài tập trên moodle .,negative,cung_cap_tai_lieu
1031,nâng cấp máy tính .,neutral,thiet_bi_day_hoc
1032,thầy rất chú tâm .,positive,hanh_vi
1033,thầy cho bài tập để làm mà không cho đáp án để sinh viên biết được mình giải đúng hay sai .,negative,bai_tap
1033,thầy cho bài tập để làm mà không cho đáp án để sinh viên biết được mình giải đúng hay sai .,negative,de_xuat
1034,nên bọn em khó có thể gặp được giảng viên .,negative,hanh_vi
1034,nên bọn em khó có thể gặp được giảng viên .,negative,de_xuat
1035,nội dung giảng dạy rất là lý thuyết và thiếu phần bài tập để ứng dụng và nhớ bài hơn .,negative,bai_tap
1035,nội dung giảng dạy rất là lý thuyết và thiếu phần bài tập để ứng dụng và nhớ bài hơn .,negative,chuong_trinh_hoc
1036,"thầy giảng rất dễ hiểu , tâm huyết với buổi học .",positive,ky_nang_giang_day
1036,"thầy giảng rất dễ hiểu , tâm huyết với buổi học .",positive,hanh_vi
1037,"mặc dù môn này là em học lần hai nhưng kết quả đang tồi tệ hơn , không thể theo kịp .",negative,ky_nang_giang_day
1037,"mặc dù môn này là em học lần hai nhưng kết quả đang tồi tệ hơn , không thể theo kịp .",negative,chuong_trinh_hoc
1038,giảng bài đầy đủ .,positive,ky_nang_giang_day
1039,"các hoạt động trong tiết học đa dạng , không gò bó , cứng nhắc gây nhàm chán mà giúp cho sinh viên cảm thấy thoải mái và sáng tạo trong học tập .",positive,ky_nang_giang_day
1040,nhưng nhiều phần em không biết học rồi có áp dụng hay không .,negative,ky_nang_giang_day
1041,thông báo những buổi seminar và báo cáo phải chính xác để dễ dàng cho cả sinh viên lẫn giáo viên .,positive,de_xuat
1042,"thầy hơi nghiêm khắc , nhưng dạy dễ hiểu .",positive,ky_nang_giang_day
1042,"thầy hơi nghiêm khắc , nhưng dạy dễ hiểu .",negative,hanh_vi
1043,"thầy rất tận tình , nhưng hay vắng .",negative,hanh_vi
1044,"giảng viên có trình độ chuyên môn tốt , hướng dẫn chi tiết , dễ hiểu .",positive,ky_nang_giang_day
1044,"giảng viên có trình độ chuyên môn tốt , hướng dẫn chi tiết , dễ hiểu .",positive,kien_thuc
1045,"cho làm nhiều bài tập hữu ích , giảng cặn kẽ .",positive,ky_nang_giang_day
1045,"cho làm nhiều bài tập hữu ích , giảng cặn kẽ .",positive,bai_tap
1046,"tạo hứng thú trong học tập , đơn giản , hiệu quả .",positive,ky_nang_giang_day
1047,thầy giáo dạy nhiệt tình giúp tiếp cận kiến thức tốt .,positive,ky_nang_giang_day
1047,thầy giáo dạy nhiệt tình giúp tiếp cận kiến thức tốt .,positive,hanh_vi
1048,hình thức thực hành 2 dường như không có tác dụng với sinh viên .,negative,kinh_nghiem
1049,"giảng viên dạy nhiệt tình , vui tính , hài hước , dạy tốt , dễ nghe dễ hiểu .",positive,ky_nang_giang_day
1049,"giảng viên dạy nhiệt tình , vui tính , hài hước , dạy tốt , dễ nghe dễ hiểu .",positive,hanh_vi
1050,tăng hiệu suất máy tính .,neutral,thiet_bi_day_hoc
1051,thầy rất nhiệt tình và tận tâm .,positive,hanh_vi
1052,tốt nhất nên cho ví dụ tổng quan .,neutral,de_xuat
1053,có nhiều hoạt động giúp sinh viên nâng cao kỹ năng .,positive,kinh_nghiem
1054,"thân thiện , hòa đồng , giảng dạy có kỹ lưỡng .",positive,ky_nang_giang_day
1054,"thân thiện , hòa đồng , giảng dạy có kỹ lưỡng .",positive,hanh_vi
1055,thầy rất có tâm trong việc tạo áp lực giúp sinh viên học nhiều hơn và thực hành nhiều hơn .,positive,hanh_vi
1056,"thầy chỉ nên sử dụng facebook làm kênh thông tin song hành , chứ không nên như hiện nay , có rất nhiều thông báo thầy chỉ thông báo trên facebook cá nhân , mà không hề thông báo trên website môn học .",negative,hanh_vi
1056,"thầy chỉ nên sử dụng facebook làm kênh thông tin song hành , chứ không nên như hiện nay , có rất nhiều thông báo thầy chỉ thông báo trên facebook cá nhân , mà không hề thông báo trên website môn học .",neutral,de_xuat
1057,"giờ giảng dạy của thầy đa số là thầy đọc , giọng nói thầy đều đều làm đa số mọi người rất buồn ngủ .",negative,ky_nang_giang_day
1058,mặc dù môn này đã được nghe thầy nói được dạy lần đầu cho khóa 3 .,neutral,noi_chung
1059,"thầy dạy không để ý xem sinh viên có nhận thức được hay không , chỉ dạy cho hết bài rôi về .",negative,ky_nang_giang_day
1059,"thầy dạy không để ý xem sinh viên có nhận thức được hay không , chỉ dạy cho hết bài rôi về .",negative,hanh_vi
1060,rất hay khuyến khích tinh thần học tập .,positive,hanh_vi
1061,"là một môn học về kỹ năng , cu thể là kỹ năng mềm nên có nhiều hơn những bài học kết hợp các kỹ năng hỗ trợ khác khi học môn này như kỹ năng giao tiếp nguyên lý và kinh nghiệm thuyết trình , cách đọc tài liệu ngoại ngữ chuyên ngành , các tra cứu thông tin hiệu quả .",neutral,chuong_trinh_hoc
1062,lắng nghe ý kiến của sinh viên trong quá trình học .,positive,hanh_vi
1063,"giảng viên rất nhiệt tình giảng dạy , rất sẵn lòng giải đáp thắc mắc của sinh viên .",positive,hanh_vi
1064,"cô vui vẻ , hay quan tâm sinh viên .",positive,hanh_vi
1065,rất quan tâm học viên .,positive,hanh_vi
1066,"thầy rất nhiệt tình , em rất hài lòng về cách giảng dạy cũng như các tài liệu , nội dung thầy cung cấp .",positive,ky_nang_giang_day
1066,"thầy rất nhiệt tình , em rất hài lòng về cách giảng dạy cũng như các tài liệu , nội dung thầy cung cấp .",positive,hanh_vi
1066,"thầy rất nhiệt tình , em rất hài lòng về cách giảng dạy cũng như các tài liệu , nội dung thầy cung cấp .",positive,cung_cap_tai_lieu
1067,"thầy vui tính , cởi mở .",positive,hanh_vi
1068,"giảng viên hướng dẫn rõ ràng , đầy đủ .",positive,ky_nang_giang_day
1069,"bài tập quá khó hiểu , quá lan man , chỉ có một vài bài là hợp lý nhưng cũng khó làm .",negative,bai_tap
1070,"thầy cung cấp tài liệu học tập rất đầy đủ , chi tiết .",positive,cung_cap_tai_lieu
1071,môn học hay và hấp dẫn .,positive,chuong_trinh_hoc
1072,mong cô dạy thêm về ngữ pháp .,neutral,de_xuat
1073,"kỳ sau em có học một môn của chị nữa đó , nhớ giúp em qua môn nha chị .",neutral,noi_chung
1074,giảng viên nên nhiệt tình hơn !,negative,hanh_vi
1074,giảng viên nên nhiệt tình hơn !,neutral,de_xuat
1075,cô dạy nhiệt tình dễ hiểu .,positive,ky_nang_giang_day
1076,nếu cho được điểm 11 thì em cũng cho luôn .,neutral,noi_chung
1077,"ngoài kiến thức lý thuyết tụi em đã học , thầy còn cung cấp thêm cho chúng em thêm nhiều kiến thức mới nữa .",positive,kien_thuc
1078,nhìn chung thầy dạy tốt .,positive,ky_nang_giang_day
1079,"thầy dạy tâm huyết , giỏi , truyền đạt được cảm hứng học tập và nghiên cứu cho sinh viên .",positive,ky_nang_giang_day
1079,"thầy dạy tâm huyết , giỏi , truyền đạt được cảm hứng học tập và nghiên cứu cho sinh viên .",positive,hanh_vi
1080,"lớp lý thuyết chủ yếu dạy về các công nghệ mới , những sáng tạo trong công nghệ trên thế giới cũng như trong lĩnh vực di động , rất ít kiến thức về lập trình để tôi có thể hiểu về lập trình trên thiết bị di động cũng như việc làm bài tập ở lớp thực hành và đồ án môn học .",negative,kien_thuc
1080,"lớp lý thuyết chủ yếu dạy về các công nghệ mới , những sáng tạo trong công nghệ trên thế giới cũng như trong lĩnh vực di động , rất ít kiến thức về lập trình để tôi có thể hiểu về lập trình trên thiết bị di động cũng như việc làm bài tập ở lớp thực hành và đồ án môn học .",negative,chuong_trinh_hoc
1081,giảng viên cần cung cấp cho học viên tài liệu lý thuyết rõ ràng .,neutral,cung_cap_tai_lieu
1081,giảng viên cần cung cấp cho học viên tài liệu lý thuyết rõ ràng .,neutral,de_xuat
1082,"ngoài kiến thức anh văn được cải thiện hiệu quả , sinh viên còn học được rất nhiều kỹ năng mềm khác .",positive,kien_thuc
1083,"giảng viên chấm điểm công bằng , chính xác .",positive,cham_diem
1084,"giảng viên tích cực tiếp thu ý kiến sinh viên về kiến thức và cách giảng dạy , mong thầy thành công .",positive,ky_nang_giang_day
1084,"giảng viên tích cực tiếp thu ý kiến sinh viên về kiến thức và cách giảng dạy , mong thầy thành công .",positive,hanh_vi
1085,"thân thiện , tận tâm .",positive,hanh_vi
1086,"giảng dạy dễ hiểu , giờ học vui .",positive,ky_nang_giang_day
1086,"giảng dạy dễ hiểu , giờ học vui .",positive,hanh_vi
1087,tốn thời gian .,negative,noi_chung
1088,"có sự tương tác tốt , rèn được kỹ năng nghe , nói tiếng anh .",positive,kinh_nghiem
1088,"có sự tương tác tốt , rèn được kỹ năng nghe , nói tiếng anh .",positive,hanh_vi
1089,"thầy dạy hay , hướng dẫn cụ thể .",positive,ky_nang_giang_day
1090,"đề nghị những bài khó giảng viên cần giảng kỹ , dễ hiểu cho cả lớp .",negative,ky_nang_giang_day
1090,"đề nghị những bài khó giảng viên cần giảng kỹ , dễ hiểu cho cả lớp .",neutral,de_xuat
1091,"thầy giảng viên ít viết chương trình trên lớp , thường copy code rồi demo cho sinh viên .",negative,ky_nang_giang_day
1092,cô nên dạy nội dung khó hơn cho lớp sau .,negative,chuong_trinh_hoc
1092,cô nên dạy nội dung khó hơn cho lớp sau .,neutral,de_xuat
1093,"sự nhiệt tình , quan tâm , lắng nghe .",positive,hanh_vi
1094,"lúc đầu vào học thì chưa tập trung nội dung học , mất thời gian nhưng về sau đã tập trung việc học hơn .",negative,ky_nang_giang_day
1095,cô giáo tận tình .,positive,hanh_vi
1096,"thầy rất nhiệt tình , hướng dẫn thực hành kỹ càng .",positive,ky_nang_giang_day
1096,"thầy rất nhiệt tình , hướng dẫn thực hành kỹ càng .",positive,hanh_vi
1097,"lập trình hướng đối tượng nói riêng và tất cả các môn liên quan đến lập trình nói chung theo em nên được cập nhật tài liệu thường xuyên , đặc biệt là các phần mềm trong các phòng lab để tránh tình trạng các tài liệu và phần mềm hỗ trợ học tập lỗi thời và gây khó khăn cho việc giảng dạy và học tập .",negative,cung_cap_tai_lieu
1097,"lập trình hướng đối tượng nói riêng và tất cả các môn liên quan đến lập trình nói chung theo em nên được cập nhật tài liệu thường xuyên , đặc biệt là các phần mềm trong các phòng lab để tránh tình trạng các tài liệu và phần mềm hỗ trợ học tập lỗi thời và gây khó khăn cho việc giảng dạy và học tập .",negative,thiet_bi_day_hoc
1097,"lập trình hướng đối tượng nói riêng và tất cả các môn liên quan đến lập trình nói chung theo em nên được cập nhật tài liệu thường xuyên , đặc biệt là các phần mềm trong các phòng lab để tránh tình trạng các tài liệu và phần mềm hỗ trợ học tập lỗi thời và gây khó khăn cho việc giảng dạy và học tập .",positive,de_xuat
1098,"thầy nói nghe không rõ , truyền đạt khó hiểu , không tạo hứng thú cho sinh viên .",negative,ky_nang_giang_day
1098,"thầy nói nghe không rõ , truyền đạt khó hiểu , không tạo hứng thú cho sinh viên .",negative,hanh_vi
1099,"giảng dạy tốt , đưa ra nhiều vấn đề cho sinh viên tham khảo .",positive,ky_nang_giang_day
1100,cung cấp nhiều tài liệu tham khảo .,positive,cung_cap_tai_lieu
1101,"giảng viên nhiệt tình , giảng dạy dễ hiểu , thu hút .",positive,ky_nang_giang_day
1101,"giảng viên nhiệt tình , giảng dạy dễ hiểu , thu hút .",positive,hanh_vi
1102,khó tiếp thu được kiến thức cô truyền đạt .,negative,ky_nang_giang_day
1103,cô rất nhiệt tình với lớp .,positive,hanh_vi
1104,"nên cho sinh viên làm nhiều bài tập , từ đơn giản đến phức tạp để hiểu hết môn học .",negative,bai_tap
1104,"nên cho sinh viên làm nhiều bài tập , từ đơn giản đến phức tạp để hiểu hết môn học .",positive,de_xuat
1105,có chút không hiểu bài .,negative,ky_nang_giang_day
1106,"cần trang bị máy nghe tốt hơn , có nhiều máy nghe đã xuống cấp .",negative,thiet_bi_day_hoc
1106,"cần trang bị máy nghe tốt hơn , có nhiều máy nghe đã xuống cấp .",neutral,de_xuat
1107,"giáo viên giảng dạy rất nhiệt tình , bài giảng dễ hiểu .",positive,ky_nang_giang_day
1107,"giáo viên giảng dạy rất nhiệt tình , bài giảng dễ hiểu .",positive,hanh_vi
1108,không nêu thông tin rõ ràng thời gian báo cáo .,negative,noi_chung
1109,cô dung dậy nhiệt tình dễ hiểu .,positive,ky_nang_giang_day
1109,cô dung dậy nhiệt tình dễ hiểu .,positive,hanh_vi
1110,"nhiệt tình , dễ hiểu .",positive,ky_nang_giang_day
1110,"nhiệt tình , dễ hiểu .",positive,hanh_vi
1111,những bài tập về nhà khó em hy vọng thầy có bài sửa mẫu chi tiết cho cả lớp giúp chúng em rút kinh nghiệm ạ .,negative,bai_tap
1111,những bài tập về nhà khó em hy vọng thầy có bài sửa mẫu chi tiết cho cả lớp giúp chúng em rút kinh nghiệm ạ .,neutral,de_xuat
1112,"hiền , dễ thương , cười tươi .",positive,hanh_vi
1113,"cô rất nhiệt tình , giảng cụ thể .",positive,ky_nang_giang_day
1113,"cô rất nhiệt tình , giảng cụ thể .",positive,hanh_vi
1114,"tiết dạy sinh động , lôi cuốn .",positive,ky_nang_giang_day
1115,"dạy không nhiệt tình , tài liệu ít .",negative,hanh_vi
1115,"dạy không nhiệt tình , tài liệu ít .",negative,cung_cap_tai_lieu
1116,"thầy rất nhiệt tình , kiến thức uyên bác , chuyên sâu .",positive,hanh_vi
1116,"thầy rất nhiệt tình , kiến thức uyên bác , chuyên sâu .",positive,kien_thuc
1117,cách thức giảng dạy chưa phù hợp lắm với sinh viên có học lực chưa tốt .,negative,ky_nang_giang_day
1118,"thầy dạy nhiệt tình , rất dễ hiểu .",positive,ky_nang_giang_day
1118,"thầy dạy nhiệt tình , rất dễ hiểu .",positive,hanh_vi
1119,cô là giáo viên có tâm và nhiệt huyết nhất em từng gặp .,positive,hanh_vi
1120,"sinh viên hiểu bài rất dễ dàng , chỗ nào không hiểu là giảng viên tận tâm giảng lại ngay , thường xuyên tạo cuộc tranh luận trong giờ học để giúp sinh viên tăng cường tranh luận , trao đổi giúp bài học trở nên phong phú và dễ hiểu hơn .",positive,ky_nang_giang_day
1120,"sinh viên hiểu bài rất dễ dàng , chỗ nào không hiểu là giảng viên tận tâm giảng lại ngay , thường xuyên tạo cuộc tranh luận trong giờ học để giúp sinh viên tăng cường tranh luận , trao đổi giúp bài học trở nên phong phú và dễ hiểu hơn .",positive,hanh_vi
1121,"cô cho rất nhiều bài tập trên hệ thống moodle , giảng dạy rất lý thú , vui vẻ .",positive,ky_nang_giang_day
1121,"cô cho rất nhiều bài tập trên hệ thống moodle , giảng dạy rất lý thú , vui vẻ .",positive,hanh_vi
1121,"cô cho rất nhiều bài tập trên hệ thống moodle , giảng dạy rất lý thú , vui vẻ .",positive,bai_tap
1122,"phân chia nhóm hợp lý , theo sát quá trình thực hành của sinh viên .",positive,chuong_trinh_hoc
1123,"giảng viên dạy rất hay , nhiệt tình .",positive,ky_nang_giang_day
1123,"giảng viên dạy rất hay , nhiệt tình .",positive,hanh_vi
1124,"giáo viên tận tình , dạy hay , dễ tiếp thu .",positive,ky_nang_giang_day
1124,"giáo viên tận tình , dạy hay , dễ tiếp thu .",positive,hanh_vi
1125,rất mong thầy sẽ tiếp tục giảng dạy các khoá sau .,positive,de_xuat
1126,cô cho tan lớp hơi trễ do cô mê dạy quá .,positive,hanh_vi
1127,"thầy tận tâm , nhiệt tình chia sẻ kiến thức , kỹ năng .",positive,hanh_vi
1127,"thầy tận tâm , nhiệt tình chia sẻ kiến thức , kỹ năng .",positive,kien_thuc
1128,chưa thu hút được sinh viên .,negative,ky_nang_giang_day
1129,"em cảm thấy trên lớp học cô chỉ chú trọng vô listening là chính mà bỏ qua các phần khác , grammar chỉ dạy được có một bài , không có hoạt động speaking .",negative,ky_nang_giang_day
1129,"em cảm thấy trên lớp học cô chỉ chú trọng vô listening là chính mà bỏ qua các phần khác , grammar chỉ dạy được có một bài , không có hoạt động speaking .",negative,chuong_trinh_hoc
1130,cần trang bị phòng thực hành phù hợp với đặc thù môn học .,negative,thiet_bi_day_hoc
1130,cần trang bị phòng thực hành phù hợp với đặc thù môn học .,positive,de_xuat
1131,kiến thức học luôn được liên hệ với thực tế .,positive,kien_thuc
1132,cải thiện trang thiết bị .,negative,thiet_bi_day_hoc
1132,cải thiện trang thiết bị .,neutral,de_xuat
1133,"giảng viên tận tâm , hướng dẫn cách sinh viên học tập một cách chủ động .",positive,ky_nang_giang_day
1133,"giảng viên tận tâm , hướng dẫn cách sinh viên học tập một cách chủ động .",positive,hanh_vi
1134,"giảng viên nhiệt tình , chỉ dẫn tận tình , chi tiết bài học , đưa ra các ví dụ cụ thể , chi tiết thực tế vào bài học giúp sinh viên hiểu bài hơn .",positive,ky_nang_giang_day
1134,"giảng viên nhiệt tình , chỉ dẫn tận tình , chi tiết bài học , đưa ra các ví dụ cụ thể , chi tiết thực tế vào bài học giúp sinh viên hiểu bài hơn .",positive,kinh_nghiem
1134,"giảng viên nhiệt tình , chỉ dẫn tận tình , chi tiết bài học , đưa ra các ví dụ cụ thể , chi tiết thực tế vào bài học giúp sinh viên hiểu bài hơn .",positive,hanh_vi
1134,"giảng viên nhiệt tình , chỉ dẫn tận tình , chi tiết bài học , đưa ra các ví dụ cụ thể , chi tiết thực tế vào bài học giúp sinh viên hiểu bài hơn .",positive,kien_thuc
1135,"sinh viền cần có tài liệu của các bài thực hành trước để nghiên cứu , việc lên thực hành mới được cung cấp tài liệu buổi thực hành chỉ mang lại điểm số , không giúp sinh viên có được kiến thức .",negative,cung_cap_tai_lieu
1135,"sinh viền cần có tài liệu của các bài thực hành trước để nghiên cứu , việc lên thực hành mới được cung cấp tài liệu buổi thực hành chỉ mang lại điểm số , không giúp sinh viên có được kiến thức .",negative,kien_thuc
1135,"sinh viền cần có tài liệu của các bài thực hành trước để nghiên cứu , việc lên thực hành mới được cung cấp tài liệu buổi thực hành chỉ mang lại điểm số , không giúp sinh viên có được kiến thức .",neutral,de_xuat
1136,"giáo viên hướng dẫn tận tình , cung cấp đầy đủ kiến thức căn bản bộ môn .",positive,hanh_vi
1136,"giáo viên hướng dẫn tận tình , cung cấp đầy đủ kiến thức căn bản bộ môn .",positive,cung_cap_tai_lieu
1136,"giáo viên hướng dẫn tận tình , cung cấp đầy đủ kiến thức căn bản bộ môn .",positive,kien_thuc
1137,"do phòng học khá đông và máy chiếu không rõ , nên việc giảng viên sử dụng các đoạn code trong ide để minh họa gây khó khăn cho các sinh viên ngồi xa và hoặc mắt kém .",negative,ky_nang_giang_day
1137,"do phòng học khá đông và máy chiếu không rõ , nên việc giảng viên sử dụng các đoạn code trong ide để minh họa gây khó khăn cho các sinh viên ngồi xa và hoặc mắt kém .",negative,thiet_bi_day_hoc
1138,thầy wzjwz307 dạy giỏi từ xưa đến giờ .,positive,ky_nang_giang_day
1139,nghiêm túc trong quá trình giảng dạy .,positive,hanh_vi
1140,"cô dạy rất nhiệt tình , tận tâm , và cách dạy rất dễ hiểu .",positive,ky_nang_giang_day
1140,"cô dạy rất nhiệt tình , tận tâm , và cách dạy rất dễ hiểu .",positive,hanh_vi
1141,giáo viên giảng bài hay .,positive,ky_nang_giang_day
1142,"thầy rất nhiệt tình , giảng chi tiết .",positive,ky_nang_giang_day
1142,"thầy rất nhiệt tình , giảng chi tiết .",positive,hanh_vi
1143,truyền đạt kiến thức rất tốt và tạo hứng thú cho học sinh .,positive,ky_nang_giang_day
1143,truyền đạt kiến thức rất tốt và tạo hứng thú cho học sinh .,positive,hanh_vi
1144,bình thường với giảng viên .,neutral,hanh_vi
1145,"cô giảng tương đối dễ hiểu , có nhiều bài tập minh họa , áp dụng sau khi học lý thuyết .",positive,ky_nang_giang_day
1145,"cô giảng tương đối dễ hiểu , có nhiều bài tập minh họa , áp dụng sau khi học lý thuyết .",positive,bai_tap
1146,cho rất nhiều ví dụ và bài tập mà thông qua đó làm sinh viên dễ tiếp thu bài .,positive,ky_nang_giang_day
1146,cho rất nhiều ví dụ và bài tập mà thông qua đó làm sinh viên dễ tiếp thu bài .,positive,bai_tap
1147,"cải thiện máy chiếu , phòng thực hành .",negative,thiet_bi_day_hoc
1147,"cải thiện máy chiếu , phòng thực hành .",negative,de_xuat
1148,giáo viên vui tính .,positive,hanh_vi
1149,cần tăng số buổi thực hành lên vì quá ít .,negative,chuong_trinh_hoc
1149,cần tăng số buổi thực hành lên vì quá ít .,neutral,de_xuat
1150,cần đề cương môn học rõ ràng .,negative,chuong_trinh_hoc
1150,cần đề cương môn học rõ ràng .,neutral,de_xuat
1151,giảng viên nhiệt tình trong quá trình giảng dạy và hướng dẫn sinh viên .,positive,hanh_vi
1152,dù đã xem trước bài khi lên lớp nhưng nó quá xa lạ đối với em .,negative,ky_nang_giang_day
1153,"thầy rất nhiệt tình , giảng dễ hiểu , có rất nhiều trò chơi trong giờ học giúp sinh viên hiểu , củng cố lại bài và không bị nhàm chán ( ai là nghìn phú , rung chuông vàng , dot ) .",positive,ky_nang_giang_day
1153,"thầy rất nhiệt tình , giảng dễ hiểu , có rất nhiều trò chơi trong giờ học giúp sinh viên hiểu , củng cố lại bài và không bị nhàm chán ( ai là nghìn phú , rung chuông vàng , dot ) .",positive,hanh_vi
1154,không có file hướng dẫn giải bài tập ( chỉ có hướng dẫn giải các bài cơ bản trên lớp ) .,negative,bai_tap
1154,không có file hướng dẫn giải bài tập ( chỉ có hướng dẫn giải các bài cơ bản trên lớp ) .,negative,cung_cap_tai_lieu
1155,nhiều lúc hỏi bài sợ thầy la .,negative,hanh_vi
1156,"cô rất nhiệt tình trong quá trình giảng dạy , luôn khuyên nhủ sinh viên học bài và làm bài tập .",positive,hanh_vi
1157,"giải đáp các thắc mắc của sinh viên , hướng dẫn , theo dõi và giám sát sinh viên trong lúc thực hành .",positive,hanh_vi
1158,"giảng dạy tận tâm , nhiệt tình .",positive,ky_nang_giang_day
1158,"giảng dạy tận tâm , nhiệt tình .",positive,hanh_vi
1159,nhà trường cần cài đặt các chương trình học mới nhất để sinh viên làm quen .,neutral,chuong_trinh_hoc
1159,nhà trường cần cài đặt các chương trình học mới nhất để sinh viên làm quen .,positive,de_xuat
1160,"giáo viên nhiệt tình , tận tâm .",positive,hanh_vi
1161,cách trình bày nội dung của môn học chưa cập nhật mới .,negative,chuong_trinh_hoc
1162,"dạy không lan man mà cần tập trung những vấn đề quan trọng , hệ thống kiến thức cho sinh viên nắm kỹ và làm bài tập nhuần nhuyễn hơn , cho bài tập nhưng cần phải sửa bài !",positive,ky_nang_giang_day
1162,"dạy không lan man mà cần tập trung những vấn đề quan trọng , hệ thống kiến thức cho sinh viên nắm kỹ và làm bài tập nhuần nhuyễn hơn , cho bài tập nhưng cần phải sửa bài !",negative,bai_tap
1162,"dạy không lan man mà cần tập trung những vấn đề quan trọng , hệ thống kiến thức cho sinh viên nắm kỹ và làm bài tập nhuần nhuyễn hơn , cho bài tập nhưng cần phải sửa bài !",positive,kien_thuc
1163,ít bài tập hay .,negative,bai_tap
1164,mong học kỳ sau sẽ sớm có phòng thí nghiệm cho môn này .,negative,thiet_bi_day_hoc
1164,mong học kỳ sau sẽ sớm có phòng thí nghiệm cho môn này .,positive,de_xuat
1165,hi vọng cô có thể giảng dạy lý thuyết xen kẽ với bài tập trong mỗi buổi học để giúp sinh viên hiểu rõ vấn đề cần nắm hơn .,negative,ky_nang_giang_day
1165,hi vọng cô có thể giảng dạy lý thuyết xen kẽ với bài tập trong mỗi buổi học để giúp sinh viên hiểu rõ vấn đề cần nắm hơn .,neutral,de_xuat
1166,"giảng viên luôn bận họp , cả khóa học chỉ học được vài buổi .",negative,hanh_vi
1166,"giảng viên luôn bận họp , cả khóa học chỉ học được vài buổi .",negative,chuong_trinh_hoc
1167,"giảng viên vui vẻ , cởi mở , đặc biệt nhiệt tình khi sinh viên hỏi bài .",positive,hanh_vi
1168,nên tăng thêm nhiều tiết thực hành 1 tuần .,neutral,chuong_trinh_hoc
1168,nên tăng thêm nhiều tiết thực hành 1 tuần .,neutral,de_xuat
1169,"cô hiểu rõ trình độ của từng học sinh để có phương pháp , bài tập phù hợp với từng học sinh .",positive,ky_nang_giang_day
1169,"cô hiểu rõ trình độ của từng học sinh để có phương pháp , bài tập phù hợp với từng học sinh .",positive,bai_tap
1170,"giảng thao thao bất tuyệt , nói những thuật ngữ khó hiểu nhưng không giải thích cặn kẽ .",negative,ky_nang_giang_day
1171,"em nghĩ thầy nên vận động nhiều hơn , đứng trước bục giảng hoặc đi qua đi lại .",negative,hanh_vi
1171,"em nghĩ thầy nên vận động nhiều hơn , đứng trước bục giảng hoặc đi qua đi lại .",positive,de_xuat
1172,hết !,neutral,noi_chung
1173,dạy thêm giờ khi sinh viên chưa hoàn thành xong bài .,positive,hanh_vi
1173,dạy thêm giờ khi sinh viên chưa hoàn thành xong bài .,neutral,bai_tap
1174,nhiệt tình giúp đỡ với sinh viên .,positive,hanh_vi
1175,quá nhiều trò .,negative,bai_tap
1176,tạo những deadline mà sinh viên không thể sắp xếp được thời gian .,negative,bai_tap
1177,phòng thực hành quá xuống cấp .,negative,thiet_bi_day_hoc
1178,"thầy dạy truyền đạt tư tưởng tốt , dễ hiểu .",positive,ky_nang_giang_day
1179,"cô dễ thương , giải đáp thắc mắc với cung cấp tài liệu đầy đủ cho mỗi tuần học .",positive,hanh_vi
1179,"cô dễ thương , giải đáp thắc mắc với cung cấp tài liệu đầy đủ cho mỗi tuần học .",positive,cung_cap_tai_lieu
1180,dạy rất tốt về ubuntu .,positive,ky_nang_giang_day
1180,dạy rất tốt về ubuntu .,positive,kien_thuc
1181,giảng viên thường xuyên quan tâm tới sinh viên .,positive,hanh_vi
1182,"dạy dễ hiểu , tận tình , giúp sinh viên tiếp thu tốt các mục đích giảng dạy .",positive,ky_nang_giang_day
1182,"dạy dễ hiểu , tận tình , giúp sinh viên tiếp thu tốt các mục đích giảng dạy .",positive,hanh_vi
1183,"thầy dạy nhiệt tình , cung cấp nhiều tài liệu hữu ích .",positive,hanh_vi
1183,"thầy dạy nhiệt tình , cung cấp nhiều tài liệu hữu ích .",positive,cung_cap_tai_lieu
1184,cô tận tâm và nhiệt tình giúp đỡ em .,positive,hanh_vi
1185,nội dung slide doubledot em thấy slide này làm tài liệu đọc ôn lại ( khi đã hiểu rồi ) thì phù hợp hơn tài liệu giảng .,positive,cung_cap_tai_lieu
1186,giáo viên nhiệt tình thân thiện .,positive,hanh_vi
1187,đồ án nên giới hạn chủ đề .,neutral,bai_tap
1187,đồ án nên giới hạn chủ đề .,positive,de_xuat
1188,cần cải thiện cơ sở vật chất phù hợp với môn học anh văn hơn nữa .,negative,thiet_bi_day_hoc
1188,cần cải thiện cơ sở vật chất phù hợp với môn học anh văn hơn nữa .,negative,de_xuat
1189,thầy rất tốt với sinh viên .,positive,hanh_vi
1190,kiểm tra liên tục bài tập về nhà nhiều hơn .,negative,bai_tap
1191,"sách cung cấp rất nhiều bài tập và kiến thức , nhưng do số tiết không đủ nên giáo viên đã bỏ qua nhiều phần , nhất là phần nói và viết .",negative,ky_nang_giang_day
1191,"sách cung cấp rất nhiều bài tập và kiến thức , nhưng do số tiết không đủ nên giáo viên đã bỏ qua nhiều phần , nhất là phần nói và viết .",positive,bai_tap
1191,"sách cung cấp rất nhiều bài tập và kiến thức , nhưng do số tiết không đủ nên giáo viên đã bỏ qua nhiều phần , nhất là phần nói và viết .",positive,cung_cap_tai_lieu
1191,"sách cung cấp rất nhiều bài tập và kiến thức , nhưng do số tiết không đủ nên giáo viên đã bỏ qua nhiều phần , nhất là phần nói và viết .",negative,chuong_trinh_hoc
1192,hướng dẫn tận tình cho từng học sinh .,positive,hanh_vi
1193,"cô giảng bài dễ hiểu , nhiệt tình .",positive,ky_nang_giang_day
1193,"cô giảng bài dễ hiểu , nhiệt tình .",positive,hanh_vi
1194,giảng viên không chỉ cung cấp những kiến thức như trong đề cương môn học mà còn cung cấp những kiến thức sâu rộng về thực tiễn cũng như nâng cao nhằm tăng cường độ hiểu biết cho học sinh .,positive,kien_thuc
1195,nên sửa đổi nội dung môn học hợp lý hơn .,negative,chuong_trinh_hoc
1195,nên sửa đổi nội dung môn học hợp lý hơn .,positive,de_xuat
1196,cô giảng bài giọng rất nhỏ và khó nghe dù đã có micro .,negative,ky_nang_giang_day
1196,cô giảng bài giọng rất nhỏ và khó nghe dù đã có micro .,negative,thiet_bi_day_hoc
1197,giáo viên cần sử dụng thơi gian dạy hợp lý hơn .,negative,ky_nang_giang_day
1197,giáo viên cần sử dụng thơi gian dạy hợp lý hơn .,neutral,de_xuat
1198,"đề thi quá dài , rất nhiều phần xử lý giống nhau nhưng lại phân ra nhiều câu như vậy không có tính chất phân loại năng lực sinh viên , mà là một cuộc đua xem ai làm nhanh hơn .",negative,bai_tap
1198,"đề thi quá dài , rất nhiều phần xử lý giống nhau nhưng lại phân ra nhiều câu như vậy không có tính chất phân loại năng lực sinh viên , mà là một cuộc đua xem ai làm nhanh hơn .",negative,cham_diem
1199,không có gì để hài lòng .,negative,noi_chung
1200,"có những khoảng thời gian trống trong giờ học , làm kéo dài buổi học .",negative,ky_nang_giang_day
1201,nội dung thi không đúng giảng dạy .,negative,chuong_trinh_hoc
1202,thầy nhìn hiền hiền .,positive,hanh_vi
1203,"đi kèm theo đó là khả năng truyền đạt cực kỳ tệ , giờ học khá chán .",negative,ky_nang_giang_day
1204,"tuy nhiên , kiến thức về giải bài tập là chưa đủ để thi .",negative,kien_thuc
1205,"vui tính , hòa đồng nhiệt tình , chỉ bảo tận tình .",positive,hanh_vi
1206,cô dạy diễu hiểu ạ .,positive,ky_nang_giang_day
1207,giảng viên chưa nhiệt tình lắm .,negative,hanh_vi
1208,thầy có cho bài tập .,neutral,bai_tap
1209,em vinh dự được là học trò của thầy .,positive,hanh_vi
1210,thêm giờ thực hành .,neutral,de_xuat
1211,thầy căn chỉnh thời gian dạy không tốt .,negative,ky_nang_giang_day
1212,cần thêm nhiều video demo hướng dẫn thực hành các quy trình thì chất lượng học môn này sẽ cao hơn .,negative,kinh_nghiem
1212,cần thêm nhiều video demo hướng dẫn thực hành các quy trình thì chất lượng học môn này sẽ cao hơn .,negative,cung_cap_tai_lieu
1212,cần thêm nhiều video demo hướng dẫn thực hành các quy trình thì chất lượng học môn này sẽ cao hơn .,neutral,de_xuat
1213,bài giảng tạo cảm giác hứng thú và tiếp thu bài nhanh .,positive,ky_nang_giang_day
1214,tăng hoạt động speaking .,neutral,de_xuat
1215,nâng cao chất lượng cơ sở vật chất của trường .,negative,thiet_bi_day_hoc
1215,nâng cao chất lượng cơ sở vật chất của trường .,neutral,de_xuat
1216,"thầy dạy rất kỹ về kiên thức , rất tận tình trong công tác giảng dạy .",positive,ky_nang_giang_day
1216,"thầy dạy rất kỹ về kiên thức , rất tận tình trong công tác giảng dạy .",positive,hanh_vi
1216,"thầy dạy rất kỹ về kiên thức , rất tận tình trong công tác giảng dạy .",positive,kien_thuc
1217,"thầy dạy kỹ và dễ hiểu , khuyến khích khả năng tự học của sinh viên , không khí lớp học vui vẻ .",positive,ky_nang_giang_day
1217,"thầy dạy kỹ và dễ hiểu , khuyến khích khả năng tự học của sinh viên , không khí lớp học vui vẻ .",positive,hanh_vi
1218,dạy còn khó hiểu .,negative,ky_nang_giang_day
1219,"nhiệt tình , cởi mở .",positive,hanh_vi
1220,"dễ hiểu , rõ ràng .",positive,ky_nang_giang_day
1221,"phòng máy quá yếu , không thực sự tốt vì máy tính còn yếu , cấu hình không được cao .",negative,thiet_bi_day_hoc
1222,"thầy nhắm đến người giỏi , không nhắm đến người dở .",negative,hanh_vi
1223,tài liệu phục vụ cho môn học chưa được nhà trường hỗ trợ .,negative,cung_cap_tai_lieu
1224,"giảng hay , dễ hiểu , nhiệt huyết .",positive,ky_nang_giang_day
1224,"giảng hay , dễ hiểu , nhiệt huyết .",positive,hanh_vi
1225,nhiệt tình trả lời thắc mắc của sinh viên .,positive,hanh_vi
1226,"phòng học cần sạch sẽ hơn , bàn ghế rất bụi , máy chiếu tất nhiên nói nhìn được thì vẫn nhìn được nhưng như thế là vẫn mờ , cần sáng hơn , cho các bạn ngồi phía dưới thấy nữa .",negative,thiet_bi_day_hoc
1226,"phòng học cần sạch sẽ hơn , bàn ghế rất bụi , máy chiếu tất nhiên nói nhìn được thì vẫn nhìn được nhưng như thế là vẫn mờ , cần sáng hơn , cho các bạn ngồi phía dưới thấy nữa .",neutral,de_xuat
1227,đảm bảo về mặt giờ giấc .,neutral,noi_chung
1228,cách giảng dạy thấm thía vào học sinh .,positive,ky_nang_giang_day
1229,cách tiếp cận nội dung chưa tốt .,negative,ky_nang_giang_day
1230,tăng cường kỹ năng làm việc nhóm .,neutral,de_xuat
1231,"nhiệt tình , giảng dễ hiểu , đúng giờ .",positive,ky_nang_giang_day
1231,"nhiệt tình , giảng dễ hiểu , đúng giờ .",positive,hanh_vi
1232,"thầy có khả năng truyền thụ tốt , giúp sinh viên có thể dễ dàng hình dung được các thuật toán .",positive,ky_nang_giang_day
1232,"thầy có khả năng truyền thụ tốt , giúp sinh viên có thể dễ dàng hình dung được các thuật toán .",positive,kien_thuc
1233,tăng cường buổi học .,neutral,de_xuat
1234,truyền đạt dễ hiểu .,positive,ky_nang_giang_day
1235,thầy có giới thiệu một vài buổi giới thiệu nghề nghiệp như uit career .,positive,chuong_trinh_hoc
1236,"dạy hay , tận tâm với sinh viết , kiến thức truyền đạt rất tốt .",positive,ky_nang_giang_day
1236,"dạy hay , tận tâm với sinh viết , kiến thức truyền đạt rất tốt .",positive,hanh_vi
1236,"dạy hay , tận tâm với sinh viết , kiến thức truyền đạt rất tốt .",positive,kien_thuc
1237,"slide giảng dạy rất chán , không cập nhật từ năm 2009 tới giờ vẫn sài .",negative,cung_cap_tai_lieu
1238,em đề xuất nên bỏ một số phần giảng lại lý thuyết ra để có thời gian làm bài tập nhiều hơn .,negative,bai_tap
1238,em đề xuất nên bỏ một số phần giảng lại lý thuyết ra để có thời gian làm bài tập nhiều hơn .,neutral,de_xuat
1239,"phòng thực hành thường xuyên không mở đúng giờ , hy vọng giáo viên mở cửa đúng giờ .",negative,thiet_bi_day_hoc
1239,"phòng thực hành thường xuyên không mở đúng giờ , hy vọng giáo viên mở cửa đúng giờ .",positive,de_xuat
1240,nói lan man .,negative,noi_chung
1241,"khi nghỉ học , thầy đã thông báo nghỉ , khoa cần cập nhập kịp thời thông tin nghỉ trên web khoa .",neutral,de_xuat
1242,thời khóa biểu cách nộp bài vào những tuần nghỉ ôn thi giữa kỳ không hợp lý .,negative,bai_tap
1242,thời khóa biểu cách nộp bài vào những tuần nghỉ ôn thi giữa kỳ không hợp lý .,negative,chuong_trinh_hoc
1243,dạy không nhiệt tình .,negative,hanh_vi
1244,"thầy đã chọn cách chúng em hoạt động trong môn này thật là với em thật là không thích và cảm thấy không đúng , không phải chỉ mình em thấy vậy còn có những bạn khác cũng như vậy , chúng em đã có nói chuyện với nhau .",negative,ky_nang_giang_day
1245,"giảng viên nhiệt tình , phương pháp giảng dạy hay .",positive,ky_nang_giang_day
1245,"giảng viên nhiệt tình , phương pháp giảng dạy hay .",positive,hanh_vi
1246,điểm quá trình chưa đánh giá đúng .,negative,cham_diem
1247,khả năng truyền đạt của thầy không được tốt lắm .,negative,ky_nang_giang_day
1248,50% giành cho kiến thức chi tiết một loại công nghệ dotnet doubledot có thể giống đồ án cuối kỳ hiện tại .,neutral,chuong_trinh_hoc
1249,"cô dạy hay , học không nhất thiết phải trong sách vở .",positive,ky_nang_giang_day
1250,cô cho thực hành rất nhiều .,positive,kinh_nghiem
1251,"nhiệt tình , hòa đồng cùng sinh viên .",positive,hanh_vi
1252,truyền đạt kiến thức rất dễ hiểu .,positive,ky_nang_giang_day
1253,giáo viên đảm bảo giờ giấc .,positive,hanh_vi
1254,"dạy cứng nhắc , không liên hệ thực tế nhiều .",negative,ky_nang_giang_day
1254,"dạy cứng nhắc , không liên hệ thực tế nhiều .",negative,kinh_nghiem
1255,giảng viên giảng dạy rất nhiệt tình .,positive,hanh_vi
1256,có nguồn lý thuyết đầy đủ và có nhiều bài tập thực hành mẫu nên rất dễ học .,positive,bai_tap
1256,có nguồn lý thuyết đầy đủ và có nhiều bài tập thực hành mẫu nên rất dễ học .,positive,cung_cap_tai_lieu
1257,thầy dạy rất hay chỉ chỉ bảo tận tình .,positive,ky_nang_giang_day
1257,thầy dạy rất hay chỉ chỉ bảo tận tình .,positive,hanh_vi
1258,rất tốt và nhiệt tình .,positive,hanh_vi
1259,thầy dạy kỹ càng .,positive,ky_nang_giang_day
1260,"hệ thống slide bài giảng chi tiết , rõ ràng .",positive,cung_cap_tai_lieu
1261,kiến thức này liệu có chắc là cơ bản và được cập nhật phù hợp với dân it hiện nay chưa .,negative,kien_thuc
1262,giảng viên cần đảm bảo giờ học trên lớp hiệu quả hơn .,negative,ky_nang_giang_day
1262,giảng viên cần đảm bảo giờ học trên lớp hiệu quả hơn .,neutral,de_xuat
1263,"có thể việc chép bài trên bảng xuống vở là một phương pháp học hay , nhưng chữ thầy khá nhỏ và hơi xấu colonsmilesmile .",negative,ky_nang_giang_day
1264,"giảng viên tận tâm , giảng dạy có chất lượng .",positive,ky_nang_giang_day
1264,"giảng viên tận tâm , giảng dạy có chất lượng .",positive,hanh_vi
1264,"giảng viên tận tâm , giảng dạy có chất lượng .",positive,kien_thuc
1265,"giảng dạy dễ hiểu , vui vẻ .",positive,ky_nang_giang_day
1265,"giảng dạy dễ hiểu , vui vẻ .",positive,hanh_vi
1266,giảng bài hơi khó hiểu .,negative,ky_nang_giang_day
1267,"giảng viên dạy nhiệt tình , vui tính .",positive,hanh_vi
1268,thầy trang bị cho chúng em những kiến thức khá hữu ích sau khi ra trường !,positive,kien_thuc
1269,việc thắc mắc thầy điều giải đáp .,positive,ky_nang_giang_day
1269,việc thắc mắc thầy điều giải đáp .,positive,hanh_vi
1270,giảng hơi khó hiểu đó nha .,negative,ky_nang_giang_day
1271,nên giảng chậm lại .,negative,ky_nang_giang_day
1271,nên giảng chậm lại .,positive,de_xuat
1272,"thời gian làm việc trên lớp không hiệu quả , giảng viên thường cho nghỉ học .",negative,ky_nang_giang_day
1273,"giảng viên không xác nhận , đánh giá về bài tập mà sinh viên nộp .",negative,hanh_vi
1273,"giảng viên không xác nhận , đánh giá về bài tập mà sinh viên nộp .",negative,bai_tap
1274,"giảng viên giảng dạy hay nói lan man , không đúng trọng tâm môn học .",negative,ky_nang_giang_day
1275,hy vọng thầy giảng song ngữ để chúng em hiểu bài hơn ạ .,negative,ky_nang_giang_day
1275,hy vọng thầy giảng song ngữ để chúng em hiểu bài hơn ạ .,neutral,de_xuat
1276,"thầy dạy thực hành không hiệu quả , hầu như các buổi thực hành , thầy cho bài làm theo tuần , sinh viên tự tìm hiểu .",negative,ky_nang_giang_day
1277,cô giáo nhiệt tình trong việc giảng dạy và tương tác với sinh viên .,positive,ky_nang_giang_day
1277,cô giáo nhiệt tình trong việc giảng dạy và tương tác với sinh viên .,positive,hanh_vi
1278,tổ chức học bù cho các buổi nghỉ để cung cấp đầy đủ kiến thức .,neutral,chuong_trinh_hoc
1278,tổ chức học bù cho các buổi nghỉ để cung cấp đầy đủ kiến thức .,neutral,de_xuat
1279,thầy nên hướng dẫn nhiều và tận tình hơn cho sinh viên về đồ án môn học .,negative,ky_nang_giang_day
1279,thầy nên hướng dẫn nhiều và tận tình hơn cho sinh viên về đồ án môn học .,neutral,de_xuat
1280,"giảng viên tận tình , giúp từng sinh viên tiếp cận với bài học , thân thiện với mọi người .",positive,ky_nang_giang_day
1280,"giảng viên tận tình , giúp từng sinh viên tiếp cận với bài học , thân thiện với mọi người .",positive,hanh_vi
1281,chấm bài và sửa nhiều bài tập hơn .,negative,bai_tap
1281,chấm bài và sửa nhiều bài tập hơn .,negative,cham_diem
1281,chấm bài và sửa nhiều bài tập hơn .,neutral,de_xuat
1282,nhiều bài tập kiểm tra năng lực qua từng phần .,neutral,bai_tap
1283,dạy tốt và hiệu quả .,positive,ky_nang_giang_day
1284,"thầy rất hay đưa những ví dụ rất cụ thể về công nghệ tiến hiện có , rất hay , thú vị .",positive,ky_nang_giang_day
1284,"thầy rất hay đưa những ví dụ rất cụ thể về công nghệ tiến hiện có , rất hay , thú vị .",positive,kinh_nghiem
1285,mong phòng đào tạo phản hồi lại với thầy để thầy dạy tốt hơn .,neutral,de_xuat
1286,"cô dạy hay , hấp dẫn .",positive,ky_nang_giang_day
1287,nói ngoài lề hơi nhiều .,negative,noi_chung
1288,dạy nhanh .,negative,ky_nang_giang_day
1289,"giảng dạy dễ hiểu , ví dụ trực quan .",positive,ky_nang_giang_day
1290,bởi vì trong một số trường hợp sinh viên làm bài thi thì máy tính của trường không đáp ứng đủ nhu cầu của sinh viên phải đủ nhanh .,negative,thiet_bi_day_hoc
1291,dặn dò sinh viên cần ôn nội dung nào cho buổi học kế tiếp .,neutral,noi_chung
1292,nhiệt tình tâm huyết giảng dạy .,positive,hanh_vi
1293,cô cho hơi nhiều bài tập .,negative,bai_tap
1294,"anh khá tận tâm với sinh viên , rất muốn học các môn sau với anh colonsmile .",positive,hanh_vi
1295,môn khá khó hiểu nên thầy cô phải tạo những ý tưởng để sinh viên dễ hiểu bài hơn .,negative,ky_nang_giang_day
1295,môn khá khó hiểu nên thầy cô phải tạo những ý tưởng để sinh viên dễ hiểu bài hơn .,neutral,de_xuat
1296,"lớp học rất thoải mái , thầy rất nhiệt tình , vui tính .",positive,hanh_vi
1297,"vui vẻ , nhiệt tình chủ động giúp đỡ mọi khó khăn của sinh viên .",positive,hanh_vi
1298,cô dạy lý thuyết hơi nhanh .,negative,ky_nang_giang_day
1299,thầy cô dạy rất tốt !,positive,ky_nang_giang_day
1299,thầy cô dạy rất tốt !,positive,hanh_vi
1300,giảng viên nhiệt tình đối với sinh viên .,positive,hanh_vi
1301,"giảng viên nghỉ dạy quá nhiều , mỗi lần nghỉ chỉ báo trước sớm nhất 1h , có khi còn báo sau khi kết thúc buổi học , trong khi nhiều bạn đã đang ngồi trên xe bus đến trường rồi , làm sao cập nhật thông tin kịp .",negative,hanh_vi
1302,tài liệu học tập phong phú .,positive,cung_cap_tai_lieu
1303,"thầy tận tâm , nhiệt huyết , có khả năng truyền đạt kiến thức tới sinh viên rất tốt , mang tính thực tiễn cao .",positive,ky_nang_giang_day
1303,"thầy tận tâm , nhiệt huyết , có khả năng truyền đạt kiến thức tới sinh viên rất tốt , mang tính thực tiễn cao .",positive,kinh_nghiem
1303,"thầy tận tâm , nhiệt huyết , có khả năng truyền đạt kiến thức tới sinh viên rất tốt , mang tính thực tiễn cao .",positive,hanh_vi
1304,"cô vui vẻ , thân thiện , giáo trình giảng dạy hay và phù hợp .",positive,hanh_vi
1304,"cô vui vẻ , thân thiện , giáo trình giảng dạy hay và phù hợp .",positive,cung_cap_tai_lieu
1305,viết lên bảng nhiều quá .,negative,ky_nang_giang_day
1306,"giảng viên rất nhiệt tình , phần kiến thức giảng dạy cũng rất mới và thú vị .",positive,hanh_vi
1306,"giảng viên rất nhiệt tình , phần kiến thức giảng dạy cũng rất mới và thú vị .",positive,kien_thuc
1307,không có tinh thần giảng dạy .,negative,hanh_vi
1308,kết quả môn thực hành thì rất tốt nhưng ở môn lý thuyết thì ngược lại .,neutral,cham_diem
1309,thầy dạy rất nhiệt tình dễ hiểu .,positive,ky_nang_giang_day
1309,thầy dạy rất nhiệt tình dễ hiểu .,positive,hanh_vi
1310,"thang điểm của đề thi cuối kỳ không hợp lý , đề 4 câu nhưng nếu làm đúng hết 3 câu 1 , 2 và 4 vẫn chưa được 50% số điểm .",negative,cham_diem
1311,thầy nói nhỏ quá colonsmile .,negative,ky_nang_giang_day
1312,giảng viên quan tâm trực tiếp đến sinh viên .,positive,hanh_vi
1313,giảng viên không dành nhiều thời gian ôn tập cho sinh viên .,negative,hanh_vi
1314,giảng viên truyền đạt kiến thức hiệu quả .,positive,ky_nang_giang_day
1315,"giáo viên hiền , vui tính .",positive,hanh_vi
1316,theo em thì thời lượng môn học quá dài và liên tục khiến mệt mỏi và không tập trung học tốt được .,negative,chuong_trinh_hoc
1317,"theo em nghĩ là sẽ ứng dụng thực tế được , và nhiều vì viễn thông , vệ tinh của nước mình cũng đang phát triển , chỉ là môn này chưa đi sâu vào lĩnh vựa này nên làm chúng em bị mơ hồ chưa nắm được trọng tâm môn học .",negative,kien_thuc
1317,"theo em nghĩ là sẽ ứng dụng thực tế được , và nhiều vì viễn thông , vệ tinh của nước mình cũng đang phát triển , chỉ là môn này chưa đi sâu vào lĩnh vựa này nên làm chúng em bị mơ hồ chưa nắm được trọng tâm môn học .",negative,chuong_trinh_hoc
1318,"tận tình , thân thiện .",positive,hanh_vi
1319,môn học mang tính thực tiễn cao .,positive,kinh_nghiem
1320,"vui vẻ , tận tình , rất hữu ích .",positive,noi_chung
1321,"thầy truyền đạt dễ hiểu , dễ nhớ .",positive,ky_nang_giang_day
1322,giảng viên dạy rất chuyên tâm dễ hiểu .,positive,ky_nang_giang_day
1322,giảng viên dạy rất chuyên tâm dễ hiểu .,positive,hanh_vi
1323,cô nhiệt tình tận tâm .,positive,hanh_vi
1324,hay và sáng tạo .,positive,noi_chung
1325,"thầy giảng rất dễ hiểu , ngắn gọn , xúc tích , có ôn tập cho sinh viên .",positive,ky_nang_giang_day
1326,thầy dạy vui tạo hứng thú cho môn học .,positive,ky_nang_giang_day
1326,thầy dạy vui tạo hứng thú cho môn học .,positive,hanh_vi
1327,"thầy nói rất dễ nghe , dễ hiểu .",positive,ky_nang_giang_day
1328,bỏ thi lý thuyết cuối kỳ do làm đồ án tốn khá nhiều thời gian .,negative,bai_tap
1329,hướng dẫn sinh viên tận tình .,positive,hanh_vi
1330,"giảng viên giảng bài dễ hiểu , áp dụng làm bài được ngay .",positive,ky_nang_giang_day
1331,dạy kỹ hơn xíu .,negative,ky_nang_giang_day
1331,dạy kỹ hơn xíu .,neutral,de_xuat
1332,"vui vẻ , nhiệt tình .",positive,hanh_vi
1333,thầy luôn khuyến khích tính tự lập và sự thực tế trong công việc .,positive,hanh_vi
1334,"thầy nên trao đổi với sinh viên và có những thông báo nhắc nhở chính xác , cụ thể hơn .",negative,hanh_vi
1334,"thầy nên trao đổi với sinh viên và có những thông báo nhắc nhở chính xác , cụ thể hơn .",positive,de_xuat
1335,bài giảng dễ hiểu .,positive,ky_nang_giang_day
1336,cô dạy khó hiểu và nhàm chán .,negative,ky_nang_giang_day
1337,giảng viên rất dễ gần và nhiệt tình chỉ bảo cho sinh viên .,positive,hanh_vi
1338,"giảng viên đảm bảo giờ lên lớp , tích cực trong quá trình giảng dạy và trả lời câu hỏi , giảng viên khá vui tinh .",positive,ky_nang_giang_day
1338,"giảng viên đảm bảo giờ lên lớp , tích cực trong quá trình giảng dạy và trả lời câu hỏi , giảng viên khá vui tinh .",positive,hanh_vi
1339,không thể nộp bài viết luận qua e-mail mà vẫn phải nộp bài bằng giấy viết tay khá mất thời gian .,negative,bai_tap
1340,chưa có diễn đàn trên courses để sinh viên có thể hỏi .,negative,cung_cap_tai_lieu
1340,chưa có diễn đàn trên courses để sinh viên có thể hỏi .,neutral,de_xuat
1341,"cô rất vui vẻ , nhẹ nhàng nhưng vẫn nghiêm túc trong quá trình giảng dạy , không gây áp lực cho sinh viên .",positive,ky_nang_giang_day
1341,"cô rất vui vẻ , nhẹ nhàng nhưng vẫn nghiêm túc trong quá trình giảng dạy , không gây áp lực cho sinh viên .",positive,hanh_vi
1342,"giảng viên nhiệt tình , tâm huyết , tương tác nhiều với sinh viên .",positive,hanh_vi
1343,chúng em nhận được nhiều hơn thế .,neutral,noi_chung
1344,giảng viên còn nói nhiều chuyện ngoài lề .,negative,hanh_vi
1345,giảng viên nên giảng kỹ từng vấn đề .,negative,ky_nang_giang_day
1345,giảng viên nên giảng kỹ từng vấn đề .,positive,de_xuat
1346,dạy nhanh dẫn đến nhiều lúc khó hiểu .,negative,ky_nang_giang_day
1347,"bỏ qua những phần của những môn khác như báo cáo hoặc những phần thứ yếu như làm poster , youtube , giới thiệu về đồ án như một sản phẩm công nghệ thực sự .",negative,chuong_trinh_hoc
1348,slide trình chiếu đã quá cũ không cập nhật thông tin mới .,negative,cung_cap_tai_lieu
1349,"nên sử dụng phấn , bảng hơn slide .",neutral,thiet_bi_day_hoc
1349,"nên sử dụng phấn , bảng hơn slide .",neutral,de_xuat
1350,"khi sinh viên có thắc mắc về bài tập thì giáo viên chỉ dẫn tận tình , dễ hiểu .",positive,ky_nang_giang_day
1350,"khi sinh viên có thắc mắc về bài tập thì giáo viên chỉ dẫn tận tình , dễ hiểu .",positive,hanh_vi
1351,"thầy không hiểu nhưng với em thấy buồn cho kết quả của môn học này kết quả không phải là điểm thưa thầy , kết quả mà em muốn được là khả năng nhận thức bản thân qua môn này được thầy giảng dạy .",negative,ky_nang_giang_day
1351,"thầy không hiểu nhưng với em thấy buồn cho kết quả của môn học này kết quả không phải là điểm thưa thầy , kết quả mà em muốn được là khả năng nhận thức bản thân qua môn này được thầy giảng dạy .",negative,hanh_vi
1352,giảng dạy tận tình và chu đáo .,positive,ky_nang_giang_day
1352,giảng dạy tận tình và chu đáo .,positive,hanh_vi
1353,nên học thực hành thường xuyên hơn ( không học cách tuần ) .,neutral,kinh_nghiem
1353,nên học thực hành thường xuyên hơn ( không học cách tuần ) .,neutral,de_xuat
1354,"thầy rất hiền , dạy nhiệt tình , giảng dễ hiểu .",positive,ky_nang_giang_day
1354,"thầy rất hiền , dạy nhiệt tình , giảng dễ hiểu .",positive,hanh_vi
1355,thầy cần xem trước tài liệu ở nhà .,neutral,cung_cap_tai_lieu
1355,thầy cần xem trước tài liệu ở nhà .,neutral,de_xuat
1356,giờ học bắt đầu muộn !,negative,noi_chung
1357,"các tiết học chưa được sinh động , không hấp dẫn được sinh viên , có nhiều sự buồn chán .",negative,ky_nang_giang_day
1358,"vì lịch học giảng viên đưa ra không phù hợp với thời khóa biểu của em , nhưng có lẽ sẽ phù hợp với một số bạn khác .",negative,chuong_trinh_hoc
1359,giảng viên thực hành không hài lòng khi em không biết chút gì về bài thực hành số 4 nhưng em đâu có cơ hội nào để biết về chúng trước .,negative,kinh_nghiem
1359,giảng viên thực hành không hài lòng khi em không biết chút gì về bài thực hành số 4 nhưng em đâu có cơ hội nào để biết về chúng trước .,negative,bai_tap
1360,"nhiệt tình , hài hước .",positive,hanh_vi
1361,thầy giảng bài hấp dẫn .,positive,ky_nang_giang_day
1362,cực hay .,positive,noi_chung
1363,thầy đem nhiều kiến thức thực tế vào bài giảng .,positive,kien_thuc
1364,nhìn có vẻ khó chịu nhưng thầy rất dễ chịu (y) .,positive,hanh_vi
1365,"giảng viên vui vẻ hòa đồng , tận tâm với sinh viên , truyền đạt kiến thức tốt .",positive,ky_nang_giang_day
1365,"giảng viên vui vẻ hòa đồng , tận tâm với sinh viên , truyền đạt kiến thức tốt .",positive,hanh_vi
1365,"giảng viên vui vẻ hòa đồng , tận tâm với sinh viên , truyền đạt kiến thức tốt .",positive,kien_thuc
1366,giáo trình có vẻ cứng nhắc khó tiếp thu gây chán nản .,negative,cung_cap_tai_lieu
1367,"nhiệt tình , tui khá làm khó học sinh nhưng thế học sinh mới học .",negative,ky_nang_giang_day
1367,"nhiệt tình , tui khá làm khó học sinh nhưng thế học sinh mới học .",positive,hanh_vi
1368,"tuy nhiên , thái độ của sinh viên trường uit với môn học này làm tôi rất rất thất vọng .",negative,hanh_vi
1369,"môn này là môn học mới vì vậy cô chưa có đủ kiến thức để truyền tải , hỗ trợ tốt tới sinh viên .",positive,hanh_vi
1369,"môn này là môn học mới vì vậy cô chưa có đủ kiến thức để truyền tải , hỗ trợ tốt tới sinh viên .",negative,kien_thuc
1370,"giảng viên giảng bài dễ hiểu , có đưa ra ví dụ minh họa .",positive,ky_nang_giang_day
1371,"giải thích các vấn đề trong bài giảng chưa hay , khó hiểu .",negative,ky_nang_giang_day
1372,"phòng thực hành còn thiếu máy cho một lớp sinh viên , chất lượng máy không đảm bảo , đôi khi không làm theo hướng dẫn được vì máy bị hỏng .",negative,thiet_bi_day_hoc
1373,thầy giảng hay và tạo hứng thú cho sinh viên .,positive,ky_nang_giang_day
1373,thầy giảng hay và tạo hứng thú cho sinh viên .,positive,hanh_vi
1374,"những chủ đề , khía cạnh về tiếng anh phải được cho để sinh viên tìm hiểu .",neutral,chuong_trinh_hoc
1374,"những chủ đề , khía cạnh về tiếng anh phải được cho để sinh viên tìm hiểu .",positive,de_xuat
1375,"giảng viên giảng bài rất có hiệu quả , sinh viên hiểu bài tốt .",positive,ky_nang_giang_day
1376,có thể tăng cường phần speaking và listening trong các giờ học .,neutral,chuong_trinh_hoc
1376,có thể tăng cường phần speaking và listening trong các giờ học .,neutral,de_xuat
1377,"giáo viên thực hành và giáo viên lý thuyết không đồng nhất tiêu chí , yêu cầu của đồ án và kiến thức môn học .",negative,bai_tap
1377,"giáo viên thực hành và giáo viên lý thuyết không đồng nhất tiêu chí , yêu cầu của đồ án và kiến thức môn học .",negative,kien_thuc
1377,"giáo viên thực hành và giáo viên lý thuyết không đồng nhất tiêu chí , yêu cầu của đồ án và kiến thức môn học .",negative,chuong_trinh_hoc
1378,"dạy dễ hiểu , vui tính , gần gũi với sinh viên .",positive,ky_nang_giang_day
1378,"dạy dễ hiểu , vui tính , gần gũi với sinh viên .",positive,hanh_vi
1379,truyền đạt hơi khó hiểu .,negative,ky_nang_giang_day
1380,học hết môn mà chẳng biết cái gì .,negative,kien_thuc
1381,dạy dễ hiểu và giáo viên vui tính .,positive,ky_nang_giang_day
1381,dạy dễ hiểu và giáo viên vui tính .,positive,hanh_vi
1382,"trang thiết bị còn kém , loa chưa đủ rõ để nghe anh văn , máy chiếu chưa nhìn rõ màu sắc .",negative,thiet_bi_day_hoc
1383,thầy hướng dẫn kỹ .,positive,ky_nang_giang_day
1384,bài học còn tương đối sơ sài .,negative,chuong_trinh_hoc
1385,thầy giảng bài dễ hiểu !,positive,ky_nang_giang_day
1386,chương trình dạy chưa được cập nhật .,negative,chuong_trinh_hoc
1387,thời gian học hiệu quả .,positive,chuong_trinh_hoc
1388,thầy dạy nhàm chán buồn ngủ .,negative,ky_nang_giang_day
1388,thầy dạy nhàm chán buồn ngủ .,negative,hanh_vi
1389,không có ý kiến gì thêm .,neutral,noi_chung
1390,áp dụng nhiều ví dụ trong cuộc sống .,positive,ky_nang_giang_day
1390,áp dụng nhiều ví dụ trong cuộc sống .,positive,kinh_nghiem
1391,"kiểm chứng phần mềm là một môn học khó , nên thực hành cần phải liên hệ thường xuyên với giáo viên , phải được gặp giáo viên hướng dẫn thường xuyên .",negative,chuong_trinh_hoc
1391,"kiểm chứng phần mềm là một môn học khó , nên thực hành cần phải liên hệ thường xuyên với giáo viên , phải được gặp giáo viên hướng dẫn thường xuyên .",negative,de_xuat
1392,thầy rất nhiệt tình giải đáp những câu hỏi của sinh viên và thấy luôn đưa ra bài tập với hướng dẫn thực hành đầy đủ cho sinh viên .,positive,hanh_vi
1392,thầy rất nhiệt tình giải đáp những câu hỏi của sinh viên và thấy luôn đưa ra bài tập với hướng dẫn thực hành đầy đủ cho sinh viên .,positive,bai_tap
1393,"số lượng máy phòng thực hành quá ít , phải đến 2 - 3 người dùng chung một máy .",negative,thiet_bi_day_hoc
1394,"tăng cường hệ thống thiết bị phòng học quạt , ổ điện .",negative,thiet_bi_day_hoc
1394,"tăng cường hệ thống thiết bị phòng học quạt , ổ điện .",positive,de_xuat
1395,nên đăng bài tập thực hành sớm hơn .,negative,bai_tap
1395,nên đăng bài tập thực hành sớm hơn .,positive,de_xuat
1396,"dạy hay , có tâm quyết với nghề , nhiệt tình .",positive,ky_nang_giang_day
1396,"dạy hay , có tâm quyết với nghề , nhiệt tình .",positive,hanh_vi
1397,đầy đủ chi tiết .,positive,noi_chung
1398,giảng viên vào lớp toàn đọc báo bấm slide thời lượng không được bảo đảm tầm 9h là đi họp hoài .,negative,ky_nang_giang_day
1398,giảng viên vào lớp toàn đọc báo bấm slide thời lượng không được bảo đảm tầm 9h là đi họp hoài .,negative,hanh_vi
1399,"khi giảng bài , nói rất nhanh và khó nghe .",negative,ky_nang_giang_day
1400,nên thực hành nói nhiều hơn và lên lớp nên có những hoạt động vui hơn .,negative,ky_nang_giang_day
1400,nên thực hành nói nhiều hơn và lên lớp nên có những hoạt động vui hơn .,negative,chuong_trinh_hoc
1400,nên thực hành nói nhiều hơn và lên lớp nên có những hoạt động vui hơn .,neutral,de_xuat
1401,giảng viên tận tình hướng dẫn .,positive,hanh_vi
1402,đặc biệt là micro và máy chiếu còn trục trặc nhiều .,negative,thiet_bi_day_hoc
1403,"cô dạy tận tình , dễ hiểu , sử dụng thời gian lên lớp hợp lý .",positive,ky_nang_giang_day
1403,"cô dạy tận tình , dễ hiểu , sử dụng thời gian lên lớp hợp lý .",positive,hanh_vi
1404,"điều chỉnh chất lượng doubledot với chương trình học tập hiên nay , sinh viên thương lắm vững kiến thức khi gần đến cuối kỳ gây khó cho sinh viên làm đồ án thời gian hạn hẹp .",negative,bai_tap
1404,"điều chỉnh chất lượng doubledot với chương trình học tập hiên nay , sinh viên thương lắm vững kiến thức khi gần đến cuối kỳ gây khó cho sinh viên làm đồ án thời gian hạn hẹp .",negative,kien_thuc
1404,"điều chỉnh chất lượng doubledot với chương trình học tập hiên nay , sinh viên thương lắm vững kiến thức khi gần đến cuối kỳ gây khó cho sinh viên làm đồ án thời gian hạn hẹp .",negative,chuong_trinh_hoc
1404,"điều chỉnh chất lượng doubledot với chương trình học tập hiên nay , sinh viên thương lắm vững kiến thức khi gần đến cuối kỳ gây khó cho sinh viên làm đồ án thời gian hạn hẹp .",neutral,de_xuat
1405,"quan tâm sinh viên , bám sát đề cương ôn tập .",positive,hanh_vi
1405,"quan tâm sinh viên , bám sát đề cương ôn tập .",positive,chuong_trinh_hoc
1406,"nhiệt tình , hướng dẫn cụ thể .",positive,ky_nang_giang_day
1406,"nhiệt tình , hướng dẫn cụ thể .",positive,hanh_vi
1407,thầy không điểm danh .,negative,hanh_vi
1408,"cô dạy nhiệt tình , quan tâm đến học sinh .",positive,hanh_vi
1409,"giờ lên lớp đều đặn , giảng viên tích cực giải đáp thắc mắc của sinh viên .",positive,hanh_vi
1410,"hình thức đánh giá , chấm điểm giữa các nhóm , đánh giá bản thân , nhóm khách hàng .",neutral,cham_diem
1411,thầy quá nhiệt tình nên lớp thường hay ra muộn .,positive,hanh_vi
1412,"bên cạnh đó còn chia sẻ với sinh viên nhiều kinh nghiệm quý báu , có ích cho việc học và làm sau này .",positive,kinh_nghiem
1413,"thầy dạy rất hay , luôn gắn liền với đời sống thực , giúp cho tụi em có cái nhìn chính xác về một game .",positive,ky_nang_giang_day
1413,"thầy dạy rất hay , luôn gắn liền với đời sống thực , giúp cho tụi em có cái nhìn chính xác về một game .",positive,kinh_nghiem
1414,có chăng là thầy cô làm những file hướng dẫn cụ thể để sinh viên biết mình cần tìm gì .,neutral,cung_cap_tai_lieu
1414,có chăng là thầy cô làm những file hướng dẫn cụ thể để sinh viên biết mình cần tìm gì .,neutral,de_xuat
1415,"thầy vui vẻ , nhiệt tình .",positive,hanh_vi
1416,về hạn nộp bài ( deadline ) trên moodle thầy nên cố định một giờ giấc nào đó .,negative,bai_tap
1416,về hạn nộp bài ( deadline ) trên moodle thầy nên cố định một giờ giấc nào đó .,neutral,de_xuat
1417,"dạy dễ hiểu , vui vẻ , tận tình .",positive,ky_nang_giang_day
1417,"dạy dễ hiểu , vui vẻ , tận tình .",positive,hanh_vi
1418,thường xuyên nghỉ không báo trước không báo lên da hoặc báo với sinh viên .,negative,hanh_vi
1419,"thầy dạy tốt , lập nhóm cho thuyết trình , tạo được không khí học tập tốt , không nhàm chán .",positive,ky_nang_giang_day
1419,"thầy dạy tốt , lập nhóm cho thuyết trình , tạo được không khí học tập tốt , không nhàm chán .",positive,hanh_vi
1420,chưa làm rõ được ứng dụng vào thực tế của nội dung môn học .,negative,kinh_nghiem
1421,"đề nghị trường triển khai hệ thống user để quản lý tốc độ cũng như sinh viên nào đang tải phim , soft , vdotv .",neutral,de_xuat
1422,"lịch bù không rõ ràng , không ôn tập , dạy không kịp chương trình , đăng video cho sinh viên xem lại .",negative,ky_nang_giang_day
1422,"lịch bù không rõ ràng , không ôn tập , dạy không kịp chương trình , đăng video cho sinh viên xem lại .",neutral,cung_cap_tai_lieu
1422,"lịch bù không rõ ràng , không ôn tập , dạy không kịp chương trình , đăng video cho sinh viên xem lại .",negative,chuong_trinh_hoc
1423,"slide bài giảng chưa được chuẩn hóa , đa phần sao chép nhặt mỗi nơi một ít .",negative,cung_cap_tai_lieu
1424,cho bài tập về nhà để học sinh làm thêm .,neutral,bai_tap
1425,thường xuyên vào lớp muộn và dạy lố giờ .,negative,hanh_vi
1426,thầy giáo vui tính nhiệt tình .,positive,hanh_vi
1427,"rất nhiệt tình , khách quan .",positive,hanh_vi
1428,"bài thi cũng sử dụng nửa tiếng việt nửa tiếng anh với câu hỏi và đáp án khó hiểu , không rõ ràng .",negative,cham_diem
1429,"thầy wzjwz30 là một giảng viên trẻ , vì vậy thầy rất hiểu tâm lý sinh viên và giúp đỡ chúng em rất nhiều .",positive,hanh_vi
1430,"giảng viên dễ thương , hiền lành , gần gũi với sinh viên , thường xuyên trợ giúp sinh viên một cách rất nhiệt tình , giúp sinh viên hiểu bài dễ hơn .",positive,ky_nang_giang_day
1430,"giảng viên dễ thương , hiền lành , gần gũi với sinh viên , thường xuyên trợ giúp sinh viên một cách rất nhiệt tình , giúp sinh viên hiểu bài dễ hơn .",positive,hanh_vi
1431,không nên dạy theo phương pháp như ở bậc phổ thông mà nên chú trọng vào rèn luyện đầy đủ các kỹ năng chính của môn học .,negative,ky_nang_giang_day
1431,không nên dạy theo phương pháp như ở bậc phổ thông mà nên chú trọng vào rèn luyện đầy đủ các kỹ năng chính của môn học .,positive,de_xuat
1432,giáo viên nên bảo đảm giờ lên lớp để sinh viên biết chính xác học ngày nào .,negative,hanh_vi
1432,giáo viên nên bảo đảm giờ lên lớp để sinh viên biết chính xác học ngày nào .,neutral,de_xuat
1433,"ngoài ra , giảng viên còn giúp các học sinh tích cực phát biểu trong tiết học .",positive,hanh_vi
1434,kiến thức chưa vững .,negative,kien_thuc
1435,tăng cường cập nhập kiến thức mới .,neutral,de_xuat
1436,"tiết dạy thầy rất sinh động , không thể tin được , thật là không thể tin nổi , quá là tuyệt vời !",positive,ky_nang_giang_day
1437,thầy có các khái niệm thực tế và có kinh nghiệm .,positive,kinh_nghiem
1437,thầy có các khái niệm thực tế và có kinh nghiệm .,positive,kien_thuc
1438,giảng viên chưa để ý nhiều đến sinh viên .,negative,hanh_vi
1439,"phần hướng dẫn thực hành nên tập trung vào bài tập cần làm , hơn là hướng dẫn các ví dụ khó hiểu và không liên quan ví dụ như cho input và output để sinh viên có thể hình dung ra những công việc cần làm .",negative,bai_tap
1439,"phần hướng dẫn thực hành nên tập trung vào bài tập cần làm , hơn là hướng dẫn các ví dụ khó hiểu và không liên quan ví dụ như cho input và output để sinh viên có thể hình dung ra những công việc cần làm .",positive,de_xuat
1440,"thầy nên up bài giảng , bài tập lên courses để sinh viên không cần phải đi xin tài liệu ở những lớp khác .",negative,cung_cap_tai_lieu
1440,"thầy nên up bài giảng , bài tập lên courses để sinh viên không cần phải đi xin tài liệu ở những lớp khác .",neutral,de_xuat
1441,cần cân bằng giữa lý thuyết và thực hành .,negative,chuong_trinh_hoc
1441,cần cân bằng giữa lý thuyết và thực hành .,positive,de_xuat
1442,thầy dạy hay và vui .,positive,ky_nang_giang_day
1443,"giảng viên tận tình , sử dụng giờ dạy hợp lý .",positive,ky_nang_giang_day
1443,"giảng viên tận tình , sử dụng giờ dạy hợp lý .",positive,hanh_vi
1444,dạy đến khi các bạn hiểu rõ thì hãy tiếp tục .,positive,ky_nang_giang_day
1445,thầy thường xuyên theo dõi sinh viên trong quá trình thực hành và giải đáp thắc mắc rất hợp lý .,positive,hanh_vi
1446,thầy giảng tập trung nhiều vào bài tập .,neutral,bai_tap
1447,cần có nhiều thiết bị trực quan hơn .,negative,thiet_bi_day_hoc
1447,cần có nhiều thiết bị trực quan hơn .,neutral,de_xuat
1448,"nguyên tắc , phương pháp giảng dạy tốt .",positive,ky_nang_giang_day
1449,dạy liên tục không ngừng nghỉ làm sinh viên hơi ngán vì phải tập trung liên tục dẫn đến nhiều sinh viên nản gục mặt xuống bàn ngủ .,negative,ky_nang_giang_day
1450,"bài tập nhiều quá , không phù hợp lắm .",negative,bai_tap
1451,có chỗ thầy dạy quá kỹ nhưng có chỗ thì lại chỉ nói sơ qua .,negative,ky_nang_giang_day
1452,có các ví dụ thực tiễn .,neutral,kinh_nghiem
1453,thầy wzjwz198 giảng dạy rất nhiệt tình và đầy đủ .,positive,ky_nang_giang_day
1453,thầy wzjwz198 giảng dạy rất nhiệt tình và đầy đủ .,positive,hanh_vi
1454,thiếu linh kiện .,negative,thiet_bi_day_hoc
1455,"giảng viên dạy dễ tiếp thu , slide dễ hiểu , bài tập mức độ vừa phải , giảng viên giải bài tập rất chi tiết , nhiệt tình .",positive,ky_nang_giang_day
1455,"giảng viên dạy dễ tiếp thu , slide dễ hiểu , bài tập mức độ vừa phải , giảng viên giải bài tập rất chi tiết , nhiệt tình .",positive,hanh_vi
1455,"giảng viên dạy dễ tiếp thu , slide dễ hiểu , bài tập mức độ vừa phải , giảng viên giải bài tập rất chi tiết , nhiệt tình .",neutral,bai_tap
1455,"giảng viên dạy dễ tiếp thu , slide dễ hiểu , bài tập mức độ vừa phải , giảng viên giải bài tập rất chi tiết , nhiệt tình .",positive,cung_cap_tai_lieu
1456,hi hi đồ ngốc .,negative,noi_chung
1457,nội dung môn học rõ ràng .,positive,chuong_trinh_hoc
1458,"tận dụng tốt website môn học để chia sẻ tài liệu , thảo luận .",positive,cung_cap_tai_lieu
1459,giảng viên chưa truyền đạt được bài học một cách dễ hiểu .,negative,ky_nang_giang_day
1460,thầy nói to quá .,negative,hanh_vi
1461,các bài tập wireshark đều là của năm 2007 hết .,negative,bai_tap
1462,"buổi học buổi không hiệu quả , sinh viên tới trường học mà không thấy giáo viên , nghỉ không thông báo , mà nghỉ mấy nhiểu buổi như vậy , vừa tốn thời gian sinh viên tốn công sức tới trường không thấy giáo viên đâu , ngồi đợi cả buổi không có sinh viên mới bỏ về .",negative,hanh_vi
1463,nên nêu ví dụ cụ thể dễ hiễu hơn .,negative,ky_nang_giang_day
1463,nên nêu ví dụ cụ thể dễ hiễu hơn .,neutral,de_xuat
1464,"thầy ơi , thầy chép ít lại dùm em .",negative,bai_tap
1464,"thầy ơi , thầy chép ít lại dùm em .",neutral,de_xuat
1465,thầy nghiêm túc .,neutral,hanh_vi
1466,"cô dạy dễ hiểu , dạy kỹ , tận tình , không khí học tập thoải mái .",positive,ky_nang_giang_day
1466,"cô dạy dễ hiểu , dạy kỹ , tận tình , không khí học tập thoải mái .",positive,hanh_vi
1467,giáo viên giảng bài dễ hiểu .,positive,ky_nang_giang_day
1468,giảng viên cần có phương pháp giảng dạy tốt hơn .,negative,ky_nang_giang_day
1468,giảng viên cần có phương pháp giảng dạy tốt hơn .,neutral,de_xuat
1469,"phương pháp giảng dạy hay , có nhiều thông tin thực tiễn .",positive,ky_nang_giang_day
1469,"phương pháp giảng dạy hay , có nhiều thông tin thực tiễn .",positive,kinh_nghiem
1470,em rất hài lòng thầy về mọi mặt .,positive,noi_chung
1471,"cô dạy dễ hiểu , ít điểm danh tạo cơ hội tự học cho sinh viên colonsmilesmile , rất tận tình giải thích các thắc mắc cho sinh viên .",positive,ky_nang_giang_day
1471,"cô dạy dễ hiểu , ít điểm danh tạo cơ hội tự học cho sinh viên colonsmilesmile , rất tận tình giải thích các thắc mắc cho sinh viên .",positive,hanh_vi
1472,lịch học thực hành trùng với lịch học lý thuyết .,negative,chuong_trinh_hoc
1473,kiến thức xã hội .,neutral,kien_thuc
1474,cô có thể nói to hơn một chút được không ạ !,negative,ky_nang_giang_day
1474,cô có thể nói to hơn một chút được không ạ !,neutral,de_xuat
1475,"cô vui tính học rất thoải mái , truyền cảm hứng .",positive,ky_nang_giang_day
1475,"cô vui tính học rất thoải mái , truyền cảm hứng .",positive,hanh_vi
1476,thầy giúp cho sinh viên hiểu rõ vấn đề để thực hành đúng .,positive,ky_nang_giang_day
1476,thầy giúp cho sinh viên hiểu rõ vấn đề để thực hành đúng .,positive,kinh_nghiem
1476,thầy giúp cho sinh viên hiểu rõ vấn đề để thực hành đúng .,positive,hanh_vi
1477,sẽ tạo được nhiều hứng thú hơn trong giờ học đòi hỏi nhiều kiến thức chuyên sâu này !,positive,chuong_trinh_hoc
1478,cô dạy hay và nhiệt tình .,positive,ky_nang_giang_day
1479,cô rất nhiệt tình và gần gũi với sinh viên .,positive,hanh_vi
1480,nên có nhiều thiết bị trực quan hơn .,neutral,de_xuat
1481,"giảng viên thực hiện giảng dạy nghiêm túc , dễ hiểu , dễ tiếp thu , có nhiều buổi làm bài tập , sửa bài tập để ôn tập cho các kỳ kiểm tra , nghỉ bù đều có thông báo .",positive,ky_nang_giang_day
1481,"giảng viên thực hiện giảng dạy nghiêm túc , dễ hiểu , dễ tiếp thu , có nhiều buổi làm bài tập , sửa bài tập để ôn tập cho các kỳ kiểm tra , nghỉ bù đều có thông báo .",positive,bai_tap
1482,giảng viên nên cho sinh viên lựa chọn các nền tảng để phát triển game chứ không nhất thiết phải chọn nền tảng directx trên c .,negative,chuong_trinh_hoc
1482,giảng viên nên cho sinh viên lựa chọn các nền tảng để phát triển game chứ không nhất thiết phải chọn nền tảng directx trên c .,neutral,de_xuat
1483,giảng viên không nhiệt tình .,negative,hanh_vi
1484,"thầy dạy ngắn gọn , súc tích , dễ hiểu .",positive,ky_nang_giang_day
1485,cần wifi mạnh ở dãy nhà cũ .,negative,thiet_bi_day_hoc
1485,cần wifi mạnh ở dãy nhà cũ .,negative,de_xuat
1486,"cần giảng kỹ hơn chút nhưng cũng đừng quá chậm , giảng viên nên quan niệm sinh viên đã đọc sơ bài ở nhà rồi , nên đi sâu vào những ý mới , đặc thù của từng phần .",negative,ky_nang_giang_day
1486,"cần giảng kỹ hơn chút nhưng cũng đừng quá chậm , giảng viên nên quan niệm sinh viên đã đọc sơ bài ở nhà rồi , nên đi sâu vào những ý mới , đặc thù của từng phần .",neutral,de_xuat
1487,khó tiếp thu !,negative,ky_nang_giang_day
1488,thầy vui tính giảng bài dễ hiểu .,positive,ky_nang_giang_day
1489,học thì đơn giản mà sao đề khó quá ạ !,negative,bai_tap
1490,"thầy dạy vui vẻ , nhiệt tình , hòa đồng , dễ hiểu .",positive,ky_nang_giang_day
1490,"thầy dạy vui vẻ , nhiệt tình , hòa đồng , dễ hiểu .",positive,hanh_vi
1491,"giảng viên cần thay đổi cách dạy , tích cực hơn thay vì chỉ đọc chép .",negative,ky_nang_giang_day
1491,"giảng viên cần thay đổi cách dạy , tích cực hơn thay vì chỉ đọc chép .",neutral,de_xuat
1492,giảng viên dạy có nhiều tiết học khá thú vị và thực tế .,positive,ky_nang_giang_day
1492,giảng viên dạy có nhiều tiết học khá thú vị và thực tế .,positive,kinh_nghiem
1493,"đúng giờ , phương pháp tốt .",positive,ky_nang_giang_day
1493,"đúng giờ , phương pháp tốt .",positive,hanh_vi
1494,"thầy dạy không có hứng , thầy chỉ đọc những gì trên slide và kêu sinh viên chép vào tập .",negative,ky_nang_giang_day
1494,"thầy dạy không có hứng , thầy chỉ đọc những gì trên slide và kêu sinh viên chép vào tập .",negative,hanh_vi
1495,"thưa , thầy dạy rất dễ hiểu và tốc độ vừa phải .",positive,ky_nang_giang_day
1496,cô nhiệt tình và vui vẻ .,positive,hanh_vi
1497,cung cấp tài liệu đầy đủ .,positive,cung_cap_tai_lieu
1498,chỉ bảo rõ ràng .,positive,ky_nang_giang_day
1499,em đi học đầy đủ nhưng không có máy để thực hành .,negative,kinh_nghiem
1499,em đi học đầy đủ nhưng không có máy để thực hành .,negative,thiet_bi_day_hoc
1500,"thầy dạy quá khô khan , chỉ ngồi một chỗ đọc slide , không quan tâm sinh viên ở dưới làm gì , slide đôi khi còn mờ ngồi dưới không xem được .",negative,ky_nang_giang_day
1500,"thầy dạy quá khô khan , chỉ ngồi một chỗ đọc slide , không quan tâm sinh viên ở dưới làm gì , slide đôi khi còn mờ ngồi dưới không xem được .",negative,hanh_vi
1500,"thầy dạy quá khô khan , chỉ ngồi một chỗ đọc slide , không quan tâm sinh viên ở dưới làm gì , slide đôi khi còn mờ ngồi dưới không xem được .",negative,cung_cap_tai_lieu
1501,giảng viên cần có tâm huyết hơn nữa .,negative,hanh_vi
1501,giảng viên cần có tâm huyết hơn nữa .,neutral,de_xuat
1502,khoảng 1 tiếng từ khi giảng viên cho phép kết nối thì sinh viên mới vào mạng được .,negative,thiet_bi_day_hoc
1503,thầy dạy cũng hay .,positive,ky_nang_giang_day
1504,"thầy wzjwz211 rất nhiệt tình , giảng dạy dễ hiểu .",positive,ky_nang_giang_day
1504,"thầy wzjwz211 rất nhiệt tình , giảng dạy dễ hiểu .",positive,hanh_vi
1505,dạy theo đề cương môn học .,neutral,chuong_trinh_hoc
1506,"thầy hay vắng , trễ .",negative,hanh_vi
1507,em nghĩ môn thực hành nên học liên tục không cách tuần và 1 tuần 3 tiết .,neutral,chuong_trinh_hoc
1507,em nghĩ môn thực hành nên học liên tục không cách tuần và 1 tuần 3 tiết .,neutral,de_xuat
1508,"thầy dạy nhiệt tình nhưng không đảm bảo giờ lên lớp , thường xuyên có giảng viên dạy thế .",positive,hanh_vi
1508,"thầy dạy nhiệt tình nhưng không đảm bảo giờ lên lớp , thường xuyên có giảng viên dạy thế .",negative,chuong_trinh_hoc
1509,"thầy dạy dễ hiểu , bài tập vừa sức .",positive,ky_nang_giang_day
1509,"thầy dạy dễ hiểu , bài tập vừa sức .",positive,bai_tap
1510,"cô lắng nghe ý kiến của sinh viên , hướng dẫn nhẹ nhàng , tận tình !",positive,hanh_vi
1511,thỉnh thoảng có một số máy không khởi động được .,negative,thiet_bi_day_hoc
1512,"truyền đạt hay , tận tâm .",positive,ky_nang_giang_day
1512,"truyền đạt hay , tận tâm .",positive,hanh_vi
1513,"bài giảng của cô khá hay , có nhiều bài chúng em dễ mắc phải , cô đều chỉ rõ ra cho chúng em .",positive,ky_nang_giang_day
1513,"bài giảng của cô khá hay , có nhiều bài chúng em dễ mắc phải , cô đều chỉ rõ ra cho chúng em .",negative,bai_tap
1514,"lên lớp đúng giờ , dạy nhiệt tình .",positive,hanh_vi
1515,máy tính không được tốt lắm .,negative,thiet_bi_day_hoc
1516,"cô dạy còn quá nhanh , sinh viên không kịp tiếp thu kiến thức .",negative,ky_nang_giang_day
1517,giảng viên thực hành có cũng như không !,negative,ky_nang_giang_day
1518,"phương pháp học môn anh văn trên trường tốt với mọi người , nhưng nó xung khắc với phương pháp em đang tự học , nếu duy trì lâu em có biến cố .",positive,ky_nang_giang_day
1519,lớp học vui .,positive,hanh_vi
1520,"giảng viên giảng dạy nhiệt tình , chi tiết , slide bài giảng đầy đủ .",positive,ky_nang_giang_day
1520,"giảng viên giảng dạy nhiệt tình , chi tiết , slide bài giảng đầy đủ .",positive,hanh_vi
1520,"giảng viên giảng dạy nhiệt tình , chi tiết , slide bài giảng đầy đủ .",positive,cung_cap_tai_lieu
1521,cần có thêm nhiều bài tập .,negative,bai_tap
1521,cần có thêm nhiều bài tập .,neutral,de_xuat
1522,"thầy diễn đạt khó hiểu , giọng nói khó nghe .",negative,ky_nang_giang_day
1522,"thầy diễn đạt khó hiểu , giọng nói khó nghe .",negative,hanh_vi
1523,"nhiệt tình trong việc giảng dạy cho sinh viên , ngoài ra thầy còn tạo nhiều động lực ví dụ cộng điểm quá trình khi giơ tay làm bài tập .",positive,hanh_vi
1523,"nhiệt tình trong việc giảng dạy cho sinh viên , ngoài ra thầy còn tạo nhiều động lực ví dụ cộng điểm quá trình khi giơ tay làm bài tập .",positive,cham_diem
1524,"giảng viên tận tình , chu đáo .",positive,hanh_vi
1525,không hướng dẫn tận tình cho sinh viên .,negative,hanh_vi
1526,"giảng viên dễ tính , hòa đồng .",positive,hanh_vi
1527,bây giờ vẫn chưa có điểm lớp it003dote21 .,negative,cham_diem
1528,phương pháp của thầy hay .,positive,ky_nang_giang_day
1529,cô dễ tính dạy dễ hiểu nhiệt tình .,positive,ky_nang_giang_day
1529,cô dễ tính dạy dễ hiểu nhiệt tình .,positive,hanh_vi
1530,nhẹ nhàng và dễ hiểu .,positive,ky_nang_giang_day
1531,"cô rất tận tâm , nhiệt tình với sinh viên .",positive,hanh_vi
1532,"giảng viên giảng dạy nhiệt tình , khi có thắc mắc đều được giải đáp một cách ưng ý nhất .",positive,ky_nang_giang_day
1532,"giảng viên giảng dạy nhiệt tình , khi có thắc mắc đều được giải đáp một cách ưng ý nhất .",positive,hanh_vi
1533,chất lượng buổi học tốt .,positive,chuong_trinh_hoc
1534,thầy dạy lý thuyết kỹ .,positive,ky_nang_giang_day
1535,thầy rất tuyệt vời !,positive,hanh_vi
1536,"giáo viên truyền đạt tốt , tạo nhiều cảm hứng cho sinh viên , giúp nâng cao trình độ ngoại ngữ .",positive,ky_nang_giang_day
1536,"giáo viên truyền đạt tốt , tạo nhiều cảm hứng cho sinh viên , giúp nâng cao trình độ ngoại ngữ .",positive,hanh_vi
1536,"giáo viên truyền đạt tốt , tạo nhiều cảm hứng cho sinh viên , giúp nâng cao trình độ ngoại ngữ .",positive,kien_thuc
1537,cần cho nhiều bài tập và tăng độ khó .,neutral,bai_tap
1537,cần cho nhiều bài tập và tăng độ khó .,neutral,de_xuat
1538,"vui tính , trình độ chuyên môn cao và thân thiện .",positive,hanh_vi
1538,"vui tính , trình độ chuyên môn cao và thân thiện .",positive,kien_thuc
1539,"nói chuyện hơi chậm , không gây cảm hứng tốt .",negative,ky_nang_giang_day
1540,phương pháp dạy của thầy rất hiệu quả .,positive,ky_nang_giang_day
1541,thầy giải đáp thắc mắc nhiệt tình .,positive,hanh_vi
1542,"vui tính , nhiệt tình và quan tâm đến sinh viên .",positive,hanh_vi
1543,khả năng truyền đạt kiến thức kém .,negative,ky_nang_giang_day
1544,"cách đánh giá quá trình học tập hợp lý , lắng nghe ý kiến của sinh viên .",positive,hanh_vi
1544,"cách đánh giá quá trình học tập hợp lý , lắng nghe ý kiến của sinh viên .",positive,cham_diem
1545,nên nhiệt tình hơn .,negative,hanh_vi
1545,nên nhiệt tình hơn .,positive,de_xuat
1546,thảo luận với sinh viên qua moodle và facebook .,neutral,hanh_vi
1547,cô truyền đạt kiến thức rất hiệu quả .,positive,ky_nang_giang_day
1548,"không hào hứng vì giọng thầy trầm , tự tìm hiểu trên mạng rồi viết báo cáo môn học thôi .",negative,ky_nang_giang_day
1549,"thầy dạy nhiệt tình , chất lượng đồ án tốt .",positive,hanh_vi
1549,"thầy dạy nhiệt tình , chất lượng đồ án tốt .",positive,bai_tap
1550,nhưng mong cô giảm tải bớt phần đồ án .,negative,bai_tap
1550,nhưng mong cô giảm tải bớt phần đồ án .,positive,de_xuat
1551,giáo viên thường xuyên cho nghỉ học .,negative,hanh_vi
1552,"thầy rất tận tâm , quan tâm sinh viên rất nhiều , ngoài giờ trên lớp sinh viên cũng có thể hỏi thầy bất kỳ khi nào , thầy giúp đỡ rất khoa học và nhiệt tình .",positive,ky_nang_giang_day
1552,"thầy rất tận tâm , quan tâm sinh viên rất nhiều , ngoài giờ trên lớp sinh viên cũng có thể hỏi thầy bất kỳ khi nào , thầy giúp đỡ rất khoa học và nhiệt tình .",positive,hanh_vi
1553,không up slide moodle nên chỉ được đọc tài liệu giấy .,negative,cung_cap_tai_lieu
1554,những môn liên quan đến lập trình em nghĩ nên lấy điểm đồ án làm điểm cuối kỳ .,neutral,cham_diem
1554,những môn liên quan đến lập trình em nghĩ nên lấy điểm đồ án làm điểm cuối kỳ .,neutral,de_xuat
1555,"theo bản thân em thấy sinh viên làm đồ án kết thúc môn học đã đủ để đánh giá , không cần thi lý thuyết cuối kỳ , nó thật sự không mang lại hiệu quả .",positive,bai_tap
1555,"theo bản thân em thấy sinh viên làm đồ án kết thúc môn học đã đủ để đánh giá , không cần thi lý thuyết cuối kỳ , nó thật sự không mang lại hiệu quả .",negative,chuong_trinh_hoc
1555,"theo bản thân em thấy sinh viên làm đồ án kết thúc môn học đã đủ để đánh giá , không cần thi lý thuyết cuối kỳ , nó thật sự không mang lại hiệu quả .",neutral,de_xuat
1556,"tôi thiết nghĩ cùng tham khảo source code như nhau , mà lại có đứa đậu có đứa rớt mặt dù thầy thừa biết code đó là lấy từ internet về chứ có phải tự code đâu , thiết nghĩ tại sao thầy chỉ hỏi lý thuyết những bạn kia , mà lại căng xi măng chặn từng đoạn code đối với mình .",negative,ky_nang_giang_day
1556,"tôi thiết nghĩ cùng tham khảo source code như nhau , mà lại có đứa đậu có đứa rớt mặt dù thầy thừa biết code đó là lấy từ internet về chứ có phải tự code đâu , thiết nghĩ tại sao thầy chỉ hỏi lý thuyết những bạn kia , mà lại căng xi măng chặn từng đoạn code đối với mình .",negative,hanh_vi
1556,"tôi thiết nghĩ cùng tham khảo source code như nhau , mà lại có đứa đậu có đứa rớt mặt dù thầy thừa biết code đó là lấy từ internet về chứ có phải tự code đâu , thiết nghĩ tại sao thầy chỉ hỏi lý thuyết những bạn kia , mà lại căng xi măng chặn từng đoạn code đối với mình .",negative,cham_diem
1557,giảng viên cần giảng giải chi tiết hơn thay vì để sinh viên thuyết trình .,negative,ky_nang_giang_day
1557,giảng viên cần giảng giải chi tiết hơn thay vì để sinh viên thuyết trình .,positive,de_xuat
1558,thầy giảng dạy dễ hiểu .,positive,ky_nang_giang_day
1559,cô dễ chịu !,positive,hanh_vi
1560,dạy sát chương trình .,neutral,chuong_trinh_hoc
1561,cung cấp bài giảng tốt .,positive,cung_cap_tai_lieu
1562,theo em thầy nên sử dụng website môn học để cung cấp tài liệu cho sinh viên .,neutral,cung_cap_tai_lieu
1562,theo em thầy nên sử dụng website môn học để cung cấp tài liệu cho sinh viên .,positive,de_xuat
1563,ân cần giải đáp thác mắc của sinh viên .,neutral,hanh_vi
1563,ân cần giải đáp thác mắc của sinh viên .,neutral,de_xuat
1564,team 8 người mà có 2 người gánh hết cái trình bày giữa kỳ và cuối kỳ cực khổ lắm luôn thầy .,negative,bai_tap
1565,thầy dạy kỹ các vấn đề .,positive,ky_nang_giang_day
1566,nhất là môn anh văn vì số tiết trong buổi học là 4 nên khá căng thẳng .,negative,chuong_trinh_hoc
1567,"thầy rất dễ thương , thân thiện .",positive,hanh_vi
1568,nên thời gian thực hành được phân công từ tiết 1 đến tiết 3 mỗi tuần là hơi ít .,negative,kinh_nghiem
1568,nên thời gian thực hành được phân công từ tiết 1 đến tiết 3 mỗi tuần là hơi ít .,negative,de_xuat
1569,"giảng viên rất nhiệt tình , trình bày bài giảng hay , dễ hiểu .",positive,ky_nang_giang_day
1569,"giảng viên rất nhiệt tình , trình bày bài giảng hay , dễ hiểu .",positive,hanh_vi
1570,môn học rất hay .,positive,chuong_trinh_hoc
1571,"thầy dạy rất hay , dễ hiểu , thân thiện với sinh viên .",positive,ky_nang_giang_day
1571,"thầy dạy rất hay , dễ hiểu , thân thiện với sinh viên .",positive,hanh_vi
1572,"khác với thầy wzjwz286 dạy lý thuyết , thầy rất nhiệt tình trong việc giảng dạy của mình .",positive,hanh_vi
1573,"thầy dạy rất hay , cho mỗi nhóm lên thuyết trình , hỏi đáp giúp cả lớp hiểu bài .",positive,ky_nang_giang_day
1574,"thầy nhiệt tình , truyền đạt kỹ và rõ giúp sinh viên có hứng thú học tập .",positive,ky_nang_giang_day
1574,"thầy nhiệt tình , truyền đạt kỹ và rõ giúp sinh viên có hứng thú học tập .",positive,hanh_vi
1575,nên giảng kỹ hơn .,negative,ky_nang_giang_day
1575,nên giảng kỹ hơn .,positive,de_xuat
1576,giáo viên truyền đạt tốt .,positive,ky_nang_giang_day
1577,"cô dù đang mang bầu nhưng dạy rất nhiệt tình với học sinh , cô thường cho bài tập về nhà làm , cho sinh viên tính tự giác nhưng không tạo nhiều áp lực .",positive,hanh_vi
1577,"cô dù đang mang bầu nhưng dạy rất nhiệt tình với học sinh , cô thường cho bài tập về nhà làm , cho sinh viên tính tự giác nhưng không tạo nhiều áp lực .",neutral,bai_tap
1578,dạy nhiệt huyết .,positive,ky_nang_giang_day
1579,liên hệ kiến thức với chuyện thực tiễn .,positive,kinh_nghiem
1579,liên hệ kiến thức với chuyện thực tiễn .,positive,kien_thuc
1580,học kỳ 2 cần học riêng theo từng lớp để có được kết quả học tập tốt nhất .,neutral,chuong_trinh_hoc
1580,học kỳ 2 cần học riêng theo từng lớp để có được kết quả học tập tốt nhất .,neutral,de_xuat
1581,"thầy dạy tận tâm , giúp đỡ học sinh , phương pháp giảng dạy đạt hiệu quả .",positive,ky_nang_giang_day
1581,"thầy dạy tận tâm , giúp đỡ học sinh , phương pháp giảng dạy đạt hiệu quả .",positive,hanh_vi
1582,"thầy giảng bài hay , cuốn hút người nghe .",positive,ky_nang_giang_day
1583,hy vọng ý kiến của em được xem xét !,neutral,de_xuat
1584,thầy nên cho nhiều bài tập hơn .,negative,bai_tap
1584,thầy nên cho nhiều bài tập hơn .,neutral,de_xuat
1585,"giảng viên nhiệt tình , tốt với sinh viên .",positive,hanh_vi
1586,giáo viên dạy quá giờ so với quy định .,negative,ky_nang_giang_day
1587,thay vào đó nên là báo cáo đồ án .,neutral,bai_tap
1587,thay vào đó nên là báo cáo đồ án .,neutral,de_xuat
1588,cô giảng rất hay và thu hút học sinh !,positive,ky_nang_giang_day
1588,cô giảng rất hay và thu hút học sinh !,positive,hanh_vi
1589,"lý thuyết thầy wzjwz22 giảng khá kỹ nên có chậm hơn so với quá trình thực hành , mong phòng đào tạo làm sao để cho quá trình học lý thuyết và học thực hành đi song song với nhau .",negative,ky_nang_giang_day
1589,"lý thuyết thầy wzjwz22 giảng khá kỹ nên có chậm hơn so với quá trình thực hành , mong phòng đào tạo làm sao để cho quá trình học lý thuyết và học thực hành đi song song với nhau .",neutral,de_xuat
1590,cơ mà em nghĩ là thầy phải hơn cả tuổi ba em .,neutral,noi_chung
1591,"thầy dạy hay , nhiệt tình giúp đỡ sinh viên , dễ tính sẵn sàng giải đáp mọi thắc mắc của sinh viên .",positive,ky_nang_giang_day
1591,"thầy dạy hay , nhiệt tình giúp đỡ sinh viên , dễ tính sẵn sàng giải đáp mọi thắc mắc của sinh viên .",positive,hanh_vi
1592,"tăng tiết học , 1 tuần học lý thuyết chỉ 2 tiết em thấy không đủ .",negative,chuong_trinh_hoc
1592,"tăng tiết học , 1 tuần học lý thuyết chỉ 2 tiết em thấy không đủ .",neutral,de_xuat
1593,"giảng viên dạy tốt , dễ hiểu , vui tính và rất nhiệt tình .",positive,ky_nang_giang_day
1593,"giảng viên dạy tốt , dễ hiểu , vui tính và rất nhiệt tình .",positive,hanh_vi
1594,"chủ động , tập trung vào sinh viên .",positive,hanh_vi
1595,"cô hỗ trợ tốt , nhiệt tình .",positive,hanh_vi
1596,"giảng viên dạy cực khó hiểu , khả năng truyền đạt kém , giảng dạy nhàm chán khiến sinh viên không có hứng thú khi tham gia học tập .",negative,ky_nang_giang_day
1597,giảng viên chưa tương tác với sinh viên trên các diễn đàn .,negative,hanh_vi
1598,cách thầy giảng em không nắm được nội dung tổng quát .,negative,ky_nang_giang_day
1599,thầy hơi khó tính quá .,negative,hanh_vi
1600,giảng viên cần cập nhập giáo trình và tài liệu môn học một cách đầy đủ hơn trước giờ lên lớp .,negative,cung_cap_tai_lieu
1600,giảng viên cần cập nhập giáo trình và tài liệu môn học một cách đầy đủ hơn trước giờ lên lớp .,positive,de_xuat
1601,"cô giảng theo cách cô cũng tốt , tuy nhiên , lớp chỉ có một vài bạn học được , hay trả lời , những câu cô hỏi cả lớp có hiểu hay không , những bạn đó trả lời là hiểu vậy mà nhiều lúc cô đánh đồng cả lớp hiểu .",positive,ky_nang_giang_day
1601,"cô giảng theo cách cô cũng tốt , tuy nhiên , lớp chỉ có một vài bạn học được , hay trả lời , những câu cô hỏi cả lớp có hiểu hay không , những bạn đó trả lời là hiểu vậy mà nhiều lúc cô đánh đồng cả lớp hiểu .",negative,hanh_vi
1602,chưa tận tâm với sinh viên .,negative,hanh_vi
1603,học thầy được điểm cao .,positive,cham_diem
1604,có nhiều câu hỏi hay để sinh viên cùng thảo luận nhằm tìm ra nhiều phương pháp khác nhau để tiếp cận vấn đề .,positive,ky_nang_giang_day
1605,"nhiệt tình , tận tâm với sinh viên .",positive,hanh_vi
1606,nhiệt tình và tận tâm .,positive,hanh_vi
1607,thêm tiết dạy thực hành .,negative,chuong_trinh_hoc
1607,thêm tiết dạy thực hành .,neutral,de_xuat
1608,sự thân thiện giúp giảm căng thẳng trong buổi học .,positive,hanh_vi
1609,"dạy hay , nhiệt huyết với nghề , chăm cho học sinh .",positive,ky_nang_giang_day
1609,"dạy hay , nhiệt huyết với nghề , chăm cho học sinh .",positive,hanh_vi
1610,kiểm tra sát sao hơn tiến trình làm đồ án sinh viên cho phép sinh viên sáng tạo nhiều cách mới không quá gò bó .,positive,bai_tap
1610,kiểm tra sát sao hơn tiến trình làm đồ án sinh viên cho phép sinh viên sáng tạo nhiều cách mới không quá gò bó .,neutral,de_xuat
1611,"tận tâm với nghề , rất quan tâm đến sinh viên , luôn giải đáp những thắc mắc trong thời gian nhanh nhất ( kể cả qua gmail ) .",positive,hanh_vi
1612,đưa ra các tiêu chí tính điểm một cách cụ thể .,neutral,cham_diem
1613,em rất mong muốn được học tiếp các môn liên quan như phân tích mã độc .,neutral,chuong_trinh_hoc
1613,em rất mong muốn được học tiếp các môn liên quan như phân tích mã độc .,neutral,de_xuat
1614,"giảng viên làm rõ được vấn đề , dạy những kiến thức thật sự thiết thực cho sinh viên , truyền đạt những kinh nghiệm thực tế trong quá trình giảng dạy .",positive,ky_nang_giang_day
1614,"giảng viên làm rõ được vấn đề , dạy những kiến thức thật sự thiết thực cho sinh viên , truyền đạt những kinh nghiệm thực tế trong quá trình giảng dạy .",positive,kinh_nghiem
1614,"giảng viên làm rõ được vấn đề , dạy những kiến thức thật sự thiết thực cho sinh viên , truyền đạt những kinh nghiệm thực tế trong quá trình giảng dạy .",positive,kien_thuc
1615,"giảng viên giảng dạy nhiệt tình , bài học sinh động , dễ hiểu .",positive,ky_nang_giang_day
1615,"giảng viên giảng dạy nhiệt tình , bài học sinh động , dễ hiểu .",positive,hanh_vi
1616,"giáo viên vào tiết đúng giờ , giảng dạy nhiệt tình , tận tâm .",positive,ky_nang_giang_day
1616,"giáo viên vào tiết đúng giờ , giảng dạy nhiệt tình , tận tâm .",positive,hanh_vi
1617,"cập nhật các phương thức giảng dạy mới học sơ lược , tiến tới loại bỏ những môn không cần thiết cho ngành sau này nên có thêm các lớp kỹ năng giao tiếp .",neutral,ky_nang_giang_day
1617,"cập nhật các phương thức giảng dạy mới học sơ lược , tiến tới loại bỏ những môn không cần thiết cho ngành sau này nên có thêm các lớp kỹ năng giao tiếp .",neutral,chuong_trinh_hoc
1617,"cập nhật các phương thức giảng dạy mới học sơ lược , tiến tới loại bỏ những môn không cần thiết cho ngành sau này nên có thêm các lớp kỹ năng giao tiếp .",neutral,de_xuat
1618,"giảng viên vui tính , dễ chịu .",positive,hanh_vi
1619,"nhiệt tình , có cách dạy hay .",positive,ky_nang_giang_day
1619,"nhiệt tình , có cách dạy hay .",positive,hanh_vi
1620,giảng viên dạy còn hơi nhanh và chưa quan tâm nhiều đến sinh viên .,negative,ky_nang_giang_day
1620,giảng viên dạy còn hơi nhanh và chưa quan tâm nhiều đến sinh viên .,negative,hanh_vi
1621,"thầy dạy hay , vui vẻ , rất hài lòng .",positive,ky_nang_giang_day
1621,"thầy dạy hay , vui vẻ , rất hài lòng .",positive,hanh_vi
1622,giảng viên nhiệt tình giảng lại nhiều lần một vấn đề khó tiếp thu .,positive,ky_nang_giang_day
1622,giảng viên nhiệt tình giảng lại nhiều lần một vấn đề khó tiếp thu .,positive,hanh_vi
1623,phương pháp giảng dạy rất tiên tiến .,positive,ky_nang_giang_day
1624,"cập nhật kiến thức thực tế , giải đáp mọi thắc mắc .",positive,hanh_vi
1624,"cập nhật kiến thức thực tế , giải đáp mọi thắc mắc .",positive,kien_thuc
1625,nên đổi giáo trình .,negative,chuong_trinh_hoc
1625,nên đổi giáo trình .,neutral,de_xuat
1626,"dễ hiểu , nhiệt tình .",positive,ky_nang_giang_day
1626,"dễ hiểu , nhiệt tình .",positive,hanh_vi
1627,"giảng viên không cung cấp tài liệu cho sinh viên , khả năng truyền đạt của giảng viên chưa tốt .",negative,ky_nang_giang_day
1627,"giảng viên không cung cấp tài liệu cho sinh viên , khả năng truyền đạt của giảng viên chưa tốt .",negative,cung_cap_tai_lieu
1628,cần thực hành nhiều lên .,negative,kinh_nghiem
1628,cần thực hành nhiều lên .,neutral,de_xuat
1629,"cô xinh , dạy tốt .",positive,ky_nang_giang_day
1629,"cô xinh , dạy tốt .",positive,hanh_vi
1630,giảng dạy thờ ơ .,negative,ky_nang_giang_day
1630,giảng dạy thờ ơ .,negative,hanh_vi
1631,bài tập lớn trong slide tiếng anh gây khó khăn cho sinh viên .,negative,bai_tap
1632,"rất tốt , rất nhiệt tình , chu đáo .",positive,hanh_vi
1633,giáo viên rất nhiệt tình và tâm huyết .,positive,hanh_vi
1634,"thầy rất nhiệt tình , tâm huyết , giảng chi tiết , ví dụ điển hình tiêu biểu dễ tiếp thu .",positive,ky_nang_giang_day
1634,"thầy rất nhiệt tình , tâm huyết , giảng chi tiết , ví dụ điển hình tiêu biểu dễ tiếp thu .",positive,hanh_vi
1635,"thầy dạy dễ hiểu , luôn nhắc lại kiến thức cũ ở mỗi tiết .",positive,ky_nang_giang_day
1636,"nói chung , chắc cũng là luyện cho sinh viên tự học .",neutral,noi_chung
1637,thầy luôn muốn sinh viên giỏi hơn thông qua việc góp ý và nhận xét .,positive,hanh_vi
1638,thầy dạy hay nhất là về cuộc sống .,positive,ky_nang_giang_day
1639,thầy dạy nhiêt tình .,positive,hanh_vi
1640,"thầy wzjwz246 rất nhiệt tình trong giảng dạy và luôn tham khảo thêm nhiều ý kiến của sinh viên , thường xuyên thảo luận trên diễn đàn môn học .",positive,ky_nang_giang_day
1640,"thầy wzjwz246 rất nhiệt tình trong giảng dạy và luôn tham khảo thêm nhiều ý kiến của sinh viên , thường xuyên thảo luận trên diễn đàn môn học .",positive,hanh_vi
1641,"quá trình giảng dạy không bám sát đồ án môn học , sinh viên phải tự tìm hiều qua nhiều mới báo cáo đồ án kịp tiến độ , không nên tổ chức thi giữa kỳ mà thay vào đó là các bài tập nhỏ cộng điểm cho sinh viên .",negative,ky_nang_giang_day
1641,"quá trình giảng dạy không bám sát đồ án môn học , sinh viên phải tự tìm hiều qua nhiều mới báo cáo đồ án kịp tiến độ , không nên tổ chức thi giữa kỳ mà thay vào đó là các bài tập nhỏ cộng điểm cho sinh viên .",negative,kinh_nghiem
1641,"quá trình giảng dạy không bám sát đồ án môn học , sinh viên phải tự tìm hiều qua nhiều mới báo cáo đồ án kịp tiến độ , không nên tổ chức thi giữa kỳ mà thay vào đó là các bài tập nhỏ cộng điểm cho sinh viên .",negative,bai_tap
1641,"quá trình giảng dạy không bám sát đồ án môn học , sinh viên phải tự tìm hiều qua nhiều mới báo cáo đồ án kịp tiến độ , không nên tổ chức thi giữa kỳ mà thay vào đó là các bài tập nhỏ cộng điểm cho sinh viên .",negative,de_xuat
1642,cám ơn thầy đã quan tâm và chú ý .,positive,hanh_vi
1643,nên thi theo hình thức ra đề .,neutral,de_xuat
1644,"thầy dạy rất nhiệt tình , hiệu quả .",positive,ky_nang_giang_day
1644,"thầy dạy rất nhiệt tình , hiệu quả .",positive,hanh_vi
1645,cô rất nhiệt tình tuy nhiên cách cô giảng dạy đối với em khá khó hiểu .,negative,ky_nang_giang_day
1645,cô rất nhiệt tình tuy nhiên cách cô giảng dạy đối với em khá khó hiểu .,positive,hanh_vi
1646,giảng rất chi tiết .,positive,ky_nang_giang_day
1647,"không thấy giảng viên dạy thực hành buổi nào , lên lớp 2 tiết tâm sự với sinh viên .",negative,ky_nang_giang_day
1647,"không thấy giảng viên dạy thực hành buổi nào , lên lớp 2 tiết tâm sự với sinh viên .",negative,hanh_vi
1648,giảng viên tạo sự thu hút đối với sinh viên .,positive,ky_nang_giang_day
1648,giảng viên tạo sự thu hút đối với sinh viên .,positive,hanh_vi
1649,thầy tránh phương pháp đưa công thức và đưa các ví dụ sinh động .,positive,ky_nang_giang_day
1650,"cô rất nghiêm , song rất nhiệt tình , rất công bằng , có thưởng có phạt , rất đồng tình với cách xét của cô , về bài giảng , rất sinh động , chèn các video thực tiễn , tư liệu đưa vào rất nhiều , rất cụ thể .",positive,ky_nang_giang_day
1650,"cô rất nghiêm , song rất nhiệt tình , rất công bằng , có thưởng có phạt , rất đồng tình với cách xét của cô , về bài giảng , rất sinh động , chèn các video thực tiễn , tư liệu đưa vào rất nhiều , rất cụ thể .",positive,hanh_vi
1650,"cô rất nghiêm , song rất nhiệt tình , rất công bằng , có thưởng có phạt , rất đồng tình với cách xét của cô , về bài giảng , rất sinh động , chèn các video thực tiễn , tư liệu đưa vào rất nhiều , rất cụ thể .",positive,cham_diem
1650,"cô rất nghiêm , song rất nhiệt tình , rất công bằng , có thưởng có phạt , rất đồng tình với cách xét của cô , về bài giảng , rất sinh động , chèn các video thực tiễn , tư liệu đưa vào rất nhiều , rất cụ thể .",positive,cung_cap_tai_lieu
1650,"cô rất nghiêm , song rất nhiệt tình , rất công bằng , có thưởng có phạt , rất đồng tình với cách xét của cô , về bài giảng , rất sinh động , chèn các video thực tiễn , tư liệu đưa vào rất nhiều , rất cụ thể .",positive,kien_thuc
1651,"giáo viên trẻ trung , năng động , nhiệt tình , vui vẻ .",positive,hanh_vi
1652,cô dạy tốt colonlove .,positive,ky_nang_giang_day
1653,giáo viên nhiệt tình hòa đồng .,positive,hanh_vi
1654,"thầy vui tính , dễ gần , cởi mở , nhiệt tình , năng nổ .",positive,hanh_vi
1655,"thầy dạy dễ hiểu , ví dụ thực tế .",positive,ky_nang_giang_day
1655,"thầy dạy dễ hiểu , ví dụ thực tế .",positive,kinh_nghiem
1656,buổi học cuối cùng trước đợt thi cuối kỳ chưa nói rõ về nội dung sẽ được thi .,negative,chuong_trinh_hoc
1657,bài tập làm đầy đủ .,neutral,bai_tap
1658,"nhiệt tình giảng dạy , hướng dẫn sinh viên .",positive,ky_nang_giang_day
1659,"thầy nên đưa ra những ví dụ trong khi giảng bài , lý thuyết nhiều rất buồn ngủ khó tập trung được .",negative,ky_nang_giang_day
1659,"thầy nên đưa ra những ví dụ trong khi giảng bài , lý thuyết nhiều rất buồn ngủ khó tập trung được .",neutral,de_xuat
1660,tập patin rất dễ .,neutral,noi_chung
1661,"phương pháp giảng dạy chưa hợp lý , đa phần là đọc slide .",negative,ky_nang_giang_day
1662,"đến ngày thầy ôn thi , cho em vài bài tập thì bọn em đã không biết làm nhưng thầy vẫn bắt bọn em giải rồi thầy mới giải .",negative,hanh_vi
1662,"đến ngày thầy ôn thi , cho em vài bài tập thì bọn em đã không biết làm nhưng thầy vẫn bắt bọn em giải rồi thầy mới giải .",negative,bai_tap
1663,bài đồ án cuối kỳ thì phổ biến không rõ ràng phải làm gì để có điểm cao .,negative,bai_tap
1663,bài đồ án cuối kỳ thì phổ biến không rõ ràng phải làm gì để có điểm cao .,neutral,de_xuat
1664,"cách dạy thoải mái , nhẹ nhàng , nhiệt tình .",positive,ky_nang_giang_day
1664,"cách dạy thoải mái , nhẹ nhàng , nhiệt tình .",positive,hanh_vi
1665,trang thiết bị cho thực hành tốt hơn .,negative,thiet_bi_day_hoc
1665,trang thiết bị cho thực hành tốt hơn .,positive,de_xuat
1666,giáo viên luôn dạy quá thời gian quy định trong khi chỉ có 3 tiết mà thầy dạy gần hết 5 tiết mới cho nghỉ .,negative,ky_nang_giang_day
1667,anh wzjwz302 rất vui và nhiệt tình .,positive,hanh_vi
1668,thầy rất nhiệt tình và tạo không khí vui vẻ trong lớp học .,positive,hanh_vi
1669,giảng viên trên lớp liên hệ thực tế quá nhiều .,negative,kinh_nghiem
1670,giáo trình cụ thể hơn .,negative,cung_cap_tai_lieu
1670,giáo trình cụ thể hơn .,neutral,de_xuat
1671,em xin đề xuất thêm những buổi thực hành để nâng cao tầm hiệu quả của môn học .,positive,kinh_nghiem
1671,em xin đề xuất thêm những buổi thực hành để nâng cao tầm hiệu quả của môn học .,positive,de_xuat
1672,nâng cấp quạt trần và máy chiếu của phòng học !,negative,thiet_bi_day_hoc
1672,nâng cấp quạt trần và máy chiếu của phòng học !,neutral,de_xuat
1673,cách truyền đạt chưa thuyết phục .,negative,ky_nang_giang_day
1674,đề nghị giảng viên sử dụng moodle để tăng chất lượng dạy học .,neutral,ky_nang_giang_day
1674,đề nghị giảng viên sử dụng moodle để tăng chất lượng dạy học .,positive,de_xuat
1675,"cô nhiệt tình , giảng dạy tốt , quan tâm tất cả học sinh .",positive,ky_nang_giang_day
1675,"cô nhiệt tình , giảng dạy tốt , quan tâm tất cả học sinh .",positive,hanh_vi
1676,"tăng thời gian thực hành , sinh viên nên được làm việc với các thiết bị thực tế .",negative,kinh_nghiem
1676,"tăng thời gian thực hành , sinh viên nên được làm việc với các thiết bị thực tế .",negative,thiet_bi_day_hoc
1676,"tăng thời gian thực hành , sinh viên nên được làm việc với các thiết bị thực tế .",neutral,de_xuat
1677,giảng viên nghỉ quá nhiều !,negative,hanh_vi
1678,giọng nói của giảng viên khó nghe .,negative,ky_nang_giang_day
1679,thầy cho ít dạng bài tập .,negative,bai_tap
1680,cách nói của giảng viên khó nghe .,negative,hanh_vi
1681,"kiến thức dễ hiểu , tiết học vui .",positive,ky_nang_giang_day
1681,"kiến thức dễ hiểu , tiết học vui .",positive,kien_thuc
1682,mở thêm các lớp training chuyên ngành .,neutral,chuong_trinh_hoc
1682,mở thêm các lớp training chuyên ngành .,neutral,de_xuat
1683,giảng dạy còn một số chỗ hơi khó hiểu .,negative,ky_nang_giang_day
1684,cô giáo nhiệt tình trong lúc dạy .,positive,hanh_vi
1685,thầy dạy bù vào thời gian không hợp lý .,negative,hanh_vi
1686,ít bài tập về nhà .,negative,bai_tap
1687,"có ví dụ trực quan , sinh động .",positive,kinh_nghiem
1688,"bài tập về code hơi ít , thực hành chưa đi đôi với lý thuyết .",negative,kinh_nghiem
1688,"bài tập về code hơi ít , thực hành chưa đi đôi với lý thuyết .",negative,bai_tap
1689,giảng viên truyền đạt kiến thức rất hay và dễ tiếp thu .,positive,ky_nang_giang_day
1689,giảng viên truyền đạt kiến thức rất hay và dễ tiếp thu .,positive,kien_thuc
1690,cô dạy được .,positive,ky_nang_giang_day
1691,"sử dụng slide , máy chiếu .",neutral,cung_cap_tai_lieu
1691,"sử dụng slide , máy chiếu .",neutral,thiet_bi_day_hoc
1692,"giảng viên tận tâm , nhiệt tình , dạy dễ hiểu .",positive,ky_nang_giang_day
1692,"giảng viên tận tâm , nhiệt tình , dạy dễ hiểu .",positive,hanh_vi
1693,dạy hơi khó hiểu và nói quá nhanh .,negative,ky_nang_giang_day
1694,thầy rất chịu khó lắng nghe ý kiến của sinh viên .,positive,hanh_vi
1695,"giáo viên dạy tân tâm , dễ hiểu .",positive,ky_nang_giang_day
1696,"thầy giảng rất tốt , em hiểu gần như mọi thứ thầy dạy và áp dụng tốt nó .",positive,ky_nang_giang_day
1696,"thầy giảng rất tốt , em hiểu gần như mọi thứ thầy dạy và áp dụng tốt nó .",positive,hanh_vi
1697,chúng em gửi lời cám ơn đến thầy wzjwz213 !,positive,hanh_vi
1698,"thời gian lên lớp sinh viên chúng em không được học gì từ thầy , chỉ toàn là tự tìm hiểu .",negative,ky_nang_giang_day
1699,cô dạy em rất buồn ngủ .,negative,ky_nang_giang_day
1700,đánh giá môn học sơ sài và không công bằng .,negative,cham_diem
1700,đánh giá môn học sơ sài và không công bằng .,negative,chuong_trinh_hoc
1701,cần có cách khác phù hợp hơn .,negative,de_xuat
1702,đảm bảo tốt giờ lên lớp .,positive,noi_chung
1703,giảng dạy tích cực và dễ hiểu .,positive,ky_nang_giang_day
1704,"cô rất nhiệt tình , vui tính , biết quan tâm học sinh .",positive,hanh_vi
1705,"thầy dạy nhiều kiến thức mới , cập nhật từ thực tế .",positive,kien_thuc
1706,"tuy nhiên , bài tập thực hành còn hơi đơn giản và chưa thực sự phù hợp với thực tế .",negative,bai_tap
1707,nói lý thuyết hay nhưng không biết áp dụng vào đâu .,negative,kinh_nghiem
1707,nói lý thuyết hay nhưng không biết áp dụng vào đâu .,positive,kien_thuc
1708,"nên dạy đúng giáo án và thời khóa biểu , đừng kéo dài tới 1h30 mới cho ra , trong khi thời khóa biểu là 9h45 là hết .",negative,chuong_trinh_hoc
1708,"nên dạy đúng giáo án và thời khóa biểu , đừng kéo dài tới 1h30 mới cho ra , trong khi thời khóa biểu là 9h45 là hết .",neutral,de_xuat
1709,phòng thực hành quá chật và thiết bị cũng hạn chế về số lượng chưa đáp ứng được nhu cầu học tập .,negative,thiet_bi_day_hoc
1710,em thấy nên tăng thêm nhiều bài tập kèm theo ôn lại khái quát lý thuyết rồi mới vào thực hành những phần lý thuyết đã học .,negative,bai_tap
1710,em thấy nên tăng thêm nhiều bài tập kèm theo ôn lại khái quát lý thuyết rồi mới vào thực hành những phần lý thuyết đã học .,neutral,de_xuat
1711,"giảng viên theo sát chuyên cần lớp , giảng dễ hiểu .",positive,ky_nang_giang_day
1711,"giảng viên theo sát chuyên cần lớp , giảng dễ hiểu .",positive,hanh_vi
1712,thật sự em rất mơ hồ về môn học này .,negative,chuong_trinh_hoc
1713,đề nghị giảng viên phải theo sát với thực tế hơn .,positive,de_xuat
1714,cho ghi bài nhiều .,negative,bai_tap
1715,thầy bận lịch của trường nên một vài buổi học thầy không lên lớp được .,negative,hanh_vi
1716,"thầy bao vui , nói chung chưa bao giờ em thấy học mà vui như thế colonsmile .",positive,ky_nang_giang_day
1716,"thầy bao vui , nói chung chưa bao giờ em thấy học mà vui như thế colonsmile .",positive,hanh_vi
1717,thầy thường xuyên vắng mặt .,negative,hanh_vi
1718,thầy dạy rất nhiệt tình và dễ hiểu .,positive,ky_nang_giang_day
1718,thầy dạy rất nhiệt tình và dễ hiểu .,positive,hanh_vi
1719,"giảng viên am hiểu sâu , giảng bài tận tâm .",positive,ky_nang_giang_day
1719,"giảng viên am hiểu sâu , giảng bài tận tâm .",positive,hanh_vi
1719,"giảng viên am hiểu sâu , giảng bài tận tâm .",positive,kien_thuc
1720,giảng viên luôn nhiệt tình với sinh viên .,positive,hanh_vi
1721,"thầy giảng bài tận tình , dễ hiểu ( nếu hỏi riêng ) .",positive,ky_nang_giang_day
1722,"dạy có tâm , kỹ và nhiệt tình .",positive,ky_nang_giang_day
1722,"dạy có tâm , kỹ và nhiệt tình .",positive,hanh_vi
1723,"dạy hay , đúng trọng tâm .",positive,ky_nang_giang_day
1724,giảng viên thường đưa những chuyện vui vào buổi học giúp sinh viên hứng thú trong giờ học hơn .,positive,ky_nang_giang_day
1724,giảng viên thường đưa những chuyện vui vào buổi học giúp sinh viên hứng thú trong giờ học hơn .,positive,hanh_vi
1725,thường xuyên mời các bạn lên giải bài tập và giảng giải lại !,positive,ky_nang_giang_day
1725,thường xuyên mời các bạn lên giải bài tập và giảng giải lại !,positive,bai_tap
1726,nhiệt tình giúp đỡ hỗ trợ cho sinh viên hiểu bài tối đa .,positive,hanh_vi
1727,"giảng viên cần tập trung giảng dạy lợi ích liên quan thực tiễn , tránh gây nhàm chán và lặp lại quá nhiều kiến thức cũ .",negative,ky_nang_giang_day
1727,"giảng viên cần tập trung giảng dạy lợi ích liên quan thực tiễn , tránh gây nhàm chán và lặp lại quá nhiều kiến thức cũ .",negative,kinh_nghiem
1727,"giảng viên cần tập trung giảng dạy lợi ích liên quan thực tiễn , tránh gây nhàm chán và lặp lại quá nhiều kiến thức cũ .",neutral,de_xuat
1728,"hay dễ hiểu , nhiệt tình .",positive,ky_nang_giang_day
1728,"hay dễ hiểu , nhiệt tình .",positive,hanh_vi
1729,"thầy dạy nhiệt tình , bài giảng hay , dễ gần !",positive,ky_nang_giang_day
1729,"thầy dạy nhiệt tình , bài giảng hay , dễ gần !",positive,hanh_vi
1730,béo quá không tốt cho sức khỏe .,negative,noi_chung
1731,"thầy dạy tốt , tận tình .",positive,ky_nang_giang_day
1731,"thầy dạy tốt , tận tình .",positive,hanh_vi
1732,cô cần quan tâm hơn tới sinh viên .,negative,hanh_vi
1732,cô cần quan tâm hơn tới sinh viên .,neutral,de_xuat
1733,giảng viên cần thay đổi cách giảng dạy .,negative,ky_nang_giang_day
1733,giảng viên cần thay đổi cách giảng dạy .,positive,de_xuat
1734,"thầy thân thiện , dạy dễ hiểu , phương pháp giảng dạy hay .",positive,ky_nang_giang_day
1734,"thầy thân thiện , dạy dễ hiểu , phương pháp giảng dạy hay .",positive,hanh_vi
1735,chưa thấy được sự cần thiết thực sự của môn học đối với ngành nghề cũng như cuộc sống sau này .,negative,chuong_trinh_hoc
1736,"giảng viên rất tận tâm , giảng dạy kỹ lưỡng .",positive,ky_nang_giang_day
1736,"giảng viên rất tận tâm , giảng dạy kỹ lưỡng .",positive,hanh_vi
1737,do học buổi trưa cả thầy và trò đều mệt .,negative,chuong_trinh_hoc
1738,"cô giáo nhiệt tình , vui tính , cố gắng truyền đạt cho sinh viên .",positive,ky_nang_giang_day
1738,"cô giáo nhiệt tình , vui tính , cố gắng truyền đạt cho sinh viên .",positive,hanh_vi
1739,giảng viên dạy dễ hiểu tận tình .,positive,ky_nang_giang_day
1739,giảng viên dạy dễ hiểu tận tình .,positive,hanh_vi
1740,em nghĩ là nên giảm số giờ nói lý thuyết cho thêm giờ làm bài tập .,negative,ky_nang_giang_day
1740,em nghĩ là nên giảm số giờ nói lý thuyết cho thêm giờ làm bài tập .,neutral,bai_tap
1740,em nghĩ là nên giảm số giờ nói lý thuyết cho thêm giờ làm bài tập .,neutral,de_xuat
1741,cô rất nhiệt tình và dễ thương .,positive,hanh_vi
1742,"thầy dạy hay , nhiệt tình , dễ hiểu , tận tâm với sinh viên .",positive,ky_nang_giang_day
1742,"thầy dạy hay , nhiệt tình , dễ hiểu , tận tâm với sinh viên .",positive,hanh_vi
1743,"cuối cùng , em xin cảm ơn vì thầy fraction cô đã đọc đến hết .",positive,hanh_vi
1744,tuy nhiên học thầy em có hơi sợ vì thầy nổi tiếng khó khi chấm đồ án .,negative,cham_diem
1745,"giảng viên nhiệt tình , hướng dẫn tận tâm cho sinh viên .",positive,hanh_vi
1746,"thầy chỉ vô điểm danh và quản lý lớp , người dạy là các sinh viên của một câu lạc bộ sinh viên đại học quốc gia .",negative,ky_nang_giang_day
1746,"thầy chỉ vô điểm danh và quản lý lớp , người dạy là các sinh viên của một câu lạc bộ sinh viên đại học quốc gia .",negative,hanh_vi
1747,"nhiệt tình , khá dễ hiểu .",positive,ky_nang_giang_day
1747,"nhiệt tình , khá dễ hiểu .",positive,hanh_vi
1748,giảng viên nhiệt tình và tận tâm trong việc giúp sinh viên nắm được kiến thức .,positive,ky_nang_giang_day
1748,giảng viên nhiệt tình và tận tâm trong việc giúp sinh viên nắm được kiến thức .,positive,hanh_vi
1748,giảng viên nhiệt tình và tận tâm trong việc giúp sinh viên nắm được kiến thức .,positive,kien_thuc
1749,"đề nghị nhà trường làm tốt khâu cở sở vật chất , em thấy trường mình còn thiếu nhiều về trang thiết bị thực hành cho sinh viên .",negative,thiet_bi_day_hoc
1749,"đề nghị nhà trường làm tốt khâu cở sở vật chất , em thấy trường mình còn thiếu nhiều về trang thiết bị thực hành cho sinh viên .",neutral,de_xuat
1750,thầy giảng dạy tận tâm .,positive,hanh_vi
1751,"hiện tại các thiết bị phòng lab để thực hành môn này đều đã hỏng , trong suốt quá trình thực hành chúng em không thể thực hành được trên thiết bị , mặc khác cũng chẳng nhận được sự hỗ trợ hướng dẫn nào của giảng viên thực hành .",negative,hanh_vi
1751,"hiện tại các thiết bị phòng lab để thực hành môn này đều đã hỏng , trong suốt quá trình thực hành chúng em không thể thực hành được trên thiết bị , mặc khác cũng chẳng nhận được sự hỗ trợ hướng dẫn nào của giảng viên thực hành .",negative,thiet_bi_day_hoc
1752,"giảng viên nên sử dụng trang moodle để gửi bài tập hay thông báo khẩn học bù ngoài dự kiến , gửi bảng điểm , vdotv .",neutral,bai_tap
1752,"giảng viên nên sử dụng trang moodle để gửi bài tập hay thông báo khẩn học bù ngoài dự kiến , gửi bảng điểm , vdotv .",neutral,cham_diem
1752,"giảng viên nên sử dụng trang moodle để gửi bài tập hay thông báo khẩn học bù ngoài dự kiến , gửi bảng điểm , vdotv .",neutral,cung_cap_tai_lieu
1752,"giảng viên nên sử dụng trang moodle để gửi bài tập hay thông báo khẩn học bù ngoài dự kiến , gửi bảng điểm , vdotv .",positive,de_xuat
1753,giảng bài còn hơi nhanh .,negative,ky_nang_giang_day
1754,"khả năng hoạt động nhóm , tinh thần tự học cao .",positive,hanh_vi
1755,"giảng viên tận tâm , giúp đỡ sinh viên khi không hiểu bài .",positive,hanh_vi
1756,"nói nhanh quá , nên nhấn mạnh ở những cái đáng chú ý .",negative,ky_nang_giang_day
1756,"nói nhanh quá , nên nhấn mạnh ở những cái đáng chú ý .",positive,de_xuat
1757,tài liệu ít được cập nhật .,negative,cung_cap_tai_lieu
1758,em không có bất cứ sự hài lòng nào đối với hoạt động giảng dạy của giảng viên wzjwz297 .,negative,ky_nang_giang_day
1759,"giáo viên thường xuyên gây cười , tạo hứng thú học tập .",positive,hanh_vi
1760,"nên đa phần chúng em phải chia nhau ra để học , như vậy chất lượng rất khó đảm bảo .",negative,de_xuat
1761,"nhiệt tình , tận tụy .",positive,hanh_vi
1762,"giáo viên cung cấp tài liệu đầy đủ , đến lớp đúng giờ , dạy nhiệt tình .",positive,hanh_vi
1762,"giáo viên cung cấp tài liệu đầy đủ , đến lớp đúng giờ , dạy nhiệt tình .",positive,cung_cap_tai_lieu
1763,slide tiếng việt của trường có nhiều chỗ bị sai .,negative,cung_cap_tai_lieu
1764,rất thích phong cách dạy của thầy x .,positive,ky_nang_giang_day
1765,"cô rất nhiệt tình , tâm lý với sinh viên .",positive,hanh_vi
1766,"phương pháp dạy học không hấp dẫn , nhàm chán , khả năng truyền đạt chưa hiệu quả .",negative,ky_nang_giang_day
1767,không có gì để nói .,neutral,noi_chung
1768,"cô dạy rất mơ hồ , không hứng thú , không nhiệt tình giúp đỡ sinh viên .",negative,ky_nang_giang_day
1768,"cô dạy rất mơ hồ , không hứng thú , không nhiệt tình giúp đỡ sinh viên .",negative,hanh_vi
1769,thầy cho nghỉ quá nhiều .,negative,ky_nang_giang_day
1770,"đồng thời , những tiết thực hành giúp em hiểu nhiều hơn những gì em đọc từ tài liệu .",positive,ky_nang_giang_day
1770,"đồng thời , những tiết thực hành giúp em hiểu nhiều hơn những gì em đọc từ tài liệu .",positive,kinh_nghiem
1771,"rèn luyện kiến thức chuyên môn , tận tâm , nhiệt tình hơn .",positive,hanh_vi
1771,"rèn luyện kiến thức chuyên môn , tận tâm , nhiệt tình hơn .",positive,kien_thuc
1772,đảm bảo thời gian lên lớp và sử dụng thời gian lên lớp hiệu quả .,neutral,chuong_trinh_hoc
1773,thầy không tạo được cảm hứng cho học sinh .,negative,ky_nang_giang_day
1774,giảng viên dạy có tâm huyết .,positive,hanh_vi
1775,giảng viên rất hay .,positive,ky_nang_giang_day
1776,"giáo viên nhiệt tình , luôn đảm bảo giờ lên lớp , truyền đạt kiến thức hiệu quả .",positive,ky_nang_giang_day
1776,"giáo viên nhiệt tình , luôn đảm bảo giờ lên lớp , truyền đạt kiến thức hiệu quả .",positive,hanh_vi
1776,"giáo viên nhiệt tình , luôn đảm bảo giờ lên lớp , truyền đạt kiến thức hiệu quả .",positive,kien_thuc
1777,thêm nhiều kiến thức ngoài mới .,neutral,de_xuat
1778,chất lượng đào tạo môn học hiện nay tương đối đạt .,positive,chuong_trinh_hoc
1779,"chứ em nghĩ phần thư viện standford dùng để phân loại văn bản theo phương pháp naive bayes mà thầy wzjwz133 sử dụng và áp dụng được chắc cần thời gian để nghiên cứu , tìm hiểu mà không được công bố và cho sinh viên áp dụng thì uổng và tội cho thầy wzjwz133 quá !",negative,hanh_vi
1779,"chứ em nghĩ phần thư viện standford dùng để phân loại văn bản theo phương pháp naive bayes mà thầy wzjwz133 sử dụng và áp dụng được chắc cần thời gian để nghiên cứu , tìm hiểu mà không được công bố và cho sinh viên áp dụng thì uổng và tội cho thầy wzjwz133 quá !",negative,cung_cap_tai_lieu
1780,không nắm bắt được kiến thức môn học .,negative,kien_thuc
1781,giảng dạy dễ hiểu và có tâm .,positive,ky_nang_giang_day
1781,giảng dạy dễ hiểu và có tâm .,positive,hanh_vi
1782,giáo viên thường xuyên cho nghỉ .,negative,hanh_vi
1783,cô hướng dẫn nhiệt tình và tận tâm với sinh viên trong môn học .,positive,hanh_vi
1784,sự nhiệt tình và tận tình của giáo viên .,positive,hanh_vi
1785,tài liệu sử dụng nhiều kí hiệu nhưng không rõ ràng và các định nghĩa mang tính tổng quát quá cao gây sự khó hiểu cho sinh viên và khó khăn cho sự truyền đạt của giảng viên .,negative,ky_nang_giang_day
1785,tài liệu sử dụng nhiều kí hiệu nhưng không rõ ràng và các định nghĩa mang tính tổng quát quá cao gây sự khó hiểu cho sinh viên và khó khăn cho sự truyền đạt của giảng viên .,negative,cung_cap_tai_lieu
1786,"khả năng truyền đạt kiến thức chưa cao , nhiều sinh viên khó hiểu .",negative,ky_nang_giang_day
1787,"thầy cho điểm bằng đồ án , rất thực tế !",positive,kinh_nghiem
1787,"thầy cho điểm bằng đồ án , rất thực tế !",positive,cham_diem
1788,về cách cho sinh viên thảo luận nhóm .,neutral,ky_nang_giang_day
1789,quá dễ thương nên học sinh khó lòng mà rớt được .,neutral,noi_chung
1790,thầy dạy chán .,negative,ky_nang_giang_day
1791,thầy nói tiếng anh dễ hiểu nhưng đôi lúc quá nhanh .,negative,ky_nang_giang_day
1792,"không biết là do môn khó hay sao nhưng em vẫn không hiểu gì về môn này , giáo viên dạy nghe chán chán , không hào hứng học tập .",negative,ky_nang_giang_day
1792,"không biết là do môn khó hay sao nhưng em vẫn không hiểu gì về môn này , giáo viên dạy nghe chán chán , không hào hứng học tập .",negative,hanh_vi
1793,chứ nói thật là bọn em làm bài tập tại lớp không kịp ạ .,negative,bai_tap
1794,cho lớp leo cây nhiều quá .,negative,bai_tap
1795,cô trả lời các câu hỏi của sinh viên khá chi tiết !,positive,hanh_vi
1796,cách truyền đạt tốt .,positive,ky_nang_giang_day
1797,"dễ hiểu , được thực hành nhiều , sôi nổi .",positive,ky_nang_giang_day
1797,"dễ hiểu , được thực hành nhiều , sôi nổi .",positive,kinh_nghiem
1797,"dễ hiểu , được thực hành nhiều , sôi nổi .",positive,hanh_vi
1798,"sự nhiệt tình , năng động , kiến thức tốt , xinh đẹp , dễ mến , vui vẻ , phát âm chuẩn .",positive,hanh_vi
1798,"sự nhiệt tình , năng động , kiến thức tốt , xinh đẹp , dễ mến , vui vẻ , phát âm chuẩn .",positive,kien_thuc
1799,khả năng truyền đạt lại kiến thức không được tốt .,negative,ky_nang_giang_day
1800,thầy rất hiền và nhiệt tình trong từng tiết học .,positive,hanh_vi
1801,cách thức thông báo qua facebook không hiệu quả .,negative,noi_chung
1802,minh họa thực tiễn bài học trên máy tính giúp sinh viên hiểu rõ vấn đề .,positive,ky_nang_giang_day
1802,minh họa thực tiễn bài học trên máy tính giúp sinh viên hiểu rõ vấn đề .,positive,kinh_nghiem
1803,"thầy giảng hơi khó hiểu , phức tạp hóa vấn đề , hơi chậm .",negative,ky_nang_giang_day
1804,giảng viên nhiệt tình truyền đạt kiến thức cho sinh viên .,positive,ky_nang_giang_day
1804,giảng viên nhiệt tình truyền đạt kiến thức cho sinh viên .,positive,hanh_vi
1804,giảng viên nhiệt tình truyền đạt kiến thức cho sinh viên .,positive,kien_thuc
1805,"thầy truyền đạt kiến thức tốt , phương pháp hiệu quả để em tiếp thu được môn học .",positive,ky_nang_giang_day
1805,"thầy truyền đạt kiến thức tốt , phương pháp hiệu quả để em tiếp thu được môn học .",positive,kien_thuc
1806,nhất là hạn chế tối đa việc thay đổi phương pháp dạy liên tục dù biết thầy chỉ có ý tốt cho sinh viên nhưng lại có tác dụng ngược .,negative,ky_nang_giang_day
1806,nhất là hạn chế tối đa việc thay đổi phương pháp dạy liên tục dù biết thầy chỉ có ý tốt cho sinh viên nhưng lại có tác dụng ngược .,neutral,de_xuat
1807,ít vận dụng nhiều vào thực tiễn .,negative,kinh_nghiem
1808,có vài điều bất cập là cô giảng đôi lúc giống như hơi đuối .,negative,ky_nang_giang_day
1809,thầy là người dạy môn chính trị có hồn nhất em từng học .,positive,ky_nang_giang_day
1809,thầy là người dạy môn chính trị có hồn nhất em từng học .,positive,hanh_vi
1810,"giảng viên yêu cầu cao , khó khăn , gây áp lực tạo sự chán nản cho sinh viên .",negative,ky_nang_giang_day
1810,"giảng viên yêu cầu cao , khó khăn , gây áp lực tạo sự chán nản cho sinh viên .",negative,hanh_vi
1811,"giảng viên dễ mến , dễ gần gũi với sinh viên .",positive,hanh_vi
1812,"thầy dạy nhiệt tình , tốt nhưng không phù hợp với tôi .",positive,hanh_vi
1813,"cho ít bài tập , ví dụ cho dễ , bài tập cho khó hơn nhiều , thầy chép lý thuyết trên bảng và đọc lại y chang , sinh viên không có kỹ năng giải bài tập một cách uyển chuyển .",negative,ky_nang_giang_day
1813,"cho ít bài tập , ví dụ cho dễ , bài tập cho khó hơn nhiều , thầy chép lý thuyết trên bảng và đọc lại y chang , sinh viên không có kỹ năng giải bài tập một cách uyển chuyển .",negative,bai_tap
1814,tài liệu nên được đưa lên moodle .,neutral,cung_cap_tai_lieu
1814,tài liệu nên được đưa lên moodle .,neutral,de_xuat
1815,"không đảm bảo thời gian dạy học , thường dạy quá giờ .",negative,ky_nang_giang_day
1816,thầy dạy tâm huyết .,positive,hanh_vi
1817,cô dạy quá nhanh .,negative,ky_nang_giang_day
1818,không sử dung tiếng anh trong lúc giảng bài lý thuyết để rồi cả slide bằng tiếng anh cũng không hiểu .,negative,ky_nang_giang_day
1818,không sử dung tiếng anh trong lúc giảng bài lý thuyết để rồi cả slide bằng tiếng anh cũng không hiểu .,negative,cung_cap_tai_lieu
1819,thầy giảng dạy nhiều kiến thức .,positive,kien_thuc
1820,"thực hành một đằng , lý thuyết một nẻo !",negative,kinh_nghiem
1820,"thực hành một đằng , lý thuyết một nẻo !",negative,chuong_trinh_hoc
1821,"giáo viên vui tính , dễ gần , đôi khi hài hước , giúp sinh viên thoải mái tiếp thu kiến thức .",positive,ky_nang_giang_day
1821,"giáo viên vui tính , dễ gần , đôi khi hài hước , giúp sinh viên thoải mái tiếp thu kiến thức .",positive,hanh_vi
1822,cô wzjwz194 is the best !,positive,hanh_vi
1823,"cô nhiệt tình , thương học sinh .",positive,hanh_vi
1824,"nội dung giảng dạy hơi khó hiểu , đi nhanh , sinh viên khó nắm bắt kịp bài giảng .",negative,ky_nang_giang_day
1825,do việc có giáo viên khác vào dạy thế trong khoảng sau giữa kỳ nên đã xảy ra một số nhầm lẫn về bài học và cách thức tính điểm đồ án nên dẫn đến một số bạn bị điểm thấp .,negative,ky_nang_giang_day
1825,do việc có giáo viên khác vào dạy thế trong khoảng sau giữa kỳ nên đã xảy ra một số nhầm lẫn về bài học và cách thức tính điểm đồ án nên dẫn đến một số bạn bị điểm thấp .,negative,cham_diem
1826,cần có thiết bị và phòng học hợp lý hơn .,negative,thiet_bi_day_hoc
1826,cần có thiết bị và phòng học hợp lý hơn .,negative,de_xuat
1827,giảng dạy không truyền đạt được kiến thức nhiều cho sinh viên .,negative,ky_nang_giang_day
1828,có chia sẻ phương pháp học cho sinh viên .,neutral,ky_nang_giang_day
1829,đối với người lần đầu tìm hiểu directx với những yêu cầu đặt ra là rất khó .,negative,ky_nang_giang_day
1830,giảng dạy thật sự quá nhanh !,negative,ky_nang_giang_day
1831,vui tính dễ chịu với sinh viên .,positive,hanh_vi
1832,"môn học cung cấp nhiều kiến thức cần thiết , đặc biệt là cô dạy rất tận tâm và hướng đến sinh viên .",positive,hanh_vi
1832,"môn học cung cấp nhiều kiến thức cần thiết , đặc biệt là cô dạy rất tận tâm và hướng đến sinh viên .",positive,kien_thuc
1833,do nghỉ cho năm nhất học quốc phòng nên quá trình học bị gián đoạn .,negative,chuong_trinh_hoc
1834,"truyền đạt dễ hiểu , nhiệt tình giảng bài , dễ mến .",positive,ky_nang_giang_day
1834,"truyền đạt dễ hiểu , nhiệt tình giảng bài , dễ mến .",positive,hanh_vi
1835,dạy chưa nhiệt tình .,negative,hanh_vi
1836,"cô dạy rất hay , cuốn hút .",positive,ky_nang_giang_day
1837,môn học này rất thú vị và có ứng dụng nhiều trong thực tiễn cuộc sống !,positive,kinh_nghiem
1837,môn học này rất thú vị và có ứng dụng nhiều trong thực tiễn cuộc sống !,positive,kien_thuc
1838,"bám quá sát slide , ít khi đưa ra ý tưởng mới .",negative,ky_nang_giang_day
1839,cô dạy rất hay và dễ hiểu .,positive,ky_nang_giang_day
1840,"giảng viên tận tình , hay giúp đỡ sinh viên .",positive,hanh_vi
1841,em nghĩ nên giảm bớt chương trình đào tạo với môn này .,negative,chuong_trinh_hoc
1841,em nghĩ nên giảm bớt chương trình đào tạo với môn này .,neutral,de_xuat
1842,khuyến nghị nên chia 3 tiết 1 buổi .,neutral,chuong_trinh_hoc
1842,khuyến nghị nên chia 3 tiết 1 buổi .,neutral,de_xuat
1843,"bài tập hay , nâng cao .",positive,bai_tap
1844,phong cách giảng bài của cô tạo sự cuốn hút người nghe cảm giác thoải mái .,positive,ky_nang_giang_day
1845,"giáo viên nên tránh giảng dài dòng , dễ gây khó hiểu cho sinh viên .",negative,ky_nang_giang_day
1845,"giáo viên nên tránh giảng dài dòng , dễ gây khó hiểu cho sinh viên .",negative,de_xuat
1846,kiểu đề thi trắc nghiệm quá phức tạp .,negative,chuong_trinh_hoc
1847,thường xuyên cho bài tập làm trên lớp để nắm bài .,neutral,bai_tap
1848,cách giảng dạy hay .,positive,ky_nang_giang_day
1849,có nhiều bài toán liên quan thực tiễn .,neutral,kinh_nghiem
1849,có nhiều bài toán liên quan thực tiễn .,neutral,bai_tap
1850,thầy cho chép nhiều .,negative,bai_tap
1851,thầy dạy hay và tận tình .,positive,ky_nang_giang_day
1851,thầy dạy hay và tận tình .,positive,hanh_vi
1852,"dễ chịu và giảng dễ hiểu , tạo cảm giác thích thú cho sinh viên .",positive,ky_nang_giang_day
1852,"dễ chịu và giảng dễ hiểu , tạo cảm giác thích thú cho sinh viên .",positive,hanh_vi
1853,áp dụng bài học vào thực tế .,positive,kinh_nghiem
1854,"phương pháp giảng dạy hay , thu hút .",positive,ky_nang_giang_day
1855,em nghĩ nhà trường nên kiểm tra kỹ trình độ giảng viên trước khi bố trí để họ dạy một môn học nào đó .,negative,ky_nang_giang_day
1855,em nghĩ nhà trường nên kiểm tra kỹ trình độ giảng viên trước khi bố trí để họ dạy một môn học nào đó .,positive,de_xuat
1856,nhiều lúc cô wzjwz233 hơi nhầm lẫn .,negative,hanh_vi
1857,nếu không thì coi như lớp đi toi .,neutral,noi_chung
1858,khả năng truyền đạt kiến thức sinh viên khó tiếp thu hết .,negative,ky_nang_giang_day
1859,"giảng viên có các hoạt động phù hợp với nội dung bài học , tận tâm , nhiệt tình .",positive,ky_nang_giang_day
1859,"giảng viên có các hoạt động phù hợp với nội dung bài học , tận tâm , nhiệt tình .",positive,hanh_vi
1860,cô dạy vui .,positive,ky_nang_giang_day
1861,thầy nói khá nhỏ và nhanh cũng không sử dụng giáo án điện tử làm học sinh rất khó tiếp thu .,negative,ky_nang_giang_day
1861,thầy nói khá nhỏ và nhanh cũng không sử dụng giáo án điện tử làm học sinh rất khó tiếp thu .,negative,cung_cap_tai_lieu
1862,"cho sinh viên sử dụng bóng không đạt yêu cầu , đa số là bóng đã qua sử dụng ( môn bóng đá ) .",negative,thiet_bi_day_hoc
1863,"giảng viên tận tình , dạy hay .",positive,ky_nang_giang_day
1863,"giảng viên tận tình , dạy hay .",positive,hanh_vi
1864,"giảng dạy có tâm huyết với học sinh , và giảng hiệu quả .",positive,ky_nang_giang_day
1864,"giảng dạy có tâm huyết với học sinh , và giảng hiệu quả .",positive,hanh_vi
1865,"cô dạy rất nhiệt tình , giảng rất hay .",positive,ky_nang_giang_day
1865,"cô dạy rất nhiệt tình , giảng rất hay .",positive,hanh_vi
1866,"thầy wzjwz14 rất tận tâm truyền dạy không những kiến thức chuyên môn mà còn rất nhiều kiến thức , kinh nghiệm quý về cuộc sống .",positive,ky_nang_giang_day
1866,"thầy wzjwz14 rất tận tâm truyền dạy không những kiến thức chuyên môn mà còn rất nhiều kiến thức , kinh nghiệm quý về cuộc sống .",positive,kinh_nghiem
1866,"thầy wzjwz14 rất tận tâm truyền dạy không những kiến thức chuyên môn mà còn rất nhiều kiến thức , kinh nghiệm quý về cuộc sống .",positive,hanh_vi
1866,"thầy wzjwz14 rất tận tâm truyền dạy không những kiến thức chuyên môn mà còn rất nhiều kiến thức , kinh nghiệm quý về cuộc sống .",positive,kien_thuc
1867,"em rất đồng tình với cách thông tin đến sinh viên của thầy wzjwz134 , thầy thông tin cho sinh viên qua facebook giúp sinh viên nắm thông tin nhanh hơn qua trang courses hay daa .",positive,hanh_vi
1868,"giảng viên tận tâm , nhiệt tình , kiến thức và khả năng truyền đạt của giảng viên rất tốt .",positive,ky_nang_giang_day
1868,"giảng viên tận tâm , nhiệt tình , kiến thức và khả năng truyền đạt của giảng viên rất tốt .",positive,hanh_vi
1868,"giảng viên tận tâm , nhiệt tình , kiến thức và khả năng truyền đạt của giảng viên rất tốt .",positive,kien_thuc
1869,dễ tiếp thu .,positive,ky_nang_giang_day
1870,thầy có phương pháp giảng dạy hiệu quả .,positive,ky_nang_giang_day
1871,"anh văn ở đại học không thể dạy giống như cấp 3 được khi cô dạy lớp im không sôi nổi , chỉ có vài người giơ tay vì câu hỏi không mang tính tương tác , câu trả lời có sẵn trong bài chỉ cần đọc lên nên nhiều người chán không giơ tay , đi học chỉ để điểm danh .",negative,ky_nang_giang_day
1871,"anh văn ở đại học không thể dạy giống như cấp 3 được khi cô dạy lớp im không sôi nổi , chỉ có vài người giơ tay vì câu hỏi không mang tính tương tác , câu trả lời có sẵn trong bài chỉ cần đọc lên nên nhiều người chán không giơ tay , đi học chỉ để điểm danh .",negative,hanh_vi
1872,"thực sự thì khả năng truyền đạt không hấp dẫn , dễ buồn ngủ và khó hiểu .",negative,ky_nang_giang_day
1873,tài liệu của môn này quá ít .,negative,cung_cap_tai_lieu
1874,giảng viên nên chấm deadline về nhà sớm hơn .,negative,bai_tap
1874,giảng viên nên chấm deadline về nhà sớm hơn .,neutral,de_xuat
1875,giảng viên giảng dạy rất tận tâm .,positive,hanh_vi
1876,em cảm thấy hài lòng với môn này .,positive,noi_chung
1877,thầy lên lớp sớm .,positive,hanh_vi
1878,giúp sinh viên nâng cao được khả năng lập trình .,positive,noi_chung
1879,"thầy thông cảm cho sinh viên , ra bài tập vừa sức .",positive,hanh_vi
1879,"thầy thông cảm cho sinh viên , ra bài tập vừa sức .",positive,bai_tap
1880,cần mớ lớp anh văn thêm để nâng cao trình độ cho sinh viên .,neutral,chuong_trinh_hoc
1880,cần mớ lớp anh văn thêm để nâng cao trình độ cho sinh viên .,neutral,de_xuat
1881,thầy nói rất lôi cuốn ( mặc dù không cần micro ) .,positive,ky_nang_giang_day
1881,thầy nói rất lôi cuốn ( mặc dù không cần micro ) .,neutral,thiet_bi_day_hoc
1882,cần tăng thêm số lượng thiết bị thực hành .,negative,thiet_bi_day_hoc
1882,cần tăng thêm số lượng thiết bị thực hành .,negative,de_xuat
1883,mong thầy cho thêm bài tập về nhà và share slide .,neutral,bai_tap
1883,mong thầy cho thêm bài tập về nhà và share slide .,neutral,cung_cap_tai_lieu
1883,mong thầy cho thêm bài tập về nhà và share slide .,neutral,de_xuat
1884,"giáo viên dạy đúng giờ , tận tình giải đáp những thắc mắc của học sinh .",positive,hanh_vi
1885,"nhưng thầy thử nghĩ nếu em muốn ngủ mà cứ phải lên lớp thì thầy có thích khi nhìn xuống lớp giảng viên thì dạy , sinh viên thì ngủ mà vẫn có điểm danh như vậy thì có được không .",negative,hanh_vi
1886,"mở các lớp tiếng anh tăng cường , để sinh viên được cải tiến chất lượng học tập tốt hơn , không tính điểm vào học phần , học phí có thể không free .",neutral,cham_diem
1886,"mở các lớp tiếng anh tăng cường , để sinh viên được cải tiến chất lượng học tập tốt hơn , không tính điểm vào học phần , học phí có thể không free .",neutral,chuong_trinh_hoc
1886,"mở các lớp tiếng anh tăng cường , để sinh viên được cải tiến chất lượng học tập tốt hơn , không tính điểm vào học phần , học phí có thể không free .",positive,de_xuat
1887,em xim cám ơn !,positive,noi_chung
1888,ôn tập tỉ mỉ .,neutral,noi_chung
1889,sự cố như sau doubledot đang học thì tất cả số đèn của nửa căn phòng đều tắt .,negative,thiet_bi_day_hoc
1890,nhưng một số phần trong môn học em thấy thiếu thực tế ạ .,negative,kinh_nghiem
1890,nhưng một số phần trong môn học em thấy thiếu thực tế ạ .,negative,chuong_trinh_hoc
1891,"cần các thầy xây dựng một bộ giáo trình , tài liệu cụ thể .",negative,cung_cap_tai_lieu
1891,"cần các thầy xây dựng một bộ giáo trình , tài liệu cụ thể .",neutral,de_xuat
1892,thầy rất tâm lý và giảng dạy rất nhiệt tình .,positive,ky_nang_giang_day
1892,thầy rất tâm lý và giảng dạy rất nhiệt tình .,positive,hanh_vi
1893,giảng viên nhiệt tình với sinh viên trong các buổi học .,positive,hanh_vi
1894,"tận tâm , quan tâm sinh viên !",positive,hanh_vi
1895,"giảng viên dạy sinh động , dễ hiểu .",positive,ky_nang_giang_day
1896,thầy nên kết hợp hình ảnh và ví dụ hoá cho từng bước của giải thuật ở trong slide thay vì chữ quá nhiều sẽ khiến sinh viên khó tiếp thu hơn .,negative,ky_nang_giang_day
1896,thầy nên kết hợp hình ảnh và ví dụ hoá cho từng bước của giải thuật ở trong slide thay vì chữ quá nhiều sẽ khiến sinh viên khó tiếp thu hơn .,negative,cung_cap_tai_lieu
1896,thầy nên kết hợp hình ảnh và ví dụ hoá cho từng bước của giải thuật ở trong slide thay vì chữ quá nhiều sẽ khiến sinh viên khó tiếp thu hơn .,positive,de_xuat
1897,"làm các bài lab trên win server 2012 rất khác so với win server 2003, mà lại toàn cho làm các bài lab trên win server 2003, có vẻ cũ .",negative,bai_tap
1897,"làm các bài lab trên win server 2012 rất khác so với win server 2003, mà lại toàn cho làm các bài lab trên win server 2003, có vẻ cũ .",negative,thiet_bi_day_hoc
1898,"giảng viên nên giảng sâu vào chương trình học , tránh lan man , dài dòng .",negative,ky_nang_giang_day
1898,"giảng viên nên giảng sâu vào chương trình học , tránh lan man , dài dòng .",negative,chuong_trinh_hoc
1898,"giảng viên nên giảng sâu vào chương trình học , tránh lan man , dài dòng .",neutral,de_xuat
1899,sự vui vẻ .,positive,noi_chung
1900,có bài tập rõ ràng .,positive,bai_tap
1901,"không rõ "" thu được gì "" từ môn học này .",negative,kien_thuc
1902,"khi có sự cố về các môn học , thầy cũng gặp lớp để trao đổi , và giúp cho các thành viên trong lớp có hướng giải quyết tốt hơn ( không chỉ về môn học của thầy ) .",positive,hanh_vi
1903,cô nhiệt tình và thân thiện .,positive,hanh_vi
1904,chuẩn bị âm thanh trước môn học ổn định để tránh mất thì giờ vì điều chỉnh âm thanh trong phòng học .,negative,thiet_bi_day_hoc
1904,chuẩn bị âm thanh trước môn học ổn định để tránh mất thì giờ vì điều chỉnh âm thanh trong phòng học .,neutral,de_xuat
1905,"thầy nên dạy đúng giờ bắt đầu , đúng giờ kết thúc trừ trường hợp bất khả kháng , bài dài .",negative,hanh_vi
1905,"thầy nên dạy đúng giờ bắt đầu , đúng giờ kết thúc trừ trường hợp bất khả kháng , bài dài .",neutral,de_xuat
1906,sau khi học xong 2 môn học wzjwz168 và wzjwz87 lớp do thầy wzjwz88 làm giảng viên lý thuyết và thầy wzjwz89 làm giảng viên em thấy một điều thế này .,neutral,noi_chung
1907,"giảng viên không sử dụng moodle làm kênh thông tin liên lạc với học sinh , không up slide tài liệu bài giảng lên gây khó khăn cho việc nắm bắt thông tin về yêu cầu môn học và khó khăn trong học tập .",negative,hanh_vi
1907,"giảng viên không sử dụng moodle làm kênh thông tin liên lạc với học sinh , không up slide tài liệu bài giảng lên gây khó khăn cho việc nắm bắt thông tin về yêu cầu môn học và khó khăn trong học tập .",negative,cung_cap_tai_lieu
1908,"giáo viên vui , tạo cảm hứng cho học sinh hoạt động trong lớp , em rất thích .",positive,hanh_vi
1909,cô thường xuyên cung cấp bài tập và kiến thức thực tiễn mà các doanh nghiệp dùng để kiểm tra và giảng bài kỹ càng chi tiết .,positive,kinh_nghiem
1909,cô thường xuyên cung cấp bài tập và kiến thức thực tiễn mà các doanh nghiệp dùng để kiểm tra và giảng bài kỹ càng chi tiết .,positive,bai_tap
1909,cô thường xuyên cung cấp bài tập và kiến thức thực tiễn mà các doanh nghiệp dùng để kiểm tra và giảng bài kỹ càng chi tiết .,positive,kien_thuc
1910,giảng viên dạy hay và nhiệt tình .,positive,ky_nang_giang_day
1911,giáo viên rất nhiệt tình giảng dạy cho sinh viên .,positive,hanh_vi
1912,thầy giảng thường không đúng trọng tâm bài .,negative,ky_nang_giang_day
1913,phòng học ngay cạnh bên công trường .,neutral,thiet_bi_day_hoc
1914,"môn thực hành cần có bài tập về nhà , tài liệu cập nhật rõ ràng hơn .",negative,bai_tap
1914,"môn thực hành cần có bài tập về nhà , tài liệu cập nhật rõ ràng hơn .",negative,cung_cap_tai_lieu
1914,"môn thực hành cần có bài tập về nhà , tài liệu cập nhật rõ ràng hơn .",positive,de_xuat
1915,"giảng hay , nhiệt tình vui vẻ và rất quan tâm đến sinh viên .",positive,ky_nang_giang_day
1915,"giảng hay , nhiệt tình vui vẻ và rất quan tâm đến sinh viên .",positive,hanh_vi
1916,"giáo viên tận tình , giảng bài dễ hiểu .",positive,ky_nang_giang_day
1916,"giáo viên tận tình , giảng bài dễ hiểu .",positive,hanh_vi
1917,không có bài giảng trên moodle .,negative,cung_cap_tai_lieu
1918,nói nhanh trong lúc giảng bài .,negative,ky_nang_giang_day
1919,thầy dạy khá dễ hiểu .,positive,ky_nang_giang_day
1920,"nhiệt tình với tất cả các câu hổi , ý kiến của sinh viên .",positive,hanh_vi
1921,"cô rất nhiệt tình , luôn tận tâm truyền đạt kiến thức cho sinh viên .",positive,ky_nang_giang_day
1921,"cô rất nhiệt tình , luôn tận tâm truyền đạt kiến thức cho sinh viên .",positive,hanh_vi
1921,"cô rất nhiệt tình , luôn tận tâm truyền đạt kiến thức cho sinh viên .",positive,kien_thuc
1922,thầy bận đôi khi nghỉ không báo trước .,negative,hanh_vi
1923,"thầy wzjwz255 dạy nhiệt tình , có pha chút hài hước để lớp thoải mái .",positive,ky_nang_giang_day
1923,"thầy wzjwz255 dạy nhiệt tình , có pha chút hài hước để lớp thoải mái .",positive,hanh_vi
1924,"thầy dạy rất tâm huyết , dạy chậm và kỹ lưỡng .",positive,ky_nang_giang_day
1925,thầy vui lòng soạn slide bài giảng để tụi em có thể ôn bài ở nhà .,negative,cung_cap_tai_lieu
1925,thầy vui lòng soạn slide bài giảng để tụi em có thể ôn bài ở nhà .,neutral,de_xuat
1926,mong cô sẽ truyền đạt một cách nhiệt huyết hơn nữa .,negative,ky_nang_giang_day
1926,mong cô sẽ truyền đạt một cách nhiệt huyết hơn nữa .,positive,de_xuat
1927,thầy nhiệt tình !,positive,hanh_vi
1928,thầy cho nhiều bài tập ok .,positive,bai_tap
1929,tiết học sinh động .,positive,ky_nang_giang_day
1930,"giảng viên nhiệt tình , khả năng truyền đạt tốt , tạo cảm hứng cho sinh viên muốn lên lớp .",positive,ky_nang_giang_day
1930,"giảng viên nhiệt tình , khả năng truyền đạt tốt , tạo cảm hứng cho sinh viên muốn lên lớp .",positive,hanh_vi
1931,nguồn tài liệu tự học không nhiều .,negative,cung_cap_tai_lieu
1932,"cô dạy nhiệt tình , có bài tập rèn luyện .",positive,hanh_vi
1932,"cô dạy nhiệt tình , có bài tập rèn luyện .",neutral,bai_tap
1933,"truyền đạt tốt , giọng nói to rõ ràng .",positive,ky_nang_giang_day
1934,thầy wzjwz214 giảng rất hay và đưa ra nhiều ví dụ thực tiễn dễ hiểu .,positive,ky_nang_giang_day
1934,thầy wzjwz214 giảng rất hay và đưa ra nhiều ví dụ thực tiễn dễ hiểu .,positive,kinh_nghiem
1935,ngôn ngữ thực hành các bài lab của từng bộ môn nên được trang bị trước cho sinh viên .,neutral,cung_cap_tai_lieu
1935,ngôn ngữ thực hành các bài lab của từng bộ môn nên được trang bị trước cho sinh viên .,neutral,de_xuat
1936,slide hướng dẫn rất trực quan và bổ ích .,positive,cung_cap_tai_lieu
1937,không có tính thực tiễn .,negative,kinh_nghiem
1938,"không biết là học để làm gì , nên đi sâu vào chuyên ngành từng khoa .",negative,chuong_trinh_hoc
1938,"không biết là học để làm gì , nên đi sâu vào chuyên ngành từng khoa .",neutral,de_xuat
1939,cô wzjwz204 giảng dạy rất nhiệt tình và chuyên nghiệp .,positive,ky_nang_giang_day
1939,cô wzjwz204 giảng dạy rất nhiệt tình và chuyên nghiệp .,positive,hanh_vi
1940,thầy dạy nhiệt tình nhưng cách dạy của thầy hơi khô khan .,negative,ky_nang_giang_day
1940,thầy dạy nhiệt tình nhưng cách dạy của thầy hơi khô khan .,positive,hanh_vi
1941,"giảng viên đã kết hợp vừa học lý thuyết vừa giải bài tập giúp sinh viên dễ tiếp thu kiến thức , kỹ năng mới .",positive,ky_nang_giang_day
1942,đề hơi khó với thực tế .,negative,bai_tap
1943,"thấy rất giỏi và dạy rất tốt , nhiệt tình , dễ hiểu .",positive,ky_nang_giang_day
1943,"thấy rất giỏi và dạy rất tốt , nhiệt tình , dễ hiểu .",positive,hanh_vi
1944,"cung cấp đủ tài liệu về môn học , giảng viên tâm huyết với lớp .",positive,hanh_vi
1944,"cung cấp đủ tài liệu về môn học , giảng viên tâm huyết với lớp .",positive,cung_cap_tai_lieu
1945,"cô dạy rất chi tiết , dễ hiểu , biết cách truyền cảm hứng cho sinh viên .",positive,ky_nang_giang_day
1946,tiếp thu được nhiều kiến thức .,positive,kien_thuc
1947,cách truyền đạt của giảng viên tốt .,positive,ky_nang_giang_day
1948,giảng viên nên cũng cấp slide cho sinh viên .,negative,cung_cap_tai_lieu
1948,giảng viên nên cũng cấp slide cho sinh viên .,neutral,de_xuat
1949,các giảng viên cần thống nhất chương trình dạy giữa các lớp với nhau .,negative,chuong_trinh_hoc
1949,các giảng viên cần thống nhất chương trình dạy giữa các lớp với nhau .,neutral,de_xuat
1950,chưa có nhiều bài tập cho sinh viên .,negative,bai_tap
1951,"môn này rất chán , giáo viên dạy cũng chán , nói chung vô cùng không hài lòng với môn này .",negative,ky_nang_giang_day
1952,rất nhiệt tình .,positive,hanh_vi
1953,nên cập nhật kiến thức thực tiễn .,negative,kien_thuc
1953,nên cập nhật kiến thức thực tiễn .,neutral,de_xuat
1954,còn một số mục khó nhưng hay thì cô lại dạy lướt qua .,negative,ky_nang_giang_day
1955,cô chỉ dạy lý thuyết một cách cứng nhắc .,negative,ky_nang_giang_day
1956,thầy giảng bài khó hiểu quá .,negative,ky_nang_giang_day
1957,được thực hành những bài tập mang tính vận dụng kiến thức đã học cao .,positive,kinh_nghiem
1957,được thực hành những bài tập mang tính vận dụng kiến thức đã học cao .,positive,bai_tap
1958,"giảng viên ghi chép quá nhiều , tốn thời gian .",negative,ky_nang_giang_day
1959,dạy rất sát với giáo trình của trường đưa ra .,positive,chuong_trinh_hoc
1960,"dạy theo phương pháp truyền thống , lối mòn , lặp khuông như dạy ngữ pháp , giải bài tập .",negative,ky_nang_giang_day
1961,giọng cô dễ nghe .,positive,ky_nang_giang_day
1962,nội dung giảng dạy của giảng viên còn sơ sài .,negative,kien_thuc
1963,tiếng anh .,neutral,noi_chung
1964,"thiết bị về máy chiếu chưa được tốt , mong nhà trường tạo điều kiện .",negative,thiet_bi_day_hoc
1964,"thiết bị về máy chiếu chưa được tốt , mong nhà trường tạo điều kiện .",neutral,de_xuat
1965,bài tập về nhà hơi khó .,negative,bai_tap
1966,thầy quá tuyệt vời coloncontemn .,positive,hanh_vi
1967,"giảng viên dạy rất kỹ , quan tâm đến sinh viên .",positive,ky_nang_giang_day
1967,"giảng viên dạy rất kỹ , quan tâm đến sinh viên .",positive,hanh_vi
1968,cần cung cấp nhiều thông tin bài học hơn .,neutral,cung_cap_tai_lieu
1968,cần cung cấp nhiều thông tin bài học hơn .,neutral,de_xuat
1969,"một số kiến thức chỉ được giới hạn trong khuôn khổ của môn học , cần phát huy thêm khả năng tìm tòi sáng tạo của sinh viên trong các định lý định nghĩa có sẵn .",negative,kien_thuc
1969,"một số kiến thức chỉ được giới hạn trong khuôn khổ của môn học , cần phát huy thêm khả năng tìm tòi sáng tạo của sinh viên trong các định lý định nghĩa có sẵn .",negative,chuong_trinh_hoc
1969,"một số kiến thức chỉ được giới hạn trong khuôn khổ của môn học , cần phát huy thêm khả năng tìm tòi sáng tạo của sinh viên trong các định lý định nghĩa có sẵn .",neutral,de_xuat
1970,"hệ thống chấm điểm wecode kém thông minh , thường hay chấm sai cho những kết quả tương đương với kết quả đúng , thường gặp nhiều lỗi ngớ ngẩn .",negative,cham_diem
1971,giảng viên và trợ giảng đều rất nhiệt tình quan tâm đến học sinh .,positive,hanh_vi
1972,cần nêu các công thức cơ bản khi dạy anh văn bổ túc .,negative,cung_cap_tai_lieu
1972,cần nêu các công thức cơ bản khi dạy anh văn bổ túc .,neutral,de_xuat
1973,có nhiều kiến thức bổ ích cho sinh viên và rất tận tâm .,positive,hanh_vi
1973,có nhiều kiến thức bổ ích cho sinh viên và rất tận tâm .,positive,kien_thuc
1974,tập trung vào giải thích vài kiến thức cơ bản .,neutral,ky_nang_giang_day
1975,thầy rất tốt với học sinh .,positive,hanh_vi
1976,tăng cường chất lượng wifi cho các phòng lab .,negative,thiet_bi_day_hoc
1976,tăng cường chất lượng wifi cho các phòng lab .,positive,de_xuat
1977,"em đã đi làm , em không phủ nhận những kiến kiến nền tảng trên trường đại học nhưng thực sự tụi em phải trải qua quá trình đào tạo rèn luyện lại để phù hợp với môi trường doanh nghiệp .",negative,chuong_trinh_hoc
1978,"nên có những giáo trình hướng dẫn giải bài tập nhiều hơn vì trong trường dường như chỉ có 1 , 2 loại giáo trình bao gồm cả lý thuyết và bài tập chứ không có giáo trình hướng dẫn giải bài tập .",negative,cung_cap_tai_lieu
1978,"nên có những giáo trình hướng dẫn giải bài tập nhiều hơn vì trong trường dường như chỉ có 1 , 2 loại giáo trình bao gồm cả lý thuyết và bài tập chứ không có giáo trình hướng dẫn giải bài tập .",neutral,de_xuat
1979,nên đơn giản hóa với các phần không quan trọng .,neutral,chuong_trinh_hoc
1979,nên đơn giản hóa với các phần không quan trọng .,neutral,de_xuat
1980,đưa slide bài giảng còn thiếu nội dung .,negative,cung_cap_tai_lieu
1981,giảng viên có việc bận cho nghỉ nhiều .,negative,hanh_vi
1982,nên hơi choáng do tự học quá nhiều .,negative,noi_chung
1983,"môn nhập môn quản trị doanh nghiệp thầy wzjwz111 dạy thường xuyên nghỉ học , lại không có thông báo trước .",negative,hanh_vi
1984,nói hơi nhanh .,negative,ky_nang_giang_day
1985,giải bài tập về nhà .,neutral,bai_tap
1986,bài tập cô đảm bảo đủ và bám theo nội dung lý thuyết !,positive,bai_tap
1987,giảng dạy hết mình .,positive,ky_nang_giang_day
1988,"sự tận tâm , nhiệt tình , đảm bảo thời gian và kiến thức cho sinh viên .",positive,hanh_vi
1988,"sự tận tâm , nhiệt tình , đảm bảo thời gian và kiến thức cho sinh viên .",positive,kien_thuc
1989,"thầy dạy hay , cho bài tập rất nhiều .",positive,ky_nang_giang_day
1989,"thầy dạy hay , cho bài tập rất nhiều .",neutral,bai_tap
1990,giảng dạy chi tiết .,positive,ky_nang_giang_day