id,text,sentiment,aspect
1,slide giáo trình đầy đủ .,positive,cung_cap_tai_lieu
2,"nhiệt tình giảng dạy , gần gũi với sinh viên .",positive,ky_nang_giang_day
2,"nhiệt tình giảng dạy , gần gũi với sinh viên .",positive,hanh_vi
3,đi học đầy đủ full điểm chuyên cần .,neutral,noi_chung
4,chưa áp dụng công nghệ thông tin và các thiết bị hỗ trợ cho việc giảng dạy .,negative,thiet_bi_day_hoc
5,"thầy giảng bài hay , có nhiều bài tập ví dụ ngay trên lớp .",positive,ky_nang_giang_day
5,"thầy giảng bài hay , có nhiều bài tập ví dụ ngay trên lớp .",positive,bai_tap
6,"giảng viên đảm bảo thời gian lên lớp , tích cực trả lời câu hỏi của sinh viên , thường xuyên đặt câu hỏi cho sinh viên .",positive,ky_nang_giang_day
6,"giảng viên đảm bảo thời gian lên lớp , tích cực trả lời câu hỏi của sinh viên , thường xuyên đặt câu hỏi cho sinh viên .",positive,hanh_vi
7,"em sẽ nợ môn này , nhưng em sẽ học lại ở các học kỳ kế tiếp .",neutral,chuong_trinh_hoc
8,"thời lượng học quá dài , không đảm bảo tiếp thu hiệu quả .",negative,chuong_trinh_hoc
9,"nội dung môn học có phần thiếu trọng tâm , hầu như là chung chung , khái quát khiến sinh viên rất khó nắm được nội dung môn học .",negative,chuong_trinh_hoc
10,cần nói rõ hơn bằng cách trình bày lên bảng thay vì nhìn vào slide .,negative,ky_nang_giang_day
10,cần nói rõ hơn bằng cách trình bày lên bảng thay vì nhìn vào slide .,neutral,de_xuat
11,thầy rất tận tình và đi dạy rất đúng giờ .,positive,hanh_vi
12,dễ bị áp lực .,negative,noi_chung
13,"đang dạy thầy wzjwz208 đi qua nước ngoài giữa chừng , thầy wzjwz209 dạy thay .",negative,hanh_vi
14,môn học còn dễ cần nâng độ khó lên nữa .,negative,chuong_trinh_hoc
14,môn học còn dễ cần nâng độ khó lên nữa .,neutral,de_xuat
15,"có thể cho sinh viên đi thăm quan nhiều công ty xem quy mô và cách làm việc , để giúp hiểu rõ hơn vê ngành mình đang học .",neutral,kinh_nghiem
15,"có thể cho sinh viên đi thăm quan nhiều công ty xem quy mô và cách làm việc , để giúp hiểu rõ hơn vê ngành mình đang học .",neutral,de_xuat
16,hài lòng về tất cả .,positive,noi_chung
17,"nhiệt tình , vui vẻ .",positive,hanh_vi
18,thấy nhiệt tình trong việc trao đổi giúp đỡ về học tập .,positive,hanh_vi
19,phong cách giảng bài của thầy rất gần gũi với sinh viên !,positive,ky_nang_giang_day
20,giảng dạy kết hợp các hoạt động giải trí có hiệu quả .,positive,ky_nang_giang_day
21,cần tạo các buổi seminar để sinh viên có thể hiểu sâu thêm về các vấn đề trong chuyên ngành nhưng không có trong môn học .,negative,chuong_trinh_hoc
21,cần tạo các buổi seminar để sinh viên có thể hiểu sâu thêm về các vấn đề trong chuyên ngành nhưng không có trong môn học .,neutral,de_xuat
22,tiết học thoải mái .,positive,noi_chung
23,"thầy nhiệt tình , quan tâm tới sinh viên .",positive,hanh_vi
24,"giảng dạy nhiệt tình , hướng dẫn chi tiết đến lúc sinh viên hiểu !",positive,ky_nang_giang_day
24,"giảng dạy nhiệt tình , hướng dẫn chi tiết đến lúc sinh viên hiểu !",positive,hanh_vi
25,"chưa có nhiều tiết làm bài tập , chữa bài tập trên lớp .",negative,bai_tap
25,"chưa có nhiều tiết làm bài tập , chữa bài tập trên lớp .",negative,chuong_trinh_hoc
26,tài liệu được bổ sung nhiều và đầy đủ trên moodle .,positive,cung_cap_tai_lieu
27,giảng viên phải nên cho ví dụ cụ thể những phần quan trọng nên nói kỹ có thể lấy ví dụ minh họa tránh việc lập đi lập lại nhiều lần sẽ tạo cảm giác chán cho sinh viên .,negative,ky_nang_giang_day
27,giảng viên phải nên cho ví dụ cụ thể những phần quan trọng nên nói kỹ có thể lấy ví dụ minh họa tránh việc lập đi lập lại nhiều lần sẽ tạo cảm giác chán cho sinh viên .,neutral,de_xuat
28,nên biên soạn một tài liệu của chính trường ta .,neutral,cung_cap_tai_lieu
28,nên biên soạn một tài liệu của chính trường ta .,neutral,de_xuat
29,không giúp đỡ sinh viên trong những vấn đề xung quanh .,negative,hanh_vi
30,"bài tập đa dạng , cụ thể .",positive,bai_tap
31,"nội dung giảng viên yêu câu seminar hầu như không có tài liệu tham khảo và rất ít ứng dụng trong thực tế , đề nghị có sự thay đổi trong những năm học tới .",negative,kinh_nghiem
31,"nội dung giảng viên yêu câu seminar hầu như không có tài liệu tham khảo và rất ít ứng dụng trong thực tế , đề nghị có sự thay đổi trong những năm học tới .",negative,cung_cap_tai_lieu
31,"nội dung giảng viên yêu câu seminar hầu như không có tài liệu tham khảo và rất ít ứng dụng trong thực tế , đề nghị có sự thay đổi trong những năm học tới .",negative,chuong_trinh_hoc
31,"nội dung giảng viên yêu câu seminar hầu như không có tài liệu tham khảo và rất ít ứng dụng trong thực tế , đề nghị có sự thay đổi trong những năm học tới .",neutral,de_xuat
32,slide up đầy đủ trước mỗi buổi học .,positive,cung_cap_tai_lieu
33,"nội dung giảng dạy quá nhàm chán , khô khan .",negative,chuong_trinh_hoc
34,lượng kiến thức quá nhiều trong một học kỳ .,negative,chuong_trinh_hoc
35,thầy chép bảng nhiều .,negative,ky_nang_giang_day
36,"thầy tận tình hướng dẫn cách làm , giải quyết những thắc mắc của sinh viên .",positive,ky_nang_giang_day
36,"thầy tận tình hướng dẫn cách làm , giải quyết những thắc mắc của sinh viên .",positive,hanh_vi
37,"chúc các thầy cô , anh chị làm việc vui vẻ !",positive,noi_chung
38,"hay , nhiệt tình , dễ hiểu .",positive,ky_nang_giang_day
38,"hay , nhiệt tình , dễ hiểu .",positive,hanh_vi
39,"mặc dù nhiệt tình nhưng khi truyền đạt thì lại khó hiểu , sử dụng ngôn từ gây khó khăn cho việc hiểu bài .",negative,ky_nang_giang_day
39,"mặc dù nhiệt tình nhưng khi truyền đạt thì lại khó hiểu , sử dụng ngôn từ gây khó khăn cho việc hiểu bài .",positive,hanh_vi
40,"thầy dạy khá hay , cung cấp nhiều thông tin liên quan đến môn học , đưa ra nhiều hướng giải quyết khi sinh viên gặp vấn đề khó khăn với đồ án !",positive,ky_nang_giang_day
40,"thầy dạy khá hay , cung cấp nhiều thông tin liên quan đến môn học , đưa ra nhiều hướng giải quyết khi sinh viên gặp vấn đề khó khăn với đồ án !",positive,kinh_nghiem
40,"thầy dạy khá hay , cung cấp nhiều thông tin liên quan đến môn học , đưa ra nhiều hướng giải quyết khi sinh viên gặp vấn đề khó khăn với đồ án !",positive,cung_cap_tai_lieu
40,"thầy dạy khá hay , cung cấp nhiều thông tin liên quan đến môn học , đưa ra nhiều hướng giải quyết khi sinh viên gặp vấn đề khó khăn với đồ án !",positive,kien_thuc
41,hy vọng học kỳ sau có thể học được với cô .,positive,de_xuat
42,nhiều khi em lên lớp học môn đặc tả hình thức giống như lên lớp học mà không biết mình học cái gì .,negative,chuong_trinh_hoc
43,trong khi giảng nói nhỏ quá .,negative,ky_nang_giang_day
44,thực hành khó hiểu .,negative,kinh_nghiem
45,"thầy rất tận tâm nhiệt tình , quan tâm đến sinh viên , giảng bài dễ hiểu , kiến thức sâu rộng am hiểu cao .",positive,ky_nang_giang_day
45,"thầy rất tận tâm nhiệt tình , quan tâm đến sinh viên , giảng bài dễ hiểu , kiến thức sâu rộng am hiểu cao .",positive,hanh_vi
45,"thầy rất tận tâm nhiệt tình , quan tâm đến sinh viên , giảng bài dễ hiểu , kiến thức sâu rộng am hiểu cao .",positive,kien_thuc
46,"cô dạy với nhiệt huyết của mình , dù như thế nào , cô vẫn luôn mỉm cười và kiên trì giảng bài cho chúng em đến khi chúng em hiểu .",positive,ky_nang_giang_day
46,"cô dạy với nhiệt huyết của mình , dù như thế nào , cô vẫn luôn mỉm cười và kiên trì giảng bài cho chúng em đến khi chúng em hiểu .",positive,hanh_vi
47,"cô lên lớp đúng giờ , giảng bài rất dễ hiểu cho sinh viên .",positive,ky_nang_giang_day
47,"cô lên lớp đúng giờ , giảng bài rất dễ hiểu cho sinh viên .",positive,hanh_vi
48,"những thông tin cần thiết như doubledot thời gian dealine , cách nộp bài thường không dặn lớp thực hành thứ hai .",negative,bai_tap
48,"những thông tin cần thiết như doubledot thời gian dealine , cách nộp bài thường không dặn lớp thực hành thứ hai .",negative,cung_cap_tai_lieu
49,"thầy nhiệt tình , dễ chịu .",positive,hanh_vi
50,"giảng viên chưa đi sâu vào bản chất của vấn đề , em chỉ học thôi mà không biết bản chất của nó là gì nó có ứng dụng gì sau này cho chuyên nghành của em .",negative,ky_nang_giang_day
50,"giảng viên chưa đi sâu vào bản chất của vấn đề , em chỉ học thôi mà không biết bản chất của nó là gì nó có ứng dụng gì sau này cho chuyên nghành của em .",negative,kinh_nghiem
50,"giảng viên chưa đi sâu vào bản chất của vấn đề , em chỉ học thôi mà không biết bản chất của nó là gì nó có ứng dụng gì sau này cho chuyên nghành của em .",negative,kien_thuc
51,đặc biệt hơn là thầy đã bỏ rất nhiều công sức trong việc ra bài tập và chấm điểm một cách rõ ràng và minh bạch .,positive,hanh_vi
51,đặc biệt hơn là thầy đã bỏ rất nhiều công sức trong việc ra bài tập và chấm điểm một cách rõ ràng và minh bạch .,positive,bai_tap
51,đặc biệt hơn là thầy đã bỏ rất nhiều công sức trong việc ra bài tập và chấm điểm một cách rõ ràng và minh bạch .,positive,cham_diem
52,cô rất nhiệt tình và tận dụng tốt thời gian .,positive,hanh_vi
53,"giảng viên tận tâm , nhiệt huyết trong giảng dạy .",positive,hanh_vi
54,"thầy nhiệt tình , gần gũi .",positive,hanh_vi
55,"giảng viên tận tâm , giảng dễ hiểu , dễ tiếp thu .",positive,ky_nang_giang_day
55,"giảng viên tận tâm , giảng dễ hiểu , dễ tiếp thu .",positive,hanh_vi
56,tạo ra sự cạnh tranh trong mỗi buổi thực hành .,neutral,kinh_nghiem
57,bài tập và có code tham khảo .,positive,bai_tap
57,bài tập và có code tham khảo .,positive,cung_cap_tai_lieu
58,"cần nâng cấp hệ thống wifi , vì khi vào phòng thực hành , sinh viên không thể truy cập internet , buộc phải xin phép ra ngoài để làm bài .",negative,thiet_bi_day_hoc
58,"cần nâng cấp hệ thống wifi , vì khi vào phòng thực hành , sinh viên không thể truy cập internet , buộc phải xin phép ra ngoài để làm bài .",neutral,de_xuat
59,tài liệu không chi tiết lắm .,negative,cung_cap_tai_lieu
60,"tận tâm , nhiệt tình , vui tính , dễ gần với sinh viên .",positive,hanh_vi
61,thầy dạy rất hay và nhiệt tình .,positive,ky_nang_giang_day
61,thầy dạy rất hay và nhiệt tình .,positive,hanh_vi
62,"thầy dạy không đúng giờ , không hướng dẫn sinh viên thực hành .",negative,ky_nang_giang_day
62,"thầy dạy không đúng giờ , không hướng dẫn sinh viên thực hành .",negative,kinh_nghiem
62,"thầy dạy không đúng giờ , không hướng dẫn sinh viên thực hành .",negative,hanh_vi
63,giúp đỡ học sinh quá ít .,negative,hanh_vi
64,cô dạy buồn ngủ quá .,negative,ky_nang_giang_day
65,nên kinh mong nội dung môn học được giảm tải cho phù hợp hơn với đặc thù của một trường công nghệ thông tin .,negative,chuong_trinh_hoc
65,nên kinh mong nội dung môn học được giảm tải cho phù hợp hơn với đặc thù của một trường công nghệ thông tin .,neutral,de_xuat
66,thầy tận tình vui tính .,positive,hanh_vi
67,cô lại kiểu khó tính nữa .,negative,hanh_vi
68,tạo hứng thú cho sinh viên .,positive,ky_nang_giang_day
69,cô giảng hay cuốn hút và truyền đạt dễ hiểu .,positive,ky_nang_giang_day
70,có hứng thú học .,positive,noi_chung
71,ôn tập đúng theo thầy nhưng không biết cuối kỳ được mấy điểm .,neutral,bai_tap
71,ôn tập đúng theo thầy nhưng không biết cuối kỳ được mấy điểm .,negative,cham_diem
72,"giảng viên hướng dẫn cụ thể , chi tiết .",positive,ky_nang_giang_day
73,giáo trình quá ít và nội dung không khác nhau là mấy .,negative,cung_cap_tai_lieu
73,giáo trình quá ít và nội dung không khác nhau là mấy .,negative,chuong_trinh_hoc
74,"giáo viên nghỉ dạy liên tục , cuối học kỳ lại tăng học bù , những tiết học bù đó đã ảnh hưởng đến những đồ án , và trễ deadline .",negative,hanh_vi
74,"giáo viên nghỉ dạy liên tục , cuối học kỳ lại tăng học bù , những tiết học bù đó đã ảnh hưởng đến những đồ án , và trễ deadline .",negative,bai_tap
75,"giáo viên lúc dạy lúc không , không dạy cũng không thông báo , sinh viên tốn thời gian , công sức , tiền bạc rồi ngồi đợi và đi về .",negative,ky_nang_giang_day
75,"giáo viên lúc dạy lúc không , không dạy cũng không thông báo , sinh viên tốn thời gian , công sức , tiền bạc rồi ngồi đợi và đi về .",negative,hanh_vi
76,"cần có một phòng máy tốt hơn , hiện đại hơn .",negative,thiet_bi_day_hoc
76,"cần có một phòng máy tốt hơn , hiện đại hơn .",negative,de_xuat
77,thầy nên cho làm bài tập tương tự nhau nhiều hơn một vài bài để tránh tình trạng quên hoặc các dạng tựa nhau nhưng hơi khác cách làm .,negative,bai_tap
77,thầy nên cho làm bài tập tương tự nhau nhiều hơn một vài bài để tránh tình trạng quên hoặc các dạng tựa nhau nhưng hơi khác cách làm .,neutral,de_xuat
78,"không ngờ môn này lại chán đến như vậy , không học được gì từ môn này , thầy dạy chán kinh khủng , hay đi trễ từ 30 - 45 phút , không nhiệt tình .",negative,ky_nang_giang_day
78,"không ngờ môn này lại chán đến như vậy , không học được gì từ môn này , thầy dạy chán kinh khủng , hay đi trễ từ 30 - 45 phút , không nhiệt tình .",negative,hanh_vi
78,"không ngờ môn này lại chán đến như vậy , không học được gì từ môn này , thầy dạy chán kinh khủng , hay đi trễ từ 30 - 45 phút , không nhiệt tình .",negative,kien_thuc
79,giảng viên đánh giá sai điểm và năng lực của học sinh .,negative,cham_diem
80,không đáp ứng được đề cương môn học đề ra .,negative,chuong_trinh_hoc
81,thầy nên hướng dẫn thực hành nhiều hơn .,negative,ky_nang_giang_day
81,thầy nên hướng dẫn thực hành nhiều hơn .,negative,kinh_nghiem
81,thầy nên hướng dẫn thực hành nhiều hơn .,negative,de_xuat
82,"giảng viên thân thiện , quan tâm tới sinh viên .",positive,hanh_vi
83,"môn lập trình hướng đối tượng nên cập nhật thêm những nội dung mới , dễ hiểu và giảng giải cụ thể hơn .",negative,ky_nang_giang_day
83,"môn lập trình hướng đối tượng nên cập nhật thêm những nội dung mới , dễ hiểu và giảng giải cụ thể hơn .",negative,chuong_trinh_hoc
83,"môn lập trình hướng đối tượng nên cập nhật thêm những nội dung mới , dễ hiểu và giảng giải cụ thể hơn .",neutral,de_xuat
84,"giáo viên nhiệt tình , tâm huyết , khả năng truyền đạt tốt .",positive,ky_nang_giang_day
84,"giáo viên nhiệt tình , tâm huyết , khả năng truyền đạt tốt .",positive,hanh_vi
85,thầy dạy rất tốt và nhiệt tình .,positive,ky_nang_giang_day
85,thầy dạy rất tốt và nhiệt tình .,positive,hanh_vi
86,"cô nói hơi nhỏ , nếu lớp ồn sẽ khó nghe .",negative,ky_nang_giang_day
87,"bài tập cô đưa ra nhiều , và khó tìm hiểu , với kiến thực hiện tại của sinh viên thì khó có thể tìm hiểu và làm tốt bài tập cô ra .",negative,bai_tap
88,bài tập và hoạt động nhóm còn ít .,negative,bai_tap
89,"giảng viên rất nhiệt tình , phương pháp giảng dạy hay , sinh viên nắm bắt kiến thức ngay trên lớp .",positive,ky_nang_giang_day
89,"giảng viên rất nhiệt tình , phương pháp giảng dạy hay , sinh viên nắm bắt kiến thức ngay trên lớp .",positive,hanh_vi
89,"giảng viên rất nhiệt tình , phương pháp giảng dạy hay , sinh viên nắm bắt kiến thức ngay trên lớp .",positive,kien_thuc
90,cô hướng dẫn thực hành khá đầy đủ .,positive,ky_nang_giang_day
91,được học nhiều kinh nghiệm từ thầy wzjwz163 .,positive,kinh_nghiem
92,"kiến thức của thầy rất tốt , bảo đảm giờ lên lớp .",positive,hanh_vi
92,"kiến thức của thầy rất tốt , bảo đảm giờ lên lớp .",positive,kien_thuc
93,hiện tại em chưa thấy tác dụng gì nhiều khi học môn này .,negative,kien_thuc
94,cải thiện lại cơ sở vật chất máy chiếu trong phòng học .,negative,thiet_bi_day_hoc
94,cải thiện lại cơ sở vật chất máy chiếu trong phòng học .,negative,de_xuat
95,dạy không phù hợp với cách học của em .,negative,ky_nang_giang_day
96,giải thích nội dung mới rõ ràng .,positive,ky_nang_giang_day
97,lớp học quá đông !,negative,thiet_bi_day_hoc
98,"môn căn bản mà thầy không dạy cho sinh viên kỹ , gây không hiểu , mất căn bản .",negative,ky_nang_giang_day
99,"giảng viên chưa cho bài tập về nhà để sinh viên làm nên cho 5 bài mỗi chương , không cần chữa chỉ cần đáp án .",negative,bai_tap
99,"giảng viên chưa cho bài tập về nhà để sinh viên làm nên cho 5 bài mỗi chương , không cần chữa chỉ cần đáp án .",neutral,chuong_trinh_hoc
99,"giảng viên chưa cho bài tập về nhà để sinh viên làm nên cho 5 bài mỗi chương , không cần chữa chỉ cần đáp án .",neutral,de_xuat
100,"mà hiện tại trường ta chưa có , đây là thiệt thòi lớn đối với tụi em .",negative,noi_chung
101,tôi cảm thấy giảng viên dạy rất tốt .,positive,ky_nang_giang_day
102,"không biết thầy nào dạy chính thức , mà học thường nghỉ không thông báo trước để sinh viên đứng chờ sắp hết tiết rồi tự về nhiều lần .",negative,hanh_vi
103,cần có sự tương tác giữa giảng viên và sinh viên nhiều hơn .,negative,hanh_vi
103,cần có sự tương tác giữa giảng viên và sinh viên nhiều hơn .,negative,de_xuat
104,giảng viên thân thiện nhiệt tình cởi mở .,positive,hanh_vi
105,"giáo viên có mời các công ty về trình bày , giúp sinh viên cập nhật kiến thức thực tiễn .",positive,ky_nang_giang_day
105,"giáo viên có mời các công ty về trình bày , giúp sinh viên cập nhật kiến thức thực tiễn .",positive,kinh_nghiem
105,"giáo viên có mời các công ty về trình bày , giúp sinh viên cập nhật kiến thức thực tiễn .",positive,kien_thuc
106,coi lại thái độ giảng viên thực hành .,negative,hanh_vi
107,"giảng viên nhiệt tình , giải nhiều bài tập .",positive,ky_nang_giang_day
107,"giảng viên nhiệt tình , giải nhiều bài tập .",positive,hanh_vi
108,bài giảng của thầy rất nhiệt tình .,positive,hanh_vi
109,"môn học chưa thực tiễn , chưa thu hút sinh viên .",negative,kinh_nghiem
109,"môn học chưa thực tiễn , chưa thu hút sinh viên .",negative,chuong_trinh_hoc
110,dạy hơi nhanh !,negative,ky_nang_giang_day
111,ít làm bài tập .,negative,bai_tap
112,"giảng bài kém thu hút , vị trí đứng giảng không hợp lý , ôn tập cuối kỳ còn chưa tập trung vào vấn đề .",negative,ky_nang_giang_day
112,"giảng bài kém thu hút , vị trí đứng giảng không hợp lý , ôn tập cuối kỳ còn chưa tập trung vào vấn đề .",negative,chuong_trinh_hoc
113,"giảng viên nhiệt tình , bài giảng thu hút .",positive,ky_nang_giang_day
113,"giảng viên nhiệt tình , bài giảng thu hút .",positive,hanh_vi
114,"nhờ thầy và giảng viên lý thuyết , em đã hiểu rõ về môn này rất nhiều !",positive,ky_nang_giang_day
114,"nhờ thầy và giảng viên lý thuyết , em đã hiểu rõ về môn này rất nhiều !",positive,kien_thuc
115,môn này khá trừu tượng nên mong thầy có nhiều liên tưởng tới thực tiễn hơn để chúng em có thể hiểu .,negative,ky_nang_giang_day
115,môn này khá trừu tượng nên mong thầy có nhiều liên tưởng tới thực tiễn hơn để chúng em có thể hiểu .,negative,kinh_nghiem
115,môn này khá trừu tượng nên mong thầy có nhiều liên tưởng tới thực tiễn hơn để chúng em có thể hiểu .,neutral,de_xuat
116,cần thêm nhiều tài liệu cho sinh viên .,negative,cung_cap_tai_lieu
116,cần thêm nhiều tài liệu cho sinh viên .,negative,de_xuat
117,bài tập trên lớp .,neutral,bai_tap
118,tăng số tiết dạy lên để sinh viên có nhiều cơ hội hỏi đáp thắc mắc về môn học .,neutral,chuong_trinh_hoc
118,tăng số tiết dạy lên để sinh viên có nhiều cơ hội hỏi đáp thắc mắc về môn học .,neutral,de_xuat
119,thầy nhiệt tình dễ hiểu .,positive,ky_nang_giang_day
119,thầy nhiệt tình dễ hiểu .,positive,hanh_vi
120,thực hành và lý thuyết nên dạy song song .,neutral,ky_nang_giang_day
120,thực hành và lý thuyết nên dạy song song .,neutral,chuong_trinh_hoc
120,thực hành và lý thuyết nên dạy song song .,neutral,de_xuat
121,giảng viên dạy nhanh .,negative,ky_nang_giang_day
122,bài tập trên lớp nên được giới thiệu ngay từ đầu tiết học để học sinh không tốn thời gian đọc đề cũng như có thể suy nghĩ cách giải cùng lúc với việc nghe giảng .,neutral,bai_tap
122,bài tập trên lớp nên được giới thiệu ngay từ đầu tiết học để học sinh không tốn thời gian đọc đề cũng như có thể suy nghĩ cách giải cùng lúc với việc nghe giảng .,neutral,de_xuat
123,giảng viên cho bài tập hay .,positive,bai_tap
124,cập nhật bài tập mới .,negative,bai_tap
124,cập nhật bài tập mới .,neutral,de_xuat
125,"lên lớp ai làm việc người ấy , thầy không có giảng gì thêm .",negative,ky_nang_giang_day
126,"tận tâm , nhiệt tình , quan tâm đến sinh viên .",positive,hanh_vi
127,phản hồi giải đáp thắc mắc cho sinh viên .,neutral,hanh_vi
128,dạy quá nhanh .,negative,ky_nang_giang_day
129,mong ban thiết bị sớm khắc phục ạ !,negative,thiet_bi_day_hoc
129,mong ban thiết bị sớm khắc phục ạ !,negative,de_xuat
130,môn này cần làm đề tài để áp dụng lý thuyết vào thực tiễn mà trên lớp chỉ học một đống lý thuyết và hiếm ai nhớ đa số khá buồn ngủ khi lên lớp .,negative,ky_nang_giang_day
130,môn này cần làm đề tài để áp dụng lý thuyết vào thực tiễn mà trên lớp chỉ học một đống lý thuyết và hiếm ai nhớ đa số khá buồn ngủ khi lên lớp .,negative,kinh_nghiem
130,môn này cần làm đề tài để áp dụng lý thuyết vào thực tiễn mà trên lớp chỉ học một đống lý thuyết và hiếm ai nhớ đa số khá buồn ngủ khi lên lớp .,negative,chuong_trinh_hoc
130,môn này cần làm đề tài để áp dụng lý thuyết vào thực tiễn mà trên lớp chỉ học một đống lý thuyết và hiếm ai nhớ đa số khá buồn ngủ khi lên lớp .,neutral,de_xuat
131,"giảng viên nên đổi mới phương pháp giảng dạy , tránh thô cứng , không hấp dẫn sinh viên .",negative,ky_nang_giang_day
131,"giảng viên nên đổi mới phương pháp giảng dạy , tránh thô cứng , không hấp dẫn sinh viên .",negative,de_xuat
132,"nhiệt tình , tạo cách chủ động cho học sinh tiếp cận với môn học và tham gia các chương trình phong trào liên quan để nâng cao kỹ năng .",positive,ky_nang_giang_day
132,"nhiệt tình , tạo cách chủ động cho học sinh tiếp cận với môn học và tham gia các chương trình phong trào liên quan để nâng cao kỹ năng .",positive,hanh_vi
133,"cô dạy rất tận tình , dễ hiểu .",positive,ky_nang_giang_day
133,"cô dạy rất tận tình , dễ hiểu .",positive,hanh_vi
134,không đáp ứng được nhu cầu của sinh viên .,negative,chuong_trinh_hoc
135,thầy rất nhiệt tình với chúng em và điều này làm em rất hài lòng .,positive,hanh_vi
136,cách giảng dạy của thầy rất hay và có phần dễ hiễu .,positive,ky_nang_giang_day
137,"nhiệt tình , dễ thương .",positive,hanh_vi
138,không hướng dẫn đồ án .,negative,ky_nang_giang_day
139,em xin đề nghị nhà trường nên bổ sung tài liệu về môn học và cập nhật nội dung .,negative,cung_cap_tai_lieu
139,em xin đề nghị nhà trường nên bổ sung tài liệu về môn học và cập nhật nội dung .,neutral,de_xuat
140,"chép bài rất nhiều , lãng phí thời gian nghe giảng .",negative,ky_nang_giang_day
140,"chép bài rất nhiều , lãng phí thời gian nghe giảng .",negative,bai_tap
141,"em không học thầy wzjwz178 kỳ này , giáo viên thực hành có 2 người nên có lẽ daa nhầm .",negative,noi_chung
142,đề thi môn dài sinh viên làm không đủ thời gian .,negative,bai_tap
143,cho làm nhiều bài test .,negative,bai_tap
144,theo em thì nên thi phòng máy nào có visual 2013 trở lên .,neutral,thiet_bi_day_hoc
144,theo em thì nên thi phòng máy nào có visual 2013 trở lên .,neutral,de_xuat
145,cần thêm nhiều tài liệu cho môn học .,negative,cung_cap_tai_lieu
145,cần thêm nhiều tài liệu cho môn học .,neutral,de_xuat
146,thầy giảng dạy tốt .,positive,ky_nang_giang_day
147,mong thầy có thể hướng dẫn cách cụ thể nhất cho những bài khó .,negative,ky_nang_giang_day
147,mong thầy có thể hướng dẫn cách cụ thể nhất cho những bài khó .,neutral,de_xuat
148,thầy cần cho bài tập và hướng dẫn nhiều hơn .,negative,ky_nang_giang_day
148,thầy cần cho bài tập và hướng dẫn nhiều hơn .,negative,bai_tap
148,thầy cần cho bài tập và hướng dẫn nhiều hơn .,negative,de_xuat
149,"giáo viên lên lớp đúng giờ , giảng bài sôi động .",positive,ky_nang_giang_day
149,"giáo viên lên lớp đúng giờ , giảng bài sôi động .",positive,hanh_vi
150,em thấy thầy chỉ giảng cho có .,negative,ky_nang_giang_day
151,cần xác định rõ mục đích môn học và cho sinh viên đề cương chi tiết môn học trước khi bắt đầu .,negative,cung_cap_tai_lieu
151,cần xác định rõ mục đích môn học và cho sinh viên đề cương chi tiết môn học trước khi bắt đầu .,negative,chuong_trinh_hoc
151,cần xác định rõ mục đích môn học và cho sinh viên đề cương chi tiết môn học trước khi bắt đầu .,negative,de_xuat
152,"thầy nói chuyện với sinh viên rất tự nhiên , chia sẻ kinh nghiệm thực tế .",positive,kinh_nghiem
152,"thầy nói chuyện với sinh viên rất tự nhiên , chia sẻ kinh nghiệm thực tế .",positive,hanh_vi
153,dạy theo sát chương trình .,neutral,ky_nang_giang_day
153,dạy theo sát chương trình .,neutral,chuong_trinh_hoc
154,cung cấp thêm trang thiết bị phục vụ nhu cầu môn học .,negative,thiet_bi_day_hoc
154,cung cấp thêm trang thiết bị phục vụ nhu cầu môn học .,neutral,de_xuat
155,đề nghị nâng cấp phòng lab khoa mạng .,negative,thiet_bi_day_hoc
155,đề nghị nâng cấp phòng lab khoa mạng .,neutral,de_xuat
156,"thầy giảng hay và tâm huyết , bài giảng có tính thực tiễn cao .",positive,ky_nang_giang_day
156,"thầy giảng hay và tâm huyết , bài giảng có tính thực tiễn cao .",positive,kinh_nghiem
157,đi dạy đúng giờ .,positive,hanh_vi
158,"thầy cung cấp nhiều kiến thức mới , thầy dạy tận tâm và nhiệt tình !",positive,hanh_vi
158,"thầy cung cấp nhiều kiến thức mới , thầy dạy tận tâm và nhiệt tình !",positive,kien_thuc
159,có tăng thêm nhiều ví dụ để minh họa cho lý thuyết vì có nhiều phần lý thuyết rất trừu tượng .,neutral,ky_nang_giang_day
159,có tăng thêm nhiều ví dụ để minh họa cho lý thuyết vì có nhiều phần lý thuyết rất trừu tượng .,neutral,de_xuat
160,các yêu cầu về đồ án môn học nên đươc đưa ra chính xác trước khi sinh viên bắt đầu thực hiện chia nhóm và làm đồ án .,negative,bai_tap
160,các yêu cầu về đồ án môn học nên đươc đưa ra chính xác trước khi sinh viên bắt đầu thực hiện chia nhóm và làm đồ án .,negative,de_xuat
161,"dạy dễ hiểu dễ tiếp thu , tập trung vài kiến thức trọng tâm .",positive,ky_nang_giang_day
161,"dạy dễ hiểu dễ tiếp thu , tập trung vài kiến thức trọng tâm .",positive,kien_thuc
162,"dạy chưa được kỹ lắm , điểm nên thoáng hơn .",negative,ky_nang_giang_day
162,"dạy chưa được kỹ lắm , điểm nên thoáng hơn .",negative,cham_diem
162,"dạy chưa được kỹ lắm , điểm nên thoáng hơn .",neutral,de_xuat
163,chưa chuẩn bị kỹ bài giảng để có thể trả lời các thắc mắc của sinh viên trên lớp .,negative,ky_nang_giang_day
164,cô khá tận tâm cho học sinh .,positive,hanh_vi
165,"cần cải cách lại nội dung các bài thực hành , một số kiến nội dung trong bài thực hành đã trở nên lỗi thời .",negative,bai_tap
165,"cần cải cách lại nội dung các bài thực hành , một số kiến nội dung trong bài thực hành đã trở nên lỗi thời .",neutral,de_xuat
166,giảng viên có khả năng truyền đạt kiến thức tốt .,positive,ky_nang_giang_day
167,cho làm nhiều bài tập .,negative,bai_tap
167,cho làm nhiều bài tập .,neutral,de_xuat
168,nghiên cứu khoa học .,neutral,noi_chung
169,"giáo viên dạy rất tận tâm , nhiệt tình .",positive,hanh_vi
170,thầy cô hướng dẫn đồ án hệ thống thông tin cần có thêm một vài buổi gặp mặt với sinh viên và đưa ra lịch cố định trên trường để sinh viên thắc mắc có thể lên hỏi trực tiếp !,negative,hanh_vi
170,thầy cô hướng dẫn đồ án hệ thống thông tin cần có thêm một vài buổi gặp mặt với sinh viên và đưa ra lịch cố định trên trường để sinh viên thắc mắc có thể lên hỏi trực tiếp !,negative,de_xuat
171,chỉ thông báo trên lớp sẽ khó tránh sai sót .,negative,ky_nang_giang_day
172,cô viết ở góc bảng gần chổ bụt giảng khiến nhiều khi khó quan sát được ạ .,negative,hanh_vi
173,đề nghị lắp thêm quạt .,negative,thiet_bi_day_hoc
173,đề nghị lắp thêm quạt .,neutral,de_xuat
174,dạy kỹ .,positive,ky_nang_giang_day
175,bài tập cần đa dạng hơn .,negative,bai_tap
175,bài tập cần đa dạng hơn .,negative,de_xuat
176,nói rất nhỏ .,negative,ky_nang_giang_day
177,có lúc làm bài sai giáo viên nói làm hơi tự ái .,negative,hanh_vi
178,không sửa các bài tập thực hành .,negative,bai_tap
178,không sửa các bài tập thực hành .,negative,cham_diem
179,em chưa hiểu rõ cách thức chấm điểm bài kiểm tra thực hành .,negative,cham_diem
180,làm bài tập nhiều mặc dù không hiểu lắm .,negative,bai_tap
181,thi thoảng nghỉ học không thông báo trên daa .,negative,hanh_vi
182,"thầy dạy dễ hiểu , tiết học dễ hiểu , sôi nổi .",positive,ky_nang_giang_day
182,"thầy dạy dễ hiểu , tiết học dễ hiểu , sôi nổi .",positive,hanh_vi
183,"thầy giảng dạy nhiệt tình , truyền cảm .",positive,ky_nang_giang_day
183,"thầy giảng dạy nhiệt tình , truyền cảm .",positive,hanh_vi
184,"giảng dạy rất chi tiết , dễ hiểu và dễ tiếp thu .",positive,ky_nang_giang_day
185,truyền đạt những kiến thức tốt .,positive,ky_nang_giang_day
185,truyền đạt những kiến thức tốt .,positive,kien_thuc
186,cô vui tính .,positive,hanh_vi
187,nếu có thì chỉ hướng dẫn bằng lý thuyết mà không làm bài tập mẫu cho sinh viên .,negative,ky_nang_giang_day
187,nếu có thì chỉ hướng dẫn bằng lý thuyết mà không làm bài tập mẫu cho sinh viên .,negative,bai_tap
188,cô chưa có nhiều kênh bài tập cho sinh viên .,negative,bai_tap
189,bạn nào khá thì có thể áp dụng công thức vào bài tập cả lớp chưa đến 30% còn thực sự hiểu môn học thì rất ít người hiểu .,negative,bai_tap
189,bạn nào khá thì có thể áp dụng công thức vào bài tập cả lớp chưa đến 30% còn thực sự hiểu môn học thì rất ít người hiểu .,negative,kien_thuc
190,thầy dạy hơi nhanh .,negative,ky_nang_giang_day
191,ít hướng dẫn sinh viên trong giờ thực hành .,negative,ky_nang_giang_day
192,không thực hành được buổi nào .,negative,kinh_nghiem
192,không thực hành được buổi nào .,negative,chuong_trinh_hoc
193,"thầy dạy phần lý thuyết hay , nắm bắt được khả năng của sinh viên .",positive,ky_nang_giang_day
193,"thầy dạy phần lý thuyết hay , nắm bắt được khả năng của sinh viên .",positive,hanh_vi
193,"thầy dạy phần lý thuyết hay , nắm bắt được khả năng của sinh viên .",positive,kien_thuc
194,"ví dụ đề tài của em là doubledot các nguyên lý cơ bản , bao gồm 7 nguyên tắc của bohm ( 1983 ) .",neutral,noi_chung
195,"giáo viên nhiệt tình , dạy dễ hiểu , tận tình với sinh viên .",positive,ky_nang_giang_day
195,"giáo viên nhiệt tình , dạy dễ hiểu , tận tình với sinh viên .",positive,hanh_vi
196,"tân tâm , nhiệt tình trong lớp lẫn bên ngoài .",positive,hanh_vi
197,thầy giảng dạy tận tâm nhiệt tình .,positive,ky_nang_giang_day
197,thầy giảng dạy tận tâm nhiệt tình .,positive,hanh_vi
198,"thầy vui tính , giảng bài dễ hiểu , nhiệt tình .",positive,ky_nang_giang_day
198,"thầy vui tính , giảng bài dễ hiểu , nhiệt tình .",positive,hanh_vi
199,thầy giáo dạy nhiệt tình .,positive,hanh_vi
200,"dạy dễ hiểu , gần gũi sinh viên .",positive,ky_nang_giang_day
200,"dạy dễ hiểu , gần gũi sinh viên .",positive,hanh_vi
201,"cô dạy rất nhiệt tình và tài liệu của cô rất cụ thể dễ hiểu , cô hướng dẫn rất tận tình .",positive,ky_nang_giang_day
201,"cô dạy rất nhiệt tình và tài liệu của cô rất cụ thể dễ hiểu , cô hướng dẫn rất tận tình .",positive,hanh_vi
201,"cô dạy rất nhiệt tình và tài liệu của cô rất cụ thể dễ hiểu , cô hướng dẫn rất tận tình .",positive,cung_cap_tai_lieu
202,mong thầy cố gắng trong các học kỳ sau .,negative,hanh_vi
202,mong thầy cố gắng trong các học kỳ sau .,neutral,de_xuat
203,cần đưa ra nhiều ví dụ minh họa hơn .,negative,kinh_nghiem
203,cần đưa ra nhiều ví dụ minh họa hơn .,negative,de_xuat
204,"giảng viên hoà đồng , vui vẻ , chỉ giảng tận tình sinh viên ham học hỏi .",positive,ky_nang_giang_day
204,"giảng viên hoà đồng , vui vẻ , chỉ giảng tận tình sinh viên ham học hỏi .",positive,hanh_vi
205,giảng viên không dạy một tiết thực hành nào .,negative,ky_nang_giang_day
205,giảng viên không dạy một tiết thực hành nào .,negative,kinh_nghiem
206,không !,neutral,noi_chung
207,nên có sự thống nhất giữa các giảng viên bộ môn trong đề cương giảng dạy .,neutral,chuong_trinh_hoc
207,nên có sự thống nhất giữa các giảng viên bộ môn trong đề cương giảng dạy .,neutral,de_xuat
208,"có những phần kiến thức chỉ một nửa lớp được học nhưng giảng viên nghĩ là cả lớp đã học rồi nên chỉ overview , những sinh viên còn lại khó nắm được .",negative,ky_nang_giang_day
208,"có những phần kiến thức chỉ một nửa lớp được học nhưng giảng viên nghĩ là cả lớp đã học rồi nên chỉ overview , những sinh viên còn lại khó nắm được .",negative,hanh_vi
209,máy tính cập nhật nhanh hơn .,positive,thiet_bi_day_hoc
210,"vui , hòa đồng , nhiệt tình .",positive,hanh_vi
211,có giúp đỡ sinh viên học tập nghiên cứu .,positive,hanh_vi
212,"giảng viên tận tâm , nhiệt tình , ham học hỏi .",positive,hanh_vi
213,"tuy nhiên cô nên cân nhắc lại về số lượng yêu cầu đối với sinh viên để sinh viên không bị khớp vì quá nhiều dẫn đến làm qua loa cho có , như vậy thì kết quả lại không tốt .",negative,bai_tap
213,"tuy nhiên cô nên cân nhắc lại về số lượng yêu cầu đối với sinh viên để sinh viên không bị khớp vì quá nhiều dẫn đến làm qua loa cho có , như vậy thì kết quả lại không tốt .",negative,de_xuat
214,"cô rất tận tâm , rất ok , em rất thích cách dạy và học của cô ( mặc dù hơi nhanh tí ) .",positive,ky_nang_giang_day
214,"cô rất tận tâm , rất ok , em rất thích cách dạy và học của cô ( mặc dù hơi nhanh tí ) .",positive,hanh_vi
215,mong thầy và nhà trường xem xét lại những điều em vừa nói .,neutral,de_xuat
216,"thầy tận tâm , nhiệt tình , tạo động lực cho sinh viên .",positive,hanh_vi
217,"thầy giáo tận tình , dạy kỹ , thường đưa ra câu hỏi để xem xét mức độ hiểu biết của sinh viên .",positive,ky_nang_giang_day
217,"thầy giáo tận tình , dạy kỹ , thường đưa ra câu hỏi để xem xét mức độ hiểu biết của sinh viên .",positive,hanh_vi
218,cần tăng cương trao đổi giữa sinh viên và giáo viên .,negative,hanh_vi
218,cần tăng cương trao đổi giữa sinh viên và giáo viên .,neutral,de_xuat
219,nói chung là nghe không bao giờ nghe rõ được .,negative,thiet_bi_day_hoc
220,cách truyền đạt của giáo viên chưa có sức hút đối với sinh viên nhiều cho lắm .,negative,ky_nang_giang_day
221,"cô giáo thân thiện dễ gần , thực hành nhiều .",positive,kinh_nghiem
221,"cô giáo thân thiện dễ gần , thực hành nhiều .",positive,hanh_vi
222,chưa tiếp thu trọn vẹn .,negative,ky_nang_giang_day
223,cần cải tiến trang thiết thực hành .,negative,thiet_bi_day_hoc
223,cần cải tiến trang thiết thực hành .,neutral,de_xuat
224,giảng kỹ hơn .,negative,ky_nang_giang_day
224,giảng kỹ hơn .,negative,de_xuat
225,còn hơi kéo thời gian .,negative,chuong_trinh_hoc
226,có nhiều bài tập về nhà cơ bản lẫn nâng cao và giảng viên sửa bài đủ .,neutral,hanh_vi
226,có nhiều bài tập về nhà cơ bản lẫn nâng cao và giảng viên sửa bài đủ .,neutral,bai_tap
227,thầy rất hiền và kiên trì giảng dạy cho lớp mặc dù môn học này đối với em không được hứng thú lắm .,positive,ky_nang_giang_day
227,thầy rất hiền và kiên trì giảng dạy cho lớp mặc dù môn học này đối với em không được hứng thú lắm .,positive,hanh_vi
228,đôi lúc giảng bài hơi nhanh .,negative,ky_nang_giang_day
229,có một số buổi không đi dạy .,negative,hanh_vi
230,thầy nhiệt tình và dạy dễ hiểu .,positive,ky_nang_giang_day
230,thầy nhiệt tình và dạy dễ hiểu .,positive,hanh_vi
231,"có kiến thức nền tảng này , sinh viên có thể học thêm bất kỳ công nghệ cụ thể nào đó dễ dàng , cũng như tiếp thu thay đổi công nghệ mới nhanh chóng .",positive,kien_thuc
232,"cấu trúc đề cương của thầy chưa rõ ràng , lý thuyết chưa được trình bày rõ trong các buổi học .",negative,ky_nang_giang_day
232,"cấu trúc đề cương của thầy chưa rõ ràng , lý thuyết chưa được trình bày rõ trong các buổi học .",negative,chuong_trinh_hoc
233,tài liệu hỗ trợ toàn tiếng anh rất khó học .,negative,cung_cap_tai_lieu
234,chưa nhận được gì từ môn học này .,negative,noi_chung
235,"giảng viên không hề giảng dạy , chỉ đưa đề cương rồi thôi .",negative,ky_nang_giang_day
236,bài tập mỗi tuần đều có và đầy đủ .,positive,bai_tap
237,em xin cảm ơn .,positive,noi_chung
238,thầy cần phải cho sinh viên biết được học môn này có tác dụng gì và làm được gì khi học xong .,negative,hanh_vi
238,thầy cần phải cho sinh viên biết được học môn này có tác dụng gì và làm được gì khi học xong .,negative,chuong_trinh_hoc
238,thầy cần phải cho sinh viên biết được học môn này có tác dụng gì và làm được gì khi học xong .,neutral,de_xuat
239,đề nghị tăng thời gian thưc hành .,negative,kinh_nghiem
239,đề nghị tăng thời gian thưc hành .,neutral,de_xuat
240,không được làm những chuyện riêng trong lúc dạy thực hành .,negative,hanh_vi
241,hỗ trợ thêm giáo trình không phải slide cho sinh viên .,negative,cung_cap_tai_lieu
241,hỗ trợ thêm giáo trình không phải slide cho sinh viên .,neutral,de_xuat
242,cô wzjwz259 rất vui và nhiệt tình .,positive,hanh_vi
243,"giáo viện nhiệt tình , tận tâm .",positive,hanh_vi
244,"kiến thức được giảng viên trình bày rõ ràng , dễ hiểu cho sinh viên .",positive,ky_nang_giang_day
244,"kiến thức được giảng viên trình bày rõ ràng , dễ hiểu cho sinh viên .",positive,kien_thuc
245,cần thêm nhiều kit để thực hành .,negative,thiet_bi_day_hoc
245,cần thêm nhiều kit để thực hành .,neutral,de_xuat
246,dạy khó hiểu quá nhanh .,negative,ky_nang_giang_day
247,"luôn gần gũi , tham khảo ý kiến sinh viên và thống nhất cũng sinh viên .",positive,hanh_vi
248,sắp xếp lịch học bù chưa hợp lý .,negative,chuong_trinh_hoc
248,sắp xếp lịch học bù chưa hợp lý .,negative,de_xuat
249,"nhà trường nên đưa môn học này vào thời khóa biểu bắt buộc ở học kỳ 1 của các sinh viên năm nhất nhằm giúp các em nắm biết được mình nên học gì , mình có nên chuyển đổi ngành hay không .",neutral,chuong_trinh_hoc
249,"nhà trường nên đưa môn học này vào thời khóa biểu bắt buộc ở học kỳ 1 của các sinh viên năm nhất nhằm giúp các em nắm biết được mình nên học gì , mình có nên chuyển đổi ngành hay không .",neutral,de_xuat
250,thời gian thực hành cần nhiều hơn .,negative,chuong_trinh_hoc
250,thời gian thực hành cần nhiều hơn .,negative,de_xuat
251,giảng viên rất nhiệt tình trong giảng dạy .,positive,hanh_vi
252,slide chuẩn bị chưa tốt .,negative,cung_cap_tai_lieu
253,thầy hay đòi hỏi sinh viên những điều hơi quá cao .,negative,hanh_vi
254,cô giảng hướng dẫn nhiệt tình .,positive,hanh_vi
255,"chúng em đã gặp khó khắn với khổ giấy nhỏ , mô hình thì lớn và phức tạp .",negative,bai_tap
255,"chúng em đã gặp khó khắn với khổ giấy nhỏ , mô hình thì lớn và phức tạp .",negative,cung_cap_tai_lieu
256,giảng quá nhiều không đánh vào trọng tâm .,negative,ky_nang_giang_day
257,"em không muốn nói gì nhưng mong thầy xem lại cách đánh giá sinh viên để công bằng hơn , cái sinh viên không biết không phải chỉ ở cúp tiết mà còn ở cách giảng dạy , truyền đạt ở giảng viên , ví dụ như cô wzjwz324 , rất dễ hiểu , tận tâm .",positive,ky_nang_giang_day
257,"em không muốn nói gì nhưng mong thầy xem lại cách đánh giá sinh viên để công bằng hơn , cái sinh viên không biết không phải chỉ ở cúp tiết mà còn ở cách giảng dạy , truyền đạt ở giảng viên , ví dụ như cô wzjwz324 , rất dễ hiểu , tận tâm .",positive,hanh_vi
257,"em không muốn nói gì nhưng mong thầy xem lại cách đánh giá sinh viên để công bằng hơn , cái sinh viên không biết không phải chỉ ở cúp tiết mà còn ở cách giảng dạy , truyền đạt ở giảng viên , ví dụ như cô wzjwz324 , rất dễ hiểu , tận tâm .",negative,cham_diem
257,"em không muốn nói gì nhưng mong thầy xem lại cách đánh giá sinh viên để công bằng hơn , cái sinh viên không biết không phải chỉ ở cúp tiết mà còn ở cách giảng dạy , truyền đạt ở giảng viên , ví dụ như cô wzjwz324 , rất dễ hiểu , tận tâm .",neutral,de_xuat
258,cô có nhiều hình thức giảng dạy hay .,positive,ky_nang_giang_day
259,hơi khó .,negative,noi_chung
260,thầy đi trễ .,negative,hanh_vi
261,giảng tốt .,positive,ky_nang_giang_day
262,nói mở rộng nhiều vấn đề về môn học .,neutral,ky_nang_giang_day
262,nói mở rộng nhiều vấn đề về môn học .,neutral,chuong_trinh_hoc
263,cần tăng cường nội dung nghe và nói để sinh viên giao tiếp tốt hơn bằng tiếng anh .,neutral,chuong_trinh_hoc
263,cần tăng cường nội dung nghe và nói để sinh viên giao tiếp tốt hơn bằng tiếng anh .,neutral,de_xuat
264,giảng viên tạo điều kiện làm nhiều bài tập .,negative,bai_tap
265,hỗ trợ thêm về các thiết bị dạy và học .,negative,thiet_bi_day_hoc
265,hỗ trợ thêm về các thiết bị dạy và học .,neutral,de_xuat
266,ít giải bài tập trên lớp .,negative,bai_tap
267,chia sẻ .,neutral,noi_chung
268,bám sát nội dung chính .,positive,chuong_trinh_hoc
269,cần thêm các đoạn code cho các giải thuật bổ sung các phương pháp để giải quyết các bài toán liệt kê .,negative,cung_cap_tai_lieu
269,cần thêm các đoạn code cho các giải thuật bổ sung các phương pháp để giải quyết các bài toán liệt kê .,neutral,de_xuat
270,thông tin đầy đủ về bài tập và các nguồn tham khảo .,positive,bai_tap
270,thông tin đầy đủ về bài tập và các nguồn tham khảo .,positive,cung_cap_tai_lieu
271,"cô tận tâm , nhiệt tình , phương pháp dạy dễ hiểu .",positive,ky_nang_giang_day
271,"cô tận tâm , nhiệt tình , phương pháp dạy dễ hiểu .",positive,hanh_vi
272,"thầy giảng rất dễ hiểu và thú vị , thu hút .",positive,ky_nang_giang_day
273,hướng dẫn chi tiết về cách thực hành .,positive,ky_nang_giang_day
274,"giảng viên chỉ cho đồ án và giải đáp các yêu cầu đồ án , không cung cấp tài liệu hay hướng dẫn cơ bản , sinh viên tự tìm hiểu với lý do là hệ tài năng nên cần tự xoay sở .",negative,ky_nang_giang_day
274,"giảng viên chỉ cho đồ án và giải đáp các yêu cầu đồ án , không cung cấp tài liệu hay hướng dẫn cơ bản , sinh viên tự tìm hiểu với lý do là hệ tài năng nên cần tự xoay sở .",negative,hanh_vi
274,"giảng viên chỉ cho đồ án và giải đáp các yêu cầu đồ án , không cung cấp tài liệu hay hướng dẫn cơ bản , sinh viên tự tìm hiểu với lý do là hệ tài năng nên cần tự xoay sở .",negative,cung_cap_tai_lieu
275,"môn học toàn kiến thức mới mẻ , giảng viên nên giảng chi tiết hơn .",negative,ky_nang_giang_day
275,"môn học toàn kiến thức mới mẻ , giảng viên nên giảng chi tiết hơn .",positive,kien_thuc
275,"môn học toàn kiến thức mới mẻ , giảng viên nên giảng chi tiết hơn .",positive,chuong_trinh_hoc
275,"môn học toàn kiến thức mới mẻ , giảng viên nên giảng chi tiết hơn .",neutral,de_xuat
276,"đến khi cuối kỳ , chỉ cần sinh viên mắc một sai sót nhỏ thì sẽ rớt môn .",negative,cham_diem
277,"cần thay đổi cách dạy và nội dung học của phần thực hành , các bài thực hành hiện tại của môn mạng máy tính chưa đảm bảo hiệu quả .",negative,ky_nang_giang_day
277,"cần thay đổi cách dạy và nội dung học của phần thực hành , các bài thực hành hiện tại của môn mạng máy tính chưa đảm bảo hiệu quả .",negative,bai_tap
277,"cần thay đổi cách dạy và nội dung học của phần thực hành , các bài thực hành hiện tại của môn mạng máy tính chưa đảm bảo hiệu quả .",negative,chuong_trinh_hoc
277,"cần thay đổi cách dạy và nội dung học của phần thực hành , các bài thực hành hiện tại của môn mạng máy tính chưa đảm bảo hiệu quả .",negative,de_xuat
278,"thầy dạy hay , tận tình góp ý từng bài .",positive,ky_nang_giang_day
278,"thầy dạy hay , tận tình góp ý từng bài .",positive,hanh_vi
279,"cơ sở vật chất , phỏng máy không đủ phích cắm cho dụng cụ thực hành và số lượng sinh viên , máy còn tiềm ẩn nhiều virus .",negative,thiet_bi_day_hoc
280,"trên lớp lý thuyết giảng viên yêu cầu sinh viên phải thực hiện đồ án theo những gì mình hướng dẫn , những nhóm sinh viên bổ sung thêm những liên hệ thực tiễn đều bị cho là sai , không phù hợp với đồ án .",negative,ky_nang_giang_day
280,"trên lớp lý thuyết giảng viên yêu cầu sinh viên phải thực hiện đồ án theo những gì mình hướng dẫn , những nhóm sinh viên bổ sung thêm những liên hệ thực tiễn đều bị cho là sai , không phù hợp với đồ án .",negative,kinh_nghiem
280,"trên lớp lý thuyết giảng viên yêu cầu sinh viên phải thực hiện đồ án theo những gì mình hướng dẫn , những nhóm sinh viên bổ sung thêm những liên hệ thực tiễn đều bị cho là sai , không phù hợp với đồ án .",negative,hanh_vi
280,"trên lớp lý thuyết giảng viên yêu cầu sinh viên phải thực hiện đồ án theo những gì mình hướng dẫn , những nhóm sinh viên bổ sung thêm những liên hệ thực tiễn đều bị cho là sai , không phù hợp với đồ án .",negative,cham_diem
281,thầy giảng bài hay và hiệu quả !,positive,ky_nang_giang_day
282,giảng viên nhiệt tình vui vẻ .,positive,hanh_vi
283,phòng học nên có rèm che sáng để khi chiếu slide được nhìn rõ hơn .,negative,thiet_bi_day_hoc
283,phòng học nên có rèm che sáng để khi chiếu slide được nhìn rõ hơn .,neutral,de_xuat
284,"chương trình dạy lý thuyết và thực hành nên khớp với nhau hơn , tránh tình trạng thực hành trước khi học lý thuyết .",negative,chuong_trinh_hoc
284,"chương trình dạy lý thuyết và thực hành nên khớp với nhau hơn , tránh tình trạng thực hành trước khi học lý thuyết .",negative,de_xuat
285,"thầy giảng dạy nhiệt tình , dễ hiểu .",positive,ky_nang_giang_day
285,"thầy giảng dạy nhiệt tình , dễ hiểu .",positive,hanh_vi
286,mong giảng viên ngày càng chấn chỉnh việc dạy học để các khoá sau được hiểu tốt hơn .,negative,ky_nang_giang_day
286,mong giảng viên ngày càng chấn chỉnh việc dạy học để các khoá sau được hiểu tốt hơn .,neutral,de_xuat
287,"thầy dạy rất có tâm , và giảng cho sinh viên rất nhiều thứ !",positive,ky_nang_giang_day
287,"thầy dạy rất có tâm , và giảng cho sinh viên rất nhiều thứ !",positive,hanh_vi
287,"thầy dạy rất có tâm , và giảng cho sinh viên rất nhiều thứ !",positive,kien_thuc
288,"nội dung khảo sat quá dài , nhiều mục lặp đi lặp lại , nhiều bạn khảo sát mà không cần đọc , toàn tích chàn .",negative,chuong_trinh_hoc
289,dạy tốt và rất nhiệt tình chỉ dạy hoc sinh .,positive,ky_nang_giang_day
289,dạy tốt và rất nhiệt tình chỉ dạy hoc sinh .,positive,hanh_vi
290,"nhiệt tình , tân tâm .",positive,hanh_vi
291,"nhưng học mới thấy kiến thức thầy dạy rất hay , bám sát thực tế , thầy dạy rất nhiệt tình , vui vẻ , khác với mọi người nói .",positive,hanh_vi
291,"nhưng học mới thấy kiến thức thầy dạy rất hay , bám sát thực tế , thầy dạy rất nhiệt tình , vui vẻ , khác với mọi người nói .",positive,kien_thuc
292,bài tập rất hay .,positive,bai_tap
293,thầy cô cần cho nhiều dạng bài tập sát với đề thi hơn .,negative,bai_tap
293,thầy cô cần cho nhiều dạng bài tập sát với đề thi hơn .,neutral,de_xuat
294,"thầy giảng hay nhưng nên tự tin hơn , nói to hơn để học sinh hiểu bài một cách rõ ràng hơn .",neutral,ky_nang_giang_day
294,"thầy giảng hay nhưng nên tự tin hơn , nói to hơn để học sinh hiểu bài một cách rõ ràng hơn .",neutral,de_xuat
295,"mong thầy vui tính , gần gũi với sinh viên hơn .",neutral,hanh_vi
295,"mong thầy vui tính , gần gũi với sinh viên hơn .",neutral,de_xuat
296,"giáo viên vui tính , hòa đồng , nhiệt tình .",positive,hanh_vi
297,cung cấp kiến thức trọng tâm .,positive,kien_thuc
298,cố gắng truyền đạt một cách tốt nhất để sinh viên được hiểu .,positive,ky_nang_giang_day
298,cố gắng truyền đạt một cách tốt nhất để sinh viên được hiểu .,positive,hanh_vi
299,giọng của giảng viên nhỏ dù đã sử dụng micro .,negative,ky_nang_giang_day
299,giọng của giảng viên nhỏ dù đã sử dụng micro .,negative,hanh_vi
299,giọng của giảng viên nhỏ dù đã sử dụng micro .,negative,thiet_bi_day_hoc
300,"dù phương pháp học tập này khá hiệu quả nhưng vẫn có chút nào đó nghi ngờ từ phần thuyết trình của các bạn , liệu các kiến thức đó có chuẩn xác và cập nhật chưa .",neutral,ky_nang_giang_day
300,"dù phương pháp học tập này khá hiệu quả nhưng vẫn có chút nào đó nghi ngờ từ phần thuyết trình của các bạn , liệu các kiến thức đó có chuẩn xác và cập nhật chưa .",negative,kien_thuc
301,giáo viên có phong cách giảng dạy nghiêm túc .,neutral,ky_nang_giang_day
302,"cô rất vui tính nà , không khí lớp lúc nào cũng vui hết , cô dạy rất hay , dễ hiểu !",positive,ky_nang_giang_day
302,"cô rất vui tính nà , không khí lớp lúc nào cũng vui hết , cô dạy rất hay , dễ hiểu !",positive,hanh_vi
303,"giảng viên giảng dạy rất tốt , thường xuyên cung cấp thêm nhiều kiến thức .",positive,ky_nang_giang_day
303,"giảng viên giảng dạy rất tốt , thường xuyên cung cấp thêm nhiều kiến thức .",positive,kien_thuc
304,"thầy luôn nhiệt tình , có những chia sẻ rất gần gũi với sinh viên .",positive,hanh_vi
305,có khả năng truyền đạt tốt .,positive,ky_nang_giang_day
306,thậm chí còn không có bài nào khó bằng các bài trong nội dung của lớp chuyên tin ở các trường cấp 3 .,negative,bai_tap
307,thầy dạy tận tụy và tâm huyết .,positive,hanh_vi
308,thầy nên có cách dạy mới cho môn học này để được kết quả tốt cho tất cả mọi người thay vì để rớt rất nhiều người !,negative,ky_nang_giang_day
308,thầy nên có cách dạy mới cho môn học này để được kết quả tốt cho tất cả mọi người thay vì để rớt rất nhiều người !,neutral,de_xuat
309,lịch thi thực hành cần được thông báo sớm tới sinh viên và phù hợp với thời gian môn học .,negative,chuong_trinh_hoc
309,lịch thi thực hành cần được thông báo sớm tới sinh viên và phù hợp với thời gian môn học .,negative,de_xuat
310,cô nên giảng kỹ và chi tiết từng bài vì nhiều bài đa số các bạn chưa hiểu thì cô lại giảng nhanh để chuyển qua bài khác .,negative,ky_nang_giang_day
310,cô nên giảng kỹ và chi tiết từng bài vì nhiều bài đa số các bạn chưa hiểu thì cô lại giảng nhanh để chuyển qua bài khác .,neutral,de_xuat
311,dạy tốt đúng trọng tâm những gì cần biết .,positive,ky_nang_giang_day
311,dạy tốt đúng trọng tâm những gì cần biết .,positive,chuong_trinh_hoc
312,"nhiệt tình , lên lớp đúng giờ , dạy dễ hiểu .",positive,ky_nang_giang_day
312,"nhiệt tình , lên lớp đúng giờ , dạy dễ hiểu .",positive,hanh_vi
313,"nếu em buồn ngủ , dù lên lớp em vẫn sẽ ngủ , mà ngủ ở trên lớp thì đau lưng và tê chân lắm .",negative,noi_chung
314,cơ mà em học môn này em hiểu colonlove .,positive,kien_thuc
315,thiếu kinh nghiệm truyền đạt .,negative,kinh_nghiem
316,bài giảng thú vị .,positive,ky_nang_giang_day
317,em nghĩ nội dung thực hành nên gần với đồ án hơn .,negative,kinh_nghiem
317,em nghĩ nội dung thực hành nên gần với đồ án hơn .,neutral,de_xuat
318,thầy nhiệt huyết và giảng bao quát đề cập đến nhiều khía cạnh của bài học vấn đề .,positive,ky_nang_giang_day
318,thầy nhiệt huyết và giảng bao quát đề cập đến nhiều khía cạnh của bài học vấn đề .,positive,hanh_vi
318,thầy nhiệt huyết và giảng bao quát đề cập đến nhiều khía cạnh của bài học vấn đề .,positive,kien_thuc
319,giảng viên giảng bài kỹ .,positive,ky_nang_giang_day
320,"hệ thống đồ án chấm điểm theo mức độ hoàn thành của sinh viên , tạo sự ganh đua không hề nhẹ với những nhóm làm chung đồ án , kích thích sáng tạo không ngừng tìm hiểu xây dựng thêm chức năng mới cho đồ án nếu muốn được điểm cao .",positive,kinh_nghiem
320,"hệ thống đồ án chấm điểm theo mức độ hoàn thành của sinh viên , tạo sự ganh đua không hề nhẹ với những nhóm làm chung đồ án , kích thích sáng tạo không ngừng tìm hiểu xây dựng thêm chức năng mới cho đồ án nếu muốn được điểm cao .",positive,cham_diem
321,"nhiệt tình , tâm huyết .",positive,hanh_vi
322,ít chú trọng phần ngữ pháp .,negative,chuong_trinh_hoc
323,"giảng viên còn chưa tận tâm , phong cách giảng dạy chưa thu hút được sinh viên .",negative,ky_nang_giang_day
323,"giảng viên còn chưa tận tâm , phong cách giảng dạy chưa thu hút được sinh viên .",negative,hanh_vi
324,"giảng rất dễ hiểu , hướng dẫn làm thực hành tốt .",positive,ky_nang_giang_day
324,"giảng rất dễ hiểu , hướng dẫn làm thực hành tốt .",positive,kinh_nghiem
325,"thầy dạy rất nhiệt tình , khi dạy thầy luôn đi tới từng sinh viên để hướng dẫn .",positive,ky_nang_giang_day
325,"thầy dạy rất nhiệt tình , khi dạy thầy luôn đi tới từng sinh viên để hướng dẫn .",positive,hanh_vi
326,giảng viên nhiệt tình trong giảng dạy và chấm điểm .,positive,ky_nang_giang_day
326,giảng viên nhiệt tình trong giảng dạy và chấm điểm .,positive,hanh_vi
326,giảng viên nhiệt tình trong giảng dạy và chấm điểm .,positive,cham_diem
327,"cách truyền đạt kiến thức đối với em là rất hiệu quả , trao đổi bài với sinh viên , cô rất nhiệt tình !",positive,ky_nang_giang_day
327,"cách truyền đạt kiến thức đối với em là rất hiệu quả , trao đổi bài với sinh viên , cô rất nhiệt tình !",positive,hanh_vi
328,"giảng dạy hay , dễ hiểu , tận tình .",positive,ky_nang_giang_day
328,"giảng dạy hay , dễ hiểu , tận tình .",positive,hanh_vi
329,"kiến thức rộng , kinh nghiệm thực tế nhiều , truyền cảm hứng cho sinh viên .",positive,kinh_nghiem
329,"kiến thức rộng , kinh nghiệm thực tế nhiều , truyền cảm hứng cho sinh viên .",positive,hanh_vi
329,"kiến thức rộng , kinh nghiệm thực tế nhiều , truyền cảm hứng cho sinh viên .",positive,kien_thuc
330,cách dạy sáng tạo .,positive,ky_nang_giang_day
331,giảng bài dễ tiếp thu .,positive,ky_nang_giang_day
332,em rất hài lòng với cô .,positive,hanh_vi
333,"thầy dạy dễ hiểu , sinh động .",positive,ky_nang_giang_day
334,cô chưa nắm bắt được thực trạng học của sinh viên .,negative,hanh_vi
335,ảnh hưởng đến tiến độ học tập và quỹ thời gian của sinh viên ( do học bù ) .,negative,chuong_trinh_hoc
336,cô giảng bài dễ hiểu .,positive,ky_nang_giang_day
337,điều em hài lòng nhất đó là thầy đi rất đúng giờ và không dạy quá nhanh .,positive,ky_nang_giang_day
337,điều em hài lòng nhất đó là thầy đi rất đúng giờ và không dạy quá nhanh .,positive,hanh_vi
338,nên có giáo trình thống nhất cho tất cả các lớp và học kỳ học .,negative,cung_cap_tai_lieu
338,nên có giáo trình thống nhất cho tất cả các lớp và học kỳ học .,neutral,de_xuat
339,em nghĩ cần có các bài tập lớn để nâng cao khả năng lập trình của các sinh viên .,negative,bai_tap
339,em nghĩ cần có các bài tập lớn để nâng cao khả năng lập trình của các sinh viên .,neutral,de_xuat
340,rất nhiệt tình với sinh viên .,positive,hanh_vi
341,"giảng viên có phương pháp giảng dạy hay , cập nhật , phù hợp với sinh viên .",positive,ky_nang_giang_day
342,giảng dạy tốt và có tâm .,positive,ky_nang_giang_day
342,giảng dạy tốt và có tâm .,positive,hanh_vi
343,dạy lý thuyết hơi nhiều .,negative,ky_nang_giang_day
344,giảng viên chấm bài quy chụp theo kết quả .,neutral,cham_diem
345,"thời lượng môn học quá dài , sinh viên cảm thấy mệt mỏi .",negative,chuong_trinh_hoc
346,giảng viên vui tính dễ tương tác với sinh viên .,positive,hanh_vi
347,"nhiệt tình hay giúp đỡ sinh viên khi không biết , cho nhiều bài tập .",positive,hanh_vi
347,"nhiệt tình hay giúp đỡ sinh viên khi không biết , cho nhiều bài tập .",neutral,bai_tap
348,"thầy cho điểm phần nào còn theo cảm tính , chưa được công bằng .",negative,cham_diem
349,thầy giảng dạy rất nhiệt tình .,positive,hanh_vi
350,"thầy nhiệt tình , bài giảng phong phú đa dạng .",positive,ky_nang_giang_day
350,"thầy nhiệt tình , bài giảng phong phú đa dạng .",positive,hanh_vi
351,không có gì đặc biệt .,neutral,noi_chung
352,"mỗi tháng chỉ gặp giảng viên một lần rất khó cho việc học hỏi , hướng dẫn từ giáo viên .",negative,hanh_vi
353,"thầy nên chuẩn bị riêng một slide cho mình để giảng dạy , không nên lấy slide của người khác rồi đến khi sơ sót , thầy lại lấy cái lý do "" đây không là slide của tôi "" , "" cái này tôi cũng không rõ nữa "" .",negative,hanh_vi
353,"thầy nên chuẩn bị riêng một slide cho mình để giảng dạy , không nên lấy slide của người khác rồi đến khi sơ sót , thầy lại lấy cái lý do "" đây không là slide của tôi "" , "" cái này tôi cũng không rõ nữa "" .",negative,cung_cap_tai_lieu
353,"thầy nên chuẩn bị riêng một slide cho mình để giảng dạy , không nên lấy slide của người khác rồi đến khi sơ sót , thầy lại lấy cái lý do "" đây không là slide của tôi "" , "" cái này tôi cũng không rõ nữa "" .",neutral,de_xuat
354,thầy cho làm các bài tập tại lớp trong khi sinh viên chưa biết gì về vấn đề đó .,negative,ky_nang_giang_day
354,thầy cho làm các bài tập tại lớp trong khi sinh viên chưa biết gì về vấn đề đó .,negative,hanh_vi
354,thầy cho làm các bài tập tại lớp trong khi sinh viên chưa biết gì về vấn đề đó .,negative,bai_tap
355,đôi khi đi quá sâu vào một vấn đề bên lề .,negative,ky_nang_giang_day
356,"giảng viên dạy tận tâm , nhiệt tình , dễ hiểu .",positive,ky_nang_giang_day
356,"giảng viên dạy tận tâm , nhiệt tình , dễ hiểu .",positive,hanh_vi
357,cô thật nhiệt tình .,positive,hanh_vi
358,phòng thực hành tốt .,positive,thiet_bi_day_hoc
359,"nói chuyện lan man , không liên quan đến môn học quá nhiều .",negative,ky_nang_giang_day
359,"nói chuyện lan man , không liên quan đến môn học quá nhiều .",negative,hanh_vi
360,giảng viên rất tận tâm .,positive,hanh_vi
361,phân bổ hợp lý thời gian học và nên cho xem nhiều video hơn là nghe .,negative,ky_nang_giang_day
361,phân bổ hợp lý thời gian học và nên cho xem nhiều video hơn là nghe .,positive,chuong_trinh_hoc
361,phân bổ hợp lý thời gian học và nên cho xem nhiều video hơn là nghe .,neutral,de_xuat
362,"thầy bận nhiều nên cũng nghỉ nhiều , hi vọng thầy có thể sắp xếp thời gian .",negative,hanh_vi
362,"thầy bận nhiều nên cũng nghỉ nhiều , hi vọng thầy có thể sắp xếp thời gian .",neutral,de_xuat
363,giáo viên sử dụng giờ trên lớp hiệu quả .,positive,ky_nang_giang_day
364,"giáo viên tận tình , dạy truyền đạt tốt .",positive,ky_nang_giang_day
364,"giáo viên tận tình , dạy truyền đạt tốt .",positive,hanh_vi
365,"giảng viên dạy tốt , nhiệt tình .",positive,ky_nang_giang_day
365,"giảng viên dạy tốt , nhiệt tình .",positive,hanh_vi
366,giảng viên tạo cảm hứng cho sinh viên học tập .,positive,hanh_vi
367,chán .,negative,noi_chung
368,"thầy nhiệt tình , tận tâm giúp đỡ sinh viên .",positive,hanh_vi
369,"dạy quá chậm , quá cặn kẽ .",negative,ky_nang_giang_day
370,thầy wzjwz174 ít cho bài tập về nhà .,negative,bai_tap
371,thầy đôi khi nói hơi khó hiểu .,negative,ky_nang_giang_day
372,"giảng viên tận tâm , nhiệt tình , hỗ trợ giải đáp thắc mắc môn học cho sinh viên .",positive,hanh_vi
373,"nên đi sâu vào vấn đề , giúp sinh viên hiểu tốt môn học , và nên có những ứng dụng cụ thể mà môn học đem lại .",neutral,ky_nang_giang_day
373,"nên đi sâu vào vấn đề , giúp sinh viên hiểu tốt môn học , và nên có những ứng dụng cụ thể mà môn học đem lại .",neutral,kinh_nghiem
373,"nên đi sâu vào vấn đề , giúp sinh viên hiểu tốt môn học , và nên có những ứng dụng cụ thể mà môn học đem lại .",neutral,chuong_trinh_hoc
373,"nên đi sâu vào vấn đề , giúp sinh viên hiểu tốt môn học , và nên có những ứng dụng cụ thể mà môn học đem lại .",neutral,de_xuat
374,làm bài tập .,neutral,bai_tap
375,cứ ngỡ được 10 điểm là chắc chắn rồi .,positive,cham_diem
376,thầy yêu cầu quá cao đối với một sinh viên có thể tiếp thu mọi kỹ năng cần truyền đạt vào một đồ án .,negative,bai_tap
377,thêm phòng thiết bị để thực hành .,negative,thiet_bi_day_hoc
377,thêm phòng thiết bị để thực hành .,neutral,de_xuat
378,dễ hiểu đầy đủ .,positive,ky_nang_giang_day
379,điểm .,neutral,cham_diem
380,"giáo viên tốt bụng , vui tính .",positive,hanh_vi
381,"slide quá khó hiểu , nhiều chỗ không giải thích rõ ràng , đặc biệt là các bài hướng dẫn thực hành .",negative,cung_cap_tai_lieu
382,"nói rõ mục tiêu cũng như các bước làm của lab , khối lượng bài tập vừa phải .",positive,ky_nang_giang_day
382,"nói rõ mục tiêu cũng như các bước làm của lab , khối lượng bài tập vừa phải .",positive,bai_tap
383,giải đáp kịp thời những thắc mắc cho sinh viên .,positive,hanh_vi
384,"giảng viên nhiệt tình , phương pháp dạy dễ tiếp cận , dễ hiểu .",positive,ky_nang_giang_day
384,"giảng viên nhiệt tình , phương pháp dạy dễ tiếp cận , dễ hiểu .",positive,hanh_vi
385,"phòng học cần lắp thêm quạt và ổ cắm vì sinh viên phải sử dụng laptop để làm bài tập , cần có thêm màn che cửa sổ để có thể theo dõi bài giảng trên slide tốt hơn .",negative,thiet_bi_day_hoc
385,"phòng học cần lắp thêm quạt và ổ cắm vì sinh viên phải sử dụng laptop để làm bài tập , cần có thêm màn che cửa sổ để có thể theo dõi bài giảng trên slide tốt hơn .",neutral,de_xuat
386,bài tập không cho ví dụ về nhà để xem lại .,negative,bai_tap
387,giảng viên thiếu rất nhiều hoạt động để việc học bớt nhàm chán khi quá bám sát bài học .,negative,ky_nang_giang_day
388,"thầy dạy dễ hiểu , rất hài lòng .",positive,ky_nang_giang_day
389,"micro và các thiết bị âm thanh , máy chiếu cần nâng cấp .",negative,thiet_bi_day_hoc
389,"micro và các thiết bị âm thanh , máy chiếu cần nâng cấp .",negative,de_xuat
390,"cách giảng bài dễ hiểu , hay .",positive,ky_nang_giang_day
391,đầy đủ kiến thức .,positive,kien_thuc
392,chất lượng phòng máy rất tệ .,negative,thiet_bi_day_hoc
393,"thầy giảng ngắn gọn , đầy đủ .",positive,ky_nang_giang_day
394,tốt giỏi chu đáo .,positive,noi_chung
395,"tuy có phần chém gió kinh điển nhưng kiến thức , hiểu biết rộng , đặc biệt về công nghệ .",positive,kien_thuc
396,"chờ học sinh gửi email mới show được slide to lên , giảng cho qua loa không hỏi học sinh có hiểu gì hay không ?",negative,ky_nang_giang_day
396,"chờ học sinh gửi email mới show được slide to lên , giảng cho qua loa không hỏi học sinh có hiểu gì hay không ?",negative,hanh_vi
396,"chờ học sinh gửi email mới show được slide to lên , giảng cho qua loa không hỏi học sinh có hiểu gì hay không ?",negative,cung_cap_tai_lieu
397,tạo niềm vui cho bọn em tuy lý thuyết bọn em rất đuối sức .,negative,ky_nang_giang_day
397,tạo niềm vui cho bọn em tuy lý thuyết bọn em rất đuối sức .,positive,hanh_vi
397,tạo niềm vui cho bọn em tuy lý thuyết bọn em rất đuối sức .,negative,chuong_trinh_hoc
398,"nhiệt tình , truyền cảm hứng .",positive,hanh_vi
399,"thầy hài hước , giọng truyền cảm .",positive,ky_nang_giang_day
399,"thầy hài hước , giọng truyền cảm .",positive,hanh_vi
400,"thầy dạy rất nhiệt tình , tâm huyết , dễ hiểu .",positive,ky_nang_giang_day
400,"thầy dạy rất nhiệt tình , tâm huyết , dễ hiểu .",positive,hanh_vi
401,không hiểu cách chấm bài thi của thầy .,negative,cham_diem
402,tiết học chưa được thu hút .,negative,ky_nang_giang_day
403,giảng viên nên thay đổi phương pháp giảng dạy để tương tác nhiều hơn với sinh viên .,negative,ky_nang_giang_day
403,giảng viên nên thay đổi phương pháp giảng dạy để tương tác nhiều hơn với sinh viên .,neutral,de_xuat
404,cần vào thẳng nội dung .,negative,chuong_trinh_hoc
404,cần vào thẳng nội dung .,negative,de_xuat
405,"thầy đẹp trai , dạy dễ hiểu , hay trò chuyện thực tiễn với học sinh .",positive,ky_nang_giang_day
405,"thầy đẹp trai , dạy dễ hiểu , hay trò chuyện thực tiễn với học sinh .",positive,kinh_nghiem
405,"thầy đẹp trai , dạy dễ hiểu , hay trò chuyện thực tiễn với học sinh .",positive,hanh_vi
406,cô dạy trên lớp và thực hành tận tâm .,positive,ky_nang_giang_day
406,cô dạy trên lớp và thực hành tận tâm .,positive,hanh_vi
407,em rất hài lòng về thầy .,positive,hanh_vi
408,"thầy quá bảo thủ , thầy luôn cho rằng ý kiến của thầy là đúng nhất , ngoài ra mọi ý kiến khác đều sai .",negative,hanh_vi
409,"thầy wzjwz252 giảng bài rất thu hút , kiến thức thầy rất rộng , luôn giải đáp thắc mắc cho sinh viên .",positive,ky_nang_giang_day
409,"thầy wzjwz252 giảng bài rất thu hút , kiến thức thầy rất rộng , luôn giải đáp thắc mắc cho sinh viên .",positive,hanh_vi
409,"thầy wzjwz252 giảng bài rất thu hút , kiến thức thầy rất rộng , luôn giải đáp thắc mắc cho sinh viên .",positive,kien_thuc
410,"giảng viên rất hòa đồng vui vẻ , nhiệt tình trong giảng dạy .",positive,hanh_vi
411,"giảng viên tận tâm , tạo điều kiện cho học sinh làm bài tập .",positive,hanh_vi
411,"giảng viên tận tâm , tạo điều kiện cho học sinh làm bài tập .",positive,bai_tap
412,cần giải bài tập nhiều hơn .,negative,bai_tap
412,cần giải bài tập nhiều hơn .,neutral,de_xuat
413,"kiến thức thực tiễn của thầy rộng , giảng dạy vui vẻ .",positive,ky_nang_giang_day
413,"kiến thức thực tiễn của thầy rộng , giảng dạy vui vẻ .",positive,kien_thuc
414,cô cũng không cung cấp hay giải thích gì đáp án của bài thi .,negative,ky_nang_giang_day
414,cô cũng không cung cấp hay giải thích gì đáp án của bài thi .,negative,cung_cap_tai_lieu
415,"thầy rất nhiệt tình , nói rất nhiều đến khản giọng mà sức truyền tải không bằng thầy wzjwz159 .",negative,ky_nang_giang_day
415,"thầy rất nhiệt tình , nói rất nhiều đến khản giọng mà sức truyền tải không bằng thầy wzjwz159 .",positive,hanh_vi
416,kiến thức giảng dạy môn tiếng anh hầu như không giúp ích nhiều cho sinh viên trong việc tìm hiểu các tài liệu chuyên ngành .,negative,kien_thuc
417,"thấy rất hiền , rất chi là hơi trẻ con .",neutral,hanh_vi
418,"giảng dạy hay , dễ hiểu , cuốn hút sinh viên .",positive,ky_nang_giang_day
419,"cách tìm kiếm chúng ở đâu , khai thác chúng ở đâu chứ không phải là phải nhớ mấy cái phương thức hay các hàm rồi viết lên giấy vào đề thi cuối kỳ .",negative,kinh_nghiem
419,"cách tìm kiếm chúng ở đâu , khai thác chúng ở đâu chứ không phải là phải nhớ mấy cái phương thức hay các hàm rồi viết lên giấy vào đề thi cuối kỳ .",negative,chuong_trinh_hoc
419,"cách tìm kiếm chúng ở đâu , khai thác chúng ở đâu chứ không phải là phải nhớ mấy cái phương thức hay các hàm rồi viết lên giấy vào đề thi cuối kỳ .",negative,de_xuat
420,"giảng hơi nhanh , chưa kỹ lắm .",negative,ky_nang_giang_day
421,"những phần trọng tâm bài tập thì cũng không nói được "" đây là phần quan trọng có trong đề thi các em cần chú ý "" .",negative,ky_nang_giang_day
421,"những phần trọng tâm bài tập thì cũng không nói được "" đây là phần quan trọng có trong đề thi các em cần chú ý "" .",negative,bai_tap
422,"nghe , nói luyện tập cao .",positive,kinh_nghiem
422,"nghe , nói luyện tập cao .",positive,bai_tap
423,giáo viên giảng hay dễ hiểu .,positive,ky_nang_giang_day
424,sử dụng phần mềm crack .,negative,noi_chung
425,nhiều khi dạy quá thời gian .,negative,ky_nang_giang_day
426,tuy dạy chậm giúp học sinh dễ hiêu tuy nhiên nhiều bài khó thì sẽ khiến sinh viên dễ chán .,positive,ky_nang_giang_day
426,tuy dạy chậm giúp học sinh dễ hiêu tuy nhiên nhiều bài khó thì sẽ khiến sinh viên dễ chán .,negative,bai_tap
427,"thầy vui tính , thương sinh viên , dạy dễ hiểu .",positive,ky_nang_giang_day
427,"thầy vui tính , thương sinh viên , dạy dễ hiểu .",positive,hanh_vi
428,thầy bằng nhiệt tình tận tụy với sinh viên trong việc hướng dẫn đồ án .,positive,hanh_vi
429,"dạy dễ hiểu , thân thiện .",positive,ky_nang_giang_day
429,"dạy dễ hiểu , thân thiện .",positive,hanh_vi
430,có các phần ôn tập không liên tới bài kiểm tra .,negative,chuong_trinh_hoc
431,không nên tổ chức thực hành hình thức 2 .,negative,chuong_trinh_hoc
431,không nên tổ chức thực hành hình thức 2 .,negative,de_xuat
432,sự thân thiện và tận tình đối với học viên .,positive,hanh_vi
433,"thầy giảng bài nhiệt tình , gần gũi với sinh viên , nội dung không hiểu có thể hỏi ngay thầy tại lớp .",positive,ky_nang_giang_day
433,"thầy giảng bài nhiệt tình , gần gũi với sinh viên , nội dung không hiểu có thể hỏi ngay thầy tại lớp .",positive,hanh_vi
434,giảng viên cần nắm vững xem sinh viên có hiểu được bài hay không và đưa ra phương án để sinh viên nắm vững kiến thức .,negative,ky_nang_giang_day
434,giảng viên cần nắm vững xem sinh viên có hiểu được bài hay không và đưa ra phương án để sinh viên nắm vững kiến thức .,neutral,de_xuat
435,thầy thiện nhiệt tình .,positive,hanh_vi
436,truyền đạt thực tiễn vấn đề .,positive,kinh_nghiem
437,giáo viên rất nhiệt tình và tâm huyết đối với sinh viên .,positive,hanh_vi
438,"âm thanh thầy giảng hơi nhỏ , khó khăn trong việc nghe giảng .",negative,ky_nang_giang_day
439,nên thay đổi hình thức khảo sát với môn học này thì môn học này không có lên lớp và chỉ có đến hạn thì báo cáo với giảng viên .,negative,ky_nang_giang_day
439,nên thay đổi hình thức khảo sát với môn học này thì môn học này không có lên lớp và chỉ có đến hạn thì báo cáo với giảng viên .,negative,chuong_trinh_hoc
439,nên thay đổi hình thức khảo sát với môn học này thì môn học này không có lên lớp và chỉ có đến hạn thì báo cáo với giảng viên .,neutral,de_xuat
440,"sinh viên hỏi , nhận câu trả lời cũng như không hỏi .",negative,hanh_vi
441,"thầy dạy khá nhiệt tình , vui tính .",positive,hanh_vi
442,"em nghĩ chỉ nên bắt buộc các bài tập có dạng căn bản , còn bài tập tương tự thì chỉ khuyến khích sinh viên làm thêm .",negative,bai_tap
442,"em nghĩ chỉ nên bắt buộc các bài tập có dạng căn bản , còn bài tập tương tự thì chỉ khuyến khích sinh viên làm thêm .",neutral,de_xuat
443,thầy dạy rất hay ạ !,positive,ky_nang_giang_day
444,"không thống nhất trước về hình thức thi và làm bài tập , đến những tuần cuối cùng mới công bố .",negative,bai_tap
445,nhằm giảm thời lượng giảng dạy cũng như sự thú vị khi học môn toán .,negative,ky_nang_giang_day
446,"giảng viên dạy nhiệt tình , dễ hiểu .",positive,ky_nang_giang_day
446,"giảng viên dạy nhiệt tình , dễ hiểu .",positive,hanh_vi
447,em mong cô cũng như toàn thể các giảng viên hãy xem xét lại việc điểm danh vì đại học dù sao cũng là tự học chứ không phải như là phổ thông nữa .,negative,cham_diem
447,em mong cô cũng như toàn thể các giảng viên hãy xem xét lại việc điểm danh vì đại học dù sao cũng là tự học chứ không phải như là phổ thông nữa .,negative,de_xuat
448,"cô cực kỳ nhiệt huyết , cô rất dễ thương colonlove cô yêu học trò của mình , cô cực kỳ khách quan , phong cách làm việc của cô rất giống người nước ngoài , em thích cô .",positive,hanh_vi
449,"giảng viên nhiệt tình , tận tâm với công việc , slide dễ hiểu , hoạt động học tập sôi nổi .",positive,hanh_vi
449,"giảng viên nhiệt tình , tận tâm với công việc , slide dễ hiểu , hoạt động học tập sôi nổi .",positive,cung_cap_tai_lieu
450,"chú ý giữ sức khỏe , nhất là cổ họng colonsmile .",neutral,noi_chung
451,"thầy tận tâm , nhiệt tình .",positive,hanh_vi
452,máy ở phòng thực hành quá tệ .,negative,thiet_bi_day_hoc
453,thầy rất dễ thương .,positive,hanh_vi
454,"giảng viên nhiệt tình , thân thiện .",positive,hanh_vi
455,"thầy truyền đạt rất tận tình , dễ hiểu lượng bài tập , nội dung thi hợp lý , vừa sức với sinh viên .",positive,ky_nang_giang_day
455,"thầy truyền đạt rất tận tình , dễ hiểu lượng bài tập , nội dung thi hợp lý , vừa sức với sinh viên .",positive,hanh_vi
455,"thầy truyền đạt rất tận tình , dễ hiểu lượng bài tập , nội dung thi hợp lý , vừa sức với sinh viên .",positive,bai_tap
455,"thầy truyền đạt rất tận tình , dễ hiểu lượng bài tập , nội dung thi hợp lý , vừa sức với sinh viên .",positive,chuong_trinh_hoc
456,giảng viên nên đến đúng giờ hơn và cho nhiều bài tập hơn .,negative,hanh_vi
456,giảng viên nên đến đúng giờ hơn và cho nhiều bài tập hơn .,negative,bai_tap
456,giảng viên nên đến đúng giờ hơn và cho nhiều bài tập hơn .,negative,de_xuat
457,"em thấy những nội dung như vậy rất mơ hồ , có tính áp đặt suy nghĩ cho người học .",negative,chuong_trinh_hoc
458,"cần nâng cấp máy tính trong phòng thực hành , nhiều kit de2 bị lỗi cần sửa chữa hoặc thay mới .",negative,thiet_bi_day_hoc
458,"cần nâng cấp máy tính trong phòng thực hành , nhiều kit de2 bị lỗi cần sửa chữa hoặc thay mới .",neutral,de_xuat
459,em thấy môn này nhiều lý thuyết không đáp ứng đủ trong việc làm đồ án .,negative,kinh_nghiem
459,em thấy môn này nhiều lý thuyết không đáp ứng đủ trong việc làm đồ án .,negative,chuong_trinh_hoc
460,tạo điều kiện cho sinh viên làm việc nhóm .,positive,ky_nang_giang_day
461,phương pháp dạy chưa hay .,negative,ky_nang_giang_day
462,hay bị về trễ colonsad .,negative,hanh_vi
463,cần dạy chi tiết hơn .,negative,ky_nang_giang_day
463,cần dạy chi tiết hơn .,neutral,de_xuat
464,cô giảng rất nhiệt tình .,positive,hanh_vi
465,dạy rất chi tiết và đầy đủ những kiến thức quan trọng .,positive,ky_nang_giang_day
465,dạy rất chi tiết và đầy đủ những kiến thức quan trọng .,positive,kien_thuc
466,"đề thi thực hành cần nêu yêu cầu cụ thể , rõ ràng hơn .",negative,bai_tap
466,"đề thi thực hành cần nêu yêu cầu cụ thể , rõ ràng hơn .",negative,de_xuat
467,giọng của giảng viên rất khó nghe nên không thể nghe giảng hết những điều thầy nói .,negative,ky_nang_giang_day
468,"giảng dạy hay , nhiệt tình .",positive,ky_nang_giang_day
468,"giảng dạy hay , nhiệt tình .",positive,hanh_vi
469,"giảng viên biết cách truyền đạt , giảng rất hay và dễ hiểu .",positive,ky_nang_giang_day
470,"dạy hơi nhiều , và hơi nhanh .",negative,ky_nang_giang_day
471,nên tạo không khí thoải mái cho tiết học để sinh viên dễ hiểu bài và thêm yêu thích môn học của giảng viên .,negative,hanh_vi
471,nên tạo không khí thoải mái cho tiết học để sinh viên dễ hiểu bài và thêm yêu thích môn học của giảng viên .,neutral,de_xuat
472,giảng dạy tận tâm .,positive,hanh_vi
473,"cả năm toàn học vòng lặp "" if "" "" for "" "" while "" đến bữa cuối mới lơ mơ học được struct với tạo file header mà ra đề 5 điểm trong phần đó .",negative,ky_nang_giang_day
473,"cả năm toàn học vòng lặp "" if "" "" for "" "" while "" đến bữa cuối mới lơ mơ học được struct với tạo file header mà ra đề 5 điểm trong phần đó .",negative,cham_diem
473,"cả năm toàn học vòng lặp "" if "" "" for "" "" while "" đến bữa cuối mới lơ mơ học được struct với tạo file header mà ra đề 5 điểm trong phần đó .",negative,kien_thuc
473,"cả năm toàn học vòng lặp "" if "" "" for "" "" while "" đến bữa cuối mới lơ mơ học được struct với tạo file header mà ra đề 5 điểm trong phần đó .",negative,chuong_trinh_hoc
474,"gần gũi , thân thiện với sinh viên , khả năng truyền đạt kiến thức tốt .",positive,ky_nang_giang_day
474,"gần gũi , thân thiện với sinh viên , khả năng truyền đạt kiến thức tốt .",positive,hanh_vi
475,quá dễ dẫn đến buồn ngủ .,negative,ky_nang_giang_day
476,giảng viên không có tính hài hước .,negative,hanh_vi
477,"vui tính , nhiệt tình .",positive,hanh_vi
478,"thầy vui tính , giảng bài hay , đưa nhiều thông tin thực tế vào bài giảng .",positive,ky_nang_giang_day
478,"thầy vui tính , giảng bài hay , đưa nhiều thông tin thực tế vào bài giảng .",positive,kinh_nghiem
478,"thầy vui tính , giảng bài hay , đưa nhiều thông tin thực tế vào bài giảng .",positive,hanh_vi
478,"thầy vui tính , giảng bài hay , đưa nhiều thông tin thực tế vào bài giảng .",positive,kien_thuc
479,thẩy wzjwz311 rất vui và nhiệt tình .,positive,hanh_vi
480,giáo viên giảng dạy lôi cuốn .,positive,ky_nang_giang_day
481,"nhiệt tình , dễ gần , truyền đạt tận tâm .",positive,ky_nang_giang_day
481,"nhiệt tình , dễ gần , truyền đạt tận tâm .",positive,hanh_vi
482,phương pháp truyền đạt của giảng viên chưa hiệu quả lắm .,negative,ky_nang_giang_day
483,giáo viên chưa tạo được không khí vui vẻ trong lớp học .,negative,hanh_vi
484,thầy giúp em biết mạch số là gì .,positive,ky_nang_giang_day
485,có lúc thầy lạc đề .,negative,hanh_vi
486,thầy dạy hơi chậm .,negative,ky_nang_giang_day
487,"lần được học thầy , thấm nhiều thứ quá .",positive,ky_nang_giang_day
487,"lần được học thầy , thấm nhiều thứ quá .",positive,kien_thuc
488,nhiều phần trong slide bài giảng của giảng viên không chính xác .,negative,cung_cap_tai_lieu
489,"môn học cần phân chia hợp lý giữa các phần , phần nào khó cần nhiều thời gian để học nó , phần nào đã học thì chỉ ra những điểm đặc biệt cũng như thời gian học phần đó rút ngắn lại để các phần chưa học khác sẽ có thời gian nhiều hơn .",negative,chuong_trinh_hoc
489,"môn học cần phân chia hợp lý giữa các phần , phần nào khó cần nhiều thời gian để học nó , phần nào đã học thì chỉ ra những điểm đặc biệt cũng như thời gian học phần đó rút ngắn lại để các phần chưa học khác sẽ có thời gian nhiều hơn .",neutral,de_xuat
490,"thực hành đúng tiêu chí môn học , đi từ dễ đến khó cho sinh viên học tập từng bước dễ hiểu , giảng viên tích cực giải đáp thắc mắc và hỗ trợ sinh viên trong giờ thực hành .",positive,ky_nang_giang_day
490,"thực hành đúng tiêu chí môn học , đi từ dễ đến khó cho sinh viên học tập từng bước dễ hiểu , giảng viên tích cực giải đáp thắc mắc và hỗ trợ sinh viên trong giờ thực hành .",positive,kinh_nghiem
490,"thực hành đúng tiêu chí môn học , đi từ dễ đến khó cho sinh viên học tập từng bước dễ hiểu , giảng viên tích cực giải đáp thắc mắc và hỗ trợ sinh viên trong giờ thực hành .",positive,hanh_vi
491,"dạy dễ hiểu , sâu rộng .",positive,ky_nang_giang_day
491,"dạy dễ hiểu , sâu rộng .",positive,kien_thuc
492,"thầy dạy nhiệt tình , vui vẻ .",positive,hanh_vi
493,"thầy cực kỳ tâm lý , vui tính , dạy nhiệt tình và tận tụy với học trò .",positive,ky_nang_giang_day
493,"thầy cực kỳ tâm lý , vui tính , dạy nhiệt tình và tận tụy với học trò .",positive,hanh_vi
494,thầy luôn chủ động tạo tranh luận và kiểm tra bài tập đầu giờ để sinh viên dễ dàng nắm bắt kiến thức .,positive,ky_nang_giang_day
494,thầy luôn chủ động tạo tranh luận và kiểm tra bài tập đầu giờ để sinh viên dễ dàng nắm bắt kiến thức .,positive,hanh_vi
494,thầy luôn chủ động tạo tranh luận và kiểm tra bài tập đầu giờ để sinh viên dễ dàng nắm bắt kiến thức .,positive,bai_tap
495,"nội dung tiết học còn lan man , cảm tưởng như thầy đang dạy về tiếng anh chuyên ngành , chứ không đào sâu về kỹ thuật .",negative,ky_nang_giang_day
495,"nội dung tiết học còn lan man , cảm tưởng như thầy đang dạy về tiếng anh chuyên ngành , chứ không đào sâu về kỹ thuật .",negative,kien_thuc
495,"nội dung tiết học còn lan man , cảm tưởng như thầy đang dạy về tiếng anh chuyên ngành , chứ không đào sâu về kỹ thuật .",negative,chuong_trinh_hoc
496,nên tự tin hơn trong việc giảng dạy .,negative,ky_nang_giang_day
496,nên tự tin hơn trong việc giảng dạy .,neutral,de_xuat
497,giảng viên có cập nhật thông tin mới nhất về tình hình thực tế .,positive,kinh_nghiem
497,giảng viên có cập nhật thông tin mới nhất về tình hình thực tế .,positive,kien_thuc
498,giáo viên rất nhiệt tình đối với sinh viên .,positive,hanh_vi
499,cảm thấy hứng thú khi lên lớp .,positive,hanh_vi
500,"cùng một kiến thức nhưng cách truyền đạt của thầy dễ hiểu hơn , phù hợp với đại đa số sinh viên và tất nhiên là hữu dụng cho các môn khác chứ không hề lan man , thiếu trọng tâm như các giảng viên toán khác .",positive,ky_nang_giang_day
500,"cùng một kiến thức nhưng cách truyền đạt của thầy dễ hiểu hơn , phù hợp với đại đa số sinh viên và tất nhiên là hữu dụng cho các môn khác chứ không hề lan man , thiếu trọng tâm như các giảng viên toán khác .",positive,kien_thuc
501,giảng viên chưa bám sát được sinh viên .,negative,hanh_vi
502,nhiều lúc thầy vẫn nói lý thuyết nhiều gây nhàm chán .,negative,ky_nang_giang_day
503,"phần kiểm tra , thi cử đối với môn này nên đề cao tính tư duy logic của người học cũng như khả năng áp dụng kiến thức đã học vào thực tế thực nghiệm bằng cách chủ yếu đánh giá cao phần thực hành , viết code , làm project .",positive,kinh_nghiem
503,"phần kiểm tra , thi cử đối với môn này nên đề cao tính tư duy logic của người học cũng như khả năng áp dụng kiến thức đã học vào thực tế thực nghiệm bằng cách chủ yếu đánh giá cao phần thực hành , viết code , làm project .",positive,cham_diem
503,"phần kiểm tra , thi cử đối với môn này nên đề cao tính tư duy logic của người học cũng như khả năng áp dụng kiến thức đã học vào thực tế thực nghiệm bằng cách chủ yếu đánh giá cao phần thực hành , viết code , làm project .",neutral,de_xuat
504,"do môn còn mới nên nhiều vấn đề trục trặc trong quá trình thực hành thầy vẫn chưa giải quyết được , nhưng vẫn rất ủng hộ thầy .",negative,kinh_nghiem
504,"do môn còn mới nên nhiều vấn đề trục trặc trong quá trình thực hành thầy vẫn chưa giải quyết được , nhưng vẫn rất ủng hộ thầy .",negative,hanh_vi
505,luôn đảm bảo giờ giấc trong tiết học .,positive,hanh_vi
506,"phòng lab chán lắm , hư hỏng hết cả .",negative,thiet_bi_day_hoc
507,"nội dung môn học còn khô , cứng !",negative,chuong_trinh_hoc
508,cô nói hơi nhỏ nên hơi buồn ngủ .,negative,ky_nang_giang_day
509,có lúc dạy khó hiểu .,negative,ky_nang_giang_day
510,"thầy cho bài tập lạ , đa dạng .",positive,bai_tap
511,"sau khi đã học xong môn nhập môn điện tử , em thiết nghĩ môn học này cần có thêm những phần học về thực tế , để sinh viên chúng em có thêm động lực khi học những phần lý thuyết đôi khi "" khô khan "" và "" xa lạ "" đồng thời sẽ tạo được sự đam mê với bộ môn điện tử nói chung ngay từ những ngày đầu học "" nhập môn "" .",negative,kinh_nghiem
511,"sau khi đã học xong môn nhập môn điện tử , em thiết nghĩ môn học này cần có thêm những phần học về thực tế , để sinh viên chúng em có thêm động lực khi học những phần lý thuyết đôi khi "" khô khan "" và "" xa lạ "" đồng thời sẽ tạo được sự đam mê với bộ môn điện tử nói chung ngay từ những ngày đầu học "" nhập môn "" .",negative,chuong_trinh_hoc
511,"sau khi đã học xong môn nhập môn điện tử , em thiết nghĩ môn học này cần có thêm những phần học về thực tế , để sinh viên chúng em có thêm động lực khi học những phần lý thuyết đôi khi "" khô khan "" và "" xa lạ "" đồng thời sẽ tạo được sự đam mê với bộ môn điện tử nói chung ngay từ những ngày đầu học "" nhập môn "" .",neutral,de_xuat
512,"giáo viên vui tính , tích cực .",positive,hanh_vi
513,thầy dạy nghiêm túc .,positive,hanh_vi
514,"cơ sở dữ liệu năm nay đã kết hợp với thiết kế cơ sở dữ liệu rồi , kiến thức nhiều mà thi có phần trắc nghiệm nữa thì đánh giá kiến thức học được chưa đảm bảo cho lắm ạ .",negative,cham_diem
514,"cơ sở dữ liệu năm nay đã kết hợp với thiết kế cơ sở dữ liệu rồi , kiến thức nhiều mà thi có phần trắc nghiệm nữa thì đánh giá kiến thức học được chưa đảm bảo cho lắm ạ .",neutral,kien_thuc
514,"cơ sở dữ liệu năm nay đã kết hợp với thiết kế cơ sở dữ liệu rồi , kiến thức nhiều mà thi có phần trắc nghiệm nữa thì đánh giá kiến thức học được chưa đảm bảo cho lắm ạ .",neutral,chuong_trinh_hoc
515,nội dung có liên hệ nhiều với thực tế .,positive,kinh_nghiem
516,"nhiệt tình , luôn luôn giúp học sinh hiểu vấn đề cặn kẽ .",positive,ky_nang_giang_day
516,"nhiệt tình , luôn luôn giúp học sinh hiểu vấn đề cặn kẽ .",positive,hanh_vi
517,"ra đề thì phải có đáp án , để sinh viên tập dần thói quen đọc code .",negative,bai_tap
517,"ra đề thì phải có đáp án , để sinh viên tập dần thói quen đọc code .",neutral,de_xuat
518,em nghĩ là cần thêm bài tập trên lớp và giải ngay trên lớp .,negative,bai_tap
518,em nghĩ là cần thêm bài tập trên lớp và giải ngay trên lớp .,neutral,de_xuat
519,môn học chỉ nên thuyết trình tìm hiểu về egov không làm đồ án .,negative,bai_tap
519,môn học chỉ nên thuyết trình tìm hiểu về egov không làm đồ án .,negative,chuong_trinh_hoc
519,môn học chỉ nên thuyết trình tìm hiểu về egov không làm đồ án .,neutral,de_xuat
520,giảng viên có nhiều phương pháp giảng hay .,positive,ky_nang_giang_day
521,thực hành hình thức 2 khó có thể tham gia học thường xuyên lắm ạ !,negative,kinh_nghiem
522,"cô giảng rất hay , rất nhiệt tình khi giảng dạy , rất vui tính .",positive,ky_nang_giang_day
522,"cô giảng rất hay , rất nhiệt tình khi giảng dạy , rất vui tính .",positive,hanh_vi
523,"giáo viên luôn chia sẻ những ứng dụng của kiến thức đã học với thực tiễn , chia sẻ khá nhiều kinh nghiệm thực tế vô cùng bổ ích với sinh viên .",positive,ky_nang_giang_day
523,"giáo viên luôn chia sẻ những ứng dụng của kiến thức đã học với thực tiễn , chia sẻ khá nhiều kinh nghiệm thực tế vô cùng bổ ích với sinh viên .",positive,kinh_nghiem
523,"giáo viên luôn chia sẻ những ứng dụng của kiến thức đã học với thực tiễn , chia sẻ khá nhiều kinh nghiệm thực tế vô cùng bổ ích với sinh viên .",positive,hanh_vi
523,"giáo viên luôn chia sẻ những ứng dụng của kiến thức đã học với thực tiễn , chia sẻ khá nhiều kinh nghiệm thực tế vô cùng bổ ích với sinh viên .",positive,kien_thuc
524,"thầy dạy nhiệt tình , rất chu đáo .",positive,hanh_vi
525,thầy dạy rất nhiệt tình với sinh viên .,positive,hanh_vi
526,"em thấy rất hài lòng về môn học này , nên em không có ý kiến gì khác cả .",positive,chuong_trinh_hoc
527,bàn ghế còn bụi .,negative,thiet_bi_day_hoc
528,"cô vui tính , dạy tốt .",positive,ky_nang_giang_day
528,"cô vui tính , dạy tốt .",positive,hanh_vi
529,"nhiệt tình , giỏi hay giúp đỡ sinh viên và cho nhiều bài tập .",positive,hanh_vi
529,"nhiệt tình , giỏi hay giúp đỡ sinh viên và cho nhiều bài tập .",positive,bai_tap
530,kể chuyện hay .,positive,ky_nang_giang_day
531,tôi đã thấy giảng viên chỉ nhìn qua chưa đầy 30 giây và cho điểm 9 ngay lập tức .,negative,hanh_vi
531,tôi đã thấy giảng viên chỉ nhìn qua chưa đầy 30 giây và cho điểm 9 ngay lập tức .,negative,cham_diem
532,phòng thực hành nên nâng cấp máy tính .,negative,thiet_bi_day_hoc
532,phòng thực hành nên nâng cấp máy tính .,negative,de_xuat
533,thầy ít khi nhắc lại về phần đã dạy hôm trước .,negative,ky_nang_giang_day
534,"thầy nên tham gia thực hành cùng sinh viên , không phải là chỉ ngồi một chỗ , tụi em tự mày mò làm xong rồi thầy mới xuống chấm điểm .",negative,ky_nang_giang_day
534,"thầy nên tham gia thực hành cùng sinh viên , không phải là chỉ ngồi một chỗ , tụi em tự mày mò làm xong rồi thầy mới xuống chấm điểm .",negative,hanh_vi
534,"thầy nên tham gia thực hành cùng sinh viên , không phải là chỉ ngồi một chỗ , tụi em tự mày mò làm xong rồi thầy mới xuống chấm điểm .",neutral,cham_diem
534,"thầy nên tham gia thực hành cùng sinh viên , không phải là chỉ ngồi một chỗ , tụi em tự mày mò làm xong rồi thầy mới xuống chấm điểm .",neutral,de_xuat
535,mong muốn giảng viên nào cũng áp dụng như vậy thì quá tốt .,positive,ky_nang_giang_day
536,"giảng viên cần chuẩn bị giáo án trước khi đến lớp , giảng viên diễn đạt không tốt cần phải học cách diễn đạt cho sinh viên dễ hiểu .",negative,ky_nang_giang_day
536,"giảng viên cần chuẩn bị giáo án trước khi đến lớp , giảng viên diễn đạt không tốt cần phải học cách diễn đạt cho sinh viên dễ hiểu .",neutral,de_xuat
537,cần học môn lập trình trực quan trước .,negative,chuong_trinh_hoc
537,cần học môn lập trình trực quan trước .,neutral,de_xuat
538,"cách truyền đạt kiến thức kém hiệu quả , cô dạy giống như là không dạy , chỉ đọc chữ trong slide rồi cho sinh viên làm bài tập .",negative,ky_nang_giang_day
539,"làm tốn thời gian truyền đạt , dẫn đến hứng thú lên lớp nghe giảng bị hạn chế .",negative,ky_nang_giang_day
540,thầy luôn tạo cơ hội để sinh viên có thể được thực hành .,positive,kinh_nghiem
540,thầy luôn tạo cơ hội để sinh viên có thể được thực hành .,positive,hanh_vi
541,thêm phần anh văn chuyên ngành vào nội dung học .,neutral,chuong_trinh_hoc
541,thêm phần anh văn chuyên ngành vào nội dung học .,neutral,de_xuat
542,"cảm ơn cô và chúc cô nghỉ đẻ vui vẻ , mẹ tròn con vuông !",positive,noi_chung
543,"thầy dạy tốt , giảng dễ hiểu .",positive,ky_nang_giang_day
544,mở rộng kiến thức nâng cao cho sinh viên .,neutral,kien_thuc
545,chưa có thời gian cho sinh viên ngẫm nghĩ điều mình mới học mà đã qua nội dung khác để theo kịp chương trình .,negative,ky_nang_giang_day
545,chưa có thời gian cho sinh viên ngẫm nghĩ điều mình mới học mà đã qua nội dung khác để theo kịp chương trình .,negative,chuong_trinh_hoc
546,dạy dễ hiểu .,positive,ky_nang_giang_day
547,"thầy vui vẻ , thoải mái .",positive,hanh_vi
548,"thầy tận tâm , dạy dễ hiểu , vui tính , lớp học thoải mái dễ tiếp thu .",positive,ky_nang_giang_day
548,"thầy tận tâm , dạy dễ hiểu , vui tính , lớp học thoải mái dễ tiếp thu .",positive,hanh_vi
549,em thích học môn này với cô wzjwz157 .,positive,noi_chung
550,cô tận tình hướng dẫn chỉ bảo .,positive,hanh_vi
551,"cập nhật điểm thi giữa kỳ chậm , nên sinh viên không biết mức độ phấn đấu như thế nào !",negative,cham_diem
552,"giảng dạy tận tâm , nhiệt tình , dễ hiểu .",positive,ky_nang_giang_day
552,"giảng dạy tận tâm , nhiệt tình , dễ hiểu .",positive,hanh_vi
553,đôi khi trong giờ học kể vài chuyện về đời để đỡ chán =) .,positive,ky_nang_giang_day
553,đôi khi trong giờ học kể vài chuyện về đời để đỡ chán =) .,positive,hanh_vi
554,thầy không vui tính .,negative,hanh_vi
555,giảng nhiều phần nâng cao làm sinh viên bối rối .,negative,ky_nang_giang_day
555,giảng nhiều phần nâng cao làm sinh viên bối rối .,negative,chuong_trinh_hoc
556,thầy dạy vui vẻ .,positive,hanh_vi
557,"cô dạy dễ hiểu , hỗ trợ tốt cho các bạn .",positive,ky_nang_giang_day
557,"cô dạy dễ hiểu , hỗ trợ tốt cho các bạn .",positive,hanh_vi
558,thời gian nộp bài tại lớp hơi ngắn .,negative,bai_tap
559,"cần có sách học hay , chi tiết , hiệu quả colonsmilesmile .",negative,cung_cap_tai_lieu
559,"cần có sách học hay , chi tiết , hiệu quả colonsmilesmile .",neutral,de_xuat
560,phương pháp giảng dạy còn khó hiểu .,negative,ky_nang_giang_day
561,tận tình chu đáo .,positive,hanh_vi
562,nội dung lý thuyết và thực hành của môn học không có bất kỳ liên hệ gì với nhau nội dung lý thuyết không phù hợp với môn học và không tạo được sự quan tâm và mong muốn của sinh viên về kiến thức quản trị mạng như mong đợi .,negative,kinh_nghiem
562,nội dung lý thuyết và thực hành của môn học không có bất kỳ liên hệ gì với nhau nội dung lý thuyết không phù hợp với môn học và không tạo được sự quan tâm và mong muốn của sinh viên về kiến thức quản trị mạng như mong đợi .,negative,kien_thuc
562,nội dung lý thuyết và thực hành của môn học không có bất kỳ liên hệ gì với nhau nội dung lý thuyết không phù hợp với môn học và không tạo được sự quan tâm và mong muốn của sinh viên về kiến thức quản trị mạng như mong đợi .,negative,chuong_trinh_hoc
563,cần có khả năng truyền đạt tốt hơn !,negative,ky_nang_giang_day
563,cần có khả năng truyền đạt tốt hơn !,neutral,de_xuat
564,"giảng viên dạy có hiệu quả cao , mang tính thực tiễn .",positive,ky_nang_giang_day
564,"giảng viên dạy có hiệu quả cao , mang tính thực tiễn .",positive,kinh_nghiem
565,"giáo viên truyền đạt kiến thức đầy đủ , dễ hiểu , nhiệt tình giảng dạy .",positive,ky_nang_giang_day
565,"giáo viên truyền đạt kiến thức đầy đủ , dễ hiểu , nhiệt tình giảng dạy .",positive,hanh_vi
565,"giáo viên truyền đạt kiến thức đầy đủ , dễ hiểu , nhiệt tình giảng dạy .",positive,kien_thuc
566,em xin lỗi nhưng đó là sự thật !,neutral,noi_chung
567,"cô tận tâm , hỗ trợ nhiệt tình .",positive,hanh_vi
568,không có giáo trình .,negative,cung_cap_tai_lieu
569,"phương pháp tư duy cho sinh viên , để sinh viên tự giải quyết các vấn đề .",positive,ky_nang_giang_day
570,"giảng dạy dễ hiểu , linh động trong nhiều bài tập .",positive,ky_nang_giang_day
570,"giảng dạy dễ hiểu , linh động trong nhiều bài tập .",positive,bai_tap
571,"giảng viên giảng dạy tận tình , vui vẻ giúp học viên nhận thức được nhiều kiến thức .",positive,ky_nang_giang_day
571,"giảng viên giảng dạy tận tình , vui vẻ giúp học viên nhận thức được nhiều kiến thức .",positive,hanh_vi
571,"giảng viên giảng dạy tận tình , vui vẻ giúp học viên nhận thức được nhiều kiến thức .",positive,kien_thuc
572,cải thiện chất lượng phòng máy thực hành .,negative,thiet_bi_day_hoc
572,cải thiện chất lượng phòng máy thực hành .,neutral,de_xuat
573,"nếu được chọn , cô luôn là lựa chọn hàng đầu cho các môn kinh tế .",positive,noi_chung
574,cần thêm bài tập và rèn luyện kỹ năng giao tiếp .,negative,hanh_vi
574,cần thêm bài tập và rèn luyện kỹ năng giao tiếp .,negative,bai_tap
574,cần thêm bài tập và rèn luyện kỹ năng giao tiếp .,neutral,de_xuat
575,nhiệt tình giảng dạy .,positive,hanh_vi
576,thoải mái về thời gian .,positive,chuong_trinh_hoc
577,"em còn chưa thấy mặt thầy nữa , hoặc có nhưng quên rồi colondoublesurprise .",negative,hanh_vi
578,"các nội dung môn học thầy triển khai không đúng theo khung , mới vào mà thầy dạy servlet thì rất khó hiểu , sinh viên có góp ý qua thầy chủ nhiệm nhưng vẫn không thay đổi .",negative,ky_nang_giang_day
578,"các nội dung môn học thầy triển khai không đúng theo khung , mới vào mà thầy dạy servlet thì rất khó hiểu , sinh viên có góp ý qua thầy chủ nhiệm nhưng vẫn không thay đổi .",negative,hanh_vi
578,"các nội dung môn học thầy triển khai không đúng theo khung , mới vào mà thầy dạy servlet thì rất khó hiểu , sinh viên có góp ý qua thầy chủ nhiệm nhưng vẫn không thay đổi .",negative,chuong_trinh_hoc
579,"mọi việc điều được sinh viên tự học , tự tìm hiểu thông qua các trang mạng , thông qua việc email trực tiếp với giảng viên .",neutral,ky_nang_giang_day
579,"mọi việc điều được sinh viên tự học , tự tìm hiểu thông qua các trang mạng , thông qua việc email trực tiếp với giảng viên .",neutral,cung_cap_tai_lieu
580,"slide bài giảng còn lẫn lộn anh việt , phần tiếng việt thì giảng viên lại dùng google dịch nên đọc không hiểu .",negative,hanh_vi
580,"slide bài giảng còn lẫn lộn anh việt , phần tiếng việt thì giảng viên lại dùng google dịch nên đọc không hiểu .",negative,cung_cap_tai_lieu
581,"cách truyền đạt tốt , tận tâm .",positive,ky_nang_giang_day
581,"cách truyền đạt tốt , tận tâm .",positive,hanh_vi
582,cô rất nhiệt tình và thân thiện với sinh viên .,positive,hanh_vi
583,"giảng viên tận tâm với việc dạy học , tạo cảm hứng học tập cho sinh viên .",positive,hanh_vi
584,cần cho nhiều thời gian để sinh viên có đủ thời gian hoàn thành đồ án môn học .,negative,bai_tap
584,cần cho nhiều thời gian để sinh viên có đủ thời gian hoàn thành đồ án môn học .,neutral,de_xuat
585,"thầy rất vui tính , truyền tải thông tin tuyệt vời .",positive,ky_nang_giang_day
585,"thầy rất vui tính , truyền tải thông tin tuyệt vời .",positive,hanh_vi
586,"đôi lúc hỏi một số câu hỏi rất mơ hồ khiến sinh viên không biết đang được hỏi về khía cạnh nào , cũ hay mới ( chương trước hay chương hiện tại ) .",negative,ky_nang_giang_day
587,hy vọng thầy sẽ cải tiến làm cho hoạt động sôi nổi hơn .,negative,hanh_vi
587,hy vọng thầy sẽ cải tiến làm cho hoạt động sôi nổi hơn .,neutral,de_xuat
588,"quá nhàm chán , không nâng cao được kiến thức .",negative,ky_nang_giang_day
588,"quá nhàm chán , không nâng cao được kiến thức .",negative,kien_thuc
589,thầy dạy khá nhiệt tình vui tính .,positive,hanh_vi
590,thầy khá nhiệt huyết và gần gủi với sinh viên .,positive,hanh_vi
591,bài tập khắt khe .,negative,bai_tap
592,theo thời khóa biểu hiện nay thì học thực hành trước nên sinh viên lúc thực hành chưa hiểu vấn đề nên khó khăn trong việc làm bài .,negative,kinh_nghiem
592,theo thời khóa biểu hiện nay thì học thực hành trước nên sinh viên lúc thực hành chưa hiểu vấn đề nên khó khăn trong việc làm bài .,negative,bai_tap
592,theo thời khóa biểu hiện nay thì học thực hành trước nên sinh viên lúc thực hành chưa hiểu vấn đề nên khó khăn trong việc làm bài .,negative,chuong_trinh_hoc
593,cô nên tăng tốc độ giải bài hơn .,negative,ky_nang_giang_day
593,cô nên tăng tốc độ giải bài hơn .,neutral,de_xuat
594,tài liệu tiếng anh gây khó khăn cho ôn thi .,negative,cung_cap_tai_lieu
595,"giảng dạy tận tình , vui vẻ .",positive,ky_nang_giang_day
595,"giảng dạy tận tình , vui vẻ .",positive,hanh_vi
596,"giảng viên dạy có tâm huyết , kỹ càng với sinh viên , nhiệt tình giúp đỡ .",positive,hanh_vi
597,khả năng truyền đạt kiến thức không cao .,negative,ky_nang_giang_day
598,cần nâng cao chất lượng trang thiết bị .,negative,thiet_bi_day_hoc
598,cần nâng cao chất lượng trang thiết bị .,negative,de_xuat
599,"giảng viên vui tính , thân thiện .",positive,hanh_vi
600,"đầu tư các thiết bị cho sinh viên mượn , như điện thoại android , windows phone .",neutral,thiet_bi_day_hoc
600,"đầu tư các thiết bị cho sinh viên mượn , như điện thoại android , windows phone .",neutral,de_xuat
601,thầy dạy tốt và tâm huyết .,positive,ky_nang_giang_day
601,thầy dạy tốt và tâm huyết .,positive,hanh_vi
602,việc phân chia nhóm không hợp lý dẫn tới chất lượng học tập không tốt .,negative,chuong_trinh_hoc
603,"thầy nhiệt tình , vui vẻ .",positive,hanh_vi
604,"tận tâm nhiệt tình , giảng giải cho sinh viên chưa hiểu tỉ mỉ .",positive,ky_nang_giang_day
604,"tận tâm nhiệt tình , giảng giải cho sinh viên chưa hiểu tỉ mỉ .",positive,hanh_vi
605,"phần máy tính không hỗ trợ cho việc học nhiều , chỉ làm sinh viên phân tán .",negative,thiet_bi_day_hoc
606,"sự nhiệt tình , tâm huyết .",positive,hanh_vi
607,"đó là tiền của họ , họ muốn dùng thì tùy họ , người khác nghèo không phải lỗi của họ , chưa kể tiền thuế họ đóng góp cho nước cũng đủ để gọi là xây dựng rồi .",negative,noi_chung
608,"các dạng bài tập rõ ràng , tài liệu cung cấp đầy đủ .",positive,bai_tap
608,"các dạng bài tập rõ ràng , tài liệu cung cấp đầy đủ .",positive,cung_cap_tai_lieu
609,"giảng viên dạy tận tình , cung cấp đầy đủ kiến thức cho sinh viên .",positive,hanh_vi
609,"giảng viên dạy tận tình , cung cấp đầy đủ kiến thức cho sinh viên .",positive,kien_thuc
610,cần tăng thời gian học .,negative,chuong_trinh_hoc
610,cần tăng thời gian học .,neutral,de_xuat
611,nên tổ chức thêm những buổi hội thảo liên quan đến nội dung môn học .,negative,chuong_trinh_hoc
611,nên tổ chức thêm những buổi hội thảo liên quan đến nội dung môn học .,negative,de_xuat
612,dạy đúng trọng tâm .,positive,ky_nang_giang_day
613,đề nghị thầy share slide giảng dạy trên lớp .,neutral,cung_cap_tai_lieu
613,đề nghị thầy share slide giảng dạy trên lớp .,neutral,de_xuat
614,nên trang bị trang thiết bị cho phòng thực hành và phòng lab để sinh viên có thể thực hành và học trực tiếp trên thiết bị thật .,neutral,thiet_bi_day_hoc
614,nên trang bị trang thiết bị cho phòng thực hành và phòng lab để sinh viên có thể thực hành và học trực tiếp trên thiết bị thật .,neutral,de_xuat
615,thầy giảng dạy rất nhiệt tình và vui tính .,positive,hanh_vi
616,"nên cải tiến hệ thống chấm điểm online , update bài tập cho tất cả học sinh làm rồi có bảng xếp hạng , như bên codefun của miền bắc .",negative,bai_tap
616,"nên cải tiến hệ thống chấm điểm online , update bài tập cho tất cả học sinh làm rồi có bảng xếp hạng , như bên codefun của miền bắc .",negative,cham_diem
616,"nên cải tiến hệ thống chấm điểm online , update bài tập cho tất cả học sinh làm rồi có bảng xếp hạng , như bên codefun của miền bắc .",negative,de_xuat
617,bài giảng thực tế .,positive,kinh_nghiem
618,kiến thức thầy dạy rất hay và bổ ích .,positive,kien_thuc
619,hạn chế dạy bằng slide .,negative,ky_nang_giang_day
620,nói sâu về vấn đề khó .,negative,noi_chung
621,"thầy lên lớp không đúng giờ giấc , thường xuyên đi trễ .",negative,hanh_vi
622,chất lượng phòng máy kém .,negative,thiet_bi_day_hoc
623,phong cách giảng dạy rất hay .,positive,ky_nang_giang_day
624,giáo viên giảng dạy sử dụng nhiều ví dụ thực tiễn .,positive,ky_nang_giang_day
624,giáo viên giảng dạy sử dụng nhiều ví dụ thực tiễn .,positive,kinh_nghiem
625,cần tuân thủ đúng và đủ giờ .,neutral,chuong_trinh_hoc
625,cần tuân thủ đúng và đủ giờ .,neutral,de_xuat
626,"thầy rất nhiệt tình và năng động , học thầy có thêm nhiều kiến thức mới không chỉ gói gọn trong nội dung môn học .",positive,hanh_vi
626,"thầy rất nhiệt tình và năng động , học thầy có thêm nhiều kiến thức mới không chỉ gói gọn trong nội dung môn học .",positive,kien_thuc
627,"thầy giảng bài kỹ , dễ hiểu !",positive,ky_nang_giang_day
628,"nhiệt tình giảng dạy , giải đáp thắc mắc rất chi tiết , cung cấp đầy đủ kiến thức cần thiết để kiểm tra .",positive,ky_nang_giang_day
628,"nhiệt tình giảng dạy , giải đáp thắc mắc rất chi tiết , cung cấp đầy đủ kiến thức cần thiết để kiểm tra .",positive,hanh_vi
628,"nhiệt tình giảng dạy , giải đáp thắc mắc rất chi tiết , cung cấp đầy đủ kiến thức cần thiết để kiểm tra .",positive,kien_thuc
629,"thầy giảng nhanh và cách truyền đạt hơi khó hiểu , đưa ra khá ít ví dụ để sinh viên có thể hiểu bài rõ hơn .",negative,ky_nang_giang_day
629,"thầy giảng nhanh và cách truyền đạt hơi khó hiểu , đưa ra khá ít ví dụ để sinh viên có thể hiểu bài rõ hơn .",negative,kinh_nghiem
629,"thầy giảng nhanh và cách truyền đạt hơi khó hiểu , đưa ra khá ít ví dụ để sinh viên có thể hiểu bài rõ hơn .",negative,de_xuat
630,"các giảng dạy của giảng viên còn khó hiểu , rối rắm .",negative,ky_nang_giang_day
631,điện thoại không liên lạc được .,negative,thiet_bi_day_hoc
632,chưa học nhiều với thầy nên chưa có ý kiến gì về thầy .,neutral,noi_chung
633,nội dung thực hành nên thay đổi doubledot mỗi tuần thực hành các phần lý thuyết trên lớp và giảng viên hướng dẫn làm đồ án cuối kỳ .,negative,chuong_trinh_hoc
633,nội dung thực hành nên thay đổi doubledot mỗi tuần thực hành các phần lý thuyết trên lớp và giảng viên hướng dẫn làm đồ án cuối kỳ .,neutral,de_xuat
634,giảng viên tăng cường giải đề của các năm .,positive,ky_nang_giang_day
635,thiếu thiết bị thật để thực hành .,negative,thiet_bi_day_hoc
636,nhiệt tình giúp đỡ sinh viên .,positive,hanh_vi
637,giảng bài rất dễ hiểu .,positive,ky_nang_giang_day
638,thực sự em vẫn chưa hiểu ngoài việc để làm bài tập thì wireshark được dùng để làm việc gì khác .,negative,kinh_nghiem
638,thực sự em vẫn chưa hiểu ngoài việc để làm bài tập thì wireshark được dùng để làm việc gì khác .,negative,kien_thuc
639,"em nghĩ cơ sở vật chất vẫn còn yếu kém , ngồi xa không thể nhìn rõ được slide bài giảng của cô giáo , phòng học rất nóng .",negative,thiet_bi_day_hoc
640,thầy giải nhiều bài tập cho sinh viên giúp sinh viên củng cố kiến thức sau khi học lý thuyết .,positive,ky_nang_giang_day
640,thầy giải nhiều bài tập cho sinh viên giúp sinh viên củng cố kiến thức sau khi học lý thuyết .,positive,bai_tap
641,"cô rất vui vẻ , nhiệt tình , tâm huyết .",positive,hanh_vi
642,"cần có các thiết bị di động thật để sinh viên thực hành khi cần thiết , vì các chương trình mô phỏng trên máy tính là không đầy đủ .",negative,thiet_bi_day_hoc
642,"cần có các thiết bị di động thật để sinh viên thực hành khi cần thiết , vì các chương trình mô phỏng trên máy tính là không đầy đủ .",neutral,de_xuat
643,"thầy dạy dễ hiểu , code mẫu đầy đủ .",positive,ky_nang_giang_day
643,"thầy dạy dễ hiểu , code mẫu đầy đủ .",positive,cung_cap_tai_lieu
644,điều em hài lòng nhất đó là thầy với tốc độ phù hợp và rất dễ hiễu .,positive,ky_nang_giang_day
645,nên thống nhất lại nội dung môn học so với cách thi của phòng đào tạo .,negative,chuong_trinh_hoc
645,nên thống nhất lại nội dung môn học so với cách thi của phòng đào tạo .,neutral,de_xuat
646,"thầy dạy hay , nhiệt tình , không bao chê bai sinh viên dù mặc dù không tốt mà hướng sinh viên đến suy nghĩ tích cực hơn , cố gắng hơn .",positive,ky_nang_giang_day
646,"thầy dạy hay , nhiệt tình , không bao chê bai sinh viên dù mặc dù không tốt mà hướng sinh viên đến suy nghĩ tích cực hơn , cố gắng hơn .",positive,hanh_vi
647,"giảng dạy nhiệt tình , quan tâm tới sinh viên .",positive,ky_nang_giang_day
647,"giảng dạy nhiệt tình , quan tâm tới sinh viên .",positive,hanh_vi
648,"cần tăng chú ý về kỹ năng cần thiết trong toeic như nghe , đọc .",neutral,chuong_trinh_hoc
648,"cần tăng chú ý về kỹ năng cần thiết trong toeic như nghe , đọc .",neutral,de_xuat
649,"kính mong giảng viên có thể cho thêm nhiều bài tập nhằm giúp sinh viên luyện tập , nắm bắt nội dung môn học và vận dụng nó hiệu quả hơn , giúp ích cho việc học các môn sau này .",negative,bai_tap
649,"kính mong giảng viên có thể cho thêm nhiều bài tập nhằm giúp sinh viên luyện tập , nắm bắt nội dung môn học và vận dụng nó hiệu quả hơn , giúp ích cho việc học các môn sau này .",neutral,de_xuat
650,cần chú trọng hơn vấn đề học thực hành phòng máy không đáp ứng yêu cầu doubledot không có trình biên dịch giáo viên thực hành không sử dụng hiệu quả giờ thực hành .,negative,hanh_vi
650,cần chú trọng hơn vấn đề học thực hành phòng máy không đáp ứng yêu cầu doubledot không có trình biên dịch giáo viên thực hành không sử dụng hiệu quả giờ thực hành .,negative,cung_cap_tai_lieu
650,cần chú trọng hơn vấn đề học thực hành phòng máy không đáp ứng yêu cầu doubledot không có trình biên dịch giáo viên thực hành không sử dụng hiệu quả giờ thực hành .,negative,thiet_bi_day_hoc
650,cần chú trọng hơn vấn đề học thực hành phòng máy không đáp ứng yêu cầu doubledot không có trình biên dịch giáo viên thực hành không sử dụng hiệu quả giờ thực hành .,negative,de_xuat
651,"thầy wzjwz239 nói chuyện cọc lốc , không hiểu vấn đề gì hỏi thầy thì thầy lại như quát vào mặt , tạt nước lạnh , … nói chuyện xưng hô mày - tao ( có lúc thì xưng tớ - cậu nhưng lời nói đầy ẩn ý ) , hay nói móc và tìm cách bắt bẻ sinh viên .",negative,ky_nang_giang_day
651,"thầy wzjwz239 nói chuyện cọc lốc , không hiểu vấn đề gì hỏi thầy thì thầy lại như quát vào mặt , tạt nước lạnh , … nói chuyện xưng hô mày - tao ( có lúc thì xưng tớ - cậu nhưng lời nói đầy ẩn ý ) , hay nói móc và tìm cách bắt bẻ sinh viên .",negative,hanh_vi
652,"thầy có hướng dẫn đồ án rất tận tình , luôn giải đáp các câu hỏi và thắc mắc của sinh viên về đồ án rất nhanh .",positive,ky_nang_giang_day
652,"thầy có hướng dẫn đồ án rất tận tình , luôn giải đáp các câu hỏi và thắc mắc của sinh viên về đồ án rất nhanh .",positive,hanh_vi
653,giúp sinh viên cảm thấy thoải mái trong giờ học .,positive,hanh_vi
654,cô giảng dạy tận tình .,positive,hanh_vi
655,hơi khó tính ạ .,negative,hanh_vi
656,"kiến thức nhiều , khó tiếp thu , phân loại chưa rõ .",negative,kien_thuc
657,thầy nên cho thêm bài tập về nhà .,negative,bai_tap
657,thầy nên cho thêm bài tập về nhà .,neutral,de_xuat
658,"những điều này nghe tưởng chừng không liên quan đến môn học , nhưng lại giúp cho sinh viên phần nào có định hướng được công việc tương lai của mình .",positive,kinh_nghiem
658,"những điều này nghe tưởng chừng không liên quan đến môn học , nhưng lại giúp cho sinh viên phần nào có định hướng được công việc tương lai của mình .",positive,kien_thuc
658,"những điều này nghe tưởng chừng không liên quan đến môn học , nhưng lại giúp cho sinh viên phần nào có định hướng được công việc tương lai của mình .",positive,chuong_trinh_hoc
659,"em học ở phòng mà bên cạnh là công trình đang thi công , khá là ồn ào , vì thế khi học đến phần nghe , em không thể nghe được gì , và bài nghe bị gián đoạn .",negative,thiet_bi_day_hoc
660,"thầy không sửa bài tập , trên lớp thầy chỉ giảng lý thuyết theo em như thế là ít có hiệu quả .",negative,ky_nang_giang_day
660,"thầy không sửa bài tập , trên lớp thầy chỉ giảng lý thuyết theo em như thế là ít có hiệu quả .",negative,hanh_vi
660,"thầy không sửa bài tập , trên lớp thầy chỉ giảng lý thuyết theo em như thế là ít có hiệu quả .",negative,bai_tap
661,thầy ít quan tâm .,negative,hanh_vi
662,"giảng dạy tích cực , dễ hiểu .",positive,ky_nang_giang_day
663,"không dùng điểm để đánh giá , nó làm sinh viên không dám thực hiện .",negative,cham_diem
663,"không dùng điểm để đánh giá , nó làm sinh viên không dám thực hiện .",neutral,de_xuat
664,"dạy hay , dễ hiểu , tận tình .",positive,ky_nang_giang_day
664,"dạy hay , dễ hiểu , tận tình .",positive,hanh_vi
665,không khí lớp học thì không được sôi nổi .,negative,hanh_vi
666,"bài tập thực hành mỗi tuần hơi khó , mong rằng ở mỗi bài tập giảng viên có thể cung cấp bài giải kỹ càng để sinh viên có thể nghiên cứu và hiểu được cách làm .",negative,bai_tap
666,"bài tập thực hành mỗi tuần hơi khó , mong rằng ở mỗi bài tập giảng viên có thể cung cấp bài giải kỹ càng để sinh viên có thể nghiên cứu và hiểu được cách làm .",negative,cung_cap_tai_lieu
666,"bài tập thực hành mỗi tuần hơi khó , mong rằng ở mỗi bài tập giảng viên có thể cung cấp bài giải kỹ càng để sinh viên có thể nghiên cứu và hiểu được cách làm .",neutral,de_xuat
667,thầy rất thoáng và thoải mái .,positive,hanh_vi
668,thầy cần có tương tác với sinh viên qua mail hay moodle vì có đôi lúc có thắc mắc nhưng thầy không phản hồi .,negative,hanh_vi
668,thầy cần có tương tác với sinh viên qua mail hay moodle vì có đôi lúc có thắc mắc nhưng thầy không phản hồi .,neutral,de_xuat
669,kiến thức đơn giản .,neutral,kien_thuc
670,"phần lý thuyết lặp lại nên chán , không thu hút .",negative,ky_nang_giang_day
670,"phần lý thuyết lặp lại nên chán , không thu hút .",negative,chuong_trinh_hoc
671,thầy dạy rất hay và rất nhiệt tình .,positive,ky_nang_giang_day
671,thầy dạy rất hay và rất nhiệt tình .,positive,hanh_vi
672,giảng viên giảng dạy theo đúng thời gian môn học .,positive,ky_nang_giang_day
673,thầy rất dễ gần .,positive,hanh_vi
674,khi sinh viên hỏi phải có câu trả lời chính xác không được bỏ qua những câu hỏi của sinh viên .,negative,hanh_vi
674,khi sinh viên hỏi phải có câu trả lời chính xác không được bỏ qua những câu hỏi của sinh viên .,neutral,de_xuat
675,"chấm điểm dựa trên mức độ thấu hiểu bài , hay đưa ra lời khuyên hữu ích .",positive,hanh_vi
675,"chấm điểm dựa trên mức độ thấu hiểu bài , hay đưa ra lời khuyên hữu ích .",positive,cham_diem
676,luôn nhiệt tình trong giảng dạy .,positive,ky_nang_giang_day
676,luôn nhiệt tình trong giảng dạy .,positive,hanh_vi
677,thầy vui vẻ .,positive,hanh_vi
678,"giảng bài kỹ càng , dễ hiểu .",positive,ky_nang_giang_day
679,cần tăng thời gian thực hành nói lên .,negative,kinh_nghiem
679,cần tăng thời gian thực hành nói lên .,neutral,de_xuat
680,cô giảng dạy rất nhiệt tình và dễ hiểu .,positive,ky_nang_giang_day
680,cô giảng dạy rất nhiệt tình và dễ hiểu .,positive,hanh_vi
681,giảng dạy tốt .,positive,ky_nang_giang_day
682,"nhiệt tình , cô dễ thương =) .",positive,hanh_vi
683,"giảng viên dạy truyền cảm hứng , sử dụng thời gian hợp lý .",positive,ky_nang_giang_day
683,"giảng viên dạy truyền cảm hứng , sử dụng thời gian hợp lý .",positive,hanh_vi
684,giảng viên dạy tận tâm nhiệt tình .,positive,hanh_vi
685,thì có thể lướt nhanh hơn vì phần này khá dễ .,positive,ky_nang_giang_day
686,"giảng viên có chuyên môn rất tốt , kiến thức rộng , giải đáp được mọi thắc mắc của sinh viên .",positive,hanh_vi
686,"giảng viên có chuyên môn rất tốt , kiến thức rộng , giải đáp được mọi thắc mắc của sinh viên .",positive,kien_thuc
687,"giảng viên hiền lành , nhiệt tình giúp đỡ khá nhiều cho sinh viên khi sinh viên không hiểu bài .",positive,hanh_vi
688,giảng viên rất tận tình !,positive,hanh_vi
689,"thầy rất nhiệt tình , năng nổ .",positive,hanh_vi
690,"truyền đạt có cảm hứng , hướng dẫn sinh viên học tập thế nào sau khi ra trường để xin việc .",positive,ky_nang_giang_day
690,"truyền đạt có cảm hứng , hướng dẫn sinh viên học tập thế nào sau khi ra trường để xin việc .",positive,hanh_vi
691,"học thoải mái , ít áp lực .",positive,noi_chung
692,cô dễ thương và giảng bài tận tình .,positive,ky_nang_giang_day
692,cô dễ thương và giảng bài tận tình .,positive,hanh_vi
693,"cô dạy rất tốt , nhiều bài tập .",positive,ky_nang_giang_day
693,"cô dạy rất tốt , nhiều bài tập .",neutral,bai_tap
694,"thầy giảng dạy nhiệt tình dễ hiểu , sửa bài tập cẩn thận .",positive,ky_nang_giang_day
694,"thầy giảng dạy nhiệt tình dễ hiểu , sửa bài tập cẩn thận .",positive,hanh_vi
694,"thầy giảng dạy nhiệt tình dễ hiểu , sửa bài tập cẩn thận .",positive,bai_tap
695,giảng viên rất đảm bảo giờ lên lớp .,positive,hanh_vi
696,thầy là giảng viên dạy toán hay nhất trường .,positive,ky_nang_giang_day
696,thầy là giảng viên dạy toán hay nhất trường .,positive,kien_thuc
697,"môn học này thật sự rất khó và chương trình học hơi nặng , lúc trước môn này dược chia ra làm 2 môn là cấu trúc dữ liệu 1 và cấu trúc dữ liệu 2 , năm nay lại gộp thành một nên sinh viên khó tải nổi kiến thức .",negative,kien_thuc
697,"môn học này thật sự rất khó và chương trình học hơi nặng , lúc trước môn này dược chia ra làm 2 môn là cấu trúc dữ liệu 1 và cấu trúc dữ liệu 2 , năm nay lại gộp thành một nên sinh viên khó tải nổi kiến thức .",negative,chuong_trinh_hoc
698,cần kết nối được mạng trong phòng lab .,negative,thiet_bi_day_hoc
698,cần kết nối được mạng trong phòng lab .,neutral,de_xuat
699,"nhiệt tình , phương pháp giảng dạy rất hiệu quả cách truyền đạt rất dễ hiểu và dễ tiếp thu biết cách truyền cảm hứng và tạo động lực học tập cho sinh viên .",positive,ky_nang_giang_day
699,"nhiệt tình , phương pháp giảng dạy rất hiệu quả cách truyền đạt rất dễ hiểu và dễ tiếp thu biết cách truyền cảm hứng và tạo động lực học tập cho sinh viên .",positive,hanh_vi
700,luyện nghe nhiều hơn .,neutral,de_xuat
701,"giảng viên giảng dạy rất truyền cảm , tạo cảm giác ham học và hệ thống bài tập dồi dào phong phú .",positive,ky_nang_giang_day
701,"giảng viên giảng dạy rất truyền cảm , tạo cảm giác ham học và hệ thống bài tập dồi dào phong phú .",positive,bai_tap
702,thầy có cách giảng bài rất hay và dễ hiểu .,positive,ky_nang_giang_day
703,thầy dạy bằng slide bài giảng hơi nhanh .,negative,ky_nang_giang_day
704,"cách dạy của cô hay , thú vị , tạo động lực .",positive,ky_nang_giang_day
705,"thầy dạy vui vẻ , không có áp lực quá khắt khe .",positive,ky_nang_giang_day
705,"thầy dạy vui vẻ , không có áp lực quá khắt khe .",positive,hanh_vi
706,giải thích cặn kẽ đi sâu hơn nữa .,negative,ky_nang_giang_day
706,giải thích cặn kẽ đi sâu hơn nữa .,negative,de_xuat
707,cho bài tập nhiều em rất thích colonsmile .,positive,bai_tap
708,giảng viên vui vẻ nhiệt tình .,positive,hanh_vi
709,"giảng viên nhiệt tình , phương pháp giảng dạy dễ hiểu .",positive,ky_nang_giang_day
709,"giảng viên nhiệt tình , phương pháp giảng dạy dễ hiểu .",positive,hanh_vi
710,"giảng viên rất tâm huyết và nhiệt tình , giảng bài dễ hiểu .",positive,ky_nang_giang_day
710,"giảng viên rất tâm huyết và nhiệt tình , giảng bài dễ hiểu .",positive,hanh_vi
711,thầy wzjwz127 dạy rất nhiệt tình .,positive,hanh_vi
712,"cô nhiệt tình và đưa ra bài giảng hợp lý , dễ hiểu , có thể vận dụng làm bài .",positive,ky_nang_giang_day
712,"cô nhiệt tình và đưa ra bài giảng hợp lý , dễ hiểu , có thể vận dụng làm bài .",positive,hanh_vi
712,"cô nhiệt tình và đưa ra bài giảng hợp lý , dễ hiểu , có thể vận dụng làm bài .",positive,kien_thuc
713,"giảng viên dạy nhiệt tình , truyền đạt kiến dễ hiểu .",positive,ky_nang_giang_day
713,"giảng viên dạy nhiệt tình , truyền đạt kiến dễ hiểu .",positive,hanh_vi
714,"thời gian học tập luôn thiếu sót , giảng viên chưa nhiệt tình giảng dạy .",negative,hanh_vi
714,"thời gian học tập luôn thiếu sót , giảng viên chưa nhiệt tình giảng dạy .",negative,chuong_trinh_hoc
715,rất thích được học cô .,positive,hanh_vi
716,"tiếp cận với sinh viên một cách thân thiện , phương pháp dạy khoa học , dễ tiếp thu , dễ hiểu .",positive,ky_nang_giang_day
716,"tiếp cận với sinh viên một cách thân thiện , phương pháp dạy khoa học , dễ tiếp thu , dễ hiểu .",positive,hanh_vi
717,chữ viết nhỏ .,negative,cung_cap_tai_lieu
718,thường xuyên cho nghỉ mà không thông báo .,negative,hanh_vi
719,dạy hơi cao so với năng lực .,negative,ky_nang_giang_day
720,"giáo viên nhiệt tình , tận tâm giúp đỡ sinh viên .",positive,hanh_vi
721,thích thầy chia sẻ kinh nghiệm .,positive,kinh_nghiem
722,"quá khó tính , giờ cao su , giảng dạy lan man không hiệu quả .",negative,ky_nang_giang_day
722,"quá khó tính , giờ cao su , giảng dạy lan man không hiệu quả .",negative,hanh_vi
723,"giảng viên giảng không hay , đã vậy còn không nhiệt tình , không vui vẻ , không tạo cơ hội cho sinh viên hỏi về bài giảng .",negative,ky_nang_giang_day
723,"giảng viên giảng không hay , đã vậy còn không nhiệt tình , không vui vẻ , không tạo cơ hội cho sinh viên hỏi về bài giảng .",negative,hanh_vi
724,"thầy dạy không có sức hút , nhàm chán , gây buồn ngủ cho sinh viên .",negative,ky_nang_giang_day
725,thầy thật sự là một giảng viên dạy học rất có tâm .,positive,hanh_vi
726,"thầy dạy nhiệt tình , rất hăng hái .",positive,hanh_vi
727,"giọng cô êm êm , dễ buồn ngủ .",negative,ky_nang_giang_day
728,truyền đạt nhiều kinh nghiệm tốt cho sinh viên .,positive,kinh_nghiem
728,truyền đạt nhiều kinh nghiệm tốt cho sinh viên .,positive,kien_thuc
729,"khi phản ánh kết quả bài tập không đúng thì cô lại lơ , cười rồi bỏ đi , không có một đáp án cụ thể .",negative,hanh_vi
729,"khi phản ánh kết quả bài tập không đúng thì cô lại lơ , cười rồi bỏ đi , không có một đáp án cụ thể .",negative,bai_tap
730,"thầy khá hài hước , nói những việc thực tế về ngành it , rất thiết thực .",positive,kinh_nghiem
730,"thầy khá hài hước , nói những việc thực tế về ngành it , rất thiết thực .",positive,hanh_vi
731,"thầy wzjwz177 rất gần gũi với sinh viên , thầy phát âm tiếng anh cũng rất dễ nghe .",positive,ky_nang_giang_day
731,"thầy wzjwz177 rất gần gũi với sinh viên , thầy phát âm tiếng anh cũng rất dễ nghe .",positive,hanh_vi
732,phòng học ồn do cạnh khu xây dựng .,negative,thiet_bi_day_hoc
733,giảng bài dễ tiếp thu nhiệt tình .,positive,ky_nang_giang_day
733,giảng bài dễ tiếp thu nhiệt tình .,positive,hanh_vi
734,lớp đã nghỉ 4 tuần liên tiếp chưa tính một vài ngày nghỉ khác .,negative,chuong_trinh_hoc
735,em mong phần thực hành được hỗ trợ nhiều hơn nữa từ phía giảng viên .,negative,kinh_nghiem
735,em mong phần thực hành được hỗ trợ nhiều hơn nữa từ phía giảng viên .,negative,hanh_vi
735,em mong phần thực hành được hỗ trợ nhiều hơn nữa từ phía giảng viên .,negative,de_xuat
736,giảng bài khó hiểu .,negative,ky_nang_giang_day
737,"cô dạy rất nhiệt tình , cung cấp thông tin đầy đủ nhưng vẫn tạo điều kiện cho sinh viên tìm hiểu thêm .",positive,hanh_vi
737,"cô dạy rất nhiệt tình , cung cấp thông tin đầy đủ nhưng vẫn tạo điều kiện cho sinh viên tìm hiểu thêm .",positive,cung_cap_tai_lieu
738,thầy rất nhiệt tình với học sinh .,positive,hanh_vi
739,dễ học dễ hiểu .,positive,noi_chung
740,hình như em đăng ký thầy dạy mà thầy dạy mấy buổi người khác dạy mấy buổi thì phải .,negative,noi_chung
741,"chưa giảng dạy nhiều về bài tập , cũng như hướng dẫn sinh viên hướng giải quyết nó .",negative,ky_nang_giang_day
741,"chưa giảng dạy nhiều về bài tập , cũng như hướng dẫn sinh viên hướng giải quyết nó .",negative,bai_tap
742,"thầy rất tận tình , luôn luôn giúp đỡ , hỗ trợ sinh viên .",positive,hanh_vi
743,"thầy giảng rất hay và dễ hiểu , phong cách dạy độc đáo .",positive,ky_nang_giang_day
744,thầy wzjwz237 rất vui và nhiệt tình .,positive,hanh_vi
745,nên đưa môn wzjwz129 vào giảng dạy ngay sau môn wzjwz130 và trước khi học các môn chuyên ngành .,neutral,chuong_trinh_hoc
745,nên đưa môn wzjwz129 vào giảng dạy ngay sau môn wzjwz130 và trước khi học các môn chuyên ngành .,neutral,de_xuat
746,chất lượng tốt giáo viên nhiệt tình .,positive,hanh_vi
746,chất lượng tốt giáo viên nhiệt tình .,positive,noi_chung
747,giảng viên dạy rất nhiệt tình .,positive,hanh_vi
748,thầy dạy sát theo slide nhưng một số kiến thức bài tập lại khó hơn nhiều .,neutral,ky_nang_giang_day
748,thầy dạy sát theo slide nhưng một số kiến thức bài tập lại khó hơn nhiều .,negative,bai_tap
749,trao dồi thêm về kỹ năng speaking và listening .,negative,ky_nang_giang_day
749,trao dồi thêm về kỹ năng speaking và listening .,negative,chuong_trinh_hoc
749,trao dồi thêm về kỹ năng speaking và listening .,neutral,de_xuat
750,ít bài tập .,negative,bai_tap
751,"cô dạy có tâm huyết với học sinh , truyền đạt tốt , dễ hiểu .",positive,ky_nang_giang_day
751,"cô dạy có tâm huyết với học sinh , truyền đạt tốt , dễ hiểu .",positive,hanh_vi
752,đảm bảo giời lên lớp .,neutral,noi_chung
753,"ngiêm túc , cứng rắn về vấn đề tự học .",positive,hanh_vi
754,"em mail bổ sung bài thực hành giáo viên không hồi đáp , mail xin sửa điểm giảng viên không reply đồng ý xem xét hay không đồng ý .",negative,hanh_vi
754,"em mail bổ sung bài thực hành giáo viên không hồi đáp , mail xin sửa điểm giảng viên không reply đồng ý xem xét hay không đồng ý .",negative,bai_tap
754,"em mail bổ sung bài thực hành giáo viên không hồi đáp , mail xin sửa điểm giảng viên không reply đồng ý xem xét hay không đồng ý .",negative,cham_diem
755,thời gian cô up slide lên module còn chậm .,negative,cung_cap_tai_lieu
756,"thầy đưa ra những demo thực tế , giúp sinh viên dễ hiểu .",positive,ky_nang_giang_day
756,"thầy đưa ra những demo thực tế , giúp sinh viên dễ hiểu .",positive,kinh_nghiem
757,nope .,negative,noi_chung
758,thầy cho khá nhiều bài tập đa dạng .,positive,bai_tap
759,"các phần tiếng việt trong slide được ghi một cách khó hiểu và không rõ ràng , nhiều chỗ trong slide bài giảng có vẻ như được dịch bằng google dịch từ năm 2009 .",negative,cung_cap_tai_lieu
760,cô quan tâm đến sinh viên và truyền đạt kiến thức rất bổ ích .,positive,ky_nang_giang_day
760,cô quan tâm đến sinh viên và truyền đạt kiến thức rất bổ ích .,positive,hanh_vi
760,cô quan tâm đến sinh viên và truyền đạt kiến thức rất bổ ích .,positive,kien_thuc
761,không thực tế .,negative,noi_chung
762,tiết học của thầy rất vui .,positive,hanh_vi
763,"học trong phòng chất lượng cao hơn , phòng học hiện tại không có máy lạnh .",negative,thiet_bi_day_hoc
764,"giảng viên chưa truyền đạt tốt , dạy còn chán , không có sự thu hút trong cách dạy lắm .",negative,ky_nang_giang_day
765,"hướng dẫn rất tận tình , trình bày hướng dẫn rất đẹp , có phong cách , thể hiện một thái độ rất nghiêm túc trong công việc giảng dạy .",positive,ky_nang_giang_day
765,"hướng dẫn rất tận tình , trình bày hướng dẫn rất đẹp , có phong cách , thể hiện một thái độ rất nghiêm túc trong công việc giảng dạy .",positive,hanh_vi
766,"giảng bài dễ hiểu , dễ vận dụng .",positive,ky_nang_giang_day
767,thầy vui tính dạy dễ hiểu và cung cấp nhiều thông tin hữu ích cho sinh viên .,positive,ky_nang_giang_day
767,thầy vui tính dạy dễ hiểu và cung cấp nhiều thông tin hữu ích cho sinh viên .,positive,hanh_vi
767,thầy vui tính dạy dễ hiểu và cung cấp nhiều thông tin hữu ích cho sinh viên .,positive,cung_cap_tai_lieu
768,thầy quá chuyên nghiệp .,positive,ky_nang_giang_day
769,cô giảng có hơi khó hiểu .,negative,ky_nang_giang_day
770,tạo bầu không khí thoải mái cho sinh viên .,positive,hanh_vi
771,em rất hài lòng về phương pháp giảng dạy của thầy .,positive,ky_nang_giang_day
772,"dạy nhiệt tình , theo sát môn học .",positive,ky_nang_giang_day
772,"dạy nhiệt tình , theo sát môn học .",positive,hanh_vi
773,vì tính cô kỹ nên đôi lúc nói quá nhiều về một vấn đề ( lặp đi lặp lại ) làm mất thời gian trên lớp và sử dụng giờ học không hiệu quả .,negative,ky_nang_giang_day
774,mong giáo viên có thể giải đáp nhiều bài tập cho sinh viên hơn trên lớp .,negative,hanh_vi
774,mong giáo viên có thể giải đáp nhiều bài tập cho sinh viên hơn trên lớp .,neutral,de_xuat
775,đầu tư thêm nhiều công cụ dạy học .,neutral,thiet_bi_day_hoc
775,đầu tư thêm nhiều công cụ dạy học .,neutral,de_xuat
776,giảng viên rất đúng giờ .,positive,hanh_vi
777,cách giảng dễ hiểu .,positive,ky_nang_giang_day
778,"thang điểm đưa ra đầu khóa học không rõ ràng , nhất quán so với thang điểm cuối khóa .",negative,cham_diem
779,thầy hứa sẽ up điểm giữa kỳ sớm mà điểm giữa kỳ thì tới giờ này vẫn chưa có ?,negative,hanh_vi
779,thầy hứa sẽ up điểm giữa kỳ sớm mà điểm giữa kỳ thì tới giờ này vẫn chưa có ?,negative,cham_diem
780,thực hành nhiều .,neutral,kinh_nghiem
781,"nhiệt tình với sinh viên , tư tưởng thoải mái .",positive,hanh_vi
782,"cho sinh viên chép bài để nhớ kiến thức hơn , rèn luyện nhiều bài tập , dạy nhiệt tình .",positive,ky_nang_giang_day
782,"cho sinh viên chép bài để nhớ kiến thức hơn , rèn luyện nhiều bài tập , dạy nhiệt tình .",positive,hanh_vi
782,"cho sinh viên chép bài để nhớ kiến thức hơn , rèn luyện nhiều bài tập , dạy nhiệt tình .",neutral,bai_tap
783,nhiều hoạt động .,neutral,noi_chung
784,giảng viên áp dụng mô hình scrum để làm project là tốt nhưng không thành công .,positive,ky_nang_giang_day
784,giảng viên áp dụng mô hình scrum để làm project là tốt nhưng không thành công .,negative,kinh_nghiem
785,hay kể các chuyện liên quan đến thực tiễn giúp bọn em tiếp thu nhanh hơn và cũng có hứng thú trong quá trình học .,positive,ky_nang_giang_day
785,hay kể các chuyện liên quan đến thực tiễn giúp bọn em tiếp thu nhanh hơn và cũng có hứng thú trong quá trình học .,positive,kinh_nghiem
786,đây là điều gây bức xúc với sinh viên .,negative,noi_chung
787,khó hiểu ạ .,negative,ky_nang_giang_day
788,"ân cần , tận tụy .",positive,hanh_vi
789,máy chiếu chưa rõ nét cho toàn thẻ sinh viên trong phòng .,negative,thiet_bi_day_hoc
790,"cô nhiệt tình , sẵn sàng giảng lại các kiến thức mà sinh viên chưa nắm được khi học lý thuyết .",positive,ky_nang_giang_day
790,"cô nhiệt tình , sẵn sàng giảng lại các kiến thức mà sinh viên chưa nắm được khi học lý thuyết .",positive,hanh_vi
791,nâng cao trang thiết bị phòng học .,negative,thiet_bi_day_hoc
791,nâng cao trang thiết bị phòng học .,neutral,de_xuat
792,"giảng viên nhiệt tình , hết mình truyền đạt kiến thức .",positive,ky_nang_giang_day
792,"giảng viên nhiệt tình , hết mình truyền đạt kiến thức .",positive,hanh_vi
793,cô có thể giảng phần lý thuyết kỹ hơn được không ạ .,negative,ky_nang_giang_day
793,cô có thể giảng phần lý thuyết kỹ hơn được không ạ .,neutral,de_xuat
794,thầy nên share lại slide cho sinh viên !,negative,cung_cap_tai_lieu
794,thầy nên share lại slide cho sinh viên !,neutral,de_xuat
795,nhiều tâm huyết với nghề .,positive,hanh_vi
796,"dạy tốt , tận tình .",positive,ky_nang_giang_day
796,"dạy tốt , tận tình .",positive,hanh_vi
797,thầy rất nhiệt tình trong việc trả lời các câu hỏi phụ của sinh viên .,positive,hanh_vi
798,hiện tại em không nhớ nổi mặt của thầy fraction cô như nào nữa colondoublesurprise .,neutral,noi_chung
799,phòng thực hành cần nâng cấp và bổ sung thêm thiết bị để mọi người đều có điều kiện thực hành thực tế nhiều hơn .,negative,thiet_bi_day_hoc
799,phòng thực hành cần nâng cấp và bổ sung thêm thiết bị để mọi người đều có điều kiện thực hành thực tế nhiều hơn .,neutral,de_xuat
800,"giảng viên nên trao đổi với sinh viên nhiều hơn , giao bài tập và giải thích những thắc mắc của sinh viên về môn học .",negative,ky_nang_giang_day
800,"giảng viên nên trao đổi với sinh viên nhiều hơn , giao bài tập và giải thích những thắc mắc của sinh viên về môn học .",negative,hanh_vi
800,"giảng viên nên trao đổi với sinh viên nhiều hơn , giao bài tập và giải thích những thắc mắc của sinh viên về môn học .",negative,bai_tap
800,"giảng viên nên trao đổi với sinh viên nhiều hơn , giao bài tập và giải thích những thắc mắc của sinh viên về môn học .",neutral,de_xuat
801,"cô thân thiện với học sinh , truyền cảm hứng , động lực tốt .",positive,hanh_vi
802,thầy kiểm tra quá nhiều .,negative,bai_tap
803,thầy rất khắt khe trong việc dùng từ chuyên ngành .,negative,ky_nang_giang_day
803,thầy rất khắt khe trong việc dùng từ chuyên ngành .,negative,hanh_vi
804,thầy dạy rất tốt .,positive,ky_nang_giang_day
805,những gì được học nó nhằm mục đích gì ?,neutral,chuong_trinh_hoc
806,cần cung cấp thêm tài liệu học tập môn học này .,negative,cung_cap_tai_lieu
806,cần cung cấp thêm tài liệu học tập môn học này .,neutral,de_xuat
807,"cách dạy của thầy rất nhàm chán , không có nhiều hoạt động thực tế , bài tập thầy cho chỉ áp sát lý thuyết mà chưa thực tế .",negative,ky_nang_giang_day
807,"cách dạy của thầy rất nhàm chán , không có nhiều hoạt động thực tế , bài tập thầy cho chỉ áp sát lý thuyết mà chưa thực tế .",negative,kinh_nghiem
807,"cách dạy của thầy rất nhàm chán , không có nhiều hoạt động thực tế , bài tập thầy cho chỉ áp sát lý thuyết mà chưa thực tế .",negative,bai_tap
808,nên dành nhiều thời gian cho bài tập và hướng dẫn cụ thể phương pháp giải hơn .,negative,ky_nang_giang_day
808,nên dành nhiều thời gian cho bài tập và hướng dẫn cụ thể phương pháp giải hơn .,negative,bai_tap
808,nên dành nhiều thời gian cho bài tập và hướng dẫn cụ thể phương pháp giải hơn .,negative,de_xuat
809,đôi khi học sinh nào bận muốn về trước thầy vẫn cho .,positive,hanh_vi
810,nhiều lúc lớp chỉ có hai người đi học .,negative,noi_chung
811,có thể chia nhóm ra làm thực hành !,neutral,kinh_nghiem
811,có thể chia nhóm ra làm thực hành !,neutral,de_xuat
812,thầy wzjwz83 rất nhiệt huyết trong việc giảng dạy .,positive,hanh_vi
813,thầy vui quá đi hi hi .,positive,hanh_vi
814,"giảng viên nhiệt tình , chắt lọc nội dung cũng như mở rộng nhiều kiến thức về bộ môn .",positive,ky_nang_giang_day
814,"giảng viên nhiệt tình , chắt lọc nội dung cũng như mở rộng nhiều kiến thức về bộ môn .",positive,hanh_vi
814,"giảng viên nhiệt tình , chắt lọc nội dung cũng như mở rộng nhiều kiến thức về bộ môn .",positive,kien_thuc
815,"thầy giảng rất hay , rất tận tâm với sinh viên .",positive,ky_nang_giang_day
815,"thầy giảng rất hay , rất tận tâm với sinh viên .",positive,hanh_vi
816,em mong có sự thống nhất giữa thầy cô trong quá trình giảng dạy môn này .,neutral,ky_nang_giang_day
816,em mong có sự thống nhất giữa thầy cô trong quá trình giảng dạy môn này .,neutral,de_xuat
817,chưa ổn .,negative,noi_chung
818,"giảng viên tận tâm , dạy tốt .",positive,ky_nang_giang_day
818,"giảng viên tận tâm , dạy tốt .",positive,hanh_vi
819,sử dụng giờ học hiệu quả .,positive,ky_nang_giang_day
820,cách nói chưa lôi cuốn .,negative,ky_nang_giang_day
821,"thầy không đảm bảo giờ lên lớp , nếu có nghỉ thầy cũng không thông báo trước rất vô lý .",negative,hanh_vi
822,nhiệt tình truyền đạt kiến thức cho sinh viên .,positive,ky_nang_giang_day
822,nhiệt tình truyền đạt kiến thức cho sinh viên .,positive,hanh_vi
823,lý thuyết và thực hành nên đi đôi với nhau .,neutral,kinh_nghiem
823,lý thuyết và thực hành nên đi đôi với nhau .,neutral,chuong_trinh_hoc
823,lý thuyết và thực hành nên đi đôi với nhau .,neutral,de_xuat
824,thân .,neutral,noi_chung
825,thầy dạy quá tệ .,negative,ky_nang_giang_day
826,không có nhiều bài tập để làm thêm .,negative,bai_tap
827,"phòng học quá sáng , màn chiếu bị mờ rất khó nhìn , xin ban quản lý lắp rèm để sinh viên và giảng viên thuận tiện trong việc học tập và giảng dạy .",negative,thiet_bi_day_hoc
827,"phòng học quá sáng , màn chiếu bị mờ rất khó nhìn , xin ban quản lý lắp rèm để sinh viên và giảng viên thuận tiện trong việc học tập và giảng dạy .",neutral,de_xuat
828,giáo viên quá tốt .,positive,hanh_vi
829,cần cân bằng việc giảng dạy giữa sinh viên yếu và khá trở lên .,negative,ky_nang_giang_day
829,cần cân bằng việc giảng dạy giữa sinh viên yếu và khá trở lên .,neutral,de_xuat
830,"nhiệt tình , giảng dễ hiểu , dễ thương .",positive,ky_nang_giang_day
830,"nhiệt tình , giảng dễ hiểu , dễ thương .",positive,hanh_vi
831,giảng viên dạy rất dễ hiểu .,positive,ky_nang_giang_day
832,tài liệu cung cấp thiếu .,negative,cung_cap_tai_lieu
833,"thầy nên đánh giá kỹ hoạt động trên lớp của từng thành viên trong nhóm , ai đóng góp nhiều , nghiêm túc .",neutral,hanh_vi
833,"thầy nên đánh giá kỹ hoạt động trên lớp của từng thành viên trong nhóm , ai đóng góp nhiều , nghiêm túc .",neutral,de_xuat
834,"giáo viên lên lớp muộn , nghe điện thoại trong lúc lên lớp thường xuyên , nghỉ dạy không thông báo .",negative,hanh_vi
835,đề nghị nên cho bài tập về nhà .,neutral,bai_tap
835,đề nghị nên cho bài tập về nhà .,neutral,de_xuat
836,mong thầy giảng giải và cho bài tập từng bước nhiều hơn .,negative,ky_nang_giang_day
836,mong thầy giảng giải và cho bài tập từng bước nhiều hơn .,negative,bai_tap
836,mong thầy giảng giải và cho bài tập từng bước nhiều hơn .,negative,de_xuat
837,"thầy cho đề thực hành cũng khá hay , nhưng mà thật thì em toàn code mấy bài đó trên notepad rồi nộp , không test gì cả , nhưng được cái là đồ án 10 thì điểm thực hành cũng 10 luôn .",positive,bai_tap
837,"thầy cho đề thực hành cũng khá hay , nhưng mà thật thì em toàn code mấy bài đó trên notepad rồi nộp , không test gì cả , nhưng được cái là đồ án 10 thì điểm thực hành cũng 10 luôn .",neutral,cham_diem
838,"khó hiểu , không sinh động .",negative,ky_nang_giang_day
839,chỉ dạy nhiệt tình .,positive,hanh_vi
840,giáo viên truyền đạt những vẫn đê sâu .,positive,ky_nang_giang_day
840,giáo viên truyền đạt những vẫn đê sâu .,positive,kien_thuc
841,"chưa cung cấp cách nhìn sâu hơn về môn học vào thực tế hiện nay , chỉ mới mang tính trừu tượng .",negative,kinh_nghiem
841,"chưa cung cấp cách nhìn sâu hơn về môn học vào thực tế hiện nay , chỉ mới mang tính trừu tượng .",negative,kien_thuc
841,"chưa cung cấp cách nhìn sâu hơn về môn học vào thực tế hiện nay , chỉ mới mang tính trừu tượng .",negative,chuong_trinh_hoc
842,"giảng viên dạy dễ hiểu , và đầy đủ nội dung .",positive,ky_nang_giang_day
842,"giảng viên dạy dễ hiểu , và đầy đủ nội dung .",positive,chuong_trinh_hoc
843,không hướng dẫn kỹ .,negative,ky_nang_giang_day
844,"nhiệt tình , chi tiết .",positive,ky_nang_giang_day
844,"nhiệt tình , chi tiết .",positive,hanh_vi
845,"thầy cho chép bài ít thôi , tập trung sửa bài được không ạ .",negative,bai_tap
845,"thầy cho chép bài ít thôi , tập trung sửa bài được không ạ .",neutral,de_xuat
846,khả năng truyền đạt chưa đi vào lòng người cho lắm !,negative,ky_nang_giang_day
847,"thầy rất nhiệt tình , dạy rất kỹ , thầy cũng rất vui tính .",positive,ky_nang_giang_day
847,"thầy rất nhiệt tình , dạy rất kỹ , thầy cũng rất vui tính .",positive,hanh_vi
848,"giảng viên nhiệt tình , vui vẻ , giờ học vui .",positive,hanh_vi
849,"cô dạy không hấp dẫn , tuy hay nhưng không kích thích được sinh viên hoạt động .",negative,ky_nang_giang_day
850,"thưa , không có ạ .",neutral,noi_chung
851,kiến thức môn học mang lại tương đối đầy đủ và thực tế giúp sinh viên nắm rõ phương pháp và cách thức để học tập các môn chuyên ngành sau này .,positive,kien_thuc
851,kiến thức môn học mang lại tương đối đầy đủ và thực tế giúp sinh viên nắm rõ phương pháp và cách thức để học tập các môn chuyên ngành sau này .,positive,chuong_trinh_hoc
852,"cách giảng dạy , tạo không khí sôi nổi trong lớp .",positive,ky_nang_giang_day
853,trình bày bài giảng một cách khoa học và hợp lý .,positive,ky_nang_giang_day
854,"tuy nhiên , giờ trên lớp thầy chưa thực sự sử dụng hiệu quả lắm khi thiếu tương tác với sinh viên trong lớp để nắm tình hình học viên của mình .",negative,ky_nang_giang_day
854,"tuy nhiên , giờ trên lớp thầy chưa thực sự sử dụng hiệu quả lắm khi thiếu tương tác với sinh viên trong lớp để nắm tình hình học viên của mình .",negative,hanh_vi
855,"thầy dễ thương , nhiệt tình , dạy dễ hiểu .",positive,ky_nang_giang_day
855,"thầy dễ thương , nhiệt tình , dạy dễ hiểu .",positive,hanh_vi
856,nên cho thời gian học nhiều hơn 2 tiết .,negative,chuong_trinh_hoc
856,nên cho thời gian học nhiều hơn 2 tiết .,neutral,de_xuat
857,"cô vui tính , hiền , khá nhiệt tình và gần gũi với sinh viên colonsmilesmile .",positive,hanh_vi
858,những gì quan trọng cần nắm bắt và tìm hiểu thêm .,neutral,noi_chung
859,cá nhân em thấy đôi khi nhìn thầy em cảm thấy hơi sợ sợ .,negative,hanh_vi
860,"rèn luyện được kỹ năng giao tiếp , mạnh dạng đứng trước lớp nói tiếng anh .",positive,kinh_nghiem
860,"rèn luyện được kỹ năng giao tiếp , mạnh dạng đứng trước lớp nói tiếng anh .",positive,hanh_vi
861,thầy hướng dẫn thực hành hay .,positive,ky_nang_giang_day
862,cập nhật kiến thức thực tế .,neutral,kien_thuc
862,cập nhật kiến thức thực tế .,neutral,de_xuat
863,"giảng viên nhiệt tình , luôn luôn đến lớp đúng giờ .",positive,hanh_vi
864,chỉ có vấn đề thầy dạy hơi nhanh .,negative,ky_nang_giang_day
865,giảng viên truyền đạt còn chưa tốt .,negative,ky_nang_giang_day
866,tình trạng nghỉ không thông báo cho sinh viên để sinh viên đứng đợi giảng viên gần hết giờ rồi ra về nhiều lần .,negative,hanh_vi
867,cô giảng dạy chi tiết trong quá trình học .,positive,ky_nang_giang_day
868,kiến thức chưa có trọng tâm .,negative,kien_thuc
869,"tiết học vui vẻ , thoải mái .",positive,noi_chung
870,chưa tương tác nhiều với sinh viên .,negative,hanh_vi
871,"thân thiện , nhiệt tình .",positive,hanh_vi
872,"yêu cầu quá cao đối với một sinh viên , mặc dù chỉ là một đồ án nhưng không nhất thiết phải quá chi tiết về mọi khía cạnh cụ thể .",negative,bai_tap
872,"yêu cầu quá cao đối với một sinh viên , mặc dù chỉ là một đồ án nhưng không nhất thiết phải quá chi tiết về mọi khía cạnh cụ thể .",negative,de_xuat
873,cô hướng dẫn phương pháp học tập hiệu quả .,positive,ky_nang_giang_day
874,thầy cần hoạt động trao đổi nhiều hơn với sinh viên .,negative,hanh_vi
874,thầy cần hoạt động trao đổi nhiều hơn với sinh viên .,neutral,de_xuat
875,"thầy dạy rất dễ hiểu , đúng trọng tâm bài học .",positive,ky_nang_giang_day
876,"cho quá nhiều bài tập , chỉ nên cho bài tập ví dụ điển hình .",negative,bai_tap
876,"cho quá nhiều bài tập , chỉ nên cho bài tập ví dụ điển hình .",negative,de_xuat
877,giúp em hiểu ra được nhiều cái hay .,positive,ky_nang_giang_day
877,giúp em hiểu ra được nhiều cái hay .,positive,kien_thuc
878,"thầy giảng rất hay , dễ hiểu .",positive,ky_nang_giang_day
879,"giảng viên giảng bài hơi nhàm chán , gây cảm giác buồn ngủ , có nhiều chỗ hơi lan man .",negative,ky_nang_giang_day
880,"giáo viên giạy theo cách quá thụ động , tạo sự nhàm chán cho sinh viên !",negative,ky_nang_giang_day
881,thầy rất tận tâm nhưng không có kỹ năng sư phạm .,negative,ky_nang_giang_day
881,thầy rất tận tâm nhưng không có kỹ năng sư phạm .,positive,hanh_vi
882,nội dung hơi nhiều nên giảm bớt lại .,negative,chuong_trinh_hoc
882,nội dung hơi nhiều nên giảm bớt lại .,neutral,de_xuat
883,"thầy chỉ dạy rất tận tình , luôn hỏi học sinh phần nào chưa hiểu và giảng lại rất kỹ , những bài giảng của thầy rất hay .",positive,ky_nang_giang_day
883,"thầy chỉ dạy rất tận tình , luôn hỏi học sinh phần nào chưa hiểu và giảng lại rất kỹ , những bài giảng của thầy rất hay .",positive,hanh_vi
884,mong thầy giải bài tập trên lớp .,negative,ky_nang_giang_day
884,mong thầy giải bài tập trên lớp .,neutral,de_xuat
885,"do thời gian mỗi buổi học khá ngắn nên giảng viên cần tập trung vào những chủ đề quan trọng , phần còn lại nên để sinh viên tự tìm hiểu .",negative,ky_nang_giang_day
885,"do thời gian mỗi buổi học khá ngắn nên giảng viên cần tập trung vào những chủ đề quan trọng , phần còn lại nên để sinh viên tự tìm hiểu .",negative,chuong_trinh_hoc
885,"do thời gian mỗi buổi học khá ngắn nên giảng viên cần tập trung vào những chủ đề quan trọng , phần còn lại nên để sinh viên tự tìm hiểu .",neutral,de_xuat
886,giáo viên rất tận tâm nhiệt tình .,positive,hanh_vi
887,"mong rằng những môn có thực hành , giáo viên nên mở chat box và forum cho sinh viên dễ trao đổi với nhau , cũng như nhanh chóng nhận được lời giải đáp thắc mắc từ giáo viên .",neutral,de_xuat
888,cô dạy quá hay rồi .,positive,ky_nang_giang_day
889,thêm hệ thống ổ điện ngầm dưới nền nhà để tiện cho việc sinh viên có thể cắm laptop phục vụ học tập .,negative,thiet_bi_day_hoc
889,thêm hệ thống ổ điện ngầm dưới nền nhà để tiện cho việc sinh viên có thể cắm laptop phục vụ học tập .,neutral,de_xuat
890,chất lượng môn học phù hợp .,positive,chuong_trinh_hoc
891,cô dạy rất nhiệt tình và rất kiên nhẫn với sinh viên .,positive,hanh_vi
892,có sai nhận sai và sửa đổi khắc phục .,negative,noi_chung
893,"thầy dễ tính , dạy dễ hiểu , thầy dạy hay .",positive,ky_nang_giang_day
893,"thầy dễ tính , dạy dễ hiểu , thầy dạy hay .",positive,hanh_vi
894,"giáo viên dễ gần , tận tâm .",positive,hanh_vi
895,thầy rất vui tính dạy dễ hiểu .,positive,ky_nang_giang_day
895,thầy rất vui tính dạy dễ hiểu .,positive,hanh_vi
896,không có hoạt động giảng dạy nào không hài lòng .,positive,ky_nang_giang_day
897,lên vừa cho học lý thuyết vừa cho thực hành .,positive,chuong_trinh_hoc
898,môn học với kiến thức không quá nặng .,positive,kien_thuc
899,"nội dung thực hành đã cũ , không được đổi mới và không sát với thực tế .",negative,kinh_nghiem
899,"nội dung thực hành đã cũ , không được đổi mới và không sát với thực tế .",negative,chuong_trinh_hoc
900,các code ví dụ không được chiếu hết trên slide .,negative,cung_cap_tai_lieu
901,chỉ dạy tận tâm .,positive,hanh_vi
902,"thầy dạy nhiệt tình , chia sẻ những kiến thức bổ ích .",positive,hanh_vi
902,"thầy dạy nhiệt tình , chia sẻ những kiến thức bổ ích .",positive,kien_thuc
903,"thầy dạy rất nhiệt tình , dễ hiểu , tận tâm .",positive,ky_nang_giang_day
903,"thầy dạy rất nhiệt tình , dễ hiểu , tận tâm .",positive,hanh_vi
904,giảng hơi ít .,negative,ky_nang_giang_day
905,em mong môn này có thể áp dụng nhiều hơn trong những đồ án .,negative,kinh_nghiem
905,em mong môn này có thể áp dụng nhiều hơn trong những đồ án .,neutral,de_xuat
906,"giải ví dụ , bài tập nhiều hơn .",negative,ky_nang_giang_day
906,"giải ví dụ , bài tập nhiều hơn .",negative,bai_tap
906,"giải ví dụ , bài tập nhiều hơn .",negative,de_xuat
907,thành thật mà nói thì sau khi học buổi đầu xong thì em không muốn học thêm buổi thứ hai .,negative,chuong_trinh_hoc
908,đề nghị thầy xem lại việc chấm chéo đồ án và báo cáo chéo đồ án .,negative,cham_diem
908,đề nghị thầy xem lại việc chấm chéo đồ án và báo cáo chéo đồ án .,neutral,de_xuat
909,"bài dạy phụ thuộc nhiều vào slide , cách truyền đạt chưa thực sự phù hợp với cá nhân .",negative,ky_nang_giang_day
909,"bài dạy phụ thuộc nhiều vào slide , cách truyền đạt chưa thực sự phù hợp với cá nhân .",negative,cung_cap_tai_lieu
910,có slide bài giảng tiếng anh giúp nâng cao trình độ đọc hiểu tài liệu chuyên ngành và nâng cao kiến thức cho sinh viên .,positive,cung_cap_tai_lieu
910,có slide bài giảng tiếng anh giúp nâng cao trình độ đọc hiểu tài liệu chuyên ngành và nâng cao kiến thức cho sinh viên .,positive,kien_thuc
911,học đúng giờ nhưng ra về thì sớm hơn quy định .,negative,chuong_trinh_hoc
912,chuyên nghiệp .,positive,noi_chung
913,"giảng viên thoải mái , hòa đồng .",positive,hanh_vi
914,thầy dạy rất tốt !,positive,ky_nang_giang_day
915,"cách truyền đạt kiến thức của thầy đối với em thì em cảm thấy không phù hợp lắm , em cần phải rất rất tập trung và hỏi đi hỏi lại nhiều lần mới có thể nắm bắt kiến thức .",negative,ky_nang_giang_day
916,thầy cho nghỉ hơi nhiều .,negative,ky_nang_giang_day
917,giảng viên nên cung cấp tài liệu học tập cho sinh viên !,negative,cung_cap_tai_lieu
917,giảng viên nên cung cấp tài liệu học tập cho sinh viên !,neutral,de_xuat
918,"thầy dạy nhiêt tình , kỹ càng !",positive,ky_nang_giang_day
918,"thầy dạy nhiêt tình , kỹ càng !",positive,hanh_vi
919,"thầy dạy hay , nhiều kiến thức mở rộng , được học trên slide tiếng anh .",positive,ky_nang_giang_day
919,"thầy dạy hay , nhiều kiến thức mở rộng , được học trên slide tiếng anh .",neutral,cung_cap_tai_lieu
919,"thầy dạy hay , nhiều kiến thức mở rộng , được học trên slide tiếng anh .",positive,kien_thuc
920,thầy dạy tốt không phụ thuộc nặng vào chương trình .,positive,ky_nang_giang_day
920,thầy dạy tốt không phụ thuộc nặng vào chương trình .,neutral,chuong_trinh_hoc
921,"slide bao nhiêu thầy đọc lại bấy nhiêu , cực kỳ khó hiểu và buồn ngủ .",negative,ky_nang_giang_day
921,"slide bao nhiêu thầy đọc lại bấy nhiêu , cực kỳ khó hiểu và buồn ngủ .",negative,cung_cap_tai_lieu
922,cải tiến trang thiết bị phòng thực hành .,negative,thiet_bi_day_hoc
922,cải tiến trang thiết bị phòng thực hành .,negative,de_xuat
923,giảng viên nên dạy đúng giờ hơn hạn chế cho sinh viên về sớm .,negative,ky_nang_giang_day
923,giảng viên nên dạy đúng giờ hơn hạn chế cho sinh viên về sớm .,negative,hanh_vi
923,giảng viên nên dạy đúng giờ hơn hạn chế cho sinh viên về sớm .,negative,de_xuat
924,em hi vọng trong các tiết học thầy có thể đi sâu vào kiến thức chuyên môn và giảm bớt thời lượng của hoạt động liên hệ thực tế .,negative,kinh_nghiem
924,em hi vọng trong các tiết học thầy có thể đi sâu vào kiến thức chuyên môn và giảm bớt thời lượng của hoạt động liên hệ thực tế .,negative,kien_thuc
924,em hi vọng trong các tiết học thầy có thể đi sâu vào kiến thức chuyên môn và giảm bớt thời lượng của hoạt động liên hệ thực tế .,neutral,de_xuat
925,chân thành cảm ơn thầy .,positive,noi_chung
926,không có ý kiến nhiều .,neutral,noi_chung
927,không có .,neutral,noi_chung
928,cách chấm điểm của giảng viên không đánh giá đúng năng lực của sinh viên .,negative,cham_diem
929,em không có ý kiến về mục này ạ .,neutral,noi_chung
930,thời gian và cách thức thầy dạy .,neutral,ky_nang_giang_day
931,giảng quá khó hiểu .,negative,ky_nang_giang_day
932,các thiết bị âm thanh cần được đảm bảo hơn .,negative,thiet_bi_day_hoc
932,các thiết bị âm thanh cần được đảm bảo hơn .,negative,de_xuat
933,nên phát hành giáo trình chuẩn cho môn học .,negative,cung_cap_tai_lieu
933,nên phát hành giáo trình chuẩn cho môn học .,neutral,de_xuat
934,dưới đây là hình thầy cung cấp toàn bộ tài liệu trong quá trình học .,neutral,cung_cap_tai_lieu
935,lịch thực hành không được thông báo .,negative,chuong_trinh_hoc
936,"thầy dạy rất tốt , nhiệt tình và rất dễ hiểu .",positive,ky_nang_giang_day
936,"thầy dạy rất tốt , nhiệt tình và rất dễ hiểu .",positive,hanh_vi
937,"lắp quạt phù hợp vì phòng có 2 dãy quạt 2 bên nhưng ngồi ở dãy giữa vẫn nóng , cần có màn che cửa sổ và có ổ cắm điện .",negative,thiet_bi_day_hoc
937,"lắp quạt phù hợp vì phòng có 2 dãy quạt 2 bên nhưng ngồi ở dãy giữa vẫn nóng , cần có màn che cửa sổ và có ổ cắm điện .",neutral,de_xuat
938,lên lớp toàn cho làm paper .,negative,chuong_trinh_hoc
939,kiến thức được đưa vào ứng dụng nhiều bài toán .,positive,kinh_nghiem
939,kiến thức được đưa vào ứng dụng nhiều bài toán .,positive,kien_thuc
940,giảng viên làm rất tốt trong việc giảng dạy bộ môn thực hành .,positive,ky_nang_giang_day
941,"cô wzjwz253 nhiệt tình , giảng bài kỹ .",positive,ky_nang_giang_day
941,"cô wzjwz253 nhiệt tình , giảng bài kỹ .",positive,hanh_vi
942,thầy wzjwz199 rất nhiệt tình trong quá trình giảng dạy .,positive,hanh_vi
943,sau kỳ thi giữa kỳ cấu trúc dữ liệu lý thuyết ( chủ yếu là thi về thuật toán sắp xếp ) thì thầy mới cho làm bài tập về các thuật toán sắp xếp .,negative,bai_tap
944,"giảng viên nhiệt tình , gần gũi với sinh viên .",positive,hanh_vi
945,có nghĩ 2 buổi không hề báo trước .,negative,chuong_trinh_hoc
946,them nhiều tài liệu và video hướng dẫn .,neutral,cung_cap_tai_lieu
946,them nhiều tài liệu và video hướng dẫn .,neutral,de_xuat
947,"giảng viên nên cho số lượng bài tập vừa phải , giải chậm và sâu ở mỗi dạng toán đặc biệt là những dạng toán khó .",negative,ky_nang_giang_day
947,"giảng viên nên cho số lượng bài tập vừa phải , giải chậm và sâu ở mỗi dạng toán đặc biệt là những dạng toán khó .",negative,bai_tap
947,"giảng viên nên cho số lượng bài tập vừa phải , giải chậm và sâu ở mỗi dạng toán đặc biệt là những dạng toán khó .",neutral,de_xuat
948,cần có nhiều buổi thực hành trên thiết bị thật hoặc giảng viên nên đem thiết bị thật làm vài bày mẫu trên lớp .,negative,kinh_nghiem
948,cần có nhiều buổi thực hành trên thiết bị thật hoặc giảng viên nên đem thiết bị thật làm vài bày mẫu trên lớp .,negative,chuong_trinh_hoc
948,cần có nhiều buổi thực hành trên thiết bị thật hoặc giảng viên nên đem thiết bị thật làm vài bày mẫu trên lớp .,negative,thiet_bi_day_hoc
948,cần có nhiều buổi thực hành trên thiết bị thật hoặc giảng viên nên đem thiết bị thật làm vài bày mẫu trên lớp .,neutral,de_xuat
949,"môn học nên tập trung vào chuyên sâu các mục , nên có biên soạn giáo trình mới , chuyên sâu hơn .",negative,cung_cap_tai_lieu
949,"môn học nên tập trung vào chuyên sâu các mục , nên có biên soạn giáo trình mới , chuyên sâu hơn .",negative,chuong_trinh_hoc
949,"môn học nên tập trung vào chuyên sâu các mục , nên có biên soạn giáo trình mới , chuyên sâu hơn .",neutral,de_xuat
950,"thầy dạy dễ hiểu , rất hay .",positive,ky_nang_giang_day
951,"thời khóa biểu phân chia không hợp lý , chưa học lý thuyết đã phải học thực hành .",negative,chuong_trinh_hoc
952,cung cấp nhiều bài tập cho sinh viên tham khảo .,neutral,bai_tap
953,thầy cô dạy chưa sâu vào bài học .,negative,ky_nang_giang_day
954,"nói nhỏ , rất khó nghe .",negative,ky_nang_giang_day
954,"nói nhỏ , rất khó nghe .",negative,hanh_vi
955,thầy hầu như không giải đáp thắc mắc của sinh viên khi bài tập mắc lỗi hoặc có nhưng rất hời hợt .,negative,hanh_vi
956,chưa thực sự tận dụng tốt thời gian và chưa mở rộng vấn đề .,negative,ky_nang_giang_day
956,chưa thực sự tận dụng tốt thời gian và chưa mở rộng vấn đề .,negative,chuong_trinh_hoc
957,công bằng .,positive,cham_diem
958,"thầy giảng rất kỹ và dễ hiểu , cho rất nhiều bài tập giúp sinh viên ứng dụng và nhớ được những gì đã học .",positive,ky_nang_giang_day
958,"thầy giảng rất kỹ và dễ hiểu , cho rất nhiều bài tập giúp sinh viên ứng dụng và nhớ được những gì đã học .",positive,bai_tap
959,"cô dạy dễ hiểu , vui vẻ với sinh viên , cung cấp đầy đủ kiến thức cần thiết .",positive,ky_nang_giang_day
959,"cô dạy dễ hiểu , vui vẻ với sinh viên , cung cấp đầy đủ kiến thức cần thiết .",positive,hanh_vi
959,"cô dạy dễ hiểu , vui vẻ với sinh viên , cung cấp đầy đủ kiến thức cần thiết .",positive,kien_thuc
960,bài giảng hơi khó hiểu .,negative,ky_nang_giang_day
961,nên muốn nhà trường tăng thêm thời gian học lý thuyết của môn này .,negative,chuong_trinh_hoc
961,nên muốn nhà trường tăng thêm thời gian học lý thuyết của môn này .,negative,de_xuat
962,"thường xuyên tổ chức thảo luận , thực hành nói .",neutral,ky_nang_giang_day
962,"thường xuyên tổ chức thảo luận , thực hành nói .",neutral,kinh_nghiem
963,giảng viên dạy có phần hơi nhanh .,negative,ky_nang_giang_day
964,giúp chúng em học tập tốt hơn .,positive,noi_chung
965,thầy dạy hay tận tình .,positive,ky_nang_giang_day
965,thầy dạy hay tận tình .,positive,hanh_vi
966,"thầy dạy rất hay , chi tiết .",positive,ky_nang_giang_day
967,tận tụy với sinh viên .,positive,hanh_vi
968,"thầy rất nhiệt tình và có kiến thức sâu rộng , cung cấp nhiều kiến thức hay .",positive,hanh_vi
968,"thầy rất nhiệt tình và có kiến thức sâu rộng , cung cấp nhiều kiến thức hay .",positive,kien_thuc
969,"hầu như trong cả năm học , giảng viên chỉ đi dạy đúng thời khoá biểu chỉ từ 2 đến 3 ngày , còn lại giảng viên lại tự ý dời lịch học sang ngày thứ 7 mà không hỏi ý kiến của sinh viên , vì vào ngày thứ 7 có rất nhiều sinh viên có lịch học môn khác .",negative,hanh_vi
969,"hầu như trong cả năm học , giảng viên chỉ đi dạy đúng thời khoá biểu chỉ từ 2 đến 3 ngày , còn lại giảng viên lại tự ý dời lịch học sang ngày thứ 7 mà không hỏi ý kiến của sinh viên , vì vào ngày thứ 7 có rất nhiều sinh viên có lịch học môn khác .",negative,chuong_trinh_hoc
970,cần thêm nhiêu bài tập thực tế .,negative,bai_tap
970,cần thêm nhiêu bài tập thực tế .,neutral,de_xuat
971,không tập trung vào giảng kiến thức cho học sinh hiểu .,negative,ky_nang_giang_day
972,thật sự rất thất vọng về việc dạy thực hành của thầy !,negative,ky_nang_giang_day
973,góp ý doubledot thầy nên có cách tiếp cận khác để cân bằng giữa vấn đề ngoại ngữ và kiến thức chuyên ngành .,negative,ky_nang_giang_day
973,góp ý doubledot thầy nên có cách tiếp cận khác để cân bằng giữa vấn đề ngoại ngữ và kiến thức chuyên ngành .,neutral,de_xuat
974,thầy dạy lý thuyết được .,positive,ky_nang_giang_day
975,"thầy dạy nhanh , hay !",positive,ky_nang_giang_day
976,nên cho nhiều bài tập hơn .,negative,bai_tap
976,nên cho nhiều bài tập hơn .,neutral,de_xuat
977,"giảng viên nhiệt tình , quan tâm đến học sinh .",positive,hanh_vi
978,"môn học có 5 lab mà chỉ học 2 lab là thi cuối kỳ , thầy nên lên lớp đủ số buổi quy định .",negative,chuong_trinh_hoc
978,"môn học có 5 lab mà chỉ học 2 lab là thi cuối kỳ , thầy nên lên lớp đủ số buổi quy định .",neutral,de_xuat
979,slide hơi khó hiểu .,negative,cung_cap_tai_lieu
980,"giáo viên thực hành cần quan tâm , chỉ dẫn sinh viên tận tình hơn .",negative,hanh_vi
980,"giáo viên thực hành cần quan tâm , chỉ dẫn sinh viên tận tình hơn .",negative,de_xuat
981,giảng viên lên lớp đầy đủ .,positive,hanh_vi
982,"giảng viên nhiệt tình , hỗ trợ sinh viên tốt .",positive,hanh_vi
983,giảng viên hay cho nghỉ học mà không báo trước .,negative,hanh_vi
984,"trang thiết bị còn hỏng hóc nhiều , thường xuyên trục trặc trong giờ học .",negative,thiet_bi_day_hoc
985,hiểu tâm lý học sinh nên mọi người trong lớp đều chú ý giảng bài .,neutral,ky_nang_giang_day
985,hiểu tâm lý học sinh nên mọi người trong lớp đều chú ý giảng bài .,neutral,hanh_vi
985,hiểu tâm lý học sinh nên mọi người trong lớp đều chú ý giảng bài .,neutral,kien_thuc
985,hiểu tâm lý học sinh nên mọi người trong lớp đều chú ý giảng bài .,neutral,de_xuat
986,phòng wzjwz325 thiết bị âm thanh hay xảy ra trục trặc làm gián đoạn buổi học .,negative,thiet_bi_day_hoc
987,"vui tính , thân thiện .",positive,hanh_vi
988,"nhiệt tình , năng nổ .",positive,hanh_vi
989,không có sự thoải mái khi học tập .,negative,noi_chung
990,"giảng viên dạy tận tâm , nhiệt tình , lên lớp đúng giờ .",positive,hanh_vi
991,mong cô cung cấp nhiều tài liệu có hướng dẫn giải cụ thể các dạng toán để đáp ứng nhu cầu tự học .,negative,cung_cap_tai_lieu
991,mong cô cung cấp nhiều tài liệu có hướng dẫn giải cụ thể các dạng toán để đáp ứng nhu cầu tự học .,neutral,de_xuat
992,"giảng viên nhiệt tình , vui vẻ , hoà đồng , gần gũi giúp sinh viên khá nhiều trong việc tiếp thu kiến thức .",positive,ky_nang_giang_day
992,"giảng viên nhiệt tình , vui vẻ , hoà đồng , gần gũi giúp sinh viên khá nhiều trong việc tiếp thu kiến thức .",positive,hanh_vi
993,mong nhà trường xem xét lại để có sự nhất quán trong công tác dạy và chấm thi .,negative,ky_nang_giang_day
993,mong nhà trường xem xét lại để có sự nhất quán trong công tác dạy và chấm thi .,negative,cham_diem
993,mong nhà trường xem xét lại để có sự nhất quán trong công tác dạy và chấm thi .,neutral,de_xuat
994,"truyền đật kiến thức tốt , dễ hiểu .",positive,ky_nang_giang_day
994,"truyền đật kiến thức tốt , dễ hiểu .",positive,kien_thuc
995,tài liệu thực hành nên nêu rõ mục tiêu cũng như kiến thức cần đạt được sau bài thực hành .,negative,cung_cap_tai_lieu
995,tài liệu thực hành nên nêu rõ mục tiêu cũng như kiến thức cần đạt được sau bài thực hành .,neutral,de_xuat
996,và giảng dạy khó hiểu .,negative,ky_nang_giang_day
997,ít quan sát sinh viên thực hành .,negative,hanh_vi
998,có một bạn trong phòng của em học thầy ở học kỳ trước hâm mộ thầy !,neutral,noi_chung
999,bài tập cuối kỳ làm quá nhiều .,negative,bai_tap
1000,"cô dạy có tâm , post tài liệu và bài tập lên moodle rất đầy đủ .",positive,hanh_vi
1000,"cô dạy có tâm , post tài liệu và bài tập lên moodle rất đầy đủ .",positive,bai_tap
1000,"cô dạy có tâm , post tài liệu và bài tập lên moodle rất đầy đủ .",positive,cung_cap_tai_lieu
1001,giảng viên truyền đạt chưa hay .,negative,ky_nang_giang_day
1002,"thầy dạy hay , dễ hiểu , vui tính .",positive,ky_nang_giang_day
1002,"thầy dạy hay , dễ hiểu , vui tính .",positive,hanh_vi
1003,cô dạy khá nhanh nên khó theo kịp bài giảng .,negative,ky_nang_giang_day
1004,"giảng viên nhiệt tình , tận tâm trong quá trình giảng dạy .",positive,hanh_vi
1005,thầy quan tâm sinh viên .,positive,hanh_vi
1006,hướng dẫn cụ thể hơn .,negative,ky_nang_giang_day
1006,hướng dẫn cụ thể hơn .,neutral,de_xuat
1007,quá chú trọng vào việc luyện kỹ năng thi toeic .,negative,chuong_trinh_hoc
1008,thầy rất đúng giờ giấc .,positive,hanh_vi
1009,thường thì 8h kém 10 mới bắt đầu học .,negative,chuong_trinh_hoc
1010,cần cho biết rõ hơn nữa về cách thức vận dụng vào trong từng bài tập .,negative,bai_tap
1010,cần cho biết rõ hơn nữa về cách thức vận dụng vào trong từng bài tập .,neutral,de_xuat
1011,"vui vẻ , hài hòa , giảng dạy tích cực .",positive,ky_nang_giang_day
1011,"vui vẻ , hài hòa , giảng dạy tích cực .",positive,hanh_vi
1012,cần cung cấp tài liệu bài giảng đầy đủ ngay từ những ngày đầu bắt đàu học .,negative,cung_cap_tai_lieu
1012,cần cung cấp tài liệu bài giảng đầy đủ ngay từ những ngày đầu bắt đàu học .,negative,de_xuat
1013,như vậy có đảm bảo được chất lượng giảng dạy không .,negative,ky_nang_giang_day
1014,"cô rất vui tính , nhiệt tình , giảng bài tập chi tiết , dễ hiểu .",positive,ky_nang_giang_day
1014,"cô rất vui tính , nhiệt tình , giảng bài tập chi tiết , dễ hiểu .",positive,hanh_vi
1015,cập nhật điểm thực hành và nhận xét đầy đủ .,negative,cham_diem
1015,cập nhật điểm thực hành và nhận xét đầy đủ .,neutral,de_xuat
1016,điều chỉnh máy chiếu phù hợp với kích thước phông màn !,negative,thiet_bi_day_hoc
1016,điều chỉnh máy chiếu phù hợp với kích thước phông màn !,neutral,de_xuat
1017,"giảng viên cần chú ý thêm về vấn đề lịch thi speaking , thông báo cho sinh viên biết và chuẩn bị trước nội dung thi .",negative,hanh_vi
1017,"giảng viên cần chú ý thêm về vấn đề lịch thi speaking , thông báo cho sinh viên biết và chuẩn bị trước nội dung thi .",negative,de_xuat
1018,có những kiến thức cần thiết trong khi thực hành nhưng lý thuyết rất lâu sau mới dạy đến .,negative,ky_nang_giang_day
1018,có những kiến thức cần thiết trong khi thực hành nhưng lý thuyết rất lâu sau mới dạy đến .,positive,kien_thuc
1018,có những kiến thức cần thiết trong khi thực hành nhưng lý thuyết rất lâu sau mới dạy đến .,negative,chuong_trinh_hoc
1019,cung cấp các tài liệu ít .,negative,cung_cap_tai_lieu
1020,"cung cấp và thường xuyên cập nhật thêm tài liệu về môn học nhiều hơn , sử dụng giờ lên lớp hiệu quả hơn .",negative,ky_nang_giang_day
1020,"cung cấp và thường xuyên cập nhật thêm tài liệu về môn học nhiều hơn , sử dụng giờ lên lớp hiệu quả hơn .",negative,cung_cap_tai_lieu
1020,"cung cấp và thường xuyên cập nhật thêm tài liệu về môn học nhiều hơn , sử dụng giờ lên lớp hiệu quả hơn .",negative,de_xuat
1021,em thật sự rất thích phong cách dạy học của cô wzjwz146 .,positive,ky_nang_giang_day
1022,giảng viên ra đề thi hay .,positive,bai_tap
1023,giảng viên đánh giá rất chủ quan về ý kiến của mình .,negative,cham_diem
1024,nội dung thực hành nên sát với lý thuyết hơn .,negative,kinh_nghiem
1024,nội dung thực hành nên sát với lý thuyết hơn .,neutral,de_xuat
1025,chỉ cần học sinh siêng năng là sẽ làm được và hiểu rõ hơn về lý thuyết sau mỗi lần làm bài thực hành .,positive,kinh_nghiem
1025,chỉ cần học sinh siêng năng là sẽ làm được và hiểu rõ hơn về lý thuyết sau mỗi lần làm bài thực hành .,positive,bai_tap
1026,"giáo viên thân thiện , nhiệt tình .",positive,hanh_vi
1027,chưa có slide giảng dạy hiệu quả .,negative,cung_cap_tai_lieu
1028,lên lớp đảm bảo thời gian và công tác giảng dạy .,positive,noi_chung
1029,thầy chậm trễ trong việc gặp sinh viên để thảo luận về vấn đề đồ án .,negative,hanh_vi
1030,theo em nghĩ anh văn cần 2 tiết là đủ .,neutral,chuong_trinh_hoc
1030,theo em nghĩ anh văn cần 2 tiết là đủ .,neutral,de_xuat
1031,nên bỏ phần thi lý thuyết .,negative,cham_diem
1031,nên bỏ phần thi lý thuyết .,negative,chuong_trinh_hoc
1031,nên bỏ phần thi lý thuyết .,negative,de_xuat
1032,giảng viên tận tình giúp đỡ .,positive,hanh_vi
1033,"hướng dẫn thực hành kỹ lưỡng , đảm bảo sinh viên hiểu được cách làm .",positive,ky_nang_giang_day
1033,"hướng dẫn thực hành kỹ lưỡng , đảm bảo sinh viên hiểu được cách làm .",positive,kinh_nghiem
1034,wifi yếu .,negative,thiet_bi_day_hoc
1035,"giảng viên trẻ nhưng giảng dạy tốt , tạo hứng thú cho người học .",positive,ky_nang_giang_day
1035,"giảng viên trẻ nhưng giảng dạy tốt , tạo hứng thú cho người học .",positive,hanh_vi
1036,dạy với slide tiếng anh .,neutral,ky_nang_giang_day
1036,dạy với slide tiếng anh .,neutral,cung_cap_tai_lieu
1037,"kiểu như giảng viên chưa chuẩn bị , chưa từng đọc tới cái đề vậy .",negative,ky_nang_giang_day
1037,"kiểu như giảng viên chưa chuẩn bị , chưa từng đọc tới cái đề vậy .",negative,hanh_vi
1038,thầy cần giải những ví dụ ra trên bảng để sinh viên dễ hiểu hơn .,negative,ky_nang_giang_day
1038,thầy cần giải những ví dụ ra trên bảng để sinh viên dễ hiểu hơn .,neutral,de_xuat
1039,"giảng viên cung cấp đầy đủ kiến thức , tài liệu học tập .",positive,cung_cap_tai_lieu
1039,"giảng viên cung cấp đầy đủ kiến thức , tài liệu học tập .",positive,kien_thuc
1040,"sự tận tâm , nhiệt tình và truyền đạt kiến thức cần thiết cho sinh viên .",positive,ky_nang_giang_day
1040,"sự tận tâm , nhiệt tình và truyền đạt kiến thức cần thiết cho sinh viên .",positive,hanh_vi
1040,"sự tận tâm , nhiệt tình và truyền đạt kiến thức cần thiết cho sinh viên .",positive,kien_thuc
1041,chưa hiểu bài lắm .,negative,ky_nang_giang_day
1042,"giờ quen miệng , nói câu đó quài .",neutral,noi_chung
1043,giảng dạy đầy đủ bài học .,positive,ky_nang_giang_day
1044,thầy không dùng micro nên ngồi ở xa không nghe rõ .,negative,ky_nang_giang_day
1044,thầy không dùng micro nên ngồi ở xa không nghe rõ .,negative,hanh_vi
1044,thầy không dùng micro nên ngồi ở xa không nghe rõ .,negative,thiet_bi_day_hoc
1045,cập nhật tài liệu đầy đủ cho sinh viên !,neutral,cung_cap_tai_lieu
1045,cập nhật tài liệu đầy đủ cho sinh viên !,neutral,de_xuat
1046,có quá nhiều bài tập .,negative,bai_tap
1047,giảng viên chưa cung cấp đầy đủ tài liệu môn học .,negative,cung_cap_tai_lieu
1048,"những sinh viên được lòng giảng viên trên lớp sẽ qua môn một cách dễ dàng , còn những sinh viên còn lại chỉ cần sai sót nhỏ sẽ rớt môn .",negative,hanh_vi
1048,"những sinh viên được lòng giảng viên trên lớp sẽ qua môn một cách dễ dàng , còn những sinh viên còn lại chỉ cần sai sót nhỏ sẽ rớt môn .",negative,cham_diem
1049,tạo nhiều trò chơi giúp sinh viên đỡ thấy nhàm chán .,neutral,ky_nang_giang_day
1049,tạo nhiều trò chơi giúp sinh viên đỡ thấy nhàm chán .,neutral,de_xuat
1050,hướng dẫn nhiệt tình .,positive,hanh_vi
1051,cung cấp kiến thức gần với thực tế .,positive,kien_thuc
1052,"giảng viên nhiệt tình , đánh giá đúng năng lực .",positive,hanh_vi
1052,"giảng viên nhiệt tình , đánh giá đúng năng lực .",positive,cham_diem
1053,"nhiệt tình , quan tâm đến sinh viên .",positive,hanh_vi
1054,tăng cường chất lượng phòng học .,negative,thiet_bi_day_hoc
1054,tăng cường chất lượng phòng học .,neutral,de_xuat
1055,"cô giảng rất chán slide tiếng anh dùng nhiều từ chuyên ngành , nên nếu không bắt kịp những gì cô giảng thì cũng khó để hiểu được bài giảng .",negative,ky_nang_giang_day
1055,"cô giảng rất chán slide tiếng anh dùng nhiều từ chuyên ngành , nên nếu không bắt kịp những gì cô giảng thì cũng khó để hiểu được bài giảng .",negative,cung_cap_tai_lieu
1056,còn vài điều về bài học vẫn chưa được giải thích cho mọi sinh viên hiểu .,negative,ky_nang_giang_day
1057,"cách giảng dạy rất hiệu quả , lớp học vui .",positive,ky_nang_giang_day
1057,"cách giảng dạy rất hiệu quả , lớp học vui .",positive,hanh_vi
1058,thầy bận công tác và thay giảng viên khác mà giảng viên đó dạy không tốt bằng thầy wzjwz292 làm chúng em rất khó nắm bắt kiến thức .,negative,ky_nang_giang_day
1059,tiết học có phần khô chán .,negative,ky_nang_giang_day
1060,"cô vui vẻ , giúp lớp cùng nhau hoạt động sôi nổi .",positive,hanh_vi
1061,"giảng viên tăng cường giải bài tập , giúp sinh viên dễ hiểu bài .",positive,ky_nang_giang_day
1062,"thầy rất vui tính , giảng hay và kỹ .",positive,ky_nang_giang_day
1062,"thầy rất vui tính , giảng hay và kỹ .",positive,hanh_vi
1063,"môn này rất khó kiếm tài liệu , phần lớn kiếm được lại là tài liệu tiếng anh .",negative,cung_cap_tai_lieu
1064,kiến thức hay !,positive,kien_thuc
1065,"đúng giờ , tận tâm với lớp .",positive,hanh_vi
1066,"giáo viên hướng dẫn phần giao tiếp gượng ép thiếu tự nhiên , hay đánh vào đầu học sinh .",negative,ky_nang_giang_day
1066,"giáo viên hướng dẫn phần giao tiếp gượng ép thiếu tự nhiên , hay đánh vào đầu học sinh .",negative,hanh_vi
1067,"ví dụ giơ tay phát biểu cộng điểm , lên bảng làm bài tập cộng điểm .",neutral,bai_tap
1067,"ví dụ giơ tay phát biểu cộng điểm , lên bảng làm bài tập cộng điểm .",neutral,cham_diem
1068,"cập nhật liên tục những công nghệ mới , không giảng dạy những công nghệ đã quá cũ trang thiết bị thực hành cần hoàn thiện .",positive,chuong_trinh_hoc
1068,"cập nhật liên tục những công nghệ mới , không giảng dạy những công nghệ đã quá cũ trang thiết bị thực hành cần hoàn thiện .",negative,thiet_bi_day_hoc
1068,"cập nhật liên tục những công nghệ mới , không giảng dạy những công nghệ đã quá cũ trang thiết bị thực hành cần hoàn thiện .",neutral,de_xuat
1069,"dạy nghiêm túc , vui .",positive,hanh_vi
1070,thầy quá tuyệt vời .,positive,hanh_vi
1071,thầy đến tận nơi giảng bài khi không hiểu .,positive,ky_nang_giang_day
1071,thầy đến tận nơi giảng bài khi không hiểu .,positive,hanh_vi
1072,giảng viên kém vui vẻ .,negative,hanh_vi
1073,dạy hay dễ hiểu .,positive,ky_nang_giang_day
1074,"giáo viên rất tận tình , quan tâm tới lớp .",positive,hanh_vi
1075,chất lượng môn học hiện tại rất tốt .,positive,chuong_trinh_hoc
1076,"thầy vui tính , dạy tốt , đi cặn kẽ vào bài học .",positive,ky_nang_giang_day
1076,"thầy vui tính , dạy tốt , đi cặn kẽ vào bài học .",positive,hanh_vi
1077,có những cái cô dạy lan man ngoài phần thi không cần thiết .,negative,ky_nang_giang_day
1078,chu đáo và ân cần .,positive,hanh_vi
1079,"thầy dạy rất hay và dễ hiểu , tập trung sát vào phần trọng tâm .",positive,ky_nang_giang_day
1080,"giảng viên hướng dẫn rất chi tiết , nhiệt tình .",positive,ky_nang_giang_day
1080,"giảng viên hướng dẫn rất chi tiết , nhiệt tình .",positive,hanh_vi
1081,có giao tiếp tiếng anh và thực hành giao tiếp trong lớp học nhiều .,positive,ky_nang_giang_day
1081,có giao tiếp tiếng anh và thực hành giao tiếp trong lớp học nhiều .,positive,kinh_nghiem
1082,hạn chế cho ra ví dụ kiểu như 12 rồi cho bài tập kiểu như 245 .,negative,ky_nang_giang_day
1082,hạn chế cho ra ví dụ kiểu như 12 rồi cho bài tập kiểu như 245 .,negative,bai_tap
1083,"có một thực tế là em học môn nhập môn lập trình ( thực hành  do cô wzjwz256 dạy ) nội dung chương trình lại đi trước , nhanh hơn cả môn học lý thuyết ( không phải do môn thực hành học nhanh hơn mà do môn lý thuyết học chậm hơn ) ?",negative,chuong_trinh_hoc
1084,điều này có được do cô thỉnh thoảng có mời các thầy nước ngoài đến dự và hỗ trợ các nhóm thuyết trình ngay trong lớp học .,positive,ky_nang_giang_day
1084,điều này có được do cô thỉnh thoảng có mời các thầy nước ngoài đến dự và hỗ trợ các nhóm thuyết trình ngay trong lớp học .,positive,kinh_nghiem
1084,điều này có được do cô thỉnh thoảng có mời các thầy nước ngoài đến dự và hỗ trợ các nhóm thuyết trình ngay trong lớp học .,positive,hanh_vi
1085,cứ như kiểu đọc slide xuống vậy .,negative,ky_nang_giang_day
1086,giảng viên tâm huyết .,positive,hanh_vi
1087,thầy dạy rất sơ sài hầu như chỉ trong slide .,negative,ky_nang_giang_day
1088,nên tìm được phương pháp dễ hình dung và thực tiễn hơn .,negative,ky_nang_giang_day
1088,nên tìm được phương pháp dễ hình dung và thực tiễn hơn .,neutral,de_xuat
1089,thầy trình bày bài giảng lộn xộn .,negative,ky_nang_giang_day
1090,thấy giảng dạy nói môn này muốn học thì phải có phòng thí nghiệm .,neutral,thiet_bi_day_hoc
1090,thấy giảng dạy nói môn này muốn học thì phải có phòng thí nghiệm .,neutral,de_xuat
1091,"phòng thực hành cần nâng cấp các bộ kit , thực hành chưa hiệu quả .",negative,kinh_nghiem
1091,"phòng thực hành cần nâng cấp các bộ kit , thực hành chưa hiệu quả .",negative,thiet_bi_day_hoc
1091,"phòng thực hành cần nâng cấp các bộ kit , thực hành chưa hiệu quả .",neutral,de_xuat
1092,"thầy dạy rất dễ hiểu , cho bài tập để tiếp thu .",positive,ky_nang_giang_day
1092,"thầy dạy rất dễ hiểu , cho bài tập để tiếp thu .",positive,bai_tap
1093,giảng viên nên nói tiếng anh sau đó giải thích nghĩa .,negative,ky_nang_giang_day
1093,giảng viên nên nói tiếng anh sau đó giải thích nghĩa .,neutral,de_xuat
1094,"phòng học quá nóng , máy chiếu mờ .",negative,thiet_bi_day_hoc
1095,nội dung bài học được lồng ghép vào nhưng trò chơi .,neutral,chuong_trinh_hoc
1096,"cô tận tâm , nhiệt tình giúp đỡ .",positive,hanh_vi
1097,"khắc phục khuyết điểm "" tôi không có lý do gì để xem bài tập của em cả "" .",negative,bai_tap
1097,"khắc phục khuyết điểm "" tôi không có lý do gì để xem bài tập của em cả "" .",neutral,de_xuat
1098,môn học tuy khó nhưng kiến thức rất có ý nghĩa cho sau này .,positive,kien_thuc
1098,môn học tuy khó nhưng kiến thức rất có ý nghĩa cho sau này .,neutral,chuong_trinh_hoc
1099,thuyết trình trên lớp .,neutral,noi_chung
1100,thầy có kiến thức sâu và rộng .,positive,kien_thuc
1101,ida pro 64-bit hoàn toàn có thể phân tích các file thực thi 32-bit nhưng các thanh ghi phức tạp hơn nhiều thay cho ida pro 64-bit không phân tích được cái file thực thi 32-bit colonsmile .,negative,noi_chung
1102,lắp thêm rèm của để máy chiếu được hiệu quả hơn .,negative,thiet_bi_day_hoc
1102,lắp thêm rèm của để máy chiếu được hiệu quả hơn .,neutral,de_xuat
1103,"tốt , tận tình với sinh viên .",positive,hanh_vi
1104,giảng viên hướng dẫn thực hành cần nhiệt tình giúp đỡ sinh viên trong quá trình thực hành .,negative,hanh_vi
1104,giảng viên hướng dẫn thực hành cần nhiệt tình giúp đỡ sinh viên trong quá trình thực hành .,neutral,de_xuat
1105,em nghĩ thầy nên tăng cường sửa nhiều bài tập hơn .,negative,bai_tap
1105,em nghĩ thầy nên tăng cường sửa nhiều bài tập hơn .,neutral,de_xuat
1106,"phòng học vô cùng nóng , quạt chỉ để trang trí .",negative,thiet_bi_day_hoc
1107,"thầy không cung cấp đủ tài liệu trên website môn học , toàn bộ tài liệu sinh viên phải đi nhờ mấy bạn lớp khác để có tài liệu mà học .",negative,cung_cap_tai_lieu
1108,nhờ vậy trình của sinh viên lên rất nhiều sau mỗi buổi thực hành và làm bài tập .,positive,kinh_nghiem
1108,nhờ vậy trình của sinh viên lên rất nhiều sau mỗi buổi thực hành và làm bài tập .,positive,bai_tap
1109,không co ý kiến .,neutral,noi_chung
1110,cho bài tập hơi khó .,negative,bai_tap
1111,loại kiến thức thầy truyền đạt rất có sức thu hút .,positive,kien_thuc
1112,dễ thương .,positive,noi_chung
1113,thầy chấm điểm còn cảm tính và có phần chưa công bằng .,negative,cham_diem
1114,tận tâm gọi những sinh viên không tập trung để trả lời câu hỏi .,positive,hanh_vi
1115,giảng viên cần phân bổ số lượng bài tập tương đồng với nội dung lý thuyết .,negative,bai_tap
1115,giảng viên cần phân bổ số lượng bài tập tương đồng với nội dung lý thuyết .,neutral,de_xuat
1116,khi học sinh nào có ý kiến muốn phát biểu thì thầy tranh luận tới cùng .,neutral,hanh_vi
1117,"giảng viên lên lớp chỉ đưa bài thực hành cho sinh viên làm , và từ đầu đến cuối buổi hoàn toàn không nói một câu nào !",negative,ky_nang_giang_day
1117,"giảng viên lên lớp chỉ đưa bài thực hành cho sinh viên làm , và từ đầu đến cuối buổi hoàn toàn không nói một câu nào !",negative,hanh_vi
1118,cần tăng cường hoạt động nhóm và cần nhiều bài tập hơn cho môn học .,negative,ky_nang_giang_day
1118,cần tăng cường hoạt động nhóm và cần nhiều bài tập hơn cho môn học .,negative,bai_tap
1118,cần tăng cường hoạt động nhóm và cần nhiều bài tập hơn cho môn học .,neutral,de_xuat
1119,giáo trình hợp lý .,positive,cung_cap_tai_lieu
1119,giáo trình hợp lý .,positive,chuong_trinh_hoc
1120,"giảng viên nhiệt tình , giảng dạy tốt , dễ hiểu .",positive,ky_nang_giang_day
1120,"giảng viên nhiệt tình , giảng dạy tốt , dễ hiểu .",positive,hanh_vi
1121,"nhiệt tình , chu đáo , dạy dễ hiểu .",positive,ky_nang_giang_day
1121,"nhiệt tình , chu đáo , dạy dễ hiểu .",positive,hanh_vi
1122,tận tâm với bài giảng .,positive,hanh_vi
1123,"chứ không được nói kiểu bài này dễ , tự tìm hiểu là được , có gì không hiểu hỏi .",negative,bai_tap
1123,"chứ không được nói kiểu bài này dễ , tự tìm hiểu là được , có gì không hiểu hỏi .",neutral,de_xuat
1124,không hiểu gì khi ngồi nghe trong lớp .,negative,ky_nang_giang_day
1125,"cách trả lời thắc mắc cho sinh viên về bài học khiến sinh viên khó chịu ( vì sinh viên chưa hoàn hảo nên đôi lúc có những câu hỏi "" trên trời "" , thầy có kinh nghiệm thì nên chỉ rõ lỗi sai của sinh viên chứ không nên hỏi vặn vẹo , gây khó chịu ) .",negative,ky_nang_giang_day
1125,"cách trả lời thắc mắc cho sinh viên về bài học khiến sinh viên khó chịu ( vì sinh viên chưa hoàn hảo nên đôi lúc có những câu hỏi "" trên trời "" , thầy có kinh nghiệm thì nên chỉ rõ lỗi sai của sinh viên chứ không nên hỏi vặn vẹo , gây khó chịu ) .",negative,hanh_vi
1125,"cách trả lời thắc mắc cho sinh viên về bài học khiến sinh viên khó chịu ( vì sinh viên chưa hoàn hảo nên đôi lúc có những câu hỏi "" trên trời "" , thầy có kinh nghiệm thì nên chỉ rõ lỗi sai của sinh viên chứ không nên hỏi vặn vẹo , gây khó chịu ) .",neutral,de_xuat
1126,"hỗ trợ thêm thiết bị cho việc giảng dạy môn anh văn , nếu có điều kiện có thể cho sinh viên học kỹ năng nghe anh văn trong phòng máy với trang thiết bị như tai nghe .",negative,thiet_bi_day_hoc
1126,"hỗ trợ thêm thiết bị cho việc giảng dạy môn anh văn , nếu có điều kiện có thể cho sinh viên học kỹ năng nghe anh văn trong phòng máy với trang thiết bị như tai nghe .",negative,de_xuat
1127,thầy wzjwz212 dạy nhiệt tình .,positive,hanh_vi
1128,hơi căng .,negative,noi_chung
1129,"giảng viên dạy tận tâm , nhiệt tình , vui vẻ với sinh viên , dạy đầy đủ kiến thức cần thiết .",positive,hanh_vi
1129,"giảng viên dạy tận tâm , nhiệt tình , vui vẻ với sinh viên , dạy đầy đủ kiến thức cần thiết .",positive,kien_thuc
1130,thầy vừa dạy slide tiếng anh vừa dịch sang tiếng việt kế bên câu tiếng anh để khi về nhà tụi em đọc lại dễ hiểu hơn .,positive,ky_nang_giang_day
1130,thầy vừa dạy slide tiếng anh vừa dịch sang tiếng việt kế bên câu tiếng anh để khi về nhà tụi em đọc lại dễ hiểu hơn .,positive,cung_cap_tai_lieu
1131,vui vẻ hòa đồng nhiệt tình chỉ bao nhiêu đối với một giáo viên là đủ .,positive,hanh_vi
1132,ít dạy bài tập .,negative,bai_tap
1133,giảng viên không cung cấp đủ tài liệu để làm đồ án .,negative,cung_cap_tai_lieu
1134,"dạy dễ hiểu , nhiệt tình , tuyệt vời .",positive,ky_nang_giang_day
1134,"dạy dễ hiểu , nhiệt tình , tuyệt vời .",positive,hanh_vi
1135,tận tình tích cực .,positive,hanh_vi
1136,"cô dạy rất là nhiệt tình , dễ tiếp thu không chỉ hỗ trợ về kiến thức môn học mà về kỹ năng mềm cô rất quan tâm đến sinh viên về cả phần học tập cũng như cuộc sống .",positive,ky_nang_giang_day
1136,"cô dạy rất là nhiệt tình , dễ tiếp thu không chỉ hỗ trợ về kiến thức môn học mà về kỹ năng mềm cô rất quan tâm đến sinh viên về cả phần học tập cũng như cuộc sống .",positive,hanh_vi
1136,"cô dạy rất là nhiệt tình , dễ tiếp thu không chỉ hỗ trợ về kiến thức môn học mà về kỹ năng mềm cô rất quan tâm đến sinh viên về cả phần học tập cũng như cuộc sống .",positive,kien_thuc
1137,"thầy dễ tính thoải mái , vui tính , nhiệt tình .",positive,hanh_vi
1138,giảng viên dễ chịu vui tính .,positive,hanh_vi
1139,"chưa tận tâm trong giảng dạy , không nghiên cứu kỹ bài giảng trước khi lên lớp .",negative,ky_nang_giang_day
1139,"chưa tận tâm trong giảng dạy , không nghiên cứu kỹ bài giảng trước khi lên lớp .",negative,hanh_vi
1140,giảng phần bài tập hơi nhanh .,negative,ky_nang_giang_day
1141,"giúp sinh viên hiểu chuyên sâu hơn về lý thuyết đã học trên lớp , tạo điều kiện tối đa cho sinh viên .",positive,ky_nang_giang_day
1142,"cách nói chuyện dí dỏm , gần gũi đem lại không khí thoải mái , vui vẻ cho mỗi buổi học .",positive,hanh_vi
1143,thầy lên lớp đúng giờ và đều đặn .,positive,hanh_vi
1144,máy chiếu mờ phòng học hơi nóng .,negative,thiet_bi_day_hoc
1145,"có thể phần thực hành sinh viên sẽ có hai sự lựa chọn doubledot tự xây dựng một chương trình phân loại văn bản , như vậy chương trình sẽ có thể không xử lý được những đoạn văn bản phức tạp hoặc lớn thế nên cách chấm điểm sẽ có phần nương tay đối với phần áp dụng này .",neutral,kinh_nghiem
1145,"có thể phần thực hành sinh viên sẽ có hai sự lựa chọn doubledot tự xây dựng một chương trình phân loại văn bản , như vậy chương trình sẽ có thể không xử lý được những đoạn văn bản phức tạp hoặc lớn thế nên cách chấm điểm sẽ có phần nương tay đối với phần áp dụng này .",negative,bai_tap
1145,"có thể phần thực hành sinh viên sẽ có hai sự lựa chọn doubledot tự xây dựng một chương trình phân loại văn bản , như vậy chương trình sẽ có thể không xử lý được những đoạn văn bản phức tạp hoặc lớn thế nên cách chấm điểm sẽ có phần nương tay đối với phần áp dụng này .",negative,cham_diem
1146,"anh này dạy dễ hiểu , vui tính , nhiệt tình , dễ thương .",positive,ky_nang_giang_day
1146,"anh này dạy dễ hiểu , vui tính , nhiệt tình , dễ thương .",positive,hanh_vi
1147,vì môn học này không hay .,negative,chuong_trinh_hoc
1148,"người học thì chỉ biết học , lao đầu vào học , mà không hề hay biết những thứ đó bản chất là gì .",negative,ky_nang_giang_day
1149,bài tập ở lớp giúp ích rất nhiều cho việc học .,positive,bai_tap
1150,"giảng viên tâm huyết , nhiệt tình , hiểu tâm lý học sinh .",positive,hanh_vi
1151,nhiệt tình giúp sinh viên giải đáp thắc mắc .,positive,hanh_vi
1152,có một số phần chưa phân bổ hợp lý lắm .,negative,chuong_trinh_hoc
1153,"nói to , chậm rãi , dễ hiểu , truyền đạt nhiều kiến thức quan trọng , có tính thực tế .",positive,ky_nang_giang_day
1153,"nói to , chậm rãi , dễ hiểu , truyền đạt nhiều kiến thức quan trọng , có tính thực tế .",positive,kinh_nghiem
1153,"nói to , chậm rãi , dễ hiểu , truyền đạt nhiều kiến thức quan trọng , có tính thực tế .",positive,kien_thuc
1154,chỉ có học lý thuyết .,negative,kinh_nghiem
1154,chỉ có học lý thuyết .,negative,chuong_trinh_hoc
1155,"giảng bài chi tiết , nhiệt tình .",positive,ky_nang_giang_day
1155,"giảng bài chi tiết , nhiệt tình .",positive,hanh_vi
1156,"cô dạy nhiệt tình , tận tâm , dễ hiểu .",positive,ky_nang_giang_day
1156,"cô dạy nhiệt tình , tận tâm , dễ hiểu .",positive,hanh_vi
1157,"thầy rất hiểu tâm lý học sinh , rất vui vẻ trong việc dạy .",positive,hanh_vi
1158,lâu lâu pha trò cười tạo hứng thú học tập cho sinh viên .,positive,ky_nang_giang_day
1158,lâu lâu pha trò cười tạo hứng thú học tập cho sinh viên .,positive,hanh_vi
1159,"cô dạy rất nhiệt tình , giờ học của cô rất vui và thoải mái nên dễ tiếp thu hơn .",positive,ky_nang_giang_day
1159,"cô dạy rất nhiệt tình , giờ học của cô rất vui và thoải mái nên dễ tiếp thu hơn .",positive,hanh_vi
1160,"những bài giảng của thầy phù hợp với năng lực của sinh viên công nghệ thông tin ngoài những điều trong giáo án sinh viên hiểu được rất nhiều điều về thứ khác bài giảng của thầy rất lý thú , sinh động .",positive,ky_nang_giang_day
1160,"những bài giảng của thầy phù hợp với năng lực của sinh viên công nghệ thông tin ngoài những điều trong giáo án sinh viên hiểu được rất nhiều điều về thứ khác bài giảng của thầy rất lý thú , sinh động .",positive,kien_thuc
1160,"những bài giảng của thầy phù hợp với năng lực của sinh viên công nghệ thông tin ngoài những điều trong giáo án sinh viên hiểu được rất nhiều điều về thứ khác bài giảng của thầy rất lý thú , sinh động .",positive,chuong_trinh_hoc
1161,giảng quá nhanh .,negative,ky_nang_giang_day
1162,cần cải thiện hệ thống âm thanh vì đôi lúc gặp trục trặc và không rõ .,negative,thiet_bi_day_hoc
1162,cần cải thiện hệ thống âm thanh vì đôi lúc gặp trục trặc và không rõ .,neutral,de_xuat
1163,"ghi quá nhiều , giảng dạy còn khó hiểu , nên sửa bài tập cho về .",negative,ky_nang_giang_day
1163,"ghi quá nhiều , giảng dạy còn khó hiểu , nên sửa bài tập cho về .",negative,bai_tap
1163,"ghi quá nhiều , giảng dạy còn khó hiểu , nên sửa bài tập cho về .",neutral,de_xuat
1164,"hệ thống phòng máy còn nhiều vấn đề doubledot chuột , bàn phím hỏng , vdotv .",negative,thiet_bi_day_hoc
1165,giảng dạy chi tiết và thường xuyên ôn lại kiến thức !,positive,ky_nang_giang_day
1166,"hướng dẫn thực hành chưa tận tình , thời gian còn ít .",negative,kinh_nghiem
1166,"hướng dẫn thực hành chưa tận tình , thời gian còn ít .",negative,chuong_trinh_hoc
1167,giảng viên giảng hơi nhanh một số phần .,negative,ky_nang_giang_day
1168,"giảng dạy nhiệt tình , cô phát âm rất tốt và ngữ pháp rất chuẩn .",positive,ky_nang_giang_day
1168,"giảng dạy nhiệt tình , cô phát âm rất tốt và ngữ pháp rất chuẩn .",positive,kien_thuc
1169,"tiến độ dạy còn chậm , những phần dễ cần đi nhanh hơn một chút giới thiệu lướt qua , những phần khó như sắp xếp quick soft trở lên , cây nên làm rõ hơn .",negative,ky_nang_giang_day
1169,"tiến độ dạy còn chậm , những phần dễ cần đi nhanh hơn một chút giới thiệu lướt qua , những phần khó như sắp xếp quick soft trở lên , cây nên làm rõ hơn .",negative,de_xuat
1170,dễ chịu .,positive,noi_chung
1171,thầy nghiêm khắc khiến học sinh tập trung học hơn .,positive,hanh_vi
1172,tương tác với sinh viên rất tốt .,positive,hanh_vi
1173,nên có những cách giảng dạy sinh động với sinh viên .,negative,ky_nang_giang_day
1173,nên có những cách giảng dạy sinh động với sinh viên .,neutral,de_xuat
1174,đảm bảo đầy đủ khối lượng kiến thức cần có của môn học .,positive,kien_thuc
1174,đảm bảo đầy đủ khối lượng kiến thức cần có của môn học .,positive,chuong_trinh_hoc
1175,"update các bài học mới , bổ ích .",positive,cung_cap_tai_lieu
1176,có nhiều ví dụ lấy thực tế nên dễ hiểu .,positive,ky_nang_giang_day
1176,có nhiều ví dụ lấy thực tế nên dễ hiểu .,positive,kinh_nghiem
1177,em cảm ơn thầy đã đọc ạ .,positive,hanh_vi
1178,cho nhiều kiến thức bổ ích .,positive,kien_thuc
1179,làm mất tinh thần khi nộp bài .,negative,bai_tap
1180,"bài giảng hay và hiệu quá , bài tập bám sát kiến thức .",positive,ky_nang_giang_day
1180,"bài giảng hay và hiệu quá , bài tập bám sát kiến thức .",positive,bai_tap
1181,máy tính trường nên nâng cấp .,negative,thiet_bi_day_hoc
1181,máy tính trường nên nâng cấp .,negative,de_xuat
1182,"thầy dạy dễ hiểu vui tính , rất tâm huyết .",positive,ky_nang_giang_day
1182,"thầy dạy dễ hiểu vui tính , rất tâm huyết .",positive,hanh_vi
1183,"thầy wzjwz281 rất nhiệt tình , có khả năng truyền đạt kiến thức thực hành cao và luôn có bài tập trên lớp .",positive,ky_nang_giang_day
1183,"thầy wzjwz281 rất nhiệt tình , có khả năng truyền đạt kiến thức thực hành cao và luôn có bài tập trên lớp .",positive,hanh_vi
1183,"thầy wzjwz281 rất nhiệt tình , có khả năng truyền đạt kiến thức thực hành cao và luôn có bài tập trên lớp .",neutral,bai_tap
1183,"thầy wzjwz281 rất nhiệt tình , có khả năng truyền đạt kiến thức thực hành cao và luôn có bài tập trên lớp .",positive,kien_thuc
1184,thầy rất tận tâm và nhiệt tình chỉ dạy sinh viên .,positive,hanh_vi
1185,"theo em nghĩ , đã làm đồ án môn học thì không nên thi cuối kỳ , mà thi cuối kỳ thì nên bỏ đồ án môn học .",negative,bai_tap
1185,"theo em nghĩ , đã làm đồ án môn học thì không nên thi cuối kỳ , mà thi cuối kỳ thì nên bỏ đồ án môn học .",negative,chuong_trinh_hoc
1185,"theo em nghĩ , đã làm đồ án môn học thì không nên thi cuối kỳ , mà thi cuối kỳ thì nên bỏ đồ án môn học .",neutral,de_xuat
1186,"thầy giảng bài rất hay , dễ hiểu , và thực tế .",positive,ky_nang_giang_day
1186,"thầy giảng bài rất hay , dễ hiểu , và thực tế .",positive,kinh_nghiem
1187,nội dung các bài thực hành cần có hướng đi bao quát hơn .,negative,bai_tap
1187,nội dung các bài thực hành cần có hướng đi bao quát hơn .,neutral,de_xuat
1188,"thầy dạy rất dễ hiểu , vui vẻ , dễ chịu .",positive,ky_nang_giang_day
1188,"thầy dạy rất dễ hiểu , vui vẻ , dễ chịu .",positive,hanh_vi
1189,xin cảm ơn !,positive,noi_chung
1190,môn học tuyệt vời .,positive,chuong_trinh_hoc
1191,cách truyền đạt khó có thể cho tôi nắm bắt được nội dung môn học .,negative,ky_nang_giang_day
1192,có những cái học không biết để làm gì sau này vậy tại sao không giảm tải nó đi .,negative,chuong_trinh_hoc
1192,có những cái học không biết để làm gì sau này vậy tại sao không giảm tải nó đi .,negative,de_xuat
1193,"cơ sở vật chất phòng wzjwz300 chưa đáp ứng được nhu cầu giảng dạy , cần lắp thêm ổ điện cho giáo viên .",negative,thiet_bi_day_hoc
1193,"cơ sở vật chất phòng wzjwz300 chưa đáp ứng được nhu cầu giảng dạy , cần lắp thêm ổ điện cho giáo viên .",neutral,de_xuat
1194,"cô wzjwz73 dạy môn này rất truyền cảm , em rất thích môn này .",positive,ky_nang_giang_day
1194,"cô wzjwz73 dạy môn này rất truyền cảm , em rất thích môn này .",positive,hanh_vi
1195,"môn học có phần không hợp lý , vì từ giữa kỳ qua phần sau tức từ chương 4 chuyển qua chương 5 trình độ của môn học tăng rất nhanh , có nhiều sinh viên không hiểu không nắm bắt được bài .",negative,chuong_trinh_hoc
1196,cần hạn chế dạy bài giảng điện tử .,negative,ky_nang_giang_day
1196,cần hạn chế dạy bài giảng điện tử .,neutral,de_xuat
1197,"có em nào có muốn hỏi hay thắc mắc gì không "" đó là câu mà giảng viên hay nói nhưng thực sự đa số sinh viên không biết gì để hỏi thì khó mà hỏi được .",negative,ky_nang_giang_day
1197,"có em nào có muốn hỏi hay thắc mắc gì không "" đó là câu mà giảng viên hay nói nhưng thực sự đa số sinh viên không biết gì để hỏi thì khó mà hỏi được .",negative,hanh_vi
1198,"vui vẻ , hòa đồng .",positive,hanh_vi
1199,"thầy dạy thực tế , nhiệt tình với sinh viên .",positive,ky_nang_giang_day
1199,"thầy dạy thực tế , nhiệt tình với sinh viên .",positive,hanh_vi
1200,"bàn giáo viên rất dơ , quạt máy thì chạy như không có chạy , mở chỉ thêm tốn điện , không có mát .",negative,thiet_bi_day_hoc
1201,cô rất vui và rất gần gũi với học sinh .,positive,hanh_vi
1202,tuy nhiên việc giảng dạy khá chậm .,negative,ky_nang_giang_day
1203,slide còn khá khó hiểu .,negative,cung_cap_tai_lieu
1204,"thầy dạy rất vui , có sự tận tâm trong giảng dạy .",positive,ky_nang_giang_day
1204,"thầy dạy rất vui , có sự tận tâm trong giảng dạy .",positive,hanh_vi
1205,thầy tận tâm và nhiệt tình .,positive,hanh_vi
1206,nội dung môn học nên tập trung vào chuyên ngành học .,neutral,chuong_trinh_hoc
1206,nội dung môn học nên tập trung vào chuyên ngành học .,neutral,de_xuat
1207,"cô giảng hay , nhiệt tình .",positive,ky_nang_giang_day
1207,"cô giảng hay , nhiệt tình .",positive,hanh_vi
1208,lòng nhiệt tình .,positive,hanh_vi
1209,lên lớp đầy đủ nhưng không biết mặt thầy là ai .,negative,noi_chung
1210,"em mong học kỳ tới , nhà trường cung cấp cho những lớp phần mềm chất lượng cao chúng em nhiều sự lựa chọn giảng viên cho môn học game cơ bản để chúng em có thể nhanh chóng hoàn thành môn học và ra trường đúng tiến độ .",neutral,chuong_trinh_hoc
1210,"em mong học kỳ tới , nhà trường cung cấp cho những lớp phần mềm chất lượng cao chúng em nhiều sự lựa chọn giảng viên cho môn học game cơ bản để chúng em có thể nhanh chóng hoàn thành môn học và ra trường đúng tiến độ .",neutral,de_xuat
1211,đầy đủ .,neutral,noi_chung
1212,tính điểm quá trình không công bằng .,negative,cham_diem
1213,giảng viên và sinh viên sử dụng hai ngôn ngữ lập trình khác nhau trong quá trình học và cả hai phía đều không biết đủ về ngôn ngữ khác nên gây rất nhiều khó khăn trong quá trình học .,negative,ky_nang_giang_day
1213,giảng viên và sinh viên sử dụng hai ngôn ngữ lập trình khác nhau trong quá trình học và cả hai phía đều không biết đủ về ngôn ngữ khác nên gây rất nhiều khó khăn trong quá trình học .,negative,kien_thuc
1213,giảng viên và sinh viên sử dụng hai ngôn ngữ lập trình khác nhau trong quá trình học và cả hai phía đều không biết đủ về ngôn ngữ khác nên gây rất nhiều khó khăn trong quá trình học .,negative,chuong_trinh_hoc
1214,"dạy khó hiểu , thực sự chưa hiệu quả .",negative,ky_nang_giang_day
1215,chỉ dẫn cách giải bài tập rõ ràng .,positive,ky_nang_giang_day
1216,"cô nhiệt tình , giảng bài kỹ .",positive,ky_nang_giang_day
1216,"cô nhiệt tình , giảng bài kỹ .",positive,hanh_vi
1217,môn học cần thiết kế để sinh viên có cơ hội khảo sát thực tế .,negative,kinh_nghiem
1217,môn học cần thiết kế để sinh viên có cơ hội khảo sát thực tế .,negative,chuong_trinh_hoc
1217,môn học cần thiết kế để sinh viên có cơ hội khảo sát thực tế .,neutral,de_xuat
1218,đề thi quá khó so với bài tập trên lớp !,negative,bai_tap
1219,dạy đầy đủ chương trình .,positive,chuong_trinh_hoc
1220,"giảng dạy tốt , chỉ bảo tận tình .",positive,ky_nang_giang_day
1220,"giảng dạy tốt , chỉ bảo tận tình .",positive,hanh_vi
1221,thầy rất tận tình vui vẻ .,positive,hanh_vi
1222,hoạt động thuyết trình của sinh viên chiếm nhiều thời gian .,negative,bai_tap
1223,có lẽ phải nâng cấp trang thiết bị .,negative,thiet_bi_day_hoc
1223,có lẽ phải nâng cấp trang thiết bị .,neutral,de_xuat
1224,"thầy biết rõ sự chênh lệch về trình độ giữa khóa 9 và khóa 10 trong lớp nên đưa ra cách đánh giá hợp lý , thầy nói rõ điểm mạnh và điểm yếu của nhóm sau mỗi lần báo cáo .",positive,ky_nang_giang_day
1224,"thầy biết rõ sự chênh lệch về trình độ giữa khóa 9 và khóa 10 trong lớp nên đưa ra cách đánh giá hợp lý , thầy nói rõ điểm mạnh và điểm yếu của nhóm sau mỗi lần báo cáo .",positive,hanh_vi
1224,"thầy biết rõ sự chênh lệch về trình độ giữa khóa 9 và khóa 10 trong lớp nên đưa ra cách đánh giá hợp lý , thầy nói rõ điểm mạnh và điểm yếu của nhóm sau mỗi lần báo cáo .",positive,cham_diem
1225,"giảng dạy tốt , đi dạy đúng giờ .",positive,ky_nang_giang_day
1225,"giảng dạy tốt , đi dạy đúng giờ .",positive,hanh_vi
1226,thầy giảng bài không sát với đề thi .,negative,ky_nang_giang_day
1227,cần nâng cao hệ thống thiết bị giảng dạy .,negative,thiet_bi_day_hoc
1227,cần nâng cao hệ thống thiết bị giảng dạy .,positive,de_xuat
1228,chưa hiệu quả .,negative,noi_chung
1229,hướng dẫn chu đáo .,positive,ky_nang_giang_day
1230,không mang lại hiệu quả .,negative,noi_chung
1231,thầy rất tận tâm giảng dạy .,positive,hanh_vi
1232,gợi ý tỉ mỉ đến từng chi tiết .,positive,noi_chung
1233,sự nhiệt huyết của giáo viên .,positive,hanh_vi
1234,"giảng dạy hay , nhiệt tình , dễ hiểu .",positive,ky_nang_giang_day
1234,"giảng dạy hay , nhiệt tình , dễ hiểu .",positive,hanh_vi
1235,"thầy rất chăm chút và nhẹ nhàng với những sinh viên mà thầy quen biết , khi báo cáo thầy đều cho các bạn qua môn hoặc điểm rất là cao mặt dù thầy nói đồ án yêu cầu một người làm , tuy nhiên có nhóm hai thành viên cùng làm một đồ án và có hai nhóm có cùng một project như nhau , y chang code ( copy từ cùng nguồn internet ) thầy vẫn cho qua môn .",positive,hanh_vi
1235,"thầy rất chăm chút và nhẹ nhàng với những sinh viên mà thầy quen biết , khi báo cáo thầy đều cho các bạn qua môn hoặc điểm rất là cao mặt dù thầy nói đồ án yêu cầu một người làm , tuy nhiên có nhóm hai thành viên cùng làm một đồ án và có hai nhóm có cùng một project như nhau , y chang code ( copy từ cùng nguồn internet ) thầy vẫn cho qua môn .",positive,cham_diem
1236,"thầy không gửi tài liệu , thông báo lên moodle , thầy thường xuyên bận nên không đảm bảo giờ gặp sinh viên như đã thông báo .",negative,hanh_vi
1236,"thầy không gửi tài liệu , thông báo lên moodle , thầy thường xuyên bận nên không đảm bảo giờ gặp sinh viên như đã thông báo .",negative,cung_cap_tai_lieu
1237,giảng viên đôi khi đến lớp muộn .,negative,hanh_vi
1238,thầy dạy vui lắm .,positive,ky_nang_giang_day
1239,thầy trẻ trâu .,negative,hanh_vi
1240,ứng dụng của môn học đó giúp gì cho sinh viên .,neutral,noi_chung
1241,"thầy dạy hay , em rất thích tiết học của thầy .",positive,ky_nang_giang_day
1242,môn học quá sâu làm và mới mẻ rất khó nắm bắt để làm bài tập .,negative,ky_nang_giang_day
1242,môn học quá sâu làm và mới mẻ rất khó nắm bắt để làm bài tập .,negative,bai_tap
1242,môn học quá sâu làm và mới mẻ rất khó nắm bắt để làm bài tập .,negative,chuong_trinh_hoc
1243,cô dạy rất có tâm .,positive,hanh_vi
1244,thầy có hơi đi trễ chút xíu .,negative,hanh_vi
1245,tương tác với sinh viên cực kỳ tốt .,positive,hanh_vi
1246,"nội dung truyền đạt rõ ràng , có cho kiểm tra định kỳ , giúp sinh viên ôn bài hiệu quả .",positive,ky_nang_giang_day
1247,"nên tăng cường học nghe , nói .",neutral,chuong_trinh_hoc
1247,"nên tăng cường học nghe , nói .",neutral,de_xuat
1248,giảng viên thiếu các bài tập cụ thể để học sinh ứng dụng để nhớ .,negative,bai_tap
1249,kiến thức của môn này có lẽ hiếm khi nào tụi em dùng tới .,negative,kien_thuc
1250,"thầy nên nói nhiều về ứng dụng thực tế , như mình công thức này thường áp dụng cho những thiết bị nào .",negative,ky_nang_giang_day
1250,"thầy nên nói nhiều về ứng dụng thực tế , như mình công thức này thường áp dụng cho những thiết bị nào .",negative,kinh_nghiem
1250,"thầy nên nói nhiều về ứng dụng thực tế , như mình công thức này thường áp dụng cho những thiết bị nào .",neutral,de_xuat
1251,tiếng anh nói lưu loát .,positive,noi_chung
1252,"giọng cô nhỏ , không nên sắp ở giảng đường vì sẽ rất dễ gây buồn ngủ và không nghe rõ được .",negative,ky_nang_giang_day
1252,"giọng cô nhỏ , không nên sắp ở giảng đường vì sẽ rất dễ gây buồn ngủ và không nghe rõ được .",negative,de_xuat
1253,nhiệt tình và tâm huyết .,positive,hanh_vi
1254,thầy dạy thực tế .,positive,ky_nang_giang_day
1254,thầy dạy thực tế .,positive,kinh_nghiem
1255,"em và các bạn thuộc các lớp phần mềm chất lượng cao hầu như không ai muốn đăng ký môn học game cơ bản do giảng viên này đảm nhận , nhưng kỳ vừa rồi nhà trường chỉ cung cấp cho chúng em duy nhất một sự lựa chọn là giảng viên này nên chúng em không còn cách nào khác .",negative,noi_chung
1256,"cô rất nhiệt tình , giải thích rõ bài tập .",positive,ky_nang_giang_day
1256,"cô rất nhiệt tình , giải thích rõ bài tập .",positive,hanh_vi
1257,"giảng viên nhiệt tình , có truyền đạt kiến thức và kinh nghiệm thực tế .",positive,ky_nang_giang_day
1257,"giảng viên nhiệt tình , có truyền đạt kiến thức và kinh nghiệm thực tế .",positive,kinh_nghiem
1257,"giảng viên nhiệt tình , có truyền đạt kiến thức và kinh nghiệm thực tế .",positive,hanh_vi
1257,"giảng viên nhiệt tình , có truyền đạt kiến thức và kinh nghiệm thực tế .",positive,kien_thuc
1258,trang thiết bị nên tốt hơn .,negative,thiet_bi_day_hoc
1258,trang thiết bị nên tốt hơn .,neutral,de_xuat
1259,cô dạy hơi nhanh nên em không kịp hiểu .,negative,ky_nang_giang_day
1260,giảng viên dạy không nhàm chán .,positive,ky_nang_giang_day
1261,chưa đào sâu vào các vấn đề mà chỉ nói đụng đến phần bề mặt và tốn nhiều thời gian vào các vấn đề đơn giản .,negative,ky_nang_giang_day
1261,chưa đào sâu vào các vấn đề mà chỉ nói đụng đến phần bề mặt và tốn nhiều thời gian vào các vấn đề đơn giản .,negative,kien_thuc
1262,"nhiệt tình , luôn giúp đỡ học sinh .",positive,hanh_vi
1263,"cô giảng nhiệt tình , dễ hiểu .",positive,ky_nang_giang_day
1263,"cô giảng nhiệt tình , dễ hiểu .",positive,hanh_vi
1264,nhắn tin xem mà không trả lời .,negative,hanh_vi
1265,cô hay dạy lố giờ .,negative,ky_nang_giang_day
1266,"cô giảng dạy tận tình , luôn quan tâm đến học sinh .",positive,hanh_vi
1267,"tài liệu giảng viên luôn soạn đầy đủ , dễ hiểu .",positive,cung_cap_tai_lieu
1268,"nhiệt tình , lên lớp đều và có phương pháp giảng dạ tốt .",positive,ky_nang_giang_day
1268,"nhiệt tình , lên lớp đều và có phương pháp giảng dạ tốt .",positive,hanh_vi
1269,"phải dừng lại một ít thời gian chỉ để đánh dấu cộng điểm và tính điểm , rối ren .",negative,cham_diem
1270,nhưng mà phòng thực hành hiện tại thì chỉ trang bị máy có 1 gb ram thôi .,negative,thiet_bi_day_hoc
1271,"thầy dạy dễ hiểu , cho nhiều ví dụ sinh động .",positive,ky_nang_giang_day
1272,"cô nhiệt tình giảng dạy , tương tác với sinh viên rất tốt .",positive,ky_nang_giang_day
1272,"cô nhiệt tình giảng dạy , tương tác với sinh viên rất tốt .",positive,hanh_vi
1273,có đôi chỗ cô hơi khó .,negative,ky_nang_giang_day
1274,truyền đạt nhiều kiến thức cần thiết .,positive,ky_nang_giang_day
1274,truyền đạt nhiều kiến thức cần thiết .,positive,kien_thuc
1275,giảng viên chưa định hướng được mục đích học môn này cho sinh viên .,negative,ky_nang_giang_day
1276,giảng viên phải chuẩn bị bài giảng trước khi đến lớp hoặc đã là được bài tập đề ra một cách thuần thục và giảng dễ hiểu .,positive,ky_nang_giang_day
1276,giảng viên phải chuẩn bị bài giảng trước khi đến lớp hoặc đã là được bài tập đề ra một cách thuần thục và giảng dễ hiểu .,neutral,de_xuat
1277,thầy nên cho deadline dài ra 1 tí ( bình thưởng chỉ 3 ngày sau khi thực hành ) .,negative,bai_tap
1277,thầy nên cho deadline dài ra 1 tí ( bình thưởng chỉ 3 ngày sau khi thực hành ) .,neutral,de_xuat
1278,nên chú trọng vào thực hành .,negative,kinh_nghiem
1278,nên chú trọng vào thực hành .,neutral,de_xuat
1279,"sử dụng hợp lý thời gian lên lớp , giúp đỡ sinh viên nhiều hơn trong quá trình học trên lớp .",positive,ky_nang_giang_day
1279,"sử dụng hợp lý thời gian lên lớp , giúp đỡ sinh viên nhiều hơn trong quá trình học trên lớp .",positive,hanh_vi
1280,giáo viên giỏi .,positive,hanh_vi
1281,bài tập về nhà khó .,negative,bai_tap
1282,"cô giảng nhiệt tình dễ hiểu , giúp sinh viên giải quyết nhiều vấn đề trong lúc thực hành .",positive,ky_nang_giang_day
1282,"cô giảng nhiệt tình dễ hiểu , giúp sinh viên giải quyết nhiều vấn đề trong lúc thực hành .",positive,kinh_nghiem
1282,"cô giảng nhiệt tình dễ hiểu , giúp sinh viên giải quyết nhiều vấn đề trong lúc thực hành .",positive,hanh_vi
1283,"cô có khả năng truyền đạt tốt , giảng dạy kết hợp với luyện tập các kỹ năng cơ bản trong môn học rất linh hoạt và hấp dẫn , cô có sự nhiệt tình lớn .",positive,ky_nang_giang_day
1283,"cô có khả năng truyền đạt tốt , giảng dạy kết hợp với luyện tập các kỹ năng cơ bản trong môn học rất linh hoạt và hấp dẫn , cô có sự nhiệt tình lớn .",positive,hanh_vi
1284,giảng viên dạy rất tận tâm .,positive,hanh_vi
1285,ok hết .,positive,noi_chung
1286,mong thầy kiểm duyệt đề thi kỹ hơn trước khi đưa vào làm đề chính thức .,negative,de_xuat
1287,về các ví dụ .,neutral,kinh_nghiem
1288,bằng chứng là kỳ thi cuối kỳ điểm trải dài từ 1 - 5 điểm .,neutral,cham_diem
1289,"giảng bài kỹ , dễ hiểu , nhiệt tình .",positive,ky_nang_giang_day
1289,"giảng bài kỹ , dễ hiểu , nhiệt tình .",positive,hanh_vi
1290,nên chú trọng hơn về giao tiếp tiếng anh .,negative,hanh_vi
1290,nên chú trọng hơn về giao tiếp tiếng anh .,neutral,de_xuat
1291,thầy dạy rất nhiệt tình luôn luôn xuống giữa lớp để giao tiếp với sinh viên một cách dễ dàng luôn đưa ra những ví dụ xung quanh lớp giúp sinh viên dễ dàng hiểu bài hơn .,positive,ky_nang_giang_day
1291,thầy dạy rất nhiệt tình luôn luôn xuống giữa lớp để giao tiếp với sinh viên một cách dễ dàng luôn đưa ra những ví dụ xung quanh lớp giúp sinh viên dễ dàng hiểu bài hơn .,positive,hanh_vi
1292,"thầy rất nhiệt tình , giảng rất kỹ càng .",positive,ky_nang_giang_day
1292,"thầy rất nhiệt tình , giảng rất kỹ càng .",positive,hanh_vi
1293,"khả năng truyền đạt , giao tiếp rất kém , kiến thức không vững , thiếu khả năng tương tác với sinh viên .",negative,ky_nang_giang_day
1293,"khả năng truyền đạt , giao tiếp rất kém , kiến thức không vững , thiếu khả năng tương tác với sinh viên .",negative,hanh_vi
1293,"khả năng truyền đạt , giao tiếp rất kém , kiến thức không vững , thiếu khả năng tương tác với sinh viên .",negative,kien_thuc
1294,giảng viên có tâm .,positive,hanh_vi
1295,"giảng viên tận tình , giảng dạy hay , chất lượng .",positive,ky_nang_giang_day
1295,"giảng viên tận tình , giảng dạy hay , chất lượng .",positive,hanh_vi
1296,không có ứng dụng trong thực tế .,negative,kinh_nghiem
1297,"thầy rất hay đi trễ , giờ học cũng bị kéo đài ra , những bạn có việc phải bỏ về trước .",negative,hanh_vi
1297,"thầy rất hay đi trễ , giờ học cũng bị kéo đài ra , những bạn có việc phải bỏ về trước .",negative,chuong_trinh_hoc
1298,giáo viên chưa đi sâu vào vấn đề bài học .,negative,ky_nang_giang_day
1299,thầy không cho làm đồ án .,negative,hanh_vi
1299,thầy không cho làm đồ án .,negative,bai_tap
1300,"hòa đồng , vui tính .",positive,hanh_vi
1301,tăng cường thiết bị .,neutral,thiet_bi_day_hoc
1301,tăng cường thiết bị .,neutral,de_xuat
1302,giảng viên cho nhiều thử thách hay .,positive,bai_tap
1303,hướng dẫn làm bài tập thực hành cụ thể .,positive,ky_nang_giang_day
1304,có sự tận tụy .,positive,hanh_vi
1305,"có lẽ vì thế , mà cô cho tụi em đồ án lớn và bài tập theo tuần nữa , nên tụi em khá là căng thẳng , tụi em còn phải làm đồ án của các môn khác nữa .",negative,bai_tap
1306,thầy nhiệt tình colonhihi .,positive,hanh_vi
1307,giảng viên nên tập trung nhiều giờ giảng lý thuyết hơn để giúp sinh viên hiểu và hiểu sâu hơn về bài học .,negative,ky_nang_giang_day
1307,giảng viên nên tập trung nhiều giờ giảng lý thuyết hơn để giúp sinh viên hiểu và hiểu sâu hơn về bài học .,neutral,de_xuat
1308,"thầy dạy rất hay , mong rằng sẽ được học thầy trong những môn khác .",positive,ky_nang_giang_day
1308,"thầy dạy rất hay , mong rằng sẽ được học thầy trong những môn khác .",neutral,de_xuat
1309,nhà trường nên cài bộ microsoft visual studio phiên bản mới hơn 2010 .,negative,thiet_bi_day_hoc
1309,nhà trường nên cài bộ microsoft visual studio phiên bản mới hơn 2010 .,neutral,de_xuat
1310,dạy chậm .,negative,ky_nang_giang_day
1311,có bài soạn cho sinh viên xem trước .,neutral,cung_cap_tai_lieu
1312,"thầy rất hay tới trễ , có khi trễ hơn 30 phút và dạy hay kéo dài thời gian , quá thời gian học vì thầy đi trễ .",negative,ky_nang_giang_day
1312,"thầy rất hay tới trễ , có khi trễ hơn 30 phút và dạy hay kéo dài thời gian , quá thời gian học vì thầy đi trễ .",negative,hanh_vi
1313,chỉ tại em thiếu từ vựng anh văn .,negative,kien_thuc
1314,"giáo viên thực hành chưa nhiệt tình , sinh viên cảm thấy học thực hành khó và không có người hướng dẫn .",negative,ky_nang_giang_day
1314,"giáo viên thực hành chưa nhiệt tình , sinh viên cảm thấy học thực hành khó và không có người hướng dẫn .",negative,kinh_nghiem
1314,"giáo viên thực hành chưa nhiệt tình , sinh viên cảm thấy học thực hành khó và không có người hướng dẫn .",negative,hanh_vi
1315,"chưa sử dụng moodle trong quá trình giảng dạy , nhất là trong việc cung cấp tài liệu học tập .",negative,cung_cap_tai_lieu
1316,cô rất dễ thương .,positive,hanh_vi
1317,cô tận tình với sinh viên .,positive,hanh_vi
1318,"khi lấy điểm quá trình thì lấy đại , ngay những bài chưa hề nhắc đến hay đề cập đến bài tập , tài liệu thì không cung cấp bài tập chỉ trừ slide bài giảng lý thuyết .",negative,bai_tap
1318,"khi lấy điểm quá trình thì lấy đại , ngay những bài chưa hề nhắc đến hay đề cập đến bài tập , tài liệu thì không cung cấp bài tập chỉ trừ slide bài giảng lý thuyết .",negative,cham_diem
1318,"khi lấy điểm quá trình thì lấy đại , ngay những bài chưa hề nhắc đến hay đề cập đến bài tập , tài liệu thì không cung cấp bài tập chỉ trừ slide bài giảng lý thuyết .",negative,cung_cap_tai_lieu
1319,thầy dạy rất vui và dễ hiểu .,positive,ky_nang_giang_day
1319,thầy dạy rất vui và dễ hiểu .,positive,hanh_vi
1320,"về đồ án môn học này , giảng viên nên cho trước bản thiết kế kiến trúc tòa nhà của công ty , trung tâm thương mại .",neutral,bai_tap
1320,"về đồ án môn học này , giảng viên nên cho trước bản thiết kế kiến trúc tòa nhà của công ty , trung tâm thương mại .",neutral,de_xuat
1321,thầy giảng bài dễ hiểu rõ ràng .,positive,ky_nang_giang_day
1322,"thầy wzjwz323 quá tuyệt , em yêu thầy hi hi .",positive,ky_nang_giang_day
1322,"thầy wzjwz323 quá tuyệt , em yêu thầy hi hi .",positive,hanh_vi
1323,đợi các bạn ngồi vào bàn hết cô mới sắp xếp chỗ ngồi nên gây mất thời gian làm bài của sinh viên .,negative,hanh_vi
1324,dạy ở giảng đường mà không ngồi trên thì khó thấy bảng colonbigsmile .,negative,thiet_bi_day_hoc
1325,cô nên tận tâm đi ạ .,negative,hanh_vi
1325,cô nên tận tâm đi ạ .,neutral,de_xuat
1326,"vui vẻ , hài hòa , tích cực trong giảng dạy .",positive,ky_nang_giang_day
1326,"vui vẻ , hài hòa , tích cực trong giảng dạy .",positive,hanh_vi
1327,em rất thích học cô .,positive,ky_nang_giang_day
1328,em ít khi lên lớp .,neutral,noi_chung
1329,nên cho bài tập để giải thêm .,negative,bai_tap
1329,nên cho bài tập để giải thêm .,negative,de_xuat
1330,giảng dạy nhiệt huyết kết hợp mở rộng kiến thức .,positive,ky_nang_giang_day
1330,giảng dạy nhiệt huyết kết hợp mở rộng kiến thức .,positive,kien_thuc
1331,micro hay bị hú và rè .,negative,thiet_bi_day_hoc
1332,cần cho sinh viên tập nói các topic trong cái unit trước để sinh viên tự tin hơn về khả năng nói của mình .,neutral,ky_nang_giang_day
1332,cần cho sinh viên tập nói các topic trong cái unit trước để sinh viên tự tin hơn về khả năng nói của mình .,neutral,de_xuat
1333,quá tốt .,positive,noi_chung
1334,"thầy dạy vui , nhiệt tình .",positive,ky_nang_giang_day
1334,"thầy dạy vui , nhiệt tình .",positive,hanh_vi
1335,em không hiểu bài nhiều .,negative,ky_nang_giang_day
1336,"thầy toàn đưa ra yêu cầu nhưng không giảng dạy , có những bài tập thầy chỉ quăng code để sinh viên tự đọc tự hiểu chứ không hề giải thích gì cả !",negative,ky_nang_giang_day
1336,"thầy toàn đưa ra yêu cầu nhưng không giảng dạy , có những bài tập thầy chỉ quăng code để sinh viên tự đọc tự hiểu chứ không hề giải thích gì cả !",negative,bai_tap
1337,vô trễ không được điểm danh .,negative,chuong_trinh_hoc
1338,giảng bài dễ hiểu chuyên sâu .,positive,ky_nang_giang_day
1339,quan tâm .,positive,hanh_vi
1340,học sinh luôn thích những giáo viên thân thiện với học sinh để tăng được sự tương tác giữa đôi bên .,positive,hanh_vi
1341,tăng thời lượng cho phần nghe nói .,negative,chuong_trinh_hoc
1341,tăng thời lượng cho phần nghe nói .,neutral,de_xuat
1342,"em nghĩ môn này nên minh họa nội dung lý thuyết bằng một đề tài suốt tất cả các nội dung , giống như làm một đồ án luôn vậy , như thế sẽ dễ nắm bắt và hiểu lý thuyết hơn .",neutral,ky_nang_giang_day
1342,"em nghĩ môn này nên minh họa nội dung lý thuyết bằng một đề tài suốt tất cả các nội dung , giống như làm một đồ án luôn vậy , như thế sẽ dễ nắm bắt và hiểu lý thuyết hơn .",neutral,bai_tap
1342,"em nghĩ môn này nên minh họa nội dung lý thuyết bằng một đề tài suốt tất cả các nội dung , giống như làm một đồ án luôn vậy , như thế sẽ dễ nắm bắt và hiểu lý thuyết hơn .",neutral,chuong_trinh_hoc
1342,"em nghĩ môn này nên minh họa nội dung lý thuyết bằng một đề tài suốt tất cả các nội dung , giống như làm một đồ án luôn vậy , như thế sẽ dễ nắm bắt và hiểu lý thuyết hơn .",neutral,de_xuat
1343,vừa học được kiến thức chuyên môn vừa học được cách làm người .,positive,hanh_vi
1343,vừa học được kiến thức chuyên môn vừa học được cách làm người .,positive,kien_thuc
1344,"giảng viên và giảng viên thực hành dạy môn học cho sinh viên theo hai hướng khác nhau , làm sinh viên rất khó nắm bắt .",negative,ky_nang_giang_day
1345,cô dạy nhẹ nhàng không gay gắt hay hung dữ .,positive,ky_nang_giang_day
1345,cô dạy nhẹ nhàng không gay gắt hay hung dữ .,positive,hanh_vi
1346,nhưng kiến thức cơ bản còn chưa nắm thì làm sao mà làm được .,negative,kien_thuc
1347,giải thích chi tiết bài học hơn .,negative,ky_nang_giang_day
1347,giải thích chi tiết bài học hơn .,neutral,de_xuat
1348,đồ án thực hành khác xa so với lý thuyết học trên lớp .,negative,bai_tap
1348,đồ án thực hành khác xa so với lý thuyết học trên lớp .,negative,chuong_trinh_hoc
1349,cải thiện chất lượng phòng học và các trang thiết bị hỗ trợ việc học tập .,negative,thiet_bi_day_hoc
1349,cải thiện chất lượng phòng học và các trang thiết bị hỗ trợ việc học tập .,negative,de_xuat
1350,"cô nhiệt tình , giúp đỡ sinh viên , tạo không khí học tập thoải mái .",positive,hanh_vi
1351,thầy wzjwz123 dạy rất hay và rất nhiệt tình !,positive,ky_nang_giang_day
1351,thầy wzjwz123 dạy rất hay và rất nhiệt tình !,positive,hanh_vi
1352,nên thay đổi các hoạt động khác nhau hoàn toàn .,negative,de_xuat
1353,nâng cao trang thiết bị học tập .,negative,thiet_bi_day_hoc
1353,nâng cao trang thiết bị học tập .,neutral,de_xuat
1354,cần tăng thời gian môn học lên 30 - 50% để sinh viên có điều kiện tiếp thu sâu hơn kiến thức .,negative,chuong_trinh_hoc
1354,cần tăng thời gian môn học lên 30 - 50% để sinh viên có điều kiện tiếp thu sâu hơn kiến thức .,neutral,de_xuat
1355,thầy dạy lý thuyết suông quá ạ .,negative,ky_nang_giang_day
1356,giảng viên luôn tạo không khí vui vẻ trong giờ học .,positive,hanh_vi
1357,nội dung môn học quá nặng và nhiều thứ không cần thiết với ngành nghề của sinh viên .,negative,chuong_trinh_hoc
1358,"cô giảng bài còn ít chỗ khó hiểu , không sâu sắc .",negative,ky_nang_giang_day
1358,"cô giảng bài còn ít chỗ khó hiểu , không sâu sắc .",negative,kien_thuc
1359,"trên lớp , khi giảng dạy , giảng viên sử dụng rất nhiều câu nói , từ ngữ thô tục , chửi thể rất vô văn hoá .",negative,ky_nang_giang_day
1359,"trên lớp , khi giảng dạy , giảng viên sử dụng rất nhiều câu nói , từ ngữ thô tục , chửi thể rất vô văn hoá .",negative,hanh_vi
1360,thầy giảng bài rất kỹ .,positive,ky_nang_giang_day
1361,thật sự rất hài lòng .,positive,noi_chung
1362,chả có gì hài lòng .,negative,noi_chung
1363,"hình thức giảng dạy hay , thông qua các mini game để truyền đạt kiến thức .",positive,ky_nang_giang_day
1364,"chuẩn bị đầy đủ các phần mềm , chương trình cần thiết sẵn trong các phòng thực hành phù hợp với đặc trưng môn học .",positive,thiet_bi_day_hoc
1365,giảng viên có vai trò rất lớn đối với việc tối ưu code của sinh viên .,positive,ky_nang_giang_day
1365,giảng viên có vai trò rất lớn đối với việc tối ưu code của sinh viên .,positive,kien_thuc
1366,mang tính thực tiễn cao cho việc thi toeic cũng như thực hành ngoài xã hội .,positive,kinh_nghiem
1366,mang tính thực tiễn cao cho việc thi toeic cũng như thực hành ngoài xã hội .,positive,chuong_trinh_hoc
1367,"giảng viên cập nhật thông tin về bài học thường xuyên , đầy đủ , mới mẻ .",positive,cung_cap_tai_lieu
1368,"thầy giảng bài khó hiểu , đôi khi còn mơ hồ .",negative,ky_nang_giang_day
1369,cần chuẩn bị bài giảng một cách thật chính xác và không làm việc riêng khi lên lớp .,negative,ky_nang_giang_day
1369,cần chuẩn bị bài giảng một cách thật chính xác và không làm việc riêng khi lên lớp .,negative,hanh_vi
1369,cần chuẩn bị bài giảng một cách thật chính xác và không làm việc riêng khi lên lớp .,neutral,de_xuat
1370,"giảng viên nhiệt tình giảng dạy , các bài tập đa dạng phù hợp với lý thuyết .",positive,hanh_vi
1370,"giảng viên nhiệt tình giảng dạy , các bài tập đa dạng phù hợp với lý thuyết .",positive,bai_tap
1371,"giảng viên nhiệt tinh , tâm huyết .",positive,hanh_vi
1372,"thầy dạy vui dễ hiểu , không khí lớp học thoải mái .",positive,ky_nang_giang_day
1372,"thầy dạy vui dễ hiểu , không khí lớp học thoải mái .",positive,hanh_vi
1373,"có kiến thức sâu rộng , giảng bằng tiếng anh .",neutral,ky_nang_giang_day
1373,"có kiến thức sâu rộng , giảng bằng tiếng anh .",positive,kien_thuc
1374,nên chú trọng nói nghe nhiều vì đã là anh văn 3 rồi .,neutral,chuong_trinh_hoc
1374,nên chú trọng nói nghe nhiều vì đã là anh văn 3 rồi .,neutral,de_xuat
1375,"cô giảng khá dễ hiểu , nhiệt tình chạy vòng vòng lớp hướng dẫn từng sinh viên .",positive,ky_nang_giang_day
1375,"cô giảng khá dễ hiểu , nhiệt tình chạy vòng vòng lớp hướng dẫn từng sinh viên .",positive,hanh_vi
1376,năng nổ nhiệt tình dễ hiểu .,positive,ky_nang_giang_day
1376,năng nổ nhiệt tình dễ hiểu .,positive,hanh_vi
1377,"tiếng anh là môn đòi hỏi phải cần thời gian để luyện , nhưng ở đây nhà trường sắp lịch 1 ngày 4 tiết .",negative,chuong_trinh_hoc
1378,"giáo viên dạy nhanh , có cái khó hiểu .",negative,ky_nang_giang_day
1379,"phương pháp giảng dạy chủ động , giúp sinh viên không chỉ nâng cao kiến thức chuyên môn mà còn cả kỹ năng nghề nghiệp doubledot thuyết trình , tư duy phản biện .",positive,ky_nang_giang_day
1379,"phương pháp giảng dạy chủ động , giúp sinh viên không chỉ nâng cao kiến thức chuyên môn mà còn cả kỹ năng nghề nghiệp doubledot thuyết trình , tư duy phản biện .",positive,kien_thuc
1380,cách truyền đạt chưa giúp sinh viên hiểu được tổng quát của vấn đề !,negative,ky_nang_giang_day
1381,"cần sắp xếp phòng học cho hợp lý hơn , kèm theo các thiết bị , công cụ chiếu .",negative,thiet_bi_day_hoc
1381,"cần sắp xếp phòng học cho hợp lý hơn , kèm theo các thiết bị , công cụ chiếu .",negative,de_xuat
1382,thầy giảng bài dễ hiểu và rất vui tính .,positive,ky_nang_giang_day
1382,thầy giảng bài dễ hiểu và rất vui tính .,positive,hanh_vi
1383,giáo viên nói tiếng anh còn chưa được tốt .,negative,ky_nang_giang_day
1384,nên có phần đáp án bài tập tham khảo cho các deadline bài tập .,negative,bai_tap
1384,nên có phần đáp án bài tập tham khảo cho các deadline bài tập .,negative,de_xuat
1385,độ bao quát kiến thức trong môn học của thầy rất rộng nhưng đưa vào tất cả chỉ trong một môn học thì không thích hợp .,positive,kien_thuc
1385,độ bao quát kiến thức trong môn học của thầy rất rộng nhưng đưa vào tất cả chỉ trong một môn học thì không thích hợp .,negative,chuong_trinh_hoc
1386,"gây bối rối , hoang mang cho sinh viên trong những quyết định về bài tập , đồ án , không rõ ràng , không quyết định chính xác .",negative,bai_tap
1387,"giáo viên nhiệt tình , tâm huyết , thường cho làm việc nhóm trong giờ học .",positive,ky_nang_giang_day
1387,"giáo viên nhiệt tình , tâm huyết , thường cho làm việc nhóm trong giờ học .",positive,hanh_vi
1388,"thầy dễ thương , nhiệt tình .",positive,hanh_vi
1389,giáo viên truyền đạt được tất cả các nội dung bài học .,positive,ky_nang_giang_day
1390,"nên chỉ đưa ra nội dung chính và công thức , cách làm bài .",neutral,cung_cap_tai_lieu
1390,"nên chỉ đưa ra nội dung chính và công thức , cách làm bài .",neutral,de_xuat
1391,giảng tận tình vui vẻ .,positive,ky_nang_giang_day
1391,giảng tận tình vui vẻ .,positive,hanh_vi
1392,"lịch học không rõ ràng , khó nắm bắt lịch .",negative,chuong_trinh_hoc
1393,thực sự vẫn chưa hiểu wireshark ngoài mục đích làm bài tập thì em có thể dùng làm việc gì khác .,negative,ky_nang_giang_day
1393,thực sự vẫn chưa hiểu wireshark ngoài mục đích làm bài tập thì em có thể dùng làm việc gì khác .,negative,kien_thuc
1394,"giọng truyền cảm , cho ví dụ cụ thể .",positive,ky_nang_giang_day
1394,"giọng truyền cảm , cho ví dụ cụ thể .",positive,kinh_nghiem
1395,sửa chữa những thiết bị máy tính hư trong phòng máy .,negative,thiet_bi_day_hoc
1395,sửa chữa những thiết bị máy tính hư trong phòng máy .,neutral,de_xuat
1396,"thầy wzjwz243 là một giảng viên rất tâm huyết với sinh viên , thầy truyền đạt rất dễ hiểu bài và kỹ càng .",positive,ky_nang_giang_day
1396,"thầy wzjwz243 là một giảng viên rất tâm huyết với sinh viên , thầy truyền đạt rất dễ hiểu bài và kỹ càng .",positive,hanh_vi
1397,"giảng dạy khó hiểu , gây áp lực quá nhiều , kéo dài thời gian giảng dạy làm sinh viên không thể ăn trưa .",negative,ky_nang_giang_day
1398,thầy nên bỏ ra một vài tiết để làm bài tập vì lượng ví dụ thầy cho khá nhiều .,negative,ky_nang_giang_day
1398,thầy nên bỏ ra một vài tiết để làm bài tập vì lượng ví dụ thầy cho khá nhiều .,negative,bai_tap
1398,thầy nên bỏ ra một vài tiết để làm bài tập vì lượng ví dụ thầy cho khá nhiều .,neutral,de_xuat
1399,"cần cho thêm nhiều tài liệu , nhiều bài tập để sinh viên tư nghiên cứu .",negative,bai_tap
1399,"cần cho thêm nhiều tài liệu , nhiều bài tập để sinh viên tư nghiên cứu .",negative,cung_cap_tai_lieu
1399,"cần cho thêm nhiều tài liệu , nhiều bài tập để sinh viên tư nghiên cứu .",negative,de_xuat
1400,"hòa đồng , vui vẻ và biết tiếp thu ý kiến sinh viên .",positive,hanh_vi
1401,chưa nhiệt tình lắm .,negative,hanh_vi
1402,"giáo viên giảng dạy tốt , phát huy tốt khả năng nghe nói và đọc của sinh viên .",positive,ky_nang_giang_day
1403,"bảo thủ trong cách giảng dạy , không giải đáp thắc mắc hỗ trợ sinh viên khi đang thực hành .",negative,ky_nang_giang_day
1403,"bảo thủ trong cách giảng dạy , không giải đáp thắc mắc hỗ trợ sinh viên khi đang thực hành .",negative,hanh_vi
1404,"phải học quá nhiều phần không cần thiết , nên giảm bớt vài nội dung , ví dụ doubledot vector ngẫu nhiên 2 chiều , phân phối poison .",negative,chuong_trinh_hoc
1404,"phải học quá nhiều phần không cần thiết , nên giảm bớt vài nội dung , ví dụ doubledot vector ngẫu nhiên 2 chiều , phân phối poison .",neutral,de_xuat
1405,"thầy dạy kỹ , dễ hiểu , minh họa lý thuyết kỹ , liên tưởng thực tế .",positive,ky_nang_giang_day
1405,"thầy dạy kỹ , dễ hiểu , minh họa lý thuyết kỹ , liên tưởng thực tế .",positive,kinh_nghiem
1405,"thầy dạy kỹ , dễ hiểu , minh họa lý thuyết kỹ , liên tưởng thực tế .",positive,kien_thuc
1406,không đăng bài tập hằng tuần sớm để sinh viên có thời gian thực hiện .,negative,bai_tap
1406,không đăng bài tập hằng tuần sớm để sinh viên có thời gian thực hiện .,negative,de_xuat
1407,cô thường xuyên kiểm tra bài .,neutral,bai_tap
1408,"thầy dạy dễ hiểu , sinh động , có nhiều ví dụ cụ thể !",positive,ky_nang_giang_day
1408,"thầy dạy dễ hiểu , sinh động , có nhiều ví dụ cụ thể !",positive,kinh_nghiem
1409,thầy luôn cố gắng giúp học sinh hiểu rõ bản chất .,positive,ky_nang_giang_day
1409,thầy luôn cố gắng giúp học sinh hiểu rõ bản chất .,positive,hanh_vi
1410,"lượng kiến thức thì nhiều mà thời gian dạy thì ít , mong phòng đào tạo có thể xem xét và chia ra dạy mỗi môn 1 - 3 ngôn ngữ , ví dụ như html , css làm 1 môn học , js và jquery làm 1 môn , php làm 1 môn .",negative,ky_nang_giang_day
1410,"lượng kiến thức thì nhiều mà thời gian dạy thì ít , mong phòng đào tạo có thể xem xét và chia ra dạy mỗi môn 1 - 3 ngôn ngữ , ví dụ như html , css làm 1 môn học , js và jquery làm 1 môn , php làm 1 môn .",positive,kien_thuc
1410,"lượng kiến thức thì nhiều mà thời gian dạy thì ít , mong phòng đào tạo có thể xem xét và chia ra dạy mỗi môn 1 - 3 ngôn ngữ , ví dụ như html , css làm 1 môn học , js và jquery làm 1 môn , php làm 1 môn .",neutral,chuong_trinh_hoc
1410,"lượng kiến thức thì nhiều mà thời gian dạy thì ít , mong phòng đào tạo có thể xem xét và chia ra dạy mỗi môn 1 - 3 ngôn ngữ , ví dụ như html , css làm 1 môn học , js và jquery làm 1 môn , php làm 1 môn .",neutral,de_xuat
1411,có phương phát giảng dạy dễ hiểu .,positive,ky_nang_giang_day
1412,"có nhiều câu chuyện thú vị bên cạnh việc giảng dạy , tương tác với lớp nhằm tạo điều kiện cho việc tiếp thu kiến thức dễ dàng .",positive,ky_nang_giang_day
1412,"có nhiều câu chuyện thú vị bên cạnh việc giảng dạy , tương tác với lớp nhằm tạo điều kiện cho việc tiếp thu kiến thức dễ dàng .",positive,hanh_vi
1413,"khi tụi em học môn đặc tả hình thức thầy wzjwz169 giảng dạy thì tụi em không hiểu thầy đang nói gì , không hiểu được môn này học để làm gì và nó có ứng dụng vào thực tiễn như thế nào .",negative,ky_nang_giang_day
1413,"khi tụi em học môn đặc tả hình thức thầy wzjwz169 giảng dạy thì tụi em không hiểu thầy đang nói gì , không hiểu được môn này học để làm gì và nó có ứng dụng vào thực tiễn như thế nào .",negative,kinh_nghiem
1413,"khi tụi em học môn đặc tả hình thức thầy wzjwz169 giảng dạy thì tụi em không hiểu thầy đang nói gì , không hiểu được môn này học để làm gì và nó có ứng dụng vào thực tiễn như thế nào .",negative,kien_thuc
1414,"theo em , tài liệu môn học còn thiếu .",negative,cung_cap_tai_lieu
1415,dạy nhiệt tình với sinh viên .,positive,hanh_vi
1416,"giảng viên giảng bài có hiệu quả , kết hợp giữa lý thuyết và chương trình giúp sinh viên có thể nắm rõ .",positive,ky_nang_giang_day
1416,"giảng viên giảng bài có hiệu quả , kết hợp giữa lý thuyết và chương trình giúp sinh viên có thể nắm rõ .",positive,chuong_trinh_hoc
1417,"giảng viên truyền đạt rất tốt , rất dễ hiểu .",positive,ky_nang_giang_day
1418,"cô wzjwz62 có phương pháp giảng dạy theo em là phù hợp với đặc thù của môn anh văn , cô luôn tạo ra những hoạt động dạy học đầy hứng thú và luôn bảo đảm kiến thức được truyền tải đến sinh viên một cách tốt nhất , đúng và đầy đủ nhất .",positive,ky_nang_giang_day
1418,"cô wzjwz62 có phương pháp giảng dạy theo em là phù hợp với đặc thù của môn anh văn , cô luôn tạo ra những hoạt động dạy học đầy hứng thú và luôn bảo đảm kiến thức được truyền tải đến sinh viên một cách tốt nhất , đúng và đầy đủ nhất .",positive,kien_thuc
1419,cô cũng rất thân thiện và gần gũi với sinh viên .,positive,hanh_vi
1420,"đi học thể dục thật ra em không biết thầy nào với thầy nào đâu , vì lâu lâu mới có thầy dạy .",negative,hanh_vi
1421,"cô dạy hay , dễ hiểu , nhiều ví dụ minh hoạ , kết hợp cả lý thuyết và thực hành .",positive,ky_nang_giang_day
1421,"cô dạy hay , dễ hiểu , nhiều ví dụ minh hoạ , kết hợp cả lý thuyết và thực hành .",positive,kinh_nghiem
1422,thầy dạy cho nghỉ nhiều .,negative,ky_nang_giang_day
1423,"em nghĩ đây là sự cố do phòng đào tạo buộc thầy thay đổi hình thức thi , ban đầu chúng em được thông báo là thi cuối kỳ trên máy tính , nhưng sau đó lại phải thi trên giấy .",negative,chuong_trinh_hoc
1424,phòng wzjwz98 dãy nhà wzjwz99 buổi chiều quá nóng và nắng !,negative,thiet_bi_day_hoc
1425,"khi thi thì thời gian quá ngắn để thực hiện trình bày dù đã nghĩ ra cách giải dạy sinh viên "" làm nhanh những việc dễ "" dạy sinh viên thành "" thợ "" .",negative,noi_chung
1426,"thầy dạy không nhiệt tình , nhất là phần thực hành .",negative,hanh_vi
1427,thầy rất tận tình .,positive,hanh_vi
1428,có nhiệt huyết trong giảng dạy .,positive,hanh_vi
1429,thầy hay dạy lố giờ sang thời gian ăn trưa .,negative,hanh_vi
1430,"kết thúc môn học , sinh viên không được chạm tay sử dụng bất kỳ phần mềm nào được giới thiệu .",negative,kinh_nghiem
1430,"kết thúc môn học , sinh viên không được chạm tay sử dụng bất kỳ phần mềm nào được giới thiệu .",negative,chuong_trinh_hoc
1431,nên tổng hợp ý chính các bài để ôn .,neutral,cung_cap_tai_lieu
1431,nên tổng hợp ý chính các bài để ôn .,neutral,de_xuat
1432,phương pháp giảng dạy khá tốt .,positive,ky_nang_giang_day
1433,thầy trả lời mail không có thiện cảm .,negative,hanh_vi
1434,"bổ xung trang thiết bị thực hành thực tiễn cho môn này , không chỉ đơn thuần là thực hành trên máy tính không .",negative,thiet_bi_day_hoc
1434,"bổ xung trang thiết bị thực hành thực tiễn cho môn này , không chỉ đơn thuần là thực hành trên máy tính không .",neutral,de_xuat
1435,thầy rất nguyên tắc và mọi thứ được sắp xếp rõ ràng .,positive,hanh_vi
1435,thầy rất nguyên tắc và mọi thứ được sắp xếp rõ ràng .,positive,chuong_trinh_hoc
1436,"giáo viên giảng dạy đúng giờ quy định , nội dung bài học sinh động .",positive,ky_nang_giang_day
1436,"giáo viên giảng dạy đúng giờ quy định , nội dung bài học sinh động .",positive,hanh_vi
1436,"giáo viên giảng dạy đúng giờ quy định , nội dung bài học sinh động .",positive,kien_thuc
1437,"thầy đúng giờ giấc , giúp đỡ tốt trong quá trình thực hành .",positive,hanh_vi
1438,đánh giá cao colonsmile .,positive,noi_chung
1439,"các thắc mắc có thể giải quyết tốt với giáo viên lý thuyết , cho nên không cần phải có thêm 1 giáo viên thực hành .",positive,ky_nang_giang_day
1439,"các thắc mắc có thể giải quyết tốt với giáo viên lý thuyết , cho nên không cần phải có thêm 1 giáo viên thực hành .",neutral,chuong_trinh_hoc
1439,"các thắc mắc có thể giải quyết tốt với giáo viên lý thuyết , cho nên không cần phải có thêm 1 giáo viên thực hành .",neutral,de_xuat
1440,"thầy dạy có tâm , nhiệt tình với sinh viên .",positive,hanh_vi
1441,"thầy có khả năng truyền đạt kiến thức tốt , dễ hiểu và cho nhiều bài tập để sinh viên có thể ứng dụng .",positive,ky_nang_giang_day
1441,"thầy có khả năng truyền đạt kiến thức tốt , dễ hiểu và cho nhiều bài tập để sinh viên có thể ứng dụng .",positive,bai_tap
1442,giáo viên truyền đạt kiến thức đầy đủ cho học sinh .,positive,ky_nang_giang_day
1442,giáo viên truyền đạt kiến thức đầy đủ cho học sinh .,positive,kien_thuc
1443,nhiệt tình giải đáp mọi thắc mắc của sinh viên .,positive,hanh_vi
1444,cô giảng dạy và chỉ dẫn học sinh rất tận tình .,positive,hanh_vi
1445,"cực nhiệt tình , thương sinh viên , giảng dễ hiểu .",positive,ky_nang_giang_day
1445,"cực nhiệt tình , thương sinh viên , giảng dễ hiểu .",positive,hanh_vi
1446,"nội dung thực hành chỉ là copy và paste , chưa tập trung vào nội dung giảng dạy .",negative,kinh_nghiem
1446,"nội dung thực hành chỉ là copy và paste , chưa tập trung vào nội dung giảng dạy .",negative,chuong_trinh_hoc
1447,"thầy truyền đạt chưa được tốt lắm , khó hình dung .",negative,ky_nang_giang_day
1448,cần tăng cường thêm tài liệu .,negative,cung_cap_tai_lieu
1448,cần tăng cường thêm tài liệu .,neutral,de_xuat
1449,"em nghĩ thi cuối kỳ môn này , nên thi với hình thức tự luận 100% ạ .",neutral,cham_diem
1449,"em nghĩ thi cuối kỳ môn này , nên thi với hình thức tự luận 100% ạ .",neutral,de_xuat
1450,"số lượng thuật toán nhiều , dàn trải , nên được tinh giảm bớt để tập trung và liên hệ ứng dụng thực tiễn nhiều hơn .",negative,chuong_trinh_hoc
1450,"số lượng thuật toán nhiều , dàn trải , nên được tinh giảm bớt để tập trung và liên hệ ứng dụng thực tiễn nhiều hơn .",neutral,de_xuat
1451,cách giảng dạy gây buồn ngủ .,negative,ky_nang_giang_day
1452,bám sát chương trình .,neutral,chuong_trinh_hoc
1452,bám sát chương trình .,neutral,de_xuat
1453,"thầy dạy rất hay , mang tính cập nhật .",positive,ky_nang_giang_day
1453,"thầy dạy rất hay , mang tính cập nhật .",positive,kien_thuc
1454,"thầy dạy hay , dễ hiểu , thầy thường xuyên cho chúng em làm các dạng bài tập .",positive,ky_nang_giang_day
1454,"thầy dạy hay , dễ hiểu , thầy thường xuyên cho chúng em làm các dạng bài tập .",neutral,bai_tap
1455,làm cho người học bị rối .,negative,ky_nang_giang_day
1456,"cô tận tâm , nhiệt tình .",positive,hanh_vi
1457,hay nhiệt tình .,positive,hanh_vi
1458,sinh viên chịu khó sẽ làm được bài .,neutral,noi_chung
1459,thầy dạy không hiệu quả .,negative,ky_nang_giang_day
1460,"vui tính , cách giảng thu hút .",positive,ky_nang_giang_day
1460,"vui tính , cách giảng thu hút .",positive,hanh_vi
1461,"giáo viên luôn đảm bảo đúng giờ giảng dạy , giảng bài dễ hiểu .",positive,ky_nang_giang_day
1461,"giáo viên luôn đảm bảo đúng giờ giảng dạy , giảng bài dễ hiểu .",positive,hanh_vi
1462,ảnh hướng tới kết quả chung của em .,neutral,noi_chung
1463,"tiếng anh không phải là môn dạy lý thuyết , ngữ pháp , nên em nghĩ cô nên thay đổi cách dạy .",negative,ky_nang_giang_day
1463,"tiếng anh không phải là môn dạy lý thuyết , ngữ pháp , nên em nghĩ cô nên thay đổi cách dạy .",positive,de_xuat
1464,"thầy dạy khá hay và chi tiết , dễ tiếp thu .",positive,ky_nang_giang_day
1465,sự nhiệt tình chu đáo của cô .,positive,hanh_vi
1466,giảng dạy chi tiết hơn .,negative,ky_nang_giang_day
1466,giảng dạy chi tiết hơn .,neutral,de_xuat
1467,"thầy sử dụng tiếng anh và tiếng việt lẫn lộn , gây khó hiểu .",negative,ky_nang_giang_day
1468,"rất tốt , không có ý kiến .",positive,noi_chung
1469,"thầy nhiệt tình , tâm huyết , đẹp trai .",positive,hanh_vi
1470,"cho bài tập lấy điểm thực hành quá khó , hướng dẫn sơ sài .",negative,ky_nang_giang_day
1470,"cho bài tập lấy điểm thực hành quá khó , hướng dẫn sơ sài .",negative,bai_tap
1471,lên lớp trễ 5 - 10 phút .,negative,hanh_vi
1472,thầy nhiệt tình giảng dạy .,positive,ky_nang_giang_day
1472,thầy nhiệt tình giảng dạy .,positive,hanh_vi
1473,cần cung cấp thêm tài liệu học tập cho sinh viên .,negative,cung_cap_tai_lieu
1473,cần cung cấp thêm tài liệu học tập cho sinh viên .,neutral,de_xuat
1474,em cần phổ biến nhiều thông tin hơn .,neutral,de_xuat
1475,"thầy nghỉ quá nhiều , đây là môn về kinh tế mà thầy làm quá khắt khe .",negative,ky_nang_giang_day
1475,"thầy nghỉ quá nhiều , đây là môn về kinh tế mà thầy làm quá khắt khe .",negative,hanh_vi
1476,"giảng viên thường xuyên đi trễ , việc giảng dạnh luôn bị kéo dài vì giảng viên quá nhiệt tình .",negative,ky_nang_giang_day
1476,"giảng viên thường xuyên đi trễ , việc giảng dạnh luôn bị kéo dài vì giảng viên quá nhiệt tình .",negative,hanh_vi
1477,"thầy dạy có hiệu quả , dễ hiểu , thiết thực .",positive,ky_nang_giang_day
1478,"thường xuyên đi ra ngoài , điện thoại , skype liên tục reo .",negative,hanh_vi
1479,hơi nhiều bài tập .,negative,bai_tap
1480,cô dạy rất nhiệt tình và dễ hiểu .,positive,ky_nang_giang_day
1481,"giảng viên dạy rất nhiệt tình , giúp đỡ sinh viên rất nhiều .",positive,hanh_vi
1482,đôi từ tiếng anh em chưa hiểu .,negative,kien_thuc
1483,cần nâng cao hơn chất lượng giảng dạy .,negative,ky_nang_giang_day
1483,cần nâng cao hơn chất lượng giảng dạy .,positive,de_xuat
1484,"thầy tận tâm với học sinh , nhiệt tình với học sinh .",positive,hanh_vi
1485,không cần phải đi học thực hành trên phòng máy nhiều .,negative,chuong_trinh_hoc
1485,không cần phải đi học thực hành trên phòng máy nhiều .,negative,de_xuat
1486,một số vấn đề cơ bản giảng viên nên lược bớt để không tốn thời gian .,neutral,de_xuat
1487,thái độ rất nhiệt tình .,positive,hanh_vi
1488,cho thêm nhiều bài tập .,negative,bai_tap
1488,cho thêm nhiều bài tập .,neutral,de_xuat
1489,sự nhiệt tình và tận tâm của thầy .,positive,hanh_vi
1490,tận tâm và rất cập nhật thông tin cho sinh viên .,positive,hanh_vi
1491,giảng viên hướng dẫn nhiệt tình .,positive,hanh_vi
1492,"giáo trình rõ ràng , bài tập đầy đủ nội dung đã học .",positive,bai_tap
1492,"giáo trình rõ ràng , bài tập đầy đủ nội dung đã học .",positive,cung_cap_tai_lieu
1493,đưa thêm các ví dụ trong thực tiễn để sinh viên dễ tiếp thu bài .,neutral,kinh_nghiem
1493,đưa thêm các ví dụ trong thực tiễn để sinh viên dễ tiếp thu bài .,neutral,de_xuat
1494,"cô nhiệt tình , giảng kỹ và dễ hiểu .",positive,ky_nang_giang_day
1494,"cô nhiệt tình , giảng kỹ và dễ hiểu .",positive,hanh_vi
1495,"phòng học quá nóng , thiếu quạt .",negative,thiet_bi_day_hoc
1496,thầy dạy rất tận tâm và nhiệt tình .,positive,hanh_vi
1497,phòng máy không sử dụng được .,negative,thiet_bi_day_hoc
1498,"em học cảm thấy hơi khó hiểu , cô dạy hơi nhanh .",negative,ky_nang_giang_day
1499,"giảng viên dạy hay , nhiệt tình và dễ hiểu .",positive,ky_nang_giang_day
1499,"giảng viên dạy hay , nhiệt tình và dễ hiểu .",positive,hanh_vi
1500,"đi đúng giờ , dạy đủ kiến thức .",positive,hanh_vi
1500,"đi đúng giờ , dạy đủ kiến thức .",positive,kien_thuc
1501,"thầy theo rất sát sinh viên chúng em trong từng buổi học , thầy luôn làm ví dụ để sinh viên dễ dàng hơn trong việc code .",positive,ky_nang_giang_day
1501,"thầy theo rất sát sinh viên chúng em trong từng buổi học , thầy luôn làm ví dụ để sinh viên dễ dàng hơn trong việc code .",positive,hanh_vi
1502,"ít tiết nên sinh viên học có vẻ nhàm chán và khuôn mẫu , nên có thời gian để sinh viên tmf hiểu nhiều hơn .",negative,chuong_trinh_hoc
1502,"ít tiết nên sinh viên học có vẻ nhàm chán và khuôn mẫu , nên có thời gian để sinh viên tmf hiểu nhiều hơn .",neutral,de_xuat
1503,thầy đến rất đúng giờ .,positive,hanh_vi
1504,giáo viên không hướng dẫn sử dụng các tài liệu có hiệu quả và không hướng dẫn làm bài tập mà chỉ sửa bài tập .,negative,ky_nang_giang_day
1504,giáo viên không hướng dẫn sử dụng các tài liệu có hiệu quả và không hướng dẫn làm bài tập mà chỉ sửa bài tập .,negative,bai_tap
1504,giáo viên không hướng dẫn sử dụng các tài liệu có hiệu quả và không hướng dẫn làm bài tập mà chỉ sửa bài tập .,negative,cung_cap_tai_lieu
1505,"giáo viên dạy nhiệt tình , đảm bảo kiến thức cho sinh viên .",positive,hanh_vi
1505,"giáo viên dạy nhiệt tình , đảm bảo kiến thức cho sinh viên .",positive,kien_thuc
1506,nên để giáo viên có kinh nghiệm dạy môn này .,neutral,de_xuat
1507,"thầy dạy rất hay , ngắn gọn , tổng quát và dễ hiểu .",positive,ky_nang_giang_day
1508,"cô rất dễ thương , giảng dạy nhiệt tình và dễ hiểu .",positive,ky_nang_giang_day
1508,"cô rất dễ thương , giảng dạy nhiệt tình và dễ hiểu .",positive,hanh_vi
1509,cô rất gần gũi với học sinh .,positive,hanh_vi
1510,thầy rất giảng rất nhiệt tình .,positive,hanh_vi
1511,thương xuyên ôn tập kiến thức .,positive,kien_thuc
1512,em nghĩ thầy nên up slide trước mỗi buổi học để sinh viên có thể xem bài trước ở nhà thay vì up slide sau mỗi buổi học ạ !,negative,cung_cap_tai_lieu
1512,em nghĩ thầy nên up slide trước mỗi buổi học để sinh viên có thể xem bài trước ở nhà thay vì up slide sau mỗi buổi học ạ !,neutral,de_xuat
1513,"giảng viên nhiệt tình , quan tâm đến hầu hết các sinh viên trong lớp .",positive,hanh_vi
1514,"thầy dạy cực kỳ nhiệt tình , chắc là hơn 10 mấy năm đi học cả phổ thông lẫn đại học mới thấy được thầy dạy nhiệt tình vậy .",positive,hanh_vi
1515,"lý do lý thuyết không hiểu , dẫn đến thực hành cũng không hiểu .",negative,ky_nang_giang_day
1515,"lý do lý thuyết không hiểu , dẫn đến thực hành cũng không hiểu .",negative,kinh_nghiem
1516,"thầy nhiệt tình và rất quý sinh viên , giải bài tập chi tiết và có kèm ví dụ sinh động , em rất thích thầy và mong thầy tiếp tục dạy lớp em .",positive,ky_nang_giang_day
1516,"thầy nhiệt tình và rất quý sinh viên , giải bài tập chi tiết và có kèm ví dụ sinh động , em rất thích thầy và mong thầy tiếp tục dạy lớp em .",positive,hanh_vi
1516,"thầy nhiệt tình và rất quý sinh viên , giải bài tập chi tiết và có kèm ví dụ sinh động , em rất thích thầy và mong thầy tiếp tục dạy lớp em .",neutral,de_xuat
1517,cần sinh động hơn .,negative,ky_nang_giang_day
1517,cần sinh động hơn .,neutral,de_xuat
1518,không cứng nhắc trong cách cho điểm .,negative,cham_diem
1519,truyền đạt chưa tốt lắm .,negative,ky_nang_giang_day
1520,"phòng máy quá cũ , internet không có , nhỏ , máy cấu hình quá yếu .",negative,thiet_bi_day_hoc
1521,"dễ hiểu , dạy hay , có nhiều phương pháp sáng tạo , kẹo ngon .",positive,ky_nang_giang_day
1522,"đảm bảo giờ lên lớp , số tiết dạy .",neutral,chuong_trinh_hoc
1522,"đảm bảo giờ lên lớp , số tiết dạy .",neutral,de_xuat
1523,không hướng dẫn làm đồ án .,negative,bai_tap
1524,thầy có những mẫu truyện hay và ý nghĩa .,positive,kinh_nghiem
1525,còn quá ít bài tập .,negative,bai_tap
1526,"cung cấp thêm tài liệu , giáo trình môn học .",negative,cung_cap_tai_lieu
1526,"cung cấp thêm tài liệu , giáo trình môn học .",neutral,de_xuat
1527,chia nhóm làm đồ án rất hay .,positive,bai_tap
1528,"hơn nữa , lại dùng silverlight , dẫn đến tình trạng nhiều bạn không muốn học , vì học silverlight xong rồi , giờ đâu ai dùng nữa .",negative,kien_thuc
1528,"hơn nữa , lại dùng silverlight , dẫn đến tình trạng nhiều bạn không muốn học , vì học silverlight xong rồi , giờ đâu ai dùng nữa .",negative,chuong_trinh_hoc
1529,cô dạy hay và dễ hiểu và rất nhiệt tình .,positive,ky_nang_giang_day
1529,cô dạy hay và dễ hiểu và rất nhiệt tình .,positive,hanh_vi
1530,"thầy giảng rất hay , chúng em cảm ơn thầy .",positive,ky_nang_giang_day
1530,"thầy giảng rất hay , chúng em cảm ơn thầy .",positive,hanh_vi
1531,giáo viên cần đảm bảo giờ lên lớp .,negative,hanh_vi
1531,giáo viên cần đảm bảo giờ lên lớp .,neutral,de_xuat
1532,"giảng viên rất tận tâm , chu đáo .",positive,hanh_vi
1533,"giảng dạy nhiệt tình , hài hước .",positive,ky_nang_giang_day
1533,"giảng dạy nhiệt tình , hài hước .",positive,hanh_vi
1534,nhạt nhẽo và khá nhảm .,negative,noi_chung
1535,"giảng viên giảng bài chưa hiệu quả , nhiều sinh viên không hiểu bài .",negative,ky_nang_giang_day
1536,"giảng viên dạy dễ hiểu , tận tình , đảm bảo giờ lên lớp , cung cấp đầy đủ kiến thức cần có cho sinh viên .",positive,ky_nang_giang_day
1536,"giảng viên dạy dễ hiểu , tận tình , đảm bảo giờ lên lớp , cung cấp đầy đủ kiến thức cần có cho sinh viên .",positive,hanh_vi
1536,"giảng viên dạy dễ hiểu , tận tình , đảm bảo giờ lên lớp , cung cấp đầy đủ kiến thức cần có cho sinh viên .",positive,kien_thuc
1537,"đồng thời , những câu hỏi thầy đặt ra rất sát và đòi hỏi kiến thức sâu so với bài học .",positive,kien_thuc
1538,thầy dạy vui hiệu quả tận tình .,positive,ky_nang_giang_day
1538,thầy dạy vui hiệu quả tận tình .,positive,hanh_vi
1539,các thầy cô nên để micro gần miệng tí .,neutral,thiet_bi_day_hoc
1539,các thầy cô nên để micro gần miệng tí .,neutral,de_xuat
1540,cần thay đổi chương trình giảng dạy cho phù hợp hơn .,negative,chuong_trinh_hoc
1540,cần thay đổi chương trình giảng dạy cho phù hợp hơn .,positive,de_xuat
1541,cho ví dụ dễ hiểu .,positive,ky_nang_giang_day
1542,có vài bạn nộp đồ án trễ nhưng vẫn được điểm rất cao .,neutral,bai_tap
1542,có vài bạn nộp đồ án trễ nhưng vẫn được điểm rất cao .,negative,cham_diem
1543,"thầy tận tâm , nhiệt tình , nghiêm khắc , giảng bài dễ hiểu , đánh giá kết quả học tập công tâm , chính xác .",positive,ky_nang_giang_day
1543,"thầy tận tâm , nhiệt tình , nghiêm khắc , giảng bài dễ hiểu , đánh giá kết quả học tập công tâm , chính xác .",positive,hanh_vi
1543,"thầy tận tâm , nhiệt tình , nghiêm khắc , giảng bài dễ hiểu , đánh giá kết quả học tập công tâm , chính xác .",positive,cham_diem
1544,nhiệt tình và dễ hiểu .,positive,ky_nang_giang_day
1544,nhiệt tình và dễ hiểu .,positive,hanh_vi
1545,qua kỳ sau mong thầy có thể tìm ra được một phương pháp dạy phù hợp giúp bọn em cảm thấy hứng thú với môn học của thầy .,neutral,ky_nang_giang_day
1545,qua kỳ sau mong thầy có thể tìm ra được một phương pháp dạy phù hợp giúp bọn em cảm thấy hứng thú với môn học của thầy .,neutral,de_xuat
1546,"buổi nào cũng có thực hành, học lý thuyết xong ra thực hành liền sẽ có hiệu quả cao !",positive,kinh_nghiem
1546,"buổi nào cũng có thực hành, học lý thuyết xong ra thực hành liền sẽ có hiệu quả cao !",positive,chuong_trinh_hoc
1547,"giảng viên dạy chậm giúp sinh viên theo kịp tiến độ , có sự tưởng tác nhiều giữa cả giảng viên và sinh viên , ví dụ minh họa bài tập phong phú sau mỗi phần lý thuyết giúp sinh viên nắm rõ bài .",positive,ky_nang_giang_day
1547,"giảng viên dạy chậm giúp sinh viên theo kịp tiến độ , có sự tưởng tác nhiều giữa cả giảng viên và sinh viên , ví dụ minh họa bài tập phong phú sau mỗi phần lý thuyết giúp sinh viên nắm rõ bài .",positive,hanh_vi
1547,"giảng viên dạy chậm giúp sinh viên theo kịp tiến độ , có sự tưởng tác nhiều giữa cả giảng viên và sinh viên , ví dụ minh họa bài tập phong phú sau mỗi phần lý thuyết giúp sinh viên nắm rõ bài .",positive,cung_cap_tai_lieu
1548,nhiều khi đang làm thực hành mà không có mạng để tìm hiểu thứ mình cần .,negative,kinh_nghiem
1548,nhiều khi đang làm thực hành mà không có mạng để tìm hiểu thứ mình cần .,negative,thiet_bi_day_hoc
1549,thầy không dạy em môn này .,negative,ky_nang_giang_day
1550,phòng thực hành wzjwz53 cần được nâng cấp .,negative,thiet_bi_day_hoc
1550,phòng thực hành wzjwz53 cần được nâng cấp .,positive,de_xuat
1551,"giảng dạy nhiệt tình dễ hiểu , tận tâm với sinh viên .",positive,ky_nang_giang_day
1551,"giảng dạy nhiệt tình dễ hiểu , tận tâm với sinh viên .",positive,hanh_vi
1552,lớp học quá đông nên rất nóng .,negative,thiet_bi_day_hoc
1553,slide dễ hiểu .,positive,cung_cap_tai_lieu
1554,cách dạy và nhiều bài tập hay .,positive,ky_nang_giang_day
1554,cách dạy và nhiều bài tập hay .,positive,bai_tap
1555,"giáo viên luôn tận tâm , nhiệt tình và có sự tương tác cao với sinh viên .",positive,hanh_vi
1556,học gần công trình thì công thật không thể chịu nổi .,negative,thiet_bi_day_hoc
1557,cần giảng kỹ hơn nữa .,negative,ky_nang_giang_day
1557,cần giảng kỹ hơn nữa .,neutral,de_xuat
1558,"cách thầy giảng dậy rất khoa học , đơn giản dễ hiểu !",positive,ky_nang_giang_day
1559,kiến thức giảng rất khó hiểu .,negative,kien_thuc
1560,"bài giảng tạo sự hứng thú cho sinh viên , giảng viên nhiệt tình .",positive,ky_nang_giang_day
1560,"bài giảng tạo sự hứng thú cho sinh viên , giảng viên nhiệt tình .",positive,hanh_vi
1561,thực hành đầy đủ .,positive,kinh_nghiem
1562,cô giảng rất dễ hiểu và tận tâm với học sinh .,positive,ky_nang_giang_day
1562,cô giảng rất dễ hiểu và tận tâm với học sinh .,positive,hanh_vi
1563,"giảng viên vui tính , khả năng truyền đạt tốt .",positive,ky_nang_giang_day
1563,"giảng viên vui tính , khả năng truyền đạt tốt .",positive,hanh_vi
1564,"giảng dễ nghe , nhiệt tình .",positive,ky_nang_giang_day
1564,"giảng dễ nghe , nhiệt tình .",positive,hanh_vi
1565,"cách giảng dạy của cô rất dễ hiểu , cô cũng rất quan tâm sinh viên .",positive,ky_nang_giang_day
1565,"cách giảng dạy của cô rất dễ hiểu , cô cũng rất quan tâm sinh viên .",positive,hanh_vi
1566,học môn này khá vui .,positive,chuong_trinh_hoc
1567,"chưa có nhiều hoạt đọng nhóm hay thuyết trình , chưa được đi thực tế doanh nghiệp .",negative,kinh_nghiem
1568,nhiệt tình giúp đỡ các bạn sinh viên .,positive,hanh_vi
1569,giáo trình toàn dùng c không dùng cplusplus nhiều dễ gây rối trong quá trình lập trình .,negative,cung_cap_tai_lieu
1570,chưa bao giờ có ý định nghỉ tiết của thầy ( trừ trường hợp ngủ quên colonbigsmile ) .,positive,hanh_vi
1571,"đứng lớp đúng giờ , giải đáp mọi thắc mắc của sinh viên , nhiệt tình .",positive,hanh_vi
1572,chỉ bảo tận tình .,positive,hanh_vi
1573,"thầy dạy hay và đưa ví dụ rất sát , dễ dàng hiểu bài khi trên lớp .",positive,ky_nang_giang_day
1574,"thầy nghỉ nhiều quá , làm tụi em cũng nghỉ theo .",negative,hanh_vi
1575,nêu rõ mục đích cũng như ứng dụng của môn học ngay từ đầu .,negative,chuong_trinh_hoc
1575,nêu rõ mục đích cũng như ứng dụng của môn học ngay từ đầu .,neutral,de_xuat
1576,"giáo viên nhiệt tình , đảm bảo giờ lên lớp .",positive,hanh_vi
1577,có nắm được lý thuyết của môn học .,positive,kien_thuc
1578,cảm ơn cô rất nhiều .,positive,hanh_vi
1579,rất nản .,negative,noi_chung
1580,nên cho thêm nhiều bài tập về nhà hơn .,negative,bai_tap
1580,nên cho thêm nhiều bài tập về nhà hơn .,neutral,de_xuat
1581,thầy wzjwz187 dạy có tâm và luôn hỗ trợ khi có thắc mắc .,positive,hanh_vi
1582,"giảng viên nhiệt tình , có kinh nghiệm .",positive,kinh_nghiem
1582,"giảng viên nhiệt tình , có kinh nghiệm .",positive,hanh_vi
1583,thầy cô chưa đưa nhiều vấn đề xã hội vào .,negative,chuong_trinh_hoc
1584,máy chiếu phòng wzjwz11 chất lượng quá kém .,negative,thiet_bi_day_hoc
1585,"luyện tập nhóm , làm bài tập nhiều .",positive,bai_tap
1586,đề nghị nhà trường nên đầu tư thêm cho phòng máy và cập nhật các phần mềm phục vụ cho học tập .,negative,thiet_bi_day_hoc
1586,đề nghị nhà trường nên đầu tư thêm cho phòng máy và cập nhật các phần mềm phục vụ cho học tập .,neutral,de_xuat
1587,đôi khi không có sự nhiệt huyết .,negative,hanh_vi
1588,"cảnh cáo sinh viên đi trễ nhưng giảng viên đi trễ , thường xuyên vắng dạy không có lý do không có thông báo , gây bức xúc , hao tốn thời gian , phí đi lại của sinh viên .",negative,hanh_vi
1589,"thầy dạy rất tận tâm , nhiệt tình trả lời câu hỏi của sinh viên .",positive,hanh_vi
1590,thầy nên demo các mạch bằng protues .,negative,ky_nang_giang_day
1590,thầy nên demo các mạch bằng protues .,neutral,de_xuat
1591,"giọng nói , cử chỉ , cách truyền đạt của cô rất chi là dễ thương .",positive,ky_nang_giang_day
1591,"giọng nói , cử chỉ , cách truyền đạt của cô rất chi là dễ thương .",positive,hanh_vi
1592,cách dạy của giảng viên .,neutral,ky_nang_giang_day
1593,dạy nói quá lan man làm chi sinh viên không tập trung .,negative,ky_nang_giang_day
1594,"máy tính của phòng thực hành không phục vụ được nội dung thực hành , giảng viên yêu cầu tự làm trên laptop rồi mang lên phòng thực hành chấm điểm , vậy phòng thực hành dùng để chấm điểm ?",negative,thiet_bi_day_hoc
1595,"thầy nhiệt tâm , vui tính .",positive,hanh_vi
1596,giảng viên thực hành rất nhiệt tình và giải đáp được những vấn đề mấu chốt của môn học .,positive,ky_nang_giang_day
1596,giảng viên thực hành rất nhiệt tình và giải đáp được những vấn đề mấu chốt của môn học .,positive,hanh_vi
1597,"thầy rất nhiệt tình , thường nói thêm để mở rộng kiến thức cho sinh viên và thẳng thắn chỉ ra những thiếu sót của slide bài giảng để sinh viên không mắc sai lầm và hiểu rõ vấn đề .",positive,ky_nang_giang_day
1597,"thầy rất nhiệt tình , thường nói thêm để mở rộng kiến thức cho sinh viên và thẳng thắn chỉ ra những thiếu sót của slide bài giảng để sinh viên không mắc sai lầm và hiểu rõ vấn đề .",positive,hanh_vi
1597,"thầy rất nhiệt tình , thường nói thêm để mở rộng kiến thức cho sinh viên và thẳng thắn chỉ ra những thiếu sót của slide bài giảng để sinh viên không mắc sai lầm và hiểu rõ vấn đề .",positive,kien_thuc
1598,"còn khắt khe điểm quá , cho kiểm tra quá nhiều .",negative,bai_tap
1598,"còn khắt khe điểm quá , cho kiểm tra quá nhiều .",negative,cham_diem
1599,"giảng viên không hướng dẫn sinh viên thực hiện các bài thực hành , không cung cấp tài liệu để sinh viên học tập .",negative,ky_nang_giang_day
1599,"giảng viên không hướng dẫn sinh viên thực hiện các bài thực hành , không cung cấp tài liệu để sinh viên học tập .",negative,cung_cap_tai_lieu
1600,"giảng dạy cứng nhắc , áp đặp , không thu hút , gò bó sinh viên .",negative,ky_nang_giang_day
1601,"giảng dạy hay , đưa ra một số ví dụ thực tế để tăng sinh  động cho tiết dạy .",positive,ky_nang_giang_day
1601,"giảng dạy hay , đưa ra một số ví dụ thực tế để tăng sinh  động cho tiết dạy .",positive,kinh_nghiem
1602,cho bài tập nâng cao khả năng tiếng anh .,neutral,bai_tap
1602,cho bài tập nâng cao khả năng tiếng anh .,neutral,de_xuat
1603,em thấy học vậy cũng được rồi .,neutral,noi_chung
1604,đề cương môn học chưa được cập nhật cho sinh viên .,negative,cung_cap_tai_lieu
1604,đề cương môn học chưa được cập nhật cho sinh viên .,negative,chuong_trinh_hoc
1605,thầy cần tập trung thật nhiều vào phần trọng tâm trọng điểm mà môn học đã được đề ra .,negative,ky_nang_giang_day
1605,thầy cần tập trung thật nhiều vào phần trọng tâm trọng điểm mà môn học đã được đề ra .,neutral,de_xuat
1606,"giảng viên cho bài tập nhiều , đầy đủ .",positive,bai_tap
1607,bài tập giảng viên cho tại lớp đáp ứng nhu cầu của sinh viên .,positive,bai_tap
1608,thầy dạy có tâm ạ .,positive,hanh_vi
1609,kiến thức và cách dạy hay .,positive,ky_nang_giang_day
1609,kiến thức và cách dạy hay .,positive,kien_thuc
1610,thầy rất vui .,positive,hanh_vi
1611,gần gủi với sinh viên .,positive,hanh_vi
1612,thầy dạy nhiệt tình và đúng giờ .,positive,hanh_vi
1613,thường xuyên cho bài tập về nhà giúp sinh viên nắm rõ được kiến thức vững chắc hơn .,positive,bai_tap
1613,thường xuyên cho bài tập về nhà giúp sinh viên nắm rõ được kiến thức vững chắc hơn .,positive,kien_thuc
1614,khá tận tình .,positive,hanh_vi
1615,chọn thời gian báo cáo phù hợp cho sinh viên .,neutral,de_xuat
1616,"giảng viên nhiệt tình , đúng giờ .",positive,hanh_vi
1617,"giảng viên tận tâm , nhiệt tình , cho sinh viên thuyết trình các chủ đề cho trước , giúp sinh viên tăng cường khả năng làm việc nhóm .",positive,ky_nang_giang_day
1617,"giảng viên tận tâm , nhiệt tình , cho sinh viên thuyết trình các chủ đề cho trước , giúp sinh viên tăng cường khả năng làm việc nhóm .",positive,hanh_vi
1618,"dạy kiến thức khá là cao cấp , vượt hơn khả năng hiểu biết của đa số sinh viên .",negative,kien_thuc
1619,thầy dạy hiểu bài .,positive,ky_nang_giang_day
1620,"thầy hay hát vu vơ , nghe cũng hay nhưng cũng rất buồn cười .",negative,hanh_vi
1621,"nâng cấp trang thiết bị , đặc biệt là loa nghe để có chật lượng tốt nhất .",negative,thiet_bi_day_hoc
1621,"nâng cấp trang thiết bị , đặc biệt là loa nghe để có chật lượng tốt nhất .",neutral,de_xuat
1622,"giảng viên hướng dẫn rõ , chỉ dẫn từng sinh viên .",positive,ky_nang_giang_day
1622,"giảng viên hướng dẫn rõ , chỉ dẫn từng sinh viên .",positive,hanh_vi
1623,cô không đăng slide bài học lên trước mà chỉ đăng sau khi đã học xong vì thế khi không hiểu thì không có slide để đọc lại .,negative,cung_cap_tai_lieu
1624,"cách dạy của thầy chưa hiệu quả , nhiều lúc còn nâng đỡ một số sinh viên .",negative,ky_nang_giang_day
1625,"hình thức báo cáo đồ án cuối kỳ , không thể hiện được khả năng của sinh viên , dễ xảy ra trường hợp một người làm , cả đám người hưởng , vì thầy không yêu cầu bảng phân công công việc và chỉ chấm điểm chung cho cả nhóm dựa trên bài báo cáo được nộp , mặc dù một nhóm thầy quy định là 5 người .",negative,hanh_vi
1625,"hình thức báo cáo đồ án cuối kỳ , không thể hiện được khả năng của sinh viên , dễ xảy ra trường hợp một người làm , cả đám người hưởng , vì thầy không yêu cầu bảng phân công công việc và chỉ chấm điểm chung cho cả nhóm dựa trên bài báo cáo được nộp , mặc dù một nhóm thầy quy định là 5 người .",negative,cham_diem
1626,tăng cường giao lưu thực tiễn tiếng anh .,neutral,kinh_nghiem
1626,tăng cường giao lưu thực tiễn tiếng anh .,positive,de_xuat
1627,"thầy thường xuyên đi trễ , có tuần thì trễ 30 - 45 phút , có một tuần trễ tận 1 tiếng ( lúc này sinh viên đã ra về ) .",negative,hanh_vi
1628,báo nghỉ không rõ ràng .,negative,noi_chung
1629,không truyền được cảm hứng học tập .,negative,ky_nang_giang_day
1630,"truyền đạt kiến thức tốt , thân thiện với sinh viên .",positive,ky_nang_giang_day
1630,"truyền đạt kiến thức tốt , thân thiện với sinh viên .",positive,hanh_vi
1631,luôn liên hệ thực tiễn .,positive,kinh_nghiem
1632,có tương tác với sinh viên .,positive,hanh_vi
1633,cần có thêm nhiều tài liệu cho sinh viên nghiên cứu .,negative,cung_cap_tai_lieu
1633,cần có thêm nhiều tài liệu cho sinh viên nghiên cứu .,neutral,de_xuat
1634,tuy nhiên thời gian lên lớp của thầy khá hạn chế và hầu hết thời gian thầy sử dụng chưa hiệu quả .,negative,ky_nang_giang_day
1635,khá là tâm huyết .,positive,hanh_vi
1636,cần cung cấp mục tiêu môn học .,neutral,de_xuat
1637,thầy nên nói chậm lại một tí !,negative,ky_nang_giang_day
1637,thầy nên nói chậm lại một tí !,neutral,de_xuat
1638,em muốn nhà trường xếp lịch làm sao để chúng em ít bị trùng lịch nhất ạ .,neutral,de_xuat
1639,giảng kỹ dễ hiểu minh họa thực tế .,positive,ky_nang_giang_day
1639,giảng kỹ dễ hiểu minh họa thực tế .,positive,kinh_nghiem
1640,deadline các bài tập thực hành không cố định .,negative,bai_tap
1641,"quá nhiều bài tập , tốn rất nhiều thời gian mà hiệu quả không có .",negative,bai_tap
1642,thầy còn giảng rất hài hước .,positive,ky_nang_giang_day
1643,"chữ cô rất xấu , cô dạy khó hiểu , không giải thích về bài thực hành mà chỉ đưa 3 clip rồi bảo sinh viên làm theo .",negative,ky_nang_giang_day
1643,"chữ cô rất xấu , cô dạy khó hiểu , không giải thích về bài thực hành mà chỉ đưa 3 clip rồi bảo sinh viên làm theo .",negative,hanh_vi
1644,nói chung cũng tạm được .,neutral,noi_chung
1645,cho ôn tập một đường ra đề một kiểu .,negative,noi_chung
1646,"rõ ràng , căn bản , thực tế .",positive,noi_chung
1647,"thầy rất có tâm với sinh viên , thầy không những dạy lý thuyết còn ví dụ những ứng dụng đó ở môi trường làm việc bên ngoài .",positive,ky_nang_giang_day
1647,"thầy rất có tâm với sinh viên , thầy không những dạy lý thuyết còn ví dụ những ứng dụng đó ở môi trường làm việc bên ngoài .",positive,kinh_nghiem
1647,"thầy rất có tâm với sinh viên , thầy không những dạy lý thuyết còn ví dụ những ứng dụng đó ở môi trường làm việc bên ngoài .",positive,hanh_vi
1647,"thầy rất có tâm với sinh viên , thầy không những dạy lý thuyết còn ví dụ những ứng dụng đó ở môi trường làm việc bên ngoài .",positive,kien_thuc
1648,chưa được tham gia chiến dịch thực tế và tham quan công ty .,negative,kinh_nghiem
1649,"cách dạy hay , tạo động lực cho sinh viên .",positive,ky_nang_giang_day
1650,"giảng viên giảng dạy nhiệt tình , có nhiều bài tập hay .",positive,hanh_vi
1650,"giảng viên giảng dạy nhiệt tình , có nhiều bài tập hay .",positive,bai_tap
1651,"cô rất tận tình trong giảng dạy , luôn cải tiến phương pháp dạy .",positive,ky_nang_giang_day
1651,"cô rất tận tình trong giảng dạy , luôn cải tiến phương pháp dạy .",positive,hanh_vi
1652,tạo điều kiện cho sinh viên .,neutral,noi_chung
1653,"giảng viên nhiệt tình , giảng dạy từ từ , dễ hiểu .",positive,ky_nang_giang_day
1653,"giảng viên nhiệt tình , giảng dạy từ từ , dễ hiểu .",positive,hanh_vi
1654,"những thông tin thầy truyền đạt rất khó hiểu , sinh viên không hình dung được kiến thức đó .",negative,ky_nang_giang_day
1654,"những thông tin thầy truyền đạt rất khó hiểu , sinh viên không hình dung được kiến thức đó .",negative,kien_thuc
1655,thầy có chỉ dẫn kỹ càng nhưng do kiến thức môn học quá nhàm chán gây ra đa số sinh viên trong lớp hay cúp học .,positive,ky_nang_giang_day
1655,thầy có chỉ dẫn kỹ càng nhưng do kiến thức môn học quá nhàm chán gây ra đa số sinh viên trong lớp hay cúp học .,negative,kien_thuc
1656,đôi khi còn giảng dạy khô cứng .,negative,ky_nang_giang_day
1657,"cô quan tâm sinh viên , giảng bài hay dễ hiểu , yêu cô colonhihi .",positive,ky_nang_giang_day
1657,"cô quan tâm sinh viên , giảng bài hay dễ hiểu , yêu cô colonhihi .",positive,hanh_vi
1658,dành quá nhiều thời gian trên lớp để chép bài lên bảng .,negative,ky_nang_giang_day
1659,"thầy có kiến thức sâu rộng , chúng em cần phải học hỏi nhiều ở thầy .",positive,kien_thuc
1660,"theo như yêu cầu của môn học , sinh viên phải mang lap để làm bài tập , tuy nhiên ổ cắm trong phòng chỉ có 2 ổ , không đáp ứng được nhu cầu dạy và học của giảng viên lẫn sinh viên .",negative,thiet_bi_day_hoc
1660,"theo như yêu cầu của môn học , sinh viên phải mang lap để làm bài tập , tuy nhiên ổ cắm trong phòng chỉ có 2 ổ , không đáp ứng được nhu cầu dạy và học của giảng viên lẫn sinh viên .",neutral,de_xuat
1661,cần nâng cao chất lượng cơ sở vật chất hơn .,negative,thiet_bi_day_hoc
1661,cần nâng cao chất lượng cơ sở vật chất hơn .,negative,de_xuat
1662,giảng viên nên giảng bài cụ thể hơn .,negative,ky_nang_giang_day
1662,giảng viên nên giảng bài cụ thể hơn .,neutral,de_xuat
1663,được giảng viên hướng dẫn cụ thể dễ hiểu .,positive,ky_nang_giang_day
1664,giảng viên ít giảng sâu về các ví dụ .,negative,ky_nang_giang_day
1665,"giảng viên dạy hay , dễ hiểu , nhiệt tình , khối lượng kiến thức được giảm tải để có thể nhớ phần trọng tâm .",positive,ky_nang_giang_day
1665,"giảng viên dạy hay , dễ hiểu , nhiệt tình , khối lượng kiến thức được giảm tải để có thể nhớ phần trọng tâm .",positive,hanh_vi
1666,"thật sự bọn em cũng cạn lời , đành ngậm ngùi mò lên mạng tra search các kiểu hơn một tiếng đồng hồ mới làm được một câu .",negative,noi_chung
1667,"thầy dạy giỏi , quan tâm tới học sinh , vui tính , mong là ngày nào đó thầy sẽ dạy lại lớp em .",positive,ky_nang_giang_day
1667,"thầy dạy giỏi , quan tâm tới học sinh , vui tính , mong là ngày nào đó thầy sẽ dạy lại lớp em .",positive,hanh_vi
1668,môn học rất có ích .,positive,kien_thuc
1669,nên đi sâu hơn vào nhưng vấn đề quan trọng và tránh đi quá sâu vào những vấn đề cơ bản và quen thuộc .,neutral,chuong_trinh_hoc
1669,nên đi sâu hơn vào nhưng vấn đề quan trọng và tránh đi quá sâu vào những vấn đề cơ bản và quen thuộc .,neutral,de_xuat
1670,"bài tập được làm nhiều , ân cần , tận tụy .",positive,hanh_vi
1670,"bài tập được làm nhiều , ân cần , tận tụy .",positive,bai_tap
1671,"giảng viên thường hay cho lớp nghỉ , một kỳ nghỉ tới 4 - 5 lần , khả năng truyền đạt cần cải thiện thêm .",negative,ky_nang_giang_day
1671,"giảng viên thường hay cho lớp nghỉ , một kỳ nghỉ tới 4 - 5 lần , khả năng truyền đạt cần cải thiện thêm .",negative,hanh_vi
1671,"giảng viên thường hay cho lớp nghỉ , một kỳ nghỉ tới 4 - 5 lần , khả năng truyền đạt cần cải thiện thêm .",neutral,de_xuat
1672,cách truyền đạt chưa thực sự hiệu quả .,negative,ky_nang_giang_day
1673,"giảng viên nhiệt tình thân thiện , giảng dạy có kế hoạch , đảm bảo kiến thức .",positive,ky_nang_giang_day
1673,"giảng viên nhiệt tình thân thiện , giảng dạy có kế hoạch , đảm bảo kiến thức .",positive,hanh_vi
1673,"giảng viên nhiệt tình thân thiện , giảng dạy có kế hoạch , đảm bảo kiến thức .",positive,kien_thuc
1674,cố gắng làm nhiều bài tập hơn nữa .,neutral,bai_tap
1675,thầy nên cho những ví dụ code demo để sinh viên hiểu hơn .,negative,ky_nang_giang_day
1675,thầy nên cho những ví dụ code demo để sinh viên hiểu hơn .,neutral,de_xuat
1676,môn học không hữu ích đối với ngành học của em .,negative,chuong_trinh_hoc
1677,"phương pháp dạy nhàm chán , chỉ đọc slide .",negative,ky_nang_giang_day
1678,"cô dễ thương , giải đáp thắc mắc tận tình .",positive,hanh_vi
1679,"thưa , thầy luôn đặt nền tảng kỹ và cho chúng em tìm tòi học hỏi nâng cao .",positive,ky_nang_giang_day
1679,"thưa , thầy luôn đặt nền tảng kỹ và cho chúng em tìm tòi học hỏi nâng cao .",positive,kien_thuc
1680,giáo viên để sinh viên tự học nhiều hơn .,neutral,ky_nang_giang_day
1681,cô dạy tốt truyền đạt hay dễ hiểu .,positive,ky_nang_giang_day
1682,"nội dung môn học chưa thống nhất , mỗi giáo viên dạy khác nhau , không thống nhất giữa các năm .",negative,chuong_trinh_hoc
1683,"giảng viên thực hành quá khắt khe trong việc chấm và nộp bài , xin coi code của bọn em khi bọn em sai hay quên xóa file .",negative,hanh_vi
1683,"giảng viên thực hành quá khắt khe trong việc chấm và nộp bài , xin coi code của bọn em khi bọn em sai hay quên xóa file .",negative,bai_tap
1683,"giảng viên thực hành quá khắt khe trong việc chấm và nộp bài , xin coi code của bọn em khi bọn em sai hay quên xóa file .",negative,cham_diem
1683,"giảng viên thực hành quá khắt khe trong việc chấm và nộp bài , xin coi code của bọn em khi bọn em sai hay quên xóa file .",neutral,de_xuat
1684,"giảng viên đến lớp trễ , thường xuyên vắng nhưng không báo trước .",negative,hanh_vi
1685,"thầy nhiệt tình giảng dạy , nhiều vấn đề rất hay cần thiết cho sinh viên .",positive,hanh_vi
1685,"thầy nhiệt tình giảng dạy , nhiều vấn đề rất hay cần thiết cho sinh viên .",positive,kien_thuc
1686,chưa bao giờ gặp mặt giáo viên từ lúc bắt đầu học đến bây giờ !,negative,hanh_vi
1687,"giảng dạy tận tâm , nhiệt tình tạo điều kiện phát triển kiến thức cho sinh viên .",positive,ky_nang_giang_day
1687,"giảng dạy tận tâm , nhiệt tình tạo điều kiện phát triển kiến thức cho sinh viên .",positive,hanh_vi
1688,"giảng viên nhiệt tình , giảng dạy theo hướng mở để sinh viên có thể tự nghiên cứu thêm ngoài chương trình .",positive,ky_nang_giang_day
1688,"giảng viên nhiệt tình , giảng dạy theo hướng mở để sinh viên có thể tự nghiên cứu thêm ngoài chương trình .",positive,hanh_vi
1689,thầy dạy vui và dễ hiểu .,positive,ky_nang_giang_day
1689,thầy dạy vui và dễ hiểu .,positive,hanh_vi
1690,em rất thích cô .,positive,hanh_vi
1691,giảng viên áp dụng nhiều phương thức giảng dạy độc đáo .,positive,ky_nang_giang_day
1692,cần phải có phương pháp giảng dạy linh hoạt và sáng tạo để gây hứng thú cho người học .,negative,ky_nang_giang_day
1692,cần phải có phương pháp giảng dạy linh hoạt và sáng tạo để gây hứng thú cho người học .,neutral,de_xuat
1693,"giáo viên tuyệt vời , đẹp trai , vui tính , đá bóng hay .",positive,hanh_vi
1694,cần thay đổi giáo trình cho phù hợp với kiến thức sinh viên .,negative,chuong_trinh_hoc
1694,cần thay đổi giáo trình cho phù hợp với kiến thức sinh viên .,negative,de_xuat
1695,về thái độ giải đáp thắc mắc cho sinh viên của giảng viên cảm giác rất khó chịu làm cho sinh viên không muốn hỏi thêm điều gì nữa .,negative,hanh_vi
1696,"bài giảng dễ hiểu , có kèm theo ví dụ cụ thể , thân thiện với sinh viên , giải đáp ngay khi sinh viên có câu hỏi .",positive,ky_nang_giang_day
1696,"bài giảng dễ hiểu , có kèm theo ví dụ cụ thể , thân thiện với sinh viên , giải đáp ngay khi sinh viên có câu hỏi .",positive,kinh_nghiem
1696,"bài giảng dễ hiểu , có kèm theo ví dụ cụ thể , thân thiện với sinh viên , giải đáp ngay khi sinh viên có câu hỏi .",positive,hanh_vi
1697,hài hước .,positive,ky_nang_giang_day
1698,thầy dạy rất trầm .,negative,ky_nang_giang_day
1699,thầy dạy ứng dụng thực tế nên rất dễ hiểu .,positive,ky_nang_giang_day
1700,sinh viên được được thuyết trình nhưng thật sự chưa hiểu quả .,negative,bai_tap
1701,thầy ra bài tập nhiều nâng cao năng lực thực hành .,positive,kinh_nghiem
1701,thầy ra bài tập nhiều nâng cao năng lực thực hành .,positive,bai_tap
1702,thầy rất gần gũi và hướng dẫn tốt cho sinh viên .,positive,ky_nang_giang_day
1702,thầy rất gần gũi và hướng dẫn tốt cho sinh viên .,positive,hanh_vi
1703,nhiệt tình và giảng dễ hiểu .,positive,ky_nang_giang_day
1703,nhiệt tình và giảng dễ hiểu .,positive,hanh_vi
1704,gộp chung 2 lớp khác khóa lại với nhau dẫn đến sự không cân bằng về kiến thức giữa 2 lớp gây khó khăn cho lớp dưới .,negative,chuong_trinh_hoc
1705,"thầy tâm lý , dạy hay .",positive,ky_nang_giang_day
1706,"thầy dạy tận tình , tạo không khí mới mẻ cho buổi học .",positive,hanh_vi
1707,"giảng viên khá hài hước , mang lại tiếng cười cho lớp trong quá trình giảng dạy .",positive,ky_nang_giang_day
1707,"giảng viên khá hài hước , mang lại tiếng cười cho lớp trong quá trình giảng dạy .",positive,hanh_vi
1708,kiến thức của cô chuyên sâu .,positive,kien_thuc
1709,giảng viên hay nhớ nhầm việc dạy lớp này sang lớp khác .,negative,hanh_vi
1710,"thầy dạy rất tốt , em cảm thấy dễ hiểu .",positive,ky_nang_giang_day
1711,"sinh viên năm 3 trở lên đều có laptop cả rồi , vậy nên vào phòng máy là không cần thiết .",negative,thiet_bi_day_hoc
1712,"máy chiếu phòng wzjwz104 rất hay tắt , mở được một lúc là nóng quá rồi tắt , không sử dụng được nữa .",negative,thiet_bi_day_hoc
1713,"giảng viên nhiệt tình , tận tâm , tích cực trao đổi với sinh viên về kiến thức trong và ngoài chương trình .",positive,hanh_vi
1713,"giảng viên nhiệt tình , tận tâm , tích cực trao đổi với sinh viên về kiến thức trong và ngoài chương trình .",positive,kien_thuc
1714,"nói rõ nội dung môn học , mục tiêu .",negative,chuong_trinh_hoc
1714,"nói rõ nội dung môn học , mục tiêu .",negative,de_xuat
1715,vui vẻ .,positive,noi_chung
1716,"phòng học buổi trưa rất nóng , có thể trang bị thêm quạt thì tốt hơn .",negative,thiet_bi_day_hoc
1716,"phòng học buổi trưa rất nóng , có thể trang bị thêm quạt thì tốt hơn .",neutral,de_xuat
1717,"thầy rất nhiệt tình , luôn đưa ra những ví dụ thực tế rất sinh động .",positive,kinh_nghiem
1717,"thầy rất nhiệt tình , luôn đưa ra những ví dụ thực tế rất sinh động .",positive,hanh_vi
1718,"giáo viên dạy hay , nhiệt tình và cập nhật các kiến thức bên ngoài vào trong bài giảng .",positive,ky_nang_giang_day
1718,"giáo viên dạy hay , nhiệt tình và cập nhật các kiến thức bên ngoài vào trong bài giảng .",positive,hanh_vi
1718,"giáo viên dạy hay , nhiệt tình và cập nhật các kiến thức bên ngoài vào trong bài giảng .",positive,kien_thuc
1719,nhà trường nên cho thực hành mỗi tuần một lần .,negative,bai_tap
1719,nhà trường nên cho thực hành mỗi tuần một lần .,positive,de_xuat
1720,giảng viên ôn thi chuẩn xác .,positive,ky_nang_giang_day
1721,lý do doubledot tới ngày thi ngồi ngay 2 máy hư .,negative,thiet_bi_day_hoc
1722,thầy tạo được sự hứng thú với môn học .,positive,ky_nang_giang_day
1722,thầy tạo được sự hứng thú với môn học .,positive,hanh_vi
1723,"thời lượng thực hành quá ít , kiến thức mới mà hướng dẫn ít !",negative,ky_nang_giang_day
1723,"thời lượng thực hành quá ít , kiến thức mới mà hướng dẫn ít !",negative,chuong_trinh_hoc
1724,"dạy dễ hiểu , hài hước !",positive,ky_nang_giang_day
1725,nhàm chán .,negative,noi_chung
1726,"nhiệt tình , vui tính .",positive,hanh_vi
1727,"giáo viên dễ tính , dạy hay .",positive,ky_nang_giang_day
1727,"giáo viên dễ tính , dạy hay .",positive,hanh_vi
1728,"nhiệt tình , gần gũi sinh viên .",positive,hanh_vi
1729,"môn học cần được thiết kế chi tiết hơn từng phần học cụ thể để sinh viên dễ tiếp cận như doubledot học lập trình console và win form lẫn lộn , sinh viên chưa có cái nhìn khái quát và tổng thể về vấn đề cần làm dẫn đến khó tìm lối đi trong sự hỗn loạn kiễn thức , không có phương hướng kết quả học tập không cao , không hứng thú và đam mê .",negative,chuong_trinh_hoc
1729,"môn học cần được thiết kế chi tiết hơn từng phần học cụ thể để sinh viên dễ tiếp cận như doubledot học lập trình console và win form lẫn lộn , sinh viên chưa có cái nhìn khái quát và tổng thể về vấn đề cần làm dẫn đến khó tìm lối đi trong sự hỗn loạn kiễn thức , không có phương hướng kết quả học tập không cao , không hứng thú và đam mê .",neutral,de_xuat
1730,thầy rất quan tâm đến khó khăn gặp phải của sinh viên trong lúc thực hành .,positive,hanh_vi
1731,"việc truyền đạt kiến thức chưa sâu , em thấy vẫn mông lung sau mỗi tiết học , chỉ hiểu sơ sơ .",negative,ky_nang_giang_day
1732,"giáo viên nhiệt tình , truyền đạt tốt .",positive,ky_nang_giang_day
1732,"giáo viên nhiệt tình , truyền đạt tốt .",positive,hanh_vi
1733,"không nên "" hù dọa "" sinh viên ở phía trước mỗi bài toán mà phải biến nó thành đơn giản để thực thi bài toán giảng viên cần phải làm những bài tập mẫu hơn là cho mấy trăm bài tập .",negative,hanh_vi
1733,"không nên "" hù dọa "" sinh viên ở phía trước mỗi bài toán mà phải biến nó thành đơn giản để thực thi bài toán giảng viên cần phải làm những bài tập mẫu hơn là cho mấy trăm bài tập .",negative,bai_tap
1733,"không nên "" hù dọa "" sinh viên ở phía trước mỗi bài toán mà phải biến nó thành đơn giản để thực thi bài toán giảng viên cần phải làm những bài tập mẫu hơn là cho mấy trăm bài tập .",neutral,de_xuat
1734,cách dạy của giáo viên rất tốt .,positive,ky_nang_giang_day
1735,dạy hơi nhanh quá .,negative,ky_nang_giang_day
1736,"anh wzjwz278 như một người bạn vậy , rất gần gũi , thoải mái khi giao tiếp với sinh viên , kiến thức học được từ anh rất đầy đủ .",positive,hanh_vi
1736,"anh wzjwz278 như một người bạn vậy , rất gần gũi , thoải mái khi giao tiếp với sinh viên , kiến thức học được từ anh rất đầy đủ .",positive,kien_thuc
1737,thầy lên lớp không đúng thời gian và không quan tâm sinh viên .,negative,hanh_vi
1738,em thấy phòng thư viện tầng trên mà bọn em học không hề phù hợp với việc học anh văn vì thiết kế bảng và hệ thống máy tính khiến bọn em cứ phải mỏi cổ ngoảnh sang trái hoặc sang phải suốt cả buổi học vì bọn em cũng chả dùng máy tính để làm gì trong giờ học anh văn cả .,negative,thiet_bi_day_hoc
1739,thân thiện với sinh viên .,positive,hanh_vi
1740,"cập nhật tính thời sự trong môn học , cung cấp tài liệu đọc thêm bổ ích .",positive,cung_cap_tai_lieu
1740,"cập nhật tính thời sự trong môn học , cung cấp tài liệu đọc thêm bổ ích .",positive,chuong_trinh_hoc
1740,"cập nhật tính thời sự trong môn học , cung cấp tài liệu đọc thêm bổ ích .",neutral,de_xuat
1741,"giảng viên dạy rất buồn ngủ , không thu hút sinh viên vào bài giảng .",negative,ky_nang_giang_day
1741,"giảng viên dạy rất buồn ngủ , không thu hút sinh viên vào bài giảng .",negative,hanh_vi
1742,giọng hơi khó nghe .,negative,ky_nang_giang_day
1743,"giáo trình tốt , kiến thức trọng tâm .",positive,cung_cap_tai_lieu
1743,"giáo trình tốt , kiến thức trọng tâm .",positive,kien_thuc
1744,cô rất dễ thương và được nhiều sinh viên yêu quý ạ .,positive,hanh_vi
1745,cô dạy khá dễ hiểu và cô khá thoải mái .,positive,ky_nang_giang_day
1745,cô dạy khá dễ hiểu và cô khá thoải mái .,positive,hanh_vi
1746,hoàn toàn không hài lòng với cách đánh giá của thầy .,negative,cham_diem
1747,không có gì cả ạ .,neutral,noi_chung
1748,thầy dạy buồn ngủ .,negative,hanh_vi
1749,giảng viên trợ giúp nhiệt tình .,positive,hanh_vi
1750,qua đó sẽ hiểu được thật sâu và rõ những lý thuyết đã được học .,positive,ky_nang_giang_day
1751,giảng viên thường không lên lớp nếu có lên lớp thì chỉ ngồi lỳ một chổ không giảng bài hay hướng dẫn sinh viên thực hành .,negative,ky_nang_giang_day
1751,giảng viên thường không lên lớp nếu có lên lớp thì chỉ ngồi lỳ một chổ không giảng bài hay hướng dẫn sinh viên thực hành .,negative,hanh_vi
1752,"thầy wzjwz262 nhiệt tình , truyền đạt tốt kiến thức , giới thiệu thêm nhiều nguồn tài liệu cho sinh viên .",positive,ky_nang_giang_day
1752,"thầy wzjwz262 nhiệt tình , truyền đạt tốt kiến thức , giới thiệu thêm nhiều nguồn tài liệu cho sinh viên .",positive,hanh_vi
1752,"thầy wzjwz262 nhiệt tình , truyền đạt tốt kiến thức , giới thiệu thêm nhiều nguồn tài liệu cho sinh viên .",positive,cung_cap_tai_lieu
1752,"thầy wzjwz262 nhiệt tình , truyền đạt tốt kiến thức , giới thiệu thêm nhiều nguồn tài liệu cho sinh viên .",positive,kien_thuc
1753,mục tiêu môn học nên đặt ra là doubledot sinh viên được giới thiệu những gì .,neutral,chuong_trinh_hoc
1753,mục tiêu môn học nên đặt ra là doubledot sinh viên được giới thiệu những gì .,neutral,de_xuat
1754,"thầy dạy rất hay , kiến thức rất thực tế , theo sát sinh viên từng bước một , hướng dẫn tận tình tận tâm , truyền đặt kiến thức dễ hiểu , thuyết phục .",positive,ky_nang_giang_day
1754,"thầy dạy rất hay , kiến thức rất thực tế , theo sát sinh viên từng bước một , hướng dẫn tận tình tận tâm , truyền đặt kiến thức dễ hiểu , thuyết phục .",positive,hanh_vi
1754,"thầy dạy rất hay , kiến thức rất thực tế , theo sát sinh viên từng bước một , hướng dẫn tận tình tận tâm , truyền đặt kiến thức dễ hiểu , thuyết phục .",positive,kien_thuc
1755,"lớp hay nghỉ , giáo viên chưa tận tình lắm .",negative,hanh_vi
1756,"nhiệt tình , thầy dạy kỹ .",positive,ky_nang_giang_day
1756,"nhiệt tình , thầy dạy kỹ .",positive,hanh_vi
1757,thầy dạy không tạo được sự hứng thú .,negative,ky_nang_giang_day
1758,thầy dạy rất tốt và trả lời các câu hỏi của sinh viên rất nhanh và chính xác .,positive,ky_nang_giang_day
1758,thầy dạy rất tốt và trả lời các câu hỏi của sinh viên rất nhanh và chính xác .,positive,hanh_vi
1759,"giáo viên tận tâm , nhiệt tình , cách truyền đạt dễ tiếp thu .",positive,ky_nang_giang_day
1759,"giáo viên tận tâm , nhiệt tình , cách truyền đạt dễ tiếp thu .",positive,hanh_vi
1760,"thầy ví dụ thực tiễn , đáp ứng yêu cầu thực hành .",positive,kinh_nghiem
1761,"giảng viên tận tâm , tạo sự chủ động trong học tập cho người học .",positive,ky_nang_giang_day
1761,"giảng viên tận tâm , tạo sự chủ động trong học tập cho người học .",positive,hanh_vi
1762,thầy thân thiện dạy nhiệt tình .,positive,hanh_vi
1763,đủ tài liệu .,positive,cung_cap_tai_lieu
1764,cách chấm điểm các bài thực hành thông qua quay video thực sự chưa đánh giá đúng khả năng của sinh viên .,negative,cham_diem
1765,viết quá nhiều .,negative,bai_tap
1766,"thầy đi dạy luôn đảm bảo thời gian , giải đáp thắc mắc rất nhiệt tình , ra trễ hơn các môn khác từ 15 - 25 phút .",positive,ky_nang_giang_day
1766,"thầy đi dạy luôn đảm bảo thời gian , giải đáp thắc mắc rất nhiệt tình , ra trễ hơn các môn khác từ 15 - 25 phút .",positive,hanh_vi
1767,thầy thường xuyên cho nghỉ trước khi kết thúc giờ học .,negative,hanh_vi
1768,em muốn môn học gần với thực tế qua các ví dụ .,neutral,de_xuat
1769,"giảng dễ hiểu , vui tính và rất thân thiện với sinh viên .",positive,ky_nang_giang_day
1769,"giảng dễ hiểu , vui tính và rất thân thiện với sinh viên .",positive,hanh_vi
1770,em có ý kiến là nên hủy môn vật lý kỹ thuật .,negative,chuong_trinh_hoc
1770,em có ý kiến là nên hủy môn vật lý kỹ thuật .,neutral,de_xuat
1771,giảng dạy tích cực .,positive,ky_nang_giang_day
1772,"sự hướng dẫn thực hành tận tâm , nhiệt tình .",positive,hanh_vi
1773,hy vọng học kỳ tới thầy có thể kết thúc buổi học đúng giờ .,neutral,de_xuat
1774,"giờ thực hành quá ít , bài tập thực hành hằng tuần đều đó , giảng viên hướng dẫn không có nhiều thời gian để hướng dẫn trực tiếp .",negative,hanh_vi
1774,"giờ thực hành quá ít , bài tập thực hành hằng tuần đều đó , giảng viên hướng dẫn không có nhiều thời gian để hướng dẫn trực tiếp .",negative,bai_tap
1774,"giờ thực hành quá ít , bài tập thực hành hằng tuần đều đó , giảng viên hướng dẫn không có nhiều thời gian để hướng dẫn trực tiếp .",negative,chuong_trinh_hoc
1775,giảng viên có kiến thức chuyên sâu về môn học .,positive,kien_thuc
1776,"nhiệt tình , có tâm huyết .",positive,hanh_vi
1777,"phần khảo sát doubledot các câu hỏi khảo sát quá dài dòng , nhiều câu lập đi lập lại sinh viên chán nản tích tràn lan đánh giá không đúng kết quả khảo sát không được chính xác .",negative,de_xuat
1777,"phần khảo sát doubledot các câu hỏi khảo sát quá dài dòng , nhiều câu lập đi lập lại sinh viên chán nản tích tràn lan đánh giá không đúng kết quả khảo sát không được chính xác .",negative,noi_chung
1778,giáo viên cần cho sinh viên nói nhiều thực hành giao tiếp trên lớp .,negative,ky_nang_giang_day
1778,giáo viên cần cho sinh viên nói nhiều thực hành giao tiếp trên lớp .,neutral,de_xuat
1779,"nên có phần thực hành về tìm hiểu phần cứng , các bộ phận trong máy tính .",positive,de_xuat
1780,tận tâm tận tình .,positive,hanh_vi
1781,cô giải thích các vấn đề sinh viên đưa ra khá chi tiết !,positive,ky_nang_giang_day
1782,nội dung nhập nhằng .,negative,chuong_trinh_hoc
1783,cô nên hoạt động trên website môn học nhiều hơn .,negative,hanh_vi
1783,cô nên hoạt động trên website môn học nhiều hơn .,neutral,de_xuat
1784,"giảng viên hướng dẫn nhiệt tình , chi tiết .",positive,ky_nang_giang_day
1784,"giảng viên hướng dẫn nhiệt tình , chi tiết .",positive,hanh_vi
1785,các thành viên dễ gán kết hơn và có trách nhiệm hơn .,positive,hanh_vi
1786,sử dụng hiệu quả thời gian lên lớp .,neutral,noi_chung
1787,"sự nhiệt tình , tận tâm của giảng viên .",positive,hanh_vi
1788,dạy chi tiết .,positive,ky_nang_giang_day
1789,"giảng viên dạy rất nhiệt tình , phản hồi trực tiếp , gián tiếp thắc mắc của sinh viên rất tích cực .",positive,hanh_vi
1790,thay đổi hình thức đánh giá môn học .,negative,cham_diem
1790,thay đổi hình thức đánh giá môn học .,neutral,de_xuat
1791,cho bài tập hay .,positive,bai_tap
1792,cần bổ sung phần kiến thức pattern severside .,negative,kien_thuc
1792,cần bổ sung phần kiến thức pattern severside .,positive,de_xuat
1793,điều đó dẫn đến nhiều sinh viên cũng sẽ phát âm như vậy .,negative,ky_nang_giang_day
1794,giao đề tài thiếu công bằng .,negative,bai_tap
1795,dễ gây nhàm chán .,negative,noi_chung
1796,thầy dạy rất vui rất kỹ .,positive,ky_nang_giang_day
1796,thầy dạy rất vui rất kỹ .,positive,hanh_vi
1797,"phòng học còn nóng và bụi bặm , máy chiếu tuy là vẫn thầy được nhưng như thế vẫn là mờ , đề nghị khắc phục vấn đề này .",negative,thiet_bi_day_hoc
1797,"phòng học còn nóng và bụi bặm , máy chiếu tuy là vẫn thầy được nhưng như thế vẫn là mờ , đề nghị khắc phục vấn đề này .",negative,de_xuat
1798,cô giảng còn hơi khó hiểu .,negative,ky_nang_giang_day
1799,khả năng truyền đạt tốt .,positive,ky_nang_giang_day
1800,mỗi ngày khi đến môn học này là một cực hình tra tấn sinh viên cả lớp .,negative,ky_nang_giang_day
1800,mỗi ngày khi đến môn học này là một cực hình tra tấn sinh viên cả lớp .,negative,chuong_trinh_hoc
1801,"giảng viên giảng hay , giúp sinh viên tiếp thu kiến thức hiệu quả .",positive,ky_nang_giang_day
1801,"giảng viên giảng hay , giúp sinh viên tiếp thu kiến thức hiệu quả .",positive,kien_thuc
1802,giảng đường quá nóng .,negative,thiet_bi_day_hoc
1803,"giảng dạy tốt , nhiệt tình chỉ bảo sinh viên .",positive,ky_nang_giang_day
1803,"giảng dạy tốt , nhiệt tình chỉ bảo sinh viên .",positive,hanh_vi
1804,"thầy wzjwz81 là một giảng viên rất tâm huyết với sinh viên , thầy tận tình chỉ dạy tất cả những điều chúng em chưa rõ .",positive,ky_nang_giang_day
1804,"thầy wzjwz81 là một giảng viên rất tâm huyết với sinh viên , thầy tận tình chỉ dạy tất cả những điều chúng em chưa rõ .",positive,hanh_vi
1805,"thầy dạy nhiệt tình , áp dụng nhiều bài tập , dễ hiểu .",positive,ky_nang_giang_day
1805,"thầy dạy nhiệt tình , áp dụng nhiều bài tập , dễ hiểu .",positive,hanh_vi
1805,"thầy dạy nhiệt tình , áp dụng nhiều bài tập , dễ hiểu .",positive,bai_tap
1806,"đa số giảng sơ sài , chủ yếu là lước qua .",negative,ky_nang_giang_day
1807,cho mượn kit về nhà đẻ thực hành .,neutral,de_xuat
1808,"yêu cầu đối với sinh viên cao , nhưng lại không đáp ứng cho sinh viên những kiến thức cần thiết .",negative,kien_thuc
1809,chỉ tham gia chấm điểm không giảng dạy trong giờ thực hành của lớp một lần nào .,negative,ky_nang_giang_day
1810,thầy không dạy lý thuyết mà chỉ nói sơ qua về một số bài tập nên em không biết nhận xét gì về thầy .,negative,ky_nang_giang_day
1810,thầy không dạy lý thuyết mà chỉ nói sơ qua về một số bài tập nên em không biết nhận xét gì về thầy .,negative,kien_thuc
1811,làm việc nhóm nhiều .,neutral,bai_tap
1812,nhưng trường lại không sắp xếp được một giờ nào cho sinh viên học .,negative,chuong_trinh_hoc
1813,khả năng tương tác chưa tốt .,negative,hanh_vi
1814,thầy khá đúng giờ .,positive,hanh_vi
1815,"nội dung bài giảng dễ hiểu , giảng viên nhiệt tình , vui tính .",positive,ky_nang_giang_day
1815,"nội dung bài giảng dễ hiểu , giảng viên nhiệt tình , vui tính .",positive,hanh_vi
1816,nếu trang thiết bị đã không đáp ứng được thì tại sao trường không tạo điều kiện kéo dây mạng cho sinh viên cắm vào laptop .,negative,thiet_bi_day_hoc
1816,nếu trang thiết bị đã không đáp ứng được thì tại sao trường không tạo điều kiện kéo dây mạng cho sinh viên cắm vào laptop .,negative,de_xuat
1817,có bài tập cuối giờ .,neutral,bai_tap
1818,không có buổi học bù nào .,negative,chuong_trinh_hoc
1819,đa số các giờ đều do sinh viên thuyết trình nhưng thực tế sinh viên đứng thuyết trình còn chưa hiểu bài làm sao trình bày lại cho các bạn hiểu .,negative,ky_nang_giang_day
1820,giảng viên giảng bài dễ hiểu .,positive,ky_nang_giang_day
1821,làm phim khó quá thầy ạ .,negative,bai_tap
1822,em rất hài lòng về phương pháp giảng dạy của thầy ạ .,positive,ky_nang_giang_day
1823,cô wzjwz6 rất nhiệt tình .,positive,hanh_vi
1824,giảng viên rất có tâm huyết .,positive,hanh_vi
1825,tất cả các hoạt động trên lớp .,neutral,noi_chung
1826,sự tận tình đối với học viên .,positive,hanh_vi
1827,đến lớp dúng giờ !,positive,hanh_vi
1828,có một số phần giảng viên giải thích hơi khó hiểu .,negative,ky_nang_giang_day
1829,"nâng cao trang thiết bị phòng học doubledot máy chiếu , quạt .",negative,thiet_bi_day_hoc
1829,"nâng cao trang thiết bị phòng học doubledot máy chiếu , quạt .",positive,de_xuat
1830,"khả năng truyền đạt không tốt , kiến thức chưa đạt .",negative,ky_nang_giang_day
1830,"khả năng truyền đạt không tốt , kiến thức chưa đạt .",negative,kien_thuc
1831,thầy vui tính và thân thiện với sinh viên .,positive,hanh_vi
1832,"giáo viên hướng dẫn thực hành đến lớp trễ , và chưa hướng dẫn sâu sắc để sinh viên dễ dàng nắm được bài .",negative,ky_nang_giang_day
1832,"giáo viên hướng dẫn thực hành đến lớp trễ , và chưa hướng dẫn sâu sắc để sinh viên dễ dàng nắm được bài .",negative,hanh_vi
1833,"giảng không hiểu , nói nhiều .",negative,ky_nang_giang_day
1834,cô rất tận tình với sinh viên .,positive,hanh_vi
1835,"thầy giảng bài tận tâm , nhiệt tình .",positive,ky_nang_giang_day
1835,"thầy giảng bài tận tâm , nhiệt tình .",positive,hanh_vi
1836,"thầy dạy rất hay , hài hước trong công việc .",positive,ky_nang_giang_day
1836,"thầy dạy rất hay , hài hước trong công việc .",positive,hanh_vi
1837,"thiếu nhiệt tình , ít làm bài tập .",negative,hanh_vi
1837,"thiếu nhiệt tình , ít làm bài tập .",negative,bai_tap
1838,"thích ngủ thì ngủ , ngoài ra chả có gì hài lòng .",negative,noi_chung
1839,"tên môn học là lập trình ứng dụng web , tuy nhiên chỉ cho lập trình trên ngôn ngữ php , nên rõ ràng trong tên môn học với ngôn ngữ nào .",negative,chuong_trinh_hoc
1839,"tên môn học là lập trình ứng dụng web , tuy nhiên chỉ cho lập trình trên ngôn ngữ php , nên rõ ràng trong tên môn học với ngôn ngữ nào .",neutral,de_xuat
1840,"giảng viên vui vẻ , tận tình .",positive,hanh_vi
1841,thầy không dạy nhưng báo trước rất sát giờ và thầy rất hay nghỉ dạy .,negative,ky_nang_giang_day
1841,thầy không dạy nhưng báo trước rất sát giờ và thầy rất hay nghỉ dạy .,negative,hanh_vi
1842,"thầy dạy hay , vui nhiều phần thầy bồ sung có tính thực tiễn cao .",positive,ky_nang_giang_day
1842,"thầy dạy hay , vui nhiều phần thầy bồ sung có tính thực tiễn cao .",positive,kinh_nghiem
1843,"giảng viên nhiệt tình , quan tâm đến sinh viên , hiền .",positive,hanh_vi
1844,nhiệt tình tâm huyết .,positive,hanh_vi
1845,"dùng những công nghệ phổ biến , nên tham khảo khung chương trình của khoa để biết sinh viên đã biết được những gì rồi .",neutral,chuong_trinh_hoc
1845,"dùng những công nghệ phổ biến , nên tham khảo khung chương trình của khoa để biết sinh viên đã biết được những gì rồi .",neutral,de_xuat
1846,"tốt , dễ hiểu .",positive,ky_nang_giang_day
1847,thầy dạy rất dễ hiểu sinh động .,positive,ky_nang_giang_day
1848,em không thích cách giảng dạy của thầy wzjwz86 cho lắm .,negative,ky_nang_giang_day
1849,giáo viên vui vẻ .,positive,hanh_vi
1850,"cần có nhiều tài liệu để học hơn , có các trò chơi để sinh viên dễ hiểu bài hơn .",negative,cung_cap_tai_lieu
1850,"cần có nhiều tài liệu để học hơn , có các trò chơi để sinh viên dễ hiểu bài hơn .",neutral,de_xuat
1851,chưa có nhiều kinh nghiệm về kiến thức .,negative,kinh_nghiem
1852,"cô dạy kỹ , vui tính , quan tâm sinh viên .",positive,ky_nang_giang_day
1852,"cô dạy kỹ , vui tính , quan tâm sinh viên .",positive,hanh_vi
1853,đôi lúc chưa đi sâu vào vấn đề giảng dạy .,negative,ky_nang_giang_day
1854,có nhiều bài vận dụng .,neutral,bai_tap
1855,giảng viên nghỉ 3 ngày không có lý do .,negative,hanh_vi
1856,"giảng viên cung cấp đủ kiến thức cần thiết để hiểu rõ phần lý thuyết để thực hành , có các ví dụ mẫu để sinh viên tham khảo .",positive,ky_nang_giang_day
1856,"giảng viên cung cấp đủ kiến thức cần thiết để hiểu rõ phần lý thuyết để thực hành , có các ví dụ mẫu để sinh viên tham khảo .",positive,kien_thuc
1857,chưa giúp sinh viên có thể làm việc nhóm với nhau .,negative,ky_nang_giang_day
1858,nói chung là thầy quá tuyệt luôn ạ .,positive,hanh_vi
1859,không biết .,neutral,noi_chung
1860,nội dung môn học đầy đủ .,positive,chuong_trinh_hoc
1861,hướng dẫn học sinh giải bài tập tốt .,positive,ky_nang_giang_day
1862,"cảm ơn cô đã nhiệt tình hỗ trợ tụi em , giảng lại các nội dung mà thầy lý thuyết lướt qua .",positive,ky_nang_giang_day
1862,"cảm ơn cô đã nhiệt tình hỗ trợ tụi em , giảng lại các nội dung mà thầy lý thuyết lướt qua .",positive,hanh_vi
1863,cô nói rất nhỏ .,negative,hanh_vi
1864,sử dụng máy chiếu slide ví dụ cụ thể hơn .,neutral,thiet_bi_day_hoc
1864,sử dụng máy chiếu slide ví dụ cụ thể hơn .,neutral,de_xuat
1865,không nắm vững được kiến thức môn học .,negative,kien_thuc
1866,thú vị .,positive,noi_chung
1867,thầy dễ tính .,positive,hanh_vi
1868,"hòa đồng , thân thiện với sinh viên .",positive,hanh_vi
1869,"tận tâm , giảng dạy tốt .",positive,ky_nang_giang_day
1869,"tận tâm , giảng dạy tốt .",positive,hanh_vi
1870,"thầy nhiệt tình , đi dạy đầy đủ , vui vẻ .",positive,hanh_vi
1871,thầy giảng rất hay .,positive,ky_nang_giang_day
1872,"đề nghị cô xem lại tài liệu giảng dạy của mình , slide nên đầu tư kỹ hơn .",negative,cung_cap_tai_lieu
1872,"đề nghị cô xem lại tài liệu giảng dạy của mình , slide nên đầu tư kỹ hơn .",negative,de_xuat
1873,"thầy rất tận tâm , quan tâm tới sinh viên .",positive,hanh_vi
1874,vâng không có ý kiến gì thêm .,neutral,noi_chung
1875,có nhiều kiến thức mở rộng .,positive,kien_thuc
1876,"tránh tình trạng giảng viên đang dạy thì hết phấn , micro hết pin .",negative,thiet_bi_day_hoc
1876,"tránh tình trạng giảng viên đang dạy thì hết phấn , micro hết pin .",neutral,de_xuat
1877,"em thành thật chia sẻ , khoa nên bỏ môn học này .",negative,chuong_trinh_hoc
1877,"em thành thật chia sẻ , khoa nên bỏ môn học này .",neutral,de_xuat
1878,giảng viên chỉ đọc lướt qua slide bài giảng rồi giao bài tập .,negative,ky_nang_giang_day
1879,giáo viên giảng bài hơi khó hiểu và không có tài liệu tham khảo trên moodle .,negative,ky_nang_giang_day
1879,giáo viên giảng bài hơi khó hiểu và không có tài liệu tham khảo trên moodle .,negative,cung_cap_tai_lieu
1880,"giảng dạy nhiệt tình , luôn đổi mới nội dung .",positive,ky_nang_giang_day
1880,"giảng dạy nhiệt tình , luôn đổi mới nội dung .",positive,kien_thuc
1881,"đầu tư phòng lab thực hành trên thiết bị thật , có quy mô .",neutral,thiet_bi_day_hoc
1881,"đầu tư phòng lab thực hành trên thiết bị thật , có quy mô .",positive,de_xuat
1882,hay nhiệt tình năng nổ truyền đạt dễ hiểu .,positive,ky_nang_giang_day
1882,hay nhiệt tình năng nổ truyền đạt dễ hiểu .,positive,hanh_vi
1883,thầy chuẩn bị bài giảng rất đầy đủ .,positive,cung_cap_tai_lieu
1884,"thầy rất vui tính , giảng dạy rất hay !",positive,ky_nang_giang_day
1884,"thầy rất vui tính , giảng dạy rất hay !",positive,hanh_vi
1885,cách dạy hơi khó hiểu .,negative,ky_nang_giang_day
1886,"thầy không nên cho code trước mà nên để sinh viên tự làm , như vậy sinh viên sẽ nhớ lâu hơn .",negative,ky_nang_giang_day
1886,"thầy không nên cho code trước mà nên để sinh viên tự làm , như vậy sinh viên sẽ nhớ lâu hơn .",neutral,de_xuat
1887,cô tận tình .,positive,hanh_vi
1888,hay điểm danh sớm .,positive,hanh_vi
1889,hơi khó tiếp thu .,negative,ky_nang_giang_day
1890,giảng viên cho quá nhiều bài tập nhưng lại ít hướng dẫn và giải .,negative,hanh_vi
1890,giảng viên cho quá nhiều bài tập nhưng lại ít hướng dẫn và giải .,negative,bai_tap
1891,thầy có thể giảng sâu hơn về trọng tâm của bài hơn một chút nữa được không ạ .,neutral,ky_nang_giang_day
1891,thầy có thể giảng sâu hơn về trọng tâm của bài hơn một chút nữa được không ạ .,neutral,de_xuat
1892,cô quá tuyệt vời .,positive,hanh_vi
1893,nhưng thầy cũng cho thời gian hỏi lại những điều chưa hiểu .,positive,hanh_vi
1894,"phòng thực hành thì máy bị treo , bị hư hoài , dây mạng thì cắm lúc nhận lúc không .",negative,thiet_bi_day_hoc
1895,giảng viên đã dạy tốt .,positive,ky_nang_giang_day
1896,"buổi học trước buổi cuối cùng của môn học cô wzjwz48 có dặn tuần sau có đi học , ai muốn đi thì đi , không đi cũng không sao vì buổi đó không điểm danh nhưng khi đến lớp thì không có ai dạy .",negative,hanh_vi
1897,thầy dạy rất hay và rất vui .,positive,ky_nang_giang_day
1897,thầy dạy rất hay và rất vui .,positive,hanh_vi
1898,thực hành chỉ cần sử dụng hình thức 2 .,neutral,de_xuat
1899,nên có thêm ví dụ cụ thể của giảng viên cho từng dạng toán thay vì chỉ sửa bài tập của sinh viên .,neutral,ky_nang_giang_day
1899,nên có thêm ví dụ cụ thể của giảng viên cho từng dạng toán thay vì chỉ sửa bài tập của sinh viên .,positive,de_xuat
1900,"em hy vọng là nội dung bài học sẽ cập nhật các phiên bản công nghệ mới , gần đây nhất .",neutral,chuong_trinh_hoc
1900,"em hy vọng là nội dung bài học sẽ cập nhật các phiên bản công nghệ mới , gần đây nhất .",neutral,de_xuat
1901,lấy ví dụ từ thực tế dễ hiểu !,positive,ky_nang_giang_day
1901,lấy ví dụ từ thực tế dễ hiểu !,positive,kinh_nghiem
1902,"thầy nên cập nhật những kiến thức mới , thay vì vẫn sử dụng những nội dung kiến thức cũ .",negative,kien_thuc
1902,"thầy nên cập nhật những kiến thức mới , thay vì vẫn sử dụng những nội dung kiến thức cũ .",positive,de_xuat
1903,"giảng dạy tích cực , hiệu quả .",positive,ky_nang_giang_day
1904,"thầy rất vui tính , có thể do thầy trẻ nên thầy hiểu được tụi em và có phương pháp dạy khá trẻ trung và hay .",positive,ky_nang_giang_day
1904,"thầy rất vui tính , có thể do thầy trẻ nên thầy hiểu được tụi em và có phương pháp dạy khá trẻ trung và hay .",positive,hanh_vi
1905,thầy giảng dạy nhiệt tình và bổ sung những kiến thức khác cần thiết cho sinh viên .,positive,hanh_vi
1905,thầy giảng dạy nhiệt tình và bổ sung những kiến thức khác cần thiết cho sinh viên .,positive,kien_thuc
1906,"thầy dạy nhiệt tình , gần gũi , vui vẻ trong buổi học .",positive,hanh_vi
1907,nên có kho tài liệu và bài tập mẫu cho sinh viên tham khảo .,negative,bai_tap
1907,nên có kho tài liệu và bài tập mẫu cho sinh viên tham khảo .,negative,cung_cap_tai_lieu
1907,nên có kho tài liệu và bài tập mẫu cho sinh viên tham khảo .,neutral,de_xuat
1908,"cô dạy hay , tận tâm với công việc .",positive,ky_nang_giang_day
1908,"cô dạy hay , tận tâm với công việc .",positive,hanh_vi
1909,thầy lúc nào cũng chỉ nghĩ cho thầy chứ không nghĩ cho người khác .,negative,hanh_vi
1910,rất thân thiện .,positive,hanh_vi
1911,"cô giảng lý thuyết quá nhanh làm em và nhiều bạn khác không nắm kịp , chủ yếu là về xem lại tài liệu mới hiểu được cơ bản , còn ở trên lớp thì chỉ sơ sơ .",negative,ky_nang_giang_day
1912,hay điểm danh .,positive,noi_chung
1913,không đúng giờ lên lớp .,negative,hanh_vi
1914,nhiệt tình tận tâm và vui vẻ .,positive,hanh_vi
1915,"các bài tập của nhóm đều tự làm , hoặc có tham khảo số liệu thống kê để phân tích thị trường nhưng lại làm tỉ lệ sao chép theo thuật toán của turnitindotcom > 30% ( theo thầy nói bài > 30 % sẽ bị 0 điểm ) .",negative,bai_tap
1915,"các bài tập của nhóm đều tự làm , hoặc có tham khảo số liệu thống kê để phân tích thị trường nhưng lại làm tỉ lệ sao chép theo thuật toán của turnitindotcom > 30% ( theo thầy nói bài > 30 % sẽ bị 0 điểm ) .",negative,cham_diem
1916,cần cho sinh viên làm bài tập nhiều hơn .,negative,bai_tap
1916,cần cho sinh viên làm bài tập nhiều hơn .,neutral,de_xuat
1917,thầy giảng bài khá dễ hiểu .,positive,ky_nang_giang_day
1918,"theo em thì trường nên tổ chức thêm những buổi seminar về các phần mềm , giới thiệu về các hướng phát triển phần mềm trong bộ môn này .",neutral,de_xuat
1919,"giảng viên dạy hơi nhanh , đôi lúc không bắt kịp bài .",negative,ky_nang_giang_day
1920,"giải thích rõ vấn đề , hướng dẫn rõ .",positive,ky_nang_giang_day
1921,"chất lượng giảng dạy tốt , tâm huyết nhiệt tình .",positive,ky_nang_giang_day
1921,"chất lượng giảng dạy tốt , tâm huyết nhiệt tình .",positive,hanh_vi
1922,"thầy dạy hay , dễ hiểu , có nhiều kiến thức bổ xung hay .",positive,ky_nang_giang_day
1922,"thầy dạy hay , dễ hiểu , có nhiều kiến thức bổ xung hay .",positive,kien_thuc
1923,đề thi cuối kỳ quá dài so với thời gian kiểm tra .,negative,cham_diem
1924,cần có các bài tập thực tiễn hơn .,negative,bai_tap
1924,cần có các bài tập thực tiễn hơn .,neutral,de_xuat
1925,thầy luôn đúng giờ .,positive,hanh_vi
1926,phương pháp giảng dạy của giảng viên giúp anh fraction chị hiểu được và vận dụng được kiến thức .,positive,ky_nang_giang_day
1927,"kiến thức thực hành không song song với lý thuyết , một số bài thực hành với kiến thức có khi trước cả khi được học ở lớp lý thuyết .",negative,kinh_nghiem
1927,"kiến thức thực hành không song song với lý thuyết , một số bài thực hành với kiến thức có khi trước cả khi được học ở lớp lý thuyết .",negative,kien_thuc
1928,cô giảng bài rất nhiệt tình !,positive,hanh_vi
1929,"đảm bảo giờ lên lớp , truyền đạt hiệu quả , tích cực .",positive,ky_nang_giang_day
1929,"đảm bảo giờ lên lớp , truyền đạt hiệu quả , tích cực .",positive,hanh_vi
1930,"nên trang bị thêm các lớp thực hành để sinh viên có cơ hội thao tác trên thực tế nhà trường nên trang bị rèm cửa sổ để tránh ánh sáng làm mờ máy chiếu , gây khó khăn trong việc báo cáo đồ án cũng như dạy học .",negative,chuong_trinh_hoc
1930,"nên trang bị thêm các lớp thực hành để sinh viên có cơ hội thao tác trên thực tế nhà trường nên trang bị rèm cửa sổ để tránh ánh sáng làm mờ máy chiếu , gây khó khăn trong việc báo cáo đồ án cũng như dạy học .",negative,thiet_bi_day_hoc
1930,"nên trang bị thêm các lớp thực hành để sinh viên có cơ hội thao tác trên thực tế nhà trường nên trang bị rèm cửa sổ để tránh ánh sáng làm mờ máy chiếu , gây khó khăn trong việc báo cáo đồ án cũng như dạy học .",neutral,de_xuat
1931,nội dung thực hành và lý thuyết phải sát nhau .,negative,chuong_trinh_hoc
1931,nội dung thực hành và lý thuyết phải sát nhau .,neutral,de_xuat
1932,nhiệt tình giải thích cho sinh viên .,positive,hanh_vi
1933,"giảng dạy tận tình , giải đáp thắc mắc thường xuyên .",positive,ky_nang_giang_day
1933,"giảng dạy tận tình , giải đáp thắc mắc thường xuyên .",positive,hanh_vi
1934,"nhiệt tình , tâm huyết !",positive,hanh_vi
1935,thầy cô đảm bảo thời gian lên lớp .,positive,hanh_vi
1936,"máy chiếu khá mờ , âm thanh gặp nhiều vấn đề trục trặc .",negative,thiet_bi_day_hoc
1937,điều em hài lòng nhất đó là giảng viên nhiệt tình va luôn tạo được cảm giác hứng thú khi mà học tiếng anh .,positive,ky_nang_giang_day
1937,điều em hài lòng nhất đó là giảng viên nhiệt tình va luôn tạo được cảm giác hứng thú khi mà học tiếng anh .,positive,hanh_vi
1938,"giảng viên giảng dạy nhiệt tình , dễ hiểu .",positive,ky_nang_giang_day
1938,"giảng viên giảng dạy nhiệt tình , dễ hiểu .",positive,hanh_vi
1939,cần có các thiết bị thực hành đầy đủ .,negative,thiet_bi_day_hoc
1939,cần có các thiết bị thực hành đầy đủ .,neutral,de_xuat
1940,mấy cái khảo sát trước em tưởng một là tốt nhất nên đánh nhầm rồi ạ .,negative,noi_chung
1941,thầy khá dễ .,positive,ky_nang_giang_day
1942,"phong cách dạy của thầy làm cho sinh viên thấy gần gũi , tạo cảm giác nắm bắt , hiểu được bài giảng tốt hơn .",positive,ky_nang_giang_day
1943,cho bài tập cụ thể .,negative,bai_tap
1943,cho bài tập cụ thể .,positive,de_xuat
1944,chỉ bảo sinh viên ở từng lỗi nhỏ .,neutral,hanh_vi
1945,và có một số vấn đề thầy khó hiểu .,negative,ky_nang_giang_day
1946,"thầy dạy rất nhiệt tình , rất tâm huyết , ôn tập rất kỹ .",positive,ky_nang_giang_day
1946,"thầy dạy rất nhiệt tình , rất tâm huyết , ôn tập rất kỹ .",positive,hanh_vi
1947,"sinh viên đến lớp mà không thấy giáo viên , rồi bị đuổi về .",negative,hanh_vi
1948,"tận tâm , nhiệt tình với sinh viên .",positive,hanh_vi
1949,"lịch dạy học thay đổi liên tục , không cố định .",negative,chuong_trinh_hoc
1950,cô giảng nhiệt tình .,positive,hanh_vi
1951,cho sinh viên làm nhiều bài tập từ dễ đến khó để hiểu bài .,positive,bai_tap
1952,em thấy thầy dạy hay hơn thầy wzjwz301 hi hi .,positive,ky_nang_giang_day
1953,cần giải thêm nhiều bài tập và các đề ôn thi !,negative,bai_tap
1953,cần giải thêm nhiều bài tập và các đề ôn thi !,positive,de_xuat
1954,giáo viên nên có định hướng cho sinh viên trong việc chọn đề tài nghiên cứu .,negative,hanh_vi
1954,giáo viên nên có định hướng cho sinh viên trong việc chọn đề tài nghiên cứu .,neutral,de_xuat
1955,"môn học chỉ đề cập các vấn đề chung của một ngôn ngữ hướng đối tượng đã học ở môn lập trình hướng đối tượng , lập trình windows , đa luồng , đồ họa .",negative,chuong_trinh_hoc
1956,slide dễ nhìn .,positive,cung_cap_tai_lieu
1957,có nhiều tài liệu hay .,positive,cung_cap_tai_lieu
1958,thầy dạy vô cùng chán và không có tâm huyết .,negative,ky_nang_giang_day
1958,thầy dạy vô cùng chán và không có tâm huyết .,negative,hanh_vi
1959,nên nâng cấp và bảo trì các phòng máy cũ thường xuyên hơn .,negative,thiet_bi_day_hoc
1959,nên nâng cấp và bảo trì các phòng máy cũ thường xuyên hơn .,neutral,de_xuat
1960,thầy rất hiểu tâm lý của sinh viên .,positive,hanh_vi
1961,giảng viên nhiệt tình giảng dạy và giải đáp thắc mắc của sinh viên .,positive,ky_nang_giang_day
1961,giảng viên nhiệt tình giảng dạy và giải đáp thắc mắc của sinh viên .,positive,hanh_vi
1962,thầy giảng còn hơi khó hiểu khó tiếp thu .,negative,ky_nang_giang_day
1963,đề thực hành quá khó .,negative,bai_tap
1964,thầy dạy có tâm .,positive,hanh_vi
1965,"nhiều cái đọc không thể hiểu nổi , phải mở sách tiếng anh ra đọc mới hiểu .",negative,cung_cap_tai_lieu
1966,chưa thấy giáo viên bao giờ .,negative,hanh_vi
1967,sử dụng song ngữ nên dễ hiểu .,positive,ky_nang_giang_day
1968,"thầy ơi giảng bài tự tin lên thầy , nói nhiều khi nhỏ quá không ai nghe được .",negative,ky_nang_giang_day
1969,mang tính thực tế .,neutral,kinh_nghiem
1970,"tập trung giảng dạy những kiến thức có ích cho chuyên ngành sau này hơn , những kiến thức không quan trọng nên bỏ qua hoặc dạy lướt qua .",positive,kien_thuc
1970,"tập trung giảng dạy những kiến thức có ích cho chuyên ngành sau này hơn , những kiến thức không quan trọng nên bỏ qua hoặc dạy lướt qua .",neutral,de_xuat
1971,dạy quá tệ .,negative,ky_nang_giang_day
1972,"giáo viên rất vui tính , niềm nở với học sinh .",positive,hanh_vi
1973,"hướng dẫn làm đồ án môn học chưa chi tiết , cảm thấy lý thuyết và thực hành không liên quan nhiều đến nhau .",negative,kinh_nghiem
1973,"hướng dẫn làm đồ án môn học chưa chi tiết , cảm thấy lý thuyết và thực hành không liên quan nhiều đến nhau .",negative,bai_tap
1974,"thường xuyên vắng mặt , sinh viên đến học không có giảng viên , không rõ lý do , không có bất cứ thông báo nào trước , gây lãng phí thời gian , chi phí đi lại của sinh viên .",negative,hanh_vi
1975,phải nâng cấp phòng máy .,neutral,thiet_bi_day_hoc
1975,phải nâng cấp phòng máy .,neutral,de_xuat
1976,"thầy dạy rất hay , cảm ơn thầy ạ .",positive,ky_nang_giang_day
1977,"phương pháp giảng dạy chưa được tốt , cần phải cụ thể hơn để cho sinh viên dễ hiểu hơn nữa .",negative,ky_nang_giang_day
1977,"phương pháp giảng dạy chưa được tốt , cần phải cụ thể hơn để cho sinh viên dễ hiểu hơn nữa .",negative,de_xuat
1978,số buổi ôn tập còn ít .,negative,chuong_trinh_hoc
1979,cô rất nhiệt tình khi chỉ và dạy .,positive,hanh_vi
1980,"thầy thường hay cho từ khóa để tăng khả năng tự học của sinh viên , giúp sinh viên có ý thức tự học suốt đời .",positive,ky_nang_giang_day
1980,"thầy thường hay cho từ khóa để tăng khả năng tự học của sinh viên , giúp sinh viên có ý thức tự học suốt đời .",positive,hanh_vi
1981,rèn luyện tư duy .,neutral,noi_chung
1982,"chính vì lẽ đó , mong nhà trường có thể đòi lại quyền lợi cho sinh viên .",neutral,de_xuat
1983,seminar quá nhiều .,negative,chuong_trinh_hoc
1984,"cô dạy cực kỳ nhiệt tình , hiểu tâm lý học sinh , cách giảng bài hay .",positive,ky_nang_giang_day
1984,"cô dạy cực kỳ nhiệt tình , hiểu tâm lý học sinh , cách giảng bài hay .",positive,hanh_vi
1985,liên hệ đến thực tiễn .,neutral,kinh_nghiem
1986,thầy sử dụng bảng và liên tục ghi chép từ tài liệu trong khoảng 60% thời gian đứng lớp làm tiết học rất chán và buồn ngủ .,negative,ky_nang_giang_day
1987,"giảng viên dạy học cực kỳ tận tình , cô wzjwz270 có giải đề và lưu ý trước khi thi cho cả lớp , cô cũng chỉnh sửa đồ án cho những nhóm trình bày để hoàn thiện hơn đồ án của các nhóm colonsmile .",positive,ky_nang_giang_day
1987,"giảng viên dạy học cực kỳ tận tình , cô wzjwz270 có giải đề và lưu ý trước khi thi cho cả lớp , cô cũng chỉnh sửa đồ án cho những nhóm trình bày để hoàn thiện hơn đồ án của các nhóm colonsmile .",positive,hanh_vi
1988,"thưa , thầy thực sự chuyên tâm trong quá trình giảng dạy và các bài tập thầy đưa rất bổ ích , mang tính thực tiễn .",positive,ky_nang_giang_day
1988,"thưa , thầy thực sự chuyên tâm trong quá trình giảng dạy và các bài tập thầy đưa rất bổ ích , mang tính thực tiễn .",positive,kinh_nghiem
1988,"thưa , thầy thực sự chuyên tâm trong quá trình giảng dạy và các bài tập thầy đưa rất bổ ích , mang tính thực tiễn .",positive,hanh_vi
1988,"thưa , thầy thực sự chuyên tâm trong quá trình giảng dạy và các bài tập thầy đưa rất bổ ích , mang tính thực tiễn .",positive,bai_tap
1989,thay đổi cách truyền đạt để môn học ít nhàm chán hơn .,negative,ky_nang_giang_day
1989,thay đổi cách truyền đạt để môn học ít nhàm chán hơn .,positive,de_xuat
1990,"phương pháp giảng dạy rất hay , nhiệt tình .",positive,ky_nang_giang_day
1991,"cô rất chu đáo , nhiệt tình .",positive,hanh_vi
1992,cần có bài giảng trên slide và nhiều ví dụ hơn .,negative,kinh_nghiem
1992,cần có bài giảng trên slide và nhiều ví dụ hơn .,negative,cung_cap_tai_lieu
1992,cần có bài giảng trên slide và nhiều ví dụ hơn .,neutral,de_xuat
1993,"giảng viên giảng dạy nhiệt tình , giải đáp được thắc mắc của sinh viên .",positive,ky_nang_giang_day
1993,"giảng viên giảng dạy nhiệt tình , giải đáp được thắc mắc của sinh viên .",positive,hanh_vi
1994,"môn học rất khó , giảng viên nên giải nhiều bài tập trên lớp hơn .",negative,ky_nang_giang_day
1994,"môn học rất khó , giảng viên nên giải nhiều bài tập trên lớp hơn .",neutral,de_xuat
1995,"giảng viên dạy cực kỳ nhiệt tình , dễ hiểu , lớp học sôi nổi , đạt hiệu quả cao .",positive,ky_nang_giang_day
1995,"giảng viên dạy cực kỳ nhiệt tình , dễ hiểu , lớp học sôi nổi , đạt hiệu quả cao .",positive,hanh_vi
1996,"giảng viên quan tâm tận tình tới sinh viên , truyền đạt hiệu quả .",positive,ky_nang_giang_day
1996,"giảng viên quan tâm tận tình tới sinh viên , truyền đạt hiệu quả .",positive,hanh_vi
1997,"odoo còn quá rộng , khó sử dụng , chưa hiểu hết được các chức năng cần dùng cho đồ án như pos .",negative,ky_nang_giang_day
1998,"thầy chú trọng dạy những quy ước , nguyên tắc khi code để code rõ ràng , dễ hiểu .",positive,ky_nang_giang_day
1999,"chứ như tình trạng hiện tại là môn thực hành học trước , qua kỳ sau mới được học lý thuyết thì mất đi tính tiếp nối kiến thức trong quá trình học .",negative,chuong_trinh_hoc