id,text,sentiment,aspect
1,dạy quá thời gian quy định .,negative,ky_nang_giang_day
2,"giảng viên dạy dễ hiểu , vui tính .",positive,ky_nang_giang_day
2,"giảng viên dạy dễ hiểu , vui tính .",positive,hanh_vi
3,"thầy dạy khá nâng cao , một số tụi em học không kịp .",negative,ky_nang_giang_day
4,sinh viên cần nhiều hơn những bài như vậy .,negative,bai_tap
4,sinh viên cần nhiều hơn những bài như vậy .,negative,de_xuat
5,thầy tận dụng tốt thời gian và truyền đạt ý tưởng cũng như niềm vui học oop .,positive,ky_nang_giang_day
6,cần có nền tảng trước khi xây dựng cả một website .,negative,kien_thuc
6,cần có nền tảng trước khi xây dựng cả một website .,neutral,de_xuat
7,giảng viên dạy hay .,positive,ky_nang_giang_day
8,thầy truyền tải đầy đủ kiến thức .,positive,ky_nang_giang_day
8,thầy truyền tải đầy đủ kiến thức .,positive,kien_thuc
9,"máy chiếu quá mờ , đề nghị thay đổi .",negative,thiet_bi_day_hoc
9,"máy chiếu quá mờ , đề nghị thay đổi .",neutral,de_xuat
10,"giảng viên giảng dạy dễ hiểu , cho bài tập và ví dụ hay , sát với bài .",positive,ky_nang_giang_day
10,"giảng viên giảng dạy dễ hiểu , cho bài tập và ví dụ hay , sát với bài .",positive,kinh_nghiem
10,"giảng viên giảng dạy dễ hiểu , cho bài tập và ví dụ hay , sát với bài .",positive,bai_tap
11,giảng bài kém hiệu quả .,negative,ky_nang_giang_day
12,rất hữu ích .,positive,noi_chung
13,"lại dùng visual studio 2005 nên tôi xin có ý kiến về việc nâng cấp bản visual studio lên 2008 , 2010 để việc học và thi trở nên dễ dàng , hiệu quả hơn !",negative,thiet_bi_day_hoc
13,"lại dùng visual studio 2005 nên tôi xin có ý kiến về việc nâng cấp bản visual studio lên 2008 , 2010 để việc học và thi trở nên dễ dàng , hiệu quả hơn !",neutral,de_xuat
14,"cô nhiệt tình , dạy hay , nhiều bài tập .",positive,ky_nang_giang_day
14,"cô nhiệt tình , dạy hay , nhiều bài tập .",positive,hanh_vi
14,"cô nhiệt tình , dạy hay , nhiều bài tập .",neutral,bai_tap
15,chưa truyền đạt kiến thức một cách hiệu quả nhất .,negative,ky_nang_giang_day
16,thầy vui vẻ dạy dễ hiểu .,positive,ky_nang_giang_day
16,thầy vui vẻ dạy dễ hiểu .,positive,hanh_vi
17,chất lượng phòng thực hành quá kém .,negative,thiet_bi_day_hoc
18,cách dạy nhàm chán .,negative,ky_nang_giang_day
19,"thầy đưa ra những ví dụ rất nhạy cảm , đặc biệt là đối với những bạn nữ .",negative,hanh_vi
20,"thầy dạy hay , quan tâm học sinh , nhiệt tình .",positive,ky_nang_giang_day
20,"thầy dạy hay , quan tâm học sinh , nhiệt tình .",positive,hanh_vi
21,cô dạy có phần hơi nhanh .,negative,ky_nang_giang_day
22,chưa nhận được sự hỗ trợ kịp thời từ giảng viên .,negative,hanh_vi
23,giáo viên tốt và nhiều năng lượng .,positive,hanh_vi
24,"thầy dạy dạy hay , nhiệt tình , vui vẻ .",positive,ky_nang_giang_day
24,"thầy dạy dạy hay , nhiệt tình , vui vẻ .",positive,hanh_vi
25,"giáo viên thân thiện , giảng giải dễ hiểu .",positive,ky_nang_giang_day
25,"giáo viên thân thiện , giảng giải dễ hiểu .",positive,hanh_vi
26,thầy hay đi muộn .,negative,hanh_vi
27,cách giảng dạy của thầy rất tuyệt vời rất sát với thực tế .,positive,ky_nang_giang_day
27,cách giảng dạy của thầy rất tuyệt vời rất sát với thực tế .,positive,kinh_nghiem
28,"vui , nhiệt tình với sinh viên , tận tâm giúp đỡ sinh viên .",positive,hanh_vi
29,"giảng viên dạy dễ hiểu , phát âm chuẩn và thường tương tác với sinh viên trong buổi học .",positive,ky_nang_giang_day
29,"giảng viên dạy dễ hiểu , phát âm chuẩn và thường tương tác với sinh viên trong buổi học .",positive,hanh_vi
30,"quan tâm đến học , giảng dạy tận tâm , dễ hiểu .",positive,ky_nang_giang_day
30,"quan tâm đến học , giảng dạy tận tâm , dễ hiểu .",positive,hanh_vi
31,"thầy dạy tốt , có lượng kiến thức chất lượng cho sinh viên .",positive,ky_nang_giang_day
31,"thầy dạy tốt , có lượng kiến thức chất lượng cho sinh viên .",positive,kien_thuc
32,ra các dạng của đề thi !,neutral,de_xuat
33,"thầy có tâm huyết trong việc giảng dạy , sẵn sàng giảng lại những kiến thức chưa rõ .",positive,ky_nang_giang_day
33,"thầy có tâm huyết trong việc giảng dạy , sẵn sàng giảng lại những kiến thức chưa rõ .",positive,hanh_vi
34,môn bài tập ta thường học trong phòng với đồ lau bảng không sạch làm ảnh hưởng đến các bài tập tiếp theo khi các bạn làm đè lên phần bôi chưa sạch .,negative,bai_tap
34,môn bài tập ta thường học trong phòng với đồ lau bảng không sạch làm ảnh hưởng đến các bài tập tiếp theo khi các bạn làm đè lên phần bôi chưa sạch .,negative,thiet_bi_day_hoc
35,mong cô có thể giảng dạy nội dung dễ hiểu hơn .,negative,ky_nang_giang_day
35,mong cô có thể giảng dạy nội dung dễ hiểu hơn .,neutral,de_xuat
36,đi dạy đúng giờ và bù đủ số buổi vắng .,positive,hanh_vi
37,quan tâm đến nhiều sinh viên hơn vì trong lớp trình độ khá chênh lệch mà cũng không quá nhiều sinh viên .,negative,hanh_vi
37,quan tâm đến nhiều sinh viên hơn vì trong lớp trình độ khá chênh lệch mà cũng không quá nhiều sinh viên .,negative,de_xuat
38,"mỗi học kỳ có thể là đồ án khác nhau cho toàn bộ sinh viên để doubledot tránh tình trạng "" xào "" lại các đồ án cũ, nên có chung một quy tắc chuẩn để chấm điểm cho sinh viên .",negative,bai_tap
38,"mỗi học kỳ có thể là đồ án khác nhau cho toàn bộ sinh viên để doubledot tránh tình trạng "" xào "" lại các đồ án cũ, nên có chung một quy tắc chuẩn để chấm điểm cho sinh viên .",negative,cham_diem
38,"mỗi học kỳ có thể là đồ án khác nhau cho toàn bộ sinh viên để doubledot tránh tình trạng "" xào "" lại các đồ án cũ, nên có chung một quy tắc chuẩn để chấm điểm cho sinh viên .",negative,de_xuat
39,cô dạy rất tâm huyết và hiệu quả .,positive,ky_nang_giang_day
39,cô dạy rất tâm huyết và hiệu quả .,positive,hanh_vi
40,tuân thủ đúng giờ học .,positive,hanh_vi
41,không có ý kiến thêm .,neutral,noi_chung
42,buổi nào cũng muộn hơn 15 phút .,negative,hanh_vi
43,giảng bài .,neutral,noi_chung
44,"giảng viên rất tận tâm , nhiệt tình .",positive,hanh_vi
45,"bỏ môn này hoặc đưa ra chương trình học đơn giản , dễ hiểu hơn cho sinh viên , nắm chắc còn hơn học nhiều mà chẳng được bao nhiêu .",negative,chuong_trinh_hoc
45,"bỏ môn này hoặc đưa ra chương trình học đơn giản , dễ hiểu hơn cho sinh viên , nắm chắc còn hơn học nhiều mà chẳng được bao nhiêu .",neutral,de_xuat
46,"giáo viên nên giảng bài cho học sinh , không nên ngồi để học sinh tự nghiên cứu .",negative,ky_nang_giang_day
46,"giáo viên nên giảng bài cho học sinh , không nên ngồi để học sinh tự nghiên cứu .",negative,hanh_vi
46,"giáo viên nên giảng bài cho học sinh , không nên ngồi để học sinh tự nghiên cứu .",neutral,de_xuat
47,hay cho nghỉ liên tục vì đi công tác .,neutral,de_xuat
48,thầy thân thiện vầ nhiệt tình .,positive,hanh_vi
49,anh văn là môn học quá khó đối với em .,negative,chuong_trinh_hoc
50,cho nhiều bài tập để học tập cũng như ôn thi .,positive,bai_tap
51,hồ bơi bẩn .,negative,thiet_bi_day_hoc
52,"thầy rất thẳng thắng trong các cuộc nói chuyện , giảng bài , điểm thi .",positive,ky_nang_giang_day
52,"thầy rất thẳng thắng trong các cuộc nói chuyện , giảng bài , điểm thi .",positive,hanh_vi
52,"thầy rất thẳng thắng trong các cuộc nói chuyện , giảng bài , điểm thi .",positive,cham_diem
53,còn trong bài thầy dạy hơi nâng cao nên không kịp tiến độ chương trình học .,negative,ky_nang_giang_day
53,còn trong bài thầy dạy hơi nâng cao nên không kịp tiến độ chương trình học .,negative,chuong_trinh_hoc
54,"dạy nhiệt tình , hướng dẫn dễ hiểu .",positive,ky_nang_giang_day
54,"dạy nhiệt tình , hướng dẫn dễ hiểu .",positive,hanh_vi
55,tới khi đi làm thì không chuyên về lĩnh vực nào .,negative,noi_chung
56,có thêm các đồ án mang tính chất sáng tạo .,negative,bai_tap
56,có thêm các đồ án mang tính chất sáng tạo .,neutral,de_xuat
57,thầy sử dụng tiếng anh để sinh viên làm quen tên các thiết bị .,neutral,ky_nang_giang_day
58,"giảng viên nhiệt tình , vui vẻ , giải đáp hết mọi thắc mắc sinh viên .",positive,hanh_vi
59,nên gắn chặt hơn nữa môn học với thực tiễn .,negative,chuong_trinh_hoc
59,nên gắn chặt hơn nữa môn học với thực tiễn .,neutral,de_xuat
60,mặc dù không được gặp giảng viên trong học kỳ qua nhưng em cũng đã cơ bản hoàn thành được đồ án .,negative,hanh_vi
60,mặc dù không được gặp giảng viên trong học kỳ qua nhưng em cũng đã cơ bản hoàn thành được đồ án .,neutral,bai_tap
61,bài tập về nhà quá ít .,negative,bai_tap
62,các phòng máy nên được cài đặt phần mềm liên quan đầy đủ hơn .,negative,thiet_bi_day_hoc
62,các phòng máy nên được cài đặt phần mềm liên quan đầy đủ hơn .,neutral,de_xuat
63,"cô là giáo viên rất nhiệt tình với sinh viên , mong cô cứ như vậy hoài .",positive,hanh_vi
63,"cô là giáo viên rất nhiệt tình với sinh viên , mong cô cứ như vậy hoài .",positive,de_xuat
64,"cô giáo tận tâm , nhiệt tình .",positive,hanh_vi
65,giảng viên cho nhiều bài tập để làm .,neutral,bai_tap
66,thầy giảng thực tế vào bài tập .,positive,ky_nang_giang_day
67,chưa thấy rõ mục tiêu của môn học .,negative,chuong_trinh_hoc
68,thầy để tụi em tự tìm hiểu cũng là một cách hay nhưng hơi khó đối với tụi em .,neutral,ky_nang_giang_day
69,nhiều kiến thức nói nhanh và khó hiểu .,negative,ky_nang_giang_day
70,"thầy dạy hay , cách dạy thu hút và thầy rất tâm huyết , giỏi , kiến thức sâu rộng , có phương pháp dạy khoa học , dễ hiểu .",positive,ky_nang_giang_day
70,"thầy dạy hay , cách dạy thu hút và thầy rất tâm huyết , giỏi , kiến thức sâu rộng , có phương pháp dạy khoa học , dễ hiểu .",positive,hanh_vi
70,"thầy dạy hay , cách dạy thu hút và thầy rất tâm huyết , giỏi , kiến thức sâu rộng , có phương pháp dạy khoa học , dễ hiểu .",positive,kien_thuc
71,cập nhật giáo trình chung để giảng dạy môn học .,neutral,cung_cap_tai_lieu
71,cập nhật giáo trình chung để giảng dạy môn học .,neutral,chuong_trinh_hoc
71,cập nhật giáo trình chung để giảng dạy môn học .,neutral,de_xuat
72,cần cho slide về đọc .,neutral,cung_cap_tai_lieu
72,cần cho slide về đọc .,neutral,de_xuat
73,cô dạy rất nhiệt tình và chi tiết .,positive,ky_nang_giang_day
73,cô dạy rất nhiệt tình và chi tiết .,positive,hanh_vi
74,cách dạy vẫn như kiểu cũ không có tính hiệu quả cao .,negative,ky_nang_giang_day
75,"giảng viên nhiệt tình , có tâm .",positive,hanh_vi
76,giảng viên không nhiệt tình và tận tâm .,negative,hanh_vi
77,giải đáp thắc mắc và không bao giờ dạy hụt bài .,positive,ky_nang_giang_day
77,giải đáp thắc mắc và không bao giờ dạy hụt bài .,positive,hanh_vi
78,chương trình học dường như quá nặng .,negative,chuong_trinh_hoc
79,nhiệt tình trong công việc .,positive,hanh_vi
80,"thầy vào lớp trễ , kéo dài thời gian dạy học qua tiết trống , dạy không đúng với trọng tâm ra đề thi , chấm điểm cuối kỳ quá chậm .",negative,ky_nang_giang_day
80,"thầy vào lớp trễ , kéo dài thời gian dạy học qua tiết trống , dạy không đúng với trọng tâm ra đề thi , chấm điểm cuối kỳ quá chậm .",negative,hanh_vi
80,"thầy vào lớp trễ , kéo dài thời gian dạy học qua tiết trống , dạy không đúng với trọng tâm ra đề thi , chấm điểm cuối kỳ quá chậm .",negative,cham_diem
81,thầy nói rõ .,positive,ky_nang_giang_day
82,"giảng viên khó tính , thỉnh thoảng lớn tiếng với sinh viên , không tôn trọng ý kiến của sinh viên .",negative,hanh_vi
83,em rất hài lòng về giờ thực hành này .,positive,kinh_nghiem
84,thầy thường xuyên bận việc đột xuất và báo nghỉ sát giờ .,negative,hanh_vi
85,nên có nhiều môn học hơn .,negative,chuong_trinh_hoc
85,nên có nhiều môn học hơn .,negative,de_xuat
86,"thường xuyên kiểm tra kiến thức sinh viên , đảm bảo được chất lượng kiến thức môn học .",positive,ky_nang_giang_day
86,"thường xuyên kiểm tra kiến thức sinh viên , đảm bảo được chất lượng kiến thức môn học .",positive,kien_thuc
87,"thầy dạy hay , nhiệt tình , vui vẻ , cho đề dễ .",positive,ky_nang_giang_day
87,"thầy dạy hay , nhiệt tình , vui vẻ , cho đề dễ .",positive,hanh_vi
87,"thầy dạy hay , nhiệt tình , vui vẻ , cho đề dễ .",positive,bai_tap
88,thầy giảng dễ hiểu và quan tâm học sinh .,positive,ky_nang_giang_day
88,thầy giảng dễ hiểu và quan tâm học sinh .,positive,hanh_vi
89,giảng viên cần sử dụng thời gian trên lớp hiệu quả hơn .,negative,ky_nang_giang_day
89,giảng viên cần sử dụng thời gian trên lớp hiệu quả hơn .,neutral,de_xuat
90,cần hiểu rõ thêm cách kết nối prolog với c .,negative,kien_thuc
90,cần hiểu rõ thêm cách kết nối prolog với c .,neutral,de_xuat
91,cô giảng bài nhanh quá colonsad .,negative,ky_nang_giang_day
92,"giảng viên nhiệt tình với sinh viên , ví dụ sinh động dễ hiểu .",positive,ky_nang_giang_day
92,"giảng viên nhiệt tình với sinh viên , ví dụ sinh động dễ hiểu .",positive,hanh_vi
93,"giảng viên giảng dạy dễ hiểu , kỹ càng , tận tâm trong giải thích và dạy học .",positive,ky_nang_giang_day
93,"giảng viên giảng dạy dễ hiểu , kỹ càng , tận tâm trong giải thích và dạy học .",positive,hanh_vi
94,"giảng viên giảng dạy rất nhiệt tình , luôn đến lớp đúng giờ , quan tâm đến việc học tập của sinh viên .",positive,hanh_vi
95,chương trình học khá nhiều không có thời gian làm bài tập để hiểu hơn về môn học .,negative,bai_tap
95,chương trình học khá nhiều không có thời gian làm bài tập để hiểu hơn về môn học .,negative,chuong_trinh_hoc
96,nhưng mà thầy hơi nghiêm khắc và khó tính .,negative,hanh_vi
97,"thầy dạy tận tâm , nhiệt tình , tâm huyết , vui tính .",positive,hanh_vi
98,gửi mail mà không thấy cô trả lời .,negative,hanh_vi
99,"cô tận tình , dạy dễ hiểu , không gây áp lực cho sinh viên .",positive,ky_nang_giang_day
99,"cô tận tình , dạy dễ hiểu , không gây áp lực cho sinh viên .",positive,hanh_vi
100,giảng viên nên viết bài làm nên bảng sau khi cho sinh viên nên chữa vì chữ các sinh viên nhỏ khiến các sinh viên khác không chép được bài về học .,negative,ky_nang_giang_day
100,giảng viên nên viết bài làm nên bảng sau khi cho sinh viên nên chữa vì chữ các sinh viên nhỏ khiến các sinh viên khác không chép được bài về học .,neutral,de_xuat
101,"giảng viên lên lớp đúng giờ , giảng viên tính tình vui vẻ .",positive,hanh_vi
102,có thêm các tài liệu tham khảo .,neutral,cung_cap_tai_lieu
102,có thêm các tài liệu tham khảo .,neutral,de_xuat
103,"không có , do em không có khả năng tiếp thu đối với môn này thôi .",negative,ky_nang_giang_day
104,thường xuyên nghĩ và phải đi học bù .,negative,chuong_trinh_hoc
105,nhiệt tình với học sinh .,positive,hanh_vi
106,không có điều không hài lòng .,positive,noi_chung
107,phải đầu tư thêm trang thiết bị cho phòng thực hành .,negative,thiet_bi_day_hoc
107,phải đầu tư thêm trang thiết bị cho phòng thực hành .,neutral,de_xuat
108,"giáo viên rất dễ tính , dạy tận tình .",positive,ky_nang_giang_day
108,"giáo viên rất dễ tính , dạy tận tình .",positive,hanh_vi
109,giảng viên hài hước nhiệt tình .,positive,hanh_vi
110,"giảng viên hay nói chậm và còn giải thích lại bằng tiếng việt , điều này không thực sự cần thiết .",negative,ky_nang_giang_day
111,tổ chức các cuộc thi liên quan tới kỹ năng giao tiếp anh văn .,neutral,de_xuat
112,thầy cho nhiều ví dụ hơn .,negative,ky_nang_giang_day
112,thầy cho nhiều ví dụ hơn .,neutral,de_xuat
113,"thầy giải đáp thắc mắc của sinh viên rất nhiệt tình , có tâm .",positive,hanh_vi
114,giảng dạy đúng trọng tâm .,positive,ky_nang_giang_day
115,giảng viên nhiệt huyết .,positive,hanh_vi
116,"chấm điểm quá nhiều , chưa quá quan tâm đến việc sinh viên đã hiểu hay chưa .",negative,hanh_vi
116,"chấm điểm quá nhiều , chưa quá quan tâm đến việc sinh viên đã hiểu hay chưa .",negative,cham_diem
117,cô không cung cấp đáp án của bài tập .,negative,bai_tap
118,phương pháp dạy tốt .,positive,ky_nang_giang_day
119,thiếu nhiệt tình .,negative,hanh_vi
120,"thầy dạy rất hay , dễ hiểu .",positive,ky_nang_giang_day
121,"vui vẻ , dễ hiểu .",positive,noi_chung
122,tài liệu môn học còn thiếu cập nhập .,negative,cung_cap_tai_lieu
123,"thầy dạy nhiệt tình , có tâm .",positive,hanh_vi
124,cần có giáo trình đầy đủ .,negative,cung_cap_tai_lieu
124,cần có giáo trình đầy đủ .,neutral,de_xuat
125,ít thực tế .,negative,kinh_nghiem
126,thầy hay up slide lên wed trường rất chậm ( thứ 3 học thì thứ 2 thầy mới up ) .,negative,cung_cap_tai_lieu
127,"giảng viên tận tình , có kinh nghiệm sư phạm .",positive,kinh_nghiem
127,"giảng viên tận tình , có kinh nghiệm sư phạm .",positive,hanh_vi
128,dùng hệ thống we code .,neutral,thiet_bi_day_hoc
129,em thấy việc này khá bổ ích .,positive,noi_chung
130,"lớp học rộng rãi , giãng viên dạy nhiệt tình .",positive,hanh_vi
130,"lớp học rộng rãi , giãng viên dạy nhiệt tình .",positive,thiet_bi_day_hoc
131,giảng viên không đảm bảo giờ lên lớp và nghỉ mà không thông báo trước làm mất thời gian của sinh viên .,negative,hanh_vi
132,giảng viên cần trao đổi thêm với sinh viên thông qua website môn học .,negative,hanh_vi
132,giảng viên cần trao đổi thêm với sinh viên thông qua website môn học .,neutral,de_xuat
133,"giảng viên nhiệt tình , thân thiện , truyền đạt kiến thức tốt .",positive,ky_nang_giang_day
133,"giảng viên nhiệt tình , thân thiện , truyền đạt kiến thức tốt .",positive,hanh_vi
134,cần tập trung giảng dạy những phần có liên quan đến chuyên ngành sau này hơn .,negative,chuong_trinh_hoc
134,cần tập trung giảng dạy những phần có liên quan đến chuyên ngành sau này hơn .,neutral,de_xuat
135,"giảng dạy dễ hiểu , đầy đủ .",positive,ky_nang_giang_day
136,"thầy nên giảng kỹ hơn từng dòng code , từng ký tự , câu lệnh , biến .",negative,ky_nang_giang_day
136,"thầy nên giảng kỹ hơn từng dòng code , từng ký tự , câu lệnh , biến .",neutral,de_xuat
137,"nhà trường nên trang bị rèm cửa sổ để tránh ánh sáng làm mờ máy chiếu , gây khó khăn trong việc báo cáo đồ án cũng như dạy học .",negative,thiet_bi_day_hoc
137,"nhà trường nên trang bị rèm cửa sổ để tránh ánh sáng làm mờ máy chiếu , gây khó khăn trong việc báo cáo đồ án cũng như dạy học .",neutral,de_xuat
138,thầy wzjwz107 dạy rất tốt và giúp chúng em học thêm các kỹ năng mềm .,positive,ky_nang_giang_day
138,thầy wzjwz107 dạy rất tốt và giúp chúng em học thêm các kỹ năng mềm .,positive,kien_thuc
139,"bài tập quá nhiều , sinh viên làm không kịp .",negative,bai_tap
140,cô không nói bằng micro nên nghe rất khó .,negative,thiet_bi_day_hoc
141,"thầy dễ thương colonlove dạy dễ hiểu , thầy vui tính !",positive,ky_nang_giang_day
141,"thầy dễ thương colonlove dạy dễ hiểu , thầy vui tính !",positive,hanh_vi
142,"linh kiện , máy tính của trường đã cũ , hư hỏng nhiều mà học phí năm học nào cũng tăng .",negative,thiet_bi_day_hoc
143,"chưa tạo động lực , thúc đẩy sinh viên nhiều .",negative,hanh_vi
144,tăng cường làm bài tập trên lớp !,negative,bai_tap
144,tăng cường làm bài tập trên lớp !,negative,de_xuat
145,cách dạy hơi khó hiểu một tí .,negative,ky_nang_giang_day
146,rất cần cho việc phát triển sau này .,neutral,noi_chung
147,cô giảng dạy nhiệt tình và tận tâm .,positive,hanh_vi
148,thầy nên nói chậm lại một tí .,negative,ky_nang_giang_day
148,thầy nên nói chậm lại một tí .,neutral,de_xuat
149,kiến thức học khá vừa sức với sinh viên .,positive,kien_thuc
150,đó là việc giáo viên vừa giảng bài vừa code cho xem dễ hiểu và hình tượng ra những gì giáo viên muốn truyền đạt !,positive,ky_nang_giang_day
151,thầy không dạy chỉ đưa tài liệu tự tìm hiểu thôi .,negative,ky_nang_giang_day
152,"cô dạy nhiệt tình nhưng nói qua rất nhỏ , khó nghe .",negative,ky_nang_giang_day
152,"cô dạy nhiệt tình nhưng nói qua rất nhỏ , khó nghe .",positive,hanh_vi
153,cô giảng bài cụ thể .,positive,ky_nang_giang_day
154,"cô dạy rất dễ hiểu , cô vui tính nữa colonbigsmile .",positive,ky_nang_giang_day
154,"cô dạy rất dễ hiểu , cô vui tính nữa colonbigsmile .",positive,hanh_vi
155,"khi có nhóm lên seminar thì phải có ít nhất ba câu hỏi thì mới "" đậu "" , không cần biết câu hỏi là gì , không đủ ba câu thì phải làm lại .",negative,cham_diem
156,"cung cấp thêm tài liệu phục vụ môn học cho sinh viên , trình bày rõ mục tiêu bài học và sử dụng giờ lên lớp một cách hiệu quả hơn .",neutral,ky_nang_giang_day
156,"cung cấp thêm tài liệu phục vụ môn học cho sinh viên , trình bày rõ mục tiêu bài học và sử dụng giờ lên lớp một cách hiệu quả hơn .",negative,cung_cap_tai_lieu
156,"cung cấp thêm tài liệu phục vụ môn học cho sinh viên , trình bày rõ mục tiêu bài học và sử dụng giờ lên lớp một cách hiệu quả hơn .",neutral,de_xuat
157,lớp học cần đảm bảo số sinh viên vừa đủ .,negative,chuong_trinh_hoc
157,lớp học cần đảm bảo số sinh viên vừa đủ .,negative,de_xuat
158,"cô nhiệt tình giảng dạy , vui tính , dễ chịu với sinh viên .",positive,hanh_vi
159,"cô giảng dạy có tâm và nhiệt tình giúp đỡ sinh viên , giúp sinh viên hiểu sâu và vận dụng các vấn đề đã học vào thực tiễn .",positive,ky_nang_giang_day
159,"cô giảng dạy có tâm và nhiệt tình giúp đỡ sinh viên , giúp sinh viên hiểu sâu và vận dụng các vấn đề đã học vào thực tiễn .",positive,kinh_nghiem
159,"cô giảng dạy có tâm và nhiệt tình giúp đỡ sinh viên , giúp sinh viên hiểu sâu và vận dụng các vấn đề đã học vào thực tiễn .",positive,hanh_vi
160,"cô giảng dạy nhiệt tình , dễ hiểu .",positive,ky_nang_giang_day
160,"cô giảng dạy nhiệt tình , dễ hiểu .",positive,hanh_vi
161,truyền đạt tốt và dạy chậm giúp sinh viên dễ hiểu .,positive,ky_nang_giang_day
162,trong khi thầy dạy sinh viên chỉ hiểu được vài gạch đầu dòng thì lại làm một vấn đề mà google cũng bó tay .,negative,ky_nang_giang_day
162,trong khi thầy dạy sinh viên chỉ hiểu được vài gạch đầu dòng thì lại làm một vấn đề mà google cũng bó tay .,negative,bai_tap
163,em xin góp ý như thế ạ .,neutral,noi_chung
164,chưa có sự tương tác tốt với giáo viên lý thuyết .,negative,hanh_vi
165,"giảng viên dạy đúng giờ , dễ hiểu , bám sát đề cương .",positive,ky_nang_giang_day
165,"giảng viên dạy đúng giờ , dễ hiểu , bám sát đề cương .",positive,hanh_vi
165,"giảng viên dạy đúng giờ , dễ hiểu , bám sát đề cương .",positive,chuong_trinh_hoc
166,thiếu động lực để học tập .,negative,noi_chung
167,"tóm lại , em hoàn toàn không hài lòng về chất lượng giảng dạy của thầy .",negative,ky_nang_giang_day
168,"thầy nên dạy thực hành chỉ cặn kẽ hơn , giúp sinh vên nắm bài tốt hơn .",negative,ky_nang_giang_day
168,"thầy nên dạy thực hành chỉ cặn kẽ hơn , giúp sinh vên nắm bài tốt hơn .",negative,de_xuat
169,nội dung thực hành không hỗ trợ nhiều cho nội dung lý thuyết .,negative,kinh_nghiem
169,nội dung thực hành không hỗ trợ nhiều cho nội dung lý thuyết .,negative,chuong_trinh_hoc
170,"ngoài ra , nếu được , mong thầy bổ sung các hướng dẫn giải sơ bộ cho các bài tập ( như những môn học khác của thầy đứng lớp ) .",neutral,bai_tap
170,"ngoài ra , nếu được , mong thầy bổ sung các hướng dẫn giải sơ bộ cho các bài tập ( như những môn học khác của thầy đứng lớp ) .",neutral,de_xuat
171,tại trường đang có 2 công trình đang xây nên lúc vào học rất ồn .,negative,thiet_bi_day_hoc
172,hay và tận tình .,positive,hanh_vi
173,phần thực hành wireshark quá mơ hồ .,negative,kinh_nghiem
174,"vui vẻ , tận tâm , nhiệt huyết , nhiều kinh nghiệm .",positive,kinh_nghiem
174,"vui vẻ , tận tâm , nhiệt huyết , nhiều kinh nghiệm .",positive,hanh_vi
175,cách dạy hay .,positive,ky_nang_giang_day
176,hơi có phần cá nhân nhưng tiếng của thầy hơi khó nghe .,negative,ky_nang_giang_day
177,điểm quá trình chưa thật sự công bằng với sinh viên .,negative,cham_diem
178,cái cần đi sâu phân tích nhưng do thời gian và lịch đưa ra nên đành bỏ qua dạy cái mới để kịp chương trình .,negative,ky_nang_giang_day
178,cái cần đi sâu phân tích nhưng do thời gian và lịch đưa ra nên đành bỏ qua dạy cái mới để kịp chương trình .,negative,chuong_trinh_hoc
179,giọng thầy nơi hơi buồn ngủ .,negative,ky_nang_giang_day
179,giọng thầy nơi hơi buồn ngủ .,negative,hanh_vi
180,cô dạy slide về lý thuyết hơi nhanh .,negative,ky_nang_giang_day
181,thầy nói rất rõ .,positive,ky_nang_giang_day
182,"theo em , cần trang bị và sửa chữa máy chiếu .",negative,thiet_bi_day_hoc
182,"theo em , cần trang bị và sửa chữa máy chiếu .",neutral,de_xuat
183,thầy không đến lớp mà khôg thông báo .,negative,hanh_vi
184,"dạy khá nâng cao , cần phát huy để sinh viên có cơ hội được học thêm nhiều hơn .",positive,ky_nang_giang_day
184,"dạy khá nâng cao , cần phát huy để sinh viên có cơ hội được học thêm nhiều hơn .",neutral,de_xuat
185,"nói khó nghe , dạy hơi nhanh .",negative,ky_nang_giang_day
186,toàn đến gần thi thầy mới dạy hết chương trình học .,negative,ky_nang_giang_day
187,giảng viên đưa ra nhiều kinh nghiệm thiết thực về các kỹ năng để áp dụng vào đời sống .,positive,kinh_nghiem
188,"thay đổi đề cương môn học cho phù hợp với tình hình thực tế hiện nay , có thể áp dụng , liên hệ với thực tế .",negative,chuong_trinh_hoc
188,"thay đổi đề cương môn học cho phù hợp với tình hình thực tế hiện nay , có thể áp dụng , liên hệ với thực tế .",neutral,de_xuat
189,cần nhiều bài tập hơn nữa .,negative,bai_tap
189,cần nhiều bài tập hơn nữa .,negative,de_xuat
190,giáo viên giảng dậy có kết hợp với các thông tin mới nhất .,positive,ky_nang_giang_day
190,giáo viên giảng dậy có kết hợp với các thông tin mới nhất .,positive,kien_thuc
191,đôi lúc không vui tính .,negative,hanh_vi
192,thêm các buổi học ngoại khoá .,negative,chuong_trinh_hoc
192,thêm các buổi học ngoại khoá .,neutral,de_xuat
193,không cho vừ vựng và bài tập thêm .,negative,bai_tap
193,không cho vừ vựng và bài tập thêm .,negative,cung_cap_tai_lieu
194,"dạy cho có , qua loa , sử dụng thời gian không hợp lý , nội dung 3 tiết dạy trong 3 phút .",negative,ky_nang_giang_day
195,"giảng viên tận tâm , nhiệt tình , còn trẻ nhưng kiến thức rất tốt .",positive,hanh_vi
195,"giảng viên tận tâm , nhiệt tình , còn trẻ nhưng kiến thức rất tốt .",positive,kien_thuc
196,"mong giáo viên có thể giải tham khảo đề thi các năm , hoặc các dạng câu hỏi của anh văn .",neutral,cung_cap_tai_lieu
196,"mong giáo viên có thể giải tham khảo đề thi các năm , hoặc các dạng câu hỏi của anh văn .",neutral,de_xuat
197,"thầy có tích hợp vừa học vừa chơi làm cho bài học không khô khan , và cô đọng lại , rất dễ hiểu , rất tận tình .",positive,ky_nang_giang_day
197,"thầy có tích hợp vừa học vừa chơi làm cho bài học không khô khan , và cô đọng lại , rất dễ hiểu , rất tận tình .",positive,hanh_vi
198,trước khi thi thầy dặn là đề thi có 70% trắc nghiệm nhưng thực tế lại 100% tự luận .,negative,cham_diem
199,"chưa sinh động , hiệu quả giảng dạy kém hữu ích .",negative,ky_nang_giang_day
200,"truyền đạt kiến thưc tốt , dễ hiểu .",positive,ky_nang_giang_day
200,"truyền đạt kiến thưc tốt , dễ hiểu .",positive,kien_thuc
201,chữ viết trên bảng đôi khi hơi khó đoán .,negative,ky_nang_giang_day
202,khiến lớp không có hứng thú học .,negative,ky_nang_giang_day
202,khiến lớp không có hứng thú học .,negative,hanh_vi
203,thầy rất thiếu nhiệt tình .,negative,hanh_vi
204,"nâng cấp hệ thống máy vi tính trong phòng thực hành doubledot phòng thực hành altera không có kết nối internet , nên cần phải đảm bảo kết nối mạng để hiệu quả thực hành đạt hiệu quả cao hơn .",negative,thiet_bi_day_hoc
204,"nâng cấp hệ thống máy vi tính trong phòng thực hành doubledot phòng thực hành altera không có kết nối internet , nên cần phải đảm bảo kết nối mạng để hiệu quả thực hành đạt hiệu quả cao hơn .",neutral,de_xuat
205,"nên hướng dẫn làm bài tập nhiều hơn , học lý thuyết quá nhiều .",negative,bai_tap
205,"nên hướng dẫn làm bài tập nhiều hơn , học lý thuyết quá nhiều .",negative,chuong_trinh_hoc
205,"nên hướng dẫn làm bài tập nhiều hơn , học lý thuyết quá nhiều .",neutral,de_xuat
206,không nên làm một bài tập nhóm quá lớn làm khó khăn cho sinh viên .,negative,bai_tap
206,không nên làm một bài tập nhóm quá lớn làm khó khăn cho sinh viên .,neutral,de_xuat
207,mong thầy tập trung vào nội dung giảng dạy .,negative,ky_nang_giang_day
207,mong thầy tập trung vào nội dung giảng dạy .,negative,de_xuat
208,trong khi yêu cầu của thầy thì phải đạt độ chuẩn xác rất cao mới qua được môn .,negative,cham_diem
208,trong khi yêu cầu của thầy thì phải đạt độ chuẩn xác rất cao mới qua được môn .,negative,chuong_trinh_hoc
209,mong được là học trò của thầy nhiều hơn ạ .,neutral,hanh_vi
209,mong được là học trò của thầy nhiều hơn ạ .,neutral,de_xuat
210,giáo trình cần thay đổi theo hướng mới lạ hơn .,negative,chuong_trinh_hoc
210,giáo trình cần thay đổi theo hướng mới lạ hơn .,neutral,de_xuat
211,không nên dạy các môn toán trong giảng đường do khó quan sát bảng .,negative,thiet_bi_day_hoc
211,không nên dạy các môn toán trong giảng đường do khó quan sát bảng .,negative,de_xuat
212,"cần có thêm các ví dụ liên hệ thực tiễn , chuẩn bị kỹ và giảng bài lưu loát hơn , thay đổi cách dạy để sinh viên được chủ động hơn .",negative,ky_nang_giang_day
212,"cần có thêm các ví dụ liên hệ thực tiễn , chuẩn bị kỹ và giảng bài lưu loát hơn , thay đổi cách dạy để sinh viên được chủ động hơn .",negative,kinh_nghiem
212,"cần có thêm các ví dụ liên hệ thực tiễn , chuẩn bị kỹ và giảng bài lưu loát hơn , thay đổi cách dạy để sinh viên được chủ động hơn .",neutral,de_xuat
213,giáo viên xinh quá .,positive,noi_chung
214,phòng máy không đáp ứng được yêu cầu .,negative,thiet_bi_day_hoc
215,"giảng viên dạy dễ hiểu , nhiệt tình giảng giải cho sinh viên .",positive,ky_nang_giang_day
215,"giảng viên dạy dễ hiểu , nhiệt tình giảng giải cho sinh viên .",positive,hanh_vi
216,"lợi ích doubledot sinh viên rèn luyện kỹ năng làm việc nhóm , tránh tiếp thu thụ động , học được cách trình bày trước đám đông .",positive,noi_chung
217,thụ động trong quá trình tương tác với sinh viên .,negative,hanh_vi
218,nên có thêm chỉ thực hành để cho sinh viên nắm rõ hơn về máy tính .,negative,kinh_nghiem
218,nên có thêm chỉ thực hành để cho sinh viên nắm rõ hơn về máy tính .,negative,de_xuat
219,cần có bộ giáo trình chuẩn cho sinh viên trước khi bắt đầu học môn này .,negative,cung_cap_tai_lieu
219,cần có bộ giáo trình chuẩn cho sinh viên trước khi bắt đầu học môn này .,neutral,de_xuat
220,bài tập quá khó .,negative,bai_tap
221,"giảng viên có tâm , ân cần , nhiệt tình , dạy dễ hiểu .",positive,ky_nang_giang_day
221,"giảng viên có tâm , ân cần , nhiệt tình , dạy dễ hiểu .",positive,hanh_vi
222,"hoặc dạy thêm các kinh nghiệm khi phỏng vấn xin việc , xin học bổng , xin thực tập .",neutral,kinh_nghiem
222,"hoặc dạy thêm các kinh nghiệm khi phỏng vấn xin việc , xin học bổng , xin thực tập .",neutral,de_xuat
223,giảng viên nên giảng nhiều hơn .,negative,ky_nang_giang_day
223,giảng viên nên giảng nhiều hơn .,neutral,de_xuat
224,cô nói hơi khó nghe và những điều học được ít gây được hứng thú nơi sinh viên .,negative,ky_nang_giang_day
224,cô nói hơi khó nghe và những điều học được ít gây được hứng thú nơi sinh viên .,negative,kien_thuc
225,giảng dạy rất nhiệt huyết .,positive,ky_nang_giang_day
226,hy vọng cô sẽ dạy kỹ hơn .,negative,ky_nang_giang_day
226,hy vọng cô sẽ dạy kỹ hơn .,neutral,de_xuat
227,em rất thích phong cách dạy của thầy .,positive,ky_nang_giang_day
228,em hài lòng về chất lượng đào tạo của môn học này .,positive,chuong_trinh_hoc
229,mong cô giúp đỡ nhiều hơn .,negative,hanh_vi
229,mong cô giúp đỡ nhiều hơn .,negative,de_xuat
230,phụ thuộc vào slide quá nhiếu .,negative,cung_cap_tai_lieu
231,"môn học nên cho thêm nhiều dạng bài tập dưới dạng tiếng việt , vì trong giảng đường máy chiếu mờ , chữ tiếng anh nữa nhìn rất phiền phức cho những bạn ở sau !",negative,bai_tap
231,"môn học nên cho thêm nhiều dạng bài tập dưới dạng tiếng việt , vì trong giảng đường máy chiếu mờ , chữ tiếng anh nữa nhìn rất phiền phức cho những bạn ở sau !",negative,thiet_bi_day_hoc
231,"môn học nên cho thêm nhiều dạng bài tập dưới dạng tiếng việt , vì trong giảng đường máy chiếu mờ , chữ tiếng anh nữa nhìn rất phiền phức cho những bạn ở sau !",neutral,de_xuat
232,giảng viên dạy còn hơi nhanh .,negative,ky_nang_giang_day
233,"cần có đề cương môn học cụ thể hơn , nội dung môn học cần được cập nhật .",negative,cung_cap_tai_lieu
233,"cần có đề cương môn học cụ thể hơn , nội dung môn học cần được cập nhật .",negative,chuong_trinh_hoc
233,"cần có đề cương môn học cụ thể hơn , nội dung môn học cần được cập nhật .",neutral,de_xuat
234,"cô dạy quá hay quá xuất sắc , rất tâm huyết với nghề , cô nghỉ ngày nào sẽ bù ngày đó nhiều lúc còn bù thêm , cô chỉ rất cặn kẽ những vấn đề cần thiết .",positive,ky_nang_giang_day
234,"cô dạy quá hay quá xuất sắc , rất tâm huyết với nghề , cô nghỉ ngày nào sẽ bù ngày đó nhiều lúc còn bù thêm , cô chỉ rất cặn kẽ những vấn đề cần thiết .",positive,hanh_vi
235,nên có phòng thực hành để mô phỏng lại lý thuyết đã được học từ đó sẽ dễ hiểu hơn và nhớ lâu hơn !,negative,thiet_bi_day_hoc
235,nên có phòng thực hành để mô phỏng lại lý thuyết đã được học từ đó sẽ dễ hiểu hơn và nhớ lâu hơn !,neutral,de_xuat
236,"giảng viên nhiệt tình trao đổi , giải đáp thắc mắc của sinh viên .",positive,ky_nang_giang_day
236,"giảng viên nhiệt tình trao đổi , giải đáp thắc mắc của sinh viên .",positive,hanh_vi
237,em nghĩ thầy nên cho sinh viên phân tích nhiều bài toán hơn .,negative,bai_tap
237,em nghĩ thầy nên cho sinh viên phân tích nhiều bài toán hơn .,neutral,de_xuat
238,"cô rất nhiệt tình , giảng bài chi tiết , vui tính .",positive,ky_nang_giang_day
238,"cô rất nhiệt tình , giảng bài chi tiết , vui tính .",positive,hanh_vi
239,"năng động , nhiệt tình .",positive,hanh_vi
240,"giáo viên hướng dẫn chi tiết , nhiệt tình với sinh viên .",positive,ky_nang_giang_day
240,"giáo viên hướng dẫn chi tiết , nhiệt tình với sinh viên .",positive,hanh_vi
241,em rất vui khi được học tập dưới sự giảng dạy tận tâm của cô .,positive,ky_nang_giang_day
241,em rất vui khi được học tập dưới sự giảng dạy tận tâm của cô .,positive,hanh_vi
242,dễ thương coloncontemn .,positive,noi_chung
243,cần có các tiết thực hành với trang thiết bị hiện đại .,negative,thiet_bi_day_hoc
243,cần có các tiết thực hành với trang thiết bị hiện đại .,neutral,de_xuat
244,giảng khá nhanh .,negative,ky_nang_giang_day
245,thường trễ 30 phút .,negative,hanh_vi
246,"thầy dạy nhiệt tình , rễ hiểu .",positive,ky_nang_giang_day
246,"thầy dạy nhiệt tình , rễ hiểu .",positive,hanh_vi
247,cho nhiều bài tập và hướng dẫn giải rõ ràng .,positive,ky_nang_giang_day
247,cho nhiều bài tập và hướng dẫn giải rõ ràng .,positive,bai_tap
248,do môn này khó đối với em nên kiến thức thầy truyền đạt em thấy rất khó hiểu .,negative,ky_nang_giang_day
248,do môn này khó đối với em nên kiến thức thầy truyền đạt em thấy rất khó hiểu .,negative,chuong_trinh_hoc
249,cô dạy rất tận tâm nhiệt tình .,positive,hanh_vi
250,"cô wzjwz257 dạy giải tích 2 rất chuẩn , truyền đạt tốt , dễ hiểu , rất hăng hái trong quá trình phân tích bài giảng , gửi tài liệu và bài tập đầy đủ , nhưng cô dạy có hơi nhanh .",negative,ky_nang_giang_day
250,"cô wzjwz257 dạy giải tích 2 rất chuẩn , truyền đạt tốt , dễ hiểu , rất hăng hái trong quá trình phân tích bài giảng , gửi tài liệu và bài tập đầy đủ , nhưng cô dạy có hơi nhanh .",positive,hanh_vi
250,"cô wzjwz257 dạy giải tích 2 rất chuẩn , truyền đạt tốt , dễ hiểu , rất hăng hái trong quá trình phân tích bài giảng , gửi tài liệu và bài tập đầy đủ , nhưng cô dạy có hơi nhanh .",positive,bai_tap
250,"cô wzjwz257 dạy giải tích 2 rất chuẩn , truyền đạt tốt , dễ hiểu , rất hăng hái trong quá trình phân tích bài giảng , gửi tài liệu và bài tập đầy đủ , nhưng cô dạy có hơi nhanh .",positive,cung_cap_tai_lieu
251,"giảng viên không biết cách diễn đạt , nghỉ 2 tuần không thông báo trên moodle .",negative,ky_nang_giang_day
251,"giảng viên không biết cách diễn đạt , nghỉ 2 tuần không thông báo trên moodle .",negative,hanh_vi
252,dạy hiệu quả .,positive,ky_nang_giang_day
253,giọng cô em nghe không được .,negative,ky_nang_giang_day
254,thầy nhiệt tình với sinh viên .,positive,hanh_vi
255,thời gian bài tập tương đối tốt .,positive,bai_tap
256,"giảng viên giảng rất hay , bám sát thực tế , phần kiến thức học được có thể áp dụng được trong nhiều lĩnh vực , không riêng gì công nghệ thông tin .",positive,ky_nang_giang_day
256,"giảng viên giảng rất hay , bám sát thực tế , phần kiến thức học được có thể áp dụng được trong nhiều lĩnh vực , không riêng gì công nghệ thông tin .",positive,kinh_nghiem
256,"giảng viên giảng rất hay , bám sát thực tế , phần kiến thức học được có thể áp dụng được trong nhiều lĩnh vực , không riêng gì công nghệ thông tin .",positive,kien_thuc
257,"cô dạy rất tốt , nhiệt tình dễ hiểu .",positive,ky_nang_giang_day
257,"cô dạy rất tốt , nhiệt tình dễ hiểu .",positive,hanh_vi
258,"thầy tận tâm , nhiệt huyết , giải đáp câu hỏi của sinh viên , có bổ sung tài liệu tham để giúp sinh viên củng cố và nắm vững kiến thức .",positive,hanh_vi
258,"thầy tận tâm , nhiệt huyết , giải đáp câu hỏi của sinh viên , có bổ sung tài liệu tham để giúp sinh viên củng cố và nắm vững kiến thức .",positive,cung_cap_tai_lieu
258,"thầy tận tâm , nhiệt huyết , giải đáp câu hỏi của sinh viên , có bổ sung tài liệu tham để giúp sinh viên củng cố và nắm vững kiến thức .",positive,kien_thuc
259,cô thoải mái .,positive,hanh_vi
260,tạo không gian học tập vui vẻ !,positive,thiet_bi_day_hoc
260,tạo không gian học tập vui vẻ !,neutral,de_xuat
261,thời gian lên lớp còn ít !,negative,chuong_trinh_hoc
262,em cám ơn !,positive,noi_chung
263,"nhiệt tình , chịu khó lắng nghe !",positive,hanh_vi
264,"nhiệt tình , tâm huyết với sinh viên .",positive,hanh_vi
265,em rất hài lòng .,positive,noi_chung
266,cô dạy rất nhiệt tình và có tâm .,positive,hanh_vi
267,"tuy nhiên , nếu được cô nên bổ sung các bài tập cá nhân về cả lý thuyết và thực hành , bên cạnh các bài tập nhóm thì sẽ giúp các bạn bổ trợ thêm kiến thức rất nhiều .",negative,bai_tap
267,"tuy nhiên , nếu được cô nên bổ sung các bài tập cá nhân về cả lý thuyết và thực hành , bên cạnh các bài tập nhóm thì sẽ giúp các bạn bổ trợ thêm kiến thức rất nhiều .",neutral,de_xuat
268,có nhiều bài tập hay .,positive,bai_tap
269,"giáo viên dạy hơi lan man , không tập trung vào vấn đề chính của buổi học .",negative,ky_nang_giang_day
270,"cô quá khó tính , giảng bài chưa thật sự thu hút .",negative,ky_nang_giang_day
270,"cô quá khó tính , giảng bài chưa thật sự thu hút .",negative,hanh_vi
271,nếu như trên lịch thông báo giờ học từ đầu năm là thứ 7 thì em sẽ sắp xếp được lịch học phù hợp hơn .,negative,chuong_trinh_hoc
271,nếu như trên lịch thông báo giờ học từ đầu năm là thứ 7 thì em sẽ sắp xếp được lịch học phù hợp hơn .,neutral,de_xuat
272,"giảng viên hướng dẫn sinh viên nhiệt tình , giải đáp đầy đủ các thắc mắc .",positive,hanh_vi
273,thầy giảng giải nhiệt tình và rất dễ hiểu !,positive,ky_nang_giang_day
273,thầy giảng giải nhiệt tình và rất dễ hiểu !,positive,hanh_vi
274,cô dạy chậm dễ hiểu .,positive,ky_nang_giang_day
275,không thấy không hài lòng về giảng viên .,neutral,hanh_vi
276,nâng cao chất lượng phòng máy .,negative,thiet_bi_day_hoc
276,nâng cao chất lượng phòng máy .,negative,de_xuat
277,sinh viên học thầy theo kiểu đối phó chứ thật chất không hiểu sâu vấn đề .,negative,ky_nang_giang_day
278,"giảng viên nhiệt tình , tâm huyết với sinh viên .",positive,hanh_vi
279,"thầy dạy đúng trọng tâm , dễ hiểu , vui tính , cách giải rất hay , rất chuyên nghiệp .",positive,ky_nang_giang_day
279,"thầy dạy đúng trọng tâm , dễ hiểu , vui tính , cách giải rất hay , rất chuyên nghiệp .",positive,hanh_vi
279,"thầy dạy đúng trọng tâm , dễ hiểu , vui tính , cách giải rất hay , rất chuyên nghiệp .",positive,kien_thuc
280,sửa bài cho sinh viên giúp sinh viên tiến bộ .,positive,hanh_vi
281,"thầy dạy tốt , nhiệt tình .",positive,ky_nang_giang_day
281,"thầy dạy tốt , nhiệt tình .",positive,hanh_vi
282,"giảng viên hòa đồng , vui vẻ , tận tình giải đáp thắc mắc của sinh viên .",positive,hanh_vi
283,"sử dụng dụng cụ dạy học có chất lượng tốt , ví dụ như máy nghe tiếng anh chất lượng tốt .",positive,thiet_bi_day_hoc
284,cô tạo mọi điều kiện thuận lợi nhất cho sinh viên học tập .,positive,hanh_vi
285,"không gian học thoải mái , giảng viên không tạo áp lực cho sinh viên .",positive,hanh_vi
285,"không gian học thoải mái , giảng viên không tạo áp lực cho sinh viên .",positive,thiet_bi_day_hoc
286,"nhiệt tình , giải bài tập nhiều .",positive,ky_nang_giang_day
286,"nhiệt tình , giải bài tập nhiều .",positive,hanh_vi
287,cô dạy rất hay !,positive,ky_nang_giang_day
288,giảng viên nên nói rõ ràng cho sinh viên nghe được và hiểu .,negative,ky_nang_giang_day
288,giảng viên nên nói rõ ràng cho sinh viên nghe được và hiểu .,neutral,de_xuat
289,"tài liệu môn học cần trình bày rõ ràng , đầy đủ hơn vì nhiều chỗ trình bày rất khó hiểu .",negative,cung_cap_tai_lieu
289,"tài liệu môn học cần trình bày rõ ràng , đầy đủ hơn vì nhiều chỗ trình bày rất khó hiểu .",neutral,de_xuat
290,"đồng thời , giảng viên rất tích cực , năng nổ trong việc giảng dạy , cung cấp cho sinh viên nhiều kiến thức bổ ích và cũng luôn vui vẻ , hoà đồng nhằm khiến sinh viên cảm thấy thoải mái khi đến lớp .",positive,ky_nang_giang_day
290,"đồng thời , giảng viên rất tích cực , năng nổ trong việc giảng dạy , cung cấp cho sinh viên nhiều kiến thức bổ ích và cũng luôn vui vẻ , hoà đồng nhằm khiến sinh viên cảm thấy thoải mái khi đến lớp .",positive,hanh_vi
290,"đồng thời , giảng viên rất tích cực , năng nổ trong việc giảng dạy , cung cấp cho sinh viên nhiều kiến thức bổ ích và cũng luôn vui vẻ , hoà đồng nhằm khiến sinh viên cảm thấy thoải mái khi đến lớp .",positive,kien_thuc
291,nên tóm gọn lại nội dung slide .,negative,cung_cap_tai_lieu
291,nên tóm gọn lại nội dung slide .,negative,de_xuat
292,"vui vẻ , biết lắng nghe ý kiến của sinh viên .",positive,hanh_vi
293,"dạy rất từ từ , chi tiết , cho nhiều bài tập .",positive,ky_nang_giang_day
293,"dạy rất từ từ , chi tiết , cho nhiều bài tập .",positive,bai_tap
294,trường ta cần những giáo viên nhiệt huyết và tài năng như vầy .,positive,hanh_vi
294,trường ta cần những giáo viên nhiệt huyết và tài năng như vầy .,positive,kien_thuc
294,trường ta cần những giáo viên nhiệt huyết và tài năng như vầy .,neutral,de_xuat
295,"giảng viên nhiệt tình , dạy đúng giờ .",positive,hanh_vi
296,chúng em không theo kịp !,negative,ky_nang_giang_day
297,dạy hay và muốn học thêm nữa ở môn khác .,positive,ky_nang_giang_day
298,"dễ tính , thoải mái , không gây áp lực , tạo động lực phát biểu .",positive,ky_nang_giang_day
298,"dễ tính , thoải mái , không gây áp lực , tạo động lực phát biểu .",positive,hanh_vi
299,"giảng viên nhiệt tình , phương pháp giảng dạy hiệu quả .",positive,ky_nang_giang_day
299,"giảng viên nhiệt tình , phương pháp giảng dạy hiệu quả .",positive,hanh_vi
300,"thầy giảng hơi khó hiểu , lên lớp hơi muộn , chưa đúng giờ .",negative,ky_nang_giang_day
300,"thầy giảng hơi khó hiểu , lên lớp hơi muộn , chưa đúng giờ .",negative,hanh_vi
301,giáo trình môn học quá mơ hồ nghèo nàn nên giảng viên cũng không biết nên dạy theo thế nào .,negative,ky_nang_giang_day
301,giáo trình môn học quá mơ hồ nghèo nàn nên giảng viên cũng không biết nên dạy theo thế nào .,negative,cung_cap_tai_lieu
301,giáo trình môn học quá mơ hồ nghèo nàn nên giảng viên cũng không biết nên dạy theo thế nào .,negative,chuong_trinh_hoc
302,"giảng rất hay , giảng nội dung quan trọng không lan man .",positive,ky_nang_giang_day
302,"giảng rất hay , giảng nội dung quan trọng không lan man .",positive,kien_thuc
303,nội dung truyền đạt để sinh viên thực hành chưa thực sự tốt .,negative,kien_thuc
304,thầy giảng bài rất hay và nhiệt tình .,positive,ky_nang_giang_day
304,thầy giảng bài rất hay và nhiệt tình .,positive,hanh_vi
305,"thầy rất nhiệt tình , dù lớp có vắng hay đông đủ .",positive,hanh_vi
306,"nhiệt tình , vui vẻ hòa đồng với sinh viên .",positive,hanh_vi
307,nhưng trong khi đó tụi em không hiểu một chút gì về môn học mà giảng viên đang giảng dạy thì chép vào để làm gì .,negative,ky_nang_giang_day
308,cô cho bài tập thực hành tại chỗ .,neutral,bai_tap
309,có nhiều trang thiết bị giảng dạy hơn .,neutral,thiet_bi_day_hoc
309,có nhiều trang thiết bị giảng dạy hơn .,neutral,de_xuat
310,"cần xem xét lại khi đặt ra những yêu cầu về chấm chéo đồ án các nhóm cũng như trong lớp doubledot quá nhiều yêu cầu , nhiều việc phải làm trong thời gian ngắn dẫn đến sự chuẩn bị không tốt từ các nhóm , vdotv .",negative,bai_tap
310,"cần xem xét lại khi đặt ra những yêu cầu về chấm chéo đồ án các nhóm cũng như trong lớp doubledot quá nhiều yêu cầu , nhiều việc phải làm trong thời gian ngắn dẫn đến sự chuẩn bị không tốt từ các nhóm , vdotv .",negative,cham_diem
310,"cần xem xét lại khi đặt ra những yêu cầu về chấm chéo đồ án các nhóm cũng như trong lớp doubledot quá nhiều yêu cầu , nhiều việc phải làm trong thời gian ngắn dẫn đến sự chuẩn bị không tốt từ các nhóm , vdotv .",neutral,de_xuat
311,chỉ điểm danh 3 buổi cuối rồi lấy điểm quá trình .,negative,cham_diem
312,giảng hơi khó hiểu tý .,negative,ky_nang_giang_day
313,môn thực hành này chưa có tài liệu hướng dẫn .,negative,cung_cap_tai_lieu
314,hướng dẫn và đánh giá đúng kết quả học tập .,positive,ky_nang_giang_day
314,hướng dẫn và đánh giá đúng kết quả học tập .,positive,cham_diem
315,nhiệt tình !,positive,hanh_vi
316,"giảng viên có kỹ năng tốt , truyền đạt dễ hiểu , dễ áp dụng .",positive,ky_nang_giang_day
317,thầy điểm danh nhiều quá ạ colonsad .,negative,hanh_vi
318,cần thêm phần ngôn ngữ sql kết hợp với ngôn ngữ lập trình c để có thể lập trình được cho một cơ sở dữ liệu .,negative,chuong_trinh_hoc
318,cần thêm phần ngôn ngữ sql kết hợp với ngôn ngữ lập trình c để có thể lập trình được cho một cơ sở dữ liệu .,neutral,de_xuat
319,hiểu rõ khả năng từng sinh viên .,positive,ky_nang_giang_day
320,không nên nói là sinh viên phải nghiên cứu vấn đề này nhưng doubledot giảng viên phải cho mỗi chương khoảng 30 bài và có đáp án .,negative,bai_tap
320,không nên nói là sinh viên phải nghiên cứu vấn đề này nhưng doubledot giảng viên phải cho mỗi chương khoảng 30 bài và có đáp án .,negative,cung_cap_tai_lieu
320,không nên nói là sinh viên phải nghiên cứu vấn đề này nhưng doubledot giảng viên phải cho mỗi chương khoảng 30 bài và có đáp án .,negative,de_xuat
321,cô đưa ra nhiều hướng giải quyết khi sinh viên gặp vấn đề với đồ án !,positive,kinh_nghiem
321,cô đưa ra nhiều hướng giải quyết khi sinh viên gặp vấn đề với đồ án !,positive,hanh_vi
322,giảng viên truyền đạt tốt .,positive,ky_nang_giang_day
323,slide bài giảng chất lượng kém .,negative,cung_cap_tai_lieu
324,"cho nghỉ nhiều , học bù trùng lịch với môn khác .",negative,chuong_trinh_hoc
325,thầy chu đáo và tỉ mỉ .,positive,hanh_vi
326,"làm sinh viên khó liên hệ giữa lý thuyết và thực hành , dẫn tới không hiểu mình đang được học gì !",negative,ky_nang_giang_day
326,"làm sinh viên khó liên hệ giữa lý thuyết và thực hành , dẫn tới không hiểu mình đang được học gì !",negative,kinh_nghiem
327,chất lượng đào tạo của môn học này đã tốt rồi .,positive,chuong_trinh_hoc
328,nên đưa những giảng viên có kinh nghiệm dạy thực hành .,negative,kinh_nghiem
328,nên đưa những giảng viên có kinh nghiệm dạy thực hành .,neutral,de_xuat
329,hơi khó nghe .,negative,ky_nang_giang_day
330,hướng dẫn thực hành nhiệt tình .,positive,hanh_vi
331,hay bỏ lớp hơn cả tiếng đồng hồ .,negative,noi_chung
332,"nhiệt tình , tận tình .",positive,hanh_vi
333,thầy giảng dạy rất tận tâm .,positive,hanh_vi
334,áp dụng nhiều kiến thức thực tế .,positive,kien_thuc
335,sắp xếp lịch hợp lý hơn để không bị trùng lịch học của sinh viên .,negative,chuong_trinh_hoc
335,sắp xếp lịch hợp lý hơn để không bị trùng lịch học của sinh viên .,neutral,de_xuat
336,"thầy dạy hay , dễ hiểu !",positive,ky_nang_giang_day
337,cô giảng bài và hướng dẫn làm bài nhiệt tình .,positive,ky_nang_giang_day
337,cô giảng bài và hướng dẫn làm bài nhiệt tình .,positive,hanh_vi
338,thầy giảng rất dễ hiểu .,positive,ky_nang_giang_day
339,"thầy giảng bài thú vị , dễ tiếp thu , dạy học vui tính và nhiệt tình .",positive,ky_nang_giang_day
339,"thầy giảng bài thú vị , dễ tiếp thu , dạy học vui tính và nhiệt tình .",positive,hanh_vi
340,"bài thi chả liên quan , và thật sự cảm thấy kỹ năng nghe và nói mới là cần thiết nhất .",negative,cham_diem
341,"cô dễ thương , nhí nhảnh , truyền đạt dễ hiểu thấu hiểu tâm lý sinh viên colonsmile .",positive,ky_nang_giang_day
341,"cô dễ thương , nhí nhảnh , truyền đạt dễ hiểu thấu hiểu tâm lý sinh viên colonsmile .",positive,hanh_vi
342,thầy dạy rất hay cho em hiểu được nhiều điều dot kết thúc môn học em cảm thấy nó rất bổ ích cho chúng em .,positive,ky_nang_giang_day
342,thầy dạy rất hay cho em hiểu được nhiều điều dot kết thúc môn học em cảm thấy nó rất bổ ích cho chúng em .,positive,kien_thuc
342,thầy dạy rất hay cho em hiểu được nhiều điều dot kết thúc môn học em cảm thấy nó rất bổ ích cho chúng em .,positive,chuong_trinh_hoc
343,tương tác với sinh viên rất nhiều và giải đáp mọi thắc mắc dù về kỹ thuật lập trình hay liên quan đến máy tính .,positive,ky_nang_giang_day
343,tương tác với sinh viên rất nhiều và giải đáp mọi thắc mắc dù về kỹ thuật lập trình hay liên quan đến máy tính .,positive,hanh_vi
343,tương tác với sinh viên rất nhiều và giải đáp mọi thắc mắc dù về kỹ thuật lập trình hay liên quan đến máy tính .,positive,kien_thuc
344,"bài tập về nhà của thầy rất nhiều , rất hay .",positive,bai_tap
345,giáo trình quá dài yêu cầu giảm bớt .,negative,cung_cap_tai_lieu
345,giáo trình quá dài yêu cầu giảm bớt .,neutral,de_xuat
346,"nên cho thêm nhiều dạng bài tập của những phần được học ở gần cuối kỳ như chuỗi , cấu trúc .",negative,bai_tap
346,"nên cho thêm nhiều dạng bài tập của những phần được học ở gần cuối kỳ như chuỗi , cấu trúc .",negative,de_xuat
347,thầy rất tận tâm trong công việc giảng dạy .,positive,hanh_vi
348,"tuy nhiên nhà trường dường như chưa thật sự đầu tư vào mảng câu lạc bộ về ngôn ngữ , kỹ năng quan trọng vô cùng cần thiết hiện tại của sinh viên .",negative,de_xuat
348,"tuy nhiên nhà trường dường như chưa thật sự đầu tư vào mảng câu lạc bộ về ngôn ngữ , kỹ năng quan trọng vô cùng cần thiết hiện tại của sinh viên .",negative,noi_chung
349,thầy thực sự rất chuyên tâm trong giảng dạy và những bài giảng thực sự dễ hiểu .,positive,ky_nang_giang_day
349,thầy thực sự rất chuyên tâm trong giảng dạy và những bài giảng thực sự dễ hiểu .,positive,hanh_vi
350,"phòng thực hành quá kém chất lượng , máy móc không đảm bảo .",negative,thiet_bi_day_hoc
351,theo em giảng viên cần phân loại các dạng bài tập theo từng buổi học để sinh viên dễ tiếp thu hơn chứ không nên một lần tung ra quá nhiều bài tập trên moodle mà không hướng dẫn làm cho sinh viên cảm thấy nặng nề .,negative,bai_tap
351,theo em giảng viên cần phân loại các dạng bài tập theo từng buổi học để sinh viên dễ tiếp thu hơn chứ không nên một lần tung ra quá nhiều bài tập trên moodle mà không hướng dẫn làm cho sinh viên cảm thấy nặng nề .,negative,de_xuat
352,"kiến thức nhiều , dạy tốt .",positive,ky_nang_giang_day
352,"kiến thức nhiều , dạy tốt .",positive,kien_thuc
353,wifi các phòng thực hành thường rất yếu .,negative,thiet_bi_day_hoc
354,cô rất nhiệt tình trong việc truyền đạt kiến thức cũng như sẵn sàng trả lời mọi thắc mắc của sinh viên .,positive,ky_nang_giang_day
354,cô rất nhiệt tình trong việc truyền đạt kiến thức cũng như sẵn sàng trả lời mọi thắc mắc của sinh viên .,positive,hanh_vi
355,"cô rất tận tâm , nhiệt tình và có trách nhiệm cao .",positive,hanh_vi
356,"giảng dạy dễ hiểu , ngắn gọn , không cầu kỳ .",positive,ky_nang_giang_day
357,chữ thầy hơi khó nhìn .,negative,ky_nang_giang_day
358,trong quá trình dạy thầy có liên hệ thực tế nhiều .,positive,kinh_nghiem
359,"nếu như một người không xem bài "" kỹ "" trước ở nhà .",neutral,hanh_vi
360,"cô tận tình giảng dạy , thân thiện .",positive,ky_nang_giang_day
360,"cô tận tình giảng dạy , thân thiện .",positive,hanh_vi
361,"bài tập hợp lý sát bài học , dễ hiểu .",positive,bai_tap
362,thầy chuẩn bị tài liệu thực hành cho sinh viên tốt .,positive,cung_cap_tai_lieu
363,nếu có thêm nhiều ví dụ trong slide cho bọn em dễ ôn bài hơn là tự tìm kiếm lúc quên .,negative,cung_cap_tai_lieu
363,nếu có thêm nhiều ví dụ trong slide cho bọn em dễ ôn bài hơn là tự tìm kiếm lúc quên .,neutral,de_xuat
364,khả năng truyền đạt của giảng viên còn gây khó khăn cho sinh viên .,negative,ky_nang_giang_day
365,thầy này không có dạy lớp em .,negative,hanh_vi
366,giảng viên rất hay nghỉ giờ mà không có thông báo trước cho sinh viên .,negative,hanh_vi
367,"cách tổ chức thi giữa kỳ không hiệu quả , ảnh hưởng đến sự công bằng và kết quả học tập của sinh viên .",negative,cham_diem
367,"cách tổ chức thi giữa kỳ không hiệu quả , ảnh hưởng đến sự công bằng và kết quả học tập của sinh viên .",negative,chuong_trinh_hoc
368,nội dung giảng dạy quá nhiều so với thời lượng môn học .,negative,chuong_trinh_hoc
369,"cô giảng tận tình , dễ hiểu , thân thiện với học sinh colonsmilesmile .",positive,ky_nang_giang_day
369,"cô giảng tận tình , dễ hiểu , thân thiện với học sinh colonsmilesmile .",positive,hanh_vi
370,"thầy tận tình , nhiệt huyết .",positive,hanh_vi
371,"giáo viên đến đúng giờ , dạy nhiệt tình và cho bài tập để làm .",positive,hanh_vi
371,"giáo viên đến đúng giờ , dạy nhiệt tình và cho bài tập để làm .",neutral,bai_tap
372,nhưng chưa đảm bảo giờ bài tập coloncontemn .,negative,bai_tap
373,thời gian thực hành ít .,negative,chuong_trinh_hoc
374,kiến thức giảng viên truyền đạt là vô cùng súc tích và dễ hiểu .,positive,ky_nang_giang_day
374,kiến thức giảng viên truyền đạt là vô cùng súc tích và dễ hiểu .,positive,kien_thuc
375,em chưa được thầy dạy thực hành môn này .,negative,ky_nang_giang_day
375,em chưa được thầy dạy thực hành môn này .,negative,kinh_nghiem
376,hài lòng về mọi mặt của giảng viên .,positive,ky_nang_giang_day
376,hài lòng về mọi mặt của giảng viên .,positive,hanh_vi
376,hài lòng về mọi mặt của giảng viên .,positive,kien_thuc
377,"giáo viên dạy dễ hiểu và sinh động , không gây cảm giác nhàm chán .",positive,ky_nang_giang_day
378,"thầy dạy nhiệt tình , giảng bài chi tiết .",positive,ky_nang_giang_day
378,"thầy dạy nhiệt tình , giảng bài chi tiết .",positive,hanh_vi
379,"cần có tài liệu bằng hình ảnh , video trực quan sinh động hơn , dễ nắm bắt bài học nhanh chóng hơn .",negative,cung_cap_tai_lieu
379,"cần có tài liệu bằng hình ảnh , video trực quan sinh động hơn , dễ nắm bắt bài học nhanh chóng hơn .",neutral,de_xuat
380,một môn học trong cùng một giờ chỉ nên có một giảng viên đứng lớp để đảm bảo sự liên tục của bài học .,negative,chuong_trinh_hoc
380,một môn học trong cùng một giờ chỉ nên có một giảng viên đứng lớp để đảm bảo sự liên tục của bài học .,neutral,de_xuat
381,nên trang bị rèm che cửa .,neutral,thiet_bi_day_hoc
381,nên trang bị rèm che cửa .,neutral,de_xuat
382,"nghỉ nhiều , khả năng truyền đạt chưa cao , chưa thực sự làm môn học thu hút .",negative,ky_nang_giang_day
383,kiến thức có ích cho công việc sau này .,positive,kien_thuc
384,"có hoạt động outdoor , rèn luyện kỹ năng quay phim , dựng phim .",positive,kinh_nghiem
384,"có hoạt động outdoor , rèn luyện kỹ năng quay phim , dựng phim .",positive,chuong_trinh_hoc
385,sử dụng hệ thống nộp bài và chấm điểm bằng wecode và hackerrank chưa chính xác .,negative,cham_diem
386,tận tình trong việc giải đáp thắc mắc của sinh viên .,positive,hanh_vi
387,"bài tập trên lớp làm quá nhanh , có thể không theo kịp .",negative,bai_tap
388,"thầy dạy rất nhiệt tình , không bao giờ về trc giờ ( thêm giờ nữa chứ ) cái diễn đàn của thầy rất hiệu quả , nói chung thầy tốt .",positive,ky_nang_giang_day
388,"thầy dạy rất nhiệt tình , không bao giờ về trc giờ ( thêm giờ nữa chứ ) cái diễn đàn của thầy rất hiệu quả , nói chung thầy tốt .",positive,hanh_vi
388,"thầy dạy rất nhiệt tình , không bao giờ về trc giờ ( thêm giờ nữa chứ ) cái diễn đàn của thầy rất hiệu quả , nói chung thầy tốt .",positive,cung_cap_tai_lieu
388,"thầy dạy rất nhiệt tình , không bao giờ về trc giờ ( thêm giờ nữa chứ ) cái diễn đàn của thầy rất hiệu quả , nói chung thầy tốt .",positive,noi_chung
389,mong thầy sẽ sửa bài tập về nhà nhiều hơn ( nếu có thời gian ) .,negative,bai_tap
389,mong thầy sẽ sửa bài tập về nhà nhiều hơn ( nếu có thời gian ) .,neutral,de_xuat
390,cần giáo trình hay hơn .,negative,cung_cap_tai_lieu
390,cần giáo trình hay hơn .,neutral,de_xuat
391,"giáo viên nhiệt tình giúp đỡ sinh viên , thân thiện .",positive,hanh_vi
392,đến lớp hơi muộn do giao thông .,neutral,hanh_vi
393,"phần thi nghe , nhà trường nên trang bị hệ thống loa cho tốt , chứ máy cassette mấy bạn ngồi ở cuối lớp không nghe được gì cả quá nhỏ ồn .",negative,thiet_bi_day_hoc
393,"phần thi nghe , nhà trường nên trang bị hệ thống loa cho tốt , chứ máy cassette mấy bạn ngồi ở cuối lớp không nghe được gì cả quá nhỏ ồn .",neutral,de_xuat
394,"thầy rất nhiệt tình truyền đạt kiến thức , và giải đáp mọi thắc mắc của sinh viên , cung cấp tài liệu lý thuyết đầy đủ và có chọn lọc .",positive,ky_nang_giang_day
394,"thầy rất nhiệt tình truyền đạt kiến thức , và giải đáp mọi thắc mắc của sinh viên , cung cấp tài liệu lý thuyết đầy đủ và có chọn lọc .",positive,hanh_vi
394,"thầy rất nhiệt tình truyền đạt kiến thức , và giải đáp mọi thắc mắc của sinh viên , cung cấp tài liệu lý thuyết đầy đủ và có chọn lọc .",positive,cung_cap_tai_lieu
394,"thầy rất nhiệt tình truyền đạt kiến thức , và giải đáp mọi thắc mắc của sinh viên , cung cấp tài liệu lý thuyết đầy đủ và có chọn lọc .",positive,kien_thuc
395,dù sao em cũng cám ơn thầy đã dẫn dắt bọn em ở học kỳ hai này ạ .,positive,hanh_vi
396,"dạy đầy đủ kiến thức trên lớp , giảng sâu vào bài khiến sinh viên hiểu bài rõ ràng hơn .",positive,ky_nang_giang_day
396,"dạy đầy đủ kiến thức trên lớp , giảng sâu vào bài khiến sinh viên hiểu bài rõ ràng hơn .",positive,kien_thuc
397,giảng viên truyền đạt hơi khó hiểu .,negative,ky_nang_giang_day
398,cố gắng giảng lại đến khi sinh viên hiểu bài mới thôi .,positive,ky_nang_giang_day
398,cố gắng giảng lại đến khi sinh viên hiểu bài mới thôi .,positive,hanh_vi
399,vui tính dạy cũng dễ hiểu .,positive,ky_nang_giang_day
399,vui tính dạy cũng dễ hiểu .,positive,hanh_vi
400,"cô hay cáu gắt , khó tính , cứ hay giận dỗi .",negative,hanh_vi
401,kiến thức rất nhiều và trừu tượng giảng viên nên thêm những phương pháp giảng dạy mới cho giờ học hiệu quả hơn .,negative,ky_nang_giang_day
401,kiến thức rất nhiều và trừu tượng giảng viên nên thêm những phương pháp giảng dạy mới cho giờ học hiệu quả hơn .,negative,kien_thuc
401,kiến thức rất nhiều và trừu tượng giảng viên nên thêm những phương pháp giảng dạy mới cho giờ học hiệu quả hơn .,neutral,de_xuat
402,phòng máy ngon hơn .,positive,thiet_bi_day_hoc
403,giáo viên dạy nhiệt tình dễ hiểu .,positive,ky_nang_giang_day
403,giáo viên dạy nhiệt tình dễ hiểu .,positive,hanh_vi
404,giao nhiều bài tập về nhà .,negative,bai_tap
405,giảng bài rất hay .,positive,ky_nang_giang_day
406,phù hợp với thực tiễn .,positive,kinh_nghiem
407,"thầy dạy nhiệt tình , giải đáp thắc mắc của học sinh một cách tận tình .",positive,hanh_vi
408,thực hiện nhóm nhiều .,neutral,bai_tap
409,nội dung giảng dạy còn quá chung chung .,negative,chuong_trinh_hoc
410,"dạy kỹ , sinh viên học cảm thấy dễ hiểu , vận dụng được nhiều kiến thức để học môn này .",positive,ky_nang_giang_day
410,"dạy kỹ , sinh viên học cảm thấy dễ hiểu , vận dụng được nhiều kiến thức để học môn này .",positive,kien_thuc
411,"thầy không dạy kỹ , bỏ sót một số phần và không sử dụng giờ lên lớp hiệu quả , học theo cdio nhưng không có khác biệt quá lớn với các lớp khác , thất vọng .",negative,ky_nang_giang_day
411,"thầy không dạy kỹ , bỏ sót một số phần và không sử dụng giờ lên lớp hiệu quả , học theo cdio nhưng không có khác biệt quá lớn với các lớp khác , thất vọng .",negative,chuong_trinh_hoc
412,"thực sự phải học toán suốt 3 năm cấp 3 và chưa kể năm 12 , và lên đại học phải học toán thì là 1 cảm xúc khó tả , vừa ngán và vừa nản .",negative,chuong_trinh_hoc
413,bản thân em chưa học qua môn tấn công mạng nên những kiến thức ở môn bảo mật internet còn khá mới với em .,neutral,kien_thuc
414,thầy chưa chuẩn bị bài kỹ khi lên lớp .,negative,ky_nang_giang_day
415,phần sửa bài tập quá nhanh .,negative,bai_tap
416,"nhiệt tình , hiểu học sinh .",positive,hanh_vi
417,báo cáo cuối kỳ thầy tập trung cả lớp trong một buổi .,neutral,ky_nang_giang_day
418,thầy có vẻ hơi có chịu .,negative,hanh_vi
419,"dễ hiểu , chỉ bảo tận tình !",positive,ky_nang_giang_day
419,"dễ hiểu , chỉ bảo tận tình !",positive,hanh_vi
420,thầy rất thương học sinh .,positive,hanh_vi
421,giảng viên cần chú ý quan sát sinh viên hơn và hỏi xem sinh viên nào chưa hiểu .,negative,hanh_vi
421,giảng viên cần chú ý quan sát sinh viên hơn và hỏi xem sinh viên nào chưa hiểu .,neutral,de_xuat
422,"cô dạy rất hay và very good , đặc biệt cô còn bổ sung nhiều kiến thức nâng cao hơn để sinh viên đươc học tốt hơn .",positive,ky_nang_giang_day
422,"cô dạy rất hay và very good , đặc biệt cô còn bổ sung nhiều kiến thức nâng cao hơn để sinh viên đươc học tốt hơn .",positive,kien_thuc
423,nội dung thi cũng chỉ toàn lý thuyết .,negative,chuong_trinh_hoc
424,khiến sinh viên cảm thấy tiếp thu nhanh .,positive,ky_nang_giang_day
425,"giảng viên rất nhiệt tình , giảng dạy khá kỹ càng .",positive,ky_nang_giang_day
425,"giảng viên rất nhiệt tình , giảng dạy khá kỹ càng .",positive,hanh_vi
426,"nâng cao kiến thức cho sinh viên rất tốt , giảng dạy dễ hiểu .",positive,ky_nang_giang_day
426,"nâng cao kiến thức cho sinh viên rất tốt , giảng dạy dễ hiểu .",positive,kien_thuc
427,he's very funny .,positive,hanh_vi
428,cần có giảng viên có đầy đủ kiến thức và kinh nghiệm giảng dạy về môn học này .,negative,kinh_nghiem
428,cần có giảng viên có đầy đủ kiến thức và kinh nghiệm giảng dạy về môn học này .,negative,kien_thuc
428,cần có giảng viên có đầy đủ kiến thức và kinh nghiệm giảng dạy về môn học này .,neutral,de_xuat
429,chưa chuẩn bị bài giảng kỹ càng trước khi lên lớp .,negative,ky_nang_giang_day
430,luôn có ví dụ minh họa thực tế .,positive,kinh_nghiem
431,khổ lắm .,negative,noi_chung
432,"cô dạy nhiệt tình , dễ hiểu , quan tâm sinh viên .",positive,ky_nang_giang_day
432,"cô dạy nhiệt tình , dễ hiểu , quan tâm sinh viên .",positive,hanh_vi
433,môn này chủ yếu là để làm nhóm .,neutral,chuong_trinh_hoc
434,"thầy dạy dễ hiểu , sẵn sàng giúp đỡ sinh viên , tận tâm , nhiệt tình .",positive,ky_nang_giang_day
434,"thầy dạy dễ hiểu , sẵn sàng giúp đỡ sinh viên , tận tâm , nhiệt tình .",positive,hanh_vi
435,"giáo viên nhiệt tình , đảm bảo giờ lên lớp , dạy kỹ .",positive,ky_nang_giang_day
435,"giáo viên nhiệt tình , đảm bảo giờ lên lớp , dạy kỹ .",positive,hanh_vi
436,"thầy ít hướng dẫn các bài tập , cách vận dụng kiến thức cần thiết vào bài tập thực tế .",negative,ky_nang_giang_day
436,"thầy ít hướng dẫn các bài tập , cách vận dụng kiến thức cần thiết vào bài tập thực tế .",negative,kinh_nghiem
437,cô rất dễ chịu colonsmile .,positive,hanh_vi
438,nên có nhiều bài tập vận dụng về nhà cho sinh viên .,negative,bai_tap
438,nên có nhiều bài tập vận dụng về nhà cho sinh viên .,neutral,de_xuat
439,nội dung môn học nên được cập nhật .,negative,chuong_trinh_hoc
439,nội dung môn học nên được cập nhật .,neutral,de_xuat
440,chưa tận dụng hết thời gian môn học để truyền đạt cho sinh viên còn yếu .,negative,ky_nang_giang_day
441,hợp tác .,neutral,noi_chung
442,cô dạy khá dễ hiểu .,positive,ky_nang_giang_day
443,"thực hành em không có học với giảng viên này , da có thể nhầm lẫn gì chăng .",negative,kinh_nghiem
444,"cách dạy thực hành với những ứng dụng thực tế rất hay ( thực hành trên tín hiệu âm thanh ) , khiến cho học sinh có cảm giác muốn học , không giống như khi làm các bài tập gò bó , quy củ .",positive,ky_nang_giang_day
444,"cách dạy thực hành với những ứng dụng thực tế rất hay ( thực hành trên tín hiệu âm thanh ) , khiến cho học sinh có cảm giác muốn học , không giống như khi làm các bài tập gò bó , quy củ .",positive,kinh_nghiem
444,"cách dạy thực hành với những ứng dụng thực tế rất hay ( thực hành trên tín hiệu âm thanh ) , khiến cho học sinh có cảm giác muốn học , không giống như khi làm các bài tập gò bó , quy củ .",negative,bai_tap
445,"giảng viên hay thường xuyên quên up slide lên courses cho sinh viên , trong quá trình học sinh viên đã nhắc rất nhiều lần nhưng giảng viên quên up , đề nghị giảng viên xem xét lại vấn đề này .",negative,hanh_vi
445,"giảng viên hay thường xuyên quên up slide lên courses cho sinh viên , trong quá trình học sinh viên đã nhắc rất nhiều lần nhưng giảng viên quên up , đề nghị giảng viên xem xét lại vấn đề này .",negative,cung_cap_tai_lieu
445,"giảng viên hay thường xuyên quên up slide lên courses cho sinh viên , trong quá trình học sinh viên đã nhắc rất nhiều lần nhưng giảng viên quên up , đề nghị giảng viên xem xét lại vấn đề này .",neutral,de_xuat
446,hay gây buồn ngủ .,negative,ky_nang_giang_day
447,tốc độ giảng dạy phù hợp để sinh viên có đủ thời gian để tự thực hành kiến thức vừa học ngay tại lớp .,positive,ky_nang_giang_day
447,tốc độ giảng dạy phù hợp để sinh viên có đủ thời gian để tự thực hành kiến thức vừa học ngay tại lớp .,positive,kinh_nghiem
448,"theo em , môn học cần có sự hệ thống lại , đặc biệt nêu rõ các mối quan hệ giữa các bài với nhau , giúp sinh viên vận dụng tốt hơn kiến thức của mình .",negative,chuong_trinh_hoc
448,"theo em , môn học cần có sự hệ thống lại , đặc biệt nêu rõ các mối quan hệ giữa các bài với nhau , giúp sinh viên vận dụng tốt hơn kiến thức của mình .",neutral,de_xuat
449,cách truyền đạt kiến thức vẫn chưa tốt .,negative,ky_nang_giang_day
450,"nên tổ chức các buổi dã ngoại để học các kỹ năng hoặc mời các doanh nghiệp về nói chuyện , truyền đạt kinh nghiệm .",neutral,kinh_nghiem
450,"nên tổ chức các buổi dã ngoại để học các kỹ năng hoặc mời các doanh nghiệp về nói chuyện , truyền đạt kinh nghiệm .",neutral,chuong_trinh_hoc
450,"nên tổ chức các buổi dã ngoại để học các kỹ năng hoặc mời các doanh nghiệp về nói chuyện , truyền đạt kinh nghiệm .",neutral,de_xuat
451,thầy rất vui tính .,positive,hanh_vi
452,phòng thực hành có quá nhiều máy bị hỏng .,negative,thiet_bi_day_hoc
453,"khả năng nghe , đọc hiểu được nâng cao .",positive,noi_chung
454,rất thích phương pháp giảng dạy của thầy .,positive,ky_nang_giang_day
455,"thầy nghỉ không báo trước quá nhiều , số buổi lên lớp 50% .",negative,hanh_vi
455,"thầy nghỉ không báo trước quá nhiều , số buổi lên lớp 50% .",negative,chuong_trinh_hoc
456,"thầy dạy thì nên dạy sớm để dễ học , dễ nhớ , ban đầu thầy ít dạy vào kiến thức chính , đến giai đoạn cuối của kỳ là khi bận rộn nhiều thì thấy mới bắt đầu dạy kiến thức .",negative,ky_nang_giang_day
456,"thầy dạy thì nên dạy sớm để dễ học , dễ nhớ , ban đầu thầy ít dạy vào kiến thức chính , đến giai đoạn cuối của kỳ là khi bận rộn nhiều thì thấy mới bắt đầu dạy kiến thức .",negative,chuong_trinh_hoc
456,"thầy dạy thì nên dạy sớm để dễ học , dễ nhớ , ban đầu thầy ít dạy vào kiến thức chính , đến giai đoạn cuối của kỳ là khi bận rộn nhiều thì thấy mới bắt đầu dạy kiến thức .",neutral,de_xuat
457,có tinh thần trách nhiệm cao .,positive,hanh_vi
458,cách giảng dạy còn hơi khó hiểu .,negative,ky_nang_giang_day
459,"chẳng hạn , sinh viên chuyên ngành mạng thì không nên quá đào sâu vào nội dung mà chỉ cần đưa ra những nội dung nền tảng , cần thiết nhất .",negative,chuong_trinh_hoc
459,"chẳng hạn , sinh viên chuyên ngành mạng thì không nên quá đào sâu vào nội dung mà chỉ cần đưa ra những nội dung nền tảng , cần thiết nhất .",neutral,de_xuat
460,ngôn ngữ thực hành nên trang bị trước cho sinh viên .,neutral,cung_cap_tai_lieu
460,ngôn ngữ thực hành nên trang bị trước cho sinh viên .,neutral,de_xuat
461,"bài tập lớn mà thầy wzjwz74 đưa ra cũng khá là chung chung , không yêu cầu rõ ràng , cụ thể .",negative,bai_tap
462,đôi lúc không đi sâu vào vấn đề dạy .,negative,ky_nang_giang_day
463,giáo trình phần căn bản về web lặp lại các môn khác nên học rất nhàm chán .,negative,cung_cap_tai_lieu
463,giáo trình phần căn bản về web lặp lại các môn khác nên học rất nhàm chán .,negative,chuong_trinh_hoc
464,ảnh hưởng đến việc thực hành .,negative,kinh_nghiem
465,"giảng viên truyền đạt kiến thức tốt , có nhiều kinh nghiệm , phát âm tốt .",positive,ky_nang_giang_day
465,"giảng viên truyền đạt kiến thức tốt , có nhiều kinh nghiệm , phát âm tốt .",positive,kinh_nghiem
465,"giảng viên truyền đạt kiến thức tốt , có nhiều kinh nghiệm , phát âm tốt .",positive,kien_thuc
466,"giáo viên lên lớp đều , giảng bài tích cực .",positive,ky_nang_giang_day
466,"giáo viên lên lớp đều , giảng bài tích cực .",positive,hanh_vi
467,có lúc nhiều vấn đề trong bài học giáo viên chưa giải đáp được .,negative,ky_nang_giang_day
467,có lúc nhiều vấn đề trong bài học giáo viên chưa giải đáp được .,negative,hanh_vi
468,giáo viên dạy nhiệt tình và dễ hiểu .,positive,ky_nang_giang_day
468,giáo viên dạy nhiệt tình và dễ hiểu .,positive,hanh_vi
469,"cô dạy nhiệt tình , truyền đạt kiến thức tốt .",positive,ky_nang_giang_day
469,"cô dạy nhiệt tình , truyền đạt kiến thức tốt .",positive,hanh_vi
469,"cô dạy nhiệt tình , truyền đạt kiến thức tốt .",positive,kien_thuc
470,nên cân bằng hai bên .,neutral,de_xuat
471,giáo viên không đến lớp trong các buổi thực hành nhưng không báo trước .,negative,hanh_vi
472,sự nhiệt tình của thầy cô .,positive,hanh_vi
473,máy chiếu phòng wzjwz3 cần được sửa chữa hoặc thay mới để lớp có đủ điều kiện học .,negative,thiet_bi_day_hoc
473,máy chiếu phòng wzjwz3 cần được sửa chữa hoặc thay mới để lớp có đủ điều kiện học .,negative,de_xuat
474,"thầy chuẩn bị tài liệu , slide khá ok , đủ để người xem hiểu được .",positive,cung_cap_tai_lieu
475,"nên cho sinh viên hiểu rõ tổng quát của môn hoc ngay từ đầu học những gì , học để làm gì , và nó ứng dụng trong thực tế như thế nào ví dụ cụ thể .",neutral,chuong_trinh_hoc
475,"nên cho sinh viên hiểu rõ tổng quát của môn hoc ngay từ đầu học những gì , học để làm gì , và nó ứng dụng trong thực tế như thế nào ví dụ cụ thể .",neutral,de_xuat
476,"thầy dạy hay , dễ hiểu và nhiệt tình .",positive,ky_nang_giang_day
476,"thầy dạy hay , dễ hiểu và nhiệt tình .",positive,hanh_vi
477,giáo viên cực kỳ nhiệt tình .,positive,hanh_vi
478,cô rất tận tâm và quan tâm đến sinh viên .,positive,hanh_vi
479,giáo viên tận tâm nhiệt tình .,positive,hanh_vi
480,"thầy giảng hay , đưa ra ví dụ dễ hiểu .",positive,ky_nang_giang_day
481,dạy muôn từ 15 - 20 phút so với giờ quy định dù lên lớp đúng giờ khiến cho việc sắp xếp những công việc sau giờ học của sinh viên gặp khó khăn .,negative,ky_nang_giang_day
482,hỗ trợ sinh viên tối đa .,positive,hanh_vi
483,bài tập đa dạng và phong phú .,positive,bai_tap
484,giảng viên nhiệt tình trong khi dạy .,positive,hanh_vi
485,em không có ý kiến gì thêm .,neutral,noi_chung
486,môn học khá khó .,negative,chuong_trinh_hoc
487,"thầy nhiệt tình trong quá trình giảng dạy , có thêm video cho học sinh về tự học thêm .",positive,hanh_vi
487,"thầy nhiệt tình trong quá trình giảng dạy , có thêm video cho học sinh về tự học thêm .",positive,cung_cap_tai_lieu
488,"cô giải nhiều bài tập , dạy dễ hiểu .",positive,ky_nang_giang_day
488,"cô giải nhiều bài tập , dạy dễ hiểu .",positive,bai_tap
489,cô giúp cho tụi em xác định được mục tiêu và mong muốn đạt được khi học môn học này .,positive,ky_nang_giang_day
489,cô giúp cho tụi em xác định được mục tiêu và mong muốn đạt được khi học môn học này .,positive,hanh_vi
490,"giảng viên tận tâm , nhiệt tình với học sinh .",positive,hanh_vi
491,theo quan điểm của em về các môn học chuyên ngành của sinh viên thì nhà trường không nên bắt buộc sinh viên phải thi học kỳ để lấy điểm số .,negative,cham_diem
491,theo quan điểm của em về các môn học chuyên ngành của sinh viên thì nhà trường không nên bắt buộc sinh viên phải thi học kỳ để lấy điểm số .,neutral,de_xuat
492,em cảm ơn .,neutral,noi_chung
493,em cám ơn .,positive,noi_chung
494,"thầy nên chia nhóm theo ngành , để các bạn có thể trả lời những câu hỏi sâu về ngành mình đang thuyết trình , ngành mình đang học .",neutral,ky_nang_giang_day
494,"thầy nên chia nhóm theo ngành , để các bạn có thể trả lời những câu hỏi sâu về ngành mình đang thuyết trình , ngành mình đang học .",neutral,de_xuat
495,"luôn dạy quá giờ ( khoảng 30 phút ) , ảnh hưởng đến giờ trưa của sinh viên và truyền đạt không được thu hút .",negative,ky_nang_giang_day
496,giảng viên cần nhiệt tình hơn trong công tác giảng dạy .,negative,hanh_vi
496,giảng viên cần nhiệt tình hơn trong công tác giảng dạy .,neutral,de_xuat
497,thầy dạy rất tận tâm và nhiệt tình !,positive,hanh_vi
498,"nhiệt tình giúp đỡ , cho nhiều bài tập hữu ích và thực tiễn cao .",positive,hanh_vi
498,"nhiệt tình giúp đỡ , cho nhiều bài tập hữu ích và thực tiễn cao .",positive,bai_tap
499,giảng viên khó có thể truyền đạt hết kiến thức .,negative,ky_nang_giang_day
500,"nội dung thầy giảng mang tính cập nhật , có nhiều nội dung hay .",positive,kien_thuc
500,"nội dung thầy giảng mang tính cập nhật , có nhiều nội dung hay .",positive,chuong_trinh_hoc
501,"tiết học rất thoải mái , dễ tiếp thu .",positive,ky_nang_giang_day
502,gửi mail không trả lời .,negative,hanh_vi
503,thầy cần hướng dẫn các bạn làm bài tập khi mới bắt đầu thực hành vì các phần mềm dùng thực hành có mới với các bạn sinh viên .,negative,hanh_vi
503,thầy cần hướng dẫn các bạn làm bài tập khi mới bắt đầu thực hành vì các phần mềm dùng thực hành có mới với các bạn sinh viên .,negative,bai_tap
503,thầy cần hướng dẫn các bạn làm bài tập khi mới bắt đầu thực hành vì các phần mềm dùng thực hành có mới với các bạn sinh viên .,neutral,de_xuat
504,"thầy dạy rất ổn , bổ sung vững kiến thức lý thuyết .",positive,ky_nang_giang_day
504,"thầy dạy rất ổn , bổ sung vững kiến thức lý thuyết .",positive,kien_thuc
505,"chất lượng giảng dạy tốt , em rất hài lòng với cách dạy của cô .",positive,ky_nang_giang_day
506,giảng viên tích cực .,positive,hanh_vi
507,"thầy vui tính , dạy hay , đầy đủ kiến thức để thi .",positive,ky_nang_giang_day
507,"thầy vui tính , dạy hay , đầy đủ kiến thức để thi .",positive,hanh_vi
507,"thầy vui tính , dạy hay , đầy đủ kiến thức để thi .",positive,kien_thuc
508,thường xuyên hỗ trợ sinh viên qua diễn đàn .,positive,hanh_vi
509,"slide khá nhiều chữ khiến sinh viên hơi buồn ngủ , ít hình ảnh , ví dụ minh họa .",negative,cung_cap_tai_lieu
510,dạy và ôn tập tận tình .,positive,ky_nang_giang_day
510,dạy và ôn tập tận tình .,positive,hanh_vi
511,giáo trình môn học nên cập nhật thường xuyên .,negative,cung_cap_tai_lieu
511,giáo trình môn học nên cập nhật thường xuyên .,neutral,de_xuat
512,"tận tình , giảng dạy dễ hiểu , vui vẻ .",positive,ky_nang_giang_day
512,"tận tình , giảng dạy dễ hiểu , vui vẻ .",positive,hanh_vi
513,thầy giảng rất tận tâm .,positive,hanh_vi
514,"tận tình , cung cấp thông tin và giải đáp thắc mắc tốt .",positive,hanh_vi
515,bù lại cách chấm điểm sẽ đặt nặng phần hiểu vấn đề hơn như thầy wzjwz119 đã từng trình bày .,neutral,cham_diem
516,giáo viên nhiệt tình vui tính .,positive,hanh_vi
517,cách truyền đạt qua lời nói khó hiểu .,negative,ky_nang_giang_day
518,"phòng học được trang bị tốt hơn , đảm bảo tốt cho công tác giảng dạy .",positive,thiet_bi_day_hoc
519,"chuyên môn sâu , nhiệt tình , hiệu quả trong giảng dạy , vui tính , dễ hiểu .",positive,ky_nang_giang_day
519,"chuyên môn sâu , nhiệt tình , hiệu quả trong giảng dạy , vui tính , dễ hiểu .",positive,hanh_vi
519,"chuyên môn sâu , nhiệt tình , hiệu quả trong giảng dạy , vui tính , dễ hiểu .",positive,kien_thuc
520,"vui tính , dạy dễ hiểu .",positive,ky_nang_giang_day
520,"vui tính , dạy dễ hiểu .",positive,hanh_vi
521,"giảng bài cụ thể , chi tiết .",positive,ky_nang_giang_day
522,"hình thức 2 cần có sự phân bố thời gian gặp sinh viên hợp lý , không thể để cuối kỳ , gặp rồi cho đồ án liên tục , ảnh hưởng đến việc ôn tập cho kỳ thi cuối kỳ của sinh viên .",negative,bai_tap
522,"hình thức 2 cần có sự phân bố thời gian gặp sinh viên hợp lý , không thể để cuối kỳ , gặp rồi cho đồ án liên tục , ảnh hưởng đến việc ôn tập cho kỳ thi cuối kỳ của sinh viên .",negative,chuong_trinh_hoc
522,"hình thức 2 cần có sự phân bố thời gian gặp sinh viên hợp lý , không thể để cuối kỳ , gặp rồi cho đồ án liên tục , ảnh hưởng đến việc ôn tập cho kỳ thi cuối kỳ của sinh viên .",negative,de_xuat
523,cô dễ thương quá em nhìn cô nhiều hơn nhìn code cô viết colonsmallsmile !,positive,hanh_vi
524,thầy dạy tốt nhưng cần giảng mẫu cho sinh viên nắm bắt trước khi giao bài tập về nhà .,positive,ky_nang_giang_day
524,thầy dạy tốt nhưng cần giảng mẫu cho sinh viên nắm bắt trước khi giao bài tập về nhà .,neutral,de_xuat
525,em biết là cô rất buồn vì chúng em không chú tâm tới môn học của cô .,negative,hanh_vi
526,giảng viên dạy tốt .,positive,ky_nang_giang_day
527,"kiến thức giảng hơi khó hiểu , nhưng giải bài tập hay hướng dẫn sinh viên làm bài thì dễ hiểu và còn tận tình chỉ bảo cho sinh viên những gì không biết , cô có thể nói lại , giảng lại một vấn đề vài lần nếu sinh viên vẫn chưa hiểu !",positive,ky_nang_giang_day
527,"kiến thức giảng hơi khó hiểu , nhưng giải bài tập hay hướng dẫn sinh viên làm bài thì dễ hiểu và còn tận tình chỉ bảo cho sinh viên những gì không biết , cô có thể nói lại , giảng lại một vấn đề vài lần nếu sinh viên vẫn chưa hiểu !",positive,hanh_vi
527,"kiến thức giảng hơi khó hiểu , nhưng giải bài tập hay hướng dẫn sinh viên làm bài thì dễ hiểu và còn tận tình chỉ bảo cho sinh viên những gì không biết , cô có thể nói lại , giảng lại một vấn đề vài lần nếu sinh viên vẫn chưa hiểu !",negative,kien_thuc
528,dạy đúng theo giáo trình .,positive,ky_nang_giang_day
529,"mong giảng viên chủ động trong việc truyền đạt kiến thức hơn , tránh trường hợp đợi hỏi mới trả lời , vì sinh viên làm sao biết cái mình cần hỏi đề hỏi khi lực học mới chỉ ở mức trung bình .",negative,ky_nang_giang_day
529,"mong giảng viên chủ động trong việc truyền đạt kiến thức hơn , tránh trường hợp đợi hỏi mới trả lời , vì sinh viên làm sao biết cái mình cần hỏi đề hỏi khi lực học mới chỉ ở mức trung bình .",negative,hanh_vi
529,"mong giảng viên chủ động trong việc truyền đạt kiến thức hơn , tránh trường hợp đợi hỏi mới trả lời , vì sinh viên làm sao biết cái mình cần hỏi đề hỏi khi lực học mới chỉ ở mức trung bình .",neutral,de_xuat
530,cần giảng dạy kỹ phần trigger các từ cơ bản vì tìm kiếm trên mạng tương đối khó khăn dù chúng tương đương lập trình cơ bản .,negative,chuong_trinh_hoc
530,cần giảng dạy kỹ phần trigger các từ cơ bản vì tìm kiếm trên mạng tương đối khó khăn dù chúng tương đương lập trình cơ bản .,neutral,de_xuat
531,"thầy nhiệt tình , giảng kỹ , tận tâm với sinh viên .",positive,ky_nang_giang_day
531,"thầy nhiệt tình , giảng kỹ , tận tâm với sinh viên .",positive,hanh_vi
532,"giảng viên cần có kỹ năng sư phạm , truyền đạt nội dung môn học , thái độ nhiệt tình hơn .",negative,ky_nang_giang_day
532,"giảng viên cần có kỹ năng sư phạm , truyền đạt nội dung môn học , thái độ nhiệt tình hơn .",negative,hanh_vi
532,"giảng viên cần có kỹ năng sư phạm , truyền đạt nội dung môn học , thái độ nhiệt tình hơn .",neutral,de_xuat
533,"sản phẩm mình làm ra , đem người khác báo cáo thì không được hợp lý .",negative,bai_tap
534,"thầy giảng hay , nhiệt tình .",positive,ky_nang_giang_day
534,"thầy giảng hay , nhiệt tình .",positive,hanh_vi
535,"giảng dạy dễ hiểu , nhiệt tình .",positive,ky_nang_giang_day
535,"giảng dạy dễ hiểu , nhiệt tình .",positive,hanh_vi
536,"giảng viên tận tâm , nhiệt tình , phương pháp giảng dạy của giảng viên giúp hiểu được và vận dụng được kiến thức .",positive,ky_nang_giang_day
536,"giảng viên tận tâm , nhiệt tình , phương pháp giảng dạy của giảng viên giúp hiểu được và vận dụng được kiến thức .",positive,hanh_vi
536,"giảng viên tận tâm , nhiệt tình , phương pháp giảng dạy của giảng viên giúp hiểu được và vận dụng được kiến thức .",positive,kien_thuc
537,"giảng viên giảng dạy nhiệt tình , bám sát chương trình .",positive,hanh_vi
537,"giảng viên giảng dạy nhiệt tình , bám sát chương trình .",positive,chuong_trinh_hoc
538,dạy ít về phần code .,negative,ky_nang_giang_day
538,dạy ít về phần code .,negative,chuong_trinh_hoc
539,thầy không công bằng trong đánh giá .,negative,cham_diem
540,"giáo viên giảng dạy đầy đủ kiến thức , dễ tiếp thu , nhiệt tình giảng dạy .",positive,ky_nang_giang_day
540,"giáo viên giảng dạy đầy đủ kiến thức , dễ tiếp thu , nhiệt tình giảng dạy .",positive,hanh_vi
540,"giáo viên giảng dạy đầy đủ kiến thức , dễ tiếp thu , nhiệt tình giảng dạy .",positive,kien_thuc
541,"thầy đi rất đúng giờ , giảng dạy rất nhiệt tình !",positive,ky_nang_giang_day
541,"thầy đi rất đúng giờ , giảng dạy rất nhiệt tình !",positive,hanh_vi
542,mà hơn nữa ngủ ở lớp học còn rất dễ bị đau lưng .,negative,thiet_bi_day_hoc
543,"thầy rất hay liên hệ nhưng thứ học được ra thực tế , như những ứng dụng của các linh kiện , vdotv .",positive,ky_nang_giang_day
543,"thầy rất hay liên hệ nhưng thứ học được ra thực tế , như những ứng dụng của các linh kiện , vdotv .",positive,kinh_nghiem
543,"thầy rất hay liên hệ nhưng thứ học được ra thực tế , như những ứng dụng của các linh kiện , vdotv .",positive,kien_thuc
544,thầy thường vào lớp trễ .,negative,hanh_vi
545,"thầy dạy dễ hiểu , hướng dẫn chi tiết .",positive,ky_nang_giang_day
546,giảng viên đến khá trễ .,negative,hanh_vi
547,"thầy dạy phần hai có phần hơi khó khăn trong việc điểm danh , cả khi thầy có nhầm lẫn thầy cũng không chịu nhận .",negative,hanh_vi
548,giảng dạy còn nhiều thiết sót .,negative,ky_nang_giang_day
549,một môn học rất hay .,positive,chuong_trinh_hoc
550,thầy tận tâm .,positive,hanh_vi
551,"các thiết bị giảng dạy môn học có thể không đảm bảo chất lượng , nhiều thiết bị hoạt động không tốt như doubledot loa , máy chiếu .",negative,thiet_bi_day_hoc
552,hướng dẫn dễ hiểu .,positive,ky_nang_giang_day
553,"giáo viên hướng dẫn nhiệt tình , vui vẻ , dễ tính .",positive,hanh_vi
554,"giảng dạy nhiệt tình , giờ học đúng không đi trễ về sớm .",positive,hanh_vi
554,"giảng dạy nhiệt tình , giờ học đúng không đi trễ về sớm .",positive,chuong_trinh_hoc
555,giảng viên nên quan tâm nhiều hơn đến mức hiểu bài của sinh viên qua mỗi giờ học bằng cách hỏi những câu hỏi liên quan ở cuối giờ qua đó cộng điểm để tạo thêm sự yêu thích môn học .,negative,ky_nang_giang_day
555,giảng viên nên quan tâm nhiều hơn đến mức hiểu bài của sinh viên qua mỗi giờ học bằng cách hỏi những câu hỏi liên quan ở cuối giờ qua đó cộng điểm để tạo thêm sự yêu thích môn học .,negative,hanh_vi
555,giảng viên nên quan tâm nhiều hơn đến mức hiểu bài của sinh viên qua mỗi giờ học bằng cách hỏi những câu hỏi liên quan ở cuối giờ qua đó cộng điểm để tạo thêm sự yêu thích môn học .,neutral,de_xuat
556,"cô tuy còn trẻ nhưng rất tận tâm với sinh viên , khi sinh viên có vấn đề gì hỏi cô , cô đều giải thích rất kỹ , đôi khi còn nói thêm những vấn đề liên quan .",positive,ky_nang_giang_day
556,"cô tuy còn trẻ nhưng rất tận tâm với sinh viên , khi sinh viên có vấn đề gì hỏi cô , cô đều giải thích rất kỹ , đôi khi còn nói thêm những vấn đề liên quan .",positive,hanh_vi
557,"cô lên lớp đúng giờ , tiết học được chuẩn bị tốt , cô rất thân thiện !",positive,hanh_vi
558,thầy dạy rất chậm rãi kết hợp với biểu đồ vẽ trên bản đồ giúp sinh viên dễ hiểu hơn .,positive,ky_nang_giang_day
559,rất hòa đồng .,positive,hanh_vi
560,thầy dạy hay dễ hiểu .,positive,ky_nang_giang_day
561,giọng nói truyền cảm .,positive,hanh_vi
562,"giảng viên giảng ít , phần lớn tự sinh viên tìm hiêu trên mạng .",negative,ky_nang_giang_day
563,nên phân bổ thời gian hợp lý hơn .,negative,chuong_trinh_hoc
563,nên phân bổ thời gian hợp lý hơn .,neutral,de_xuat
564,"bài tập nhiều , đa dạng .",positive,bai_tap
565,"tận tâm , nhiệt tình , thân thiện , hướng dẫn ân cần , theo sát năng lực học tập của sinh viên .",positive,ky_nang_giang_day
565,"tận tâm , nhiệt tình , thân thiện , hướng dẫn ân cần , theo sát năng lực học tập của sinh viên .",positive,hanh_vi
566,giới thiệu những mảng mới cho sinh viên .,neutral,chuong_trinh_hoc
567,"đồ án cho sinh viên làm rất mơ hồ , đa số không thể hiểu được giáo viên đang yêu cầu làm gì .",negative,bai_tap
568,"bởi chúng em đang đi học , phải học của nhiều môn khác nhau .",neutral,chuong_trinh_hoc
569,"giảng viên nhiệt tình thân thiện , trình độ cao .",positive,hanh_vi
569,"giảng viên nhiệt tình thân thiện , trình độ cao .",positive,kien_thuc
570,"giảng viên nhiệt tình , vui vẻ , chịu khó .",positive,hanh_vi
571,"thầy rất tận tâm , nhiệt tình .",positive,hanh_vi
572,"giảng quá nhanh với phần bài tập , không nắm bắt được các dạng bài làm nó như thế nào .",negative,ky_nang_giang_day
572,"giảng quá nhanh với phần bài tập , không nắm bắt được các dạng bài làm nó như thế nào .",negative,bai_tap
573,cách giảng viên liên kết nội dung bài học với những thông tin mang tính thực tế .,positive,ky_nang_giang_day
573,cách giảng viên liên kết nội dung bài học với những thông tin mang tính thực tế .,positive,kinh_nghiem
574,"giáo trình anh văn chưa phù hợp , gây chán vì nhiều kiến thức đã biết qua rồi .",negative,cung_cap_tai_lieu
574,"giáo trình anh văn chưa phù hợp , gây chán vì nhiều kiến thức đã biết qua rồi .",negative,chuong_trinh_hoc
575,cô dễ thương .,positive,hanh_vi
576,"rất thân thiện , nhiệt tình , quan tâm sinh viên , dạy hay và dễ hiểu .",positive,ky_nang_giang_day
576,"rất thân thiện , nhiệt tình , quan tâm sinh viên , dạy hay và dễ hiểu .",positive,hanh_vi
577,"cần có những lớp training cho các bạn yếu , mất căn bản .",neutral,chuong_trinh_hoc
577,"cần có những lớp training cho các bạn yếu , mất căn bản .",neutral,de_xuat
578,"mặc dù giảng viên đã có chỉnh đốn nội dung ngay trên lớp , nhưng không có tài liệu về nhà đọc lại thì sao nắm được ?",negative,cung_cap_tai_lieu
579,giảng viên có kinh nghiệm .,positive,kinh_nghiem
580,không có nhiều tài liệu môn học được cung cấp cho sinh viên ngoài slide bài giảng của giảng viên .,negative,cung_cap_tai_lieu
581,chất lượng kiến thức được giáo viên truyền đạt hay .,positive,kien_thuc
582,thầy nên giảng chậm hơn để sinh viên có thể theo kịp bài và cho sinh viên copy slide bài giảng .,negative,ky_nang_giang_day
582,thầy nên giảng chậm hơn để sinh viên có thể theo kịp bài và cho sinh viên copy slide bài giảng .,neutral,cung_cap_tai_lieu
582,thầy nên giảng chậm hơn để sinh viên có thể theo kịp bài và cho sinh viên copy slide bài giảng .,neutral,de_xuat
583,"thầy dạy hay , nhiều kinh nghiệm , có phần demo trực tiếp trên visual studio giúp dễ hiểu .",positive,ky_nang_giang_day
583,"thầy dạy hay , nhiều kinh nghiệm , có phần demo trực tiếp trên visual studio giúp dễ hiểu .",positive,kinh_nghiem
584,"nhiệt tình giải đáp thắc mắc của sinh viên , chu đáo , tận tâm , nội dung thực hành chuẩn bị cẩn thận và cần thiết .",positive,kinh_nghiem
584,"nhiệt tình giải đáp thắc mắc của sinh viên , chu đáo , tận tâm , nội dung thực hành chuẩn bị cẩn thận và cần thiết .",positive,hanh_vi
585,"cô nhiệt tình , dễ hiểu .",positive,ky_nang_giang_day
585,"cô nhiệt tình , dễ hiểu .",positive,hanh_vi
586,cần có những tiết học sinh động hơn là để sinh viên ngồi một chỗ và nghe nhưng không hiểu .,negative,ky_nang_giang_day
586,cần có những tiết học sinh động hơn là để sinh viên ngồi một chỗ và nghe nhưng không hiểu .,positive,de_xuat
587,phần học trên mức độ kiến thức còn thấp so với đề thi của trường .,negative,kien_thuc
588,cô dạy dễ hiểu .,positive,ky_nang_giang_day
589,sự tận tâm của giảng viên .,positive,hanh_vi
590,em thích cách dạy của thầy .,positive,ky_nang_giang_day
591,giảng viên cần cân nhắc trong việc giao việc cho sinh viên .,negative,hanh_vi
591,giảng viên cần cân nhắc trong việc giao việc cho sinh viên .,negative,bai_tap
591,giảng viên cần cân nhắc trong việc giao việc cho sinh viên .,neutral,de_xuat
592,"phòng học hơi nhỏ , nên nâng cấp .",negative,thiet_bi_day_hoc
592,"phòng học hơi nhỏ , nên nâng cấp .",neutral,de_xuat
593,rõ ràng .,neutral,noi_chung
594,"cô dạy rất tâm huyết , nhiệt tình .",positive,hanh_vi
595,"thầy dạy tốt , có nhiều kiến thức chuyên sâu , hỗ trợ rất nhiều cho sinh viên trong khâu nâng cao kiến thức chuyên môn .",positive,ky_nang_giang_day
595,"thầy dạy tốt , có nhiều kiến thức chuyên sâu , hỗ trợ rất nhiều cho sinh viên trong khâu nâng cao kiến thức chuyên môn .",positive,hanh_vi
595,"thầy dạy tốt , có nhiều kiến thức chuyên sâu , hỗ trợ rất nhiều cho sinh viên trong khâu nâng cao kiến thức chuyên môn .",positive,kien_thuc
596,"gần gũi , hòa đồng với sinh viên .",positive,hanh_vi
597,"cô rất nhiệt tình khi giảng dạy , kiên nhẫn với sinh viên .",positive,hanh_vi
598,"thật sự là bài tập hơi nhiều thì tốt , nhưng có nhiều bài tương tự nhau .",negative,bai_tap
599,"nhiệt tình , tận tâm với sinh viện .",positive,hanh_vi
600,cần thêm một số topic để rèn luyện thêm .,neutral,chuong_trinh_hoc
600,cần thêm một số topic để rèn luyện thêm .,neutral,de_xuat
601,sau khi thi kỳ thi cuối kỳ vừa rồi .,neutral,noi_chung
602,"p fraction s doubledot phía trên là ý kiến em tổng hợp từ em và các bạn học cùng lớp này , có nhiều bạn ngại nói ra , hy vọng trường sẽ không cho giảng viên biết tên của người ghi ý kiến ạ .",neutral,de_xuat
602,"p fraction s doubledot phía trên là ý kiến em tổng hợp từ em và các bạn học cùng lớp này , có nhiều bạn ngại nói ra , hy vọng trường sẽ không cho giảng viên biết tên của người ghi ý kiến ạ .",neutral,noi_chung
603,phòng học cần phù hợp với số lượng sinh viên .,negative,thiet_bi_day_hoc
603,phòng học cần phù hợp với số lượng sinh viên .,negative,de_xuat
604,đề thi tương đối dài .,negative,bai_tap
605,phòng thực hành cần được chuyển qua một phòng lớn hơn .,negative,thiet_bi_day_hoc
605,phòng thực hành cần được chuyển qua một phòng lớn hơn .,neutral,de_xuat
606,thầy ít cho bài tập về nhà .,negative,bai_tap
607,nhiệt tình giúp đỡ học sinh .,positive,hanh_vi
608,thầy theo chế độ trọng nam khinh nữ doubledot các câu hỏi dành cho nữ nhiều hơn dành cho nam .,negative,hanh_vi
609,trình độ giỏi .,positive,kien_thuc
610,"thầy dạy nhiệt tình , dễ hiểu , đưa ví dụ bài tập rất thực tế .",positive,ky_nang_giang_day
610,"thầy dạy nhiệt tình , dễ hiểu , đưa ví dụ bài tập rất thực tế .",positive,kinh_nghiem
610,"thầy dạy nhiệt tình , dễ hiểu , đưa ví dụ bài tập rất thực tế .",positive,hanh_vi
611,"giảng bài rất kỹ , và cho nhiều bài tập áp dụng .",positive,ky_nang_giang_day
611,"giảng bài rất kỹ , và cho nhiều bài tập áp dụng .",positive,bai_tap
612,"giáo viên dạy dễ hiểu , dễ tiếp thu .",positive,ky_nang_giang_day
613,"thầy dạy nhiệt tình , cho code mẫu cho các bạn tham khảo .",positive,hanh_vi
613,"thầy dạy nhiệt tình , cho code mẫu cho các bạn tham khảo .",positive,cung_cap_tai_lieu
614,"nội dung bài học , nội dung ôn tập thi giữa kỳ , cuối kỳ nên được cập nhật trên moodle .",negative,cung_cap_tai_lieu
614,"nội dung bài học , nội dung ôn tập thi giữa kỳ , cuối kỳ nên được cập nhật trên moodle .",neutral,de_xuat
615,không thấy thầy lên lớp kể từ khi nghỉ lễ 30 fraction 4 và 1 fraction 5 xong .,negative,hanh_vi
616,thiếu sự đa dạng về bài tập .,negative,bai_tap
617,thầy nên chuẩn bị trước slide lý thuyết vì mỗi buổi thầy viết lại sẽ mất nhiều thời gian .,negative,cung_cap_tai_lieu
617,thầy nên chuẩn bị trước slide lý thuyết vì mỗi buổi thầy viết lại sẽ mất nhiều thời gian .,neutral,de_xuat
618,vui tánh .,positive,noi_chung
619,phân công từng nhóm lên thuyết trình .,neutral,bai_tap
620,đọc slide có thể hiểu nội dung nhưng sau khi thầy giảng lại thì không hiểu tí gì hết .,negative,ky_nang_giang_day
620,đọc slide có thể hiểu nội dung nhưng sau khi thầy giảng lại thì không hiểu tí gì hết .,positive,cung_cap_tai_lieu
621,"thầy dạy rất tốt , cảm ơn thầy !",positive,ky_nang_giang_day
622,tận tâm .,positive,hanh_vi
623,"giảng viên giảng dễ tiếp thu , slide trình bày dễ hiểu , giảng viên nhiệt tình , hài hước .",positive,ky_nang_giang_day
623,"giảng viên giảng dễ tiếp thu , slide trình bày dễ hiểu , giảng viên nhiệt tình , hài hước .",positive,hanh_vi
623,"giảng viên giảng dễ tiếp thu , slide trình bày dễ hiểu , giảng viên nhiệt tình , hài hước .",positive,cung_cap_tai_lieu
624,giáo viên rất nhiệt tình và tận tâm !,positive,hanh_vi
625,giáo trình môn học chưa cập nhật .,negative,cung_cap_tai_lieu
626,giảng viên giải đề các năm trước .,positive,ky_nang_giang_day
627,giảng viên nên đưa ra nhiều ví dụ minh họa hơn .,negative,ky_nang_giang_day
627,giảng viên nên đưa ra nhiều ví dụ minh họa hơn .,neutral,de_xuat
628,nên nhiều khi không hiểu thầy đang giảng gì .,negative,ky_nang_giang_day
629,"lên lớp đúng giờ , nhiệt tình .",positive,hanh_vi
630,"hy vọng những giờ thực hành , thay vì đưa ra bài thực hành , thầy hướng dẫn từng bước làm đồ án , môn học hay nhưng thầy truyền đạt không hiểu .",negative,ky_nang_giang_day
630,"hy vọng những giờ thực hành , thay vì đưa ra bài thực hành , thầy hướng dẫn từng bước làm đồ án , môn học hay nhưng thầy truyền đạt không hiểu .",positive,chuong_trinh_hoc
630,"hy vọng những giờ thực hành , thay vì đưa ra bài thực hành , thầy hướng dẫn từng bước làm đồ án , môn học hay nhưng thầy truyền đạt không hiểu .",neutral,de_xuat
631,thầy dạy quá hay !,positive,ky_nang_giang_day
632,muốn đề thi dễ hơn .,negative,cham_diem
632,muốn đề thi dễ hơn .,positive,de_xuat
633,phương pháp dạy mới tích cực .,positive,ky_nang_giang_day
634,"giảng viên nhiệt tình , máu lửa , phương pháp giảng dạy hiện đại .",positive,ky_nang_giang_day
634,"giảng viên nhiệt tình , máu lửa , phương pháp giảng dạy hiện đại .",positive,hanh_vi
635,thầy hay nghỉ dạy nhờ giảng viên khác dạy thay do bận việc nhiều .,negative,hanh_vi
636,"giáo viên tận tâm , giảng dạy tốt .",positive,ky_nang_giang_day
636,"giáo viên tận tâm , giảng dạy tốt .",positive,hanh_vi
637,"cô vui tính , tận tình .",positive,hanh_vi
638,"cô dạy nhiệt tình , dễ hiểu .",positive,ky_nang_giang_day
638,"cô dạy nhiệt tình , dễ hiểu .",positive,hanh_vi
639,tạo ra sự ganh đua trong mỗi buổi thực hành .,neutral,kinh_nghiem
640,khả năng truyền đạt chưa cao .,negative,ky_nang_giang_day
641,"cô rất dễ thương , hiền nữa , cô khá nhiệt huyết .",positive,hanh_vi
642,luôn bám sát tiến độ làm đồ án của sinh viên .,positive,bai_tap
643,nhiều bài tập .,negative,bai_tap
644,thiếu nghiêm túc trong học tập .,negative,hanh_vi
645,thầy cho nhiều bài tập để thực hành .,positive,bai_tap
646,sinh viên không có thời gian tiếp xúc cũng như thực hành .,negative,kinh_nghiem
647,giảng viên chưa truyền đạt được kiến thức cần hiểu tới sinh viên .,negative,ky_nang_giang_day
648,cô rất tận tâm và nhiệt tình .,positive,hanh_vi
649,đề nghị dạy lập trình c trước hoặc song song với môn học này .,neutral,chuong_trinh_hoc
649,đề nghị dạy lập trình c trước hoặc song song với môn học này .,neutral,de_xuat
650,buổi chiều nên học lúc 13h30 .,neutral,chuong_trinh_hoc
650,buổi chiều nên học lúc 13h30 .,neutral,de_xuat
651,"ít trang bị kiến thúc ngữ pháp vững vàng cho sinh viên , ít làm bài tập ngữ pháp trên lớp , một buổi học quá nhiều kiến thức không tiếp thu kịp , áp lực , sửa bài tập nhanh dot chỉ nói bằng miệng nên ít ghi chép để nhớ lâu .",negative,ky_nang_giang_day
651,"ít trang bị kiến thúc ngữ pháp vững vàng cho sinh viên , ít làm bài tập ngữ pháp trên lớp , một buổi học quá nhiều kiến thức không tiếp thu kịp , áp lực , sửa bài tập nhanh dot chỉ nói bằng miệng nên ít ghi chép để nhớ lâu .",negative,hanh_vi
651,"ít trang bị kiến thúc ngữ pháp vững vàng cho sinh viên , ít làm bài tập ngữ pháp trên lớp , một buổi học quá nhiều kiến thức không tiếp thu kịp , áp lực , sửa bài tập nhanh dot chỉ nói bằng miệng nên ít ghi chép để nhớ lâu .",negative,bai_tap
651,"ít trang bị kiến thúc ngữ pháp vững vàng cho sinh viên , ít làm bài tập ngữ pháp trên lớp , một buổi học quá nhiều kiến thức không tiếp thu kịp , áp lực , sửa bài tập nhanh dot chỉ nói bằng miệng nên ít ghi chép để nhớ lâu .",negative,kien_thuc
652,"dạy vui , nhiệt tình .",positive,ky_nang_giang_day
652,"dạy vui , nhiệt tình .",positive,hanh_vi
653,cô tuyệt vời !,positive,hanh_vi
654,"thầy dạy nhiệt tình , dạy những kiến thức sát với các kỳ thi .",positive,ky_nang_giang_day
654,"thầy dạy nhiệt tình , dạy những kiến thức sát với các kỳ thi .",positive,hanh_vi
654,"thầy dạy nhiệt tình , dạy những kiến thức sát với các kỳ thi .",positive,kien_thuc
655,giống như việc cung cấp cho phép cộng và yêu cầu là giải được bất đẳng thức .,neutral,noi_chung
656,em thấy học thực hành là tiếp thu nhiều hơn học lý thuyết và thầy dạy rất nhiệt tình .,positive,kinh_nghiem
656,em thấy học thực hành là tiếp thu nhiều hơn học lý thuyết và thầy dạy rất nhiệt tình .,positive,hanh_vi
657,"nhiều sinh viên đọc đề không hiểu , vượt xa kiến thức trên lớp .",negative,bai_tap
657,"nhiều sinh viên đọc đề không hiểu , vượt xa kiến thức trên lớp .",negative,kien_thuc
658,tăng thời gian giảng dạy .,neutral,de_xuat
659,một số vấn đề nói chưa rõ như là doubledot một số bài tập khó chưa giải đáp được .,negative,ky_nang_giang_day
659,một số vấn đề nói chưa rõ như là doubledot một số bài tập khó chưa giải đáp được .,negative,bai_tap
660,"cô rất nhiệt tình , giảng bài khá hay .",positive,ky_nang_giang_day
660,"cô rất nhiệt tình , giảng bài khá hay .",positive,hanh_vi
661,"cô dễ thương , vui tính , nhiệt tình , nhiều nhiều nữa .",positive,hanh_vi
662,"cô rất vui tính , giảng bài tận tình .",positive,ky_nang_giang_day
662,"cô rất vui tính , giảng bài tận tình .",positive,hanh_vi
663,"nên tập trung cho sinh viên vào một phương pháp , một công cụ nào đó để làm bài tập , tránh tình trạng sinh viên không biết đường nào để làm .",negative,bai_tap
663,"nên tập trung cho sinh viên vào một phương pháp , một công cụ nào đó để làm bài tập , tránh tình trạng sinh viên không biết đường nào để làm .",neutral,de_xuat
664,giảng viên tận tâm giúp sinh viên học tập .,positive,hanh_vi
665,giảng viên cho nhiều bài tập khó .,negative,bai_tap
666,em rất thích !,positive,noi_chung
667,"cô phát âm chưa tốt , dạy còn chút khô khan , chưa tạo được sự hứng thú học tập cho sinh viên .",negative,ky_nang_giang_day
667,"cô phát âm chưa tốt , dạy còn chút khô khan , chưa tạo được sự hứng thú học tập cho sinh viên .",negative,hanh_vi
668,đưa ra các bài tập áp dụng .,neutral,bai_tap
669,"thầy dạy cứng nhắc , buồn ngủ .",negative,hanh_vi
670,"cô giảng dạy hay , dễ tiếp thu .",positive,ky_nang_giang_day
671,cần cài đặt matlab trên các máy ở phòng thực hành .,neutral,thiet_bi_day_hoc
671,cần cài đặt matlab trên các máy ở phòng thực hành .,neutral,de_xuat
672,"dạy dễ hiểu , hay củng cố lại kiến thức .",positive,ky_nang_giang_day
673,giảng còn hơi nhanh .,negative,ky_nang_giang_day
674,"giảng viên truyền cảm hứng cho sinh viên , nhiệt tình .",positive,hanh_vi
675,nguyên tắc và tận tình giảng dạy .,positive,ky_nang_giang_day
675,nguyên tắc và tận tình giảng dạy .,positive,hanh_vi
676,thường xuyên đặt câu hỏi cho sinh viên trả lời .,positive,hanh_vi
677,em thích đi học tiết của thầy nhất .,positive,ky_nang_giang_day
678,cung cấp tài liệu cần thiết cho môn học nhiều hơn .,negative,cung_cap_tai_lieu
678,cung cấp tài liệu cần thiết cho môn học nhiều hơn .,neutral,de_xuat
679,nói chung thầy wzjwz196 dạy toán là tuyệt .,positive,ky_nang_giang_day
680,bài giảng không lôi cuốn .,negative,ky_nang_giang_day
681,"giảng dạy nhiệt tình , cho bài tập nhiều .",positive,hanh_vi
681,"giảng dạy nhiệt tình , cho bài tập nhiều .",negative,bai_tap
682,thầy giảng dạy rất nhiệt tình và chi tiết tường tận cho nhiều ví dụ cụ thể thực tế rất hay .,positive,ky_nang_giang_day
682,thầy giảng dạy rất nhiệt tình và chi tiết tường tận cho nhiều ví dụ cụ thể thực tế rất hay .,positive,kinh_nghiem
682,thầy giảng dạy rất nhiệt tình và chi tiết tường tận cho nhiều ví dụ cụ thể thực tế rất hay .,positive,hanh_vi
683,cô rất nhiệt tình chỉ dạy cho lớp và luôn giúp những bạn yếu kém vươn lên học tốt hơn .,positive,hanh_vi
684,"thực hành nhiều , làm bài tại lớp càng nhiều càng tốt , đưa ra nhiều ví dụ về nhiều trường hợp và một số trường hợp phát sinh .",negative,kinh_nghiem
684,"thực hành nhiều , làm bài tại lớp càng nhiều càng tốt , đưa ra nhiều ví dụ về nhiều trường hợp và một số trường hợp phát sinh .",negative,bai_tap
684,"thực hành nhiều , làm bài tại lớp càng nhiều càng tốt , đưa ra nhiều ví dụ về nhiều trường hợp và một số trường hợp phát sinh .",neutral,de_xuat
685,"thay vì thế , giảng viên nên tập trung vào các công nghệ được ngôn ngữ lập trình hỗ trợ và cách sử dụng chúng hiệu quả , việc hướng dẫn lập trình nên đưa vào các buổi thực hành .",neutral,de_xuat
686,"đề nghị việc giảng viên vào những lúc cuối kỳ , thời gian chuẩn bị báo cáo đồ án , chuẩn bị thi .",negative,hanh_vi
686,"đề nghị việc giảng viên vào những lúc cuối kỳ , thời gian chuẩn bị báo cáo đồ án , chuẩn bị thi .",positive,de_xuat
687,điều này gây mất công bằng và không đánh giá được đúng năng lực học tập của các bạn .,negative,cham_diem
688,giảng viên nhiệt tình và công tâm .,positive,hanh_vi
689,nếu thầy có thể lên lớp đúng giờ thì tuyệt ạ !,positive,hanh_vi
689,nếu thầy có thể lên lớp đúng giờ thì tuyệt ạ !,neutral,de_xuat
690,hay giúp đỡ sinh viên khi không hiểu bài và nhiệt huyết trong công việc .,positive,hanh_vi
691,thầy giảng dễ hiểu và kích thích sáng tạo và tìm tòi của sinh viên .,positive,ky_nang_giang_day
692,cô hay mất rất nhiều thời gian cho bài học và lịch học bù khá nhiều .,negative,ky_nang_giang_day
693,"rất nhiệt tình , nhưng cách truyền đạt của thầy và sự tiếp thu của sinh viên còn ít , các hoạt động trao đổi trên moodle rất hạn chế .",negative,ky_nang_giang_day
693,"rất nhiệt tình , nhưng cách truyền đạt của thầy và sự tiếp thu của sinh viên còn ít , các hoạt động trao đổi trên moodle rất hạn chế .",positive,hanh_vi
693,"rất nhiệt tình , nhưng cách truyền đạt của thầy và sự tiếp thu của sinh viên còn ít , các hoạt động trao đổi trên moodle rất hạn chế .",negative,cung_cap_tai_lieu
694,cách trình bày giữa thầy thực hành và thầy lý thuyết khác nhau .,neutral,ky_nang_giang_day
695,thầy nhiệt tình lắm .,positive,hanh_vi
696,với một môn nhập môn mà thầy đòi hỏi bọn em quá cao làm bọn em hơi áp lực .,negative,ky_nang_giang_day
696,với một môn nhập môn mà thầy đòi hỏi bọn em quá cao làm bọn em hơi áp lực .,negative,hanh_vi
697,"rồi giống như không muốn nghe nữa vậy , cho thời gian báo cáo là 15 phút , nhưng khi chưa kịp nói gì thì thầy nói chuyển , được khoảng 5 phút thì xong , không cho báo cáo nữa !",negative,hanh_vi
698,một giáo viên tâm huyết với nghề .,positive,hanh_vi
699,quá nhiều kiến thức để nhớ .,negative,kien_thuc
700,cách truyền đạt kiến thức cho sinh viên .,neutral,ky_nang_giang_day
701,"cung cấp slide , kiến thức , truyền dạt tốt .",positive,ky_nang_giang_day
701,"cung cấp slide , kiến thức , truyền dạt tốt .",positive,cung_cap_tai_lieu
701,"cung cấp slide , kiến thức , truyền dạt tốt .",positive,kien_thuc
702,đề thi thực hành quá dài .,negative,bai_tap
703,"không cung cấp slide , vô dạy nói tùm lum tà la không liên quan đến môn học , dạy một tí bảo chép slide rồi cầm tờ báo ngồi đọc .",negative,ky_nang_giang_day
703,"không cung cấp slide , vô dạy nói tùm lum tà la không liên quan đến môn học , dạy một tí bảo chép slide rồi cầm tờ báo ngồi đọc .",negative,hanh_vi
703,"không cung cấp slide , vô dạy nói tùm lum tà la không liên quan đến môn học , dạy một tí bảo chép slide rồi cầm tờ báo ngồi đọc .",negative,cung_cap_tai_lieu
704,thầy nghiêm túc quá .,negative,hanh_vi
705,cô dạy rất nhiệt tình và tận tụy .,positive,hanh_vi
706,"không chú ý yêu cầu , giải đáp của sinh viên .",negative,hanh_vi
707,tốt ạ .,positive,noi_chung
708,thầy không cho slide và lên lớp chủ yếu là chép slide .,negative,cung_cap_tai_lieu
709,nhiệt tình về giảng dạy .,positive,hanh_vi
710,giáo trình môn học cần xác định cho phù hợp với thực lực và trình độ của sinh viên .,negative,cung_cap_tai_lieu
710,giáo trình môn học cần xác định cho phù hợp với thực lực và trình độ của sinh viên .,neutral,de_xuat
711,hay đến trễ .,negative,hanh_vi
712,thầy nên đổi mới cách dạy để bài học trở nên sinh động hơn .,negative,ky_nang_giang_day
712,thầy nên đổi mới cách dạy để bài học trở nên sinh động hơn .,neutral,de_xuat
713,i love thầy !,positive,hanh_vi
714,cô wzjwz303 là một người cô dạy có tâm nhất mà em gặp từ lúc sinh ra tới giờ .,positive,hanh_vi
715,cô rất quan tâm đến tình hình học tập của lớp .,positive,hanh_vi
716,"học bù cũng không hỏi ý kiến sinh viên có trùng với môn khác không , học bù lại còn điểm danh .",negative,chuong_trinh_hoc
717,giảng hay minh họa sinh động .,positive,ky_nang_giang_day
718,"giáo viên thực hành cần năng động hơn , thầy có vẻ hơi thụ động trong giờ thực hành , không tạo cảm hứng cho sinh viên .",negative,ky_nang_giang_day
718,"giáo viên thực hành cần năng động hơn , thầy có vẻ hơi thụ động trong giờ thực hành , không tạo cảm hứng cho sinh viên .",negative,hanh_vi
718,"giáo viên thực hành cần năng động hơn , thầy có vẻ hơi thụ động trong giờ thực hành , không tạo cảm hứng cho sinh viên .",neutral,de_xuat
719,có những hoạt động giúp giờ học sinh động .,positive,ky_nang_giang_day
720,"nhiều lúc báo cáo tiến độ đồ án , khi không hài lòng , giảng viên đã nói thẳng với sinh viên là rớt môn dù cho còn 1 tháng nữa mới đến ngày báo cáo cuối kỳ .",negative,hanh_vi
720,"nhiều lúc báo cáo tiến độ đồ án , khi không hài lòng , giảng viên đã nói thẳng với sinh viên là rớt môn dù cho còn 1 tháng nữa mới đến ngày báo cáo cuối kỳ .",negative,cham_diem
721,cô rất tận tình giúp đỡ chúng em trong học tập .,positive,hanh_vi
722,thầy giảng quá nhanh .,negative,ky_nang_giang_day
723,"ngược lại đề thi nên cho những câu hỏi khó , nhưng thời gian thi rộng để sinh viên có thời gian động não suy nghĩ các giải tăng được tư duy suy luận và sáng tạo hơn là khả năng học thuộc bài như kiểu trên thích hợp cho ngành khác .",positive,de_xuat
724,"thầy giảng chậm lại , từ dễ tới khó để học sinh tiếp thu tốt hơn .",positive,ky_nang_giang_day
725,rất hài lòng !,positive,noi_chung
726,đề thực hành hay và khó .,negative,bai_tap
727,"giáo viên giảng dạy nhiệt tình , tận tâm , dạy hay , dễ hiểu .",positive,ky_nang_giang_day
727,"giáo viên giảng dạy nhiệt tình , tận tâm , dạy hay , dễ hiểu .",positive,hanh_vi
728,không truyền tải hết nội dung chương trình .,negative,chuong_trinh_hoc
729,giảng dạy nhiệt tình tâm huyết .,positive,ky_nang_giang_day
729,giảng dạy nhiệt tình tâm huyết .,positive,hanh_vi
730,lịch thực hành ban ra quá trễ !,negative,chuong_trinh_hoc
731,không .,neutral,noi_chung
732,"chưa nhận thấy có điểm nào chưa tốt , sinh viên học môn này từ cô wzjwz85 rất vui và tiếp thu bài rất tốt .",positive,ky_nang_giang_day
732,"chưa nhận thấy có điểm nào chưa tốt , sinh viên học môn này từ cô wzjwz85 rất vui và tiếp thu bài rất tốt .",positive,hanh_vi
733,"giảng viên có phong cách giảng dạy chưa phù hợp , khiến sinh viên cảm thấy xa rời với nội dung môn học .",negative,ky_nang_giang_day
734,"bộ kit thực hành cần được nâng cấp để không xảy ra tình trạng hư , trục trặc .",negative,thiet_bi_day_hoc
734,"bộ kit thực hành cần được nâng cấp để không xảy ra tình trạng hư , trục trặc .",neutral,de_xuat
735,"bài tập thì không còn như thời cấp 3 chỉ có vài dạng cơ bản , số lượng cũng như độ khó ngày càng tăng , thời gian của sinh viên cũng chẳng phải dư dả , sinh viên cũng cần phải đầu tư cho các môn học khác , nên cách đưa ra những công thức trọng tâm , những bài tập cần và đủ của thầy khiến em một nữ sinh viên cảm thấy hứng thú hơn khi học vật lý , một học dường như chỉ dành cho các bạn nam .",positive,ky_nang_giang_day
735,"bài tập thì không còn như thời cấp 3 chỉ có vài dạng cơ bản , số lượng cũng như độ khó ngày càng tăng , thời gian của sinh viên cũng chẳng phải dư dả , sinh viên cũng cần phải đầu tư cho các môn học khác , nên cách đưa ra những công thức trọng tâm , những bài tập cần và đủ của thầy khiến em một nữ sinh viên cảm thấy hứng thú hơn khi học vật lý , một học dường như chỉ dành cho các bạn nam .",negative,bai_tap
736,thầy nhiệt tình ở chỗ giảng dạy nhiều thứ cho sinh viên .,positive,ky_nang_giang_day
736,thầy nhiệt tình ở chỗ giảng dạy nhiều thứ cho sinh viên .,positive,hanh_vi
737,cô rất nhiệt tình chu đáo .,positive,hanh_vi
738,"nhiệt tình , biết cách truyền đạt .",positive,ky_nang_giang_day
738,"nhiệt tình , biết cách truyền đạt .",positive,hanh_vi
739,chưa nêu bật được ứng dụng thực tiễn của môn học .,negative,kinh_nghiem
740,"giảng viên gần gũi , giúp đỡ sinh viên rất nhiều trong học tập trên lớp .",positive,hanh_vi
741,"giảng viên dạy thực hành là wzjwz235 , không phải wzjwz236 !",negative,hanh_vi
742,"giảng viên muốn cho bọn em hiểu được môi trường làm việc sau này là như thế nào , nhưng khi mà bọn còn đang trong thời gian đi học , còn chưa đủ kiến thức nền tảng thì không nên dạy và học theo kiểu như vậy , trong suốt quá trình môn học bọn em mơ hồ về việc thầy đang muốn truyền đạt điều gì đến bọn em và việc bọn em cần phải làm những gì !",negative,ky_nang_giang_day
742,"giảng viên muốn cho bọn em hiểu được môi trường làm việc sau này là như thế nào , nhưng khi mà bọn còn đang trong thời gian đi học , còn chưa đủ kiến thức nền tảng thì không nên dạy và học theo kiểu như vậy , trong suốt quá trình môn học bọn em mơ hồ về việc thầy đang muốn truyền đạt điều gì đến bọn em và việc bọn em cần phải làm những gì !",negative,kien_thuc
743,em thấy số buổi thực hành quá ít và kiến thức truyền tải chẳng được bao nhiêu vì vậy nên mong trường đổi về hình thức 1 các môn thực hành này !,negative,ky_nang_giang_day
743,em thấy số buổi thực hành quá ít và kiến thức truyền tải chẳng được bao nhiêu vì vậy nên mong trường đổi về hình thức 1 các môn thực hành này !,negative,kien_thuc
743,em thấy số buổi thực hành quá ít và kiến thức truyền tải chẳng được bao nhiêu vì vậy nên mong trường đổi về hình thức 1 các môn thực hành này !,negative,chuong_trinh_hoc
743,em thấy số buổi thực hành quá ít và kiến thức truyền tải chẳng được bao nhiêu vì vậy nên mong trường đổi về hình thức 1 các môn thực hành này !,negative,de_xuat
744,nhìn thấy hơi nghiêm ( khách quan thôi ạ ) .,negative,hanh_vi
745,dạy nhanh quá .,negative,ky_nang_giang_day
746,em rất hài lòng về hoạt động giảng dạy của thầy .,positive,ky_nang_giang_day
747,giảng bài nhựa nhựa nghe buồn ngủ .,negative,ky_nang_giang_day
748,nhiều thử thách cho sinh viên .,negative,bai_tap
749,"giảng viên lên lớp đúng giờ , tận tâm với sinh viên và nhiệt tình giảng dạy , hướng dẫn .",positive,ky_nang_giang_day
749,"giảng viên lên lớp đúng giờ , tận tâm với sinh viên và nhiệt tình giảng dạy , hướng dẫn .",positive,hanh_vi
750,cô cần cải thiện khả năng truyền đạt trên lớp để sinh viên có thêm hứng thú trong học tập .,negative,ky_nang_giang_day
750,cô cần cải thiện khả năng truyền đạt trên lớp để sinh viên có thêm hứng thú trong học tập .,neutral,de_xuat
751,"rồi một nhóm thì phải chấm điểm báo cáo cuối kỳ cho 3 nhóm khác , làm phiếu chấm điểm , soạn câu hỏi mà có yêu cầu ra đáp án đồ án của nhóm code chưa tới đâu thì sao mà ngồi đọc source của nhóm khác để code tiếp cho họ .",negative,bai_tap
751,"rồi một nhóm thì phải chấm điểm báo cáo cuối kỳ cho 3 nhóm khác , làm phiếu chấm điểm , soạn câu hỏi mà có yêu cầu ra đáp án đồ án của nhóm code chưa tới đâu thì sao mà ngồi đọc source của nhóm khác để code tiếp cho họ .",negative,cham_diem
752,tình hình là khóa 8 aep tụi em đa số là không hiểu ngôn ngữ c .,negative,kien_thuc
753,giáo trình chưa phù hợp với lượng tín chỉ môn học !,negative,cung_cap_tai_lieu
754,thầy khá nhiệt tình và rõ ràng .,positive,ky_nang_giang_day
754,thầy khá nhiệt tình và rõ ràng .,positive,hanh_vi
755,thầy dạy nội dung ít liên quan tới bài học .,negative,ky_nang_giang_day
755,thầy dạy nội dung ít liên quan tới bài học .,negative,kien_thuc
756,giáo viên hướng dẫn rất nhiệt tình .,positive,hanh_vi
757,"thầy đến đúng giờ , giảng dễ hiểu .",positive,ky_nang_giang_day
757,"thầy đến đúng giờ , giảng dễ hiểu .",positive,hanh_vi
758,không hiệu quả .,negative,noi_chung
759,"giáo viên là thầy , không phải cô .",neutral,noi_chung
760,"dạy rất dễ hiểu và nhiệt tình , em rất thích cách giảng dạy của cô .",positive,ky_nang_giang_day
760,"dạy rất dễ hiểu và nhiệt tình , em rất thích cách giảng dạy của cô .",positive,hanh_vi
761,đó là sự nhiệt huyết của cô wzjwz153 .,positive,hanh_vi
762,"bài tập hay , đa dạng .",positive,bai_tap
763,"cô giảng dễ hiểu , nhiệt tình .",positive,ky_nang_giang_day
763,"cô giảng dễ hiểu , nhiệt tình .",positive,hanh_vi
764,"tận tình , rất biết quan tâm đến học sinh .",positive,hanh_vi
765,"thầy rất nhiệt tình , tận tâm với sinh viên .",positive,hanh_vi
766,"thầy dạy rất tốt và tâm huyết , phương pháp hợp lý và nội dung giảng dạy tạo hứng thú cho sinh viên .",positive,ky_nang_giang_day
766,"thầy dạy rất tốt và tâm huyết , phương pháp hợp lý và nội dung giảng dạy tạo hứng thú cho sinh viên .",positive,hanh_vi
766,"thầy dạy rất tốt và tâm huyết , phương pháp hợp lý và nội dung giảng dạy tạo hứng thú cho sinh viên .",positive,kien_thuc
767,giáo viên đứng lớp dạy rất hay .,positive,ky_nang_giang_day
768,tóm lại đề thi 50% là kiến thức về mạng chủ yếu không tập trung vào hệ điều hành linux .,negative,chuong_trinh_hoc
769,cô điểm danh nhiều quá colonsad .,negative,hanh_vi
770,"thầy vui vẻ , giúp đỡ nhiệt tình .",positive,hanh_vi
771,"thầy tận tâm , nhiệt tình dạy dễ hiểu .",positive,ky_nang_giang_day
771,"thầy tận tâm , nhiệt tình dạy dễ hiểu .",positive,hanh_vi
772,giảng viên thực hành nên quan tâm đến sinh viên nhiều hơn .,negative,hanh_vi
772,giảng viên thực hành nên quan tâm đến sinh viên nhiều hơn .,positive,de_xuat
773,thầy không thông báo thời gian học cụ thể cho sinh viên .,negative,hanh_vi
773,thầy không thông báo thời gian học cụ thể cho sinh viên .,negative,chuong_trinh_hoc
774,dạy chán .,negative,ky_nang_giang_day
775,thầy rất nhiệt tình và thường xuyên dạy lố giờ .,positive,hanh_vi
776,"thầy vui vẻ , dễ trao đổi học tập .",positive,hanh_vi
777,"giáo viên tận tình , nhiệt tình trong việc cung cấp tài liệu và bài tập qua facebook .",positive,hanh_vi
777,"giáo viên tận tình , nhiệt tình trong việc cung cấp tài liệu và bài tập qua facebook .",positive,bai_tap
777,"giáo viên tận tình , nhiệt tình trong việc cung cấp tài liệu và bài tập qua facebook .",positive,cung_cap_tai_lieu
778,thầy giảng quá nhanh !,negative,ky_nang_giang_day
779,"thầy nói nhỏ , giờ học khá nhàm chán .",negative,ky_nang_giang_day
780,"giáo viên tâm huyết , nhiệt tình .",positive,hanh_vi
781,"cô wzjwz103 dạy rất hay , rất nhiệt tình , cách dạy của cô cũng rất lý thú , tạo sự hứng thú cho sinh viên .",positive,ky_nang_giang_day
781,"cô wzjwz103 dạy rất hay , rất nhiệt tình , cách dạy của cô cũng rất lý thú , tạo sự hứng thú cho sinh viên .",positive,hanh_vi
782,cung cấp cho sinh viên đủ bài tập khi đến lớp cũng như làm ở nhà .,positive,bai_tap
783,"giảng viên dạy dễ hiểu , thân thiên với sinh viên .",positive,ky_nang_giang_day
783,"giảng viên dạy dễ hiểu , thân thiên với sinh viên .",positive,hanh_vi
784,"nhiệt tình , kỹ năng dạy kinh nghiệm .",positive,ky_nang_giang_day
784,"nhiệt tình , kỹ năng dạy kinh nghiệm .",positive,hanh_vi
785,thầy nên chủ động hơn trong việc giúp đỡ sinh viên trong lúc thực hành .,negative,hanh_vi
785,thầy nên chủ động hơn trong việc giúp đỡ sinh viên trong lúc thực hành .,neutral,de_xuat
786,phòng học thực hành wzjwz18 không đảm bảo chất lượng cho việc học thực hành .,negative,thiet_bi_day_hoc
787,"giáo viên giảng rõ , dễ hiểu .",positive,ky_nang_giang_day
788,"học cực kỳ áp lực , thầy dạy khó hiểu .",negative,ky_nang_giang_day
789,"thầy không chịu dạy thực hành , nên cũng rất chán khi học thực hành , nói chung là không ai đi học thực hành là do thầy không dạy tốt , thực ra thì chưa dạy gì cả .",negative,ky_nang_giang_day
789,"thầy không chịu dạy thực hành , nên cũng rất chán khi học thực hành , nói chung là không ai đi học thực hành là do thầy không dạy tốt , thực ra thì chưa dạy gì cả .",negative,kinh_nghiem
789,"thầy không chịu dạy thực hành , nên cũng rất chán khi học thực hành , nói chung là không ai đi học thực hành là do thầy không dạy tốt , thực ra thì chưa dạy gì cả .",negative,hanh_vi
790,"môn học cần được phân bố hợp lý hơn , nên để năm 4 rồi học .",negative,chuong_trinh_hoc
790,"môn học cần được phân bố hợp lý hơn , nên để năm 4 rồi học .",neutral,de_xuat
791,hiện giờ em chưa có cách học đúng đắng .,negative,noi_chung
792,"giảng hay , nhiệt tình .",positive,ky_nang_giang_day
792,"giảng hay , nhiệt tình .",positive,hanh_vi
793,"thầy lên lớp rất đầy đủ , không nghỉ buổi nào .",positive,hanh_vi
794,cô nhiệt tình dạy rất dễ hiêu .,positive,ky_nang_giang_day
794,cô nhiệt tình dạy rất dễ hiêu .,positive,hanh_vi
795,giải đáp các thắc mắc nhanh và chi tiết .,positive,hanh_vi
796,"ra đề thi còn cẩu thả , không kiểm soát được các đáp án của câu hỏi .",negative,cham_diem
797,"cần chỉ cho sinh viên cách làm bài khó , không nên giải chi tiết .",negative,bai_tap
797,"cần chỉ cho sinh viên cách làm bài khó , không nên giải chi tiết .",neutral,de_xuat
798,"cung cấp thêm giáo trình , tài liệu môn học .",negative,cung_cap_tai_lieu
798,"cung cấp thêm giáo trình , tài liệu môn học .",neutral,de_xuat
799,tránh tình trạng bị trùng lịch học và gom lớp vào sáng thứ 7 gây mất buổi học của sinh viên .,negative,chuong_trinh_hoc
799,tránh tình trạng bị trùng lịch học và gom lớp vào sáng thứ 7 gây mất buổi học của sinh viên .,negative,de_xuat
800,nhiều bài quá .,negative,bai_tap
801,phương pháp dạy của thầy hay khiến sinh viên chủ động và tránh sinh viên ngủ trong lớp .,positive,ky_nang_giang_day
802,"thầy giảng dạy nhiệt tình , tương tác rất hiệu quả , cung cấp nền tảng kiến thức rõ ràng , vững vàng cho lớp .",positive,ky_nang_giang_day
802,"thầy giảng dạy nhiệt tình , tương tác rất hiệu quả , cung cấp nền tảng kiến thức rõ ràng , vững vàng cho lớp .",positive,hanh_vi
802,"thầy giảng dạy nhiệt tình , tương tác rất hiệu quả , cung cấp nền tảng kiến thức rõ ràng , vững vàng cho lớp .",positive,kien_thuc
803,thầy nói chuyện chưa nghe rõ cho lắm .,negative,ky_nang_giang_day
804,thầy chỉ làm việc của thầy .,negative,hanh_vi
805,đôi lúc sợ sợ thầy colonsad .,negative,hanh_vi
806,chúc thầy nhiều sức khỏe !,neutral,noi_chung
807,"thầy dạy dễ hiểu , nhiệt tình .",positive,ky_nang_giang_day
807,"thầy dạy dễ hiểu , nhiệt tình .",positive,hanh_vi
808,"ít được giao tiếp với giảng viên , giảng viên ít khi lên lớp .",negative,hanh_vi
809,cách dạy hoàn toàn không phù hợp ( giảng viên tuy có kiến thức nhưng không có cách truyền đạt ) .,negative,ky_nang_giang_day
810,"giảng viên dạy hay , thu hút , tận tâm với sinh viên .",positive,ky_nang_giang_day
810,"giảng viên dạy hay , thu hút , tận tâm với sinh viên .",positive,hanh_vi
811,thầy dạy tốt em thích thầy .,positive,ky_nang_giang_day
812,"môn học còn khá nặng nề , không ứng dụng thực tiễn cũng như không phục vụ cho chuyên nghành , theo em nghĩ , môn giải tích thật sự không cần thiết lắm .",negative,kien_thuc
812,"môn học còn khá nặng nề , không ứng dụng thực tiễn cũng như không phục vụ cho chuyên nghành , theo em nghĩ , môn giải tích thật sự không cần thiết lắm .",negative,chuong_trinh_hoc
813,"có vài máy hư trong phòng thực hành , cần khắc phục lại .",negative,thiet_bi_day_hoc
813,"có vài máy hư trong phòng thực hành , cần khắc phục lại .",negative,de_xuat
814,"giảng viên có khả năng truyền đạt cực tốt , em cực thích .",positive,ky_nang_giang_day
815,"cần theo dõi sinh viên kỹ càng hơn , điểm danh thường xuyên .",negative,hanh_vi
815,"cần theo dõi sinh viên kỹ càng hơn , điểm danh thường xuyên .",neutral,de_xuat
816,chương trình học về môn học này rất hợp lý cho sinh viên .,positive,chuong_trinh_hoc
817,thường xuyên cho bài tập về nhà để củng cố kiến thức cho sinh viên .,positive,bai_tap
818,không có điều gì !,neutral,noi_chung
819,"thầy không sử dụng micro khi giảng bài , em nghe không rõ bài giảng .",negative,thiet_bi_day_hoc
820,phòng thực hành chưa có chất lượng .,negative,thiet_bi_day_hoc
821,"môn học liên hệ thực tế , liên kết với đồ án hơn .",neutral,chuong_trinh_hoc
821,"môn học liên hệ thực tế , liên kết với đồ án hơn .",positive,de_xuat
822,giáo viên giảng dạy dễ hiểu và tận tâm .,positive,ky_nang_giang_day
822,giáo viên giảng dạy dễ hiểu và tận tâm .,positive,hanh_vi
823,thầy nói ngoài lề hơi nhiều .,negative,ky_nang_giang_day
824,thường xuyên dạy quá giờ .,negative,ky_nang_giang_day
825,"giảng viên nhiệt tình , bài tập đa dạng , phương pháp học thú vị .",positive,ky_nang_giang_day
825,"giảng viên nhiệt tình , bài tập đa dạng , phương pháp học thú vị .",positive,hanh_vi
825,"giảng viên nhiệt tình , bài tập đa dạng , phương pháp học thú vị .",positive,bai_tap
826,"cần thay đổi , bổ sung các chương trình hỗ trợ thực hành trên máy .",negative,kinh_nghiem
826,"cần thay đổi , bổ sung các chương trình hỗ trợ thực hành trên máy .",negative,chuong_trinh_hoc
826,"cần thay đổi , bổ sung các chương trình hỗ trợ thực hành trên máy .",negative,de_xuat
827,em có ý kiến là hãy thi môn này trên máy tính với phần mềm vẽ chúng .,neutral,de_xuat
828,là người cô rất có tâm .,positive,hanh_vi
829,"giảng viên rất tận tâm , nỗ lực trong việc giảng dạy .",positive,hanh_vi
830,"thầy rất tận tâm , về lý thuyết thầy giảng rất hay và tuyệt đối , song về bài tập thì ngược lại , thầy nói chỉ sơ qua , như là mặc định các sinh viên đều đã biết tính toán .",positive,ky_nang_giang_day
830,"thầy rất tận tâm , về lý thuyết thầy giảng rất hay và tuyệt đối , song về bài tập thì ngược lại , thầy nói chỉ sơ qua , như là mặc định các sinh viên đều đã biết tính toán .",positive,hanh_vi
830,"thầy rất tận tâm , về lý thuyết thầy giảng rất hay và tuyệt đối , song về bài tập thì ngược lại , thầy nói chỉ sơ qua , như là mặc định các sinh viên đều đã biết tính toán .",negative,bai_tap
831,em có thêm một số đề nghị để cải tiến doubledot thêm kênh để trao đổi cho môn học .,neutral,de_xuat
832,chưa có tài liệu học tập cho sinh viên .,negative,cung_cap_tai_lieu
833,thầy tạo điều kiện cho sinh viên học tập và rất nhiệt tình giảng dạy .,positive,hanh_vi
834,nội dung của phần thực hành thật ra quá ít cho với đồ án .,negative,bai_tap
835,nhiệt tình và rất chú tâm trong công việc giảng dạy đối với sinh viên .,positive,hanh_vi
836,giảng viên luôn đến đúng giờ .,positive,hanh_vi
837,thầy dạy quá khó hiểu .,negative,ky_nang_giang_day
838,cần cải thiện nhiều .,negative,de_xuat
839,giảng viên không hướng dẫn nhiều cũng như không quan sát theo dõi quá trình thực hành của sinh viên .,negative,ky_nang_giang_day
839,giảng viên không hướng dẫn nhiều cũng như không quan sát theo dõi quá trình thực hành của sinh viên .,negative,hanh_vi
840,cô cầm micro hơi sát nên nghe hơi nhói tai một xíu ( tích cực ) .,negative,hanh_vi
841,số thời gian thầy nghỉ rất nhiều và không báo trước cho sinh viên .,negative,hanh_vi
842,"còn bình thường đến lớp thầy chỉ làm việc trên máy của thầy , không nói gì cả .",negative,ky_nang_giang_day
842,"còn bình thường đến lớp thầy chỉ làm việc trên máy của thầy , không nói gì cả .",negative,hanh_vi
843,thầy dạy hay nhiệt tình .,positive,ky_nang_giang_day
843,thầy dạy hay nhiệt tình .,positive,hanh_vi
844,"thầy rất nhiệt tình , thẳng thắn .",positive,hanh_vi
845,tất cả đều phải sử dụng trên phần mềm mô phỏng proteus .,neutral,cung_cap_tai_lieu
846,"thầy dạy nhiều bài học không chỉ là bài học , rất ý nghĩa .",positive,ky_nang_giang_day
846,"thầy dạy nhiều bài học không chỉ là bài học , rất ý nghĩa .",positive,kien_thuc
847,"dạy học sinh hỏi thì nói "" tui không biết "" .",negative,hanh_vi
848,"thầy đảm bảo giờ lên lớp , nhiệt tình .",positive,hanh_vi
849,"phòng thực hành nên bố trí hợp lý , đủ máy móc thực hành .",negative,thiet_bi_day_hoc
849,"phòng thực hành nên bố trí hợp lý , đủ máy móc thực hành .",neutral,de_xuat
850,bỏ tổ chức thi lý thuyết cuối kỳ vì làm đồ án mất khá nhiều thời gian .,negative,bai_tap
850,bỏ tổ chức thi lý thuyết cuối kỳ vì làm đồ án mất khá nhiều thời gian .,negative,chuong_trinh_hoc
851,thầy nói nhanh quá .,negative,ky_nang_giang_day
852,thầy dạy rất hay rất vui .,positive,ky_nang_giang_day
853,cách dạy của giảng viên chưa thực sự phù hợp với bản thân .,negative,ky_nang_giang_day
854,giáo viên rất gần gũi với học sinh .,positive,hanh_vi
855,"kiến thức thu được trong từng môn học thì rời rạc , học xong sinh viên có cảm giác như cưỡi ngựa xem hoa .",negative,kien_thuc
856,chưa tốt về mặt kiến thức .,negative,kien_thuc
857,giảng hơi chậm .,negative,ky_nang_giang_day
858,giao đề tài không công bằng giữa các nhóm .,negative,bai_tap
859,"cô tận tâm , nhiệt tình , giúp học sinh có kết quả tốt .",positive,ky_nang_giang_day
859,"cô tận tâm , nhiệt tình , giúp học sinh có kết quả tốt .",positive,hanh_vi
859,"cô tận tâm , nhiệt tình , giúp học sinh có kết quả tốt .",positive,kien_thuc
860,lớp ồn đến nỗi không muốn đi học .,negative,thiet_bi_day_hoc
861,giảng viên luôn đến lớp trễ từ nửa tiếng trở lên .,negative,hanh_vi
862,"đa phần các bạn đều không thể hoàn thành trên lớp và phải về nhà làm thêm , nhưng hình thức làm bài ở nhà thì phải trình bày trên một file word nên rất bất tiện cho giáo viên chấm bài cũng như gia tăng tỉ lệ copy bài .",negative,bai_tap
863,cần có thời gian hợp lý hơn khi học thực hành sau lý thuyết .,negative,chuong_trinh_hoc
863,cần có thời gian hợp lý hơn khi học thực hành sau lý thuyết .,positive,de_xuat
864,"cô dễ thương , dạy có tâm .",positive,hanh_vi
865,vì lịch thực hành không được sắp xếp từ đầu dẫn đến trùng lịch môn học khác .,negative,chuong_trinh_hoc
866,"chưa nhiều kiếm thức thêm , nâng cao ngoài cơ bản của môn học .",negative,kien_thuc
867,cô giáo dạy nhiệt tình .,positive,hanh_vi
868,không hiểu bài cho lắm .,negative,ky_nang_giang_day
869,"chương trình học khá nặng so với sinh viên khoa khác ( seminar , bài tập về nhà , đồ án lớn , thi cuối kỳ , dot ) .",negative,bai_tap
869,"chương trình học khá nặng so với sinh viên khoa khác ( seminar , bài tập về nhà , đồ án lớn , thi cuối kỳ , dot ) .",negative,chuong_trinh_hoc
870,"thầy hiền , tử tế .",positive,hanh_vi
871,"bài giảng , bài tập đầy đủ , dư cho sinh viên tham khảo , ôn luyện .",positive,bai_tap
871,"bài giảng , bài tập đầy đủ , dư cho sinh viên tham khảo , ôn luyện .",positive,cung_cap_tai_lieu
872,thực hành luôn đi trước lý thuyết .,negative,chuong_trinh_hoc
873,nêu rõ các việc cần làm và chuẩn bị .,neutral,de_xuat
874,"phong cách giảng dạy thoải mái , vui vẻ giúp sinh viên dễ tiếp thu kiến thức và ghi nhớ .",positive,ky_nang_giang_day
875,"thầy dạy lôi cuốn , cung cấp nhiều kỹ năng nghề nghiệp .",positive,ky_nang_giang_day
875,"thầy dạy lôi cuốn , cung cấp nhiều kỹ năng nghề nghiệp .",positive,kien_thuc
876,nhiệt tình hướng dẫn sinh viên .,positive,hanh_vi
877,nhưng lớp trường lại chậm trể trong việc đưa về cho sinh viên thế nên cần phân bổ tài liệu trực tiếp cho sinh viên .,negative,cung_cap_tai_lieu
877,nhưng lớp trường lại chậm trể trong việc đưa về cho sinh viên thế nên cần phân bổ tài liệu trực tiếp cho sinh viên .,neutral,de_xuat
878,thay đổi cách giảng dạy giờ thực hành .,negative,ky_nang_giang_day
878,thay đổi cách giảng dạy giờ thực hành .,positive,de_xuat
879,"cô tận tâm , nhiệt tình với sinh viên , truyền đạt kiến thức dễ hiểu .",positive,ky_nang_giang_day
879,"cô tận tâm , nhiệt tình với sinh viên , truyền đạt kiến thức dễ hiểu .",positive,hanh_vi
879,"cô tận tâm , nhiệt tình với sinh viên , truyền đạt kiến thức dễ hiểu .",positive,kien_thuc
880,vui vẻ hài hước .,positive,hanh_vi
881,giảng viên không có khả năng truyền đạt kiến thức cũng như cách phân bố giảng dạy cho phù hợp .,negative,ky_nang_giang_day
882,"giảng viên hơi khó tính với sinh viên , giảng bài lan man gây khó hiểu cho sinh viên .",negative,ky_nang_giang_day
882,"giảng viên hơi khó tính với sinh viên , giảng bài lan man gây khó hiểu cho sinh viên .",negative,hanh_vi
883,mong có sự hỗ trợ trong thực hành .,neutral,de_xuat
884,"trường uit , cách riêng khoa truyền thông và mạng máy tính rất may mắn có được người thầy như thầy x .",positive,hanh_vi
885,"giảng viên dạy dễ hiểu , nhiệt tình .",positive,ky_nang_giang_day
885,"giảng viên dạy dễ hiểu , nhiệt tình .",positive,hanh_vi
886,"cô nhiệt tình , nhưng cách trình bày của cô , nội dung cô nói khó hiểu quá !",negative,ky_nang_giang_day
886,"cô nhiệt tình , nhưng cách trình bày của cô , nội dung cô nói khó hiểu quá !",positive,hanh_vi
887,giảng bài nhiệt huyết và tận tâm .,positive,ky_nang_giang_day
887,giảng bài nhiệt huyết và tận tâm .,positive,hanh_vi
888,cô lo sợ sinh viên sẽ không thể hiểu được nhưng thật sự thì để đỗ được đại học thì mức độ tư duy của các sinh viên đã tương đối tốt .,neutral,ky_nang_giang_day
889,giảng viên giảng dạy còn khó hiểu .,negative,ky_nang_giang_day
890,"bài tập cô cho dễ quá , không khuyến khích được tinh thần tự học của các bạn .",negative,bai_tap
891,rất hiểu tâm lý sinh viên .,positive,hanh_vi
892,làm bài tập về nhà .,neutral,bai_tap
893,thầy có phương pháp giảng dạy hay .,positive,ky_nang_giang_day
894,cách thầy truyền đạt kiến thức rất hay và dễ hiểu .,positive,ky_nang_giang_day
895,"thầy nhiệt tình , tận tâm .",positive,hanh_vi
896,nội dung học cần cải thiện .,negative,chuong_trinh_hoc
896,nội dung học cần cải thiện .,negative,de_xuat
897,thầy wzjwz263 dạy tận tâm lắm .,positive,hanh_vi
898,giảng viên giảng dạy còn kém hiệu quả khi mà ở trên thì giảng viên giảng dạy còn ở dưới thì sinh viên làm việc riêng .,negative,ky_nang_giang_day
899,"nên có phương pháp thông báo đến sinh viên về lịch học trong thời gian gần buổi học , hơn nữa tránh trùng lắp với môn học khác .",neutral,de_xuat
900,sao chưa thấy đi dạy bữa nào ?,negative,hanh_vi
901,"thầy luôn dặn chúng em phải trăn trở về tương lai , phải có sự phấn đấu , hoàn thiện tốt nhất mọi công việc .",positive,hanh_vi
902,thầy dạy rất hay giải nhiều bài tập .,positive,ky_nang_giang_day
903,"nhiệt tình với sinh viên , bài giảng hay .",positive,ky_nang_giang_day
903,"nhiệt tình với sinh viên , bài giảng hay .",positive,hanh_vi
904,lớp học đông nên ồn ào và khó tiếp thu .,negative,thiet_bi_day_hoc
905,cũng ổn .,neutral,noi_chung
906,"nhiệt tình , hăng hái , kỹ lưỡng .",positive,hanh_vi
907,"ít hướng dẫn sinh viên thực hành , ra bài rồi để đó , toàn để sinh viên tự làm , đi học cũng như không đi , ai làm gì đó làm .",negative,ky_nang_giang_day
907,"ít hướng dẫn sinh viên thực hành , ra bài rồi để đó , toàn để sinh viên tự làm , đi học cũng như không đi , ai làm gì đó làm .",negative,hanh_vi
908,thầy nhiệt tình chỉ bài .,positive,hanh_vi
909,thầy dạy rất hay và vui .,positive,ky_nang_giang_day
909,thầy dạy rất hay và vui .,positive,hanh_vi
910,kỳ này môn java web thì tinh thần giảng dạy của thầy cũng không hề khá hơn chút nào .,negative,hanh_vi
911,"tận tâm , chu đáo và luôn theo sát giúp sinh viên đạt kết quả tốt trong môn học .",positive,hanh_vi
912,"cô giảng bài rất kỹ , có ví dụ minh họa cụ thể .",positive,ky_nang_giang_day
913,nói hơi nhiều .,negative,ky_nang_giang_day
914,cô nhiệt tình dễ thương .,positive,hanh_vi
915,nhóm trưởng không làm thì đồ án bỏ không .,negative,hanh_vi
915,nhóm trưởng không làm thì đồ án bỏ không .,negative,bai_tap
916,đây là môn học kỹ năng nên không cần thiết khi kiểm tra bằng hình thức thi tự luận mà nên đánh giá bằng đồ án .,negative,cham_diem
916,đây là môn học kỹ năng nên không cần thiết khi kiểm tra bằng hình thức thi tự luận mà nên đánh giá bằng đồ án .,neutral,de_xuat
917,cô nhiệt tình giảng dạy và hướng dẫn chúng em phương pháp để học tập tốt không chỉ riêng cho môn này mà còn hướng chúng em học làm sao để sau này ra đi làm cho tốt .,positive,ky_nang_giang_day
917,cô nhiệt tình giảng dạy và hướng dẫn chúng em phương pháp để học tập tốt không chỉ riêng cho môn này mà còn hướng chúng em học làm sao để sau này ra đi làm cho tốt .,positive,hanh_vi
917,cô nhiệt tình giảng dạy và hướng dẫn chúng em phương pháp để học tập tốt không chỉ riêng cho môn này mà còn hướng chúng em học làm sao để sau này ra đi làm cho tốt .,positive,kien_thuc
918,em nghĩ cô đừng nên cho các bạn lên bảng giải bài nữa .,negative,ky_nang_giang_day
918,em nghĩ cô đừng nên cho các bạn lên bảng giải bài nữa .,neutral,de_xuat
919,truyền thụ hết kiến thức cho sinh viên .,positive,ky_nang_giang_day
919,truyền thụ hết kiến thức cho sinh viên .,positive,kien_thuc
920,"thương , hài hước , lấy ví dụ thực tiễn , biết phân bố hợp lý giờ giảng dạy xen lẫn trò chuyện cùng học sinh .",positive,ky_nang_giang_day
920,"thương , hài hước , lấy ví dụ thực tiễn , biết phân bố hợp lý giờ giảng dạy xen lẫn trò chuyện cùng học sinh .",positive,kinh_nghiem
920,"thương , hài hước , lấy ví dụ thực tiễn , biết phân bố hợp lý giờ giảng dạy xen lẫn trò chuyện cùng học sinh .",positive,hanh_vi
921,giảng viên hay lên lớp muộn .,negative,hanh_vi
922,thầy xem bên phần của thầy wzjwz139 nha thầy .,neutral,noi_chung
923,thấy cho nhiều bài tập hay giúp sinh viên biết được nhiều kỹ thuật .,positive,bai_tap
923,thấy cho nhiều bài tập hay giúp sinh viên biết được nhiều kỹ thuật .,positive,kien_thuc
924,"nhiệt tình với sinh viên , lên lớp đúng giờ .",positive,hanh_vi
925,"cung cấp thêm tài liệu môn học cho sinh viên , sử dụng hợp lý giờ giảng trên lớp .",neutral,cung_cap_tai_lieu
925,"cung cấp thêm tài liệu môn học cho sinh viên , sử dụng hợp lý giờ giảng trên lớp .",positive,de_xuat
926,"em nghĩ việc học sẽ hiệu quả hơn , khi thầy dạy chúng em đầy đủ tiết .",positive,ky_nang_giang_day
927,giảng viên thân thiện với sinh viên .,positive,hanh_vi
928,thầy đúng giờ .,positive,hanh_vi
929,dạy nhiều kiến thức ngoài hữu ích .,negative,kien_thuc
930,"chưa thực sự đi sâu vào nội dung môn học , phần lớn thời gian trên lớp làm bài thực hành mất rồi .",negative,bai_tap
930,"chưa thực sự đi sâu vào nội dung môn học , phần lớn thời gian trên lớp làm bài thực hành mất rồi .",negative,kien_thuc
930,"chưa thực sự đi sâu vào nội dung môn học , phần lớn thời gian trên lớp làm bài thực hành mất rồi .",negative,chuong_trinh_hoc
931,thầy giảng khá hay .,positive,ky_nang_giang_day
932,để sinh viên tự nghiên cứu quá nhiều .,negative,chuong_trinh_hoc
933,nhiệt tình và quan tâm đên sinh viên hơn .,positive,hanh_vi
934,bài tập hơi khó .,negative,bai_tap
935,"thầy dạy rất nhiệt tình , hay và dễ hiểu .",positive,ky_nang_giang_day
935,"thầy dạy rất nhiệt tình , hay và dễ hiểu .",positive,hanh_vi
936,"giảng viên dạy nhiệt tình , tận tình giúp đỡ .",positive,hanh_vi
937,"tuy nhiên thầy chưa nhấn mạnh công thức môn học cùng với việc thầy giảng những ví dụ quá nhanh , ví dụ đầu tiên khá khó , nên em chưa thể nắm kịp những kiến thức mới .",negative,ky_nang_giang_day
938,nhiệt tình giúp đỡ sinh viên và tạo sinh viên có nơi để nâng cao kỹ năng lập trình .,positive,hanh_vi
939,"thầy vui tính nà , nhiệt tình , cách giảng dạy dễ hiểu !",positive,ky_nang_giang_day
939,"thầy vui tính nà , nhiệt tình , cách giảng dạy dễ hiểu !",positive,hanh_vi
940,"giảng viên vui vẻ , tận tâm .",positive,hanh_vi
941,cần hướng dẫn sinh viên ôn tập .,neutral,de_xuat
942,"giảng viên dạy kỹ , dạy sâu .",positive,ky_nang_giang_day
942,"giảng viên dạy kỹ , dạy sâu .",positive,kien_thuc
943,thầy chỉ bảo sinh viên tận tình .,positive,hanh_vi
944,nên khắc phục thái độ của giảng viên .,negative,hanh_vi
944,nên khắc phục thái độ của giảng viên .,neutral,de_xuat
945,"nếu có thể , xin thầy cho chúng em những bài tập có đáp án .",neutral,bai_tap
945,"nếu có thể , xin thầy cho chúng em những bài tập có đáp án .",neutral,de_xuat
946,và còn rất nhiều vấn đề khác .,negative,noi_chung
947,"thầy cung cấp nhiều thông tin hay , hữu ích đối với đồ án .",positive,cung_cap_tai_lieu
947,"thầy cung cấp nhiều thông tin hay , hữu ích đối với đồ án .",positive,kien_thuc
948,thầy cô giáo dạy rất nhiệt tình và vui vẻ .,positive,hanh_vi
949,"do học kỳ này em không thể đến lớp học môn này , nên em không thể đưa ra ý kiến gì thêm .",neutral,noi_chung
950,"không nên để xảy ra lỗi trong yêu cầu thực hành , không thực hành phần nào chưa học lý thuyết .",negative,bai_tap
950,"không nên để xảy ra lỗi trong yêu cầu thực hành , không thực hành phần nào chưa học lý thuyết .",negative,de_xuat
951,thầy wzjwz21 truyền đạt cả lớp học không ai hiểu là thầy đang dạy gì !,negative,ky_nang_giang_day
952,bài giảng không thu hút được học sinh .,negative,ky_nang_giang_day
953,cần phân chia hai giảng viên cho từng dãy bàn để tăng khả năng tương tác với sinh viên .,positive,de_xuat
954,thời gian học thoải mái .,positive,chuong_trinh_hoc
955,giáo viên giảng dạy tận tình và cho làm nhiều bài tập .,positive,hanh_vi
955,giáo viên giảng dạy tận tình và cho làm nhiều bài tập .,neutral,bai_tap
956,"nhiệt tình , luôn giúp đỡ sinh viên khi sinh viên có thắc mắc .",positive,hanh_vi
957,thời gian đi dạy trễ .,negative,hanh_vi
958,"tận tâm , đúng giờ .",positive,hanh_vi
959,dạy khó hiểu .,negative,ky_nang_giang_day
960,thầy hướng dẫn thực hành chi tiết .,positive,ky_nang_giang_day
961,tạo điều kiện cho học sinh phát biểu .,positive,hanh_vi
962,"thầy hay khó chịu , không tận tâm , nhiệt tình .",negative,hanh_vi
963,thầy đi dạy đầy đủ .,positive,hanh_vi
964,cô cho làm đồ án .,neutral,bai_tap
965,giáo viên dạy nhanh quá theo không kịp .,negative,ky_nang_giang_day
966,giảng viên tận tâm nhiệt tình !,positive,hanh_vi
967,"học tập hơi khô khan , cô cần ôn tập thi sát đề thêm chút nữa ạ coloncolon .",negative,ky_nang_giang_day
967,"học tập hơi khô khan , cô cần ôn tập thi sát đề thêm chút nữa ạ coloncolon .",neutral,de_xuat
968,"nhiệt tình , tạo hứng thú học tập .",positive,hanh_vi
969,nên có nhiều tiết thực hành hơn .,neutral,de_xuat
970,"slide bài học rất ư là khó nắm bắt , code trong slide vẫn còn chỗ sai .",negative,cung_cap_tai_lieu
971,"nghỉ rất nhiều , đa phần những buổi nghỉ là do sinh viên chờ 30 phút không thấy thầy lên mà giải tán .",negative,hanh_vi
972,giảng dạy cho sinh viên rất nhiệt tình .,positive,hanh_vi
973,"giảng viên dạy lý thuyết và thực hành cần thống nhất với nhau về nội dung đã được giảng dạy qua mỗi tuần , tránh trường hợp thực hành trước khi học lý thuyết .",negative,ky_nang_giang_day
973,"giảng viên dạy lý thuyết và thực hành cần thống nhất với nhau về nội dung đã được giảng dạy qua mỗi tuần , tránh trường hợp thực hành trước khi học lý thuyết .",neutral,de_xuat
974,cần kết hợp học với hành .,negative,kinh_nghiem
974,cần kết hợp học với hành .,neutral,de_xuat
975,"giảng viên cực kỳ tận tâm , nhiệt tình , giảng dạy rất dễ hiểu và rất thú vị tuy rằng đây là môn khô khan , khó hiểu .",positive,ky_nang_giang_day
975,"giảng viên cực kỳ tận tâm , nhiệt tình , giảng dạy rất dễ hiểu và rất thú vị tuy rằng đây là môn khô khan , khó hiểu .",positive,hanh_vi
975,"giảng viên cực kỳ tận tâm , nhiệt tình , giảng dạy rất dễ hiểu và rất thú vị tuy rằng đây là môn khô khan , khó hiểu .",negative,chuong_trinh_hoc
976,"thầy dạy rất dễ hiểu , bài tập nhiều .",positive,ky_nang_giang_day
976,"thầy dạy rất dễ hiểu , bài tập nhiều .",negative,bai_tap
977,nên đưa ra các vấn đề thường gặp .,neutral,de_xuat
978,cô hướng dẫn về cách thuyết trình rất hay .,positive,ky_nang_giang_day
979,cô dạy hay nhiệt tình .,positive,ky_nang_giang_day
979,cô dạy hay nhiệt tình .,positive,hanh_vi
980,"giảng dạy ngắn gọc , dễ hiểu , nhiệt tình .",positive,ky_nang_giang_day
981,bài tập cho quá khó .,negative,bai_tap
982,giảng viên nên ra thêm bài tập .,negative,bai_tap
982,giảng viên nên ra thêm bài tập .,positive,de_xuat
983,giảng viên quá nhiệt tình .,positive,hanh_vi
984,"giáo viên hướng dẫn cho code sai , hướng dẫn viết code ít , không đáp ứng được câu hỏi của học sinh .",negative,ky_nang_giang_day
985,"thầy nhiệt tình , giảng chi tiết , có quan tâm đến sinh viên .",positive,ky_nang_giang_day
985,"thầy nhiệt tình , giảng chi tiết , có quan tâm đến sinh viên .",positive,hanh_vi
986,"thầy không quan tâm đến việc học của sinh viên , nhiệm vụ của thầy là lên lớp đọc slide cho các bạn khác nên trình trạng sinh viên nghỉ rất nhiều .",negative,ky_nang_giang_day
986,"thầy không quan tâm đến việc học của sinh viên , nhiệm vụ của thầy là lên lớp đọc slide cho các bạn khác nên trình trạng sinh viên nghỉ rất nhiều .",negative,hanh_vi
987,môn này gắn với thực tế nhiều nên có những các tương tác trực tiếp với nhau .,positive,kinh_nghiem
987,môn này gắn với thực tế nhiều nên có những các tương tác trực tiếp với nhau .,positive,chuong_trinh_hoc
988,"cô tận tâm , nhiệt tình , sẵn sàng giảng lại bài cho lớp khi có chỗ khó hiểu .",positive,ky_nang_giang_day
988,"cô tận tâm , nhiệt tình , sẵn sàng giảng lại bài cho lớp khi có chỗ khó hiểu .",positive,hanh_vi
989,tài liệu cho kết quả nhưng có cái đúng cái sai làm hoang mang cho việc tự học tại nhà .,negative,cung_cap_tai_lieu
990,chỉ lên cho tự làm .,negative,bai_tap
991,em cảm thấy sự tương quan giữa tiết học thực hành và lý thuyết chưa hợp lý lắm .,negative,chuong_trinh_hoc
992,"giảng viên rất nhiệt tình , thường xuyên trao đổi tài liệu qua website môn học .",positive,hanh_vi
992,"giảng viên rất nhiệt tình , thường xuyên trao đổi tài liệu qua website môn học .",positive,cung_cap_tai_lieu
993,thầy nhiệt tình năng động .,positive,hanh_vi
994,"không có lời giải đầy đủ , học sinh không biết làm là coi như không biết làm từ đâu hết cuối .",negative,bai_tap
994,"không có lời giải đầy đủ , học sinh không biết làm là coi như không biết làm từ đâu hết cuối .",negative,cung_cap_tai_lieu
995,cô rất thân thiện và nhiệt tình .,positive,hanh_vi
996,"thầy rất tận tình , hướng dẫn cụ thể .",positive,ky_nang_giang_day
996,"thầy rất tận tình , hướng dẫn cụ thể .",positive,hanh_vi
997,em học phân tích thiết kế cô wzjwz276 mà .,neutral,noi_chung
998,"dạy dễ hiểu , cuốn hút .",positive,ky_nang_giang_day
999,"tiết dạy sinh động , khả năng truyền đạt cao .",positive,ky_nang_giang_day
1000,thầy dạy nhiệt tình dễ hiểu khá thoải mái hòa đồng với sinh viên .,positive,ky_nang_giang_day
1000,thầy dạy nhiệt tình dễ hiểu khá thoải mái hòa đồng với sinh viên .,positive,hanh_vi
1001,thầy dạy nhiệt tình .,positive,hanh_vi
1002,không đảm bảo giờ giảng dạy .,negative,chuong_trinh_hoc
1003,thầy day tốt .,positive,ky_nang_giang_day
1004,phát âm không chuẩn .,negative,ky_nang_giang_day
1005,"như thầy lý thuyết , thầy cho chúng em tự tìm hiểu 3dsmax từ đầu kỳ nên cuối kỳ làm đồ án rất khỏe .",positive,ky_nang_giang_day
1006,"giảng viên rất tận tâm , nhiệt huyết , cô có khả năng truyền đặt cao , cách giảng dạy lôi cuốn , thu hút .",positive,ky_nang_giang_day
1006,"giảng viên rất tận tâm , nhiệt huyết , cô có khả năng truyền đặt cao , cách giảng dạy lôi cuốn , thu hút .",positive,hanh_vi
1007,"giảng viên tận tình , chu đáo , gần gũi sinh viên .",positive,hanh_vi
1008,"vui vẻ , cởi mở .",positive,hanh_vi
1009,thầy giảng dạy rất có nguyên tắc .,positive,ky_nang_giang_day
1010,nên học ở giảng đường sẽ thuận tiện hơn .,positive,thiet_bi_day_hoc
1010,nên học ở giảng đường sẽ thuận tiện hơn .,positive,de_xuat
1011,làm cho một phần học sinh ( chủ yếu khá và giỏi ) cảm thấy chán trong việc lên lớp .,negative,ky_nang_giang_day
1012,"cô dạy nhiệt tình , sẵn sàng giảng lại một phần nhiều lần .",positive,ky_nang_giang_day
1012,"cô dạy nhiệt tình , sẵn sàng giảng lại một phần nhiều lần .",positive,hanh_vi
1013,cảm ơn thầy wzjwz291 rất nhiều .,positive,hanh_vi
1014,thầy rất có tâm ạ !,positive,hanh_vi
1015,có nhiều bài tập về nhà .,negative,bai_tap
1016,em có đăng ký học môn khác vào tiết sau và lúc nào cũng bị đi muộn .,negative,hanh_vi
1017,"đổi mới hình thức kiểm tra , đảm bảo tính chất thực hành của môn học .",neutral,cham_diem
1017,"đổi mới hình thức kiểm tra , đảm bảo tính chất thực hành của môn học .",positive,de_xuat
1018,cơ sở vật chất của trường còn khá kém và thiếu các hoạt động ngoại khóa .,negative,chuong_trinh_hoc
1018,cơ sở vật chất của trường còn khá kém và thiếu các hoạt động ngoại khóa .,negative,thiet_bi_day_hoc
1019,một cuốn sách thật dày chỉ là một trong những tài liệu mà tụi em có thể tham khảo .,neutral,cung_cap_tai_lieu
1020,sự nhiệt tình của giảng viên trong quá trình giảng dạy .,positive,hanh_vi
1021,giáo viên nên tập trung vào các vấn đề cần biết trên lớp để cho các sinh viên hiểu rõ hơn bài tập .,negative,ky_nang_giang_day
1021,giáo viên nên tập trung vào các vấn đề cần biết trên lớp để cho các sinh viên hiểu rõ hơn bài tập .,neutral,de_xuat
1022,em xin chân thành cảm ơn !,positive,noi_chung
1023,"dạy rất nhiệt tình , lớp sinh động , truyền đạt tốt .",positive,ky_nang_giang_day
1023,"dạy rất nhiệt tình , lớp sinh động , truyền đạt tốt .",positive,hanh_vi
1024,có cho đề mẫu và bài tập để ôn tập .,neutral,bai_tap
1024,có cho đề mẫu và bài tập để ôn tập .,neutral,de_xuat
1025,"giảng viên trả lời câu hỏi của sinh viên thiếu chuyên nghiệp ( qua loa , không đúng chủ đề ) .",negative,hanh_vi
1026,"chú trọng quá nhiều vào lý thuyết , ít bài tập .",negative,bai_tap
1026,"chú trọng quá nhiều vào lý thuyết , ít bài tập .",negative,chuong_trinh_hoc
1027,nhưng ngoài điều đó ra thì giảng viên rất tốt .,positive,hanh_vi
1028,"nội dung bài giảng hay , phù hợp và truyền đạt nội dung bài kết hợp ví dụ tuyệt vời !",positive,ky_nang_giang_day
1028,"nội dung bài giảng hay , phù hợp và truyền đạt nội dung bài kết hợp ví dụ tuyệt vời !",positive,kinh_nghiem
1028,"nội dung bài giảng hay , phù hợp và truyền đạt nội dung bài kết hợp ví dụ tuyệt vời !",positive,kien_thuc
1029,tận tình .,positive,hanh_vi
1030,giảng viên thường không trả lời câu hỏi của sinh viền hoặc là khó chịu khi sinh viên hỏi bài .,negative,hanh_vi
1031,"bước vào lớp học cứ như "" đi nhầm lớp "" .",neutral,noi_chung
1032,hay cho nghỉ .,neutral,de_xuat
1033,không thấy giảng viên trên lớp .,negative,hanh_vi
1034,chương trình hiện tại chia tới 2 lĩnh vực trong một môn học .,neutral,chuong_trinh_hoc
1035,"không chỉ truyền đạt đầy đủ kiến thức , thầy còn cho thêm sinh viên nhiều thông tin bổ ích khác .",positive,ky_nang_giang_day
1035,"không chỉ truyền đạt đầy đủ kiến thức , thầy còn cho thêm sinh viên nhiều thông tin bổ ích khác .",positive,kien_thuc
1036,"giảng viên tận tâm , khả năng truyền đạt tốt .",positive,ky_nang_giang_day
1036,"giảng viên tận tâm , khả năng truyền đạt tốt .",positive,hanh_vi
1037,những sinh viên đi học vào buổi đó không dự được thì sao có thể viết bài thu hoạch .,negative,bai_tap
1038,"giảng viên kém nhiệt tình , nghỉ học một số buổi nhưng không thông báo trên daa .",negative,hanh_vi
1039,kiến thức được học ở lý thuyết cần được áp dụng một cách thực tiễn vào thực hành .,negative,kinh_nghiem
1039,kiến thức được học ở lý thuyết cần được áp dụng một cách thực tiễn vào thực hành .,negative,kien_thuc
1039,kiến thức được học ở lý thuyết cần được áp dụng một cách thực tiễn vào thực hành .,neutral,de_xuat
1040,"hiện giờ , giảng viên đã nghỉ 2 tuần mà không báo trước .",negative,hanh_vi
1041,không phản hồi câu hỏi cũng như tiếp thu ý kiến của sinh viên một cách nhiệt tình và thoả đáng .,negative,hanh_vi
1042,"cô nhiệt tình , có chia sẻ một số kinh nghiệm hữu ích trong ngành .",positive,kinh_nghiem
1042,"cô nhiệt tình , có chia sẻ một số kinh nghiệm hữu ích trong ngành .",positive,hanh_vi
1043,môi trường không đảm bảo an toàn cho sức khỏe .,negative,thiet_bi_day_hoc
1044,"giảng rất dễ hiểu , liên hệ thực tế nhiều .",positive,ky_nang_giang_day
1044,"giảng rất dễ hiểu , liên hệ thực tế nhiều .",positive,kinh_nghiem
1045,"thầy rất vui tính , hòa đồng với sinh viên từ đó truyền đạt khá dễ tiếp thu .",positive,ky_nang_giang_day
1045,"thầy rất vui tính , hòa đồng với sinh viên từ đó truyền đạt khá dễ tiếp thu .",positive,hanh_vi
1046,thầy nói tiếng anh còn hơi nhỏ .,negative,ky_nang_giang_day
1047,cô dạy slide lý thuyết hơi nhanh .,negative,ky_nang_giang_day
1048,chưa có slide tiếng việt .,negative,cung_cap_tai_lieu
1049,"thầy dạy nhiệt tình , chỗ nào lớp không hiểu thầy nhiệt tình giảng lại cho lớp .",positive,ky_nang_giang_day
1049,"thầy dạy nhiệt tình , chỗ nào lớp không hiểu thầy nhiệt tình giảng lại cho lớp .",positive,hanh_vi
1050,em đã kết thúc một học kỳ ở đó !,neutral,noi_chung
1051,điểm danh thường xuyên .,neutral,noi_chung
1052,nội dụng môn học không liên quan đến đề thi .,negative,chuong_trinh_hoc
1053,mong giảng viên lưu tâm !,negative,hanh_vi
1053,mong giảng viên lưu tâm !,neutral,de_xuat
1054,"luôn giải đáp những thắc mắc sớm nhất có thể , mở thêm những buổi học ngoài tăng cường kiến thức .",positive,hanh_vi
1054,"luôn giải đáp những thắc mắc sớm nhất có thể , mở thêm những buổi học ngoài tăng cường kiến thức .",neutral,de_xuat
1055,giáo viên nên cho nhiều ví dụ nhỏ trên lớp hơn để chúng em dễ tiếp thu .,negative,ky_nang_giang_day
1055,giáo viên nên cho nhiều ví dụ nhỏ trên lớp hơn để chúng em dễ tiếp thu .,neutral,de_xuat
1056,"sinh viên rất khó nắm bắt những gì giảng viên viết và ghi chú trên bảng , phần lớn chỉ có thể giảng dạy bằng máy chiếu , dù tốc độ không quá nhanh nhưng cũng chỉ là những dòng chữ lướt qua , khi về nhà lại phải tự mày mò học lại từ đầu tuy nói rằng nhiệm vụ của sinh viên là phải tìm hiểu bài trước khi đến lớp nhưng với việc giảng dạy trong một giảng đường rộng lớn đã khiến vai trò hỗ trợ của giảng viên trở nên mờ nhạt .",negative,ky_nang_giang_day
1056,"sinh viên rất khó nắm bắt những gì giảng viên viết và ghi chú trên bảng , phần lớn chỉ có thể giảng dạy bằng máy chiếu , dù tốc độ không quá nhanh nhưng cũng chỉ là những dòng chữ lướt qua , khi về nhà lại phải tự mày mò học lại từ đầu tuy nói rằng nhiệm vụ của sinh viên là phải tìm hiểu bài trước khi đến lớp nhưng với việc giảng dạy trong một giảng đường rộng lớn đã khiến vai trò hỗ trợ của giảng viên trở nên mờ nhạt .",negative,hanh_vi
1057,"vui tính , năng nổ , dễ dàng tiếp cận sinh viên , cách dạy có hiệu quả .",positive,ky_nang_giang_day
1057,"vui tính , năng nổ , dễ dàng tiếp cận sinh viên , cách dạy có hiệu quả .",positive,hanh_vi
1058,cần giảng dạy theo slide tiếng việt hoặc giảng viên cần chú trọng dịch và giải thích hơn vì sinh viên cũng không giỏi tiếng anh nên khó tiếp thu .,negative,ky_nang_giang_day
1058,cần giảng dạy theo slide tiếng việt hoặc giảng viên cần chú trọng dịch và giải thích hơn vì sinh viên cũng không giỏi tiếng anh nên khó tiếp thu .,negative,cung_cap_tai_lieu
1058,cần giảng dạy theo slide tiếng việt hoặc giảng viên cần chú trọng dịch và giải thích hơn vì sinh viên cũng không giỏi tiếng anh nên khó tiếp thu .,positive,de_xuat
1059,"giá tiền tín chỉ thực hành theo hình thức 2 cao hơn , số buổi học ít hơn .",negative,chuong_trinh_hoc
1060,có các phương pháp dạy tốt .,positive,ky_nang_giang_day
1061,"giảng viên tận tâm , giảng dạy hiệu quả , có trao đổi và thảo luận trên moodle .",positive,ky_nang_giang_day
1061,"giảng viên tận tâm , giảng dạy hiệu quả , có trao đổi và thảo luận trên moodle .",positive,hanh_vi
1062,bổ sung thêm các trang thiết bị để đáp ứng nhu cầu môn học và cải thiện phòng lab rộng rãi hơn .,negative,thiet_bi_day_hoc
1062,bổ sung thêm các trang thiết bị để đáp ứng nhu cầu môn học và cải thiện phòng lab rộng rãi hơn .,positive,de_xuat
1063,cần hỗ trọ nhiều máy thực hành hơn cho môn mạch số .,negative,thiet_bi_day_hoc
1063,cần hỗ trọ nhiều máy thực hành hơn cho môn mạch số .,neutral,de_xuat
1064,"rất tán thành việc giảng viên liên hệ với doanh nghiệp để sinh viên đến tìm hiểu , thực tập về nội dung môn học cũng như có thêm nhiều kinh nghiệm bổ ích .",positive,kinh_nghiem
1064,"rất tán thành việc giảng viên liên hệ với doanh nghiệp để sinh viên đến tìm hiểu , thực tập về nội dung môn học cũng như có thêm nhiều kinh nghiệm bổ ích .",positive,hanh_vi
1065,"phòng máy chất lượng kém , rất chậm , liên tục mất điện trong quá trình thực hành .",negative,thiet_bi_day_hoc
1066,"giảng kỹ , hay .",positive,ky_nang_giang_day
1067,cô dạy tâm huyết và nhiệt tình .,positive,ky_nang_giang_day
1068,"thầy chỉ dạy rất tận tình , hiền .",positive,ky_nang_giang_day
1068,"thầy chỉ dạy rất tận tình , hiền .",positive,hanh_vi
1069,thêm nhiều bài tập về nhà .,negative,bai_tap
1069,thêm nhiều bài tập về nhà .,positive,de_xuat
1070,"nếu có , em nghĩ mục tiêu môn học cần xác định rõ với sinh viên trước khi bắt đầu , em cảm ơn ạ !",negative,chuong_trinh_hoc
1070,"nếu có , em nghĩ mục tiêu môn học cần xác định rõ với sinh viên trước khi bắt đầu , em cảm ơn ạ !",negative,de_xuat
1071,phòng học thiếu quạt .,negative,thiet_bi_day_hoc
1072,giáo viên dạy lớp wzjwz315 không phải là cô wzjwz316 .,negative,noi_chung
1073,"thầy nên dạy nhiều hơn , nên dạy kỹ lý thuyết hơn .",neutral,ky_nang_giang_day
1073,"thầy nên dạy nhiều hơn , nên dạy kỹ lý thuyết hơn .",positive,de_xuat
1074,"rất thích học thầy vì thầy dạy dễ hiểu , thẳng thắn , quyết đoán và dạy những thứ thực tế .",positive,ky_nang_giang_day
1074,"rất thích học thầy vì thầy dạy dễ hiểu , thẳng thắn , quyết đoán và dạy những thứ thực tế .",positive,kinh_nghiem
1074,"rất thích học thầy vì thầy dạy dễ hiểu , thẳng thắn , quyết đoán và dạy những thứ thực tế .",positive,hanh_vi
1075,"cô wzjwz92 rất tận tâm , nhiệt tình hướng dẫn khi sinh viên có thắc mắc , cô sẵn sàng ngồi lại sau giờ học để giải đáp tất cả thắc mắc của các bạn , dù có thể mất 1h .",positive,hanh_vi
1076,em không có bất kỳ điều gì hài hòng .,negative,noi_chung
1077,quan tâm đến sinh viên .,positive,hanh_vi
1078,thầy dạy hay slide chuẩn bị tốt .,positive,ky_nang_giang_day
1078,thầy dạy hay slide chuẩn bị tốt .,positive,cung_cap_tai_lieu
1079,"nên nêu rõ mục đích , yêu cầu của môn học khi bắt đầu dạy , để sinh viên nắm được mục đích yêu cầu môn học .",negative,chuong_trinh_hoc
1079,"nên nêu rõ mục đích , yêu cầu của môn học khi bắt đầu dạy , để sinh viên nắm được mục đích yêu cầu môn học .",neutral,de_xuat
1080,"tận tình với sinh viên , dễ hiểu bài .",positive,ky_nang_giang_day
1080,"tận tình với sinh viên , dễ hiểu bài .",positive,hanh_vi
1081,"giảng viên chưa có khả năng truyền đạt , kinh nghiệm đứng lớp chưa có !",negative,ky_nang_giang_day
1081,"giảng viên chưa có khả năng truyền đạt , kinh nghiệm đứng lớp chưa có !",negative,kinh_nghiem
1082,sử dụng slide nguyên bản tiếng anh .,negative,cung_cap_tai_lieu
1083,thầy giảng rất kỹ từng bài tập .,positive,ky_nang_giang_day
1084,thầy hay chảy mồ hôi nhìn có cảm giác nóng nực dễ sợ luôn .,negative,hanh_vi
1085,"cô rất tận tình , quan tâm đến sinh viên .",positive,hanh_vi
1086,giảng viên phải đảm bảo giờ lên lớp .,negative,hanh_vi
1087,giảng viên vui vẻ hòa đồng .,positive,hanh_vi
1088,"cách dạy của thầy như cưỡi ngựa xem hoa , 15 phút giảng xong một bài .",negative,ky_nang_giang_day
1089,thầy dạy khó hiểu .,negative,ky_nang_giang_day
1090,"có thể vận dụng được các kiến thức đã học để thiết kế , chế tạo , tính toán .",positive,kien_thuc
1091,cô rất hòa đồng và nhiệt huyết với học sinh .,positive,hanh_vi
1092,thầy không thông báo rõ cho sinh viên về nội dung làm chiếm bao nhiêu .,negative,bai_tap
1093,giảng bài tập nhiệt tình .,positive,ky_nang_giang_day
1093,giảng bài tập nhiệt tình .,positive,hanh_vi
1094,giáo viên bám sát kiến thức .,positive,kien_thuc
1095,"thầy dạy hay và bài tập hay nâng cao kỹ năng lập trình cho sinh viên , bổ sung kiến thức cần thiết .",positive,ky_nang_giang_day
1095,"thầy dạy hay và bài tập hay nâng cao kỹ năng lập trình cho sinh viên , bổ sung kiến thức cần thiết .",positive,bai_tap
1095,"thầy dạy hay và bài tập hay nâng cao kỹ năng lập trình cho sinh viên , bổ sung kiến thức cần thiết .",positive,kien_thuc
1096,"nhiệt tình , truyền đạt tốt , hướng dẫn tận tình .",positive,ky_nang_giang_day
1096,"nhiệt tình , truyền đạt tốt , hướng dẫn tận tình .",positive,hanh_vi
1097,"giọng điệu khi nói hơi nhanh khó nghe , khả năng truyền đạt chưa tốt .",negative,ky_nang_giang_day
1098,nhiệt huyết .,positive,hanh_vi
1099,bài tập thực hành thường đi trước nội dung lý thuyết được học .,negative,bai_tap
1100,tuy nhiên môn học được giảng bằng tiếng anh nên em cũng không nắm được hết nội dung thầy giảng .,negative,ky_nang_giang_day
1101,cảm ơn thầy đã sửa lỗi khi cài vmware giúp em colonsmallsmile .,positive,hanh_vi
1102,"tận tâm , dễ hiểu , nhiệt tình .",positive,ky_nang_giang_day
1102,"tận tâm , dễ hiểu , nhiệt tình .",positive,hanh_vi
1103,cũng hài lòng .,positive,noi_chung
1104,cách làm bài của thầy dễ hiểu rõ ràng .,positive,ky_nang_giang_day
1105,"thầy dạy rất nhiệt tình , thầy kiêm luôn giáo viên thực hành .",positive,ky_nang_giang_day
1105,"thầy dạy rất nhiệt tình , thầy kiêm luôn giáo viên thực hành .",positive,kinh_nghiem
1105,"thầy dạy rất nhiệt tình , thầy kiêm luôn giáo viên thực hành .",positive,hanh_vi
1106,"dạy buồn ngủ , khó hiểu .",negative,ky_nang_giang_day
1107,thầy dạy rất vui và hiệu quả !,positive,ky_nang_giang_day
1107,thầy dạy rất vui và hiệu quả !,positive,hanh_vi
1108,"phương pháp dạy hay , tân tâm , nhiệt tình .",positive,ky_nang_giang_day
1109,"thầy nhiệt tình và dễ thương , giúp em tìm tòi và hiểu những cái không có trong sách , nhờ thầy ôn tập mà em đã có đủ kiến thức để làm bài thi và có kiến thức căn bản sau này .",positive,ky_nang_giang_day
1109,"thầy nhiệt tình và dễ thương , giúp em tìm tòi và hiểu những cái không có trong sách , nhờ thầy ôn tập mà em đã có đủ kiến thức để làm bài thi và có kiến thức căn bản sau này .",positive,hanh_vi
1109,"thầy nhiệt tình và dễ thương , giúp em tìm tòi và hiểu những cái không có trong sách , nhờ thầy ôn tập mà em đã có đủ kiến thức để làm bài thi và có kiến thức căn bản sau này .",positive,kien_thuc
1110,"thầy dạy nhiệt tình , nhiều bài tập , dễ hiểu .",positive,ky_nang_giang_day
1110,"thầy dạy nhiệt tình , nhiều bài tập , dễ hiểu .",positive,hanh_vi
1110,"thầy dạy nhiệt tình , nhiều bài tập , dễ hiểu .",neutral,bai_tap
1111,"cô giảng rất tuyệt , cô rất nhiệt tình hướng dẫn tất cả các bạn trong lớp , vui tính .",positive,ky_nang_giang_day
1111,"cô giảng rất tuyệt , cô rất nhiệt tình hướng dẫn tất cả các bạn trong lớp , vui tính .",positive,hanh_vi
1112,cho những bài tập bổ ích giúp sinh viên nắm rõ được kiến thức của môn học .,positive,bai_tap
1113,quan tâm giúp đỡ và luôn nhiệt tình khi học sinh hỏi bài .,positive,hanh_vi
1114,dạy khá chuyên cần .,positive,ky_nang_giang_day
1115,cô giao bài tập nhiệt tình .,positive,hanh_vi
1115,cô giao bài tập nhiệt tình .,positive,bai_tap
1116,"giáo viên dạy rất hay , tạo niềm vui cho sinh viên .",positive,ky_nang_giang_day
1116,"giáo viên dạy rất hay , tạo niềm vui cho sinh viên .",positive,hanh_vi
1117,"thầy vui tính , dạy dễ hiểu .",positive,ky_nang_giang_day
1117,"thầy vui tính , dạy dễ hiểu .",positive,hanh_vi
1118,"chất giọng của cô đều đều dễ gây buồn ngủ , slide bài giảng chưa logic .",negative,ky_nang_giang_day
1118,"chất giọng của cô đều đều dễ gây buồn ngủ , slide bài giảng chưa logic .",negative,cung_cap_tai_lieu
1119,cần thông báo rõ hình thức đánh giá môn học một cách thống nhất .,negative,cham_diem
1119,cần thông báo rõ hình thức đánh giá môn học một cách thống nhất .,negative,de_xuat
1120,"khuyên răn sinh viên , đặt vấn đề tốt cho một giải pháp .",neutral,noi_chung
1121,cách truyền đạt của giảng viên chưa tốt .,negative,ky_nang_giang_day
1122,giáo viên tận tình chỉ bảo .,positive,hanh_vi
1123,giờ giấc không đảm bảo .,negative,chuong_trinh_hoc
1124,đôi chỗ vẫn khó hiểu .,negative,ky_nang_giang_day
1125,giảng dạy đúng giờ và nhiệt tình .,positive,hanh_vi
1126,"giảng viên nhiệt tình , tận tâm , bài giảng thu hút , dễ hiểu .",positive,ky_nang_giang_day
1126,"giảng viên nhiệt tình , tận tâm , bài giảng thu hút , dễ hiểu .",positive,hanh_vi
1127,hiện nay trong phòng lab số lượng kit học bị hư hỏng nhiều .,negative,thiet_bi_day_hoc
1128,"giảng dạy hiệu quả , tích cực trong tiết học .",positive,ky_nang_giang_day
1129,"dạy hay , nhiệt tình .",positive,ky_nang_giang_day
1129,"dạy hay , nhiệt tình .",positive,hanh_vi
1130,giảng viên có tâm huyết .,positive,hanh_vi
1131,"giảng viên tận tâm , nhiệt tình hỗ trợ sinh viên học tập , làm đồ án .",positive,hanh_vi
1132,nhiều khi không hiểu thầy đang nói cái gì colondoublesurprise .,negative,ky_nang_giang_day
1133,trang bị thêm nhiều thiết bị mạng hơn nữa để thực hành !,negative,thiet_bi_day_hoc
1133,trang bị thêm nhiều thiết bị mạng hơn nữa để thực hành !,neutral,de_xuat
1134,quá theo sách .,negative,chuong_trinh_hoc
1135,cô dạy dễ hiểu và vui quá trời .,positive,ky_nang_giang_day
1135,cô dạy dễ hiểu và vui quá trời .,positive,hanh_vi
1136,trong quá trình giảng dạy giảng viên luôn nhiệt tình với sinh viên .,positive,hanh_vi
1137,"giảng viên thường cho nghỉ không lý do , cả lớp lên ngồi đợi rất lâu rồi có người lên thay giáo viên báo nghỉ hoặc thường xuyên đi trễ trên 30 phút với lý do "" kẹt xe "" .",negative,hanh_vi
1138,số lượng bài tập chưa nhiều .,negative,bai_tap
1139,truyền đạt bài dễ tiếp thu .,positive,ky_nang_giang_day
1140,dạy hay dot giúp học sinh tiếp thu .,positive,ky_nang_giang_day
1141,"thưa , những tài liệu thầy đưa ra đủ để em có thể tự hoàn thành đồ án riêng mình .",positive,cung_cap_tai_lieu
1142,buổi nào cũng đều dài quá mức cần thiết gây mệt mỏi .,negative,chuong_trinh_hoc
1143,giáo viên dạy nhiệt tình và hài hước .,positive,hanh_vi
1144,khi cô dạy luôn cuốn hút sinh viên .,positive,ky_nang_giang_day
1145,"giảng viên cho nhiều ví dụ , bài tập minh họa cho sinh viên .",positive,ky_nang_giang_day
1145,"giảng viên cho nhiều ví dụ , bài tập minh họa cho sinh viên .",positive,bai_tap
1146,"cách trình bày bài giảng của thầy rất hay , dễ hiểu và dễ tiếp thu đối với sinh viên .",positive,ky_nang_giang_day
1147,khả năng truyền đạt chưa ổn .,negative,ky_nang_giang_day
1148,thầy dạy rất nhiệt tình và tận tâm .,positive,hanh_vi
1149,giáo viên lên lớp đúng giờ và phát âm khá chuẩn .,positive,ky_nang_giang_day
1149,giáo viên lên lớp đúng giờ và phát âm khá chuẩn .,positive,hanh_vi
1150,vui vẻ hòa đồng .,positive,hanh_vi
1151,"thời gian thực hành tập trung chưa phù hợp , bị trùng với các giờ với các môn học khác .",negative,chuong_trinh_hoc
1151,"thời gian thực hành tập trung chưa phù hợp , bị trùng với các giờ với các môn học khác .",neutral,de_xuat
1152,nội dung kiến thức được đảm bảo .,positive,kien_thuc
1153,"dụng cụ học tập còn thiếu , không đảm bảo cho sinh viên tập luyện .",negative,thiet_bi_day_hoc
1154,"sửa lại một số máy bị hư chuột , chuột rất khó di chuyển , gây khó khăn cho việc thực hành .",negative,thiet_bi_day_hoc
1154,"sửa lại một số máy bị hư chuột , chuột rất khó di chuyển , gây khó khăn cho việc thực hành .",neutral,de_xuat
1155,đề khó colonbigsmile .,negative,bai_tap
1156,về chuyên môn thì khỏi chê vào đâu cả .,positive,kien_thuc
1157,thầy dạy còn chưa rõ .,negative,ky_nang_giang_day
1158,cô nhiệt tình giảng dạy .,positive,hanh_vi
1159,mong thầy dạy đúng số tiết mà môn đó quy định .,neutral,chuong_trinh_hoc
1159,mong thầy dạy đúng số tiết mà môn đó quy định .,neutral,de_xuat
1160,thầy nhiệt tâm và rất cởi mở .,positive,hanh_vi
1161,thầy không cho lớp ôn tập nội dung thi ở kỳ kiểm tra giữa kỳ và cả thi cuối kỳ .,negative,ky_nang_giang_day
1161,thầy không cho lớp ôn tập nội dung thi ở kỳ kiểm tra giữa kỳ và cả thi cuối kỳ .,negative,hanh_vi
1162,tài liệu giảng dạy cần bổ sung .,negative,cung_cap_tai_lieu
1162,tài liệu giảng dạy cần bổ sung .,neutral,de_xuat
1163,tuy nhiên truyền đạt hơi khó hiểu cho sinh viên .,negative,ky_nang_giang_day
1164,hình thức thực hiện chưa chuyên nghiệp và máy móc .,negative,thiet_bi_day_hoc
1165,cần cho bài tập sau mỗi ngày học .,negative,bai_tap
1165,cần cho bài tập sau mỗi ngày học .,neutral,de_xuat
1166,có nhiều cái mới khi học môn của thầy .,positive,kien_thuc
1167,visual studio của các máy trong phòng máy đã hết hạn .,negative,thiet_bi_day_hoc
1168,cô giảng với giọng quá nhỏ chả nghe gì cả .,negative,hanh_vi
1169,cung cấp tài liệu tham khảo tốt .,positive,cung_cap_tai_lieu
1170,không hợp với cách giảng dạy .,negative,ky_nang_giang_day
1171,cần tìm ra những phương pháp giảng dạy tốt hơn để sinh viên chúng em hiểu bài và nhớ lâu hơn .,negative,ky_nang_giang_day
1171,cần tìm ra những phương pháp giảng dạy tốt hơn để sinh viên chúng em hiểu bài và nhớ lâu hơn .,positive,de_xuat
1172,"giảng viên nhiệt tình hướng dẫn học , giải các bài tập khó .",positive,ky_nang_giang_day
1172,"giảng viên nhiệt tình hướng dẫn học , giải các bài tập khó .",positive,hanh_vi
1173,"không khí lớp thoải mái , tạo động lực phát biểu , góp ý kiển .",positive,hanh_vi
1174,khá tốt .,positive,noi_chung
1175,"giáo viên giảng nhanh quá , em chép bài không kịp và không kịp hiểu .",negative,ky_nang_giang_day
1176,"thầy rất dễ thương , vui vẻ .",positive,hanh_vi
1177,máy chiếu phòng học rất rất rất tệ !,negative,thiet_bi_day_hoc
1178,"thầy không đảm bảo lên lớp đúng giờ , có bữa nghỉ mà cũng không báo trước cho sinh viên hay thông báo nghỉ .",negative,hanh_vi
1179,em rất thích cách dạy và tận tình giúp đỡ từng sinh viên của thầy .,positive,ky_nang_giang_day
1179,em rất thích cách dạy và tận tình giúp đỡ từng sinh viên của thầy .,positive,hanh_vi
1180,"thầy có phương pháp chấm bài hay , tuy khó nhưng rất bổ ích cho sinh viên .",positive,cham_diem
1181,mặc dù thầy rất nhiệt tình nhưng lượng kiến thức thầy truyền đạt chúng em không tiếp thu được một cách hiệu quả .,negative,ky_nang_giang_day
1181,mặc dù thầy rất nhiệt tình nhưng lượng kiến thức thầy truyền đạt chúng em không tiếp thu được một cách hiệu quả .,positive,hanh_vi
1181,mặc dù thầy rất nhiệt tình nhưng lượng kiến thức thầy truyền đạt chúng em không tiếp thu được một cách hiệu quả .,negative,kien_thuc
1182,chưa hài lòng .,negative,noi_chung
1183,thầy tận tâm vì sinh viên .,positive,hanh_vi
1184,"thầy dạy kỹ , tận tâm với sinh viên , thường xuyên trao đổi với sinh viên ngoài giờ .",positive,ky_nang_giang_day
1184,"thầy dạy kỹ , tận tâm với sinh viên , thường xuyên trao đổi với sinh viên ngoài giờ .",positive,hanh_vi
1185,điều này gây lên sự chênh lệch rõ rệt về trình độ anh văn trong lớp .,negative,noi_chung
1186,cô dạy còn hơi nhanh hơi thuần lý thuyết .,negative,ky_nang_giang_day
1187,"cho nhiều bài tập nhưng không giải , sinh viên chỉ biết làm mà không biết mình làm đúng hay không .",negative,bai_tap
1188,"giờ lên lớp thời gian đầu là dành cho seminar , 30 - 45 phút còn lại sau khi seminar giảng viên lại cho làm bài tập thực hành , sinh viên tự làm , giảng viên không hướng dẫn gì thêm và làm việc riêng .",negative,hanh_vi
1188,"giờ lên lớp thời gian đầu là dành cho seminar , 30 - 45 phút còn lại sau khi seminar giảng viên lại cho làm bài tập thực hành , sinh viên tự làm , giảng viên không hướng dẫn gì thêm và làm việc riêng .",negative,bai_tap
1189,nếu được thì em nghĩ thầy nên có bài sửa sau mỗi ngày deadline thực hành vì môn mạng máy tính rất khó nắm bắt .,neutral,de_xuat
1190,cô truyền đạt bài giảng rất tốt .,positive,ky_nang_giang_day
1191,"cô dạy rất hay , cho bài tập ứng dụng nhiều vào thực tiễn .",positive,ky_nang_giang_day
1191,"cô dạy rất hay , cho bài tập ứng dụng nhiều vào thực tiễn .",positive,kinh_nghiem
1191,"cô dạy rất hay , cho bài tập ứng dụng nhiều vào thực tiễn .",positive,bai_tap
1192,"giảng dễ hiểu và vui tính , thân thiện .",positive,ky_nang_giang_day
1192,"giảng dễ hiểu và vui tính , thân thiện .",positive,hanh_vi
1193,nội dung truyền đạt của thầy không chỉ về kiến thức mà còn về cách sống .,positive,ky_nang_giang_day
1193,nội dung truyền đạt của thầy không chỉ về kiến thức mà còn về cách sống .,positive,kien_thuc
1194,giảng viên thường xuyên nghỉ không báo trước .,negative,hanh_vi
1195,"giảng viên có tâm huyết , khả năng truyền đạt đến học sinh cao .",positive,ky_nang_giang_day
1195,"giảng viên có tâm huyết , khả năng truyền đạt đến học sinh cao .",positive,hanh_vi
1196,"thầy dạy dễ hiểu , rất nhiệt tình trả lời giải đáp của sinh viên .",positive,ky_nang_giang_day
1196,"thầy dạy dễ hiểu , rất nhiệt tình trả lời giải đáp của sinh viên .",positive,hanh_vi
1197,giảng viên tích cực giải đề các năm .,positive,ky_nang_giang_day
1197,giảng viên tích cực giải đề các năm .,positive,hanh_vi
1198,"trong khi cô giảng bài thì lớp còn ồn nên khó để tập trung nghe giảng , mong cô dùng micro để giảng bài và nói to hơn ạ .",negative,ky_nang_giang_day
1198,"trong khi cô giảng bài thì lớp còn ồn nên khó để tập trung nghe giảng , mong cô dùng micro để giảng bài và nói to hơn ạ .",neutral,de_xuat
1199,"giáo viên tận tâm , giải đáp những thắc mắc của học sinh , cực kỳ linh động .",positive,ky_nang_giang_day
1199,"giáo viên tận tâm , giải đáp những thắc mắc của học sinh , cực kỳ linh động .",positive,hanh_vi
1200,ngôn từ trong phương pháp giảng dạy gần gũi với sinh viên .,positive,ky_nang_giang_day
1201,lan man và hơi khó hiểu .,negative,ky_nang_giang_day
1202,thầy rất nhiệt tình và dạy dễ hiểu .,positive,ky_nang_giang_day
1202,thầy rất nhiệt tình và dạy dễ hiểu .,positive,hanh_vi
1203,may mắn cho các sinh viên sau này không còn làm việc với giảng viên này .,negative,hanh_vi
1204,"cô wzjwz226 rất tâm huyết với sinh viên , tận tâm , giảng bài có hiệu quả .",positive,ky_nang_giang_day
1204,"cô wzjwz226 rất tâm huyết với sinh viên , tận tâm , giảng bài có hiệu quả .",positive,hanh_vi
1205,"cô rất dễ thương , dạy dễ hiểu .",positive,ky_nang_giang_day
1205,"cô rất dễ thương , dạy dễ hiểu .",positive,hanh_vi
1206,phòng thực hành về mạng cần có nhiều trang thiết bị về mạng hơn để sinh viên có thể thực hành trên máy móc chứ không phải học thông qua các phần mềm .,negative,thiet_bi_day_hoc
1206,phòng thực hành về mạng cần có nhiều trang thiết bị về mạng hơn để sinh viên có thể thực hành trên máy móc chứ không phải học thông qua các phần mềm .,positive,de_xuat
1207,cần cho sinh viên làm hoạt động nhóm nhiều hơn và mở rộng nâng cao kiến thức cho sinh viên nhiều hơn nữa .,negative,bai_tap
1207,cần cho sinh viên làm hoạt động nhóm nhiều hơn và mở rộng nâng cao kiến thức cho sinh viên nhiều hơn nữa .,neutral,de_xuat
1208,"thầy nhiệt tình , tận tụy , vui vẻ .",positive,hanh_vi
1209,"thầy rất nghiêm khắc , là một người thầy rất giỏi .",positive,ky_nang_giang_day
1209,"thầy rất nghiêm khắc , là một người thầy rất giỏi .",neutral,hanh_vi
1210,"do học chung với các anh chị khoá 2011 , một phần nhỏ là khoá 2012 , các anh chị quá ồn ào , ồn ào không chịu nổi mặc dù đã nhắc nhở nhiều lần .",negative,hanh_vi
1211,"lý do doubledot vào 2 tuần cuối kỳ , sinh viên phải làm đồ án rất nhiều môn , phải ôn thi .",negative,bai_tap
1211,"lý do doubledot vào 2 tuần cuối kỳ , sinh viên phải làm đồ án rất nhiều môn , phải ôn thi .",negative,chuong_trinh_hoc
1212,"thầy giảng rất nhiệt tình , cặn kẽ .",positive,ky_nang_giang_day
1212,"thầy giảng rất nhiệt tình , cặn kẽ .",positive,hanh_vi
1213,giảng viên chưa truyền đạt tốt cho sinh viên và thái độ ban đầu chưa tốt .,negative,ky_nang_giang_day
1213,giảng viên chưa truyền đạt tốt cho sinh viên và thái độ ban đầu chưa tốt .,negative,hanh_vi
1214,"cô dạy nhiệt tình , kiến thức sâu và rộng , liên hệ thực tiễn cụ thể .",positive,kinh_nghiem
1214,"cô dạy nhiệt tình , kiến thức sâu và rộng , liên hệ thực tiễn cụ thể .",positive,hanh_vi
1214,"cô dạy nhiệt tình , kiến thức sâu và rộng , liên hệ thực tiễn cụ thể .",positive,kien_thuc
1215,thầy cung cấp những thông tin rất mới và rất có ích cho sinh viên cả về học tập và làm việc sau này !,positive,kien_thuc
1216,em không có ý kiến gì cả .,neutral,noi_chung
1217,"giảng dạy tốt , nhiệt huyết với sinh viên .",positive,ky_nang_giang_day
1217,"giảng dạy tốt , nhiệt huyết với sinh viên .",positive,hanh_vi
1218,thầy cho nhiều bài tập .,neutral,bai_tap
1219,cô rất tận tình !,positive,hanh_vi
1220,cảm thấy rất may mắn khi được học thầy .,positive,hanh_vi
1221,thầy giảng dạy nhiệt tình và vui tính .,positive,hanh_vi
1222,"giảng viên quá nhiệt tình , hiểu sinh viên , thương sinh viên .",positive,hanh_vi
1223,"thầy vui tính , dạy dễ hiểu và tận tình .",positive,ky_nang_giang_day
1223,"thầy vui tính , dạy dễ hiểu và tận tình .",positive,hanh_vi
1224,"giảng viên nghỉ dạy nhiều buổi , kiến thức truyền đạt cho sinh viên không nhiều .",negative,hanh_vi
1224,"giảng viên nghỉ dạy nhiều buổi , kiến thức truyền đạt cho sinh viên không nhiều .",negative,kien_thuc
1225,có đảm bảo chương trình dạy .,positive,chuong_trinh_hoc
1226,nâng cao cơ sở vật chất giảng dạy .,negative,thiet_bi_day_hoc
1226,nâng cao cơ sở vật chất giảng dạy .,neutral,de_xuat
1227,giảng viên nên có kỹ năng sư phạm tốt hơn .,negative,ky_nang_giang_day
1227,giảng viên nên có kỹ năng sư phạm tốt hơn .,neutral,de_xuat
1228,"cô rất tận tâm , nhiệt huyết , thân thiện , tạo không gian học rất thoải mái .",positive,hanh_vi
1229,"thiếu thông tin , tài liệu về môn học .",negative,cung_cap_tai_lieu
1230,chưa ôn tập được nhiều kiến thức cơ bản của anh văn 1 .,negative,kien_thuc
1231,học sinh yêu cầu giảng lại không giảng lại và bảo về tự xem lại .,negative,ky_nang_giang_day
1231,học sinh yêu cầu giảng lại không giảng lại và bảo về tự xem lại .,negative,hanh_vi
1231,học sinh yêu cầu giảng lại không giảng lại và bảo về tự xem lại .,neutral,de_xuat
1232,thầy dạy tận tâm .,positive,hanh_vi
1233,"cần giảng viên nói to rõ , làm cho tiết học thêm sôi động , hấp dẫn .",negative,ky_nang_giang_day
1233,"cần giảng viên nói to rõ , làm cho tiết học thêm sôi động , hấp dẫn .",positive,de_xuat
1234,"cô rất tuyệt , giảng lý thuyết và bài tập siêu kỹ , giải đáp thắc mắc của sinh viên cực nhanh vì chi tiết .",positive,ky_nang_giang_day
1234,"cô rất tuyệt , giảng lý thuyết và bài tập siêu kỹ , giải đáp thắc mắc của sinh viên cực nhanh vì chi tiết .",positive,hanh_vi
1234,"cô rất tuyệt , giảng lý thuyết và bài tập siêu kỹ , giải đáp thắc mắc của sinh viên cực nhanh vì chi tiết .",positive,bai_tap
1235,"cô dạy vui vẻ nhiệt tình , giúp em có hứng học môn anh văn hơn .",positive,hanh_vi
1236,cô rất vui tính .,positive,hanh_vi
1237,"số lượng bài tập tại lớp mỗi buổi khá nhiều , em mong thầy có thể giảm bớt 2 - 3 bài .",negative,bai_tap
1237,"số lượng bài tập tại lớp mỗi buổi khá nhiều , em mong thầy có thể giảm bớt 2 - 3 bài .",neutral,de_xuat
1238,giáo viên giảng dạy kỹ từng phần .,positive,ky_nang_giang_day
1239,"cô cũng khuyến khích seminar để tăng khả năng sinh bày của sinh viên , trong quá trình trình bày hoặc xây dựng nội dung trình bày cô luôn tận tình giúp đỡ nếu có khó khăn từ phía sinh viên đó .",positive,ky_nang_giang_day
1239,"cô cũng khuyến khích seminar để tăng khả năng sinh bày của sinh viên , trong quá trình trình bày hoặc xây dựng nội dung trình bày cô luôn tận tình giúp đỡ nếu có khó khăn từ phía sinh viên đó .",positive,hanh_vi
1240,đưa sinh viên đi tham quan thực tế về các doanh nghiệp .,positive,kinh_nghiem
1241,giao tiếp nhiều hơn .,negative,hanh_vi
1241,giao tiếp nhiều hơn .,neutral,de_xuat
1242,"khiến cho chúng em vừa đói lại vừa mệt , kiến thức thầy nói thật đáng để chúng em ghi nhận nhưng đói và mệt thì làm sao chúng em tiếp thu và thực hiện nổi .",positive,kien_thuc
1243,giải thích được rõ vấn đề .,positive,ky_nang_giang_day
1244,không có ý kiến gì !,neutral,noi_chung
1245,"thời lượng học lý thuyết của môn học ngắn , dễ bị ảnh hưởng khi giảng viên đến trễ hay tham gia các buổi họp .",negative,hanh_vi
1245,"thời lượng học lý thuyết của môn học ngắn , dễ bị ảnh hưởng khi giảng viên đến trễ hay tham gia các buổi họp .",negative,chuong_trinh_hoc
1246,"giảng viên rất tôn trọng sinh viên , hướng dẫn tận tình cho sinh viên cách học và ôn tập cuối kỳ , ngoài ra còn hướng dẫn chi tiết cho sinh viên về đồ án tốt nghiệp .",positive,ky_nang_giang_day
1246,"giảng viên rất tôn trọng sinh viên , hướng dẫn tận tình cho sinh viên cách học và ôn tập cuối kỳ , ngoài ra còn hướng dẫn chi tiết cho sinh viên về đồ án tốt nghiệp .",positive,hanh_vi
1246,"giảng viên rất tôn trọng sinh viên , hướng dẫn tận tình cho sinh viên cách học và ôn tập cuối kỳ , ngoài ra còn hướng dẫn chi tiết cho sinh viên về đồ án tốt nghiệp .",positive,kien_thuc
1247,"không có sách dạy chi tiết về môn học nên học rất khó hiểu , cần có tài liều hướng dẫn cụ thể chi tiết , mong nhà trường viết thêm sách cho sinh viên .",negative,cung_cap_tai_lieu
1247,"không có sách dạy chi tiết về môn học nên học rất khó hiểu , cần có tài liều hướng dẫn cụ thể chi tiết , mong nhà trường viết thêm sách cho sinh viên .",neutral,de_xuat
1248,"nghỉ học nhiều , vào lớp trễ .",negative,hanh_vi
1249,hi vọng thầy có thể cải thiện kỹ năng truyền đạt hơn .,negative,ky_nang_giang_day
1249,hi vọng thầy có thể cải thiện kỹ năng truyền đạt hơn .,neutral,de_xuat
1250,sinh viên cần đi học chăm nghe thầy giảng và làm bài tập thầy cho .,neutral,bai_tap
1250,sinh viên cần đi học chăm nghe thầy giảng và làm bài tập thầy cho .,neutral,de_xuat
1251,thầy chỉ dạy nhiệt tình những chỗ sinh viên chưa nắm rõ .,positive,ky_nang_giang_day
1251,thầy chỉ dạy nhiệt tình những chỗ sinh viên chưa nắm rõ .,positive,hanh_vi
1252,ra bài tập vừa phải thôi và phải chữa bài .,negative,bai_tap
1253,"dậy nhiệt tình , dễ tính .",positive,hanh_vi
1254,thầy có thể giới thiệu cho bọn em những cuốn sách có nội dung đầy đủ và phù hợp với nội dung của chương trình nhà trường đề ra .,positive,cung_cap_tai_lieu
1254,thầy có thể giới thiệu cho bọn em những cuốn sách có nội dung đầy đủ và phù hợp với nội dung của chương trình nhà trường đề ra .,neutral,de_xuat
1255,giảng viên khả năng truyền đạt tốt .,positive,ky_nang_giang_day
1256,"giáo viên giảng dạy nhiệt tình , tạo được hứng thú cho sinh viên .",positive,hanh_vi
1257,giảng viên không đưa các bài giảng lên hệ thống courses .,negative,cung_cap_tai_lieu
1258,thầy dạy hơi gây buồn ngủ .,negative,ky_nang_giang_day
1259,"thiếu trang bị , dụng cụ thực hành cần thiết , không đáp ứng đủ thời gian giảng dạy do vắng tiết .",negative,chuong_trinh_hoc
1259,"thiếu trang bị , dụng cụ thực hành cần thiết , không đáp ứng đủ thời gian giảng dạy do vắng tiết .",negative,thiet_bi_day_hoc
1260,"cô tận tình , nhiệt tình trong công việc .",positive,hanh_vi
1261,thực hành không liên quan gì đến lý thuyết .,negative,kinh_nghiem
1262,giảng viên nói quá nhanh .,negative,ky_nang_giang_day
1263,đề nghị giảng viên sử dụng hiệu quả hơn kênh moodle để nâng cao chất lượng giảng dạy .,neutral,ky_nang_giang_day
1263,đề nghị giảng viên sử dụng hiệu quả hơn kênh moodle để nâng cao chất lượng giảng dạy .,neutral,de_xuat
1264,khả năng truyền đạt của giảng viên chưa được tốt .,negative,ky_nang_giang_day
1265,thầy rất dễ chịu .,positive,hanh_vi
1266,"thầy nên vui vẻ giải đáp thắc mắc khi học sinh hỏi , bớt càu nhàu .",negative,hanh_vi
1266,"thầy nên vui vẻ giải đáp thắc mắc khi học sinh hỏi , bớt càu nhàu .",neutral,de_xuat
1267,"cung cấp cho sinh viên biết được mục đích và công dụng thực tiễn của môn học vào thực tế nghề nghiệp , thêm các ví dụ liên quan tới cách áp dụng môn học vào nghề nghiệp tương lai chứ không dừng ở việc lấy ví dụ cho bài giảng .",positive,kinh_nghiem
1267,"cung cấp cho sinh viên biết được mục đích và công dụng thực tiễn của môn học vào thực tế nghề nghiệp , thêm các ví dụ liên quan tới cách áp dụng môn học vào nghề nghiệp tương lai chứ không dừng ở việc lấy ví dụ cho bài giảng .",positive,kien_thuc
1268,tuy nhiên ai hỏi thì cô trả lời nhiệt tình .,positive,hanh_vi
1269,"giải chi tiết các bài tập , tiếp thu bài rất nhanh trong giờ giảng của thầy .",positive,ky_nang_giang_day
1269,"giải chi tiết các bài tập , tiếp thu bài rất nhanh trong giờ giảng của thầy .",positive,bai_tap
1270,cố gắng tạo mọi điều kiện để sinh viên hoạt động nâng cao kỹ năng .,positive,hanh_vi
1271,"cô dạy hơi khó hiểu , phức tạp hóa vấn đề .",negative,ky_nang_giang_day
1272,"cần đưa ra nhìu ví dụ , bài tập cộng bài giảng đi theo .",negative,ky_nang_giang_day
1272,"cần đưa ra nhìu ví dụ , bài tập cộng bài giảng đi theo .",negative,bai_tap
1272,"cần đưa ra nhìu ví dụ , bài tập cộng bài giảng đi theo .",neutral,de_xuat
1273,thầy dạy tận tình .,positive,hanh_vi
1274,"câu văn trong bài giảng khó hiểu , không diễn đạt rõ ràng ý nghĩa .",negative,ky_nang_giang_day
1275,"bản thân thầy dạy thực hành mà 3 tuần học liền tương đương 1dot5 tháng mà thầy vẫn không làm được yêu cầu cơ bản của môn học , đó là kết nối oracle trên 2 máy .",negative,ky_nang_giang_day
1275,"bản thân thầy dạy thực hành mà 3 tuần học liền tương đương 1dot5 tháng mà thầy vẫn không làm được yêu cầu cơ bản của môn học , đó là kết nối oracle trên 2 máy .",negative,kinh_nghiem
1276,"thầy giảng hơi khó hiểu , thầy cần chủ động mở nhiều cuộc tranh luận với sinh viên .",negative,ky_nang_giang_day
1276,"thầy giảng hơi khó hiểu , thầy cần chủ động mở nhiều cuộc tranh luận với sinh viên .",neutral,de_xuat
1277,giảng hơi nhanh .,negative,ky_nang_giang_day
1278,"giáo viên tận tâm , công minh .",positive,hanh_vi
1279,"những đề bài tập của thầy rất hay , rất ấn tượng !",positive,bai_tap
1280,làm thầy thì có tâm chút đi ạ .,negative,hanh_vi
1280,làm thầy thì có tâm chút đi ạ .,neutral,de_xuat
1281,"có những ví dụ sinh động , dễ hiểu .",positive,ky_nang_giang_day
1282,giảng viên có nhiều kinh nghiệm chuyên môn .,positive,kinh_nghiem
1283,người thậy nhiệt huyết dù học sinh không đi học đầy đủ .,positive,hanh_vi
1284,cô không cung cấp đáp án bài tập trên moodle .,negative,bai_tap
1284,cô không cung cấp đáp án bài tập trên moodle .,negative,cung_cap_tai_lieu
1285,"cách giảng đôi lúc ( vài buổi ) còn gây buồn ngủ , chưa thu hút ( có thể là do bài giảng nhiều lý thuyết mới ) .",negative,ky_nang_giang_day
1286,giảng viên có chuyên môn cao .,positive,kien_thuc
1287,"giảng viên đảm bảo thời gian lên lớp tốt , chấm điểm công bằng .",positive,hanh_vi
1287,"giảng viên đảm bảo thời gian lên lớp tốt , chấm điểm công bằng .",positive,cham_diem
1288,"đây là một thực hành và là một môn khó , có số tín chỉ bằng 2 lý thuyết nên giảng viên cần giảng một cách khái quát về bài học trước để sinh viên về nhà có thể tự thực hành , chứ chiếu đề lên và bắt sinh viên làm thì bị trống kiến thức .",negative,ky_nang_giang_day
1288,"đây là một thực hành và là một môn khó , có số tín chỉ bằng 2 lý thuyết nên giảng viên cần giảng một cách khái quát về bài học trước để sinh viên về nhà có thể tự thực hành , chứ chiếu đề lên và bắt sinh viên làm thì bị trống kiến thức .",negative,bai_tap
1288,"đây là một thực hành và là một môn khó , có số tín chỉ bằng 2 lý thuyết nên giảng viên cần giảng một cách khái quát về bài học trước để sinh viên về nhà có thể tự thực hành , chứ chiếu đề lên và bắt sinh viên làm thì bị trống kiến thức .",neutral,de_xuat
1289,giảng và giải bài quá nhanh .,negative,ky_nang_giang_day
1290,giảng dạy tận tình .,positive,ky_nang_giang_day
1290,giảng dạy tận tình .,positive,hanh_vi
1291,slide chưa đẹp lắm .,negative,cung_cap_tai_lieu
1292,"chưa có nhiều trao đổi , tương tác với sinh viên trên các diễn đàn .",negative,hanh_vi
1293,"các bài tập , ví dụ cần đi liền với thực tiễn công việc sau này chứ không phải là các ví dụ như doubledot viết chương trình số phức , số thực , vẽ tam giác .",negative,bai_tap
1293,"các bài tập , ví dụ cần đi liền với thực tiễn công việc sau này chứ không phải là các ví dụ như doubledot viết chương trình số phức , số thực , vẽ tam giác .",neutral,de_xuat
1294,"thiếu các thiết bị chạy hệ điều hành windows phone , ios , android cho sinh viên thực hành .",negative,thiet_bi_day_hoc
1294,"thiếu các thiết bị chạy hệ điều hành windows phone , ios , android cho sinh viên thực hành .",negative,de_xuat
1295,"phương pháp giảng dạy tiên tiến , giờ học vui .",positive,ky_nang_giang_day
1296,cô sửa bài theo nhiều cách .,neutral,ky_nang_giang_day
1297,nhiều khi thầy nghỉ không báo trước colonsad .,negative,hanh_vi
1298,thay vì ngồi chờ chấm điểm như đi thi thực hành .,negative,cham_diem
1299,thầy giảng bài tập chưa hay .,negative,ky_nang_giang_day
1300,chuẩn bị bài giảng kỹ càng .,positive,ky_nang_giang_day
1301,em phải nói thật thầy dạy hơi buồn ngủ .,negative,hanh_vi
1302,"giảng viên giảng dạy một cách rất khó hiểu , khó tiếp thu và rất dễ ngủ .",negative,ky_nang_giang_day
1303,chương trình dạy không đem nhiều lợi ích .,negative,chuong_trinh_hoc
1304,"cô giảng dạy dễ hiểu , nhiệt tình , luôn trả lời nhiệt tình câu hỏi của sinh viên đặt ra .",positive,ky_nang_giang_day
1304,"cô giảng dạy dễ hiểu , nhiệt tình , luôn trả lời nhiệt tình câu hỏi của sinh viên đặt ra .",positive,hanh_vi
1305,điểm danh học sinh đi học .,neutral,noi_chung
1306,giảng viên có nhiều kinh nghiệm .,positive,kinh_nghiem
1307,nhiệt tình vui vẻ nói chung ra rất tốt .,positive,hanh_vi
1308,giảng viên nhiệt tình ( và xinh ) .,positive,hanh_vi
1309,hơi cứng nhắc trong vấn đề này .,negative,hanh_vi
1310,cô giáo dạy tiếng anh nói tiếng anh rất nhỏ và khó nghe nếu nói bằng micro hơn nữa cách dạy của cô khiến cho sinh viên không thể nào không buồn ngủ vì nó rất rất nhàm chán .,negative,ky_nang_giang_day
1311,thầy nhiệt tình trong giảng dạy .,positive,hanh_vi
1312,có ứng dụng thực tiễn thích hợp !,positive,kinh_nghiem
1313,giảng viên dạy rất nhiệt tình và rất có tâm .,positive,hanh_vi
1314,thầy dạy hơi nhanh một chút .,negative,ky_nang_giang_day
1315,hầu hết là để sinh viên tự làm cũng như giao hoàn toàn cho lớp trưởng .,neutral,bai_tap
1316,giảng viên dạy hơi buồn ngủ .,negative,hanh_vi
1317,"tận tâm , có kế hoạch .",positive,hanh_vi
1318,tệ .,negative,noi_chung
1319,"dạy nhiệt tình , nhiệt huyết , thân thiện với sinh viên .",positive,hanh_vi
1320,"nhiệt tình , kiến thức rộng , truyền cảm hứng .",positive,hanh_vi
1320,"nhiệt tình , kiến thức rộng , truyền cảm hứng .",positive,kien_thuc
1321,"giảng viên nhiệt tình , giảng thêm kiến thức bên ngoài , cũng như bài tập thêm cho sinh viên mở rộng .",positive,hanh_vi
1321,"giảng viên nhiệt tình , giảng thêm kiến thức bên ngoài , cũng như bài tập thêm cho sinh viên mở rộng .",positive,bai_tap
1321,"giảng viên nhiệt tình , giảng thêm kiến thức bên ngoài , cũng như bài tập thêm cho sinh viên mở rộng .",positive,kien_thuc
1322,"thầy dạy vui tính , tận tâm với sinh viên .",positive,hanh_vi
1323,nên giảng cho học sinh kỹ hơn nữa .,negative,ky_nang_giang_day
1323,nên giảng cho học sinh kỹ hơn nữa .,neutral,de_xuat
1324,bài tập nên mang tính bắt buộc và cho điểm cộng thì sẽ tạo được động lực cũng như hứng thú cho sinh viên hơn .,neutral,bai_tap
1324,bài tập nên mang tính bắt buộc và cho điểm cộng thì sẽ tạo được động lực cũng như hứng thú cho sinh viên hơn .,neutral,de_xuat
1325,cô cho bài nhiều .,negative,bai_tap
1326,kiểm tra bài cũ .,neutral,noi_chung
1327,khả năng truyền đạt của giảng viên chưa hiệu quả và có phần khó hiểu .,negative,ky_nang_giang_day
1328,"kiến thức giảng viên chưa sâu , chưa dạy đúng trọng tâm , có những phần rất cơ bản nhưng giảng viên chưa nắm vững .",negative,ky_nang_giang_day
1328,"kiến thức giảng viên chưa sâu , chưa dạy đúng trọng tâm , có những phần rất cơ bản nhưng giảng viên chưa nắm vững .",negative,kien_thuc
1329,phần mềm phục vụ cho phần thực hành không được cài đặt đầy đủ trên tất cả các máy tính .,negative,thiet_bi_day_hoc
1330,"giảng viên tích cực hỗ trợ sinh viên , truyền đạt hiệu quả .",positive,ky_nang_giang_day
1330,"giảng viên tích cực hỗ trợ sinh viên , truyền đạt hiệu quả .",positive,hanh_vi
1331,cơ sở vật chất chưa tốt để nghe tiếng anh .,negative,thiet_bi_day_hoc
1332,giảng viên dạy hơi nhanh .,negative,ky_nang_giang_day
1333,lớp học của cô wzjwz25 có đặc điểm là trình độ tiếng anh quá chênh lệch giữa cách sinh viên trong cùng một lớp .,negative,noi_chung
1334,phương pháp dạy không phù hợp .,negative,ky_nang_giang_day
1335,hoạt động nhóm quá nhiều dẫn đến mất thời gian .,negative,bai_tap
1336,thầy nên cung cấp đầy đủ slide để sinh viên có thể học tập dễ dàng hơn .,negative,cung_cap_tai_lieu
1336,thầy nên cung cấp đầy đủ slide để sinh viên có thể học tập dễ dàng hơn .,neutral,de_xuat
1337,thầy giáo lên lớp đúng giờ .,positive,hanh_vi
1338,môn học cần đưa nhiều hơn bài tập để sinh viên có thể nắm bắt các cách xử lý cũng như các cách thực hiện cho một bài giảng .,negative,bai_tap
1338,môn học cần đưa nhiều hơn bài tập để sinh viên có thể nắm bắt các cách xử lý cũng như các cách thực hiện cho một bài giảng .,neutral,de_xuat
1339,không cho sinh viên nhiều kiến thức .,negative,kien_thuc
1340,"giảng viên sử dụng thời gian lên lớp không hiểu quả dẫn đến việc dạy lố giờ , dạy bù quá nhiều .",negative,ky_nang_giang_day
1341,giảng viên không giảng mà chỉ đưa slide cho sinh viên tự đọc .,negative,ky_nang_giang_day
1342,máy chiếu trong phòng học quá mờ khiến sinh viên không nhìn rõ nội dung khi trình chiếu !,negative,thiet_bi_day_hoc
1343,"dạy hời hợt không tập trung , nhiều vấn đề về kiến thức của sinh viên không giải quyết hoặc chưa đưa ra được cách giải quyết hay .",negative,ky_nang_giang_day
1343,"dạy hời hợt không tập trung , nhiều vấn đề về kiến thức của sinh viên không giải quyết hoặc chưa đưa ra được cách giải quyết hay .",negative,hanh_vi
1344,"thầy dạy dễ hiểu , gần gũi với sinh viên .",positive,ky_nang_giang_day
1344,"thầy dạy dễ hiểu , gần gũi với sinh viên .",positive,hanh_vi
1345,"không quen với giọng của thầy , có thể vì chưa quen nhanh được , nên đôi lúc hơi khó hiểu .",negative,ky_nang_giang_day
1346,rất quan tâm .,positive,hanh_vi
1347,"tụi bạn em nó nói hỏi bài thầy thì mặt thầy có gì đó nghiêm trọng nhưng đối với em có bao giờ chuyện đó xảy ra , thầy nói chuyện rất là thật cái nào thầy chưa biết là thầy nói chưa biết ngay , thầy dạy xuất sắc 1 giáo viên trẻ quá tuyệt vời .",positive,ky_nang_giang_day
1347,"tụi bạn em nó nói hỏi bài thầy thì mặt thầy có gì đó nghiêm trọng nhưng đối với em có bao giờ chuyện đó xảy ra , thầy nói chuyện rất là thật cái nào thầy chưa biết là thầy nói chưa biết ngay , thầy dạy xuất sắc 1 giáo viên trẻ quá tuyệt vời .",positive,hanh_vi
1347,"tụi bạn em nó nói hỏi bài thầy thì mặt thầy có gì đó nghiêm trọng nhưng đối với em có bao giờ chuyện đó xảy ra , thầy nói chuyện rất là thật cái nào thầy chưa biết là thầy nói chưa biết ngay , thầy dạy xuất sắc 1 giáo viên trẻ quá tuyệt vời .",positive,kien_thuc
1348,thường xuyên gửi bài lên mạng .,neutral,cung_cap_tai_lieu
1349,giảng bài cần chi tiết và rõ ràng hơn .,negative,ky_nang_giang_day
1349,giảng bài cần chi tiết và rõ ràng hơn .,neutral,de_xuat
1350,cải thiện chất lượng các phòng máy và kết nối mạng .,negative,thiet_bi_day_hoc
1350,cải thiện chất lượng các phòng máy và kết nối mạng .,neutral,de_xuat
1351,giảng viên chưa đảm bảo được ngày giờ học dẫn tới lớp học chậm và lệch so với giảng viên thực hành .,negative,hanh_vi
1351,giảng viên chưa đảm bảo được ngày giờ học dẫn tới lớp học chậm và lệch so với giảng viên thực hành .,negative,chuong_trinh_hoc
1352,"môn này em học cải thiện nhưng mà nhà trường hủy môn em xong đăng tự ý đổi lớp lại , em không biết em không đi học nên chắc chắn em rớt .",negative,chuong_trinh_hoc
1353,giảng viên truyền đạt được ý hiểu đến sinh viên .,positive,ky_nang_giang_day
1354,"thầy có hệ thống lại kiến thức rõ ràng , giúp sinh viên tiếp thu tốt hơn .",positive,ky_nang_giang_day
1354,"thầy có hệ thống lại kiến thức rõ ràng , giúp sinh viên tiếp thu tốt hơn .",positive,kien_thuc
1355,có bám sát chương trình dạy .,neutral,chuong_trinh_hoc
1356,đào tạo thêm về cơ chế giảng dạy .,neutral,de_xuat
1357,thầy giảng dạy đầy đủ không bỏ sót kiến thức .,positive,ky_nang_giang_day
1357,thầy giảng dạy đầy đủ không bỏ sót kiến thức .,positive,kien_thuc
1358,tôi rất hài lòng .,positive,noi_chung
1359,thầy wzjwz245 nói nhỏ .,negative,ky_nang_giang_day
1360,mong nhà trường nâng cấp thêm cho phòng máy thực hành .,negative,thiet_bi_day_hoc
1360,mong nhà trường nâng cấp thêm cho phòng máy thực hành .,neutral,de_xuat
1361,và quá gấp gáp .,negative,noi_chung
1362,"thầy nhiệt tình , giúp đỡ sinh viên hiệu quả .",positive,hanh_vi
1363,chưa đảm bảo giờ lên lớp .,negative,chuong_trinh_hoc
1364,kiến thức .,neutral,kien_thuc
1365,"nhiệt tình , tạo cách chủ động cho học sinh tiếp cận với môn học .",positive,hanh_vi
1366,"mình cũng ít đi học , nên chả biết lắm , đi được nửa kỳ , thấy dạy chán quá nên thôi .",negative,ky_nang_giang_day
1367,"cho học sinh thuyết trình , chủ động .",positive,ky_nang_giang_day
1368,"phần pl fraction sql , quản lý , phân quyền .",neutral,chuong_trinh_hoc
1369,chưa nói đến sinh viên tự tra .,negative,noi_chung
1370,giảng viên cần trau dồi thêm khả năng truyền đạt bài giảng .,negative,ky_nang_giang_day
1370,giảng viên cần trau dồi thêm khả năng truyền đạt bài giảng .,negative,de_xuat
1371,giảng rất nhiệt tình .,positive,hanh_vi
1372,"cô giảng dễ hiểu , đủ nội dung bài học .",positive,ky_nang_giang_day
1372,"cô giảng dễ hiểu , đủ nội dung bài học .",positive,kien_thuc
1373,theo em nghĩ là quá nhiều cho 2 tín chỉ .,negative,bai_tap
1374,luôn cập nhật kiến thức mới .,positive,kien_thuc
1375,thầy giảng hơi khó hiểu .,negative,ky_nang_giang_day
1376,thân thiện vui tính .,positive,hanh_vi
1377,"lên lớp đầy đủ , dạy nhiều cái mới .",positive,ky_nang_giang_day
1378,"thầy vui tính , nhiệt tình , hay cười .",positive,hanh_vi
1379,cô lên lớp đúng giờ .,positive,hanh_vi
1380,"ứng dụng thực tế vào giảng dạy nhiều , tạo cho sinh viên hình dung việc học tập sẽ làm được gì khi ra trường .",positive,kinh_nghiem
1381,cách dạy của giáo viên hiệu quả .,positive,ky_nang_giang_day
1382,"giảng viên dạy toàn diện các kỹ năng trong tiếng anh , cách dạy linh hoạt , sôi nổi .",positive,ky_nang_giang_day
1382,"giảng viên dạy toàn diện các kỹ năng trong tiếng anh , cách dạy linh hoạt , sôi nổi .",positive,kien_thuc
1383,"vui vẻ hòa đồng , tận tâm giảng dạy .",positive,hanh_vi
1384,"có nhiều hoạt động đan xen trong giờ học trên lớp , giúp sinh viên có tinh thần tự giác học tập .",positive,ky_nang_giang_day
1385,giáo viên giảng bài làm cho sinh viên hứng thú và dễ tiếp thu .,positive,ky_nang_giang_day
1385,giáo viên giảng bài làm cho sinh viên hứng thú và dễ tiếp thu .,positive,hanh_vi
1386,"đi học xa quá ạ , mong trường có kế hoạch nào đó cho sinh viên học thể dục bên nhân văn đi bộ cho gần ạ !",neutral,de_xuat
1387,thầy phân tích sâu sắc các vấn đề .,positive,ky_nang_giang_day
1387,thầy phân tích sâu sắc các vấn đề .,positive,kien_thuc
1388,"giảng viên nên tận tình hơn , giúp sinh viên có cách học tốt hơn .",negative,hanh_vi
1388,"giảng viên nên tận tình hơn , giúp sinh viên có cách học tốt hơn .",neutral,de_xuat
1389,rất không hài lòng với năng lực của mình không thể được phát huy .,negative,noi_chung
1390,ít cho nghe .,negative,thiet_bi_day_hoc
1391,có nhiều bài tập .,neutral,bai_tap
1392,cho nhiều bài tập để rèn luyện .,positive,bai_tap
1393,thầy nhiệt huyết tận tâm .,positive,hanh_vi
1394,thầy giảng bài .,neutral,ky_nang_giang_day
1395,điều em hài lòng nhất đó là giảng viên giảng bài rất dễ hiểu và lưu ý được những lỗi thường xảy ra khi làm bài tập .,positive,ky_nang_giang_day
1395,điều em hài lòng nhất đó là giảng viên giảng bài rất dễ hiểu và lưu ý được những lỗi thường xảy ra khi làm bài tập .,positive,hanh_vi
1396,nhiều nhóm chưa chuẩn bị kỹ về vấn đề tìm hiểu .,negative,bai_tap
1397,"thầy dạy rất vui , kiến thức dầy đủ .",positive,ky_nang_giang_day
1397,"thầy dạy rất vui , kiến thức dầy đủ .",positive,kien_thuc
1398,hình thức tạo nhóm không hiệu quả .,negative,ky_nang_giang_day
1399,"lý do doubledot "" thầy quên "" .",negative,hanh_vi
1400,khá khó hiểu .,negative,ky_nang_giang_day
1401,truyền đạt .,neutral,noi_chung
1402,"thiết kế bài giảng lại , dễ hiểu và cuốn hút hơn .",positive,ky_nang_giang_day
1403,"thầy rất nhiệt tình trong việc giảng dạy trên lớp , luôn đến lớp đúng giờ và tận tâm đến từng học sinh để trao đổi về bài tập cũng như thường xuyên cho bài tập rèn luyện thêm .",positive,ky_nang_giang_day
1403,"thầy rất nhiệt tình trong việc giảng dạy trên lớp , luôn đến lớp đúng giờ và tận tâm đến từng học sinh để trao đổi về bài tập cũng như thường xuyên cho bài tập rèn luyện thêm .",positive,hanh_vi
1403,"thầy rất nhiệt tình trong việc giảng dạy trên lớp , luôn đến lớp đúng giờ và tận tâm đến từng học sinh để trao đổi về bài tập cũng như thường xuyên cho bài tập rèn luyện thêm .",positive,bai_tap
1404,cần bám sát đề thi hơn .,negative,bai_tap
1404,cần bám sát đề thi hơn .,neutral,de_xuat
1405,cần cho nhiều dạng bài tập hơn .,negative,bai_tap
1405,cần cho nhiều dạng bài tập hơn .,neutral,de_xuat
1406,"thầy dạy rất hay và dễ hiểu , hầu như mọi thắc mắc đều không cần hỏi thầy vẫn trả lời .",positive,ky_nang_giang_day
1406,"thầy dạy rất hay và dễ hiểu , hầu như mọi thắc mắc đều không cần hỏi thầy vẫn trả lời .",positive,hanh_vi
1407,"đặc biệt cần thông tin cụ thể về những dụng cụ nào nhà trường phải có trách nhiệm cấp cho sinh viên và giảng viên , ví dụ như có trường hợp bút lông viết bảng xài qua vài học kỳ đã khô hết mực , bút mờ không viết được nhưng giảng viên và sinh viên không biết đến đâu để đổi hay thay bút mới nên dẫn đến có giảng viên đành nói chay , không ghi chép được gì , hoặc phải tự đi mua bút viết bảng mới để viết .",negative,thiet_bi_day_hoc
1407,"đặc biệt cần thông tin cụ thể về những dụng cụ nào nhà trường phải có trách nhiệm cấp cho sinh viên và giảng viên , ví dụ như có trường hợp bút lông viết bảng xài qua vài học kỳ đã khô hết mực , bút mờ không viết được nhưng giảng viên và sinh viên không biết đến đâu để đổi hay thay bút mới nên dẫn đến có giảng viên đành nói chay , không ghi chép được gì , hoặc phải tự đi mua bút viết bảng mới để viết .",neutral,de_xuat
1408,ôm đồm quá nhiều kỳ vọng .,negative,noi_chung
1409,cần làm nhiều bài tập hơn là lý thuyết khô cứng khó hiểu dẫn đến nhiều sinh viên hoang mang khi gặp bài tập trong đề thi .,negative,ky_nang_giang_day
1409,cần làm nhiều bài tập hơn là lý thuyết khô cứng khó hiểu dẫn đến nhiều sinh viên hoang mang khi gặp bài tập trong đề thi .,negative,bai_tap
1409,cần làm nhiều bài tập hơn là lý thuyết khô cứng khó hiểu dẫn đến nhiều sinh viên hoang mang khi gặp bài tập trong đề thi .,neutral,de_xuat
1410,"dạy hay , đầy đủ .",positive,ky_nang_giang_day
1411,cô rất nhiệt tình vui tính !,positive,hanh_vi
1412,"nhiệt tình với sinh viên , bài giảng tốt .",positive,ky_nang_giang_day
1412,"nhiệt tình với sinh viên , bài giảng tốt .",positive,hanh_vi
1413,"cô giảng dạy nhiệt tình , giải đáp thắc mắc cho sinh viên nhanh chóng , kiên nhẫn giải thích cho sinh viên .",positive,ky_nang_giang_day
1413,"cô giảng dạy nhiệt tình , giải đáp thắc mắc cho sinh viên nhanh chóng , kiên nhẫn giải thích cho sinh viên .",positive,hanh_vi
1414,"giảng viên gây hứng thú cho sinh viên với bài giảng của mình , vui vẻ , thân thiện với sinh viên .",positive,ky_nang_giang_day
1414,"giảng viên gây hứng thú cho sinh viên với bài giảng của mình , vui vẻ , thân thiện với sinh viên .",positive,hanh_vi
1415,nên có những bài tập nhỏ bám sát với lý thuyết .,negative,bai_tap
1415,nên có những bài tập nhỏ bám sát với lý thuyết .,neutral,de_xuat
1416,thầy dạy còn hơi buồn ngủ colonsmile .,negative,ky_nang_giang_day
1416,thầy dạy còn hơi buồn ngủ colonsmile .,negative,hanh_vi
1417,"sau đó sinh viên phải đi học bù , gây ra tình trạng trùng giờ cho nhiều sinh viên , mong cô sớm khắc phục .",negative,chuong_trinh_hoc
1417,"sau đó sinh viên phải đi học bù , gây ra tình trạng trùng giờ cho nhiều sinh viên , mong cô sớm khắc phục .",neutral,de_xuat
1418,"thầy dạy rất tốt , em cho 10 điểm .",positive,ky_nang_giang_day
1418,"thầy dạy rất tốt , em cho 10 điểm .",positive,cham_diem
1419,"cô giảng hay , có ví dụ dễ hiểu , có làm mẫu bài tập , nhiệt tình .",positive,ky_nang_giang_day
1419,"cô giảng hay , có ví dụ dễ hiểu , có làm mẫu bài tập , nhiệt tình .",positive,hanh_vi
1419,"cô giảng hay , có ví dụ dễ hiểu , có làm mẫu bài tập , nhiệt tình .",positive,bai_tap
1420,"tài liệu nên cấp một lần trong đầu môn học , tránh trường hợp học rồi mới đưa tài liệu gây khó khăn cho sinh viên .",negative,cung_cap_tai_lieu
1420,"tài liệu nên cấp một lần trong đầu môn học , tránh trường hợp học rồi mới đưa tài liệu gây khó khăn cho sinh viên .",neutral,de_xuat
1421,nâng cấp hệ thống mạng và máy tính .,neutral,de_xuat
1422,thầy dậy rất nhiệt tình !,positive,hanh_vi
1423,khi gặp vấn đề sinh viên biết được cách sử dụng các phương thức hàm nào .,positive,ky_nang_giang_day
1423,khi gặp vấn đề sinh viên biết được cách sử dụng các phương thức hàm nào .,positive,kien_thuc
1424,"thầy dạy dễ hiểu , sát với thực tế , gần gũi với sinh viên .",positive,ky_nang_giang_day
1424,"thầy dạy dễ hiểu , sát với thực tế , gần gũi với sinh viên .",positive,kinh_nghiem
1424,"thầy dạy dễ hiểu , sát với thực tế , gần gũi với sinh viên .",positive,hanh_vi
1425,đươc biết nhiều cái mới lạ .,positive,kien_thuc
1426,tuyệt !,positive,noi_chung
1427,sau mỗi giờ học cũng có bài tập làm sinh viên rất nản .,negative,bai_tap
1428,"sau những buổi nghỉ tết hay nghỉ lễ , thầy nên thông báo buổi học trên web môn học để sinh viên có thể đi học đúng buổi .",positive,de_xuat
1429,"thầy dạy hay , giảng bài dễ hiểu .",positive,ky_nang_giang_day
1430,"dạy chậm về kiến thức , chưa hoàn tất chuyển c sang cplusplus .",negative,ky_nang_giang_day
1430,"dạy chậm về kiến thức , chưa hoàn tất chuyển c sang cplusplus .",negative,kien_thuc
1431,"em nghĩ cần có feedback từ phía thầy , hoặc có sự so sánh giữa các bạn trong lớp với nhau .",negative,de_xuat
1432,thường xuyên nhắc lại nội dung buổi trước khi bắt đầu buổi học .,positive,ky_nang_giang_day
1433,"luôn trả lời những thắc mắc của sinh viên , dạy tận tình .",positive,ky_nang_giang_day
1433,"luôn trả lời những thắc mắc của sinh viên , dạy tận tình .",positive,hanh_vi
1434,có nhiều ý tưởng cho tiết học thêm sinh động .,positive,chuong_trinh_hoc
1435,không đồng bộ kiến thức với giáo viên lý thuyết .,negative,kien_thuc
1436,nội dung kiểm tra cần bao phủ hết nội dung môn học .,negative,chuong_trinh_hoc
1436,nội dung kiểm tra cần bao phủ hết nội dung môn học .,neutral,de_xuat
1437,"giảng viên nên kiểm tra sức học của từng bạn sinh viên riêng biệt thay vì kiếm điểm quá trình lấy từ hoạt động của nhóm vì nhóm chỉ có một vài bạn hoạt động còn các bạn còn lại đa số là ăn theo , có bạn ít thậm chí là không hoạt động và nhiều lần kéo điểm của nhóm xuống do các bạn hoat động năng nổ kiếm được .",negative,cham_diem
1437,"giảng viên nên kiểm tra sức học của từng bạn sinh viên riêng biệt thay vì kiếm điểm quá trình lấy từ hoạt động của nhóm vì nhóm chỉ có một vài bạn hoạt động còn các bạn còn lại đa số là ăn theo , có bạn ít thậm chí là không hoạt động và nhiều lần kéo điểm của nhóm xuống do các bạn hoat động năng nổ kiếm được .",neutral,de_xuat
1438,"giảng viên không đảm bảo thời gian lên lớp , nghỉ dạy không thông báo trước và thường đến trễ .",negative,hanh_vi
1439,thầy hay nghỉ dạy mà không có thông báo trước nhiều lần .,negative,hanh_vi
1440,bám sát thực tiễn .,positive,kinh_nghiem
1441,thầy nên cho nhiều bài tập về nhà .,negative,bai_tap
1441,thầy nên cho nhiều bài tập về nhà .,neutral,de_xuat
1442,giảng viên tập trung quá nhiều vào điện thoại trong giờ lên lớp .,negative,hanh_vi
1443,"gần thi không dặn gì , hỏi tới mới trả lời .",negative,hanh_vi
1444,"những bài tập , đồ án thầy đưa ra rất hay và giúp sinh viên rèn luyện kiến thức rất tốt .",positive,bai_tap
1444,"những bài tập , đồ án thầy đưa ra rất hay và giúp sinh viên rèn luyện kiến thức rất tốt .",positive,kien_thuc
1445,"thầy rất nhiệt tình , giảng bài chi tiết , rất quan tâm đến sinh viên và nói rất nhẹ nhàng .",positive,ky_nang_giang_day
1445,"thầy rất nhiệt tình , giảng bài chi tiết , rất quan tâm đến sinh viên và nói rất nhẹ nhàng .",positive,hanh_vi
1446,trên đây là ý kiến về các vấn đề em nhận ra sau khi học .,neutral,noi_chung
1447,"hy vọng kỳ sau bộ môn anh văn cải tiến phương pháp dạy , và giáo trình , cho sinh viên nghe nói nhiều hơn , đôi khi bảo sinh viên dịch một đoạn để kiểm tra từ vựng , em thấy giáo viên cũng thương cho sinh viên thảo thuận cặp để nói , nhưng thật sự các bạn không biết nói gì , ngoài việc dịch tiếng việt ghép nghĩa tiếng anh !",negative,ky_nang_giang_day
1447,"hy vọng kỳ sau bộ môn anh văn cải tiến phương pháp dạy , và giáo trình , cho sinh viên nghe nói nhiều hơn , đôi khi bảo sinh viên dịch một đoạn để kiểm tra từ vựng , em thấy giáo viên cũng thương cho sinh viên thảo thuận cặp để nói , nhưng thật sự các bạn không biết nói gì , ngoài việc dịch tiếng việt ghép nghĩa tiếng anh !",negative,kinh_nghiem
1447,"hy vọng kỳ sau bộ môn anh văn cải tiến phương pháp dạy , và giáo trình , cho sinh viên nghe nói nhiều hơn , đôi khi bảo sinh viên dịch một đoạn để kiểm tra từ vựng , em thấy giáo viên cũng thương cho sinh viên thảo thuận cặp để nói , nhưng thật sự các bạn không biết nói gì , ngoài việc dịch tiếng việt ghép nghĩa tiếng anh !",positive,hanh_vi
1447,"hy vọng kỳ sau bộ môn anh văn cải tiến phương pháp dạy , và giáo trình , cho sinh viên nghe nói nhiều hơn , đôi khi bảo sinh viên dịch một đoạn để kiểm tra từ vựng , em thấy giáo viên cũng thương cho sinh viên thảo thuận cặp để nói , nhưng thật sự các bạn không biết nói gì , ngoài việc dịch tiếng việt ghép nghĩa tiếng anh !",negative,bai_tap
1447,"hy vọng kỳ sau bộ môn anh văn cải tiến phương pháp dạy , và giáo trình , cho sinh viên nghe nói nhiều hơn , đôi khi bảo sinh viên dịch một đoạn để kiểm tra từ vựng , em thấy giáo viên cũng thương cho sinh viên thảo thuận cặp để nói , nhưng thật sự các bạn không biết nói gì , ngoài việc dịch tiếng việt ghép nghĩa tiếng anh !",negative,cung_cap_tai_lieu
1447,"hy vọng kỳ sau bộ môn anh văn cải tiến phương pháp dạy , và giáo trình , cho sinh viên nghe nói nhiều hơn , đôi khi bảo sinh viên dịch một đoạn để kiểm tra từ vựng , em thấy giáo viên cũng thương cho sinh viên thảo thuận cặp để nói , nhưng thật sự các bạn không biết nói gì , ngoài việc dịch tiếng việt ghép nghĩa tiếng anh !",negative,chuong_trinh_hoc
1447,"hy vọng kỳ sau bộ môn anh văn cải tiến phương pháp dạy , và giáo trình , cho sinh viên nghe nói nhiều hơn , đôi khi bảo sinh viên dịch một đoạn để kiểm tra từ vựng , em thấy giáo viên cũng thương cho sinh viên thảo thuận cặp để nói , nhưng thật sự các bạn không biết nói gì , ngoài việc dịch tiếng việt ghép nghĩa tiếng anh !",neutral,de_xuat
1448,nếu như thế thì giáo viên lý thuyết có thể đưa bài thực hành cho sinh viên làm mà không cần đến giảng viên thực hành .,neutral,de_xuat
1449,"thời gian hiệu quả , giảng viên nhiệt tình .",positive,hanh_vi
1449,"thời gian hiệu quả , giảng viên nhiệt tình .",positive,chuong_trinh_hoc
1450,sử dụng trang web trao đổi thảo luận trong lớp .,neutral,de_xuat
1451,"nên cho thi cuối kỳ bằng hình thức code trên máy , code giấy rất chán và không có tính thực tế !",negative,chuong_trinh_hoc
1451,"nên cho thi cuối kỳ bằng hình thức code trên máy , code giấy rất chán và không có tính thực tế !",neutral,de_xuat
1452,"thầy dạy hài hước , tận tâm trước các vấn đề về học tập cũng như việc làm của sinh viên .",positive,ky_nang_giang_day
1452,"thầy dạy hài hước , tận tâm trước các vấn đề về học tập cũng như việc làm của sinh viên .",positive,hanh_vi
1453,có nhiều bài nói hay .,positive,ky_nang_giang_day
1454,thầy dạy kỹ từng phần của bài học giúp em dễ hiểu bài nắm vững kiến thức .,positive,ky_nang_giang_day
1454,thầy dạy kỹ từng phần của bài học giúp em dễ hiểu bài nắm vững kiến thức .,positive,kien_thuc
1455,"giảng viên tận tâm , nhiệt tình , vui tính .",positive,hanh_vi
1456,thầy giảng dạy tận tình .,positive,hanh_vi
1457,"phòng học nhỏ , không đủ máy , không kết nối mạng trong khi đây là phòng thực hành của khoa mạng máy tính .",negative,thiet_bi_day_hoc
1458,hơi khó tính nhưng cái khó tính đó giúp ích cho em rất nhiều !,positive,hanh_vi
1459,"cô dạy kỹ , quan tâm nhiều cho sinh viên .",positive,ky_nang_giang_day
1459,"cô dạy kỹ , quan tâm nhiều cho sinh viên .",positive,hanh_vi
1460,"thầy wzjwz310 có cách dạy dành cho những người chủ động và đam mê trong học tập , những người ham học hỏi , tìm hiểu , đam mê ( còn những bạn không có tinh thần hỏi thì sẽ khó học tốt được ) .",positive,ky_nang_giang_day
1461,"thầy giảng rất hay , dạy rất nhiệt tình .",positive,ky_nang_giang_day
1461,"thầy giảng rất hay , dạy rất nhiệt tình .",positive,hanh_vi
1462,"giảng viên tận tâm , nhiệt tình dạy học , giảng dễ hiểu , vui tính , hiền lành .",positive,ky_nang_giang_day
1462,"giảng viên tận tâm , nhiệt tình dạy học , giảng dễ hiểu , vui tính , hiền lành .",positive,hanh_vi
1463,thầy wzjwz289 nên dạy thêm vài môn cho tụi em học .,neutral,de_xuat
1464,phần thực hành môn này còn thiếu các thiết bị thực tế .,negative,thiet_bi_day_hoc
1464,phần thực hành môn này còn thiếu các thiết bị thực tế .,negative,de_xuat
1465,phương pháp giảng dạy .,neutral,ky_nang_giang_day
1466,"thầy tận tâm , nhiệt tình giảng dạy .",positive,hanh_vi
1467,cung cấp đầy đủ kiến thức và sắp xếp tài liệu gọn gàng giúp cho sinh viên dễ dàng tìm kiếm .,positive,cung_cap_tai_lieu
1467,cung cấp đầy đủ kiến thức và sắp xếp tài liệu gọn gàng giúp cho sinh viên dễ dàng tìm kiếm .,positive,kien_thuc
1468,"thầy dạy tốt , trọng tâm vào bài học .",positive,ky_nang_giang_day
1469,"giảng viên tận tâm , nhiệt tình , giảng dạy rất chi tiết nội dung môn học , các ví dụ sinh động , sát thực tế .",positive,ky_nang_giang_day
1469,"giảng viên tận tâm , nhiệt tình , giảng dạy rất chi tiết nội dung môn học , các ví dụ sinh động , sát thực tế .",positive,kinh_nghiem
1469,"giảng viên tận tâm , nhiệt tình , giảng dạy rất chi tiết nội dung môn học , các ví dụ sinh động , sát thực tế .",positive,hanh_vi
1470,giảng viên đảm bảo giờ lên lớp và giảng dạy .,positive,ky_nang_giang_day
1470,giảng viên đảm bảo giờ lên lớp và giảng dạy .,positive,hanh_vi
1471,"lớp học vui , giảng viên giảng dạy sáng tạo , dễ hiểu .",positive,ky_nang_giang_day
1472,"giảng viên nói tiếng anh khá khó nghe , nói nhỏ .",negative,ky_nang_giang_day
1473,"cô nên cho nhiều ví dụ hơn , giảng bài chậm hơn ạ !",negative,ky_nang_giang_day
1473,"cô nên cho nhiều ví dụ hơn , giảng bài chậm hơn ạ !",neutral,de_xuat
1474,cung cấp được nhiều kinh nghiệm hay trong việc học cũng như đi làm sau này .,positive,kinh_nghiem
1475,không có đề cương cụ thể .,negative,cung_cap_tai_lieu
1476,"thầy cho bài tập và giải chi tiết , giảng dễ hiểu .",positive,ky_nang_giang_day
1476,"thầy cho bài tập và giải chi tiết , giảng dễ hiểu .",neutral,bai_tap
1477,"phòng máy , thiết bị mạng cần được đầu tư và vệ sinh , em thấy phòng máy quá bụi , cửa thì hở nên không mát , dẫn đến điều hòa mất tác dụng , lãng phí .",negative,thiet_bi_day_hoc
1477,"phòng máy , thiết bị mạng cần được đầu tư và vệ sinh , em thấy phòng máy quá bụi , cửa thì hở nên không mát , dẫn đến điều hòa mất tác dụng , lãng phí .",neutral,de_xuat
1478,"giảng viên tận tâm , nhiệt tình , có nhiều bài tập hay .",positive,hanh_vi
1478,"giảng viên tận tâm , nhiệt tình , có nhiều bài tập hay .",positive,bai_tap
1479,nên để sinh viên được tự vận động áp dụng lý thuyết vào thực hành .,neutral,de_xuat
1480,"cô không gây được hứng thú học cho sinh viên , đặc biệt là đối với môn khó thế này .",negative,ky_nang_giang_day
1481,giảng khó hiểu .,negative,ky_nang_giang_day
1482,"thầy tận tâm , nhiệt tình , giảng kỹ bài học .",positive,ky_nang_giang_day
1482,"thầy tận tâm , nhiệt tình , giảng kỹ bài học .",positive,hanh_vi
1483,có nhiều ví dụ minh họa dễ hiểu .,positive,kinh_nghiem
1484,"dạy nhiệt tình , giỏi .",positive,ky_nang_giang_day
1485,thầy dạy hơi khó hiểu .,negative,ky_nang_giang_day
1486,"cải thiện thiết bị lớp học doubledot máy chiếu , ổ điện , quạt .",negative,thiet_bi_day_hoc
1486,"cải thiện thiết bị lớp học doubledot máy chiếu , ổ điện , quạt .",neutral,de_xuat
1487,"vui vẻ , giảng dễ tiếp thu .",positive,ky_nang_giang_day
1488,thầy wzjwz251 dạy rất nhiệt tình với sinh viên .,positive,hanh_vi
1489,thầy wzjwz97 dạy quá dở .,negative,ky_nang_giang_day
1490,cho học sinh tích cực thuyết trình bằng tiếng anh .,neutral,de_xuat
1491,đem lại nhiều kiến thức qua môn học .,positive,kien_thuc
1492,cô giảng dạy hay truyền đạt được kiến thức đến sinh viên .,positive,ky_nang_giang_day
1492,cô giảng dạy hay truyền đạt được kiến thức đến sinh viên .,positive,kien_thuc
1493,"nhiệt tình , tận tâm , truyền đạt và các ví dụ dễ hiểu .",positive,ky_nang_giang_day
1493,"nhiệt tình , tận tâm , truyền đạt và các ví dụ dễ hiểu .",positive,kinh_nghiem
1493,"nhiệt tình , tận tâm , truyền đạt và các ví dụ dễ hiểu .",positive,hanh_vi
1494,"nâng cấp cơ sở vật chất đặc biệt là loa , micro và mạng wifi .",negative,thiet_bi_day_hoc
1494,"nâng cấp cơ sở vật chất đặc biệt là loa , micro và mạng wifi .",neutral,de_xuat
1495,chép hơi nhiều .,negative,noi_chung
1496,"đảm bảo giờ dạy trên lớp đầy đủ , đúng giờ , tận tình .",positive,ky_nang_giang_day
1496,"đảm bảo giờ dạy trên lớp đầy đủ , đúng giờ , tận tình .",positive,hanh_vi
1497,em nghĩ nên thực hành nói nhiều hơn .,neutral,kinh_nghiem
1497,em nghĩ nên thực hành nói nhiều hơn .,positive,de_xuat
1498,tốc độ giảng dạy tương đối cao .,negative,ky_nang_giang_day
1499,cho các bài tập lớn để sinh viên có thể làm việc nhóm .,neutral,bai_tap
1499,cho các bài tập lớn để sinh viên có thể làm việc nhóm .,neutral,de_xuat
1500,máy tính khó sử dụng .,negative,thiet_bi_day_hoc
1501,giáo viên tận tâm và nhiệt tình giúp đỡ học sinh trong quá trình học tập .,positive,hanh_vi
1502,thầy chưa bao quát được hết lớp nghe giảng .,negative,ky_nang_giang_day
1503,"giáo trình lỗi thời , quá hàn lâm , xa với thực tiễn .",negative,cung_cap_tai_lieu
1504,"thầy rất bận , hay quên .",negative,hanh_vi
1505,"sự nhiệt tình trả lời các câu hỏi của sinh viên , tài liệu được cung cấp đầy đủ rõ ràng .",positive,hanh_vi
1505,"sự nhiệt tình trả lời các câu hỏi của sinh viên , tài liệu được cung cấp đầy đủ rõ ràng .",positive,cung_cap_tai_lieu
1506,chưa có nhiều kinh nghiệm trong giảng dạy .,negative,kinh_nghiem
1507,không đánh giá đúng khả năng của học sinh .,negative,cham_diem
1508,dạy vui .,positive,ky_nang_giang_day
1509,lớp chất lượng cao nhưng lại thiếu thiết bị .,negative,thiet_bi_day_hoc
1510,"đồng ý là làm bài tập nhiều sẽ tăng khả năng hiểu bài , tăng khả năng giải quyết bài toán .",positive,bai_tap
1510,"đồng ý là làm bài tập nhiều sẽ tăng khả năng hiểu bài , tăng khả năng giải quyết bài toán .",positive,kien_thuc
1511,truyền đạt kinh nghiệm thực tế .,positive,kinh_nghiem
1512,nắm vững ngữ pháp và nâng cao được kỹ năng viết .,positive,kien_thuc
1513,nếu được phòng thí nghiệm có thể có thêm các thiết bị thật để chạy và phát triển ứng dụng windows phone để các bạn biết điểm khác nhau giữa chạy thiết bị giả lập và thiết bị thật .,neutral,thiet_bi_day_hoc
1513,nếu được phòng thí nghiệm có thể có thêm các thiết bị thật để chạy và phát triển ứng dụng windows phone để các bạn biết điểm khác nhau giữa chạy thiết bị giả lập và thiết bị thật .,neutral,de_xuat
1514,"vui vẻ , tận tình , hoà đồng .",positive,hanh_vi
1515,học được nhiều điều qua cách giảng dạy nhiệt tình của thầy .,positive,ky_nang_giang_day
1515,học được nhiều điều qua cách giảng dạy nhiệt tình của thầy .,positive,hanh_vi
1516,"em rất hài lòng về thầy , thầy rất tận tình giúp đỡ sinh viên , mọi thắc mắc luôn được trả lời đầy đủ .",positive,hanh_vi
1517,thầy dạy chi tiết .,positive,ky_nang_giang_day
1518,chép bài trên lớp giúp nhớ bài .,positive,ky_nang_giang_day
1519,giảng viên rất vui tính .,positive,hanh_vi
1520,giảng viên có khả năng truyền đạt và phương pháp giảng dạy dễ hiểu .,positive,ky_nang_giang_day
1521,giáo viên dạy nhiệt tình quan tâm tới học sinh .,positive,hanh_vi
1522,thay vì kiểm tra trên wecode thì cho làm trên lớp thì hay hơn .,positive,bai_tap
1523,em chỉ muốn thầy cô dạy nói nhiều hơn để ứng dụng được nhiều hơn .,negative,ky_nang_giang_day
1523,em chỉ muốn thầy cô dạy nói nhiều hơn để ứng dụng được nhiều hơn .,neutral,de_xuat
1524,thầy cho nhiều bài tập về nhà và có hướng dẫn giải .,positive,bai_tap
1525,chưa dạy cách để áp dụng môn học vào thực tiễn .,negative,kinh_nghiem
1526,áp dụng thực tiễn cao !,positive,kinh_nghiem
1527,"những vấn đề cô nói thường nhanh , dài và khó hiểu .",negative,ky_nang_giang_day
1528,"thầy tận tình , giảng dạy hay , có nhiều ví dụ thực tế cho sinh viên dễ hiểu .",positive,ky_nang_giang_day
1528,"thầy tận tình , giảng dạy hay , có nhiều ví dụ thực tế cho sinh viên dễ hiểu .",positive,kinh_nghiem
1528,"thầy tận tình , giảng dạy hay , có nhiều ví dụ thực tế cho sinh viên dễ hiểu .",positive,hanh_vi
1529,giáo viên giảng bài sinh động dễ tiếp thu .,positive,ky_nang_giang_day
1530,cách thức truyền đạt của giáo viên .,neutral,ky_nang_giang_day
1531,"nhiệt tình , chỉ bảo hết mình .",positive,ky_nang_giang_day
1531,"nhiệt tình , chỉ bảo hết mình .",positive,hanh_vi
1532,thầy rất nhiệt tình với lớp .,positive,hanh_vi
1533,"giáo viên dạy tận tâm , dễ hiểu , vui vẻ !",positive,ky_nang_giang_day
1533,"giáo viên dạy tận tâm , dễ hiểu , vui vẻ !",positive,hanh_vi
1534,thầy rất hiền .,positive,hanh_vi
1535,"nội dung các bài thực hành cần thiết , được thầy thay đổi thích hợp với nội dung học .",positive,bai_tap
1536,"cách dạy projectbase của thầy khá hay , tuy nhiên sinh viên phải mò rất nhiều mới có thể đạt được như mong muốn .",positive,ky_nang_giang_day
1537,"cho thêm bài tập về nhà , tốc độ giảng giải của thầy cần chậm hơn .",negative,ky_nang_giang_day
1537,"cho thêm bài tập về nhà , tốc độ giảng giải của thầy cần chậm hơn .",negative,bai_tap
1537,"cho thêm bài tập về nhà , tốc độ giảng giải của thầy cần chậm hơn .",positive,de_xuat
1538,"môn học cần có nhiều bài tập hơn nữa , cần nhiều giáo trình hơn nữa .",negative,bai_tap
1538,"môn học cần có nhiều bài tập hơn nữa , cần nhiều giáo trình hơn nữa .",negative,cung_cap_tai_lieu
1538,"môn học cần có nhiều bài tập hơn nữa , cần nhiều giáo trình hơn nữa .",positive,de_xuat
1539,sự tận tình của thầy .,positive,hanh_vi
1540,"thầy dạy hay , tận tình , gần gũi với học sinh .",positive,ky_nang_giang_day
1540,"thầy dạy hay , tận tình , gần gũi với học sinh .",positive,hanh_vi
1541,cho điểm rẻ .,negative,cham_diem
1542,rất thân thiện và nhiệt tình .,positive,hanh_vi
1543,tài liệu học tập chưa được cập nhật đầy đủ .,negative,cung_cap_tai_lieu
1544,theo dõi kỹ càng việc thực hành của sinh viên .,positive,hanh_vi
1545,"giáo viên nhiệt tình , vui tính .",positive,hanh_vi
1546,giảng viên rất tận tình trong việc giảng dạy .,positive,hanh_vi
1547,đề nghị nhà trường sửa hoặc bổ sung mới để việc thực hành có hiệu quả .,negative,kinh_nghiem
1547,đề nghị nhà trường sửa hoặc bổ sung mới để việc thực hành có hiệu quả .,neutral,de_xuat
1548,"giảng bài với tốc độ nhanh quá , nhiều phần không theo kịp .",negative,ky_nang_giang_day
1549,em không thể hình dung được gì từ slide của thầy .,negative,cung_cap_tai_lieu
1550,làm nhóm chỉ nhóm trưởng và lớp trưởng phần công công việc .,negative,bai_tap
1551,giảng viên không hướng dẫn thực hành đầy đủ .,negative,ky_nang_giang_day
1552,giảng viên có tương tác với giáo viên .,positive,hanh_vi
1553,"có một sô bài tập lớn hay , giúp bọn em rất nhiều .",positive,bai_tap
1554,"giảng viên nhiệt tình , tận tâm .",positive,hanh_vi
1555,nội dung bài học có phần sơ sài .,negative,chuong_trinh_hoc
1556,em muốn khi học môn này nên cho đồ án để áp dụng nhiều hơn vì em thấy môn này rất hay .,neutral,bai_tap
1556,em muốn khi học môn này nên cho đồ án để áp dụng nhiều hơn vì em thấy môn này rất hay .,neutral,de_xuat
1557,cảm ơn cô .,positive,noi_chung
1558,"cập nhật , cập nhật !",neutral,noi_chung
1559,cần giảng viên lên lớp thường xuyên hơn .,negative,hanh_vi
1559,cần giảng viên lên lớp thường xuyên hơn .,neutral,de_xuat
1560,giảng viên nên dạy lại một vài kiến thức trước khi cho thực hành .,negative,ky_nang_giang_day
1560,giảng viên nên dạy lại một vài kiến thức trước khi cho thực hành .,neutral,de_xuat
1561,"giảng nhanh , nói nhanh mà không biết rằng sinh viên chưa kịp hiểu được đến vấn đề đó .",negative,ky_nang_giang_day
1562,thầy dạy rất nhiệt tình giúp sinh viên .,positive,hanh_vi
1563,"dạy từ cơ bản , theo logic , đến nâng cao .",positive,ky_nang_giang_day
1564,giờ học trên lớp chưa thực sự hiệu quả .,negative,thiet_bi_day_hoc
1565,nên giảm bớt số tiết trong một buổi .,negative,chuong_trinh_hoc
1565,nên giảm bớt số tiết trong một buổi .,neutral,de_xuat
1566,"giảng viên tạo hoạt động cho lớp tốt , nhiệt tình , tiết học thú vị .",positive,ky_nang_giang_day
1566,"giảng viên tạo hoạt động cho lớp tốt , nhiệt tình , tiết học thú vị .",positive,hanh_vi
1567,khả năng truyền đạt dễ hiểu giúp sinh viên nắm vững kiến thức .,positive,ky_nang_giang_day
1568,giảng viên nói tiếng anh khó nghe .,negative,ky_nang_giang_day
1569,còn ít tài liệu tham khảo .,negative,cung_cap_tai_lieu
1570,thầy ít giảng nội dung lý thuyết trên lớp .,negative,ky_nang_giang_day
1571,đảm bảo đầy đủ giờ lên lớp truyền đạt đủ kiến thức theo đề cương .,positive,ky_nang_giang_day
1571,đảm bảo đầy đủ giờ lên lớp truyền đạt đủ kiến thức theo đề cương .,positive,kien_thuc
1571,đảm bảo đầy đủ giờ lên lớp truyền đạt đủ kiến thức theo đề cương .,positive,chuong_trinh_hoc
1572,"cách trình bày ( giọng nói khó nghe ) , diễn đạt kiến thức chưa được tốt .",negative,ky_nang_giang_day
1573,"cần nhiều giờ thực hành hơn nữa vì chủ yếu được học lý thuyết , thời gian tiếp xúc thiết bị ít .",negative,kinh_nghiem
1573,"cần nhiều giờ thực hành hơn nữa vì chủ yếu được học lý thuyết , thời gian tiếp xúc thiết bị ít .",negative,thiet_bi_day_hoc
1573,"cần nhiều giờ thực hành hơn nữa vì chủ yếu được học lý thuyết , thời gian tiếp xúc thiết bị ít .",positive,de_xuat
1574,"cô nhiệt tình , dạy dễ hiểu .",positive,ky_nang_giang_day
1574,"cô nhiệt tình , dạy dễ hiểu .",positive,hanh_vi
1575,thầy liên hệ thực tiễn nhiều gây hứng thú cho sinh viên .,positive,kinh_nghiem
1576,nếu thỉnh thoảng thầy bù lịch học thì em không nói ạ .,neutral,hanh_vi
1577,cho điểm chấm bài tập không công bằng .,negative,cham_diem
1578,thầy cũng ít quan tâm đến ý kiến của học sinh .,negative,hanh_vi
1579,"thầy dạy về lý thuyết thì hơi khó hiểu , khó tiếp thu cho lắm .",negative,ky_nang_giang_day
1580,"giảng viên trình bày dễ hiểu , theo sát bài học .",positive,ky_nang_giang_day
1581,"thầy dạy tận tâm , truyền đạt tốt .",positive,ky_nang_giang_day
1581,"thầy dạy tận tâm , truyền đạt tốt .",positive,hanh_vi
1582,phát âm tốt .,positive,ky_nang_giang_day
1583,giáo viên rất tận tình và dễ thương .,positive,hanh_vi
1584,"cần đi sát thực tiễn , kèm thực hành nhiều hơn lý thuyết để không bị nhàm chán .",negative,kinh_nghiem
1584,"cần đi sát thực tiễn , kèm thực hành nhiều hơn lý thuyết để không bị nhàm chán .",negative,bai_tap
1584,"cần đi sát thực tiễn , kèm thực hành nhiều hơn lý thuyết để không bị nhàm chán .",positive,de_xuat
1585,giảng viên linh động cung cấp tài liệu cho sinh viên trong và ngoài hệ thống moodle .,positive,hanh_vi
1585,giảng viên linh động cung cấp tài liệu cho sinh viên trong và ngoài hệ thống moodle .,positive,cung_cap_tai_lieu
1586,"cô dạy dễ hiểu , nhiệt tình .",positive,ky_nang_giang_day
1586,"cô dạy dễ hiểu , nhiệt tình .",positive,hanh_vi
1587,"cần có giáo trình cụ thể , riêng và phù hợp với nội dung học trong trường .",negative,cung_cap_tai_lieu
1587,"cần có giáo trình cụ thể , riêng và phù hợp với nội dung học trong trường .",positive,de_xuat
1588,"tiết học thú vị , giảng viên dạy hay .",positive,ky_nang_giang_day
1589,hình như thầy không dùng moodle .,negative,cung_cap_tai_lieu
1590,thầy giảng đôi lúc khó hiểu .,negative,ky_nang_giang_day
1591,cách giảng bài của thầy chưa thu hút được nhiều sinh viên .,negative,ky_nang_giang_day
1592,"giảng viên truyền đạt chưa tốt , giảng viên chỉ nói về nội dung bài học mà không có hoạt động cho sinh viên ( như đặt câu hỏi thảo luận , làm bài tập ) .",negative,ky_nang_giang_day
1592,"giảng viên truyền đạt chưa tốt , giảng viên chỉ nói về nội dung bài học mà không có hoạt động cho sinh viên ( như đặt câu hỏi thảo luận , làm bài tập ) .",negative,bai_tap
1593,"cuối kỳ 100% là bài tập , mà cơ bản thì mình không thấy thầy đứng lên trong lúc dạy lần nào , chỉ ngồi yên đó đọc slide thôi , slide tiếng anh , chỗ dịch tiếng việt , chỗ thì không dịch , cũng khó học , nên chỉ lên mạng học thôi .",negative,ky_nang_giang_day
1593,"cuối kỳ 100% là bài tập , mà cơ bản thì mình không thấy thầy đứng lên trong lúc dạy lần nào , chỉ ngồi yên đó đọc slide thôi , slide tiếng anh , chỗ dịch tiếng việt , chỗ thì không dịch , cũng khó học , nên chỉ lên mạng học thôi .",negative,bai_tap
1593,"cuối kỳ 100% là bài tập , mà cơ bản thì mình không thấy thầy đứng lên trong lúc dạy lần nào , chỉ ngồi yên đó đọc slide thôi , slide tiếng anh , chỗ dịch tiếng việt , chỗ thì không dịch , cũng khó học , nên chỉ lên mạng học thôi .",negative,cung_cap_tai_lieu
1594,"cần đặt mục tiêu rõ ràng nhất từ môn học và môn học cần được học ở sinh viên năm nhất , vì lúc vào sinh viên còn rất ngỡ ngàng với các khoa và các môn học sẽ học vì thế nên học trước để tạo tâm lý , cũng như sinh viên phải biết mình cần làm gì , tạo nên sự chủ động trong học tập và làm việc .",neutral,de_xuat
1595,"cần cài các phần mềm học tập mới , chính xác ví dụ doubledot visual studio 2010 hoặc 2012 để sinh viên học tập tốt hơn .",neutral,cung_cap_tai_lieu
1595,"cần cài các phần mềm học tập mới , chính xác ví dụ doubledot visual studio 2010 hoặc 2012 để sinh viên học tập tốt hơn .",neutral,de_xuat
1596,thầy thường xuyên đi trễ trong các buổi học .,negative,hanh_vi
1597,"thầy tận tâm , nhiệt tình , giúp đỡ sinh viên , sẵn sàng giải đáp thắc mắc của sinh viên .",positive,hanh_vi
1598,cho bài tập khó ngay khi vừa giảng xong .,negative,bai_tap
1599,"giảng viên tận tâm , nhiệt tình với sinh viên , luôn lắng nghe , giải đáp tất cả các thắc mắc của sinh viên , luôn tạo được ngữ cảnh cho sinh viên thảo luận về bài học .",positive,ky_nang_giang_day
1599,"giảng viên tận tâm , nhiệt tình với sinh viên , luôn lắng nghe , giải đáp tất cả các thắc mắc của sinh viên , luôn tạo được ngữ cảnh cho sinh viên thảo luận về bài học .",positive,hanh_vi
1600,thắc mắc ngay tại lớp những cái mình không hiểu .,negative,ky_nang_giang_day
1601,giáo viên rất thân thiện .,positive,hanh_vi
1602,"ví dụ như mục quy hoạch động là mục em thích thú nhưng cô nói đây là mục khó , cô dạy chỉ những ví dụ cực kỳ cơ bản .",negative,ky_nang_giang_day
1602,"ví dụ như mục quy hoạch động là mục em thích thú nhưng cô nói đây là mục khó , cô dạy chỉ những ví dụ cực kỳ cơ bản .",negative,kien_thuc
1603,"nếu thầy đã không đảm bảo giờ lên lớp , thì khi ra bài thi và đề cương ôn tập nên chú ý đến việc rõ ràng , hướng dẫn rõ sinh viên biết mình phải học gì .",negative,hanh_vi
1603,"nếu thầy đã không đảm bảo giờ lên lớp , thì khi ra bài thi và đề cương ôn tập nên chú ý đến việc rõ ràng , hướng dẫn rõ sinh viên biết mình phải học gì .",positive,de_xuat
1604,"giảng dễ hiểu , kỹ , có chút nghiêm khắc .",positive,ky_nang_giang_day
1605,không hiệu quả và khó hiểu trong cách dạy .,negative,ky_nang_giang_day
1606,chưa sử dụng hệ thống moodle .,negative,thiet_bi_day_hoc
1607,"thầy cũng hay áp đặt suy nghĩ mình lên sinh viên , ý tưởng của sinh viên , tương lai của sinh viên , thầy không có quyền ép sinh viên phải nghĩ thế này thế kia , hay phải suy nghĩ theo ý thầy .",negative,hanh_vi
1608,"thầy chấm đồ án quá gắt , nguy cơ rớt môn rất cao .",negative,cham_diem
1609,"tận tâm , cho nhiều bài tập .",positive,hanh_vi
1609,"tận tâm , cho nhiều bài tập .",neutral,bai_tap
1610,giảng viên không sử dụng hệ thống website môn học trong quá trình giảng dạy .,negative,cung_cap_tai_lieu
1611,có nhiều hoạt động trên lớp .,positive,ky_nang_giang_day
1612,đa phần bài thực hành đã được làm từ những bài tập về nhà của thầy x .,neutral,bai_tap
1613,"phương pháp dạy của thầy chưa phù hợp , gây khó hiểu cho sinh viên .",negative,ky_nang_giang_day
1614,thời gian tăng từ 4 tiết lên đến 5 tiết khiến sinh viên mệt mỏi và thiếu tập trung ở cuối giờ học .,negative,chuong_trinh_hoc
1615,cô dạy rất nhiệt tình và hay .,positive,hanh_vi
1616,"thầy dạy rất hay nhưng lại hay nghỉ , có một số buổi thầy nghỉ nhưng không báo làm sinh viên đến lớp .",positive,ky_nang_giang_day
1616,"thầy dạy rất hay nhưng lại hay nghỉ , có một số buổi thầy nghỉ nhưng không báo làm sinh viên đến lớp .",negative,hanh_vi
1617,thầy vui tính dể tiếp thu bài .,positive,ky_nang_giang_day
1617,thầy vui tính dể tiếp thu bài .,positive,hanh_vi
1618,bài giảng .,neutral,noi_chung
1619,giảng viên vui vẻ thân thiện với học sinh .,positive,hanh_vi
1620,"giảng viên tận tâm , nhiệt tình đới với sinh viên .",positive,hanh_vi
1621,luôn tìm cách giúp đỡ sinh viên .,positive,hanh_vi
1622,để tiện cho sinh viên xếp lịch .,neutral,noi_chung
1623,môn học cần phân bố hợp lý thời gian cũng như các phần của môn học giúp sinh viên học tốt hơn môn học này .,negative,chuong_trinh_hoc
1623,môn học cần phân bố hợp lý thời gian cũng như các phần của môn học giúp sinh viên học tốt hơn môn học này .,positive,de_xuat
1624,"cô giảng bài rất nhanh , mong cô sẽ dạy chậm lại để sinh viên kịp hiểu vấn đề .",negative,ky_nang_giang_day
1624,"cô giảng bài rất nhanh , mong cô sẽ dạy chậm lại để sinh viên kịp hiểu vấn đề .",neutral,de_xuat
1625,giảng dạy hiệu quả .,positive,ky_nang_giang_day
1626,"thầy giảng rất chi tiết , rất nhiệt tình .",positive,ky_nang_giang_day
1626,"thầy giảng rất chi tiết , rất nhiệt tình .",positive,hanh_vi
1627,nghỉ phải thông báo trước cho lớp .,neutral,hanh_vi
1627,nghỉ phải thông báo trước cho lớp .,neutral,de_xuat
1628,"giảng viên có khả năng truyền đạt , liên hệ thực tiễn giảng viên nhiệt tình , tận tâm .",positive,ky_nang_giang_day
1628,"giảng viên có khả năng truyền đạt , liên hệ thực tiễn giảng viên nhiệt tình , tận tâm .",positive,kinh_nghiem
1628,"giảng viên có khả năng truyền đạt , liên hệ thực tiễn giảng viên nhiệt tình , tận tâm .",positive,hanh_vi
1629,"yêu cầu của giảng viên quá cao trong khi cái mà sinh viên học được lại quá ít hầu như không có gì ngoài việc dịch các cuốn sách mà không hiểu đúng sai , trong khi dù đúng hay sai cũng không không được giảng viên chỉ ra .",negative,ky_nang_giang_day
1629,"yêu cầu của giảng viên quá cao trong khi cái mà sinh viên học được lại quá ít hầu như không có gì ngoài việc dịch các cuốn sách mà không hiểu đúng sai , trong khi dù đúng hay sai cũng không không được giảng viên chỉ ra .",negative,hanh_vi
1629,"yêu cầu của giảng viên quá cao trong khi cái mà sinh viên học được lại quá ít hầu như không có gì ngoài việc dịch các cuốn sách mà không hiểu đúng sai , trong khi dù đúng hay sai cũng không không được giảng viên chỉ ra .",negative,cung_cap_tai_lieu
1630,"cần có tài liệu , giáo trình của trường một cách cụ thể và cập nhật hơn .",negative,cung_cap_tai_lieu
1630,"cần có tài liệu , giáo trình của trường một cách cụ thể và cập nhật hơn .",positive,de_xuat
1631,nên có thêm nhiều bài tập về nhà để củng cố kiến thức .,negative,bai_tap
1631,nên có thêm nhiều bài tập về nhà để củng cố kiến thức .,positive,de_xuat
1632,"tháng học môn kiến trúc máy tính 4 ngày , nghỉ 3 ngày , bù trùng lịch 3 môn không học được rớt tốn tiền .",negative,chuong_trinh_hoc
1633,"cập nhật slide mới , tài liệu slide cũ có nhiều điểm khác slide mới không cập nhât đúng thứ tự , ví dụ .",negative,cung_cap_tai_lieu
1634,cô dạy rất có tâm và chuyên môn tốt colonsmile .,positive,hanh_vi
1634,cô dạy rất có tâm và chuyên môn tốt colonsmile .,positive,kien_thuc
1635,nên bổ xung phần thực hành !,neutral,de_xuat
1636,"tận tình , dễ hiểu .",positive,ky_nang_giang_day
1636,"tận tình , dễ hiểu .",positive,hanh_vi
1637,cô nên cho học sinh thêm nhiều slide .,negative,cung_cap_tai_lieu
1637,cô nên cho học sinh thêm nhiều slide .,neutral,de_xuat
1638,cô cho ví dụ minh họa dễ hiểu .,positive,ky_nang_giang_day
1639,phòng máy không tốt .,negative,thiet_bi_day_hoc
1640,thầy giảng bài hay và có mở rộng thêm kiến thức bên ngoài .,positive,ky_nang_giang_day
1640,thầy giảng bài hay và có mở rộng thêm kiến thức bên ngoài .,positive,kien_thuc
1641,cách dạy của giảng viên mới lạ và thực tế .,positive,ky_nang_giang_day
1642,thầy rất giỏi .,positive,ky_nang_giang_day
1643,ít bài tập cho sinh viên .,negative,bai_tap
1644,có lấy nhiều ví dụ liên hệ thực tiễn .,positive,kinh_nghiem
1645,"bài tập lớn trong môn học , đóng góp phần lớn điểm yêu cầu sinh viên phải có smartphone và laptop cỡ trung trở lên để thực hiện ( nhận diện giọng nói , nhận diện chữ viết , game với engine phát triển game cho smartphone ) , điều này gây khó khăn cho sinh viên không có điều kiện , yêu cầu sinh viên tìm hiểu các framework chưa từng nghe tên để làm bài tập .",negative,bai_tap
1646,cần áp đặt việc kiểm tra bài cũ và bài mới trên giờ học nhiều hơn .,neutral,bai_tap
1646,cần áp đặt việc kiểm tra bài cũ và bài mới trên giờ học nhiều hơn .,neutral,de_xuat
1647,giờ học khá nhiều .,negative,chuong_trinh_hoc
1648,thầy nên cho bài tập môn hệ điều hành nhiều hơn nữa .,negative,bai_tap
1648,thầy nên cho bài tập môn hệ điều hành nhiều hơn nữa .,neutral,de_xuat
1649,bài giảng tạo cảm giác hứng thú và tiếp thu bài tốt .,positive,ky_nang_giang_day
1649,bài giảng tạo cảm giác hứng thú và tiếp thu bài tốt .,positive,kien_thuc
1650,giảng viên giảng dạy hay .,positive,ky_nang_giang_day
1651,"nhiệt tình , thân thiện với sinh viên .",positive,hanh_vi
1652,thầy truyền đạt kiến thức chưa tốt .,negative,ky_nang_giang_day
1653,giúp em biết được một phần thực tế của công việc sau này .,positive,kinh_nghiem
1653,giúp em biết được một phần thực tế của công việc sau này .,positive,kien_thuc
1654,"giảng viên tận tâm , nhiệt tình , gần gũi với sinh viên .",positive,hanh_vi
1655,giải chi tiết bài .,neutral,de_xuat
1656,"giảng viên giảng dạy nhiệt tình , nội dung giảng dạy đầy đủ , ôn tập sát với nội dung kiểm tra .",positive,hanh_vi
1656,"giảng viên giảng dạy nhiệt tình , nội dung giảng dạy đầy đủ , ôn tập sát với nội dung kiểm tra .",positive,kien_thuc
1656,"giảng viên giảng dạy nhiệt tình , nội dung giảng dạy đầy đủ , ôn tập sát với nội dung kiểm tra .",positive,chuong_trinh_hoc
1657,môn học khá khó không phù hợp .,negative,chuong_trinh_hoc
1658,hiện tại môn học còn mang tính lý thuyết quá nặng .,negative,chuong_trinh_hoc
1659,"ngoài ra , có bài không thấy yêu cầu nộp video nên em nộp code không cũng bị trừ , bài cuối thầy dặn không cần làm cũng chấm em 0 điểm .",negative,bai_tap
1659,"ngoài ra , có bài không thấy yêu cầu nộp video nên em nộp code không cũng bị trừ , bài cuối thầy dặn không cần làm cũng chấm em 0 điểm .",negative,cham_diem
1660,thầy khá là tận tâm trong việc truyền đạt kiến thức .,positive,ky_nang_giang_day
1660,thầy khá là tận tâm trong việc truyền đạt kiến thức .,positive,hanh_vi
1661,"nhiệt tình , vui tính , hòa đồng , dễ gần gũi .",positive,hanh_vi
1662,đánh giá tính chuyên cần .,neutral,noi_chung
1663,không trả lời mail từ sinh viên .,negative,hanh_vi
1664,"thầy có thể soạn thêm nhiều dạng bài tập , để khi thi mấy bạn đỡ bỡ ngỡ hơn , kết quả sẽ tốt hơn .",neutral,bai_tap
1664,"thầy có thể soạn thêm nhiều dạng bài tập , để khi thi mấy bạn đỡ bỡ ngỡ hơn , kết quả sẽ tốt hơn .",neutral,de_xuat
1665,nhiều việc cần xử lý .,neutral,noi_chung
1666,"gần gũi , vui vẻ với sinh viên .",positive,hanh_vi
1667,thực hành ngay trên lớp lý thuyết thì sẽ hay hơn .,neutral,chuong_trinh_hoc
1667,thực hành ngay trên lớp lý thuyết thì sẽ hay hơn .,neutral,de_xuat
1668,nhiệt tình tận tâm với học sinh .,positive,hanh_vi
1669,phân chia dụng cụ luyện tập chưa hợp lý .,negative,thiet_bi_day_hoc
1670,cho nhiều bài tập đa dạng .,positive,bai_tap
1671,"tại sao có rất nhiều vấn đề hay liên quan đến phần mềm nhà trường lại không dạy , dành ra 4 chỉ cho môn "" đặc tả hình thức "" chỉ để đóng học phí và học đối phó cho qua .",negative,chuong_trinh_hoc
1672,nghỉ và học bù hơi nhiều .,negative,noi_chung
1673,thầy nên cho bọn em xem code chạy thử colonsmallsmile .,positive,de_xuat
1674,"thầy giảng dạy rất nhiệt tình , dễ hiểu .",positive,ky_nang_giang_day
1675,tăng cường một số tài liệu học cơ bản .,neutral,cung_cap_tai_lieu
1675,tăng cường một số tài liệu học cơ bản .,neutral,de_xuat
1676,phải bỏ tiền học lại .,negative,noi_chung
1677,bài tập theo sát đề cương .,neutral,bai_tap
1678,chưa gặp lần nào .,neutral,noi_chung
1679,"project môn học thầy wzjwz180 yêu cầu làm ở mức độ tìm hiểu , nhưng lúc lên báo với thầy wzjwz181 thì thầy không chấp nhận .",negative,hanh_vi
1679,"project môn học thầy wzjwz180 yêu cầu làm ở mức độ tìm hiểu , nhưng lúc lên báo với thầy wzjwz181 thì thầy không chấp nhận .",negative,bai_tap
1680,nói những vấn đề không liên quan .,negative,hanh_vi
1681,"giảng viên vui vẻ , nhiệt tình , thân thiện , cách diễn đạt tự nhiên dễ hiểu .",positive,ky_nang_giang_day
1681,"giảng viên vui vẻ , nhiệt tình , thân thiện , cách diễn đạt tự nhiên dễ hiểu .",positive,hanh_vi
1682,"thầy dạy rất chuẩn và nhiệt tình , kèm theo thời gian tập luyện và nghỉ ngơi hợp lý !",positive,ky_nang_giang_day
1682,"thầy dạy rất chuẩn và nhiệt tình , kèm theo thời gian tập luyện và nghỉ ngơi hợp lý !",positive,chuong_trinh_hoc
1683,"cô giảng dạy nhiệt tình , cô bài tập trên courses nhiều dù có vắng mặt hay lơ là trong lúc học vẫn nắm được bài và học tốt .",positive,hanh_vi
1683,"cô giảng dạy nhiệt tình , cô bài tập trên courses nhiều dù có vắng mặt hay lơ là trong lúc học vẫn nắm được bài và học tốt .",neutral,bai_tap
1684,"bài tập nhiều , có nhiều câu hỏi hay .",negative,bai_tap
1685,"giảng viên là người giảng dạy nhiệt tình , khả năng truyền đạt cực kỳ tốt , tài liệu đi kèm môn học hay .",positive,ky_nang_giang_day
1685,"giảng viên là người giảng dạy nhiệt tình , khả năng truyền đạt cực kỳ tốt , tài liệu đi kèm môn học hay .",positive,hanh_vi
1685,"giảng viên là người giảng dạy nhiệt tình , khả năng truyền đạt cực kỳ tốt , tài liệu đi kèm môn học hay .",positive,cung_cap_tai_lieu
1686,"phương pháp dạy của cô đạt hiệu quả với sinh viên yếu , kém nhưng lại nhàm chán , tốn khá nhiều thời gian cho sinh viên học mức khá giỏi trở lên , kiến thức mới ngoài giáo trình mạng lại chưa nhiều , gần như không .",negative,ky_nang_giang_day
1686,"phương pháp dạy của cô đạt hiệu quả với sinh viên yếu , kém nhưng lại nhàm chán , tốn khá nhiều thời gian cho sinh viên học mức khá giỏi trở lên , kiến thức mới ngoài giáo trình mạng lại chưa nhiều , gần như không .",negative,kien_thuc
1687,hy vọng thầy đảm bảo thời gian lên lớp đủ 30 tiết .,negative,chuong_trinh_hoc
1687,hy vọng thầy đảm bảo thời gian lên lớp đủ 30 tiết .,neutral,de_xuat
1688,nên hướng dẫn sinh viên nhiều hơn .,neutral,ky_nang_giang_day
1688,nên hướng dẫn sinh viên nhiều hơn .,neutral,de_xuat
1689,cô vào trễ .,negative,hanh_vi
1690,"giảng viên dạy dễ hiểu , quan tâm đến học sinh .",positive,ky_nang_giang_day
1690,"giảng viên dạy dễ hiểu , quan tâm đến học sinh .",positive,hanh_vi
1691,"thầy dạy không dạy nhiều trong mỗi buổi học , thời gian dạy trên lớp không đảm bảo .",negative,ky_nang_giang_day
1692,"nhiệt tình với sinh viên , có kiến thức tốt .",positive,hanh_vi
1692,"nhiệt tình với sinh viên , có kiến thức tốt .",positive,kien_thuc
1693,truyền đạt kiến thức tốt .,positive,ky_nang_giang_day
1693,truyền đạt kiến thức tốt .,positive,kien_thuc
1694,"giáo viên dạy nhiệt tình , kết hợp với nhiều ví dụ cụ thể làm bài giảng dễ hiểu , vui vẻ trong quá trình giảng bài .",positive,ky_nang_giang_day
1694,"giáo viên dạy nhiệt tình , kết hợp với nhiều ví dụ cụ thể làm bài giảng dễ hiểu , vui vẻ trong quá trình giảng bài .",positive,hanh_vi
1694,"giáo viên dạy nhiệt tình , kết hợp với nhiều ví dụ cụ thể làm bài giảng dễ hiểu , vui vẻ trong quá trình giảng bài .",positive,kien_thuc
1695,"giảng dạy kỹ , quan tâm sinh viên .",positive,ky_nang_giang_day
1695,"giảng dạy kỹ , quan tâm sinh viên .",positive,hanh_vi
1696,"giảng viên nhiệt tình , kết hợp truyền đạt nhiều kiến thức trong thực tiễn .",positive,ky_nang_giang_day
1696,"giảng viên nhiệt tình , kết hợp truyền đạt nhiều kiến thức trong thực tiễn .",positive,kinh_nghiem
1696,"giảng viên nhiệt tình , kết hợp truyền đạt nhiều kiến thức trong thực tiễn .",positive,hanh_vi
1696,"giảng viên nhiệt tình , kết hợp truyền đạt nhiều kiến thức trong thực tiễn .",positive,kien_thuc
1697,cần những hướng dẫn chi tiết hơn vì tiếp xúc những cái mới thực hành môn lập trình nhúng thầy không hướng dẫn sinh viên mà để sinh viên tự làm 100% .,negative,ky_nang_giang_day
1697,cần những hướng dẫn chi tiết hơn vì tiếp xúc những cái mới thực hành môn lập trình nhúng thầy không hướng dẫn sinh viên mà để sinh viên tự làm 100% .,negative,hanh_vi
1697,cần những hướng dẫn chi tiết hơn vì tiếp xúc những cái mới thực hành môn lập trình nhúng thầy không hướng dẫn sinh viên mà để sinh viên tự làm 100% .,positive,de_xuat
1698,hy vọng được học và làm việc với thầy nhiều hơn .,neutral,noi_chung
1699,tài liệu thầy cho đem về ôn cũng phải chờ rất lâu mới có .,negative,cung_cap_tai_lieu
1700,"tinh thần trách nhiệm , nhiệt huyết , vui vẻ hòa đồng với sinh viên .",positive,hanh_vi
1701,quan tâm tới sinh viên vui vẻ .,positive,hanh_vi
1702,nhiều phần học không kỹ nên khó khăn trong thi .,negative,kien_thuc
1703,"chuyên môn cao , nhiệt tình .",positive,hanh_vi
1703,"chuyên môn cao , nhiệt tình .",positive,kien_thuc
1704,"học tới đâu , ôn tới đó .",positive,noi_chung
1705,hướng dẫn cụ thế phương pháp cho từng bài thực hành .,positive,ky_nang_giang_day
1706,sẵn sàng giải đáp tận tình mọi thắc mắc của sinh viên khi được hỏi .,positive,hanh_vi
1707,điểm danh nhiều quá .,negative,noi_chung
1708,tăng cường thêm thiết bị để môn học được hiệu quả .,negative,thiet_bi_day_hoc
1708,tăng cường thêm thiết bị để môn học được hiệu quả .,neutral,de_xuat
1709,em cũng không biết là cô hay thầy nữa .,neutral,noi_chung
1710,cô ít tương tác với sinh viên .,negative,hanh_vi
1711,"thầy dạy dễ hiểu , siêng chép , vui tính .",positive,ky_nang_giang_day
1711,"thầy dạy dễ hiểu , siêng chép , vui tính .",positive,hanh_vi
1712,hay bị bù thời gian học .,negative,chuong_trinh_hoc
1713,thầy quan tâm cho sinh viên .,positive,hanh_vi
1714,nên có thời gian nghỉ giải lao giữa giờ cho sinh viên bớt căng thẳng .,neutral,de_xuat
1715,"nhiều lúc nói chuyện ngoài lề hơi nhiều , dạy thâm giờ .",negative,ky_nang_giang_day
1715,"nhiều lúc nói chuyện ngoài lề hơi nhiều , dạy thâm giờ .",negative,hanh_vi
1716,giảng viên dạy nhiệt tình dễ hiểu .,positive,ky_nang_giang_day
1716,giảng viên dạy nhiệt tình dễ hiểu .,positive,hanh_vi
1717,biết được một số kỹ năng .,positive,kien_thuc
1718,em nghĩ không nên cho sinh viên chấm chéo đồ án vì mỗi người code một kiểu và hầu hết ai cũng lo cho đồ án của mình nên việc chấm chéo diễn ra rất khó khăn và gấp gáp nên chấm có thể không chính xác mấy .,negative,cham_diem
1718,em nghĩ không nên cho sinh viên chấm chéo đồ án vì mỗi người code một kiểu và hầu hết ai cũng lo cho đồ án của mình nên việc chấm chéo diễn ra rất khó khăn và gấp gáp nên chấm có thể không chính xác mấy .,negative,de_xuat
1719,mở rộng nhiều kiến thức liên quan .,positive,kien_thuc
1719,mở rộng nhiều kiến thức liên quan .,positive,de_xuat
1720,"giảng viên vui vẻ , hòa đồng , truyền đạt kiến thức tốt , tận tâm với sinh viên .",positive,ky_nang_giang_day
1720,"giảng viên vui vẻ , hòa đồng , truyền đạt kiến thức tốt , tận tâm với sinh viên .",positive,hanh_vi
1720,"giảng viên vui vẻ , hòa đồng , truyền đạt kiến thức tốt , tận tâm với sinh viên .",positive,kien_thuc
1721,tôi xin góp ý doubledot đổi giờ học anh văn vào buổi sáng để chất lượng của buổi học được nâng cao .,neutral,de_xuat
1722,"thầy hay kéo giờ nhưng dạy tận tình , cho ví dụ và bài tập dễ hiểu .",positive,ky_nang_giang_day
1722,"thầy hay kéo giờ nhưng dạy tận tình , cho ví dụ và bài tập dễ hiểu .",positive,kinh_nghiem
1722,"thầy hay kéo giờ nhưng dạy tận tình , cho ví dụ và bài tập dễ hiểu .",positive,hanh_vi
1722,"thầy hay kéo giờ nhưng dạy tận tình , cho ví dụ và bài tập dễ hiểu .",positive,bai_tap
1723,chấm thi kém .,negative,cham_diem
1724,"thật vô lý khi dùng màn chiếu để dạy toán 100% , cách này khiến sinh viên không thể nào theo kịp những điều giảng viên nói và cũng không có cơ hội lên bảng giải bài tập .",negative,ky_nang_giang_day
1724,"thật vô lý khi dùng màn chiếu để dạy toán 100% , cách này khiến sinh viên không thể nào theo kịp những điều giảng viên nói và cũng không có cơ hội lên bảng giải bài tập .",negative,thiet_bi_day_hoc
1725,thầy truyền đạt nhiều kinh nghiệm quý giá .,positive,kinh_nghiem
1726,cảm ơn thầy .,positive,noi_chung
1727,cần nhiều hoạt động ngoại khóa .,negative,de_xuat
1728,"nên tăng cường dạy từ vựng , bị hỏng kiến thức về từ vựng .",negative,ky_nang_giang_day
1728,"nên tăng cường dạy từ vựng , bị hỏng kiến thức về từ vựng .",negative,kien_thuc
1728,"nên tăng cường dạy từ vựng , bị hỏng kiến thức về từ vựng .",neutral,de_xuat
1729,"giảng dạy kỹ , hỗ trợ sinh viên .",positive,ky_nang_giang_day
1729,"giảng dạy kỹ , hỗ trợ sinh viên .",positive,hanh_vi
1730,"thầy chỉ giảng những kiến thức có trong slide bài giảng , trong khi nội dung môn học có bài tập nhưng sinh viên không được hướng dẫn kỹ về cách làm bài .",negative,ky_nang_giang_day
1730,"thầy chỉ giảng những kiến thức có trong slide bài giảng , trong khi nội dung môn học có bài tập nhưng sinh viên không được hướng dẫn kỹ về cách làm bài .",negative,bai_tap
1731,giảng viên có tầm hiểu biết sâu rộng .,positive,kien_thuc
1732,em chưa có gặp giáo viên lần nào nữa ạ ?,neutral,hanh_vi
1733,"giảng rất dễ hiểu , nhiệt tình với sinh viên .",positive,ky_nang_giang_day
1733,"giảng rất dễ hiểu , nhiệt tình với sinh viên .",positive,hanh_vi
1734,"thầy luôn yêu cầu ý tưởng sinh viên phải thực tế , có thể thực hiện được trong tương lai , nếu sinh viên làm được thì sinh viên đã không phải đi học thầy yêu cầu đề án phải đủ lớn , phải mang tầm vóc quốc tế nhưng nó phải khả thi .",negative,hanh_vi
1734,"thầy luôn yêu cầu ý tưởng sinh viên phải thực tế , có thể thực hiện được trong tương lai , nếu sinh viên làm được thì sinh viên đã không phải đi học thầy yêu cầu đề án phải đủ lớn , phải mang tầm vóc quốc tế nhưng nó phải khả thi .",negative,bai_tap
1735,đảm bảo tốt .,positive,noi_chung
1736,"giảng viên dạy dễ tiếp thu , slide trình bày được , giảng viên vui tính , dạy nhiệt tình , tận tình trong công việc .",positive,ky_nang_giang_day
1736,"giảng viên dạy dễ tiếp thu , slide trình bày được , giảng viên vui tính , dạy nhiệt tình , tận tình trong công việc .",positive,hanh_vi
1736,"giảng viên dạy dễ tiếp thu , slide trình bày được , giảng viên vui tính , dạy nhiệt tình , tận tình trong công việc .",positive,cung_cap_tai_lieu
1737,"thầy dạy hay , hướng dẫn tận tình .",positive,ky_nang_giang_day
1737,"thầy dạy hay , hướng dẫn tận tình .",positive,hanh_vi
1738,file thực hành cần có một số gợi ý cho sinh viên biết hướng và định hướng giải .,negative,cung_cap_tai_lieu
1738,file thực hành cần có một số gợi ý cho sinh viên biết hướng và định hướng giải .,neutral,de_xuat
1739,cô dạy nhiệt tình và không bị áp lực trong khi học .,positive,hanh_vi
1740,thầy dạy rất vui .,positive,hanh_vi
1741,"thầy giảng chú trọng nhiều vào slide , ít tương tác với sinh viên , khả năng truyền đạt kiến thức cho sinh viên không được tốt .",negative,ky_nang_giang_day
1741,"thầy giảng chú trọng nhiều vào slide , ít tương tác với sinh viên , khả năng truyền đạt kiến thức cho sinh viên không được tốt .",negative,hanh_vi
1742,bài tập khó và thường không song song với lý thuyết .,negative,bai_tap
1743,thầy trực phòng thực hành cũng đã bảo về và vào phòng tắt máy lạnh .,neutral,thiet_bi_day_hoc
1744,thầy cho nghỉ nhiều chắc vì cuối kỳ thầy đi học .,negative,ky_nang_giang_day
1744,thầy cho nghỉ nhiều chắc vì cuối kỳ thầy đi học .,negative,hanh_vi
1745,cô có cách dạy hay dễ hiểu tận tình .,positive,ky_nang_giang_day
1746,"phòng học anh văn chất lượng loa , micro không tốt , không đáp ứng được cho sinh viên rèn luyện kỹ năng nghe .",negative,thiet_bi_day_hoc
1747,truyền đạt rất nhiều kiến thức thực tế bổ ích .,positive,kinh_nghiem
1747,truyền đạt rất nhiều kiến thức thực tế bổ ích .,positive,kien_thuc
1748,"thầy wzjwz222 vui vẻ , giảng không buồn ngủ , giải đáp thắc mắc đầy đủ , dễ hiểu .",positive,ky_nang_giang_day
1748,"thầy wzjwz222 vui vẻ , giảng không buồn ngủ , giải đáp thắc mắc đầy đủ , dễ hiểu .",positive,hanh_vi
1749,giảng viên không dành tìm hiểu trước nội dung giảng dạy trước khi lên lớp .,negative,ky_nang_giang_day
1750,em nghĩ là chỉ cần đồ án cuối kỳ là đủ rồi .,negative,bai_tap
1750,em nghĩ là chỉ cần đồ án cuối kỳ là đủ rồi .,neutral,de_xuat
1751,"thầy cho nghỉ quá nhiểu mà không sắp xếp giáo viên dạy thay , vì vậy dẫn tới việc học bù liên tiếp vào những ngày cuối , khi mà chúng em phải ôn tập những kiến thức khác , vẫn có một số buổi thông báo học bù nhưng sau đó lại thông báo nghỉ đột đột , dẫn tới bị ùn kiến thức , không ai ăn được một vạ gạo một ngày cả tên môn học là "" nhập môn công nghệ phần mềm "" nhưng kiến thức và cách đánh giá năng lực học sinh quá nặng nề , nếu là sinh viên các khoa như phần mềm , hệ thống thì có thể hiểu được , nhưng với những sinh viên khoa khoa học máy tính như chúng em vì đây là môn học bắt buộc thì thật là quá sức và những kiến thức thầy nói quá lạc lõng , mơ hồ .",negative,ky_nang_giang_day
1751,"thầy cho nghỉ quá nhiểu mà không sắp xếp giáo viên dạy thay , vì vậy dẫn tới việc học bù liên tiếp vào những ngày cuối , khi mà chúng em phải ôn tập những kiến thức khác , vẫn có một số buổi thông báo học bù nhưng sau đó lại thông báo nghỉ đột đột , dẫn tới bị ùn kiến thức , không ai ăn được một vạ gạo một ngày cả tên môn học là "" nhập môn công nghệ phần mềm "" nhưng kiến thức và cách đánh giá năng lực học sinh quá nặng nề , nếu là sinh viên các khoa như phần mềm , hệ thống thì có thể hiểu được , nhưng với những sinh viên khoa khoa học máy tính như chúng em vì đây là môn học bắt buộc thì thật là quá sức và những kiến thức thầy nói quá lạc lõng , mơ hồ .",negative,hanh_vi
1751,"thầy cho nghỉ quá nhiểu mà không sắp xếp giáo viên dạy thay , vì vậy dẫn tới việc học bù liên tiếp vào những ngày cuối , khi mà chúng em phải ôn tập những kiến thức khác , vẫn có một số buổi thông báo học bù nhưng sau đó lại thông báo nghỉ đột đột , dẫn tới bị ùn kiến thức , không ai ăn được một vạ gạo một ngày cả tên môn học là "" nhập môn công nghệ phần mềm "" nhưng kiến thức và cách đánh giá năng lực học sinh quá nặng nề , nếu là sinh viên các khoa như phần mềm , hệ thống thì có thể hiểu được , nhưng với những sinh viên khoa khoa học máy tính như chúng em vì đây là môn học bắt buộc thì thật là quá sức và những kiến thức thầy nói quá lạc lõng , mơ hồ .",negative,kien_thuc
1751,"thầy cho nghỉ quá nhiểu mà không sắp xếp giáo viên dạy thay , vì vậy dẫn tới việc học bù liên tiếp vào những ngày cuối , khi mà chúng em phải ôn tập những kiến thức khác , vẫn có một số buổi thông báo học bù nhưng sau đó lại thông báo nghỉ đột đột , dẫn tới bị ùn kiến thức , không ai ăn được một vạ gạo một ngày cả tên môn học là "" nhập môn công nghệ phần mềm "" nhưng kiến thức và cách đánh giá năng lực học sinh quá nặng nề , nếu là sinh viên các khoa như phần mềm , hệ thống thì có thể hiểu được , nhưng với những sinh viên khoa khoa học máy tính như chúng em vì đây là môn học bắt buộc thì thật là quá sức và những kiến thức thầy nói quá lạc lõng , mơ hồ .",negative,chuong_trinh_hoc
1752,"cách truyền đạt , sự tận tâm .",positive,ky_nang_giang_day
1752,"cách truyền đạt , sự tận tâm .",positive,hanh_vi
1753,thầy luôn làm cho không khí học thoải mái .,positive,hanh_vi
1754,dạy tốt chu đáo .,positive,ky_nang_giang_day
1755,đồng thời bài tập và tài liệu thầy thực sự được cung cấp rất nhiều .,positive,bai_tap
1755,đồng thời bài tập và tài liệu thầy thực sự được cung cấp rất nhiều .,positive,cung_cap_tai_lieu
1756,rất vui và nhiệt tình .,positive,noi_chung
1757,giảng bài kỹ và dễ hiểu .,positive,ky_nang_giang_day
1758,giảng viên thiếu kinh nghiệm truyền đạt trầm trọng .,negative,ky_nang_giang_day
1758,giảng viên thiếu kinh nghiệm truyền đạt trầm trọng .,negative,kinh_nghiem
1759,"thầy dạy nhanh , nhiều khi theo không kịp .",negative,ky_nang_giang_day
1760,"hiền , nhiệt huyết .",positive,hanh_vi
1761,"giảng viên hướng dẫn sinh viên nhiệt tình , dễ hiểu .",positive,ky_nang_giang_day
1761,"giảng viên hướng dẫn sinh viên nhiệt tình , dễ hiểu .",positive,hanh_vi
1762,"thầy vui tính , giảng bài dễ hiểu , chỉ dẫn tận tình .",positive,ky_nang_giang_day
1762,"thầy vui tính , giảng bài dễ hiểu , chỉ dẫn tận tình .",positive,hanh_vi
1763,cô lên lớp vui vẻ .,positive,hanh_vi
1764,lâu lâu thầy nói cực nhanh nghe không kịp ý thầy .,negative,ky_nang_giang_day
1765,"kiến thức thầy rộng , tận tình với học sinh như anh em .",positive,hanh_vi
1765,"kiến thức thầy rộng , tận tình với học sinh như anh em .",positive,kien_thuc
1766,truyền đạt hay .,positive,ky_nang_giang_day
1767,"giáo viên rất dễ tính , dạy dễ hiểu , có nhiều điểm cộng .",positive,ky_nang_giang_day
1767,"giáo viên rất dễ tính , dạy dễ hiểu , có nhiều điểm cộng .",positive,hanh_vi
1768,mail không trả lời .,negative,noi_chung
1769,mức độ quan tâm học sinh rất cao .,positive,hanh_vi
1770,thường xuyên cho làm bài tập .,negative,bai_tap
1771,cung cấp thêm tài liệu và cho nhiều ví dụ thêm .,negative,cung_cap_tai_lieu
1771,cung cấp thêm tài liệu và cho nhiều ví dụ thêm .,neutral,de_xuat
1772,trang thiết bị tốt hơn .,positive,thiet_bi_day_hoc
1773,"giảng viên vui vẻ , hoà đồng , nhiệt tình trong việc giảng dạy .",positive,hanh_vi
1774,"mở các câu lạc bộ về lập trình sẽ giúp các sinh viên đầu khoá có cách tiếp cận môn học dễ dàng cũng như cách nghiên cứu về môn học , còn các sinh viên năm 3 năm 4 sẽ có cơ hội hướng dẫn các sinh viên đầu khoá , như vậy các anh chị khoá trên sẽ nắm chặt kiến thức hơn .",positive,kien_thuc
1774,"mở các câu lạc bộ về lập trình sẽ giúp các sinh viên đầu khoá có cách tiếp cận môn học dễ dàng cũng như cách nghiên cứu về môn học , còn các sinh viên năm 3 năm 4 sẽ có cơ hội hướng dẫn các sinh viên đầu khoá , như vậy các anh chị khoá trên sẽ nắm chặt kiến thức hơn .",positive,de_xuat
1775,vui nhộn và hài hước .,positive,noi_chung
1776,chưa chủ động trong việc đưa kiến thức .,negative,ky_nang_giang_day
1777,"thầy rất có kinh nghiệm khi giảng dạy , các bài giảng của thầy rất có ích sau khi ra trường của sinh viên bọn em .",positive,kinh_nghiem
1777,"thầy rất có kinh nghiệm khi giảng dạy , các bài giảng của thầy rất có ích sau khi ra trường của sinh viên bọn em .",positive,kien_thuc
1778,tiếc là học kỳ 2 em không đăng ký được lớp lập trình hướng đối tượng của cô !,negative,chuong_trinh_hoc
1779,"cô giảng bài rất dễ hiểu , tạo mọi điều kiện tốt nhất cho sinh viên tiếp cận môn học có hiệu quả .",positive,ky_nang_giang_day
1779,"cô giảng bài rất dễ hiểu , tạo mọi điều kiện tốt nhất cho sinh viên tiếp cận môn học có hiệu quả .",positive,hanh_vi
1780,thầy rất nhiệt tình dạy .,positive,hanh_vi
1781,thầy nói khó nghe nên đôi lúc không nghe được thầy đang nói gì .,negative,ky_nang_giang_day
1782,bài tập quá nhiều colonsmilesmile .,negative,bai_tap
1783,"cô dạy vui vẻ , nhiệt tình .",positive,hanh_vi
1784,hướng dẫn giải bài tập chi tiết .,neutral,bai_tap
1785,"hầu như không dạy kiến thức oracle cho sinh viên , mà chỉ nói lại kiến thức môn hệ quản trị cơ sở dữ liệu .",negative,kien_thuc
1785,"hầu như không dạy kiến thức oracle cho sinh viên , mà chỉ nói lại kiến thức môn hệ quản trị cơ sở dữ liệu .",negative,chuong_trinh_hoc
1786,nên chia ra 2 buổi học 1 là lý thuyết 2 là thực hành .,neutral,chuong_trinh_hoc
1786,nên chia ra 2 buổi học 1 là lý thuyết 2 là thực hành .,neutral,de_xuat
1787,thầy giảng đôi lúc hơi nhỏ .,negative,hanh_vi
1788,"góp ý , nhắc nhở nhiệt tình , lưu ý sai sót cho sinh viên .",positive,hanh_vi
1789,"nhiệt tình , giải đáp tốt thắc mắc của sinh viên .",positive,hanh_vi
1790,giọng thầy em nghe không rõ .,negative,ky_nang_giang_day
1791,tốn nhiều thời gian trong buổi học cho các việc không cần thiết .,negative,ky_nang_giang_day
1792,"thầy dạy rất hăng say , nhiệt tình .",positive,hanh_vi
1793,thầy dạy hay và vui vẻ .,positive,ky_nang_giang_day
1793,thầy dạy hay và vui vẻ .,positive,hanh_vi
1794,sinh viên không nắm được nội dung môn học là gì .,negative,chuong_trinh_hoc
1795,"giáo viên nhiệt tình , tận tâm , lên lớp đúng giờ .",positive,hanh_vi
1796,thời gian môn học nên kéo dài hơn .,negative,chuong_trinh_hoc
1796,thời gian môn học nên kéo dài hơn .,neutral,de_xuat
1797,"thầy luôn quan tâm đến sinh viên , luôn nhắc nhở giám sát quá trình .",positive,hanh_vi
1798,"truyền đạt tốt , dễ hiểu ngay trên lớp .",positive,ky_nang_giang_day
1799,"cô dạy rất nhiệt huyết , dạy để hiểu , hiểu bản chất , chứ không phải dạy kiến thức suông như một số giáo viên khác .",positive,ky_nang_giang_day
1799,"cô dạy rất nhiệt huyết , dạy để hiểu , hiểu bản chất , chứ không phải dạy kiến thức suông như một số giáo viên khác .",positive,hanh_vi
1800,"hình thức báo cáo đồ án quá đơn giản , không có chiều sâu dẫn đến không nói lên được chất lượng đồ án , không kiểm soát được trường hợp gánh team , trường hợp không hiểu rõ code vẫn được max điểm .",negative,cham_diem
1800,"hình thức báo cáo đồ án quá đơn giản , không có chiều sâu dẫn đến không nói lên được chất lượng đồ án , không kiểm soát được trường hợp gánh team , trường hợp không hiểu rõ code vẫn được max điểm .",negative,chuong_trinh_hoc
1801,"thầy dạy nhiệt tình , dễ hiểu nhưng nên có thêm bài tập về nhà có tính điểm giúp sinh viên tiếp thu bài tốt hơn .",positive,ky_nang_giang_day
1801,"thầy dạy nhiệt tình , dễ hiểu nhưng nên có thêm bài tập về nhà có tính điểm giúp sinh viên tiếp thu bài tốt hơn .",positive,hanh_vi
1801,"thầy dạy nhiệt tình , dễ hiểu nhưng nên có thêm bài tập về nhà có tính điểm giúp sinh viên tiếp thu bài tốt hơn .",negative,bai_tap
1801,"thầy dạy nhiệt tình , dễ hiểu nhưng nên có thêm bài tập về nhà có tính điểm giúp sinh viên tiếp thu bài tốt hơn .",neutral,de_xuat
1802,cách chỉ dẫn .,neutral,noi_chung
1803,"giọng cô người miền ngoài nên dạy khá khó hiểu , cô dạy hơi nhanh .",negative,ky_nang_giang_day
1804,"rất ok , rất thích cách dạy của thầy .",positive,ky_nang_giang_day
1805,"thầy nhiệt tình , vui vẻ , có phương pháp dạy tốt và chương trình cụ thể dễ học .",positive,ky_nang_giang_day
1805,"thầy nhiệt tình , vui vẻ , có phương pháp dạy tốt và chương trình cụ thể dễ học .",positive,hanh_vi
1805,"thầy nhiệt tình , vui vẻ , có phương pháp dạy tốt và chương trình cụ thể dễ học .",positive,chuong_trinh_hoc
1806,"giảng dạy mông lung , không rõ ràng .",negative,ky_nang_giang_day
1807,"đưa ra các ví dụ rất hay rất thực tế , bài tập khó nhưng hay kiến sinh viên chủ động học tập .",positive,kinh_nghiem
1807,"đưa ra các ví dụ rất hay rất thực tế , bài tập khó nhưng hay kiến sinh viên chủ động học tập .",negative,bai_tap
1808,giảng rất dễ hiểu .,positive,ky_nang_giang_day
1809,"thầy nhiệt tình , vui tính , công bằng .",positive,hanh_vi
1810,"giảng viên vui tính , tận tâm , nhiệt tình .",positive,hanh_vi
1811,"thầy vẫn đọc slide và nói quá nhanh , những gì thầy nói đã có sẵn trên slide sinh viên đọc có thể rút ra được .",negative,ky_nang_giang_day
1811,"thầy vẫn đọc slide và nói quá nhanh , những gì thầy nói đã có sẵn trên slide sinh viên đọc có thể rút ra được .",neutral,cung_cap_tai_lieu
1812,"tôi chưa từng thấy giáo viên nào mà nghỉ nhiều , lại hay đi trễ về sớm như vậy .",negative,hanh_vi
1813,"thầy ít lên lớp , học một học kỳ mà chỉ học được 2 buổi .",negative,hanh_vi
1814,"giảng viên cho nghỉ quá nhiều , đến cuối kỳ học bù quá nhiều .",negative,ky_nang_giang_day
1815,nhiệt huyết truyền đạt kiến thức .,positive,hanh_vi
1815,nhiệt huyết truyền đạt kiến thức .,positive,kien_thuc
1816,nên có bài viết hoặc bài tiểu luận mỗi 2 tuần trên courses để sinh viên thực tập .,neutral,bai_tap
1816,nên có bài viết hoặc bài tiểu luận mỗi 2 tuần trên courses để sinh viên thực tập .,neutral,de_xuat
1817,"giảng viên có chuyên môn tốt , giải đáp trả lời thắc mắc đầy đủ từ sinh viên .",positive,hanh_vi
1817,"giảng viên có chuyên môn tốt , giải đáp trả lời thắc mắc đầy đủ từ sinh viên .",positive,kien_thuc
1818,"cô dạy nhiệt tình , phân nhóm thuyết trình tạo không khí học tập sôi nổi .",positive,ky_nang_giang_day
1818,"cô dạy nhiệt tình , phân nhóm thuyết trình tạo không khí học tập sôi nổi .",positive,hanh_vi
1819,thân thiện với học sinh .,positive,hanh_vi
1820,"phần cho điểm , nội dung ôn thi .",neutral,cham_diem
1821,"thầy dạy rất dễ hiểu , cho nhiều bài tập .",positive,ky_nang_giang_day
1821,"thầy dạy rất dễ hiểu , cho nhiều bài tập .",neutral,bai_tap
1822,"em biết điều này rất tế nhị và khó cải thiện , đó là việc nghe giảng của em bị hạn chế vì em không nghe được chất giọng fraction tiếng của giảng viên nên hay bị mất kết nối kiến thức giữa chừng trong khi nghe giảng .",negative,thiet_bi_day_hoc
1823,đến lớp đúng giờ .,positive,hanh_vi
1824,"em cũng như các bạn học chung trong lớp đều thấy phần thực hành cho mỗi buổi như thế là quá nhiều , nhất là các bài thực hành từ 13 trở đi .",negative,bai_tap
1825,"thầy cho bài kiểm tra tính cách , sau đó lập nhóm trong nhóm có đầy đủ nhóm tính cách , thầy còn khuyên , nhóm đừng nên quen biết nhau thầy đã sai lầm lúc đầu em và mọi người ắt hẳn phấn khích lắm nhưng sau này thầy để mỗi nhóm tìm ra con đường chính của cả nhóm !",negative,ky_nang_giang_day
1826,"giảng chậm , chi tiết , dễ hiểu .",positive,ky_nang_giang_day
1827,nên bổ sung thêm giáo trình cho sinh viên .,neutral,cung_cap_tai_lieu
1827,nên bổ sung thêm giáo trình cho sinh viên .,negative,de_xuat
1828,giảng giải tốt vấn đề được đề cập đến .,positive,ky_nang_giang_day
1829,cô cho bài tập trắc nghiệm về nhà trên moodle .,neutral,bai_tap
1830,cần trao đổi nhiều hơn với sinh viên qua các kênh của trường như web môn học chẳng hạn .,neutral,hanh_vi
1830,cần trao đổi nhiều hơn với sinh viên qua các kênh của trường như web môn học chẳng hạn .,neutral,de_xuat
1831,"giáo trình thực hành đi quá nhanh so với lý thuyết , đi trước lý thuyết 1 tháng tới 1dot5 tháng .",negative,chuong_trinh_hoc
1832,giảng viên đưa ra nhiều dạng bài tập giúp học sinh hiểu rõ hơn .,positive,bai_tap
1833,chỉ là đôi khi thầy hơi nóng tính lúc làm việc .,negative,hanh_vi
1834,môn học hay .,positive,chuong_trinh_hoc
1835,cô nói nhỏ và rất đều rất dễ buồn ngủ .,negative,ky_nang_giang_day
1836,lượng thời gian để hoàn thành các đồ án cho nhiều môn như vậy đã là không đủ trong một học kỳ .,negative,bai_tap
1837,deadline cho thời gian không đủ dài để sinh viên hoàn thành bài tập .,negative,bai_tap
1837,deadline cho thời gian không đủ dài để sinh viên hoàn thành bài tập .,negative,de_xuat
1838,"bài tập cần thực tiễn hơn giống như bài toán "" chi tiết máy "" , bài toán "" tính tiền lương "" thay vì những khái niệm toán học .",negative,kinh_nghiem
1838,"bài tập cần thực tiễn hơn giống như bài toán "" chi tiết máy "" , bài toán "" tính tiền lương "" thay vì những khái niệm toán học .",negative,bai_tap
1838,"bài tập cần thực tiễn hơn giống như bài toán "" chi tiết máy "" , bài toán "" tính tiền lương "" thay vì những khái niệm toán học .",neutral,de_xuat
1839,kiến thức thực tế .,positive,kien_thuc
1840,"phòng wzjwz35 nhà trường nên thay máy chiếu mới , vì nó đã quá cũ và thường xuyên gặp vấn đề .",negative,thiet_bi_day_hoc
1840,"phòng wzjwz35 nhà trường nên thay máy chiếu mới , vì nó đã quá cũ và thường xuyên gặp vấn đề .",neutral,de_xuat
1841,"tài liệu đầy đủ , phương pháp dạy dễ tiếp thu và giảng viên nhiệt tình .",positive,ky_nang_giang_day
1841,"tài liệu đầy đủ , phương pháp dạy dễ tiếp thu và giảng viên nhiệt tình .",positive,hanh_vi
1841,"tài liệu đầy đủ , phương pháp dạy dễ tiếp thu và giảng viên nhiệt tình .",positive,cung_cap_tai_lieu
1842,cô dạy dễ tiếp thu .,positive,ky_nang_giang_day
1843,cô dễ thương dạy dễ hiểu và tạo cảm hứng học tập .,positive,ky_nang_giang_day
1843,cô dễ thương dạy dễ hiểu và tạo cảm hứng học tập .,positive,hanh_vi
1844,"giảng viên không gây hứng thú cho sinh viên , làm sinh viên chán nản .",negative,ky_nang_giang_day
1844,"giảng viên không gây hứng thú cho sinh viên , làm sinh viên chán nản .",negative,hanh_vi
1845,thầy rất nhiệt tình và vui vẻ .,positive,hanh_vi
1846,giáo viên truyền được cảm hứng ưa thích môn học và thường xuyên liên lạc đến các vấn đề xã hội ngoài môn học .,positive,ky_nang_giang_day
1846,giáo viên truyền được cảm hứng ưa thích môn học và thường xuyên liên lạc đến các vấn đề xã hội ngoài môn học .,positive,hanh_vi
1847,cô rất vui .,positive,hanh_vi
1848,"giảng viên tận tâm , giúp đỡ sinh viên trong quá trình học .",positive,hanh_vi
1849,giảng viên giảng dạy khó hiểu .,negative,ky_nang_giang_day
1850,"thầy dạy rất hay , rất mong thầy tiếp tục công tác tại trường .",positive,ky_nang_giang_day
1850,"thầy dạy rất hay , rất mong thầy tiếp tục công tác tại trường .",positive,hanh_vi
1851,"cô quá là dễ thương , nhiệt tình .",positive,hanh_vi
1852,kính mong các giảng viên mạch số upload tài liệu trước giờ học ít nhất 1 ngày để các bạn sinh viên có thể nghiên cứu trước ở nhà .,neutral,cung_cap_tai_lieu
1852,kính mong các giảng viên mạch số upload tài liệu trước giờ học ít nhất 1 ngày để các bạn sinh viên có thể nghiên cứu trước ở nhà .,neutral,de_xuat
1853,em nghĩ là làm bài tập nhiều tốt hơn là học lý thuyết nhiều .,positive,bai_tap
1853,em nghĩ là làm bài tập nhiều tốt hơn là học lý thuyết nhiều .,neutral,de_xuat
1854,cô rất nhiệt tình trong việc giảng dạy và giao tiếp với sinh viên .,positive,hanh_vi
1855,dạy tốt có tâm .,positive,ky_nang_giang_day
1855,dạy tốt có tâm .,positive,hanh_vi
1856,"thầy dễ tính , có đi học đều sẻ qua môn , hoạt động làm bài thu hoạch tạo điều kiện cho sinh viên lấy điểm .",positive,hanh_vi
1857,"slide bài giảng , tài liệu cần có nhiều ví dụ , tài liệu khó hiểu .",negative,cung_cap_tai_lieu
1857,"slide bài giảng , tài liệu cần có nhiều ví dụ , tài liệu khó hiểu .",neutral,de_xuat
1858,"thầy vui vẻ , sâu sắc .",positive,hanh_vi
1859,nên tập trung vào luyện speaking và luyện cú pháp .,neutral,bai_tap
1859,nên tập trung vào luyện speaking và luyện cú pháp .,neutral,de_xuat
1860,"chấm đồ án doubledot chấm không công bằng , không thể lấy lý do không thích tính cách của sinh viên mà không cho sinh viên đậu , mặc dù đồ án hoàn thành tốt .",negative,hanh_vi
1860,"chấm đồ án doubledot chấm không công bằng , không thể lấy lý do không thích tính cách của sinh viên mà không cho sinh viên đậu , mặc dù đồ án hoàn thành tốt .",negative,cham_diem
1861,"thầy tận tâm , giảng rất dễ hiểu .",positive,ky_nang_giang_day
1861,"thầy tận tâm , giảng rất dễ hiểu .",positive,hanh_vi
1862,"tích cực giúp đỡ sinh viên khi gặp khúc mắc , phương pháp dạy vui , thoải mái xen kẽ chuyên sâu .",positive,ky_nang_giang_day
1862,"tích cực giúp đỡ sinh viên khi gặp khúc mắc , phương pháp dạy vui , thoải mái xen kẽ chuyên sâu .",positive,hanh_vi
1863,nên đầu tư thiết bị để có thực hành .,negative,thiet_bi_day_hoc
1863,nên đầu tư thiết bị để có thực hành .,positive,de_xuat
1864,"sự nhiệt tình , cô wzjwz312 dạy rất dễ hiểu và vui vẻ .",positive,ky_nang_giang_day
1864,"sự nhiệt tình , cô wzjwz312 dạy rất dễ hiểu và vui vẻ .",positive,hanh_vi
1865,hy vọng thầy có thể sử dụng thời gian trên lớp hiệu quả hơn .,negative,ky_nang_giang_day
1865,hy vọng thầy có thể sử dụng thời gian trên lớp hiệu quả hơn .,neutral,de_xuat
1866,điều này khiến giảng viên khó xử .,negative,hanh_vi
1867,"thầy đi dạy không đều lắm , có khi nghỉ mà không thông báo cho sinh viên biết .",negative,hanh_vi
1868,"thầy dạy hơi nhanh , nhưng kỹ và sâu .",negative,ky_nang_giang_day
1868,"thầy dạy hơi nhanh , nhưng kỹ và sâu .",positive,kien_thuc
1869,"khó hiểu và truyền đạt hơi nhanh , khó tiếp thu .",negative,ky_nang_giang_day
1870,đôi khi thầy hơi khó tính .,negative,hanh_vi
1871,thẳng thắn và kiên quyết .,positive,hanh_vi
1872,dạy nhiều kiến thức ngoài xã hội .,positive,kien_thuc
1873,phòng thực hành có nhiều máy không sử dụng được .,negative,thiet_bi_day_hoc
1874,thầy cho thời hạn deadline không hợp lý .,negative,bai_tap
1875,mong rằng thầy cô thực hành sẽ luôn cập nhật tin tức trên trang web môn học để có thể đáp ứng được chỉ tiêu mà phòng đào tạo đề ra như ban đầu đối với môn học đó là mọi thắc mắc sẽ được giáo viên trả lời trong vòng 24 tiếng .,neutral,cung_cap_tai_lieu
1875,mong rằng thầy cô thực hành sẽ luôn cập nhật tin tức trên trang web môn học để có thể đáp ứng được chỉ tiêu mà phòng đào tạo đề ra như ban đầu đối với môn học đó là mọi thắc mắc sẽ được giáo viên trả lời trong vòng 24 tiếng .,neutral,de_xuat
1876,thầy nói nghe không rõ lắm .,negative,ky_nang_giang_day
1877,đi dạy mà chỉ đọc slide .,negative,ky_nang_giang_day
1878,"quá khuôn khổ , ít có sự sáng tạo và ít có những bài tập làm thêm củng cổ ngoài sách học .",negative,ky_nang_giang_day
1878,"quá khuôn khổ , ít có sự sáng tạo và ít có những bài tập làm thêm củng cổ ngoài sách học .",negative,bai_tap
1879,nên nâng cao chất lượng sơ sở .,negative,thiet_bi_day_hoc
1879,nên nâng cao chất lượng sơ sở .,positive,de_xuat
1880,chưa nói rõ để sinh viên có thể hiểu rõ .,negative,ky_nang_giang_day
1881,chỉ làm bài tập dựa trên tài liệu và tìm kiếm trên mạng .,negative,bai_tap
1882,giảng viên chưa nhiệt tình giảng dạy cho lắm .,negative,hanh_vi
1883,thầy dạy nói hơi nhanh .,negative,ky_nang_giang_day
1884,nên đặt deadline là 11doubledot55 pm thay vì 12doubledot00 am nhiều khi nhìn lịch ở ngoài bị nhầm làm miss deadline nhiều lần .,negative,bai_tap
1884,nên đặt deadline là 11doubledot55 pm thay vì 12doubledot00 am nhiều khi nhìn lịch ở ngoài bị nhầm làm miss deadline nhiều lần .,positive,de_xuat
1885,"cô lên lớp rất đúng giờ , dạy rất tâm huyết , rất hay cho quà vặt cho sinh viên .",positive,ky_nang_giang_day
1885,"cô lên lớp rất đúng giờ , dạy rất tâm huyết , rất hay cho quà vặt cho sinh viên .",positive,hanh_vi
1886,nên thông nhất nội dung từ đầu năm học .,positive,chuong_trinh_hoc
1886,nên thông nhất nội dung từ đầu năm học .,positive,de_xuat
1887,tận tình với sinh viên .,positive,hanh_vi
1888,"thầy tận tâm , nhiệt tình giúp đỡ , giải đáp thắc mắc cho sinh viên .",positive,hanh_vi
1889,thầy giảng tận tâm .,positive,hanh_vi
1890,"bài giảng dựa theo chuẩn ngôn ngữ assembly trên linux nên tìm kiếm thông tin , tài liệu khá khó khăn .",negative,cung_cap_tai_lieu
1891,giảng viên ra đồ án cho sinh viên về làm để mở rộng kiến thức .,neutral,bai_tap
1891,giảng viên ra đồ án cho sinh viên về làm để mở rộng kiến thức .,neutral,kien_thuc
1892,"thích cách dạy của thầy , chỉ ra hướng đi cho sinh viên chứ không quá máy móc vào slide , giáo án .",positive,ky_nang_giang_day
1892,"thích cách dạy của thầy , chỉ ra hướng đi cho sinh viên chứ không quá máy móc vào slide , giáo án .",positive,hanh_vi
1893,cô giảng dễ hiểu và nhiệt tình .,positive,ky_nang_giang_day
1893,cô giảng dễ hiểu và nhiệt tình .,positive,hanh_vi
1894,giảng viên ít cho ví dụ và giải bài tập trên lớp .,negative,ky_nang_giang_day
1894,giảng viên ít cho ví dụ và giải bài tập trên lớp .,negative,kinh_nghiem
1895,thầy sử dụng một số thời gian đứng lớp để làm một số việc không quá quan trọng .,negative,ky_nang_giang_day
1895,thầy sử dụng một số thời gian đứng lớp để làm một số việc không quá quan trọng .,negative,hanh_vi
1896,bài giảng không hay .,negative,ky_nang_giang_day
1897,giảng đáp nhanh chóng những thắc mắc .,positive,hanh_vi
1898,giảng viên truyền đạt đủ kiến thức .,positive,kien_thuc
1899,cập nhật điểm chậm .,negative,cham_diem
1900,"thầy rất nhiệt tình và tận tâm , có kiến thức rộng .",positive,hanh_vi
1900,"thầy rất nhiệt tình và tận tâm , có kiến thức rộng .",positive,kien_thuc
1901,nên giảng nhiều hơn những phần quan trọng .,negative,ky_nang_giang_day
1901,nên giảng nhiều hơn những phần quan trọng .,neutral,de_xuat
1902,thầy dạy hay và rất nhiệt tình .,positive,ky_nang_giang_day
1902,thầy dạy hay và rất nhiệt tình .,positive,hanh_vi
1903,"thầy dễ thương , tận tụy với môn học .",positive,hanh_vi
1904,"dạy hay , dễ hiểu , nghiêm khắc , luôn tận tình với sinh viên .",positive,ky_nang_giang_day
1904,"dạy hay , dễ hiểu , nghiêm khắc , luôn tận tình với sinh viên .",positive,hanh_vi
1905,"thầy tận tâm , luôn tạo động lực để học sinh làm bài , nhiệt tình giảng dạy .",positive,ky_nang_giang_day
1905,"thầy tận tâm , luôn tạo động lực để học sinh làm bài , nhiệt tình giảng dạy .",positive,hanh_vi
1906,ra nhiều bài tập hơn .,negative,bai_tap
1906,ra nhiều bài tập hơn .,neutral,de_xuat
1907,các thầy có học vị cao ắt sẽ có nhiều kinh nghiệm quý báu hơn .,positive,kinh_nghiem
1908,giảng viên rất tận tâm và dạy học theo phương pháp học cấp 3 rất gần gũi với sinh viên .,positive,ky_nang_giang_day
1908,giảng viên rất tận tâm và dạy học theo phương pháp học cấp 3 rất gần gũi với sinh viên .,positive,hanh_vi
1909,"giảng viên hướng dẫn làm bài tập , dạy dễ hiểu .",positive,ky_nang_giang_day
1910,"nên thay đổi hình thức thi cuối kỳ , nên làm bài thi trên máy hoặc làm đồ án môn học .",neutral,chuong_trinh_hoc
1910,"nên thay đổi hình thức thi cuối kỳ , nên làm bài thi trên máy hoặc làm đồ án môn học .",neutral,de_xuat
1911,"cần có thêm các hoạt động nghe nhìn như video clip , hình ảnh , các hoạt động ngoại khóa , có các buổi tham gia nói chuyện với người nước ngoài .",negative,chuong_trinh_hoc
1911,"cần có thêm các hoạt động nghe nhìn như video clip , hình ảnh , các hoạt động ngoại khóa , có các buổi tham gia nói chuyện với người nước ngoài .",positive,de_xuat
1912,"giảng viên thân thiện , vui vẻ , giảng dạy khá kỹ , chuyên sâu các kiến thức .",positive,ky_nang_giang_day
1912,"giảng viên thân thiện , vui vẻ , giảng dạy khá kỹ , chuyên sâu các kiến thức .",positive,hanh_vi
1912,"giảng viên thân thiện , vui vẻ , giảng dạy khá kỹ , chuyên sâu các kiến thức .",positive,kien_thuc
1913,thầy dạy dễ hiểu .,positive,ky_nang_giang_day
1914,"nội dung đồ án doubledot không nên quá rộng , nên cô đọng những điểm quan trọng , và nên cho làm từ bước phân tích yêu cầu đến khi hoàn thành đồ án .",negative,bai_tap
1914,"nội dung đồ án doubledot không nên quá rộng , nên cô đọng những điểm quan trọng , và nên cho làm từ bước phân tích yêu cầu đến khi hoàn thành đồ án .",neutral,de_xuat
1915,giảng viên dạy tương đối nhanh .,negative,ky_nang_giang_day
1916,giảng lý thuyết trước khi cho sinh viên làm bài thực hành trên lớp .,neutral,ky_nang_giang_day
1917,cần thay đổi giờ thực hành hình thức 2 sang thực hành hình thức 1 để sinh viên có thể áp dụng tốt hơn các kiến thức đã học .,negative,chuong_trinh_hoc
1917,cần thay đổi giờ thực hành hình thức 2 sang thực hành hình thức 1 để sinh viên có thể áp dụng tốt hơn các kiến thức đã học .,negative,de_xuat
1918,sinh viên quá đông gây nóng nực .,negative,noi_chung
1919,dạy cụ thể từng bài tập .,neutral,ky_nang_giang_day
1920,thầy chủ yếu để sinh viên tự thực hành .,neutral,ky_nang_giang_day
1921,giảng viên giảng dạy lý thuyết vững .,positive,ky_nang_giang_day
1921,giảng viên giảng dạy lý thuyết vững .,positive,kien_thuc
1922,quan tâm đến từng sinh viên trong lớp .,positive,hanh_vi
1923,bảo học sinh không chịu học là không đúng .,negative,hanh_vi
1924,cô dạy rất hiệu quả .,positive,ky_nang_giang_day
1925,thầy hiểu tâm lý sinh viên .,positive,hanh_vi
1926,thân thiện vui vẻ với học sinh .,positive,hanh_vi
1927,tôi rất thích phương pháp giảng dạy của thầy .,positive,ky_nang_giang_day
1928,khả năng truyền đạt chưa tốt .,negative,ky_nang_giang_day
1929,nâng cấp thiết bị dạy học cho môn anh văn .,neutral,thiet_bi_day_hoc
1929,nâng cấp thiết bị dạy học cho môn anh văn .,positive,de_xuat
1930,"cô rất thân thiện , dạy tận tâm .",positive,hanh_vi
1931,ở trong lớp thầy nói nhỏ mà nhanh quá !,negative,ky_nang_giang_day
1932,"dọng thầy hơi khó nghe , nói còn hơi to .",negative,ky_nang_giang_day
1933,"bài tập nhiều , rất sát .",positive,bai_tap
1934,thầy dạy các phần trọng tâm và cho ví dụ rất chi tiết .,positive,ky_nang_giang_day
1935,"có chương trình thực hành cụ thể , rõ ràng .",positive,chuong_trinh_hoc
1936,chưa quan tâm tới những sinh viên còn yếu .,negative,hanh_vi
1937,"dạy dễ hiểu , tận tình .",positive,ky_nang_giang_day
1937,"dạy dễ hiểu , tận tình .",positive,hanh_vi
1938,giảng dạy kỹ .,positive,ky_nang_giang_day
1939,nội dung cần cập nhật và sát với thực tiễn hơn .,negative,chuong_trinh_hoc
1939,nội dung cần cập nhật và sát với thực tiễn hơn .,neutral,de_xuat
1940,"nên chú trọng nhiều hơn vào kỹ năng giao tiếp , nghe , nói của sinh viên thay vì phần ngữ pháp .",negative,chuong_trinh_hoc
1940,"nên chú trọng nhiều hơn vào kỹ năng giao tiếp , nghe , nói của sinh viên thay vì phần ngữ pháp .",neutral,de_xuat
1941,giáo trình tốt .,positive,cung_cap_tai_lieu
1942,một trong những giảng viên yêu thích .,positive,noi_chung
1943,"cô thân thiện , nhiệt tình .",positive,hanh_vi
1944,thật chất em không học thầy này .,negative,ky_nang_giang_day
1945,cần thiết thực cụ thể hơn nữa .,negative,de_xuat
1946,"giảng viên có vài lần không nghe trình bày kết quả thực hành của sinh viên , khi sinh viên nhóm này trình bày thì giảng viên lại đi qua nhóm khác mặc cho sinh viên đó đang nói .",negative,hanh_vi
1947,không nhiệt tình với sinh viên .,negative,hanh_vi
1948,"giảng viên vui vẻ , vô cùng nhiệt tình .",positive,hanh_vi
1949,"thầy đã nhận xét doubledot "" các bạn chỉ nói theo cách hiểu của các bạn , nội dung thuyết trình đã chán , mà các bạn không có sản phẩm để demo giới thiệu "" .",negative,chuong_trinh_hoc
1950,lên được 1 buổi .,negative,noi_chung
1951,"thầy giảng dạy nhiệt tình , biết cách truyền cảm hứng nghiên cứu khoa học cho sinh viên .",positive,ky_nang_giang_day
1951,"thầy giảng dạy nhiệt tình , biết cách truyền cảm hứng nghiên cứu khoa học cho sinh viên .",positive,hanh_vi
1952,phương pháp giảng dạy và sự nhiệt tình .,positive,ky_nang_giang_day
1952,phương pháp giảng dạy và sự nhiệt tình .,positive,hanh_vi
1953,chỉ có vấn đề là em chưa cố gắng .,neutral,noi_chung
1954,"giảng viên chưa có nhiều kinh nghiệm , sinh viên tự làm thực hành , ít được hướng dẫn .",negative,kinh_nghiem
1954,"giảng viên chưa có nhiều kinh nghiệm , sinh viên tự làm thực hành , ít được hướng dẫn .",negative,hanh_vi
1955,"môn học nên cập nhật giáo trình mới liên tục , tài liệu học tập cũ , rất nhiều chỗ sai .",negative,cung_cap_tai_lieu
1955,"môn học nên cập nhật giáo trình mới liên tục , tài liệu học tập cũ , rất nhiều chỗ sai .",negative,de_xuat
1956,cô dạy rất hay nhiều phần sinh động .,positive,ky_nang_giang_day
1957,"nhiệt tình , lên lớp rất đúng giờ .",positive,hanh_vi
1958,không đầu tư nhiều cho bài giảng .,negative,cung_cap_tai_lieu
1959,"thầy rất vui tính , luôn áp dụng nhưng bài học thực tế vào giảng dạy .",positive,kinh_nghiem
1959,"thầy rất vui tính , luôn áp dụng nhưng bài học thực tế vào giảng dạy .",positive,hanh_vi
1960,rất hay dot tâm huyết dot dạy bài dễ tiếp thu .,positive,ky_nang_giang_day
1960,rất hay dot tâm huyết dot dạy bài dễ tiếp thu .,positive,hanh_vi
1961,"chuyên môn cao , đá bóng hay .",positive,kien_thuc
1962,cô hãy dạy nhiều lớp hơn .,neutral,de_xuat
1963,"giảng bài , hòa đồng .",positive,ky_nang_giang_day
1963,"giảng bài , hòa đồng .",positive,hanh_vi
1964,"cô dạy nhiệt tình , vui vẻ .",positive,hanh_vi
1965,cần tăng cường thực hành để sinh viên có thể hiểu kỹ bài hơn và có nhiều cơ hội để sáng tạo hay tiếp thu kiến thực hiệu quả hơn qua thực hành .,negative,kinh_nghiem
1965,cần tăng cường thực hành để sinh viên có thể hiểu kỹ bài hơn và có nhiều cơ hội để sáng tạo hay tiếp thu kiến thực hiệu quả hơn qua thực hành .,neutral,de_xuat
1966,nội dung học không theo kịp thực hành .,negative,kinh_nghiem
1966,nội dung học không theo kịp thực hành .,negative,chuong_trinh_hoc
1967,sinh viên tiếp nhận tốt phần thực hành khác hẳn với lý thuyết .,positive,kinh_nghiem
1967,sinh viên tiếp nhận tốt phần thực hành khác hẳn với lý thuyết .,neutral,chuong_trinh_hoc
1968,cần sử dụng máy chiếu slide hiệu quả hơn .,neutral,thiet_bi_day_hoc
1968,cần sử dụng máy chiếu slide hiệu quả hơn .,neutral,de_xuat
1969,lên lớp đều đặn .,neutral,noi_chung
1970,em thấy cô giảng dạy đã đạt yêu cầu .,positive,ky_nang_giang_day
1971,"giáo viên giảng dạy nhiệt tình , giảng dạy hay , dễ hiểu .",positive,ky_nang_giang_day
1971,"giáo viên giảng dạy nhiệt tình , giảng dạy hay , dễ hiểu .",positive,hanh_vi
1972,"cách giảng bài và tạo điều kiện cho sinh viên phản biện rất hay , hy vọng thầy tiếp tục phát huy .",positive,ky_nang_giang_day
1972,"cách giảng bài và tạo điều kiện cho sinh viên phản biện rất hay , hy vọng thầy tiếp tục phát huy .",positive,hanh_vi
1973,"bài tập khi học thực hành cơ bản , dễ hiểu .",positive,bai_tap
1974,em rất cảm ơn cô ạ !,positive,hanh_vi
1975,giảng viên giảng dạy tuân thủ theo đề cương môn học .,neutral,chuong_trinh_hoc
1976,nên đưa ra các ứng dụng thực tiễn của môn học .,neutral,kinh_nghiem
1976,nên đưa ra các ứng dụng thực tiễn của môn học .,neutral,de_xuat
1977,"giữa các thầy cô nên thống nhất , tránh để sinh viên lao đao .",negative,hanh_vi
1977,"giữa các thầy cô nên thống nhất , tránh để sinh viên lao đao .",neutral,de_xuat
1978,"thầy dạy tốt , hiền , dễ gần .",positive,ky_nang_giang_day
1978,"thầy dạy tốt , hiền , dễ gần .",positive,hanh_vi
1979,"nên trình bày bài tập bằng lời nói trước lớp nhiều hơn , dễ hiểu hơn .",negative,bai_tap
1979,"nên trình bày bài tập bằng lời nói trước lớp nhiều hơn , dễ hiểu hơn .",neutral,de_xuat
1980,"một số bài tập không rõ , không đi sâu .",negative,bai_tap
1981,cô rất tận tình .,positive,hanh_vi
1982,khó nghe .,negative,thiet_bi_day_hoc
1983,"thầy dạy rất tận tình , tâm huyết .",positive,hanh_vi
1984,nên nâng cao chất lượng phòng học hơn .,negative,thiet_bi_day_hoc
1984,nên nâng cao chất lượng phòng học hơn .,neutral,de_xuat
1985,đề nghị cho nhiều bài kiểm tra hơn .,neutral,bai_tap
1985,đề nghị cho nhiều bài kiểm tra hơn .,positive,de_xuat
1986,"thầy không hề giảng dạy bất cứ kiến thức gì , chủ yếu đưa lên module và bắt sinh viên tự tiềm hiểu .",negative,ky_nang_giang_day
1986,"thầy không hề giảng dạy bất cứ kiến thức gì , chủ yếu đưa lên module và bắt sinh viên tự tiềm hiểu .",negative,kien_thuc
1987,khung chương trình quá áp đặt lý thuyết .,negative,chuong_trinh_hoc
1988,cô dạy khá tốt .,positive,ky_nang_giang_day
1989,"thầy cho làm rất thực tế , rất hữu ích đối với sinh viên , giúp sinh viên tự tìm tòi rất nhiều , nhiều hơn so với việc dạy lý thuyết nhàm chán .",positive,ky_nang_giang_day
1989,"thầy cho làm rất thực tế , rất hữu ích đối với sinh viên , giúp sinh viên tự tìm tòi rất nhiều , nhiều hơn so với việc dạy lý thuyết nhàm chán .",positive,kinh_nghiem
1989,"thầy cho làm rất thực tế , rất hữu ích đối với sinh viên , giúp sinh viên tự tìm tòi rất nhiều , nhiều hơn so với việc dạy lý thuyết nhàm chán .",positive,kien_thuc
1990,"báo cáo đồ án , giảng viên không có sự thống nhất với các giảng viên khác trong bộ môn , giảng viên têu cầu làm quá nhiều thứ không cần thiết trong khi các giảng viên khác trong cung bộ môn lại không yêu cầu .",negative,hanh_vi
1990,"báo cáo đồ án , giảng viên không có sự thống nhất với các giảng viên khác trong bộ môn , giảng viên têu cầu làm quá nhiều thứ không cần thiết trong khi các giảng viên khác trong cung bộ môn lại không yêu cầu .",negative,bai_tap
1991,giáo viên nhiệt tình tận tụy với sinh viên .,positive,hanh_vi
1992,có nhiều hoạt động học tập sinh động giúp sinh viên thoải mái khi học .,positive,ky_nang_giang_day
1993,"do cô hay bận một số công việc , nên sinh viên hay được nghỉ .",negative,hanh_vi
1994,cách đánh giá và đồ án của thầy rất tốt cho sinh viên .,positive,bai_tap
1994,cách đánh giá và đồ án của thầy rất tốt cho sinh viên .,positive,cham_diem
1995,"thầy dạy tận tâm , nhiệt tình , nói tiếng anh hay , dễ hiểu , thỉnh thoảng thầy còn giảng song ngữ cho tụi em nắm rõ hơn , bài tập thực tế , dễ hiểu .",positive,ky_nang_giang_day
1995,"thầy dạy tận tâm , nhiệt tình , nói tiếng anh hay , dễ hiểu , thỉnh thoảng thầy còn giảng song ngữ cho tụi em nắm rõ hơn , bài tập thực tế , dễ hiểu .",positive,kinh_nghiem
1995,"thầy dạy tận tâm , nhiệt tình , nói tiếng anh hay , dễ hiểu , thỉnh thoảng thầy còn giảng song ngữ cho tụi em nắm rõ hơn , bài tập thực tế , dễ hiểu .",positive,hanh_vi
1995,"thầy dạy tận tâm , nhiệt tình , nói tiếng anh hay , dễ hiểu , thỉnh thoảng thầy còn giảng song ngữ cho tụi em nắm rõ hơn , bài tập thực tế , dễ hiểu .",positive,bai_tap
1995,"thầy dạy tận tâm , nhiệt tình , nói tiếng anh hay , dễ hiểu , thỉnh thoảng thầy còn giảng song ngữ cho tụi em nắm rõ hơn , bài tập thực tế , dễ hiểu .",positive,kien_thuc