id,text,sentiment,aspect
1,"đối với em , em đã thấy hợp lý .",neutral,noi_chung
2,"em nhận thấy thầy wzjwz67 rất nhiệt tình trong việc giảng dạy , cung cấp rất nhiều thông tin thực tế cho sinh viên nhằm chuẩn bị kỹ năng khi đi ra ngoài làm việc , phương pháp học gắn sát thực tế , tuy đội lúc có gặp khó khăn nhưng cũng rất bổ ích .",positive,ky_nang_giang_day
2,"em nhận thấy thầy wzjwz67 rất nhiệt tình trong việc giảng dạy , cung cấp rất nhiều thông tin thực tế cho sinh viên nhằm chuẩn bị kỹ năng khi đi ra ngoài làm việc , phương pháp học gắn sát thực tế , tuy đội lúc có gặp khó khăn nhưng cũng rất bổ ích .",positive,kinh_nghiem
2,"em nhận thấy thầy wzjwz67 rất nhiệt tình trong việc giảng dạy , cung cấp rất nhiều thông tin thực tế cho sinh viên nhằm chuẩn bị kỹ năng khi đi ra ngoài làm việc , phương pháp học gắn sát thực tế , tuy đội lúc có gặp khó khăn nhưng cũng rất bổ ích .",positive,hanh_vi
2,"em nhận thấy thầy wzjwz67 rất nhiệt tình trong việc giảng dạy , cung cấp rất nhiều thông tin thực tế cho sinh viên nhằm chuẩn bị kỹ năng khi đi ra ngoài làm việc , phương pháp học gắn sát thực tế , tuy đội lúc có gặp khó khăn nhưng cũng rất bổ ích .",positive,kien_thuc
3,giáo viên còn khá dễ dãi với sinh viên .,negative,hanh_vi
4,theo em nghĩ nên sửa lại hoặc thay mới dàn máy tính cũ và dễ bị lỗi đi .,negative,thiet_bi_day_hoc
4,theo em nghĩ nên sửa lại hoặc thay mới dàn máy tính cũ và dễ bị lỗi đi .,neutral,de_xuat
5,bởi vì môn giải thuật là môn khô khan và khó học nên em mong thầy làm cách nào đó để khiến sinh viên hứng thú học và đến lớp hơn .,negative,ky_nang_giang_day
5,bởi vì môn giải thuật là môn khô khan và khó học nên em mong thầy làm cách nào đó để khiến sinh viên hứng thú học và đến lớp hơn .,neutral,de_xuat
6,cô còn giảng hơi nhanh .,negative,ky_nang_giang_day
7,không nên thêm bảng băm vào môn này .,negative,chuong_trinh_hoc
7,không nên thêm bảng băm vào môn này .,negative,de_xuat
8,đầy đủ và nhiều ví dụ .,positive,ky_nang_giang_day
9,giáo viên dạy tốt .,positive,ky_nang_giang_day
10,phòng thực hành nóng .,negative,thiet_bi_day_hoc
11,"dạy đúng giờ , dễ hiểu .",positive,ky_nang_giang_day
12,"giảng viên có cách truyền đạt dễ hiểu , tận tâm .",positive,ky_nang_giang_day
12,"giảng viên có cách truyền đạt dễ hiểu , tận tâm .",positive,hanh_vi
13,"tận tâm , nhiệt tình , tiết học thú vị , dễ hiểu , thân thiện , gần gũi .",positive,ky_nang_giang_day
13,"tận tâm , nhiệt tình , tiết học thú vị , dễ hiểu , thân thiện , gần gũi .",positive,hanh_vi
14,"không đảm bảo được thời gian lên lớp , giờ học lung tung .",negative,chuong_trinh_hoc
15,chưa có demo thực tế .,negative,kinh_nghiem
16,nghe tiếng anh nhiều .,neutral,noi_chung
17,đối với môn này thì khá hữu ích cho sinh viên trong đời sống xã hội hay trong công việc .,positive,kien_thuc
18,"không có giải thích rõ , cụ thể về bài tập .",negative,ky_nang_giang_day
18,"không có giải thích rõ , cụ thể về bài tập .",negative,bai_tap
19,giúp sinh viên làm việc nhóm hiệu quả hơn .,positive,ky_nang_giang_day
20,chất lượng đào tạo rất tốt .,positive,chuong_trinh_hoc
21,"nên thực hành những thứ dễ tiếp thu bài học lý thuyết trước đó , và có cuộc thi cộng điểm cho những ai làm thêm bài tập hoặc chương trình .",positive,bai_tap
21,"nên thực hành những thứ dễ tiếp thu bài học lý thuyết trước đó , và có cuộc thi cộng điểm cho những ai làm thêm bài tập hoặc chương trình .",neutral,de_xuat
22,"giảng viên đứng lớp sử dụng giờ trên lớp không hiệu quả , thường kết thúc sớm , và dặn dò những điều không cần thiết , cụ thể như có những buổi học diễn ra doubledot sinh viên lên seminar đề tài không liên quan .",negative,ky_nang_giang_day
22,"giảng viên đứng lớp sử dụng giờ trên lớp không hiệu quả , thường kết thúc sớm , và dặn dò những điều không cần thiết , cụ thể như có những buổi học diễn ra doubledot sinh viên lên seminar đề tài không liên quan .",negative,hanh_vi
23,chưa đưa được nhiều bài tập cho sinh viên .,negative,bai_tap
24,cho luyện hơi ít bài tập .,negative,bai_tap
24,cho luyện hơi ít bài tập .,negative,de_xuat
25,khả năng truyền đạt không tốt lắm .,negative,ky_nang_giang_day
26,thầy giảng hơi buồn ngủ .,negative,hanh_vi
27,"thầy dạy rất hay , có kiến thức sâu rộng .",positive,ky_nang_giang_day
27,"thầy dạy rất hay , có kiến thức sâu rộng .",positive,kien_thuc
28,chưa có hoạt động nhóm .,negative,bai_tap
29,chưa thật sự dễ hiểu .,negative,ky_nang_giang_day
30,dạy lố giờ .,negative,ky_nang_giang_day
31,"dạy trễ , giờ học bị kéo dài .",negative,hanh_vi
31,"dạy trễ , giờ học bị kéo dài .",negative,chuong_trinh_hoc
32,cần thực hành môn học nhiều hơn .,negative,kinh_nghiem
32,cần thực hành môn học nhiều hơn .,neutral,de_xuat
33,"chưa từng thấy cô giảng dạy trên lớp và nói gì đồ án , trong khi thầy dạy lý thuyết lại có .",negative,ky_nang_giang_day
34,giảng viên nên đảm bảo giờ lên lớp vì giảng viên đã nghỉ khá nhiều số tiết có trên lớp .,negative,hanh_vi
34,giảng viên nên đảm bảo giờ lên lớp vì giảng viên đã nghỉ khá nhiều số tiết có trên lớp .,neutral,de_xuat
35,"tận tình , kỹ lưỡng .",positive,hanh_vi
36,"thi giữa kỳ cả lớp cũng phải ngồi đợi hơn 30 phút vì giáo viên "" kẹt xe "" .",negative,hanh_vi
37,thầy nên tham khảo cách cho và làm bài tập của thầy wzjwz319 chứ đừng show slide bài tập rồi vài giây sau qua slide đáp án .,negative,bai_tap
37,thầy nên tham khảo cách cho và làm bài tập của thầy wzjwz319 chứ đừng show slide bài tập rồi vài giây sau qua slide đáp án .,neutral,de_xuat
38,giáo viên giảng dạy dễ hiểu và nhiệt tình trong tiết học .,positive,ky_nang_giang_day
38,giáo viên giảng dạy dễ hiểu và nhiệt tình trong tiết học .,positive,hanh_vi
39,giảng dạy rất dễ hiểu và tận tâm với sinh viên .,positive,ky_nang_giang_day
39,giảng dạy rất dễ hiểu và tận tâm với sinh viên .,positive,hanh_vi
40,"có nhiều kiến thức thực tiễn , phù hợp với môi trường làm việc hiện đại .",positive,kien_thuc
41,cô dạy quá nhiều lý thuyết suông .,negative,ky_nang_giang_day
42,"thầy giảng bài nhiệt tình , nhưng hơi khó hiểu .",negative,ky_nang_giang_day
42,"thầy giảng bài nhiệt tình , nhưng hơi khó hiểu .",positive,hanh_vi
43,tăng cường speaking trong giờ học .,neutral,de_xuat
44,"giáo viên giảng bài kỹ , tận tâm .",positive,ky_nang_giang_day
44,"giáo viên giảng bài kỹ , tận tâm .",positive,hanh_vi
45,"giảng viên dạy hay , dễ hiểu .",positive,ky_nang_giang_day
46,thầy có hướng dẫn vào lúc thực hành .,neutral,kinh_nghiem
47,giảng viên hỗ trợ tích cực .,positive,hanh_vi
48,giảng viên hòa đồng .,positive,hanh_vi
49,"dạy hay , dễ hiểu , luôn hòa đồng và vui vẻ với sinh viên .",positive,ky_nang_giang_day
49,"dạy hay , dễ hiểu , luôn hòa đồng và vui vẻ với sinh viên .",positive,hanh_vi
50,thực hành với lý thuyết có vẻ không có liên quan với nhau .,negative,kinh_nghiem
51,các bài hướng dẫn lab thực hiện trên win server 2k3 rất lỗi thời .,negative,cung_cap_tai_lieu
52,"thầy dạy rễ hiểu , nhiệt tình .",positive,ky_nang_giang_day
52,"thầy dạy rễ hiểu , nhiệt tình .",positive,hanh_vi
53,sử dụng tạo bài kiểm tra trong course chưa hợp lý .,negative,bai_tap
54,hình như thầy nghỉ hơi nhiều thì phải .,negative,hanh_vi
55,"giảng viên truyền đạt kiến thức tốt , có nhiều kinh nghiệm , có thể giải đáp được thắc mắc của sinh viên .",positive,ky_nang_giang_day
55,"giảng viên truyền đạt kiến thức tốt , có nhiều kinh nghiệm , có thể giải đáp được thắc mắc của sinh viên .",positive,kinh_nghiem
55,"giảng viên truyền đạt kiến thức tốt , có nhiều kinh nghiệm , có thể giải đáp được thắc mắc của sinh viên .",positive,hanh_vi
56,em thấy môn này không áp dụng thực tế đối với trường mình .,negative,kinh_nghiem
57,làm chủ đề đồ án nhóm .,neutral,bai_tap
58,thầy nên hướng dẫn bài tập nhiều hơn và nên giải các bài khó .,neutral,bai_tap
58,thầy nên hướng dẫn bài tập nhiều hơn và nên giải các bài khó .,positive,de_xuat
59,"thiết kế và trình bày bài giảng mạch lạc , ngắn gọn , chi tiết giúp sinh viên dễ nắm bắt làm quen các khái niệm trong xác suất thống kê .",positive,ky_nang_giang_day
60,slide bài giảng đầy đủ .,positive,cung_cap_tai_lieu
61,"nâng cấp hệ thống phục vụ giảng dạy như loa , máy cassette .",negative,thiet_bi_day_hoc
61,"nâng cấp hệ thống phục vụ giảng dạy như loa , máy cassette .",neutral,de_xuat
62,cô dễ thương nhiệt tình .,positive,hanh_vi
63,hoạt động nhóm tốt giúp sinh viên tích cực .,positive,hanh_vi
64,rất thích cô wzjwz108 vì cô dạy hứng thú và hay .,positive,ky_nang_giang_day
65,"giảng viên tận tâm , nhiệt tình , giỏi .",positive,hanh_vi
65,"giảng viên tận tâm , nhiệt tình , giỏi .",positive,kien_thuc
66,cô dạy hay và có tâm .,positive,ky_nang_giang_day
66,cô dạy hay và có tâm .,positive,hanh_vi
67,thầy hòa đồng và thân thiện .,positive,hanh_vi
68,thầy giảng dạy rất tốt và tuyệt vời !,positive,ky_nang_giang_day
69,"thầy là một người sống rất có tâm , lại có vẻ bề ngoài đẹp trai , thầy rất hóm hỉnh và dí dỏm .",positive,hanh_vi
70,cô còn chưa thể tạo ra cho lớp học không khí sôi nổi trong học tập .,negative,hanh_vi
71,toàn giảng slide .,negative,ky_nang_giang_day
72,"cô nhiệt tình , hoà đồng với học sinh .",positive,hanh_vi
73,cô có nhiều cách dạy sáng tạo .,positive,ky_nang_giang_day
74,cần đưa ra những ứng dụng thực tế để có thể hiểu dễ dàng hơn .,negative,kinh_nghiem
74,cần đưa ra những ứng dụng thực tế để có thể hiểu dễ dàng hơn .,neutral,de_xuat
75,giảng dạy đầy đủ đúng giờ .,positive,ky_nang_giang_day
76,"thầy rất nhiệt tình , giảng dễ hiểu .",positive,ky_nang_giang_day
76,"thầy rất nhiệt tình , giảng dễ hiểu .",positive,hanh_vi
77,"truyền đạt dễ hiểu , phương pháp giảng dạy hứng thú .",positive,ky_nang_giang_day
78,"giảng viên có khả năng truyền đạt tốt , hay tạo nhiều tình huống để sinh viên có thể bàn luận và luôn lắng nghe nguyện vọng của sinh viên .",positive,ky_nang_giang_day
78,"giảng viên có khả năng truyền đạt tốt , hay tạo nhiều tình huống để sinh viên có thể bàn luận và luôn lắng nghe nguyện vọng của sinh viên .",positive,hanh_vi
79,"giảng viên sắp xếp lịch ở nhiều tiết không phù hợp ( tiết 2 - 3 , 3 - 4 , dot ) khiến rất nhiều sinh viên không tham gia được .",negative,chuong_trinh_hoc
80,cô đưa ra nhiều phương án giải quyết khi sinh viên gặp vấn đề nào đó với đồ án !,positive,hanh_vi
81,"vui tính , khả năng truyền đạt kiến thức tốt .",positive,ky_nang_giang_day
81,"vui tính , khả năng truyền đạt kiến thức tốt .",positive,hanh_vi
82,"nội dung học vừa phải , không quá nặng cũng như không quá nhẹ .",neutral,chuong_trinh_hoc
83,thầy rất tận tâm tới từng nhóm để chỉ và slide bài giảng của thầy rất chi tiết đọc một đến hai lần có thể hiểu được các bước thực hành .,positive,ky_nang_giang_day
83,thầy rất tận tâm tới từng nhóm để chỉ và slide bài giảng của thầy rất chi tiết đọc một đến hai lần có thể hiểu được các bước thực hành .,positive,hanh_vi
83,thầy rất tận tâm tới từng nhóm để chỉ và slide bài giảng của thầy rất chi tiết đọc một đến hai lần có thể hiểu được các bước thực hành .,positive,cung_cap_tai_lieu
84,"giảng viên không tổng kết , bổ sung lại kiến thức sau mỗi buổi tự thuyết trình của sinh viên , nhiều chỗ còn khó hiểu và kiến thức chưa sâu .",negative,ky_nang_giang_day
84,"giảng viên không tổng kết , bổ sung lại kiến thức sau mỗi buổi tự thuyết trình của sinh viên , nhiều chỗ còn khó hiểu và kiến thức chưa sâu .",negative,kien_thuc
85,cô giảng và dạy rất nhiệt tình .,positive,hanh_vi
86,"nội dung môn học quá nhiều so với thời lượng một học kỳ , môn trong toàn bộ chương trình đào tạo thì chỉ có duy nhất môn này liên quan đến tín hiệu số và là một phần khá quan trọng trong kỹ năng kiến thức cần có , nhưng thời lượng bố trí chỉ có một học kỳ và chỉ một môn , khiến nội dung phải nhồi nhét khá nhiều , kiến thức chỉ ở cơ bản và không thể chuyên sâu được .",negative,kien_thuc
86,"nội dung môn học quá nhiều so với thời lượng một học kỳ , môn trong toàn bộ chương trình đào tạo thì chỉ có duy nhất môn này liên quan đến tín hiệu số và là một phần khá quan trọng trong kỹ năng kiến thức cần có , nhưng thời lượng bố trí chỉ có một học kỳ và chỉ một môn , khiến nội dung phải nhồi nhét khá nhiều , kiến thức chỉ ở cơ bản và không thể chuyên sâu được .",negative,chuong_trinh_hoc
87,lấy điểm bằng cách gọi lên bảng làm bài .,neutral,cham_diem
88,số lượng sinh viên trong một lớp quá lớn .,negative,chuong_trinh_hoc
89,"thiếu tương tác với sinh viên , trong khi lớp chỉ 10 người nhưng thầy vẫn chưa nắm được tình hình học viên .",negative,hanh_vi
90,"đôi phần giảng viên nói nhanh , và sửa bài tập thì chữ ghi lại khá nhỏ ( ngồi xa bảng sẽ khó thấy ) .",negative,ky_nang_giang_day
91,"giảng viên tận tụy quan tâm học sinh và rất tâm lý , truyền đạt tốt , thực tiễn sinh động .",positive,ky_nang_giang_day
91,"giảng viên tận tụy quan tâm học sinh và rất tâm lý , truyền đạt tốt , thực tiễn sinh động .",positive,kinh_nghiem
91,"giảng viên tận tụy quan tâm học sinh và rất tâm lý , truyền đạt tốt , thực tiễn sinh động .",positive,hanh_vi
92,đề nghị thầy giảm béo .,neutral,de_xuat
93,vui nhộn trong giờ học .,positive,hanh_vi
94,khi gộp lại chương trình trở nên nhiều và rộng .,negative,chuong_trinh_hoc
95,"em tham gia đầy đủ buổi học của lớp này , em không có một chút hài lòng về môn học này .",negative,chuong_trinh_hoc
96,thầy rất nhiệt tình và tận tâm chỉ dạy .,positive,hanh_vi
97,giải đáp thắc mắc của sinh viên chưa tới nơi tới chốn .,negative,hanh_vi
98,chất lượng không tốt .,negative,noi_chung
99,phương pháp giảng của thầy giúp chúng em nắm được kiến thức nhanh hơn và sâu hơn !,positive,ky_nang_giang_day
100,"cách giảng giải chi tiết , ví dụ dễ hiểu .",positive,ky_nang_giang_day
101,thầy vui vẻ và dạy dễ hiểu .,positive,ky_nang_giang_day
101,thầy vui vẻ và dạy dễ hiểu .,positive,hanh_vi
102,em mong nhà trường có thể đổi phòng học cho lớp em ạ .,negative,thiet_bi_day_hoc
102,em mong nhà trường có thể đổi phòng học cho lớp em ạ .,neutral,de_xuat
103,"cô dạy hơi nhanh , cách nói của cô dễ gây áp lực .",negative,ky_nang_giang_day
104,"tận tâm , rất hữu ích .",positive,noi_chung
105,quá cứng nhắc trong cách cho điểm .,negative,cham_diem
106,giảng viên có kiến thức sâu rộng .,positive,kien_thuc
107,"giảng viên wzjwz78 rất nhiệt tình với sinh viên , nhưng cũng vì vậy mà dạy lan man , nhiều khi tạo cảm giác cho sinh viên là cô giảng không có sự chuẩn bị , nội dung không liền mạch , rất khó theo dõi .",negative,ky_nang_giang_day
107,"giảng viên wzjwz78 rất nhiệt tình với sinh viên , nhưng cũng vì vậy mà dạy lan man , nhiều khi tạo cảm giác cho sinh viên là cô giảng không có sự chuẩn bị , nội dung không liền mạch , rất khó theo dõi .",positive,hanh_vi
108,thầy luôn lên lớp đầy đủ và đúng giờ .,positive,hanh_vi
109,môn học không bổ trợ cho sinh viên khả năng làm việc sau này .,negative,kien_thuc
109,môn học không bổ trợ cho sinh viên khả năng làm việc sau này .,negative,chuong_trinh_hoc
110,cô luôn nhiệt tình giải thích một quan điểm rất cặn kẽ và dễ hiểu và ví dụ phù hợp với bài học !,positive,ky_nang_giang_day
111,"nhiều hoạt động nhóm sôi nổi , thoải mái và có hiệu quả .",positive,ky_nang_giang_day
112,thầy nên chia sẻ giáo trình với sinh viên .,negative,cung_cap_tai_lieu
112,thầy nên chia sẻ giáo trình với sinh viên .,neutral,de_xuat
113,phòng hội trường nóng nực .,negative,thiet_bi_day_hoc
114,"thầy nhiệt tình , cách giảng dạy gợi mở .",positive,ky_nang_giang_day
114,"thầy nhiệt tình , cách giảng dạy gợi mở .",positive,hanh_vi
115,"thầy nhiệt tình , tận tâm quá mức .",positive,hanh_vi
116,thầy nên có deadline cụ thể cho từng bài lab .,negative,bai_tap
116,thầy nên có deadline cụ thể cho từng bài lab .,neutral,de_xuat
117,tiếng anh nói còn phát âm sai .,negative,ky_nang_giang_day
118,giọng cô nghe dễ ngủ !,negative,ky_nang_giang_day
119,cần bỏ môn xác suất thống kê thay bằng học lập trình trực quan để sinh viên có thể dễ tiếp thu kiến thức .,negative,chuong_trinh_hoc
119,cần bỏ môn xác suất thống kê thay bằng học lập trình trực quan để sinh viên có thể dễ tiếp thu kiến thức .,neutral,de_xuat
120,cô nên cho nhiều bài tập để cho sinh viên làm hơn .,negative,bai_tap
120,cô nên cho nhiều bài tập để cho sinh viên làm hơn .,neutral,de_xuat
121,"không quan tâm , không hướng dẫn , hết !",negative,ky_nang_giang_day
121,"không quan tâm , không hướng dẫn , hết !",negative,hanh_vi
122,"thầy tận tâm , nhiệt tình , truyền đạt nhiều kinh nghiệm quý báu trong học tập và cuộc sống .",positive,kinh_nghiem
122,"thầy tận tâm , nhiệt tình , truyền đạt nhiều kinh nghiệm quý báu trong học tập và cuộc sống .",positive,hanh_vi
123,"thầy dạy chi tiết , dễ hiểu .",positive,ky_nang_giang_day
124,"thầy dạy nhiệt tình , vui tính , sôi nổi trên lớp .",positive,ky_nang_giang_day
124,"thầy dạy nhiệt tình , vui tính , sôi nổi trên lớp .",positive,hanh_vi
125,chấm điểm thi thực hành quá khắt khe .,negative,cham_diem
126,không hài lòng là ở việc người dạy lý thuyết với người thực hành khác nhau .,negative,ky_nang_giang_day
127,"sáng 7h15 - 7h20 các cô lao công mới quét lớp , sàn nhà , mà cứ quét là hắt thẳng kể cả mặt sinh viên đang đi ở hành lang các nhà như không có ai , rất khó chịu cho các bạn sinh viên , nói ra với các cô sợ các cô buồn rồi hôm sau hắt mạnh tay hơn .",negative,thiet_bi_day_hoc
128,"đi đúng giờ , giảng bài đầy đủ .",positive,ky_nang_giang_day
128,"đi đúng giờ , giảng bài đầy đủ .",positive,hanh_vi
129,"phương pháp học khiến sinh viên phải chủ động , em đã cải thiện rất nhiều khả năng nói của bản thân .",positive,ky_nang_giang_day
130,cần cho bài tập để học sinh vận dụng ở nhà ạ .,neutral,bai_tap
130,cần cho bài tập để học sinh vận dụng ở nhà ạ .,neutral,de_xuat
131,lớp khá nhiệt tình .,positive,hanh_vi
132,giảng viên bận rộn việc quản lý hơi nhiều nên giờ học không thật sự đầy đủ và ổn định .,negative,ky_nang_giang_day
133,nội dung thi khá nặng so với sinh viên không chuyên .,negative,chuong_trinh_hoc
134,điểm danh không chính xác .,negative,cham_diem
135,"dạy nhanh , không thể theo kịp .",negative,ky_nang_giang_day
136,"thầy trung thực thẳng thắng , ngay thẳng .",positive,hanh_vi
137,"giảng viên thực hành và lý thuyết đỗ lỗi cho nhau về chậm trễ bàn giao tài liệu , công cụ thực hành .",negative,cung_cap_tai_lieu
138,"cô dạy tận tình , vui vẻ và nhiệt tình .",positive,hanh_vi
139,giờ học thiếu sinh động .,negative,ky_nang_giang_day
140,"thực hành mạng cần cung cấp tài liệu thực hành trước , những câu hỏi trong thực hành cần cho sinh viên biết để tìm hiểu nghiên cứu trước chứ đến khi thực hành mới cho biết để nghiên cứu thật sự không hiểu quả .",negative,bai_tap
140,"thực hành mạng cần cung cấp tài liệu thực hành trước , những câu hỏi trong thực hành cần cho sinh viên biết để tìm hiểu nghiên cứu trước chứ đến khi thực hành mới cho biết để nghiên cứu thật sự không hiểu quả .",negative,cung_cap_tai_lieu
140,"thực hành mạng cần cung cấp tài liệu thực hành trước , những câu hỏi trong thực hành cần cho sinh viên biết để tìm hiểu nghiên cứu trước chứ đến khi thực hành mới cho biết để nghiên cứu thật sự không hiểu quả .",neutral,de_xuat
141,thầy rất nhiệt tình và tận tình chỉ dạy .,positive,hanh_vi
142,lòng nhiệt huyết .,positive,hanh_vi
143,"có thêm giảng viên hổ trợ , giúp học dễ dàng và dễ hiểu .",positive,ky_nang_giang_day
144,"giảng dạy nhiệt tình , ví dụ dễ hiểu , phương pháp dạy tốt .",positive,ky_nang_giang_day
144,"giảng dạy nhiệt tình , ví dụ dễ hiểu , phương pháp dạy tốt .",positive,hanh_vi
145,đôi khi để giờ trống nhiều .,negative,noi_chung
146,em đề nghị đổi phòng học .,neutral,de_xuat
147,cô dạy rất dễ hiểu dễ làm .,positive,ky_nang_giang_day
148,sinh viên chưa thể hình dung và tiếp thu hết được tất cả nội dung .,negative,ky_nang_giang_day
149,"có lẽ là "" top giảng viên dạy dễ hiểu nhất đó giờ "" mà em từng học .",positive,ky_nang_giang_day
150,"mong nhà trường luôn cập nhật giáo trình giảng dạy phù hợp , nên phân bổ thời gian nhiều hơn cho hoạt động giao tiếp trên lớp .",negative,ky_nang_giang_day
150,"mong nhà trường luôn cập nhật giáo trình giảng dạy phù hợp , nên phân bổ thời gian nhiều hơn cho hoạt động giao tiếp trên lớp .",negative,chuong_trinh_hoc
150,"mong nhà trường luôn cập nhật giáo trình giảng dạy phù hợp , nên phân bổ thời gian nhiều hơn cho hoạt động giao tiếp trên lớp .",neutral,de_xuat
151,"nhiệt tình , kiến thức rất chuẩn , vui vẻ , dễ gần .",positive,hanh_vi
151,"nhiệt tình , kiến thức rất chuẩn , vui vẻ , dễ gần .",positive,kien_thuc
152,"thầy dạy dễ hiểu , vui tính .",positive,ky_nang_giang_day
152,"thầy dạy dễ hiểu , vui tính .",positive,hanh_vi
153,cô dạy chưa hay lắm !,negative,ky_nang_giang_day
154,cảm ơn thầy rất nhiều !,positive,hanh_vi
155,"giảng viên thực hành và giảng viên lý thuyết không liên hệ với nhau dẫn đến không thống nhất nội dung bài học , mỗi người dạy một phần khác nhau .",negative,ky_nang_giang_day
156,"thầy dạy vui , thực tế .",positive,ky_nang_giang_day
156,"thầy dạy vui , thực tế .",positive,kinh_nghiem
157,đi trễ giờ và lố thời gian và không theo khung giờ trong thời khóa biểu .,negative,hanh_vi
158,"khá gần gũi với sinh viên , vui tính , nhiệt tình .",positive,hanh_vi
159,thầy dạy dễ tiếp thu kiến thức .,positive,ky_nang_giang_day
160,giảng viên hướng dẫn anh fraction chị phương pháp học tập chủ động và tạo động cơ học tập suốt đời .,positive,ky_nang_giang_day
160,giảng viên hướng dẫn anh fraction chị phương pháp học tập chủ động và tạo động cơ học tập suốt đời .,positive,hanh_vi
161,"đồng ý là sinh viên thì tự học là chính , giảng viên là người hướng dẫn , nhưng mà tại lớp này giảng viên chẳng hướng dẫn được gì , cứ thao thao bất tuyệt đọc slide trên lớp xong về việc này tự sinh viên chúng em cũng làm được , giảng dạy kho hiểu , khô khan , demo không rõ ràng .",negative,ky_nang_giang_day
162,tác phong chuyên nghiệp .,positive,hanh_vi
163,cách dạy của thầy .,neutral,ky_nang_giang_day
164,giảng hay đi đúng trọng tâm .,positive,ky_nang_giang_day
165,"thầy wzjwz61 thường xuyên đi trễ cho tan học sớm , sử dụng giờ lên lớp không hiệu quả .",negative,ky_nang_giang_day
165,"thầy wzjwz61 thường xuyên đi trễ cho tan học sớm , sử dụng giờ lên lớp không hiệu quả .",negative,hanh_vi
166,"nhiệt tình , vui vẻ , chia sẻ kinh nghiệm học .",positive,kinh_nghiem
166,"nhiệt tình , vui vẻ , chia sẻ kinh nghiệm học .",positive,hanh_vi
167,"giảng hay , bài tập đa dạng .",positive,ky_nang_giang_day
167,"giảng hay , bài tập đa dạng .",positive,bai_tap
168,"nhiệt tình trong giảng dạy , vui vẻ , hòa đồng với sinh viên .",positive,hanh_vi
169,nên bỏ thực hành hình thức 2 đối với môn này .,negative,de_xuat
170,"mỗi buổi thực hành sinh viên chỉ có nhiệm vụ download bài tập từ courses và tự làm , giảng viên không giảng nội dung thực hành cho sinh viên hiểu , chỉ khi sinh viên hỏi thì mới trả lời , mỗi buổi học thực hành , giảng viên cần phải giới thiệu sơ về bài học , mục tiêu và kết quả sinh viên sẽ học được gì .",negative,ky_nang_giang_day
170,"mỗi buổi thực hành sinh viên chỉ có nhiệm vụ download bài tập từ courses và tự làm , giảng viên không giảng nội dung thực hành cho sinh viên hiểu , chỉ khi sinh viên hỏi thì mới trả lời , mỗi buổi học thực hành , giảng viên cần phải giới thiệu sơ về bài học , mục tiêu và kết quả sinh viên sẽ học được gì .",negative,de_xuat
171,giáo viên chọn đồ án môn học bám sát với nội dung môn học .,positive,bai_tap
172,giảng viên demo ví dụ rõ ràng .,positive,ky_nang_giang_day
173,thầy luôn hướng dẫn sinh viên làm bài tập bằng nhiều phương pháp khác nhau kể cả cách ngắn .,positive,ky_nang_giang_day
173,thầy luôn hướng dẫn sinh viên làm bài tập bằng nhiều phương pháp khác nhau kể cả cách ngắn .,positive,bai_tap
174,tuy nhiên môn học khá khó nên lớp hiểu không hết kiến thức trong bài học được .,negative,chuong_trinh_hoc
175,cô rất hòa đông giảng dạy rất dễ hiểu .,positive,ky_nang_giang_day
175,cô rất hòa đông giảng dạy rất dễ hiểu .,positive,hanh_vi
176,"thầy cần quan tâm tới lớp hơn , hơn nữa nhiều lúc thầy cũng đi trễ , trong khi các bạn đi trễ quá 15 phút thì thầy khóa cửa và không cho vào nữa , trong khi môn học này sinh viên chỉ lên hỏi cách làm bài tập thầy giao chứ thầy không có hướng dẫn làm .",negative,ky_nang_giang_day
176,"thầy cần quan tâm tới lớp hơn , hơn nữa nhiều lúc thầy cũng đi trễ , trong khi các bạn đi trễ quá 15 phút thì thầy khóa cửa và không cho vào nữa , trong khi môn học này sinh viên chỉ lên hỏi cách làm bài tập thầy giao chứ thầy không có hướng dẫn làm .",negative,hanh_vi
176,"thầy cần quan tâm tới lớp hơn , hơn nữa nhiều lúc thầy cũng đi trễ , trong khi các bạn đi trễ quá 15 phút thì thầy khóa cửa và không cho vào nữa , trong khi môn học này sinh viên chỉ lên hỏi cách làm bài tập thầy giao chứ thầy không có hướng dẫn làm .",neutral,de_xuat
177,chưa có sức thu hút .,negative,ky_nang_giang_day
178,cả lớp đều nói là giảng viên chưa hướng dẫn mà giảng viên nói là hướng dẫn rồi .,negative,ky_nang_giang_day
179,giảng viên tới lớp hơi trễ .,negative,hanh_vi
180,cần được rút kinh nghiệm .,neutral,kinh_nghiem
180,cần được rút kinh nghiệm .,neutral,de_xuat
181,em học it002dotf23 thực hành 2 chứ không phải thực hành 1 .,negative,bai_tap
182,thầy dạy ok .,positive,ky_nang_giang_day
183,nên đầu tư nhiều đầu sách tiếng anh cho thư viện trường .,neutral,cung_cap_tai_lieu
183,nên đầu tư nhiều đầu sách tiếng anh cho thư viện trường .,positive,de_xuat
184,cuối cùng sinh viên đóng tiền các tín chỉ học thực hành theo hình thức 2 nhưng thực tế chẳng được học một phút nào .,negative,kinh_nghiem
184,cuối cùng sinh viên đóng tiền các tín chỉ học thực hành theo hình thức 2 nhưng thực tế chẳng được học một phút nào .,negative,chuong_trinh_hoc
185,"thầy giảng dễ hiểu , vui tính .",positive,ky_nang_giang_day
185,"thầy giảng dễ hiểu , vui tính .",positive,hanh_vi
186,các phòng máy cần được trang bị các phần mềm hỗ trợ cho môn học phù hợp .,negative,thiet_bi_day_hoc
186,các phòng máy cần được trang bị các phần mềm hỗ trợ cho môn học phù hợp .,neutral,de_xuat
187,phòng học thiếu quạt máy chiếu mờ em xin cám ơn .,negative,thiet_bi_day_hoc
188,thây dạy rất nhiệt tình và dễ hiểu .,positive,ky_nang_giang_day
188,thây dạy rất nhiệt tình và dễ hiểu .,positive,hanh_vi
189,"chứ chép bài tập rất mất thời gian , đã thế mỗi lần chép là mấy chụp bài !",negative,bai_tap
190,dạy khó colonsmile .,negative,ky_nang_giang_day
191,"thầy dạy tốt , vấn đáp được nhiều thắc mắc của sinh viên .",positive,ky_nang_giang_day
191,"thầy dạy tốt , vấn đáp được nhiều thắc mắc của sinh viên .",positive,hanh_vi
192,"giảng viên rất nhiệt tình , sôi nổi , có tâm với sinh viên .",positive,hanh_vi
193,không có bài tập làm thêm .,negative,bai_tap
194,"thầy dạy cực tốt , phương pháp hay , có cách giảng bài rất dễ tiếp thu , học thầy wzjwz176 đã hai lần và lần nào cũng thấy hài lòng .",positive,ky_nang_giang_day
195,"cần có tài liệu để đọc thêm , tự học .",negative,cung_cap_tai_lieu
195,"cần có tài liệu để đọc thêm , tự học .",positive,de_xuat
196,"giảng viên nghiêm khắc , bài giảng chuyên sâu giúp sinh viên hiểu rõ vấn đề .",positive,ky_nang_giang_day
196,"giảng viên nghiêm khắc , bài giảng chuyên sâu giúp sinh viên hiểu rõ vấn đề .",negative,hanh_vi
196,"giảng viên nghiêm khắc , bài giảng chuyên sâu giúp sinh viên hiểu rõ vấn đề .",positive,kien_thuc
197,gửi đến sinh viên nhiều ý tưởng tuyệt vời trong khởi nghiệp .,positive,kien_thuc
198,dẫn chứng thực tế .,positive,kinh_nghiem
199,em mong sau mỗi nhóm thuyết trình thầy sẽ khái quát lại nội dung và bổ sung một vài điểm cần chú ý để lớp nắm được .,negative,ky_nang_giang_day
199,em mong sau mỗi nhóm thuyết trình thầy sẽ khái quát lại nội dung và bổ sung một vài điểm cần chú ý để lớp nắm được .,positive,de_xuat
200,thầy bận nhiều việc nên hay cho nghỉ .,negative,hanh_vi
201,môn này là bị trùng hoặc thừa vì mấy môn trước như lập trình mạng với đồ án vô số sinh viên đã tự học cái này rồi .,negative,chuong_trinh_hoc
202,trong giờ học thầy cứ đi lên đi xuống và nói thao thao bất tuyệt .,negative,hanh_vi
203,"giảng viên cần cung cấp tài liệu , slide bài giảng .",positive,de_xuat
204,"thầy dạy hay , tận tâm .",positive,ky_nang_giang_day
204,"thầy dạy hay , tận tâm .",positive,hanh_vi
205,tài liệu giấy đầy đủ nhưng thứ tự bài chưa được cập nhật theo chương trình giảng .,negative,cung_cap_tai_lieu
205,tài liệu giấy đầy đủ nhưng thứ tự bài chưa được cập nhật theo chương trình giảng .,negative,chuong_trinh_hoc
206,nên cho mỗi thành viên trong nhóm làm báo cáo riêng để không ai thiệt thòi và ỷ lại .,neutral,bai_tap
206,nên cho mỗi thành viên trong nhóm làm báo cáo riêng để không ai thiệt thòi và ỷ lại .,neutral,de_xuat
207,không biết có phải do em hỏi nhảm hay không nhưng mà sau này thầy nên nói rõ thầy sẽ trả lời những vấn đề nào trên mail .,negative,hanh_vi
207,không biết có phải do em hỏi nhảm hay không nhưng mà sau này thầy nên nói rõ thầy sẽ trả lời những vấn đề nào trên mail .,neutral,de_xuat
208,"giảng viên nên thông báo rõ ràng , chính xác thông tin về báo cáo môn học thông qua nhiều kênh .",negative,hanh_vi
208,"giảng viên nên thông báo rõ ràng , chính xác thông tin về báo cáo môn học thông qua nhiều kênh .",positive,de_xuat
209,cô dạy hay .,positive,ky_nang_giang_day
210,cần thực hành và làm bài tập nhiều hơn nữa .,negative,bai_tap
210,cần thực hành và làm bài tập nhiều hơn nữa .,neutral,de_xuat
211,mong nhà trường nâng cấp các phòng thực hành và các thiết bị trong phòng học .,negative,thiet_bi_day_hoc
211,mong nhà trường nâng cấp các phòng thực hành và các thiết bị trong phòng học .,neutral,de_xuat
212,"thầy luôn đảm bảo giờ lên lớp , đưa thông tin , tài liệu đến sinh viên nhanh nhất , trả lời tất cả thắc mắc của sinh viên .",positive,hanh_vi
212,"thầy luôn đảm bảo giờ lên lớp , đưa thông tin , tài liệu đến sinh viên nhanh nhất , trả lời tất cả thắc mắc của sinh viên .",positive,cung_cap_tai_lieu
213,thầy viết ít comment quá colonsmallsmile .,negative,hanh_vi
214,rất thực tiễn .,positive,kinh_nghiem
215,thầy cho điểm hơi căng .,negative,cham_diem
216,"nhiệt tình , tâm lý .",positive,hanh_vi
217,"thầy dạy chi tiết , kỹ càng .",positive,ky_nang_giang_day
218,nhưng với em kỳ này thầy đã dạy môn này thất bại rồi !,negative,ky_nang_giang_day
219,"giảng viên lớn tiếng với sinh viên , gây áp lực cho sinh viên .",negative,hanh_vi
220,thầy cho thuyết trình quá nhiều .,negative,ky_nang_giang_day
221,giảng viên giảng bài tiếp thu tốt .,positive,ky_nang_giang_day
222,"so vời những môn học khác , môn học của thầy chiếm hơn 50% thời gian làm bài tập trong một tuần của bọn em , làm cho tụi em cảm thấy không hoàn toàn thực tế em nghĩ nếu để thời gian làm bài tập đó để củng cố đồ án thì tốt hơn rất nhiều .",negative,bai_tap
222,"so vời những môn học khác , môn học của thầy chiếm hơn 50% thời gian làm bài tập trong một tuần của bọn em , làm cho tụi em cảm thấy không hoàn toàn thực tế em nghĩ nếu để thời gian làm bài tập đó để củng cố đồ án thì tốt hơn rất nhiều .",neutral,de_xuat
223,"thầy dạy vui , dễ hiểu , bài tập sát với nội dung giảng dạy .",positive,ky_nang_giang_day
223,"thầy dạy vui , dễ hiểu , bài tập sát với nội dung giảng dạy .",positive,bai_tap
224,và sinh viên lên trường cũng chỉ tự làm như vậy thì ở nhà làm còn sướng hơn !,negative,noi_chung
225,cần có thêm tài liệu cụ thể và cập nhật mới .,negative,cung_cap_tai_lieu
225,cần có thêm tài liệu cụ thể và cập nhật mới .,neutral,de_xuat
226,giảng viên dạy nhiệt huyết .,positive,hanh_vi
227,cần có đề cương rõ ràng cho sinh viên nắm bắt .,negative,chuong_trinh_hoc
227,cần có đề cương rõ ràng cho sinh viên nắm bắt .,positive,de_xuat
228,cô thân thiện và rất nhiệt tình .,positive,hanh_vi
229,theo em thầy chính là mẫu mực của một nhà giáo thực thụ .,positive,hanh_vi
230,"giảng viên dạy hay , cung cấp đầy đủ kiến thức .",positive,ky_nang_giang_day
230,"giảng viên dạy hay , cung cấp đầy đủ kiến thức .",positive,kien_thuc
231,cách giảng dạy còn hơi nhanh và lý thuyết mới nhiều nên đôi lúc gây buồn ngủ .,negative,ky_nang_giang_day
232,"thầy giảng hay , khả năng truyền đạt gây hứng thú .",positive,ky_nang_giang_day
233,thiết bị còn thiếu .,negative,thiet_bi_day_hoc
234,"thầy rất niềm nở , vui vẻ , tận tâm và nhiệt tình .",positive,hanh_vi
235,"cô dạy rất hay và nhiệt tình , rất dễ hiểu .",positive,ky_nang_giang_day
235,"cô dạy rất hay và nhiệt tình , rất dễ hiểu .",positive,hanh_vi
236,các buổi thuyết trình .,neutral,noi_chung
237,thầy dạy rất kỹ .,positive,ky_nang_giang_day
238,đôi lúc tính tình thầy hơi khó nhai colonbigsmile .,negative,hanh_vi
239,1 tín chỉ thực hành 2 tín chỉ học phí .,neutral,noi_chung
240,để ra hơi khó .,negative,noi_chung
241,thầy dạy hay dễ hiểu truyền đạt cho sinh viên những kiến thức tiết học không nhàm chán .,positive,ky_nang_giang_day
241,thầy dạy hay dễ hiểu truyền đạt cho sinh viên những kiến thức tiết học không nhàm chán .,positive,kien_thuc
242,"giảng nhanh , dễ hiểu .",positive,ky_nang_giang_day
243,"slide môn học hoặc các tài liệu cần rõ ràng hơn nữa , nhiều phần rất khó hiểu nhưng lại rất ít kiến thức về nó , làm sinh viên không thể hiểu được bản chất của bài đó .",negative,ky_nang_giang_day
243,"slide môn học hoặc các tài liệu cần rõ ràng hơn nữa , nhiều phần rất khó hiểu nhưng lại rất ít kiến thức về nó , làm sinh viên không thể hiểu được bản chất của bài đó .",negative,cung_cap_tai_lieu
243,"slide môn học hoặc các tài liệu cần rõ ràng hơn nữa , nhiều phần rất khó hiểu nhưng lại rất ít kiến thức về nó , làm sinh viên không thể hiểu được bản chất của bài đó .",neutral,de_xuat
244,giảng viên cần doubledot cho bài tập thêm về ngữ pháp .,negative,bai_tap
244,giảng viên cần doubledot cho bài tập thêm về ngữ pháp .,negative,de_xuat
245,giảng viên giảng bài cho ví dụ liên hệ với thực tiễn hay và nhiệt tình .,positive,ky_nang_giang_day
245,giảng viên giảng bài cho ví dụ liên hệ với thực tiễn hay và nhiệt tình .,positive,kinh_nghiem
245,giảng viên giảng bài cho ví dụ liên hệ với thực tiễn hay và nhiệt tình .,positive,hanh_vi
246,"cần nâng cấp hệ thống giảng dạy , học tập .",negative,thiet_bi_day_hoc
246,"cần nâng cấp hệ thống giảng dạy , học tập .",neutral,de_xuat
247,đôi khi bài giảng giảng viên thực hiện hơi chán không được cuốn hút .,negative,ky_nang_giang_day
248,rất hài lòng giảng viên .,positive,ky_nang_giang_day
248,rất hài lòng giảng viên .,positive,hanh_vi
249,"chương trình học không mang lại hiệu quả , chỉ mang tính chất đối phó , sinh viên không học hỏi và có thêm kinh nghiệm nhiều khi đi học thực hành .",negative,kinh_nghiem
249,"chương trình học không mang lại hiệu quả , chỉ mang tính chất đối phó , sinh viên không học hỏi và có thêm kinh nghiệm nhiều khi đi học thực hành .",negative,chuong_trinh_hoc
250,cô dạy hay dế hiểu .,positive,ky_nang_giang_day
251,cần chia nhóm học tập .,neutral,de_xuat
252,và quá nhiều dạng bài tập nên làm chúng em hơi khó hiểu .,negative,bai_tap
253,thầy giao dịch sách hơi nhiều .,negative,cung_cap_tai_lieu
254,"môn học rất hay , thiết thực .",positive,chuong_trinh_hoc
255,thầy giảng bài hay .,positive,ky_nang_giang_day
256,thầy chủ động sửa bài tập trên lớp để sinh viên nắm kiến thức rõ hơn .,positive,bai_tap
256,thầy chủ động sửa bài tập trên lớp để sinh viên nắm kiến thức rõ hơn .,positive,kien_thuc
257,"giảng viên hoà đồng , vui tính giúp giờ học đỡ buồn ngủ và lôi kéo sinh viên thích thú nghe giảng .",positive,ky_nang_giang_day
257,"giảng viên hoà đồng , vui tính giúp giờ học đỡ buồn ngủ và lôi kéo sinh viên thích thú nghe giảng .",positive,hanh_vi
258,dạy song song hai lớp cùng lúc và không dạy nhiệt tình cho sinh viên trường đại học công nghệ thông tin .,negative,ky_nang_giang_day
258,dạy song song hai lớp cùng lúc và không dạy nhiệt tình cho sinh viên trường đại học công nghệ thông tin .,negative,hanh_vi
259,"thầy giảng dạy rất tệ , lên lớp chỉ ngồi chém gió là chính tuy nhiên luôn cho về muộn , hôm về sớm là 12h ( quy định là 11h30 nghỉ ) , hôm về muộn thì 12h , có một hôm 1h mới được về , đó là chưa kể chiều còn có học , không có thời gian để ăn cơm sửa soạn .",negative,ky_nang_giang_day
259,"thầy giảng dạy rất tệ , lên lớp chỉ ngồi chém gió là chính tuy nhiên luôn cho về muộn , hôm về sớm là 12h ( quy định là 11h30 nghỉ ) , hôm về muộn thì 12h , có một hôm 1h mới được về , đó là chưa kể chiều còn có học , không có thời gian để ăn cơm sửa soạn .",negative,hanh_vi
260,cách giảng viên truyền đạt và rất tận tâm với sinh viên .,positive,ky_nang_giang_day
260,cách giảng viên truyền đạt và rất tận tâm với sinh viên .,positive,hanh_vi
261,phong cách thầy rất giống wzjwz225 .,neutral,ky_nang_giang_day
262,"cô rất tận tâm , nhiệt tình , kỹ càng .",positive,hanh_vi
263,"giảng viên cho quá nhiều bài tập , nhưng ít hướng dẫn và giải bài tập .",negative,ky_nang_giang_day
263,"giảng viên cho quá nhiều bài tập , nhưng ít hướng dẫn và giải bài tập .",negative,bai_tap
264,theo em cần phải có phòng thí nghiệm môn này thì mới thật sự hiệu quả .,negative,thiet_bi_day_hoc
264,theo em cần phải có phòng thí nghiệm môn này thì mới thật sự hiệu quả .,neutral,de_xuat
265,"đầu năm đến giờ gặp thầy được một lần thôi , thầy tổ chức gặp được một lần .",negative,hanh_vi
266,"việc truyền đạt kiến thức còn lan man , dài dòng , gây khó hiểu sinh viên .",negative,ky_nang_giang_day
267,nhiệt tâm .,positive,hanh_vi
268,nên có nhiều dụng cụ cho sinh viên thực hành hơn với sĩ số lớp đông .,negative,thiet_bi_day_hoc
268,nên có nhiều dụng cụ cho sinh viên thực hành hơn với sĩ số lớp đông .,neutral,de_xuat
269,học sinh thiếu đi sự năng nổ .,negative,hanh_vi
270,"thầy dạy nhiệt tình , giới thiệu thêm cho sinh viên nhiều công cụ và công nghệ mới , hỗ trợ sinh viên rất tốt trong đồ án .",positive,hanh_vi
270,"thầy dạy nhiệt tình , giới thiệu thêm cho sinh viên nhiều công cụ và công nghệ mới , hỗ trợ sinh viên rất tốt trong đồ án .",positive,cung_cap_tai_lieu
270,"thầy dạy nhiệt tình , giới thiệu thêm cho sinh viên nhiều công cụ và công nghệ mới , hỗ trợ sinh viên rất tốt trong đồ án .",positive,kien_thuc
271,thầy wzjwz249 dạy hay và rất dễ hiểu .,positive,ky_nang_giang_day
272,thầy đến lớp và không nói gì .,negative,hanh_vi
273,giảng viên truyền đạt kiến thức dễ hiểu .,positive,ky_nang_giang_day
274,cần wifi mạnh thêm cho dãy nhà cũ .,negative,thiet_bi_day_hoc
274,cần wifi mạnh thêm cho dãy nhà cũ .,neutral,de_xuat
275,"có nhiều hoạt động mà sinh viên có cơ hội đạt được điểm cộng trên lớp , thầy thân thiện với sinh viên .",positive,hanh_vi
275,"có nhiều hoạt động mà sinh viên có cơ hội đạt được điểm cộng trên lớp , thầy thân thiện với sinh viên .",positive,bai_tap
276,nói chung em không hài lòng với năng lực giảng dạy của thầy wzjwz164 .,negative,ky_nang_giang_day
277,"giảng viên nhiệt tình , hướng dẫn phương pháp giải quyết vấn đề .",positive,ky_nang_giang_day
277,"giảng viên nhiệt tình , hướng dẫn phương pháp giải quyết vấn đề .",positive,hanh_vi
278,còn hơi thiếu sinh động .,negative,ky_nang_giang_day
279,kiến thức truyền đạt tốt .,positive,kien_thuc
280,"đúng giờ , nhiều tài liệu tham khảo .",positive,hanh_vi
280,"đúng giờ , nhiều tài liệu tham khảo .",positive,cung_cap_tai_lieu
281,"giảng viên bám sát hơn nội dung môn học , tránh đi lan man .",negative,ky_nang_giang_day
281,"giảng viên bám sát hơn nội dung môn học , tránh đi lan man .",neutral,de_xuat
282,code demo hơi khó hiểu .,negative,ky_nang_giang_day
283,nên giải thích một số vấn đề khó chi tiết hơn .,negative,ky_nang_giang_day
283,nên giải thích một số vấn đề khó chi tiết hơn .,neutral,de_xuat
284,"giảng dạy hiệu quả , đi dạy đúng giờ .",positive,ky_nang_giang_day
284,"giảng dạy hiệu quả , đi dạy đúng giờ .",positive,hanh_vi
285,chưa truyền đạt cho rõ .,negative,ky_nang_giang_day
286,"giảng viên lên lớp đúng giờ , các buổi bù đều hợp lý , giảng bài nghiêm túc , có kiểm tra quá trình , bài tập về nhà .",positive,ky_nang_giang_day
286,"giảng viên lên lớp đúng giờ , các buổi bù đều hợp lý , giảng bài nghiêm túc , có kiểm tra quá trình , bài tập về nhà .",positive,hanh_vi
286,"giảng viên lên lớp đúng giờ , các buổi bù đều hợp lý , giảng bài nghiêm túc , có kiểm tra quá trình , bài tập về nhà .",neutral,bai_tap
286,"giảng viên lên lớp đúng giờ , các buổi bù đều hợp lý , giảng bài nghiêm túc , có kiểm tra quá trình , bài tập về nhà .",neutral,cham_diem
287,nói bình bình thì không thể nhớ được .,negative,ky_nang_giang_day
288,"tài liệu nên được biên soạn tốt hơn vì những slide của thầy có nhiều câu giống như dùng google dịch rồi copy qua vậy , trong slide cũng có nhiều chỗ sai sót , khi dạy thì thầy mới phát hiện sai .",negative,cung_cap_tai_lieu
288,"tài liệu nên được biên soạn tốt hơn vì những slide của thầy có nhiều câu giống như dùng google dịch rồi copy qua vậy , trong slide cũng có nhiều chỗ sai sót , khi dạy thì thầy mới phát hiện sai .",negative,de_xuat
289,"thầy dạy được , vui vẻ .",positive,ky_nang_giang_day
289,"thầy dạy được , vui vẻ .",positive,hanh_vi
290,tôi nghĩ thầy là một người tốt và thân thiện .,positive,hanh_vi
291,"ân cần , quan tâm , nhiệt tình , hết lòng trong giảng dạy .",positive,hanh_vi
292,"máy tính của phòng thực hành không đáp ứng được nhu cầu môn học , giảng viên yêu cầu tự làm trên laptop và mang lên phòng thực hành chấm điểm , vậy phòng thực hành là phòng chấm điểm ?",negative,thiet_bi_day_hoc
293,giảng bài chuyên sâu .,positive,kien_thuc
294,cần nêu rõ mối liên hệ giữa môn này với chuyên ngành đang theo học .,neutral,chuong_trinh_hoc
294,cần nêu rõ mối liên hệ giữa môn này với chuyên ngành đang theo học .,neutral,de_xuat
295,"giảng viên truyền đạt tốt , chỉ bảo tận tình .",positive,ky_nang_giang_day
295,"giảng viên truyền đạt tốt , chỉ bảo tận tình .",positive,hanh_vi
296,"thầy vui tính , dễ hiểu .",positive,ky_nang_giang_day
296,"thầy vui tính , dễ hiểu .",positive,hanh_vi
297,slide bài giảng nên sử dụng hoàn toàn bằng tiếng anh thay vì sử dụng nửa việt nửa anh như hiện nay để tránh gây khó hiểu cho sinh viên .,negative,cung_cap_tai_lieu
297,slide bài giảng nên sử dụng hoàn toàn bằng tiếng anh thay vì sử dụng nửa việt nửa anh như hiện nay để tránh gây khó hiểu cho sinh viên .,neutral,de_xuat
298,"đề cương khó hiểu , không có tài liệu tham khảo kể cả tài liệu nước ngoài .",negative,cung_cap_tai_lieu
298,"đề cương khó hiểu , không có tài liệu tham khảo kể cả tài liệu nước ngoài .",negative,chuong_trinh_hoc
299,em không học được bất kỳ kiến thức gì ở môn này .,negative,kien_thuc
300,các hoạt động thi đua các nhóm trên lớp với nhau .,neutral,noi_chung
301,không quan tâm tới sinh viên khi làm thực hành .,negative,hanh_vi
302,nhận lương thì phải làm tốt bổn phận của một người thầy chứ ạ .,negative,hanh_vi
303,cô không tạo được không khí chủ động trong lớp .,negative,hanh_vi
304,"thầy wzjwz105 giảng dạy rất tốt , truyền đạt hay , luôn đưa ra những vấn đề hay .",positive,ky_nang_giang_day
305,cơ mà sao phân biệt thầy với thầy wzjwz294 vậy thầy ?,neutral,noi_chung
306,"giảng viên nhiệt tình trong quá trình giảng dạy và trả lời câu hỏi cho sinh viên , giảng viên khá vui tính .",positive,hanh_vi
307,"nội dung thực hành còn khá nhẹ , tôi muốn nó nhiều và khó hơn để được nghiên cứu nhiều khía cạnh hơn của môn học .",negative,kinh_nghiem
307,"nội dung thực hành còn khá nhẹ , tôi muốn nó nhiều và khó hơn để được nghiên cứu nhiều khía cạnh hơn của môn học .",negative,bai_tap
307,"nội dung thực hành còn khá nhẹ , tôi muốn nó nhiều và khó hơn để được nghiên cứu nhiều khía cạnh hơn của môn học .",neutral,de_xuat
308,phân bố lại chương trình vì bài khá dài .,negative,chuong_trinh_hoc
308,phân bố lại chương trình vì bài khá dài .,negative,de_xuat
309,không có y kiến .,neutral,noi_chung
310,thực sự môn này chiếm 85% thời gian học mà trong khi đó bài báo cáo chỉ chiếm 15% trong tổng số điểm .,negative,cham_diem
310,thực sự môn này chiếm 85% thời gian học mà trong khi đó bài báo cáo chỉ chiếm 15% trong tổng số điểm .,negative,chuong_trinh_hoc
311,phòng học nóng .,negative,thiet_bi_day_hoc
312,"cô rất nhiệt tình giải đáp thắc mắc , cô dành thời gian giải đáp thắc mắc của sinh viên .",positive,hanh_vi
313,học nhóm .,neutral,noi_chung
314,cần có các ví dụ minh họa thực tế bên ngoài nhiều hơn .,negative,kinh_nghiem
314,cần có các ví dụ minh họa thực tế bên ngoài nhiều hơn .,positive,de_xuat
315,phong cách dạy hiệu quả .,positive,ky_nang_giang_day
316,"giảng viên nên nghiêm túc hơn , cứ đùa đùa sao ấy .",negative,hanh_vi
316,"giảng viên nên nghiêm túc hơn , cứ đùa đùa sao ấy .",neutral,de_xuat
317,cho bài tập hay và nhiều .,positive,bai_tap
318,nên có nhiều bài tập hơn !,negative,bai_tap
318,nên có nhiều bài tập hơn !,positive,de_xuat
319,phương pháp dạy giúp thoải mái ( kể chuyện ) .,positive,ky_nang_giang_day
320,phòng học nóng quá nên lắp thêm quạt .,negative,thiet_bi_day_hoc
320,phòng học nóng quá nên lắp thêm quạt .,neutral,de_xuat
321,"thứ nhất thầy không đảm bảo được giờ lên lớp , rất khó khăn để báo cáo đồ án và hỏi ý kiến thầy .",negative,hanh_vi
322,chương trình dạy hơi nhiều .,negative,chuong_trinh_hoc
323,đề nghị đề thi cần phân ra mức độ dễ khó dễ rõ ràng hơn .,negative,bai_tap
323,đề nghị đề thi cần phân ra mức độ dễ khó dễ rõ ràng hơn .,neutral,de_xuat
324,cần có nhiều trò chơi vận động hấp dẫn .,neutral,chuong_trinh_hoc
324,cần có nhiều trò chơi vận động hấp dẫn .,neutral,de_xuat
325,môn này nên kết hợp lồng ghép với môn thực hành điện điện tử môn này đã học trong học kỳ 5 .,neutral,chuong_trinh_hoc
325,môn này nên kết hợp lồng ghép với môn thực hành điện điện tử môn này đã học trong học kỳ 5 .,neutral,de_xuat
326,"thầy rất tận tâm trong giảng dạy , sử dụng các thiết bị phục vụ bài giảng rất hiệu quả , định hướng các công việc cụ thể cho sinh viên trong tương lai , tạo tâm lý tự tin , thoải mái , truyền cảm hứng cho sinh viên .",positive,ky_nang_giang_day
326,"thầy rất tận tâm trong giảng dạy , sử dụng các thiết bị phục vụ bài giảng rất hiệu quả , định hướng các công việc cụ thể cho sinh viên trong tương lai , tạo tâm lý tự tin , thoải mái , truyền cảm hứng cho sinh viên .",positive,hanh_vi
326,"thầy rất tận tâm trong giảng dạy , sử dụng các thiết bị phục vụ bài giảng rất hiệu quả , định hướng các công việc cụ thể cho sinh viên trong tương lai , tạo tâm lý tự tin , thoải mái , truyền cảm hứng cho sinh viên .",positive,thiet_bi_day_hoc
327,"môn này là một môn liên hệ nhiều với thực tiễn nên mong thầy có nhiều ví dụ thực tiễn hơn , làm cho việc học dễ hiểu hơn .",negative,kinh_nghiem
327,"môn này là một môn liên hệ nhiều với thực tiễn nên mong thầy có nhiều ví dụ thực tiễn hơn , làm cho việc học dễ hiểu hơn .",neutral,de_xuat
328,"giáo viên dạy tận tâm , dễ hiễu .",positive,ky_nang_giang_day
328,"giáo viên dạy tận tâm , dễ hiễu .",positive,hanh_vi
329,"rất hài lòng về cô , cô rất nhiệt tình .",positive,hanh_vi
330,"vui vẻ , kiến thức rộng và sâu , dạy dễ hiểu .",positive,ky_nang_giang_day
330,"vui vẻ , kiến thức rộng và sâu , dạy dễ hiểu .",positive,hanh_vi
330,"vui vẻ , kiến thức rộng và sâu , dạy dễ hiểu .",positive,kien_thuc
331,"vừa đọc slide vừa giảng , dễ gây buồn ngủ và hơi khó hiểu .",negative,ky_nang_giang_day
332,thái độ xem thường sinh viên khi báo cáo .,negative,hanh_vi
333,"giảng viên đảm bảo giờ lên lớp , tập trung vô việc dạy học .",positive,ky_nang_giang_day
333,"giảng viên đảm bảo giờ lên lớp , tập trung vô việc dạy học .",positive,hanh_vi
334,"nếu có thì nên mở lớp nâng cao web , như xử lý truy cập lớn , phân bố cơ sở dữ liệu có ích cho việc ra làm hơn .",neutral,chuong_trinh_hoc
334,"nếu có thì nên mở lớp nâng cao web , như xử lý truy cập lớn , phân bố cơ sở dữ liệu có ích cho việc ra làm hơn .",neutral,de_xuat
335,"giảng viên rất nhiệt tình , phương pháp giảng dạy hay , dễ hiểu .",positive,ky_nang_giang_day
335,"giảng viên rất nhiệt tình , phương pháp giảng dạy hay , dễ hiểu .",positive,hanh_vi
336,nên lồng ghép các trò chơi nhỏ vào buổi học để tăng hứng thú cho sinh viên .,neutral,ky_nang_giang_day
336,nên lồng ghép các trò chơi nhỏ vào buổi học để tăng hứng thú cho sinh viên .,neutral,de_xuat
337,"thầy dạy dễ hiểu , thân thiện , lưu ý cho sinh viên những lỗi thường sai khi làm kiển tra và gợi ý mẹo làm bài tốt .",positive,ky_nang_giang_day
337,"thầy dạy dễ hiểu , thân thiện , lưu ý cho sinh viên những lỗi thường sai khi làm kiển tra và gợi ý mẹo làm bài tốt .",positive,hanh_vi
338,thầy hay tương tác với sinh viên bằng những câu hỏi rất thực tế !,positive,kinh_nghiem
338,thầy hay tương tác với sinh viên bằng những câu hỏi rất thực tế !,positive,hanh_vi
339,"nhưng thầy phụ trách bộ môn lại hay vắng đột xuất , đổi thời gian dạy liên tục nằm ngoài thời khóa biểu làm em không thể nào sắp xếp thời gian nắm bắt tình hình học tập ( mặt dù có lần thông báo trước , có lần đột xuất không thông báo ) .",negative,hanh_vi
340,những câu chuyện thầy kể do thầy trải qua làm em rất thích .,positive,kinh_nghiem
341,"thầy dạy tận tình , luôn giải đáp mọi thắc mắc của sinh viên , thầy cũng vui tính .",positive,ky_nang_giang_day
341,"thầy dạy tận tình , luôn giải đáp mọi thắc mắc của sinh viên , thầy cũng vui tính .",positive,hanh_vi
342,tiết học vui vẻ .,positive,noi_chung
343,"hướng dẫn tận tình , cho ví dụ minh họa hay .",positive,ky_nang_giang_day
343,"hướng dẫn tận tình , cho ví dụ minh họa hay .",positive,hanh_vi
344,"cô giảng dạy rất có tâm với nghề , đôi khi cô còn cho tụi em thêm bài tập tự luyện .",positive,hanh_vi
344,"cô giảng dạy rất có tâm với nghề , đôi khi cô còn cho tụi em thêm bài tập tự luyện .",positive,bai_tap
345,em muốn được hiểu rõ những ứng dụng của môn học này vào ngành học mà chúng ta đang học là gì .,neutral,kinh_nghiem
345,em muốn được hiểu rõ những ứng dụng của môn học này vào ngành học mà chúng ta đang học là gì .,neutral,de_xuat
346,thầy thân thiện và nhiệt tình .,positive,hanh_vi
347,sửa và cho các bài tập rõ ràng hơn !,negative,bai_tap
347,sửa và cho các bài tập rõ ràng hơn !,neutral,de_xuat
348,"thầy dạy không nhiệt tình , ít giảng , kiến thức chuyên môn logic mờ chưa chuyên sâu , gây tâm lý lo lắng , hoang mang cho sinh viên .",negative,ky_nang_giang_day
348,"thầy dạy không nhiệt tình , ít giảng , kiến thức chuyên môn logic mờ chưa chuyên sâu , gây tâm lý lo lắng , hoang mang cho sinh viên .",negative,hanh_vi
348,"thầy dạy không nhiệt tình , ít giảng , kiến thức chuyên môn logic mờ chưa chuyên sâu , gây tâm lý lo lắng , hoang mang cho sinh viên .",negative,kien_thuc
349,thầy có đưa tư tưởng không tốt vào trong tiết học .,negative,hanh_vi
350,"cô hướng dẫn sinh viên và nhận xét về đồ án rất tận tình , chính xác .",positive,hanh_vi
350,"cô hướng dẫn sinh viên và nhận xét về đồ án rất tận tình , chính xác .",positive,kien_thuc
351,giọng to rõ ràng dễ nghe khi ở dưới nước .,positive,ky_nang_giang_day
352,"hơi khó hiểu và giảng bài nhanh , ít đưa ra ví dụ cụ thể cho mỗi kiến thức .",negative,ky_nang_giang_day
353,hăng say đến nỗi quên cả giờ giấc .,positive,hanh_vi
354,cần rèn luyện thêm kỹ năng làm bài thi hơn cho sinh viên nên thường xuyên giải các đề và làm nhiều bài tập liên quan đến ngữ pháp hơn .,negative,bai_tap
354,cần rèn luyện thêm kỹ năng làm bài thi hơn cho sinh viên nên thường xuyên giải các đề và làm nhiều bài tập liên quan đến ngữ pháp hơn .,neutral,de_xuat
355,sau mỗi bài thực hành nộp deadline thầy không sửa bài .,negative,cham_diem
356,không cung cấp kiến thức cho sinh viên .,negative,kien_thuc
357,"cung cấp phương pháp học tập hiệu quả , thân thiện , vui vẻ với sinh viên .",positive,ky_nang_giang_day
357,"cung cấp phương pháp học tập hiệu quả , thân thiện , vui vẻ với sinh viên .",positive,hanh_vi
358,"giảng viên hướng dẫn nhiệt tình , trả lời thắc mắc kịp thời .",positive,hanh_vi
359,thầy rất dễ tính trong giờ học .,positive,hanh_vi
360,"dưới góc nhìn một sinh viên , tôi thấy chuyên môn của cô thật tuyệt vời !",positive,kien_thuc
361,"thầy giảng bài rất hay , lấy ví dụng sinh động , thực tiễn .",positive,ky_nang_giang_day
361,"thầy giảng bài rất hay , lấy ví dụng sinh động , thực tiễn .",positive,kinh_nghiem
361,"thầy giảng bài rất hay , lấy ví dụng sinh động , thực tiễn .",positive,kien_thuc
362,"thầy khá tận tâm , nhiệt tình với sinh viên .",positive,hanh_vi
363,"không áp dụng vào đời sống nhiều , phân chia thời gian học chưa hợp lý .",negative,kinh_nghiem
363,"không áp dụng vào đời sống nhiều , phân chia thời gian học chưa hợp lý .",negative,chuong_trinh_hoc
364,"giang viên giảng dạy nhiệt tình , dễ hiểu .",positive,ky_nang_giang_day
365,"máy chiếu thì quá mờ mới gần đây thôi , quạt thì có cái chạy được , có cái bị hỏng công tắc .",negative,thiet_bi_day_hoc
366,"giảng nhiều , dễ hiểu , truyền đạt có hệ thống .",positive,ky_nang_giang_day
367,không có sự lôi cuốn và thu hút trong cách giảng .,negative,ky_nang_giang_day
368,"thầy nhiệt tình vui tính , dạy dễ hiểu .",positive,ky_nang_giang_day
368,"thầy nhiệt tình vui tính , dạy dễ hiểu .",positive,hanh_vi
369,mong cô nếu giao đồ án thì nên cho học sinh tìm hiểu trước về ứng dụng mfc từ đầu kỳ .,neutral,bai_tap
369,mong cô nếu giao đồ án thì nên cho học sinh tìm hiểu trước về ứng dụng mfc từ đầu kỳ .,positive,de_xuat
370,"thầy có cách làm đồ án là quay video clip rất hay , vừa vui vừa là cách tìm hiểu kiến thức một cách mới , hứng thú .",positive,ky_nang_giang_day
370,"thầy có cách làm đồ án là quay video clip rất hay , vừa vui vừa là cách tìm hiểu kiến thức một cách mới , hứng thú .",positive,kien_thuc
371,cung cấp slide trước để sinh viên có tư liệu tìm hiểu trước ở nhà .,positive,cung_cap_tai_lieu
371,cung cấp slide trước để sinh viên có tư liệu tìm hiểu trước ở nhà .,positive,de_xuat
372,phương pháp dạy chưa hợp lý .,negative,ky_nang_giang_day
373,"thầy vui tính , giảng hay , nhiệt huyết với các bạn .",positive,ky_nang_giang_day
373,"thầy vui tính , giảng hay , nhiệt huyết với các bạn .",positive,hanh_vi
374,"tận tâm với sinh viên , vui vẻ trong giờ học .",positive,hanh_vi
375,"máy của phòng thực hành wzjwz241 khởi động visual studio chậm , bàn phím chưa tốt .",negative,thiet_bi_day_hoc
376,"môn học rất bổ ích , tuy là lý thuyết rất nhiều , nhưng trong những chương giảng dạy cũng nên có một vài bài tập đơn giảng để vận dụng bài tập vào thực tiễn và thông qua bài tập đó có thể rút ra kinh nghiệm làm việc .",negative,bai_tap
376,"môn học rất bổ ích , tuy là lý thuyết rất nhiều , nhưng trong những chương giảng dạy cũng nên có một vài bài tập đơn giảng để vận dụng bài tập vào thực tiễn và thông qua bài tập đó có thể rút ra kinh nghiệm làm việc .",positive,kien_thuc
376,"môn học rất bổ ích , tuy là lý thuyết rất nhiều , nhưng trong những chương giảng dạy cũng nên có một vài bài tập đơn giảng để vận dụng bài tập vào thực tiễn và thông qua bài tập đó có thể rút ra kinh nghiệm làm việc .",neutral,chuong_trinh_hoc
376,"môn học rất bổ ích , tuy là lý thuyết rất nhiều , nhưng trong những chương giảng dạy cũng nên có một vài bài tập đơn giảng để vận dụng bài tập vào thực tiễn và thông qua bài tập đó có thể rút ra kinh nghiệm làm việc .",neutral,de_xuat
377,"nhiệt tình , giáo án tốt , có nhiều bài tập vận dụng trên website môn học .",positive,hanh_vi
377,"nhiệt tình , giáo án tốt , có nhiều bài tập vận dụng trên website môn học .",positive,bai_tap
377,"nhiệt tình , giáo án tốt , có nhiều bài tập vận dụng trên website môn học .",positive,chuong_trinh_hoc
378,"thầy nhiệt tình giúp đỡ , tận tâm với công việc .",positive,hanh_vi
379,em đề nghị trường mình nên áp dung hình thức thực hành động .,neutral,ky_nang_giang_day
379,em đề nghị trường mình nên áp dung hình thức thực hành động .,positive,de_xuat
380,"không phải là tôi chưa từng rớt môn , nhưng tôi không phục và không cam tâm đối với trường hợp của 2 bạn kia có cùng source code , nếu thầy hỏi 2 bạn kia từng đoạn code giống như thầy đã hỏi tôi thì chắc gì 2 bạn đó trả lời được , vì code cũng đều lấy từ internet về và có phải 2 bạn đó code đâu .",negative,hanh_vi
380,"không phải là tôi chưa từng rớt môn , nhưng tôi không phục và không cam tâm đối với trường hợp của 2 bạn kia có cùng source code , nếu thầy hỏi 2 bạn kia từng đoạn code giống như thầy đã hỏi tôi thì chắc gì 2 bạn đó trả lời được , vì code cũng đều lấy từ internet về và có phải 2 bạn đó code đâu .",negative,cham_diem
381,cần quan tâm nhiều hơn về vấn đề bài tập .,negative,bai_tap
381,cần quan tâm nhiều hơn về vấn đề bài tập .,neutral,de_xuat
382,"nhiệt tình , dễ gần .",positive,hanh_vi
383,"phòng học gần công trình đang xây dựng nên rất ồn , mong trường có thể đổi phòng học khác , em xin cảm ơn !",negative,thiet_bi_day_hoc
383,"phòng học gần công trình đang xây dựng nên rất ồn , mong trường có thể đổi phòng học khác , em xin cảm ơn !",positive,de_xuat
384,giảng viên đem kiến thức vào giảng dạy rất đa dạng .,positive,ky_nang_giang_day
384,giảng viên đem kiến thức vào giảng dạy rất đa dạng .,positive,kien_thuc
385,có cho các bài tập vừa sức sinh viên và tích cực giải đáp thắc mắc .,positive,hanh_vi
385,có cho các bài tập vừa sức sinh viên và tích cực giải đáp thắc mắc .,positive,bai_tap
386,giải đáp nhanh khi sinh viên không hiểu .,positive,ky_nang_giang_day
386,giải đáp nhanh khi sinh viên không hiểu .,positive,hanh_vi
387,"phương pháp giảng dạy còn thô , không sinh động .",negative,ky_nang_giang_day
388,"thầy rất tâm huyết , chuyên tâm dạy .",positive,hanh_vi
389,thầy có khiếu hài hước rất cao và truyền đạt dễ hiểu .,positive,ky_nang_giang_day
389,thầy có khiếu hài hước rất cao và truyền đạt dễ hiểu .,positive,hanh_vi
390,thêm nhiều tài liệu cho sinh viên .,neutral,cung_cap_tai_lieu
390,thêm nhiều tài liệu cho sinh viên .,neutral,de_xuat
391,"em ở nhà tự học , thi thực hành vừa rồi cũng được 10 điểm .",positive,cham_diem
392,"biết tạo điều kiện cho học sinh rèn luyện các kỹ năng , khả năng dẫn dắt truyền đạt tốt .",positive,ky_nang_giang_day
393,"nhiều phòng thực hành không có visual hay dev , rất bất lợi cho những bạn chưa có lap .",negative,thiet_bi_day_hoc
394,"thân thiện , gần gũi , cách giảng lấy ví dụ thực tế hóa .",positive,ky_nang_giang_day
394,"thân thiện , gần gũi , cách giảng lấy ví dụ thực tế hóa .",positive,hanh_vi
395,"rất nhiệt huyết , hay trao đổi và thảo luận và giúp đỡ sinh viên .",positive,ky_nang_giang_day
395,"rất nhiệt huyết , hay trao đổi và thảo luận và giúp đỡ sinh viên .",positive,hanh_vi
396,chương trình dạy rời rạc và khó hiểu .,negative,chuong_trinh_hoc
397,"giảo viên hài hước , giảng kiến thức dễ tiếp thu .",positive,ky_nang_giang_day
397,"giảo viên hài hước , giảng kiến thức dễ tiếp thu .",positive,hanh_vi
397,"giảo viên hài hước , giảng kiến thức dễ tiếp thu .",positive,kien_thuc
398,"cách dạy lôi cuốn sinh viên , nói chuyện thực tế , gần gũi với sinh viên .",positive,ky_nang_giang_day
398,"cách dạy lôi cuốn sinh viên , nói chuyện thực tế , gần gũi với sinh viên .",positive,kinh_nghiem
399,cách truyền đạt hài hước .,positive,ky_nang_giang_day
400,"giảng dạy nhiệt tình , đảm bảo đầy đủ giờ lên lớp .",positive,ky_nang_giang_day
400,"giảng dạy nhiệt tình , đảm bảo đầy đủ giờ lên lớp .",positive,hanh_vi
401,nên thêm máy tính thực trong phòng thực hành .,negative,thiet_bi_day_hoc
401,nên thêm máy tính thực trong phòng thực hành .,neutral,de_xuat
402,cô rất vui tính và nhiệt tình .,positive,hanh_vi
403,cần thống nhất giữa nội dung lý thuyết và phần thực hành học từ trên xuống mà thực hành thì dưới lên gây khó khăn cho sinh viên .,negative,kinh_nghiem
403,cần thống nhất giữa nội dung lý thuyết và phần thực hành học từ trên xuống mà thực hành thì dưới lên gây khó khăn cho sinh viên .,negative,chuong_trinh_hoc
403,cần thống nhất giữa nội dung lý thuyết và phần thực hành học từ trên xuống mà thực hành thì dưới lên gây khó khăn cho sinh viên .,neutral,de_xuat
404,hơi khắt khe quá với sinh viên .,negative,cham_diem
405,thuộc bài một cách máy móc và trình bày không tự nhiên nhưng điểm vẫn cao .,negative,bai_tap
405,thuộc bài một cách máy móc và trình bày không tự nhiên nhưng điểm vẫn cao .,positive,cham_diem
406,thầy chỉ tận tình các lỗi xảy ra trong bài học .,positive,ky_nang_giang_day
406,thầy chỉ tận tình các lỗi xảy ra trong bài học .,positive,hanh_vi
407,giọng nói hay .,positive,ky_nang_giang_day
408,ít cho bài tập về nhà .,negative,bai_tap
409,thầy dạy khá nhiệt tình và tận tâm dễ hiểu .,positive,ky_nang_giang_day
409,thầy dạy khá nhiệt tình và tận tâm dễ hiểu .,positive,hanh_vi
410,"hình thức , các hoạt động học tập phong phú .",positive,chuong_trinh_hoc
411,thời gian chỉ được phân bổ 2 tiết nên vừa mất thời gian lại không có thời gian để giảng thêm nhiều vấn đề .,negative,chuong_trinh_hoc
412,"giảng viên rất tận tình chỉ dạy , hỗ trợ tích cực .",positive,ky_nang_giang_day
412,"giảng viên rất tận tình chỉ dạy , hỗ trợ tích cực .",positive,hanh_vi
413,"truyền đạt dễ hiểu , giảng viên hài hước , tạo không gian học tập hưng phấn khi đến lớp .",positive,ky_nang_giang_day
413,"truyền đạt dễ hiểu , giảng viên hài hước , tạo không gian học tập hưng phấn khi đến lớp .",positive,hanh_vi
414,có nhiều nguồn tài liệu slide bài giảng .,positive,cung_cap_tai_lieu
415,"thích cách dạy như kể chuyện , chia sẻ kinh nghiệm của thầy .",positive,ky_nang_giang_day
415,"thích cách dạy như kể chuyện , chia sẻ kinh nghiệm của thầy .",positive,kinh_nghiem
416,hướng dẫn kỹ trước khi thực hành .,positive,ky_nang_giang_day
417,"môn học nên bám sát vào nội dung , mục đích cuối cùng thay vì giảng dạy lý thuyết tràn lan .",negative,chuong_trinh_hoc
417,"môn học nên bám sát vào nội dung , mục đích cuối cùng thay vì giảng dạy lý thuyết tràn lan .",positive,de_xuat
418,thầy chia sẻ nhiều điều trong thực tế .,positive,kinh_nghiem
419,"em hi vọng thầy có thể cung cấp tài liệu học tập một cách đầy đủ , vì trên slide em thấy còn hạn chế về kiến thức và quá tóm tắt .",negative,cung_cap_tai_lieu
419,"em hi vọng thầy có thể cung cấp tài liệu học tập một cách đầy đủ , vì trên slide em thấy còn hạn chế về kiến thức và quá tóm tắt .",negative,kien_thuc
419,"em hi vọng thầy có thể cung cấp tài liệu học tập một cách đầy đủ , vì trên slide em thấy còn hạn chế về kiến thức và quá tóm tắt .",neutral,de_xuat
420,"đi trễ 2h đồng hồ , nghỉ không thông báo , nhờ người dạy thay thế .",negative,hanh_vi
421,giảng viên chủ động .,positive,hanh_vi
422,"lớp muốn hiểu bài phải sắp xếp thời gian , tiết học của mình để được học ké , học chui ở các giảng viên khác để lắp cho mình bù lại kiến thức bị trống .",negative,ky_nang_giang_day
422,"lớp muốn hiểu bài phải sắp xếp thời gian , tiết học của mình để được học ké , học chui ở các giảng viên khác để lắp cho mình bù lại kiến thức bị trống .",negative,kien_thuc
423,"giảng viên nhiệt tình , quan tâm sinh viên , hướng dẫn tốt .",positive,ky_nang_giang_day
423,"giảng viên nhiệt tình , quan tâm sinh viên , hướng dẫn tốt .",positive,hanh_vi
424,tích cực hướng dẫn khi sinh viên hỏi bài .,positive,hanh_vi
425,cần có tiết sửa bài tập .,neutral,bai_tap
425,cần có tiết sửa bài tập .,neutral,de_xuat
426,"vui vẻ , nhiệt tình , thân thiện .",positive,hanh_vi
427,giảng viên thường hay đi trễ nửa tiếng .,negative,hanh_vi
428,"máy chiếu không rõ , hư hỏng , chập chờn .",negative,thiet_bi_day_hoc
429,"giảng viên chưa nắm rõ chương trình , có khi không fix được lỗi để giảng cho sinh viên mà giao bài tập bắt sinh viên làm , trong khi giáo trình môn học gửi trên moodle không đáp ứng được lượng kiến thức cần thiết , còn quá sơ sài , không cụ thể , và đôi khi không có tài liệu luôn đặc biệt là về phần c .",negative,ky_nang_giang_day
429,"giảng viên chưa nắm rõ chương trình , có khi không fix được lỗi để giảng cho sinh viên mà giao bài tập bắt sinh viên làm , trong khi giáo trình môn học gửi trên moodle không đáp ứng được lượng kiến thức cần thiết , còn quá sơ sài , không cụ thể , và đôi khi không có tài liệu luôn đặc biệt là về phần c .",negative,bai_tap
429,"giảng viên chưa nắm rõ chương trình , có khi không fix được lỗi để giảng cho sinh viên mà giao bài tập bắt sinh viên làm , trong khi giáo trình môn học gửi trên moodle không đáp ứng được lượng kiến thức cần thiết , còn quá sơ sài , không cụ thể , và đôi khi không có tài liệu luôn đặc biệt là về phần c .",negative,cung_cap_tai_lieu
429,"giảng viên chưa nắm rõ chương trình , có khi không fix được lỗi để giảng cho sinh viên mà giao bài tập bắt sinh viên làm , trong khi giáo trình môn học gửi trên moodle không đáp ứng được lượng kiến thức cần thiết , còn quá sơ sài , không cụ thể , và đôi khi không có tài liệu luôn đặc biệt là về phần c .",negative,chuong_trinh_hoc
430,có thêm các mô hình thực tế cho sinh viên .,negative,kinh_nghiem
430,có thêm các mô hình thực tế cho sinh viên .,neutral,de_xuat
431,"điểm danh , làm bài kiểm tra thường xuyên trong các buổi học .",neutral,cham_diem
432,có tương tác tốt với sinh viên .,positive,hanh_vi
433,thầy rất tâm huyết .,positive,hanh_vi
434,nói chuyện hơi khó nghe .,negative,ky_nang_giang_day
435,"giáo viên cần phải ra nhiều bài tập cho sinh viên làm rồi sửa chứ không chỉ nói sinh viên tự kiếm bài tập ở nhà làm để lên bảng sửa , hình thức sửa quá nhanh khiến sinh viên chưa hiểu rõ được vấn đề .",negative,bai_tap
435,"giáo viên cần phải ra nhiều bài tập cho sinh viên làm rồi sửa chứ không chỉ nói sinh viên tự kiếm bài tập ở nhà làm để lên bảng sửa , hình thức sửa quá nhanh khiến sinh viên chưa hiểu rõ được vấn đề .",negative,cham_diem
435,"giáo viên cần phải ra nhiều bài tập cho sinh viên làm rồi sửa chứ không chỉ nói sinh viên tự kiếm bài tập ở nhà làm để lên bảng sửa , hình thức sửa quá nhanh khiến sinh viên chưa hiểu rõ được vấn đề .",positive,de_xuat
436,nội dung giảng dạy khá tốt .,positive,chuong_trinh_hoc
437,"dạy dễ hiểu , nhiệt tình .",positive,ky_nang_giang_day
437,"dạy dễ hiểu , nhiệt tình .",positive,hanh_vi
438,"giảng viên tận tâm , nhiệt tình , khả năng truyền đạt tốt .",positive,ky_nang_giang_day
438,"giảng viên tận tâm , nhiệt tình , khả năng truyền đạt tốt .",positive,hanh_vi
439,"cô giáo trẻ trung , hòa nhã với sinh viên .",positive,hanh_vi
440,"đến lớp đúng giờ , vui tính .",positive,hanh_vi
441,"giờ học sinh động , thầy tạo ra không gian để sinh viên trao đổi vấn đề và nêu ra ý kiến của mình .",positive,ky_nang_giang_day
441,"giờ học sinh động , thầy tạo ra không gian để sinh viên trao đổi vấn đề và nêu ra ý kiến của mình .",positive,hanh_vi
442,thầy nên hướng dẫn thực hành trong giờ học thực hành .,negative,ky_nang_giang_day
442,thầy nên hướng dẫn thực hành trong giờ học thực hành .,neutral,de_xuat
443,"giảng viên nhiệt tình , công tâm , quan tâm sinh viên , truyền đạt tốt .",positive,ky_nang_giang_day
443,"giảng viên nhiệt tình , công tâm , quan tâm sinh viên , truyền đạt tốt .",positive,hanh_vi
444,không có gì để phàn nàn .,neutral,noi_chung
445,"đây là năm đầu tiên thầy giảng dạy , chúng em đều thông cảm !",neutral,noi_chung
446,"giảng viên nhiệt tình , em cảm thấy hài lòng .",positive,hanh_vi
447,"vui vẻ , dạy dễ hiểu , giúp đỡ mọi lúc mọi nơi .",positive,ky_nang_giang_day
447,"vui vẻ , dạy dễ hiểu , giúp đỡ mọi lúc mọi nơi .",positive,hanh_vi
448,thầy dạy hơi nhanh nên khó chép bài kịp .,negative,ky_nang_giang_day
449,"giảng viên hòa đồng , gần gũi với sinh viên .",positive,hanh_vi
450,đây là mong muốn của em chứ không phải không hài lòng ) .,neutral,noi_chung
451,nhiệt tình chu đáo với sinh viên .,positive,hanh_vi
452,cho đề thi hơi khó .,negative,bai_tap
453,"nghỉ học không thông báo hoài , bực mình .",negative,chuong_trinh_hoc
454,thầy rất tận tâm với sinh viên .,positive,hanh_vi
455,cô dạy nhiệt tình và rất gần gũi với sinh viên .,positive,hanh_vi
456,chúc thầy thành công !,positive,noi_chung
457,cô không hiểu rõ được tâm lý sinh viên công nghệ thông tin nên khi nào cô cũng áp đặt là bọn em phải chăm chỉ học hành .,negative,ky_nang_giang_day
457,cô không hiểu rõ được tâm lý sinh viên công nghệ thông tin nên khi nào cô cũng áp đặt là bọn em phải chăm chỉ học hành .,negative,hanh_vi
458,thầy dạy được cách tư duy sáng tạo .,positive,ky_nang_giang_day
459,"phần thực hành quá sơ sài , trợ giảng cho thực hành chỉ đưa tài liệu tiếng anh cho đọc và đưa bài về cho làm , không có sự hướng dẫn .",negative,kinh_nghiem
459,"phần thực hành quá sơ sài , trợ giảng cho thực hành chỉ đưa tài liệu tiếng anh cho đọc và đưa bài về cho làm , không có sự hướng dẫn .",negative,cung_cap_tai_lieu
460,nhiệt huyết với sinh viên .,positive,hanh_vi
461,"giáo viên tận tình chỉ bảo , tạo không khí vui vẻ .",positive,hanh_vi
462,dạy nhiệt tình giúp đỡ sinh viên nhiệt tình trong giờ học và chỉ bài tận tình .,positive,hanh_vi
463,đôi khi giảng khó hiểu .,negative,ky_nang_giang_day
464,thực hành không liên quan gì lý thuyết .,negative,kinh_nghiem
465,"nội dung chương trình học cần rõ ràng hơn , cần cập nhật chương trình học , nội dung bài giảng trên slide còn lủng củng .",negative,cung_cap_tai_lieu
465,"nội dung chương trình học cần rõ ràng hơn , cần cập nhật chương trình học , nội dung bài giảng trên slide còn lủng củng .",negative,chuong_trinh_hoc
465,"nội dung chương trình học cần rõ ràng hơn , cần cập nhật chương trình học , nội dung bài giảng trên slide còn lủng củng .",negative,de_xuat
466,"thầy dạy quá nhanh , nhất là chiếu slide , tụi em còn không xem kịp nội dung trên slide thì thầy đã cho chuyển sang slide khác .",negative,ky_nang_giang_day
467,"thầy nên dạy chậm và dễ hiểu hơn , nên giảng từng cái cho chắc rồi hãy sang phần khác .",negative,ky_nang_giang_day
467,"thầy nên dạy chậm và dễ hiểu hơn , nên giảng từng cái cho chắc rồi hãy sang phần khác .",positive,de_xuat
468,"giảng dạy tích cực , vui vẻ .",positive,ky_nang_giang_day
468,"giảng dạy tích cực , vui vẻ .",positive,hanh_vi
469,cập những những kiến thức mới ở ngoài vào giảng dạy .,positive,kien_thuc
469,cập những những kiến thức mới ở ngoài vào giảng dạy .,positive,de_xuat
470,thầy và cô thường có những lời khuyên định hướng tương lai .,positive,hanh_vi
471,giảng viên dạy học rất tâm huyết .,positive,hanh_vi
472,mong trong học kỳ tới thì chất lượng giảng dạy sẽ cải thiện hơn .,neutral,ky_nang_giang_day
472,mong trong học kỳ tới thì chất lượng giảng dạy sẽ cải thiện hơn .,positive,de_xuat
473,"cách dạy hài hước , không gây buồn ngủ .",positive,ky_nang_giang_day
474,thầy thường xuyên bỏ lớp .,negative,hanh_vi
475,"dạy đúng chủ đề , không nói chuyện ngoài lề , đi dạy đúng giờ .",positive,ky_nang_giang_day
475,"dạy đúng chủ đề , không nói chuyện ngoài lề , đi dạy đúng giờ .",positive,hanh_vi
476,mong thầy có thể làm slide kỹ lưỡng và dễ hiểu hơn .,negative,cung_cap_tai_lieu
476,mong thầy có thể làm slide kỹ lưỡng và dễ hiểu hơn .,neutral,de_xuat
477,"thường xuyên lên lớp trễ , chấm điểm trên moodle không có ghi chú cụ thể dẫn đến nhầm lẫn trong sinh viên .",negative,hanh_vi
477,"thường xuyên lên lớp trễ , chấm điểm trên moodle không có ghi chú cụ thể dẫn đến nhầm lẫn trong sinh viên .",negative,cham_diem
478,"cô rất tận tâm , nhiệt tình , đem hết kinh nghiệm cũng như kiến thức của mình để truyền đạt cho sinh viên , cô luôn tạo cảm hứng học tập .",positive,ky_nang_giang_day
478,"cô rất tận tâm , nhiệt tình , đem hết kinh nghiệm cũng như kiến thức của mình để truyền đạt cho sinh viên , cô luôn tạo cảm hứng học tập .",positive,kinh_nghiem
478,"cô rất tận tâm , nhiệt tình , đem hết kinh nghiệm cũng như kiến thức của mình để truyền đạt cho sinh viên , cô luôn tạo cảm hứng học tập .",positive,hanh_vi
478,"cô rất tận tâm , nhiệt tình , đem hết kinh nghiệm cũng như kiến thức của mình để truyền đạt cho sinh viên , cô luôn tạo cảm hứng học tập .",positive,kien_thuc
479,"thầy dạy cực vui , kiến thức đầy đủ , gần gũi với sinh viên .",positive,ky_nang_giang_day
479,"thầy dạy cực vui , kiến thức đầy đủ , gần gũi với sinh viên .",positive,hanh_vi
479,"thầy dạy cực vui , kiến thức đầy đủ , gần gũi với sinh viên .",positive,kien_thuc
480,"cô vui vẻ , nhiệt tình , tận tụy .",positive,hanh_vi
481,"giảng viên cởi mở dễ tiếp xúc , trao đổi .",positive,hanh_vi
482,"phòng thực hành nhỏ không đủ máy cho sinh viên , máy có nhiều virus .",negative,thiet_bi_day_hoc
483,cung cấp tài liệu tự học nhiều hơn .,negative,cung_cap_tai_lieu
483,cung cấp tài liệu tự học nhiều hơn .,neutral,de_xuat
484,"thầy dạy không sát với chương trình của khoa , một số phần quan trọng nhưng không được chú trọng .",negative,chuong_trinh_hoc
485,phòng máy thực hành cần nâng cấp .,negative,thiet_bi_day_hoc
485,phòng máy thực hành cần nâng cấp .,neutral,de_xuat
486,thầy rất vui vẻ và tâm lý .,positive,hanh_vi
487,ở lớp khi ngồi ở những bàn sau nhìn bảng rất khó .,negative,thiet_bi_day_hoc
488,dạy ổn .,positive,ky_nang_giang_day
489,"cô rất nhiệt tình với sinh viên , giảng dạy kỹ lưỡng , tâm huyết .",positive,ky_nang_giang_day
489,"cô rất nhiệt tình với sinh viên , giảng dạy kỹ lưỡng , tâm huyết .",positive,hanh_vi
490,"giảng viên sử dụng thời gian hợp lý , trình bày chi tiết dễ hiểu .",positive,ky_nang_giang_day
491,giảng bài rất kỹ và rất hay .,positive,ky_nang_giang_day
492,"kiến thức của giảng viên rất tốt , cách trình bày , giảng dạy rất đẹp và hiệu quả .",positive,ky_nang_giang_day
492,"kiến thức của giảng viên rất tốt , cách trình bày , giảng dạy rất đẹp và hiệu quả .",positive,kien_thuc
493,nên có nhiều tiết làm bài tập hơn .,negative,bai_tap
493,nên có nhiều tiết làm bài tập hơn .,neutral,de_xuat
494,nhìn không rõ .,negative,thiet_bi_day_hoc
495,giảng viên còn hơi chủ quan nghĩ rằng sinh viên nắm được những cái cơ bản ban đầu .,negative,hanh_vi
496,phương pháp dạy đưa nhiều bài tập giúp học sinh đa phần nắm được kiến thức .,positive,ky_nang_giang_day
496,phương pháp dạy đưa nhiều bài tập giúp học sinh đa phần nắm được kiến thức .,positive,bai_tap
497,thầy giảng rất tận tình .,positive,hanh_vi
498,"vui tính , hay kể chuyện cười cho học sinh .",positive,hanh_vi
499,cho phép sinh viên tự giác ôn tập .,neutral,noi_chung
500,quý thầy lắm .,positive,hanh_vi
501,các đường link tham khảo không đáp ứng tốt nhu cầu giải quyết vấn đề .,negative,cung_cap_tai_lieu
502,thầy dạy rất tốt cứ tiếp tục phát huy ạ !,positive,ky_nang_giang_day
503,"giảng viên ít trình bày kiến thức cần thiết cho sinh viên , giảng viên gợi ý cho sinh viên nhưng gợi ý khá ít gây khó khăn cho sinh viên .",negative,ky_nang_giang_day
503,"giảng viên ít trình bày kiến thức cần thiết cho sinh viên , giảng viên gợi ý cho sinh viên nhưng gợi ý khá ít gây khó khăn cho sinh viên .",negative,kien_thuc
504,giảng viên chưa giải thích rõ nội dung của bài và cách tiến hành mặc dù nội dung phần lý thuyết đó sinh viên chưa học tới hoặc có giảng nhưng còn rất mơ hồ .,negative,ky_nang_giang_day
505,thầy nên cho một ít bài tập về nhà làm để củng cố kiến thức thêm tại bài tập thi bao la em không biết cái nào là trọng tâm hết .,negative,bai_tap
505,thầy nên cho một ít bài tập về nhà làm để củng cố kiến thức thêm tại bài tập thi bao la em không biết cái nào là trọng tâm hết .,positive,de_xuat
506,còn hạn chế về chuyên môn trong quá trình giảng dạy .,negative,kien_thuc
507,"giáo viên nhiệt tình , có chuyên môn cao .",positive,hanh_vi
507,"giáo viên nhiệt tình , có chuyên môn cao .",positive,kien_thuc
508,thầy dễ chịu nên tiết học diễn ra vui vẻ không nhàm chán .,positive,hanh_vi
509,nhiệt tình và thân thiết với học sinh .,positive,hanh_vi
510,"kiến thức mở rộng , giáo viên nhiệt tình .",positive,hanh_vi
510,"kiến thức mở rộng , giáo viên nhiệt tình .",positive,kien_thuc
511,cho làm debate về thực tiễn .,neutral,chuong_trinh_hoc
511,cho làm debate về thực tiễn .,neutral,de_xuat
512,"thầy rất vui tính , vi dụ thực hành tại máy trực tiếp và thực tế .",positive,kinh_nghiem
512,"thầy rất vui tính , vi dụ thực hành tại máy trực tiếp và thực tế .",positive,hanh_vi
513,tận tâm với sinh viên .,positive,hanh_vi
514,bài tập thực hành mang tính vận dung cao những kiến thức đã học và sự hướng dẫn tận tình của giàng viên .,positive,hanh_vi
514,bài tập thực hành mang tính vận dung cao những kiến thức đã học và sự hướng dẫn tận tình của giàng viên .,positive,bai_tap
514,bài tập thực hành mang tính vận dung cao những kiến thức đã học và sự hướng dẫn tận tình của giàng viên .,positive,kien_thuc
515,hạn chế ra ngoài quá nhiều khi giảng dạy .,negative,hanh_vi
516,giáo viên dạy hay !,positive,ky_nang_giang_day
517,phong cách truyền đạt của cô khiến em còn hơi khó hiểu .,negative,ky_nang_giang_day
518,"học anh văn nên học ở phòng lab , cách âm để khi học listening không bị ảnh hưởng bởi bên ngoài .",neutral,thiet_bi_day_hoc
518,"học anh văn nên học ở phòng lab , cách âm để khi học listening không bị ảnh hưởng bởi bên ngoài .",neutral,de_xuat
519,còn lại ok hết !,positive,noi_chung
520,lớp học đăng ký lúc đầu gần 10 người nhưng sau 2 ngày thì đi học chỉ còn khoảng từ 15 - 20 sinh viên học .,negative,noi_chung
521,"cô dạy nhiệt tình , lên lớp đầy đủ .",positive,hanh_vi
522,"giống giải tích 1 , không biết được mục tiêu đạt được môn học .",negative,chuong_trinh_hoc
523,hòa đồng với sinh viên .,positive,hanh_vi
524,"học được nhiều từ vựng chuyên sâu hơn , giáo viên rất tận tình .",positive,hanh_vi
524,"học được nhiều từ vựng chuyên sâu hơn , giáo viên rất tận tình .",positive,kien_thuc
525,nên bỏ hình thức thực hành 2 này .,negative,bai_tap
525,nên bỏ hình thức thực hành 2 này .,positive,de_xuat
526,không hướng dẫn nhiều về môn học cho sinh viên .,negative,ky_nang_giang_day
527,"giảng viên nhiệt tình , tận tâm nên em không có ý kiến .",positive,hanh_vi
528,"tác phong và phương pháp giảng bài hiện đại , gần gũi , dễ tiếp thu .",positive,ky_nang_giang_day
529,thầy chia sẻ rất nhiều kinh nghiệm thực tiễn giúp sinh viên định hướng nghề nghiệp tốt hơn .,positive,kinh_nghiem
530,"deadline cho rất ngắn , học buổi chiều và deadline vào lúc 23h59 cùng ngày .",negative,bai_tap
530,"deadline cho rất ngắn , học buổi chiều và deadline vào lúc 23h59 cùng ngày .",negative,chuong_trinh_hoc
531,"giảng nhiệt tình , ôn tập tốt .",positive,ky_nang_giang_day
531,"giảng nhiệt tình , ôn tập tốt .",positive,hanh_vi
532,"giảng viên tận tâm , nhiệt tình , có khả năng truyền đạt tốt .",positive,ky_nang_giang_day
532,"giảng viên tận tâm , nhiệt tình , có khả năng truyền đạt tốt .",positive,hanh_vi
533,tạo hoạt động thực hành theo nhóm rất hay .,positive,kinh_nghiem
534,"nhiệt tình và hòa đồng với sinh viên trong giảng dạy , tính tình hiền lành và dạy rất hay , rất yêu nghề .",positive,ky_nang_giang_day
534,"nhiệt tình và hòa đồng với sinh viên trong giảng dạy , tính tình hiền lành và dạy rất hay , rất yêu nghề .",positive,hanh_vi
535,giảng dạy hay thầy rất nhiệt tình slide bài giảng thầy chuẩn bị tốt .,positive,ky_nang_giang_day
535,giảng dạy hay thầy rất nhiệt tình slide bài giảng thầy chuẩn bị tốt .,positive,hanh_vi
535,giảng dạy hay thầy rất nhiệt tình slide bài giảng thầy chuẩn bị tốt .,positive,cung_cap_tai_lieu
536,chưa đảm bảo tiến độ học tập .,negative,chuong_trinh_hoc
537,lớp được nghỉ liên tục .,negative,noi_chung
538,"giáo viên giảng dạy nhiệt tình , có trách nhiệm , truyền đạt dễ hiểu .",positive,ky_nang_giang_day
538,"giáo viên giảng dạy nhiệt tình , có trách nhiệm , truyền đạt dễ hiểu .",positive,hanh_vi
539,tận tình chỉ bảo cho sinh viên những kiến thức bị hổng !,positive,hanh_vi
539,tận tình chỉ bảo cho sinh viên những kiến thức bị hổng !,negative,kien_thuc
540,cần có đề cương rõ ràng ngay từ đầu .,negative,cung_cap_tai_lieu
540,cần có đề cương rõ ràng ngay từ đầu .,neutral,de_xuat
541,"sinh viên khó có thể tự tìm hiểu để học môn này tốt được , trong khi môn này là môn chính của chuyên ngành .",negative,chuong_trinh_hoc
542,"nhiệt huyết , có tâm tận tình chỉ dạy .",positive,hanh_vi
543,cho quá nhiều bài tập về nhà .,negative,bai_tap
544,giáo viên tích cực trong giảng dạy .,positive,hanh_vi
545,khả năng truyền đạt kiến thức rất tốt .,positive,ky_nang_giang_day
546,đi học trễ .,negative,noi_chung
547,thầy nhiệt tình và rất gần gũi với tụi em .,positive,hanh_vi
548,"cách chấm điểm quá trình của thầy quá gắt , nhiều bạn bị kéo điểm nặng nề .",negative,cham_diem
549,"nếu lần sau có môn thầy , em nhất định sẽ đăng ký colonsmile .",positive,noi_chung
550,bài tập thực hành có nhiều câu quá khó .,negative,bai_tap
551,"hướng dẫn bài tập đầy đủ , phương pháp giải hay !",positive,ky_nang_giang_day
551,"hướng dẫn bài tập đầy đủ , phương pháp giải hay !",positive,bai_tap
552,nâng cao khả năng tự học của sinh viên .,neutral,de_xuat
553,"thầy dạy tốt , cho bài tập nhiều .",positive,ky_nang_giang_day
553,"thầy dạy tốt , cho bài tập nhiều .",neutral,bai_tap
554,thầy nên up nhiều code mẫu hơn .,neutral,cung_cap_tai_lieu
554,thầy nên up nhiều code mẫu hơn .,positive,de_xuat
555,cô dạy nhiệt tình và tâm huyết .,positive,hanh_vi
556,khi được sinh viên nhờ hỗ trợ làm bài thầy mới đến nơi và giúp đỡ .,positive,hanh_vi
557,very good .,positive,noi_chung
558,mặc dù điểm thi em không cao do em làm bài không dò lại coloncontemn .,negative,cham_diem
559,thời gian học ít .,negative,chuong_trinh_hoc
560,thầy cũng nên soạn slide bài giảng để chiếu trên lớp như thế sẽ đỡ tốn thời gian thầy ghi chép trên bảng rất nhiều .,neutral,cung_cap_tai_lieu
560,thầy cũng nên soạn slide bài giảng để chiếu trên lớp như thế sẽ đỡ tốn thời gian thầy ghi chép trên bảng rất nhiều .,positive,de_xuat
561,cần cho nhiều bài tập về nhà hơn nữa .,negative,bai_tap
561,cần cho nhiều bài tập về nhà hơn nữa .,neutral,de_xuat
562,không nhiệt tình trong giảng dạy .,negative,hanh_vi
563,"có rất nhiều thiết bị đang xuống cấp và hư hỏng , ảnh hưởng đến chất lượng giảng dạy .",negative,thiet_bi_day_hoc
564,thầy luôn có những câu chuyện để làm tăng động lực học .,positive,hanh_vi
565,"tốt , nhiệt tình , giỏi .",positive,hanh_vi
566,tận tâm giúp đỡ sinh viên .,positive,hanh_vi
567,rất nhiệt tình và tâm huyết .,positive,hanh_vi
568,thầy rất nhiệt tình ạ .,positive,hanh_vi
569,"tận tình , tâm huyết với sinh viên .",positive,hanh_vi
570,cần nhiều tiết học hơn để giáo viên sửa bài trên lớp .,neutral,chuong_trinh_hoc
570,cần nhiều tiết học hơn để giáo viên sửa bài trên lớp .,neutral,de_xuat
571,"mục tiêu quá xa so với sinh viên yếu , sinh viên yếu không theo kịp , chết đuối với thầy .",negative,ky_nang_giang_day
571,"mục tiêu quá xa so với sinh viên yếu , sinh viên yếu không theo kịp , chết đuối với thầy .",negative,hanh_vi
572,sinh viên thực hiện làm bài tập theo nhóm .,neutral,bai_tap
573,không ôn nhiều ngữ pháp .,negative,ky_nang_giang_day
574,"thầy giảng lan man , không sử dụng courses gây khó khăn cho sinh viên .",negative,ky_nang_giang_day
574,"thầy giảng lan man , không sử dụng courses gây khó khăn cho sinh viên .",negative,cung_cap_tai_lieu
575,"thầy thường xuyên yêu cầu học sinh trình bày lại những kiến thức đã học trong buổi lý thuyết một cách không cần thiết , mất thời gian , không khác gì một buổi dạy lý thuyết , không đúng tinh thần và mục đích của một buổi học thực hành .",negative,ky_nang_giang_day
576,giảng dạy nhanh .,negative,ky_nang_giang_day
577,"bài tập thầy cho quá nhiều , xong chưa có trọng tâm và quá nhiều lý thuyết dẫn đến thời gian thực hành kém .",negative,bai_tap
577,"bài tập thầy cho quá nhiều , xong chưa có trọng tâm và quá nhiều lý thuyết dẫn đến thời gian thực hành kém .",negative,chuong_trinh_hoc
578,để cải tiến chất lượng môn học em nghĩ nên có thêm tài liệu cũng như bài giải để sinh viên có thể tự học thêm và tiếp thu hiệu quả .,neutral,cung_cap_tai_lieu
578,để cải tiến chất lượng môn học em nghĩ nên có thêm tài liệu cũng như bài giải để sinh viên có thể tự học thêm và tiếp thu hiệu quả .,neutral,de_xuat
579,nhiều chỗ thầy hơi giảng nhanh .,negative,ky_nang_giang_day
580,thầy giảng dạy rất hay và nhiệt tình bên cạnh giảng dạy lý thuyết thầy cũng dạy cho sinh viên các kỹ năng sau này ra trường rất hữu ích .,positive,ky_nang_giang_day
580,thầy giảng dạy rất hay và nhiệt tình bên cạnh giảng dạy lý thuyết thầy cũng dạy cho sinh viên các kỹ năng sau này ra trường rất hữu ích .,positive,hanh_vi
580,thầy giảng dạy rất hay và nhiệt tình bên cạnh giảng dạy lý thuyết thầy cũng dạy cho sinh viên các kỹ năng sau này ra trường rất hữu ích .,positive,kien_thuc
581,"thầy hiền , dạy khá nhiệt tình .",positive,ky_nang_giang_day
581,"thầy hiền , dạy khá nhiệt tình .",positive,hanh_vi
582,tài liệu tiếng anh nên gây một chút khó khăn cho sinh viên .,negative,cung_cap_tai_lieu
583,cô cho deadline khá chồng chéo nhau và hơi rối nên đôi khi em khó theo dõi thời gian .,negative,bai_tap
584,"cô dạy rất nhiệt tình và dễ hiểu , rất chu đáo , ân cần và quan tâm tới sinh viên .",positive,ky_nang_giang_day
584,"cô dạy rất nhiệt tình và dễ hiểu , rất chu đáo , ân cần và quan tâm tới sinh viên .",positive,hanh_vi
585,thầy dạy dễ hiểu cho nhiều bài tập làm thêm .,positive,ky_nang_giang_day
585,thầy dạy dễ hiểu cho nhiều bài tập làm thêm .,neutral,bai_tap
586,hy vọng trong học kỳ tới nhà trường sẽ nâng cao chất lượng dạy và học hơn .,negative,de_xuat
587,"giảng viên tận tâm , kiến thức tốt , khả năng truyền đạt tốt .",positive,ky_nang_giang_day
587,"giảng viên tận tâm , kiến thức tốt , khả năng truyền đạt tốt .",positive,hanh_vi
587,"giảng viên tận tâm , kiến thức tốt , khả năng truyền đạt tốt .",positive,kien_thuc
588,rất quan tâm sinh viên .,positive,hanh_vi
589,"nhiệt tình , giảng dễ hiểu .",positive,ky_nang_giang_day
589,"nhiệt tình , giảng dễ hiểu .",positive,hanh_vi
590,thầy viết chữ rất đẹp !,positive,ky_nang_giang_day
591,phòng lab tốt hơn .,positive,thiet_bi_day_hoc
592,thầy rất nhiệt tình và có thể có giảng lại cả chương khi lớp không hiểu .,positive,ky_nang_giang_day
592,thầy rất nhiệt tình và có thể có giảng lại cả chương khi lớp không hiểu .,positive,hanh_vi
593,"thực ra mà nói , chúng em đóng tiền thực hành 320k trên 1 chỉ , nhưng các giờ thực hành chưa tốt .",negative,kinh_nghiem
594,thầy giảng dạy khá nhiệt tình .,positive,ky_nang_giang_day
594,thầy giảng dạy khá nhiệt tình .,positive,hanh_vi
595,phương pháp và nội dung truyền đạt hiệu quả .,positive,ky_nang_giang_day
596,"nếu có thể , thầy nên cho các bạn nộp bài trễ thêm cơ hội .",neutral,bai_tap
596,"nếu có thể , thầy nên cho các bạn nộp bài trễ thêm cơ hội .",neutral,de_xuat
597,dặn sinh viên tham gia seminar một cách tự nguyện nhưng lại bắt viết bài thu hoạch lấy điểm quá trình ( ví dụ như sinh viên đi học vào buổi seminar hôm đó thì làm sao có thể viết bài thu hoạch ) .,negative,bai_tap
597,dặn sinh viên tham gia seminar một cách tự nguyện nhưng lại bắt viết bài thu hoạch lấy điểm quá trình ( ví dụ như sinh viên đi học vào buổi seminar hôm đó thì làm sao có thể viết bài thu hoạch ) .,negative,cham_diem
598,"giáo viên hướng dẫn tận tình , cung cấp đầy đủ kiến thức căn bản của bộ môn .",positive,hanh_vi
598,"giáo viên hướng dẫn tận tình , cung cấp đầy đủ kiến thức căn bản của bộ môn .",positive,kien_thuc
599,thầy nên chú trọng vào việc giảng hơn .,negative,ky_nang_giang_day
599,thầy nên chú trọng vào việc giảng hơn .,neutral,de_xuat
600,"em rất khâm phục thầy wzjwz102 về kiến thức của thầy và sự nhiệt tình , tấm lòng của thầy đối với sinh viên .",positive,hanh_vi
600,"em rất khâm phục thầy wzjwz102 về kiến thức của thầy và sự nhiệt tình , tấm lòng của thầy đối với sinh viên .",positive,kien_thuc
601,"tận tình , cung cấp đầy đủ kiến thức , không khí vui vẻ , thoải mái .",positive,hanh_vi
601,"tận tình , cung cấp đầy đủ kiến thức , không khí vui vẻ , thoải mái .",positive,kien_thuc
602,"giảng viên dạy quá giờ , ảnh hưởng đến giờ giấc của sinh viên .",negative,hanh_vi
603,không tạo được sự chú ý của sinh viên .,negative,hanh_vi
604,thầy cho nhiều bài tập với số lượng lớn .,negative,bai_tap
605,dạy nhiều nhưng không tiếp thu được hết .,negative,ky_nang_giang_day
606,thầy có chia sẻ nhiều kinh nghiệm thực tế .,positive,kinh_nghiem
607,cần nâng cấp phòng thực hành để có thể thực hành với nền tảng mới nhất của môn học !,negative,thiet_bi_day_hoc
607,cần nâng cấp phòng thực hành để có thể thực hành với nền tảng mới nhất của môn học !,neutral,de_xuat
608,đảm bảo giờ lên lớp và khối lượng kiến thức của môn học .,neutral,chuong_trinh_hoc
608,đảm bảo giờ lên lớp và khối lượng kiến thức của môn học .,neutral,de_xuat
609,không đúng giờ .,negative,hanh_vi
610,thầy nên tập trung vào bài tập hơn là lý thuyết .,negative,bai_tap
610,thầy nên tập trung vào bài tập hơn là lý thuyết .,negative,de_xuat
611,"nên tăng cường cọ sát cho sinh viên trong môn học này , như làm việc nhóm và thuyết trình .",positive,de_xuat
612,học song song lý thuyết và thực hành để kiến thức được củng cố hơn .,positive,kinh_nghiem
612,học song song lý thuyết và thực hành để kiến thức được củng cố hơn .,positive,kien_thuc
613,"đặc biệt mong thầy cố gắng dạy đầy đủ , do môn khá khó hiểu đối với những người chậm hiểu như em nên bỏ lỡ 1 - 2 buổi là coi như em hết hiểu môn học luôn .",negative,ky_nang_giang_day
613,"đặc biệt mong thầy cố gắng dạy đầy đủ , do môn khá khó hiểu đối với những người chậm hiểu như em nên bỏ lỡ 1 - 2 buổi là coi như em hết hiểu môn học luôn .",neutral,de_xuat
614,tạo điều kiện để sinh viên tham gia vào bài học .,positive,ky_nang_giang_day
615,ít lên lớp .,neutral,noi_chung
616,"cô rất thương sinh viên , hầu như tất cả sinh viên trong lớp cô đều có thể đánh giá được năng lực của từng bạn .",positive,hanh_vi
617,thầy nên gửi cho lớp slide bài tập ạ .,neutral,cung_cap_tai_lieu
617,thầy nên gửi cho lớp slide bài tập ạ .,neutral,de_xuat
618,cập nhập thêm tài liệu mới .,neutral,cung_cap_tai_lieu
618,cập nhập thêm tài liệu mới .,positive,de_xuat
619,"dễ hiều , dễ tiếp thu .",positive,ky_nang_giang_day
620,đưa ra đề tài seminar như thách đố sinh viên vậy .,negative,bai_tap
621,"nói rõ từ hơn , tránh giảng lan man , nên đi vào trọng tâm .",negative,ky_nang_giang_day
621,"nói rõ từ hơn , tránh giảng lan man , nên đi vào trọng tâm .",neutral,de_xuat
622,thầy nên sử dụng hệ thống website môn học hiệu quả hơn .,neutral,cung_cap_tai_lieu
622,thầy nên sử dụng hệ thống website môn học hiệu quả hơn .,neutral,de_xuat
623,"khoa nên liên hệ các doanh nghiệp để sinh viên có điều kiện trải nghiệm việc lấy requirement thực tế của một doanh nghiệp , như thế môn học sẽ thú vị và giúp sinh viên có kỹ năng tốt hơn .",neutral,de_xuat
624,"giảng viên dạy hay truyền đạt được kiến thức đến sinh viên dễ hiểu , bài tập về nhà vừa sức , tuy nghiêm túc trong việc sửa bài nhưng cũng hay pha trò làm lớp học vui nhộn không bị áp lực .",positive,ky_nang_giang_day
624,"giảng viên dạy hay truyền đạt được kiến thức đến sinh viên dễ hiểu , bài tập về nhà vừa sức , tuy nghiêm túc trong việc sửa bài nhưng cũng hay pha trò làm lớp học vui nhộn không bị áp lực .",positive,hanh_vi
624,"giảng viên dạy hay truyền đạt được kiến thức đến sinh viên dễ hiểu , bài tập về nhà vừa sức , tuy nghiêm túc trong việc sửa bài nhưng cũng hay pha trò làm lớp học vui nhộn không bị áp lực .",positive,bai_tap
625,"giảng dạy nhiệt tình , cập nhật bài giảng , điểm số nhanh .",positive,hanh_vi
625,"giảng dạy nhiệt tình , cập nhật bài giảng , điểm số nhanh .",positive,cham_diem
625,"giảng dạy nhiệt tình , cập nhật bài giảng , điểm số nhanh .",positive,cung_cap_tai_lieu
626,"cô dạy rất hay , truyển cảm hứng cho học sinh , rất thích học giờ của cô .",positive,ky_nang_giang_day
626,"cô dạy rất hay , truyển cảm hứng cho học sinh , rất thích học giờ của cô .",positive,hanh_vi
627,slide rõ ràng cụ thể .,positive,cung_cap_tai_lieu
628,hài lòng về cách dạy của cô và cách truyền đạt kiến thức qua môn học này .,positive,ky_nang_giang_day
629,kết thúc buổi học sớm .,negative,chuong_trinh_hoc
630,"thầy dạy rất tận tâm và dễ hiểu , tuy bị mất căn bản nhập môn lập trình nhưng sau mỗi buổi học của thầy , em cảm thấy vô cùng hứng thú và có động lực hơn với môn lập trình hướng đối tượng nói riêng và những môn có liên quan đế lập trình khác nói chung .",positive,ky_nang_giang_day
630,"thầy dạy rất tận tâm và dễ hiểu , tuy bị mất căn bản nhập môn lập trình nhưng sau mỗi buổi học của thầy , em cảm thấy vô cùng hứng thú và có động lực hơn với môn lập trình hướng đối tượng nói riêng và những môn có liên quan đế lập trình khác nói chung .",positive,hanh_vi
631,hy vọng nhà trường xem xét .,neutral,de_xuat
632,"cô dễ thương , dạy quá có tâm .",positive,ky_nang_giang_day
632,"cô dễ thương , dạy quá có tâm .",positive,hanh_vi
633,"giáo viên lên lớp đúng giờ , sử dụng thời gian đứng lớp hiệu quả .",positive,ky_nang_giang_day
633,"giáo viên lên lớp đúng giờ , sử dụng thời gian đứng lớp hiệu quả .",positive,hanh_vi
634,"môn học đi sát vào thực tế tránh rập khuôn , khô cứng .",negative,chuong_trinh_hoc
635,"cô dạy chậm , dễ hiểu .",positive,ky_nang_giang_day
636,"cần lắp thêm quạt , ổ cắm và màn che .",negative,thiet_bi_day_hoc
636,"cần lắp thêm quạt , ổ cắm và màn che .",positive,de_xuat
637,mong nhà trường sẽ khắc phục sớm .,neutral,de_xuat
638,"thầy dạy quá nặng môn học 3 tiết kéo dài lên 5 tiết , không tiếp thu hết được kiến thức thầy truyền đạt .",negative,ky_nang_giang_day
638,"thầy dạy quá nặng môn học 3 tiết kéo dài lên 5 tiết , không tiếp thu hết được kiến thức thầy truyền đạt .",negative,chuong_trinh_hoc
639,giảng bài buồn ngủ .,negative,ky_nang_giang_day
640,không phụ thuộc vào giảng viên .,negative,noi_chung
641,bài giảng chi tiết rõ ràng .,positive,ky_nang_giang_day
642,thầy wzjwz47 nên sử dụng website môn học hoặc website phòng đào tạo là kênh thông tin đến với sinh viên .,neutral,cung_cap_tai_lieu
642,thầy wzjwz47 nên sử dụng website môn học hoặc website phòng đào tạo là kênh thông tin đến với sinh viên .,neutral,de_xuat
643,"nhiệt tình , truyền đạt tốt , phương pháp giảng dạy tốt .",positive,ky_nang_giang_day
643,"nhiệt tình , truyền đạt tốt , phương pháp giảng dạy tốt .",positive,hanh_vi
644,"thầy khá giỏi , dạy kỹ và sâu .",positive,ky_nang_giang_day
644,"thầy khá giỏi , dạy kỹ và sâu .",positive,kien_thuc
645,"ngoài ra , em mong môn học này chú trọng đơn thuần nhiều hơn về việc lập trình và lập trình trực quan , chú trọng trong việc xử lý source code và cách lập trình của sinh viên ( của đồ án ) .",neutral,chuong_trinh_hoc
645,"ngoài ra , em mong môn học này chú trọng đơn thuần nhiều hơn về việc lập trình và lập trình trực quan , chú trọng trong việc xử lý source code và cách lập trình của sinh viên ( của đồ án ) .",neutral,de_xuat
646,"vui tính , nhanh tiếp thu bài học .",positive,hanh_vi
647,"nhiệt tình , giảng bài chậm rãi dễ nắm bắt nội dung .",positive,ky_nang_giang_day
647,"nhiệt tình , giảng bài chậm rãi dễ nắm bắt nội dung .",positive,hanh_vi
648,cô cần phải truyền đạt tốt hơn .,negative,ky_nang_giang_day
648,cô cần phải truyền đạt tốt hơn .,positive,de_xuat
649,cô nói chậm chậm chút để sinh viên dễ tiếp thu kịp .,positive,ky_nang_giang_day
650,"giảng viên vui vẻ , hài hước , cách dạy giúp sinh viên dễ hiểu .",positive,ky_nang_giang_day
650,"giảng viên vui vẻ , hài hước , cách dạy giúp sinh viên dễ hiểu .",positive,hanh_vi
651,"thầy nhiệt tình , vui vẻ , giảng dạy kỹ những phần quan trọng .",positive,ky_nang_giang_day
651,"thầy nhiệt tình , vui vẻ , giảng dạy kỹ những phần quan trọng .",positive,hanh_vi
652,rất tốt .,positive,noi_chung
653,thầy giảng hiệu quả .,positive,ky_nang_giang_day
654,cô cho nhiều bài tập hay để nâng cao trình độ sinh viên .,positive,bai_tap
655,"slide bài giảng cứng nhắc , không trực quan , khó nắm bắt được nội dung bài học .",negative,cung_cap_tai_lieu
656,giảng viên rất nhiệt tình tâm huyết .,positive,hanh_vi
657,thầy rất nhiệt huyết và quan tâm sinh viên của mình .,positive,hanh_vi
658,giảng rất tỉ mỉ và dễ hiểu .,positive,ky_nang_giang_day
659,còn dạy hơi nhanh .,negative,ky_nang_giang_day
660,"nói chung , tôi và bạn bè sau khi học môn nay đã từ bỏ lập trình android .",negative,noi_chung
661,"thầy dạy nhiệt tình tạo không khí cho học sinh , giảng cặn kẽ chi tiết , cho nhiều bài tập giúp học sinh hiểu bài và tự học .",positive,ky_nang_giang_day
661,"thầy dạy nhiệt tình tạo không khí cho học sinh , giảng cặn kẽ chi tiết , cho nhiều bài tập giúp học sinh hiểu bài và tự học .",positive,hanh_vi
661,"thầy dạy nhiệt tình tạo không khí cho học sinh , giảng cặn kẽ chi tiết , cho nhiều bài tập giúp học sinh hiểu bài và tự học .",positive,bai_tap
662,nên tăng tỷ lệ của đồ án môn học trong điểm trung bình lên sẽ đánh giá khách quan hơn kết quả học tập của sinh viên .,negative,cham_diem
662,nên tăng tỷ lệ của đồ án môn học trong điểm trung bình lên sẽ đánh giá khách quan hơn kết quả học tập của sinh viên .,positive,de_xuat
663,"nên thực hành speaking nhiều hơn và phân bổ thời gian học grammar , cũng như phân thêm thời gian học hoặc nghe phần listening .",neutral,chuong_trinh_hoc
663,"nên thực hành speaking nhiều hơn và phân bổ thời gian học grammar , cũng như phân thêm thời gian học hoặc nghe phần listening .",neutral,de_xuat
664,chưa rõ mục tiêu và các bước thực hiện bài tập truy vấn dbpedia và tạo ontology .,negative,bai_tap
665,"nhiệt tình , biết cách truyền cảm hứng tạo động lực phấn đấu học tập cho sinh viên .",positive,hanh_vi
666,chưa thể hiện được nhiều lợi ích của môn học .,negative,chuong_trinh_hoc
667,"bài tập thực hành cần nêu yêu cầu rõ ràng , không mơ hồ , cần cập nhật , có hướng dẫn cụ thể .",negative,bai_tap
667,"bài tập thực hành cần nêu yêu cầu rõ ràng , không mơ hồ , cần cập nhật , có hướng dẫn cụ thể .",positive,de_xuat
668,"một số đề về nhà thầy cho rất khó so với một số bạn trong lớp , nhưng cũng vì thế mà kỹ năng lập trình cũng được nâng cao hơn .",negative,bai_tap
668,"một số đề về nhà thầy cho rất khó so với một số bạn trong lớp , nhưng cũng vì thế mà kỹ năng lập trình cũng được nâng cao hơn .",positive,kien_thuc
669,nên sắp lịch học phù hợp .,neutral,chuong_trinh_hoc
669,nên sắp lịch học phù hợp .,neutral,de_xuat
670,"thầy nên hướng dẫn cụ thể về vấn đề đồ án , bọn em lúc làm đồ án không biết làm cái gì và đang làm cái gì , đến khi báo cáo thì tá hỏa lên không biết gì mà làm nữa , thành ra lên báo cáo không có vừa ý thầy , rồi thầy tạo quá nhiều áp lực cho bọn em , thi cử thôi cũng thấy sợ nữa , không biết thầy có thử đặt vị trí của thầy vào bọn em không nữa , 75 câu trắc nghiệm mà một câu có 2 - 3 đáp án đúng nữa có 75 phút , thầy thử nghĩ xem bọn em có nổi 3 - 4 điểm không ?",negative,ky_nang_giang_day
670,"thầy nên hướng dẫn cụ thể về vấn đề đồ án , bọn em lúc làm đồ án không biết làm cái gì và đang làm cái gì , đến khi báo cáo thì tá hỏa lên không biết gì mà làm nữa , thành ra lên báo cáo không có vừa ý thầy , rồi thầy tạo quá nhiều áp lực cho bọn em , thi cử thôi cũng thấy sợ nữa , không biết thầy có thử đặt vị trí của thầy vào bọn em không nữa , 75 câu trắc nghiệm mà một câu có 2 - 3 đáp án đúng nữa có 75 phút , thầy thử nghĩ xem bọn em có nổi 3 - 4 điểm không ?",negative,hanh_vi
670,"thầy nên hướng dẫn cụ thể về vấn đề đồ án , bọn em lúc làm đồ án không biết làm cái gì và đang làm cái gì , đến khi báo cáo thì tá hỏa lên không biết gì mà làm nữa , thành ra lên báo cáo không có vừa ý thầy , rồi thầy tạo quá nhiều áp lực cho bọn em , thi cử thôi cũng thấy sợ nữa , không biết thầy có thử đặt vị trí của thầy vào bọn em không nữa , 75 câu trắc nghiệm mà một câu có 2 - 3 đáp án đúng nữa có 75 phút , thầy thử nghĩ xem bọn em có nổi 3 - 4 điểm không ?",negative,chuong_trinh_hoc
670,"thầy nên hướng dẫn cụ thể về vấn đề đồ án , bọn em lúc làm đồ án không biết làm cái gì và đang làm cái gì , đến khi báo cáo thì tá hỏa lên không biết gì mà làm nữa , thành ra lên báo cáo không có vừa ý thầy , rồi thầy tạo quá nhiều áp lực cho bọn em , thi cử thôi cũng thấy sợ nữa , không biết thầy có thử đặt vị trí của thầy vào bọn em không nữa , 75 câu trắc nghiệm mà một câu có 2 - 3 đáp án đúng nữa có 75 phút , thầy thử nghĩ xem bọn em có nổi 3 - 4 điểm không ?",positive,de_xuat
671,thầy không chỉ dạy kiến thức mà còn dạy trở thành một kỹ sư giỏi !,positive,ky_nang_giang_day
671,thầy không chỉ dạy kiến thức mà còn dạy trở thành một kỹ sư giỏi !,positive,kien_thuc
672,cho nhiều bài tập hay .,positive,bai_tap
673,giáo viên có những đồ án sát mới mục tiêu bài học .,positive,bai_tap
674,trời quá nóng mà không có đủ không khí mát mẻ .,negative,thiet_bi_day_hoc
675,trả lời các câu hỏi của sinh viên tốt .,positive,hanh_vi
676,"thường xuyên lên lớp rất muộn , không cung cấp đề cương môn học , chấm điểm chủ quan và thường xuyên nặng lời với sinh viên .",negative,hanh_vi
676,"thường xuyên lên lớp rất muộn , không cung cấp đề cương môn học , chấm điểm chủ quan và thường xuyên nặng lời với sinh viên .",negative,cham_diem
676,"thường xuyên lên lớp rất muộn , không cung cấp đề cương môn học , chấm điểm chủ quan và thường xuyên nặng lời với sinh viên .",negative,cung_cap_tai_lieu
677,lớp học thực hành luôn duy trì sĩ số 10 - 50 sinh viên .,neutral,chuong_trinh_hoc
678,cần giảng viên có cách giảng dạy tốt hơn .,negative,ky_nang_giang_day
678,cần giảng viên có cách giảng dạy tốt hơn .,positive,de_xuat
679,"thầy dạy tốt , truyền đạt dễ hiểu .",positive,ky_nang_giang_day
680,truyền đạt cho sinh viên rất dễ hiểu và áp dụng .,positive,ky_nang_giang_day
681,viết bài quá nhiều .,negative,bai_tap
682,"giảng viên nên giảng bài cụ thể hơn , hạn chế dùng slide .",negative,ky_nang_giang_day
682,"giảng viên nên giảng bài cụ thể hơn , hạn chế dùng slide .",neutral,de_xuat
683,"thầy rất tận tâm và nhiệt hình , tạo cảm hứng cho sinh viên không chỉ ở hiện tại mà còn tương lai trong việc phát triển các kỹ năng của ngành công nghệ thông tin nói chung .",positive,hanh_vi
684,hiểu được các kiến thức quan trọng của môn học .,positive,kien_thuc
685,"hòa đồng , vui vẻ , giảng dạy rất có tâm .",positive,ky_nang_giang_day
685,"hòa đồng , vui vẻ , giảng dạy rất có tâm .",positive,hanh_vi
686,thầy cần tận dụng thời gian lên lớp để đỡ lãng phí .,negative,ky_nang_giang_day
686,thầy cần tận dụng thời gian lên lớp để đỡ lãng phí .,positive,de_xuat
687,truyền đạt chưa hiệu quả .,negative,ky_nang_giang_day
688,"kính mong nhà trường có thể tăng thời lương môn học lên 1 - 2 tiết vì đây là một môn khá khó , sinh viên cần nhiều thời gian hơn để nắm bắt kiến thức và luyện tập vận dụng kiến thức .",negative,chuong_trinh_hoc
688,"kính mong nhà trường có thể tăng thời lương môn học lên 1 - 2 tiết vì đây là một môn khá khó , sinh viên cần nhiều thời gian hơn để nắm bắt kiến thức và luyện tập vận dụng kiến thức .",neutral,de_xuat
689,cô dạy tận tâm và vui tính .,positive,hanh_vi
690,"cô giáo nhiệt tình , tận tâm với lớp , truyền đạt hay .",positive,ky_nang_giang_day
690,"cô giáo nhiệt tình , tận tâm với lớp , truyền đạt hay .",positive,hanh_vi
691,giảng viên cần giải đáp các thắc mắc của sinh viên qua facebook hoặc email .,negative,hanh_vi
691,giảng viên cần giải đáp các thắc mắc của sinh viên qua facebook hoặc email .,positive,de_xuat
692,"có thuyết trình , tạo sự sáng tạo cho sinh viên , giáo viên tận tâm .",positive,ky_nang_giang_day
692,"có thuyết trình , tạo sự sáng tạo cho sinh viên , giáo viên tận tâm .",positive,hanh_vi
693,"thầy giảng kém lôi cuốn , khó nghe nên không tiếp thu được nhiều .",negative,ky_nang_giang_day
694,thầy dạy hay hứng thú .,positive,hanh_vi
695,phương pháp dạy cần cải thiện .,negative,ky_nang_giang_day
695,phương pháp dạy cần cải thiện .,positive,de_xuat
696,giảng viên cần truyền đạt tốt hơn .,negative,ky_nang_giang_day
696,giảng viên cần truyền đạt tốt hơn .,neutral,de_xuat
697,"thầy có sự liên hệ giữa môn học và thực tiễn , giúp môn học gần gũi hơn và dễ tiếp thu hơn .",positive,ky_nang_giang_day
697,"thầy có sự liên hệ giữa môn học và thực tiễn , giúp môn học gần gũi hơn và dễ tiếp thu hơn .",positive,kinh_nghiem
698,thầy dạy dễ hiểu có tâm .,positive,ky_nang_giang_day
698,thầy dạy dễ hiểu có tâm .,positive,hanh_vi
699,nên sử dụng tài liệu bằng tiếng việt .,negative,cung_cap_tai_lieu
699,nên sử dụng tài liệu bằng tiếng việt .,neutral,de_xuat
700,có những câu chuyện thú vị hì hì .,positive,noi_chung
701,thầy dạy rất hay dễ hiểu và tiết học rất vui .,positive,ky_nang_giang_day
701,thầy dạy rất hay dễ hiểu và tiết học rất vui .,positive,hanh_vi
702,"thầy nên gửi slide trước ngày học trên giảng đường để sinh viên tham khảo trước , chủ động hơn khi học .",negative,cung_cap_tai_lieu
702,"thầy nên gửi slide trước ngày học trên giảng đường để sinh viên tham khảo trước , chủ động hơn khi học .",neutral,de_xuat
703,thầy wzjwz265 không dạy lớp em một ngày nào .,negative,hanh_vi
704,"thầy nhiệt tình , tạo lối tư duy cho mỗi sinh viên .",positive,hanh_vi
705,"truyền đạt chưa tốt , lan man , không mang hiệu quả cao .",negative,ky_nang_giang_day
706,có nhiều bài tập củng cố .,positive,bai_tap
707,môn học cần tổng hợp các kiến thức vào đầu năm để sinh viên có thể nắm bắt theo dõi khi không may nghỉ học một buổi vì lý do chính đáng .,neutral,chuong_trinh_hoc
707,môn học cần tổng hợp các kiến thức vào đầu năm để sinh viên có thể nắm bắt theo dõi khi không may nghỉ học một buổi vì lý do chính đáng .,neutral,de_xuat
708,thầy rất ít nổi nóng .,positive,hanh_vi
709,giáo viên tập trung vào nội dung chính của bài .,positive,ky_nang_giang_day
710,nên  tăng hiệu suất máy tính .,negative,thiet_bi_day_hoc
710,nên  tăng hiệu suất máy tính .,neutral,de_xuat
711,"thầy vui vẻ , nhiệt tình , tận tâm .",positive,hanh_vi
712,trang thiết bị sơ sài .,negative,thiet_bi_day_hoc
713,"dạy khó hiểu , không tận tâm .",negative,ky_nang_giang_day
713,"dạy khó hiểu , không tận tâm .",negative,hanh_vi
714,thầy dạy nhiệt tình và đến giờ đúng thời gian quy định .,positive,hanh_vi
715,"giáo viên tận dụng giờ lên lớp hiệu quả , lên lớp đúng giờ .",positive,ky_nang_giang_day
715,"giáo viên tận dụng giờ lên lớp hiệu quả , lên lớp đúng giờ .",positive,hanh_vi
716,nhưng cũng rất nóng tính .,negative,hanh_vi
717,"thầy ra hiền , chăm lo sinh viên .",positive,hanh_vi
718,"tận tình giúp đỡ , giải đáp cho sinh viên .",positive,hanh_vi
719,giáo trình hợp lý chất lượng cao .,positive,cung_cap_tai_lieu
720,"thầy vui vẻ , dễ tính .",positive,hanh_vi
721,nên cập nhật những phần mềm mới .,neutral,de_xuat
722,sử dụng nhiều slide .,negative,cung_cap_tai_lieu
723,"phòng học , bàn ghế còn bẩn và nhiều bụi bặm .",negative,thiet_bi_day_hoc
724,sinh viên bọn em không chỉ được thực hành những kiến thức ở lớp lý thuyết mà còn được đi sâu hơn và được biết thêm những kiến thức mới .,positive,kinh_nghiem
724,sinh viên bọn em không chỉ được thực hành những kiến thức ở lớp lý thuyết mà còn được đi sâu hơn và được biết thêm những kiến thức mới .,positive,kien_thuc
725,cô dạy rất vui .,positive,hanh_vi
726,mong thầy sẽ lên lớp nhiều hơn và có định hướng rõ ràng về nội dung môn học để các bạn tìm hiểu vã nắm rõ chúng .,negative,ky_nang_giang_day
726,mong thầy sẽ lên lớp nhiều hơn và có định hướng rõ ràng về nội dung môn học để các bạn tìm hiểu vã nắm rõ chúng .,negative,hanh_vi
726,mong thầy sẽ lên lớp nhiều hơn và có định hướng rõ ràng về nội dung môn học để các bạn tìm hiểu vã nắm rõ chúng .,neutral,de_xuat
727,thầy ngầu quá em hơi sợ .,negative,hanh_vi
728,slide không đầy đủ khó khăn khi xem lại kiến thức .,negative,cung_cap_tai_lieu
729,đôi chỗ khó hiểu .,negative,ky_nang_giang_day
730,mong nhà trường xem xét lại .,neutral,de_xuat
731,thật sự để đánh giá tổng quát được chất lượng đào tạo thì có lẽ một sinh viên phải học qua nhiều giáo viên mới có cái nhìn tổng quát về cách giảng dạy và chất lượng .,neutral,ky_nang_giang_day
732,em muốn có thời gian tiếp xúc và học hỏi thầy nhiều hơn nhưng do thầy ít lên lớp nên không có cơ hội .,negative,hanh_vi
733,"cô dạy nhiệt tình , dễ hiểu , nhiều ví dụ thức tế .",positive,ky_nang_giang_day
733,"cô dạy nhiệt tình , dễ hiểu , nhiều ví dụ thức tế .",positive,kinh_nghiem
733,"cô dạy nhiệt tình , dễ hiểu , nhiều ví dụ thức tế .",positive,hanh_vi
734,có tâm .,neutral,noi_chung
735,"thầy không thông báo khi nào nghỉ khi nào học , để học sinh phải lên trường chờ mấy tiếng đồng hồ rồi đi về , thầy cũng không lên lớp .",negative,hanh_vi
736,"dễ hiểu , các ví dụ về bài toán hợp lý và cách dạy ngắn gọn xúc tích .",positive,ky_nang_giang_day
736,"dễ hiểu , các ví dụ về bài toán hợp lý và cách dạy ngắn gọn xúc tích .",positive,kinh_nghiem
737,deadline quá nhiều và khoảng cách giữa các bài deadline quá gần .,negative,bai_tap
738,mong ý kiến của em sẽ được xem xét .,neutral,noi_chung
739,biết cách phân bố thời gian .,neutral,noi_chung
740,"giảng dạy lý thuyết quá nhiều và rất rất ít bài tập vận dụng để hiểu được bài hôm đó , thiêng về chứng minh định lý định luật quá nhiều mà không đi vào bài tập , cho bài tập thì quá khó để hiểu được vấn đề , cuối cùng lại không biết gì .",negative,ky_nang_giang_day
740,"giảng dạy lý thuyết quá nhiều và rất rất ít bài tập vận dụng để hiểu được bài hôm đó , thiêng về chứng minh định lý định luật quá nhiều mà không đi vào bài tập , cho bài tập thì quá khó để hiểu được vấn đề , cuối cùng lại không biết gì .",negative,bai_tap
741,"thầy thường xuyên cho làm bài tập trên lớp để điểm danh , đồng thời ôn lại bài học trong buổi học .",positive,ky_nang_giang_day
741,"thầy thường xuyên cho làm bài tập trên lớp để điểm danh , đồng thời ôn lại bài học trong buổi học .",positive,bai_tap
742,"cách giảng dạy phải hiệu quả hơn , lớp học rất uể oải và nặng nề , khó tiếp thu bài .",negative,ky_nang_giang_day
742,"cách giảng dạy phải hiệu quả hơn , lớp học rất uể oải và nặng nề , khó tiếp thu bài .",negative,thiet_bi_day_hoc
742,"cách giảng dạy phải hiệu quả hơn , lớp học rất uể oải và nặng nề , khó tiếp thu bài .",negative,de_xuat
743,các dùng từ ngữ của giảng viên có hơi khó hiểu nên thỉnh thoảng giảng bài làm sinh viên bối rối và không hiểu được nội dung bài học .,negative,ky_nang_giang_day
744,cần sắp xếp phòng học cho phù hợp với số lượng sinh viên để sinh viên tiếp thu tốt hơn .,negative,thiet_bi_day_hoc
744,cần sắp xếp phòng học cho phù hợp với số lượng sinh viên để sinh viên tiếp thu tốt hơn .,neutral,de_xuat
745,ra đề khó .,negative,bai_tap
746,bài giảng sống động .,positive,ky_nang_giang_day
747,không cho học sinh hiểu sâu vấn đề .,negative,ky_nang_giang_day
748,nhiệt tình giảng dạy thêm giờ .,positive,hanh_vi
749,"giảng khó hiểu quá , xen lẫn tiếng anh và tiếng việt .",negative,ky_nang_giang_day
750,"câu em nghe nhiều nhất ở môn này là doubledot bài trên courses đó , kéo về làm đi , có gì không hiểu thì hỏi , em cũng làm đầy đủ , không cần hỏi nhiều vì trên mạng có hết , nhưng mà học xong môn thực hành , em không rõ nó có mục đích gì .",neutral,bai_tap
750,"câu em nghe nhiều nhất ở môn này là doubledot bài trên courses đó , kéo về làm đi , có gì không hiểu thì hỏi , em cũng làm đầy đủ , không cần hỏi nhiều vì trên mạng có hết , nhưng mà học xong môn thực hành , em không rõ nó có mục đích gì .",negative,kien_thuc
751,hay bận công việc đột xuất .,negative,hanh_vi
752,cho nghỉ không thông báo .,negative,hanh_vi
753,cô hay trao đổi với lớp .,positive,hanh_vi
754,"thầy dạy rất hay , thiết thực .",positive,ky_nang_giang_day
755,tránh lãng phí thời gian làm bài cũng như học tập .,negative,bai_tap
756,giảng viên dạy khá nhanh .,negative,ky_nang_giang_day
757,giảng viên lên lớp đầy đủ và đúng giờ .,positive,hanh_vi
758,phong thái .,neutral,hanh_vi
759,"dạy chi tiết , giải bài tập đầy đủ , dễ hiểu .",positive,ky_nang_giang_day
759,"dạy chi tiết , giải bài tập đầy đủ , dễ hiểu .",positive,bai_tap
760,"rút kinh nghiệm về sau , em sẽ ở nhà code bài cờ tướng và đọc slide và không cần lên lớp quá chuyên cần nữa .",neutral,cung_cap_tai_lieu
761,"em cảm thấy nếu có lộ trình để áp dụng phương pháp này một cách cụ thể thì nên áp dụng , còn không thì cứ theo phương pháp truyền thống đi ạ !",neutral,de_xuat
762,"rất mong nhà trường nâng cấp phòng máy máy mở lên rất lâu , màn hình bị nháy , con chuột bị đơ , bàn phím rít , nên cài visual cao hơn visual 2005 để sinh viên dễ thực hành .",negative,thiet_bi_day_hoc
762,"rất mong nhà trường nâng cấp phòng máy máy mở lên rất lâu , màn hình bị nháy , con chuột bị đơ , bàn phím rít , nên cài visual cao hơn visual 2005 để sinh viên dễ thực hành .",positive,de_xuat
763,thầy cô cần cho nhiều bài tập sát với đề thi hơn .,negative,bai_tap
763,thầy cô cần cho nhiều bài tập sát với đề thi hơn .,neutral,de_xuat
764,cô luôn cho lớp làm bài tập để tránh lãng phí thời gian .,positive,bai_tap
765,tính chất môn học là code trực tiếp trên phần mềm dreamweaver và code sửa đi sửa lại để làm cho sinh viên hiểu .,positive,ky_nang_giang_day
766,phòng học có số lượng sinh viên quá đông .,negative,thiet_bi_day_hoc
767,"rất thích cách dạy của thầy , thầy rất nhiệt tình , tận tâm và rất vui tính .",positive,ky_nang_giang_day
767,"rất thích cách dạy của thầy , thầy rất nhiệt tình , tận tâm và rất vui tính .",positive,hanh_vi
768,không gặp sinh viên đủ 3 buổi học thực hành .,negative,kinh_nghiem
769,thầy luôn giới thiệu những công nghệ mới cho chúng em .,positive,ky_nang_giang_day
769,thầy luôn giới thiệu những công nghệ mới cho chúng em .,positive,kien_thuc
770,nhiều nội dung thầy còn dạy hơi nhanh .,negative,ky_nang_giang_day
771,tăng độ khó lên quá nhanh .,negative,bai_tap
772,"truyền đạt không được tốt , buồn ngủ , hàn lâm .",negative,ky_nang_giang_day
773,kiến thức học được còn mơ màng .,negative,kien_thuc
774,"cô dạy nhiệt tình , dạy kỹ .",positive,ky_nang_giang_day
774,"cô dạy nhiệt tình , dạy kỹ .",positive,hanh_vi
775,"em mong muốn cô tương tác với sinh viên nhiều hơn qua moodle ( post tài liệu tham khảo thêm , post ghi chú về bài giảng và các lưu ý trên lớp và cập nhật điểm số bài tập nhanh hơn ) .",negative,cham_diem
775,"em mong muốn cô tương tác với sinh viên nhiều hơn qua moodle ( post tài liệu tham khảo thêm , post ghi chú về bài giảng và các lưu ý trên lớp và cập nhật điểm số bài tập nhanh hơn ) .",negative,cung_cap_tai_lieu
775,"em mong muốn cô tương tác với sinh viên nhiều hơn qua moodle ( post tài liệu tham khảo thêm , post ghi chú về bài giảng và các lưu ý trên lớp và cập nhật điểm số bài tập nhanh hơn ) .",neutral,de_xuat
776,"đôi khi đến lớp muộn , giọng nói còn nhỏ .",negative,hanh_vi
777,truyền đạt hơi nhanh .,negative,ky_nang_giang_day
778,giảng viên cần cung cấp rõ tài liệu thi lý thuyết bộ môn patin .,negative,cung_cap_tai_lieu
778,giảng viên cần cung cấp rõ tài liệu thi lý thuyết bộ môn patin .,positive,de_xuat
779,"hỗ trợ thêm cơ sở vật chất , thiết bị thực tế .",neutral,thiet_bi_day_hoc
779,"hỗ trợ thêm cơ sở vật chất , thiết bị thực tế .",neutral,de_xuat
780,nâng cao hơn nữa công tác giảng dạy .,negative,ky_nang_giang_day
780,nâng cao hơn nữa công tác giảng dạy .,neutral,de_xuat
781,giảng viên tận tâm và vui tính .,positive,hanh_vi
782,nhiệt tình và có tinh thần trách nhiệm cao .,positive,hanh_vi
783,giảng viên có kiến thức chuyên sâu vê môn học .,positive,kien_thuc
784,1 chỉ thực hành chỉ còn ý nghĩa tượng trưng .,negative,kinh_nghiem
784,1 chỉ thực hành chỉ còn ý nghĩa tượng trưng .,negative,chuong_trinh_hoc
785,tăng cường speaking .,neutral,de_xuat
786,rất quan tâm đến sinh viên .,positive,hanh_vi
787,"giảng viên vô cùng tận tâm , hết mình vì sinh viên .",positive,hanh_vi
788,hội thảo nhiều hơn .,positive,de_xuat
789,thầy cho làm quá nhiều bài báo cáo trong khi môn này có 2 chỉ .,negative,bai_tap
790,thầy làm biếng quá .,negative,hanh_vi
791,"nhưng sẽ chẳng ai học nổi , nhưng một bài dạy trong một tiết thì điều đó cực kỳ tốt , để sinh viên không mất quá nhiều thì giờ cũng như giảng viên .",positive,ky_nang_giang_day
792,"tất cả lựa chọn của em dành cho thầy ở mức 4 , rất tốt , rất hoàn hảo .",positive,hanh_vi
793,"có nhiều vấn đề giải thích không rõ ràng , khó hiểu .",negative,ky_nang_giang_day
794,"thầy đảm bảo giờ lên lớp , quá trình giảng dạy trên lớp hiệu quả .",positive,ky_nang_giang_day
794,"thầy đảm bảo giờ lên lớp , quá trình giảng dạy trên lớp hiệu quả .",positive,hanh_vi
795,thầy không sử dụng máy chiếu nên thơi gian giảng dạy của môn học dài hơn bình thường dẫn đến việc cho ra trễ .,negative,thiet_bi_day_hoc
796,"không cập nhật tin tức trên moodle , không mở diễn đàn trao đổi .",negative,cung_cap_tai_lieu
796,"không cập nhật tin tức trên moodle , không mở diễn đàn trao đổi .",neutral,de_xuat
797,thầy giảng bài và sửa bài tập rất cẩn thận .,positive,ky_nang_giang_day
797,thầy giảng bài và sửa bài tập rất cẩn thận .,positive,hanh_vi
798,"sử dụng giờ lên lớp không hiệu quả do đó không tập trung dạy bài kỹ lưỡng , khả năng truyền đạt không tốt .",negative,ky_nang_giang_day
799,"thầy dạy chậm , nhưng dễ hiểu , học sinh dễ nắm bắt chương trình học , biết được hướng căn bản để làm bài .",positive,ky_nang_giang_day
800,cách giảng dạy chưa thực sự gây hứng thú cho sinh viên .,negative,ky_nang_giang_day
801,thiết bị giảng dạy chưa tốt lắm .,negative,thiet_bi_day_hoc
802,"đặt biệt là bài proxy lab chỉ cung cấp code đã làm ( một bản của 1 sinh viên , một bản lấy trên mạng ) nhưng không cung cấp code đề bài để sinh viên làm .",negative,bai_tap
802,"đặt biệt là bài proxy lab chỉ cung cấp code đã làm ( một bản của 1 sinh viên , một bản lấy trên mạng ) nhưng không cung cấp code đề bài để sinh viên làm .",negative,cung_cap_tai_lieu
803,nghiêm khắc .,negative,hanh_vi
804,"không vào đúng môn học , còn quá mông lung .",negative,chuong_trinh_hoc
805,lượng kiến thức truyền tải cho học sinh đầy đủ .,positive,kien_thuc
806,trình bày hay .,positive,ky_nang_giang_day
807,"giảng viên dạy dễ hiểu , bài tập được giải chi tiết , kỹ càng , dễ hiểu , giảng viên nhiệt tình , hài hước .",positive,ky_nang_giang_day
807,"giảng viên dạy dễ hiểu , bài tập được giải chi tiết , kỹ càng , dễ hiểu , giảng viên nhiệt tình , hài hước .",positive,hanh_vi
807,"giảng viên dạy dễ hiểu , bài tập được giải chi tiết , kỹ càng , dễ hiểu , giảng viên nhiệt tình , hài hước .",positive,bai_tap
808,"cô dạy rất nhiệt tình , cám ơn cô .",positive,hanh_vi
809,"cô rất tâm huyết , không chỉ dạy kiến thức anh văn mà còn rút ra những bài học kinh nghiệm từ bài giảng .",positive,kinh_nghiem
809,"cô rất tâm huyết , không chỉ dạy kiến thức anh văn mà còn rút ra những bài học kinh nghiệm từ bài giảng .",positive,hanh_vi
809,"cô rất tâm huyết , không chỉ dạy kiến thức anh văn mà còn rút ra những bài học kinh nghiệm từ bài giảng .",positive,kien_thuc
810,"nhiệt tình , tận tâm , hài hước , famous name .",positive,hanh_vi
811,cách nói chuyện .,neutral,noi_chung
812,"thầy dạy hay , vui tính .",positive,ky_nang_giang_day
812,"thầy dạy hay , vui tính .",positive,hanh_vi
813,thầy cho rất nhiều bài tập đảm bảo lượng kiến thức đủ cho sinh viên giảng dạy rất nhiệt tình .,positive,hanh_vi
813,thầy cho rất nhiều bài tập đảm bảo lượng kiến thức đủ cho sinh viên giảng dạy rất nhiệt tình .,neutral,bai_tap
813,thầy cho rất nhiều bài tập đảm bảo lượng kiến thức đủ cho sinh viên giảng dạy rất nhiệt tình .,positive,kien_thuc
814,"cô đi dạy đúng giờ , dạy cho sinh viên kỹ năng trình bày bài , dạy kỹ .",positive,ky_nang_giang_day
814,"cô đi dạy đúng giờ , dạy cho sinh viên kỹ năng trình bày bài , dạy kỹ .",positive,hanh_vi
815,"hướng dẫn tích cực , nhiệt tình .",positive,hanh_vi
816,giảng viên tận tình với sinh viên chỉ bảo dễ hiểu !,positive,ky_nang_giang_day
816,giảng viên tận tình với sinh viên chỉ bảo dễ hiểu !,positive,hanh_vi
817,giảng viên không dùng hệ thống courses nên hơi khó để học sinh xem lại bài cũ .,negative,cung_cap_tai_lieu
818,thầy rất vui tính và rất thật !,positive,hanh_vi
819,"tất cả kiến thức đều hướng dẫn tận tình cho sinh viên , không tạo áp lực môn học , điểm số công bằng , vô tư .",positive,ky_nang_giang_day
819,"tất cả kiến thức đều hướng dẫn tận tình cho sinh viên , không tạo áp lực môn học , điểm số công bằng , vô tư .",positive,cham_diem
820,không có ý kiến không hài lòng về thầy .,neutral,hanh_vi
821,cung cấp đầy đủ thông tin bài học .,positive,cung_cap_tai_lieu
822,thầy rất nhiệt tình với sinh viên .,positive,hanh_vi
823,có nhiều ví dụ thực tế hơn .,negative,kinh_nghiem
823,có nhiều ví dụ thực tế hơn .,neutral,de_xuat
824,"không nói rõ nội dung nộp đồ án cuối kỳ là gì , cũng không nói rõ phải in báo cáo và ghi nội dung đồ án vào đĩa dvd trước ngày nộp .",negative,bai_tap
825,"tận tình , cung cấp đầy đủ kiến thức .",positive,hanh_vi
825,"tận tình , cung cấp đầy đủ kiến thức .",positive,kien_thuc
826,tận tâm chỉ dạy .,positive,hanh_vi
827,thầy vui tính và tận tâm .,positive,hanh_vi
828,cách thầy truyền đạt cực hay !,positive,ky_nang_giang_day
829,"tiếp cận với kiến thức thực tế , nâng cao khả năng tự học , nghiên cứu .",positive,kinh_nghiem
829,"tiếp cận với kiến thức thực tế , nâng cao khả năng tự học , nghiên cứu .",positive,kien_thuc
830,yêu cầu quá cao về quá trình làm đồ án .,negative,bai_tap
831,nâng cao chất lượng thực thành .,neutral,de_xuat
832,nên tăng thời lượng học các kỹ năng này .,negative,chuong_trinh_hoc
832,nên tăng thời lượng học các kỹ năng này .,neutral,de_xuat
833,thầy vui tính .,positive,hanh_vi
834,chúng em phải thuyết trình nhiều nhưng chưa có tổng hợp kiến thức sau buổi học .,negative,bai_tap
834,chúng em phải thuyết trình nhiều nhưng chưa có tổng hợp kiến thức sau buổi học .,negative,cung_cap_tai_lieu
835,quy mô dự án quá lớn mà phải thực hiện trong một thời gian ngắn và việc quản lý một dự án đó cho cả lớp không chỉ đơn giản trong một học kỳ .,negative,bai_tap
835,quy mô dự án quá lớn mà phải thực hiện trong một thời gian ngắn và việc quản lý một dự án đó cho cả lớp không chỉ đơn giản trong một học kỳ .,negative,chuong_trinh_hoc
836,cô giảng rất dễ hiểu .,positive,ky_nang_giang_day
837,"giảng dạy nhiệt tình , dễ hiểu , luôn khuyến khích sinh viên học tập tốt , sử dụng hiểu quả giờ lên lớp .",positive,ky_nang_giang_day
837,"giảng dạy nhiệt tình , dễ hiểu , luôn khuyến khích sinh viên học tập tốt , sử dụng hiểu quả giờ lên lớp .",positive,hanh_vi
838,"thầy có tâm và rất tận tình , rõ ràng trong các thông báo .",positive,hanh_vi
839,"giảng viên giảng dễ hiểu , nhiệt tình giúp đỡ .",positive,ky_nang_giang_day
839,"giảng viên giảng dễ hiểu , nhiệt tình giúp đỡ .",positive,hanh_vi
840,"cô nhiệt tình , cố gắng giúp đỡ học sinh .",positive,hanh_vi
841,"tạo điều kiện cho học sinh chủ động , thích nhất cách thầy cho làm việc teamwork .",positive,ky_nang_giang_day
841,"tạo điều kiện cho học sinh chủ động , thích nhất cách thầy cho làm việc teamwork .",positive,hanh_vi
842,hay cho chơi các game show để cải thiện kỹ năng nói tiếng anh .,positive,de_xuat
843,thầy dạy không chu đáo .,negative,hanh_vi
844,bài tập đa dạng .,positive,bai_tap
845,không học được gì từ hình thức thực hành 2 này nên bỏ hình thức thực hành này .,negative,kinh_nghiem
845,không học được gì từ hình thức thực hành 2 này nên bỏ hình thức thực hành này .,negative,de_xuat
846,"cô giảng bài không truyền cảm hứng cho sinh viên , cũng như cô không quản được lớp trong giờ seminar như vậy làm cho mục đích cho lớp seminar không đạt chất lượng .",negative,ky_nang_giang_day
846,"cô giảng bài không truyền cảm hứng cho sinh viên , cũng như cô không quản được lớp trong giờ seminar như vậy làm cho mục đích cho lớp seminar không đạt chất lượng .",negative,hanh_vi
847,"thầy giảng rất hay , làm sinh viên khá hứng thú .",positive,ky_nang_giang_day
848,theo em thì cô nên chú trọng dạy kỹ hơn về cách làm bài tập và các dạng bài .,negative,ky_nang_giang_day
848,theo em thì cô nên chú trọng dạy kỹ hơn về cách làm bài tập và các dạng bài .,neutral,de_xuat
849,"chỉ có mỗi giọng nói của giảng viên hơi khó nghe , nhưng sinh viên vẫn thông cảm vì điều đó là không thể nào thay đổi được .",negative,ky_nang_giang_day
850,"thầy dạy tận tình , khối lượng kiến thức nhẹ nhàng .",positive,hanh_vi
850,"thầy dạy tận tình , khối lượng kiến thức nhẹ nhàng .",positive,chuong_trinh_hoc
851,em nghĩ nên cho thêm nhiều bài tập về nhà để sinh viên có thể tiếp thu bài một cách hiệu quả hơn em xin cảm ơn !,neutral,bai_tap
851,em nghĩ nên cho thêm nhiều bài tập về nhà để sinh viên có thể tiếp thu bài một cách hiệu quả hơn em xin cảm ơn !,neutral,de_xuat
852,"sinh viên chưa có một chút kiến thức nền tảng nào đã phải học những kiến thức bậc trung đến khó , chưa nói slide giảng dạy là chương trình dành cho cao học .",negative,cung_cap_tai_lieu
852,"sinh viên chưa có một chút kiến thức nền tảng nào đã phải học những kiến thức bậc trung đến khó , chưa nói slide giảng dạy là chương trình dành cho cao học .",negative,kien_thuc
852,"sinh viên chưa có một chút kiến thức nền tảng nào đã phải học những kiến thức bậc trung đến khó , chưa nói slide giảng dạy là chương trình dành cho cao học .",negative,chuong_trinh_hoc
853,"giảng viên thân thiện , vui tính , nhiệt tình trong giảng dạy .",positive,hanh_vi
854,"cô vui tính , nhiệt tình trong giảng dạy .",positive,ky_nang_giang_day
854,"cô vui tính , nhiệt tình trong giảng dạy .",positive,hanh_vi
855,không nên ràng buộc về kỹ thuật sử dụng trong báo cáo .,neutral,de_xuat
856,thầy dạy hay truyền đạt tốt dễ hiểu .,positive,ky_nang_giang_day
857,"vui vẻ , thoải mái , có tâm .",positive,hanh_vi
858,thầy cho bài tập hơi khó .,negative,bai_tap
859,"vui tính , dễ hiểu .",positive,ky_nang_giang_day
859,"vui tính , dễ hiểu .",positive,hanh_vi
860,thầy khá hiền .,positive,hanh_vi
861,giảng kỹ các bài học cơ bản .,positive,ky_nang_giang_day
862,nhìn chung là tôi rất hài lòng với giảng viên wzjwz264 .,positive,hanh_vi
863,"giảng viên chu đáo , nhiệt tình trong giảng dạy .",positive,hanh_vi
864,cảm ơn thầy !,positive,noi_chung
865,diễn đạt ý sang tiếng việt chưa rõ ràng .,negative,ky_nang_giang_day
866,giáo viên đến đúng giờ .,positive,hanh_vi
867,"môn học giúp sinh viên vận dụng được các kỹ năng về lập trình , giúp sinh viên hiểu rõ về hướng đối tượng và giúp sinh viên có thể tự làm ra các phần mềm đơn giản cho riêng mình bằng ngôn ngữ c .",positive,kien_thuc
867,"môn học giúp sinh viên vận dụng được các kỹ năng về lập trình , giúp sinh viên hiểu rõ về hướng đối tượng và giúp sinh viên có thể tự làm ra các phần mềm đơn giản cho riêng mình bằng ngôn ngữ c .",positive,chuong_trinh_hoc
868,phân biệt rõ ràng giữa đúng và sai .,positive,ky_nang_giang_day
869,ngắn gọn .,neutral,noi_chung
870,"giáo viên cứ cho đồ án liên quan đến môn học , rồi thi cũng dựa theo đồ án mà ra đề , như vậy vừa giúp sinh viên hiểu cặn kẽ , vừa đỡ tốn thời gian ngồi học lý thuyết vô bổ học xong quên sạch không đọng lại được cái gì .",positive,kinh_nghiem
870,"giáo viên cứ cho đồ án liên quan đến môn học , rồi thi cũng dựa theo đồ án mà ra đề , như vậy vừa giúp sinh viên hiểu cặn kẽ , vừa đỡ tốn thời gian ngồi học lý thuyết vô bổ học xong quên sạch không đọng lại được cái gì .",positive,bai_tap
871,giảng kỹ và nhiệt tình giải đáp .,positive,ky_nang_giang_day
871,giảng kỹ và nhiệt tình giải đáp .,positive,hanh_vi
872,thầy dạy cứng nhắc và nhanh !,negative,ky_nang_giang_day
873,"thầy giảng dễ hiểu , kiến thức thực hành phong phú lấy từ nhiều nguồn và dễ gần .",positive,ky_nang_giang_day
873,"thầy giảng dễ hiểu , kiến thức thực hành phong phú lấy từ nhiều nguồn và dễ gần .",positive,kinh_nghiem
873,"thầy giảng dễ hiểu , kiến thức thực hành phong phú lấy từ nhiều nguồn và dễ gần .",positive,kien_thuc
874,truyền đạt dễ hiểu !,positive,ky_nang_giang_day
875,cô rất tốt hòa đồng và rất giỏi .,positive,hanh_vi
875,cô rất tốt hòa đồng và rất giỏi .,positive,kien_thuc
876,em chúc thầy luôn hạnh phúc ạ .,positive,noi_chung
877,"dạy dễ hiểu , tận tình giải thích cho sinh viên .",positive,ky_nang_giang_day
878,truyền đạt chưa được thu hút nên hơi khó hiểu một chút .,negative,ky_nang_giang_day
879,thái độ giảng dạy rất tốt .,positive,hanh_vi
880,có cung cấp bài tập cho sinh viên tự học ở nhà .,neutral,bai_tap
881,quá khó và rất khó .,negative,noi_chung
882,bài tập phong phú đa dạng .,positive,bai_tap
883,cô rất nhiệt tình và tạo hứng thú trong học tập .,positive,hanh_vi
884,"cách dạy vui , ví dụ cụ thể , giúp sinh viên hiểu rõ bài .",positive,ky_nang_giang_day
885,giải đáp thắc mắc kịp thời .,positive,hanh_vi
886,không có gì làm em không hài lòng cả .,neutral,noi_chung
887,"giảng viên tận tâm , hài hước , giúp sinh viên nắm kỹ và trau dồi kiến thức .",positive,ky_nang_giang_day
887,"giảng viên tận tâm , hài hước , giúp sinh viên nắm kỹ và trau dồi kiến thức .",positive,hanh_vi
887,"giảng viên tận tâm , hài hước , giúp sinh viên nắm kỹ và trau dồi kiến thức .",positive,kien_thuc
888,giáo viên nhiệt tình trong công việc .,positive,hanh_vi
889,cần có bộ giáo trình chuẩn cho môn này .,negative,cung_cap_tai_lieu
889,cần có bộ giáo trình chuẩn cho môn này .,neutral,de_xuat
890,thực hành sớm hơn so với lý thuyết dẫn đến nhiều khó khăn cho sinh viên .,negative,kinh_nghiem
890,thực hành sớm hơn so với lý thuyết dẫn đến nhiều khó khăn cho sinh viên .,negative,chuong_trinh_hoc
891,"nhiều máy còn bị nhiễm virus , chậm , đôi khi làm hỏng phần mềm thực hành .",negative,thiet_bi_day_hoc
892,"vậy thì em ở nhà làm bài , rồi mail cho thầy hỏi cũng được , nhọc công đi 20 km lên trường làm gì ?",neutral,de_xuat
893,giảng dạy vào trọng tâm và rất dễ hiểu .,positive,ky_nang_giang_day
894,tậm tâm với sinh viên .,positive,hanh_vi
895,"cô nhiệt tình , dễ tính .",positive,hanh_vi
896,không hay lắm !,negative,noi_chung
897,nội dung thi nặng đối với sinh viên không chuyên .,negative,chuong_trinh_hoc
898,"thầy cực kỳ dễ thương , và còn dạy rất hay nữa .",positive,ky_nang_giang_day
898,"thầy cực kỳ dễ thương , và còn dạy rất hay nữa .",positive,hanh_vi
899,hướng dẫn lớp thực hành để làm bài tốt hơn .,positive,ky_nang_giang_day
900,cho nhiều bài tập thức hành tốt .,positive,bai_tap
901,giảng viên có quan tâm đến những nhu cầu trong học tập của sinh viên .,positive,hanh_vi
902,thầy dữ quá sinh viên 50 người thì 49 người sợ thầy .,negative,hanh_vi
903,cho bài tập làm tại lớp .,neutral,bai_tap
903,cho bài tập làm tại lớp .,neutral,de_xuat
904,đề thi nên dễ hơn .,negative,chuong_trinh_hoc
904,đề thi nên dễ hơn .,negative,de_xuat
905,sinh viên lên lớp thì muốn làm cũng được không cần phải ngồi làm bài thực hành chỉ cần đến hôm nộp bài có bài nộp là được .,negative,bai_tap
906,"giảng viên có tính hài hước , dí dỏm .",positive,hanh_vi
907,thầy cần tạo thêm hứng thú cho môn học .,negative,ky_nang_giang_day
907,thầy cần tạo thêm hứng thú cho môn học .,neutral,de_xuat
908,"tích cực sử dụng hiệu quả trang moodle để cung cấp thông tin , dữ liệu .",positive,cung_cap_tai_lieu
909,"một số nội dung thực hành mong thầy hướng dẫn sinh viên kỹ hơn , vì buổi thực hành phần lớn chỉ gặp mặt chứ không được nghe hướng dẫn cách làm hay tài liệu tham khảo .",negative,ky_nang_giang_day
909,"một số nội dung thực hành mong thầy hướng dẫn sinh viên kỹ hơn , vì buổi thực hành phần lớn chỉ gặp mặt chứ không được nghe hướng dẫn cách làm hay tài liệu tham khảo .",negative,kinh_nghiem
909,"một số nội dung thực hành mong thầy hướng dẫn sinh viên kỹ hơn , vì buổi thực hành phần lớn chỉ gặp mặt chứ không được nghe hướng dẫn cách làm hay tài liệu tham khảo .",negative,cung_cap_tai_lieu
909,"một số nội dung thực hành mong thầy hướng dẫn sinh viên kỹ hơn , vì buổi thực hành phần lớn chỉ gặp mặt chứ không được nghe hướng dẫn cách làm hay tài liệu tham khảo .",neutral,de_xuat
910,chưa thực sự tốt .,negative,noi_chung
911,thầy dạy rất nhanh .,negative,ky_nang_giang_day
912,"không có , chỉ là phòng lab máy nên được nâng cấp .",negative,thiet_bi_day_hoc
912,"không có , chỉ là phòng lab máy nên được nâng cấp .",positive,de_xuat
913,cô nhiệt tình chỉ dạy luôn đi dạy đúng giờ và lúc nào cũng có mặt trong lớp .,positive,hanh_vi
914,"bài giảng hay , bài tập đầy đủ .",positive,ky_nang_giang_day
914,"bài giảng hay , bài tập đầy đủ .",positive,bai_tap
915,"giảng viên nhiệt tình , giải đáp cụ thể các thắc mắc của sinh viên .",positive,hanh_vi
916,"tuy nhiên , bản chất môn học vẫn chán nên dù cô dạy rất hay nhưng cũng khó theo được .",negative,ky_nang_giang_day
916,"tuy nhiên , bản chất môn học vẫn chán nên dù cô dạy rất hay nhưng cũng khó theo được .",negative,chuong_trinh_hoc
917,"môn mạng học ở phòng wzjwz24 , wifi ở phòng này khá yếu , xài rất chậm .",negative,thiet_bi_day_hoc
918,"gần tới kỳ thi cuỗi kỳ mà sinh viên chưa biết được mình đang học gì , dù có cố gắng nghe nhưng vẫn không hiểu .",negative,ky_nang_giang_day
918,"gần tới kỳ thi cuỗi kỳ mà sinh viên chưa biết được mình đang học gì , dù có cố gắng nghe nhưng vẫn không hiểu .",negative,chuong_trinh_hoc
919,cô giảng rất nhiệt tình và quan tâm học sinh .,positive,hanh_vi
920,"giờ học vui vẻ , sôi nổi .",positive,hanh_vi
921,"giáo trình của môn học chưa đầy đủ , chưa cập nhập .",negative,cung_cap_tai_lieu
922,chưa tạo được sự sôi nổi giữa lớp học .,negative,ky_nang_giang_day
923,giảng viên có khả năng truyền đạt tốt .,positive,ky_nang_giang_day
924,giảng viên giảng dạy rất hay và nhiệt tình .,positive,ky_nang_giang_day
924,giảng viên giảng dạy rất hay và nhiệt tình .,positive,hanh_vi
925,"em xin có kiến nghị là nội dung môn học nên gắn bó hơn với nội dung các bài tiểu luận , kiểm tra .",negative,chuong_trinh_hoc
925,"em xin có kiến nghị là nội dung môn học nên gắn bó hơn với nội dung các bài tiểu luận , kiểm tra .",positive,de_xuat
926,máy thực hành nên cài visual studio 2013 .,neutral,thiet_bi_day_hoc
926,máy thực hành nên cài visual studio 2013 .,positive,de_xuat
927,đôi khi cô giảng hơi nhanh .,negative,ky_nang_giang_day
928,"phòng học nóng , máy chiếu hơi mờ .",negative,thiet_bi_day_hoc
929,"giảng dạy nhiệt tình , dễ hiểu , nói chuyện rất vui và thoải mái .",positive,ky_nang_giang_day
929,"giảng dạy nhiệt tình , dễ hiểu , nói chuyện rất vui và thoải mái .",positive,hanh_vi
930,"thầy nên định hướng nghiên cứu , hướng dẫn cách triển khai đối với những bài thực hành khó .",neutral,bai_tap
930,"thầy nên định hướng nghiên cứu , hướng dẫn cách triển khai đối với những bài thực hành khó .",neutral,de_xuat
931,kiến thức bổ ích .,positive,kien_thuc
932,em mong muốn được tiếp tục học môn cấu trúc rời rạc của thầy .,neutral,chuong_trinh_hoc
932,em mong muốn được tiếp tục học môn cấu trúc rời rạc của thầy .,positive,de_xuat
933,mong giảng viên lưu tâm .,neutral,de_xuat
934,thầy giảng khá buồn ngủ và chán .,negative,hanh_vi
935,chương trình học nên được phân bổ ra riêng thành 2 phần như chương trình cũ .,neutral,chuong_trinh_hoc
935,chương trình học nên được phân bổ ra riêng thành 2 phần như chương trình cũ .,neutral,de_xuat
936,cô giảng dạy hết mình .,positive,ky_nang_giang_day
936,cô giảng dạy hết mình .,positive,hanh_vi
937,"thầy nói giọng to , rõ ràng .",positive,ky_nang_giang_day
937,"thầy nói giọng to , rõ ràng .",positive,hanh_vi
938,thầy dạy nhiệt tình và tận tâm với sinh viên .,positive,hanh_vi
939,tạo hứng khởi cho sinh viên học tập .,positive,hanh_vi
940,thầy giáo quá khắc khe đối với một môn học mang tính nhập môn .,negative,hanh_vi
941,"tất cả những gì thấy nói về nhưng tiết thực hành chỉ là "" chúng ta còn các tiết thực hành và tôi sẽ sắp xếp để lên lớp chung thành 1 buổi 5 tiết "" .",negative,chuong_trinh_hoc
941,"tất cả những gì thấy nói về nhưng tiết thực hành chỉ là "" chúng ta còn các tiết thực hành và tôi sẽ sắp xếp để lên lớp chung thành 1 buổi 5 tiết "" .",neutral,de_xuat
942,nhiệt tình giảng dạy tận tình với học sinh .,positive,hanh_vi
943,đồ án của môn học có những đồ án quá nặng trong khi phân công đồ án chưa phù hợp với lực học của từng sinh viên .,negative,bai_tap
944,tất cả môn học .,neutral,noi_chung
945,"môn học này khá nặng nhưng giờ lên lớp em thấy chưa hiệu quả , còn nhiều thời gian trống .",negative,ky_nang_giang_day
945,"môn học này khá nặng nhưng giờ lên lớp em thấy chưa hiệu quả , còn nhiều thời gian trống .",negative,chuong_trinh_hoc
946,"môn học cần làm nhiều bài tập , vận dụng những kiến thức vào bài tập cụ thể .",negative,bai_tap
946,"môn học cần làm nhiều bài tập , vận dụng những kiến thức vào bài tập cụ thể .",neutral,de_xuat
947,nội dung hơi khó hiểu .,negative,chuong_trinh_hoc
948,"đưa ra rất nhiều bài tập trong tiết học kèm với sửa bài đầy đủ giúp sinh viên hiểu rõ và củng cố lượng kiến thức đã học được , cũng như để chuẩn bị tốt cho bài thi .",positive,bai_tap
948,"đưa ra rất nhiều bài tập trong tiết học kèm với sửa bài đầy đủ giúp sinh viên hiểu rõ và củng cố lượng kiến thức đã học được , cũng như để chuẩn bị tốt cho bài thi .",positive,kien_thuc
949,hiện tại sinh viên khá mơ màng về môn học này .,negative,noi_chung
950,đề thi thực hành cuối kỳ chưa hay .,negative,cham_diem
951,"môn học nên mở rộng ra ios , nơi store có nhiều sản phẩm chất lượng nhất hiện nay .",neutral,chuong_trinh_hoc
951,"môn học nên mở rộng ra ios , nơi store có nhiều sản phẩm chất lượng nhất hiện nay .",positive,de_xuat
952,tăng cường phần nghe và viết .,neutral,de_xuat
953,truyền đạt không hay .,negative,ky_nang_giang_day
954,"rát hài lòng về việc giảng dạy của cô , bài tập cũng như các kiến thức cô giảng rất kỹ và dễ hiểu .",positive,ky_nang_giang_day
954,"rát hài lòng về việc giảng dạy của cô , bài tập cũng như các kiến thức cô giảng rất kỹ và dễ hiểu .",positive,bai_tap
954,"rát hài lòng về việc giảng dạy của cô , bài tập cũng như các kiến thức cô giảng rất kỹ và dễ hiểu .",positive,kien_thuc
955,"thầy cho nhiều bài tập hay và rộng hơn khi học lý thuyết , giúp em biết thêm nhiều thứ hơn .",positive,bai_tap
955,"thầy cho nhiều bài tập hay và rộng hơn khi học lý thuyết , giúp em biết thêm nhiều thứ hơn .",positive,kien_thuc
956,có tâm huyết với lớp và chương trình học .,positive,hanh_vi
956,có tâm huyết với lớp và chương trình học .,positive,chuong_trinh_hoc
957,"thân thiện , nhiệt tình với sinh viên .",positive,hanh_vi
958,thầy wzjwz79 dạy rất tận tâm và chu đáo .,positive,hanh_vi
959,thầy giảng nhiệt tình .,positive,hanh_vi
960,giúp đỡ học sinh từng chút một và rất vui vẻ .,positive,hanh_vi
961,vui vẻ nhiệt tình .,positive,hanh_vi
962,truyền đạt hay tương tác nhiều với sinh viên giúp sinh viên hiểu thêm về môn học .,positive,ky_nang_giang_day
962,truyền đạt hay tương tác nhiều với sinh viên giúp sinh viên hiểu thêm về môn học .,positive,hanh_vi
963,có những ví dụ sinh động dễ hiểu .,positive,kinh_nghiem
964,thầy dạy rất sát với thực tế .,positive,kinh_nghiem
965,đảm bảo cân bằng giữa học lý thuyết và làm bài tập .,neutral,bai_tap
965,đảm bảo cân bằng giữa học lý thuyết và làm bài tập .,neutral,chuong_trinh_hoc
965,đảm bảo cân bằng giữa học lý thuyết và làm bài tập .,neutral,de_xuat
966,thầy nói hơi nhỏ nên có khi nghe được khi không nghe được .,negative,ky_nang_giang_day
967,còn một điều nữa .,neutral,noi_chung
968,cô giảng hơi khô khan !,negative,ky_nang_giang_day
968,cô giảng hơi khô khan !,negative,hanh_vi
969,đôi khi mọi chuyện một con người không thể đánh giá qua học hành được àm phải nhiều phương diện cô ạ .,neutral,noi_chung
970,không có điều gì .,neutral,noi_chung
971,"thầy tận tâm , nhiệt tình , dạy đễ hiểu .",positive,ky_nang_giang_day
971,"thầy tận tâm , nhiệt tình , dạy đễ hiểu .",positive,hanh_vi
972,hoạt động tổ chức thuyết trình .,neutral,noi_chung
973,silde bằng tiếng việt .,neutral,cung_cap_tai_lieu
974,thầy hay dạy lố giờ nên những bạn có môn học của những giờ sau hay bị mất bài .,negative,ky_nang_giang_day
974,thầy hay dạy lố giờ nên những bạn có môn học của những giờ sau hay bị mất bài .,negative,hanh_vi
975,có thể không cần chữa bài nào hết miễn sao giảng viên phải cho đáp án nếu quá khó chỉ cần gợi ý sơ sài cũng được .,negative,bai_tap
975,có thể không cần chữa bài nào hết miễn sao giảng viên phải cho đáp án nếu quá khó chỉ cần gợi ý sơ sài cũng được .,neutral,de_xuat
976,"mong thầy chuẩn bị nội dung giảng dạy tốt hơn , đặc biệt là slide .",negative,cung_cap_tai_lieu
976,"mong thầy chuẩn bị nội dung giảng dạy tốt hơn , đặc biệt là slide .",neutral,de_xuat
977,"thầy dạy rất tốt, mong là có thêm bài tập về nhà và bắt buộc nộp .",positive,ky_nang_giang_day
977,"thầy dạy rất tốt, mong là có thêm bài tập về nhà và bắt buộc nộp .",negative,bai_tap
977,"thầy dạy rất tốt, mong là có thêm bài tập về nhà và bắt buộc nộp .",positive,de_xuat
978,"thầy giảng dễ hiểu , có sửa bài tập mẫu cho các dạng đề .",positive,ky_nang_giang_day
978,"thầy giảng dễ hiểu , có sửa bài tập mẫu cho các dạng đề .",positive,bai_tap
979,khó tiếp thu bài giảng .,negative,ky_nang_giang_day
980,quá nhiều lý thuyết .,negative,chuong_trinh_hoc
981,buổi học cuối đợt thi giữa kỳ được thông báo nghỉ và lịch bù trên da nhưng thời gian thông báo quá trễ .,negative,chuong_trinh_hoc
981,buổi học cuối đợt thi giữa kỳ được thông báo nghỉ và lịch bù trên da nhưng thời gian thông báo quá trễ .,negative,de_xuat
982,"đẹp trai , dạy tốt .",positive,ky_nang_giang_day
983,"giảng viên có giọng nói tốt , truyền đạt dễ hiểu .",positive,ky_nang_giang_day
984,nội dung thực hành phù hợp với lý thuyết đã học !,positive,kinh_nghiem
985,giảng viên rất nhiệt tình !,positive,hanh_vi
986,giảng viên dạy rất tốt .,positive,ky_nang_giang_day
987,"cần chia nhỏ thêm các phần của môn thực hành , khi đó sinh viên sẽ dễ làm và có thể hiểu được bài rõ hơn khi thiết kế mạch và kiểm tra trên kit .",negative,bai_tap
987,"cần chia nhỏ thêm các phần của môn thực hành , khi đó sinh viên sẽ dễ làm và có thể hiểu được bài rõ hơn khi thiết kế mạch và kiểm tra trên kit .",neutral,de_xuat
988,đúng giờ .,positive,hanh_vi
989,giảng bài chi tiết .,positive,ky_nang_giang_day
990,thầy cần dạy bám sát vào môn học và chỉ dạy kỹ hơn về việc đánh giá cuối kỳ kỹ lưỡng hơn một chút .,negative,ky_nang_giang_day
990,thầy cần dạy bám sát vào môn học và chỉ dạy kỹ hơn về việc đánh giá cuối kỳ kỹ lưỡng hơn một chút .,negative,cham_diem
990,thầy cần dạy bám sát vào môn học và chỉ dạy kỹ hơn về việc đánh giá cuối kỳ kỹ lưỡng hơn một chút .,neutral,de_xuat
991,"chuẩn kiến thức , truyền đạt dễ hiểu , đúng giờ .",positive,ky_nang_giang_day
991,"chuẩn kiến thức , truyền đạt dễ hiểu , đúng giờ .",positive,hanh_vi
991,"chuẩn kiến thức , truyền đạt dễ hiểu , đúng giờ .",positive,kien_thuc
992,"giảng viên chuyên về vhdl , về môn học này thì sử dụng hdl nên có nhiều phần giảng viên không giải đáp được .",negative,kien_thuc
993,"thầy dạy rất tận tâm , dễ hiểu , truyền đạt rất tốt .",positive,ky_nang_giang_day
993,"thầy dạy rất tận tâm , dễ hiểu , truyền đạt rất tốt .",positive,hanh_vi
994,"giảng viên vui tính , nhiệt tình và thân thiện , dạy rất dễ hiểu .",positive,ky_nang_giang_day
994,"giảng viên vui tính , nhiệt tình và thân thiện , dạy rất dễ hiểu .",positive,hanh_vi
995,giảng viên khá hòa đồng với sinh viên .,positive,hanh_vi
996,động lực học và không khí chưa có mạnh mẽ .,negative,hanh_vi
997,"theo ý kiến của em , việc thực hành hiện giờ không theo kịp chương trình lý thuyết trên lớp nên không củng cố cho việc hiểu rõ bài hơn .",negative,kinh_nghiem
997,"theo ý kiến của em , việc thực hành hiện giờ không theo kịp chương trình lý thuyết trên lớp nên không củng cố cho việc hiểu rõ bài hơn .",negative,chuong_trinh_hoc
998,"không ý kiến , thầy dạy rất hay .",positive,ky_nang_giang_day
999,dạy lý thuyết nhiều nhưng toàn là những phần không trọng tâm và khó hiểu nữa .,negative,ky_nang_giang_day
1000,"giảng dạy tận tâm , hiệu quả .",positive,ky_nang_giang_day
1000,"giảng dạy tận tâm , hiệu quả .",positive,hanh_vi
1001,cô tuyệt vời em không có gì than phiền .,positive,ky_nang_giang_day
1001,cô tuyệt vời em không có gì than phiền .,positive,hanh_vi
1002,cần thêm bài tập về nhà .,negative,bai_tap
1002,cần thêm bài tập về nhà .,neutral,de_xuat
1003,"thầy giảng bài bằng một âm thanh đều đều và hơi nhỏ , dẫn tới việc không nghe được và không hiểu bài .",negative,ky_nang_giang_day
1004,"tỉ lệ điểm số phân bố chưa đề so với phần việc , giữa điểm quá trình và điểm thực hành .",negative,cham_diem
1005,"thầy dạy khá khó hiểu , giờ thực hành thường ít code mẫu để sinh viên tham khảo .",negative,ky_nang_giang_day
1005,"thầy dạy khá khó hiểu , giờ thực hành thường ít code mẫu để sinh viên tham khảo .",negative,cung_cap_tai_lieu
1006,chương trình giảng dạy cần được phân bố hợp lý hơn .,negative,chuong_trinh_hoc
1006,chương trình giảng dạy cần được phân bố hợp lý hơn .,neutral,de_xuat
1007,thầy dạy vui vẻ cởi mở .,positive,hanh_vi
1008,nếu muốn học em sẽ lên lớp nhưng nếu như có việc bận hay vì nhiều lý do như buồn ngủ chẳng hạn thì em cũng nghĩ cô không muốn thấy rằng sinh viên của mình vẫn điểm danh đều mặc dù lên lớp chỉ ngủ .,negative,hanh_vi
1009,"em mong thầy cô hỏi hết sinh viên trong lớp chứ đừng hỏi bài chung chung vì như thế không biết ai yếu , nhiều bạn tới lớp chỉ ngủ , học cho xong .",negative,ky_nang_giang_day
1009,"em mong thầy cô hỏi hết sinh viên trong lớp chứ đừng hỏi bài chung chung vì như thế không biết ai yếu , nhiều bạn tới lớp chỉ ngủ , học cho xong .",negative,hanh_vi
1009,"em mong thầy cô hỏi hết sinh viên trong lớp chứ đừng hỏi bài chung chung vì như thế không biết ai yếu , nhiều bạn tới lớp chỉ ngủ , học cho xong .",neutral,de_xuat
1010,cách diễn đạt của giảng viên chưa tốt và dạy không hấp dẫn học sinh .,negative,ky_nang_giang_day
1011,nên bỏ bớt một vài phần không cần thiết .,negative,chuong_trinh_hoc
1011,nên bỏ bớt một vài phần không cần thiết .,neutral,de_xuat
1012,thầy nên cho nhiều bài tập .,negative,bai_tap
1012,thầy nên cho nhiều bài tập .,positive,de_xuat
1013,truyền đạt kiến thức hay và cuốn hút .,positive,ky_nang_giang_day
1014,thầy cho ít bài tập quá .,negative,bai_tap
1015,giáo viên tận tình .,positive,hanh_vi
1016,máy chiếu còn chưa tốt .,negative,thiet_bi_day_hoc
1017,cách thầy cho làm bài tập không hợp lý .,negative,bai_tap
1018,"đó là tinh thần giảng dạy của thầy wzjwz112 , thầy rất nhiệt tình trong giảng dạy .",positive,hanh_vi
1019,"giáo viên không thông báo , nhận xét các bài thực hành .",negative,hanh_vi
1020,"đảm bảo giờ lên lớp và sử dụng hiệu quả giờ lên lớp , có cập nhật bổ sung tài liệu tham khảo để giúp sinh viên dễ nắm bắt được bài học .",positive,ky_nang_giang_day
1020,"đảm bảo giờ lên lớp và sử dụng hiệu quả giờ lên lớp , có cập nhật bổ sung tài liệu tham khảo để giúp sinh viên dễ nắm bắt được bài học .",positive,cung_cap_tai_lieu
1020,"đảm bảo giờ lên lớp và sử dụng hiệu quả giờ lên lớp , có cập nhật bổ sung tài liệu tham khảo để giúp sinh viên dễ nắm bắt được bài học .",neutral,de_xuat
1021,cần làm nhiều bài tập .,negative,bai_tap
1021,cần làm nhiều bài tập .,neutral,de_xuat
1022,"thầy dạy nhiệt tình , vui vẻ , giảng dễ hiểu .",positive,ky_nang_giang_day
1022,"thầy dạy nhiệt tình , vui vẻ , giảng dễ hiểu .",positive,hanh_vi
1023,phòng máy cần nâng cấp .,negative,thiet_bi_day_hoc
1023,phòng máy cần nâng cấp .,negative,de_xuat
1024,"thầy giảng dạy dễ hiểu , nhiệt tình .",positive,ky_nang_giang_day
1024,"thầy giảng dạy dễ hiểu , nhiệt tình .",positive,hanh_vi
1025,các phần bài tập trên moodle của cô đăng lên hay bị lỗi do đó hay bị điểm kém oan .,negative,bai_tap
1025,các phần bài tập trên moodle của cô đăng lên hay bị lỗi do đó hay bị điểm kém oan .,negative,cham_diem
1026,3 tuần gặp giảng viên 1 lần .,negative,hanh_vi
1027,nên có đồ án nhỏ như một phần thế cho thi giữa kỳ hoặc điểm chiếm 20% để sinh viên cảm nhận được thực tế của môn học .,neutral,bai_tap
1027,nên có đồ án nhỏ như một phần thế cho thi giữa kỳ hoặc điểm chiếm 20% để sinh viên cảm nhận được thực tế của môn học .,neutral,cham_diem
1027,nên có đồ án nhỏ như một phần thế cho thi giữa kỳ hoặc điểm chiếm 20% để sinh viên cảm nhận được thực tế của môn học .,positive,de_xuat
1028,"thầy hay kể chuyện để khuấy động lớp , làm cho các bạn có hứng thú học hơn .",positive,ky_nang_giang_day
1028,"thầy hay kể chuyện để khuấy động lớp , làm cho các bạn có hứng thú học hơn .",positive,hanh_vi
1029,"cung cấp kiến thức rộng , chính xác .",positive,kien_thuc
1030,cô rất thân thiện và hiền lành .,positive,hanh_vi
1031,không nên học theo cách học thpt gây nhàm chán .,negative,ky_nang_giang_day
1031,không nên học theo cách học thpt gây nhàm chán .,negative,de_xuat
1032,tại do tuần thi .,neutral,noi_chung
1033,"cần học và làm bài tập liên tục đúng với trình độ chung của cả lớp , tận dụng thời gian và không cho lớp ra về quá thời gian quy định của tiết học .",neutral,bai_tap
1033,"cần học và làm bài tập liên tục đúng với trình độ chung của cả lớp , tận dụng thời gian và không cho lớp ra về quá thời gian quy định của tiết học .",positive,de_xuat
1034,ít năng động trong lớp .,negative,hanh_vi
1035,đôi khi không đúng giờ .,negative,hanh_vi
1036,nên thay các bài thực hành rập khuôn theo lý thuyết bằng các bài thực hành mang tính logic cao như đề thi .,negative,bai_tap
1036,nên thay các bài thực hành rập khuôn theo lý thuyết bằng các bài thực hành mang tính logic cao như đề thi .,neutral,de_xuat
1037,đề nghị các giảng viên nên yêu cầu về chất lượng thực hành hơn .,neutral,kinh_nghiem
1037,đề nghị các giảng viên nên yêu cầu về chất lượng thực hành hơn .,neutral,de_xuat
1038,"kính mong nhà trường trong những năm tới có thể tổ chức giảng dạy chương trình tiếng anh tăng cường từ sớm hơn , đồng thời tăng số tuần học để việc học đạt hiểu quả cao hơn .",neutral,chuong_trinh_hoc
1038,"kính mong nhà trường trong những năm tới có thể tổ chức giảng dạy chương trình tiếng anh tăng cường từ sớm hơn , đồng thời tăng số tuần học để việc học đạt hiểu quả cao hơn .",neutral,de_xuat
1039,"nhiệt tình , dễ hiểu , bài tập khá đều đặn .",positive,ky_nang_giang_day
1039,"nhiệt tình , dễ hiểu , bài tập khá đều đặn .",positive,hanh_vi
1039,"nhiệt tình , dễ hiểu , bài tập khá đều đặn .",positive,bai_tap
1040,em xin hết ạ !,neutral,noi_chung
1041,đề nghị cô bớt chửi lại .,negative,hanh_vi
1041,đề nghị cô bớt chửi lại .,neutral,de_xuat
1042,sinh viên gặp khó khăn khi làm giao diện và xử lý chuỗi khi làm đồ án .,negative,bai_tap
1043,"thời gian thực hành và lý thuyết mâu thuẫn nhau , thực hành thì học sau lớp lý thuyết và lại kết thúc và thi trước lớp lý thuyết .",negative,chuong_trinh_hoc
1044,việc kết nối mạng máy tính trong phòng thực hành cần được sửa chữa .,negative,thiet_bi_day_hoc
1044,việc kết nối mạng máy tính trong phòng thực hành cần được sửa chữa .,neutral,de_xuat
1045,"cô nhiệt tình , vui vẻ .",positive,hanh_vi
1046,"đảm bảo giờ lên lớp , nhiều lần lên lớp rồi mới nhận được thông báo nghỉ học , rất bất tiện cho sinh viên , do nhiều sinh viên có nhà xa mà tới lúc lên trường rồi mới có thông báo nghỉ thì thật khó cho sinh viên .",negative,noi_chung
1047,mong thầy đảm bảo giờ lên lớp .,negative,hanh_vi
1047,mong thầy đảm bảo giờ lên lớp .,positive,de_xuat
1048,"thầy nhiệt tình , thoải mái .",positive,hanh_vi
1049,giờ học còn khá là tẻ nhạt !,negative,ky_nang_giang_day
1050,giảng còn nhiều lúc khó hiểu .,negative,ky_nang_giang_day
1051,"giảng viên dạy dễ hiểu , bài tập hay , tận tình .",positive,ky_nang_giang_day
1051,"giảng viên dạy dễ hiểu , bài tập hay , tận tình .",positive,hanh_vi
1051,"giảng viên dạy dễ hiểu , bài tập hay , tận tình .",positive,bai_tap
1052,nhận xét cũng khá chi tiết về bài tập tụi em làm .,positive,bai_tap
1053,"cho sinh viên khả năng chủ động trong việc tạo ứng dụng bằng các nền tẳng , từ đó giáo viên có thang điểm phù hợp để quy đổi .",positive,cham_diem
1053,"cho sinh viên khả năng chủ động trong việc tạo ứng dụng bằng các nền tẳng , từ đó giáo viên có thang điểm phù hợp để quy đổi .",positive,chuong_trinh_hoc
1054,dạy hơi nhanh .,negative,ky_nang_giang_day
1055,"trên lớp , cách truyền đạt của giảng viên rất lan man , khó hiểu , và liên tục cười đùa thiếu nghiêm túc .",negative,ky_nang_giang_day
1055,"trên lớp , cách truyền đạt của giảng viên rất lan man , khó hiểu , và liên tục cười đùa thiếu nghiêm túc .",negative,hanh_vi
1056,kiến thức chưa nhiều .,negative,kien_thuc
1057,chất lượng dạy kém .,negative,ky_nang_giang_day
1058,"có câu hỏi sẽ được giải đáp nhanh , chính xác .",positive,hanh_vi
1059,giảng viên dạy nhiệt tình và dễ hiểu .,positive,ky_nang_giang_day
1059,giảng viên dạy nhiệt tình và dễ hiểu .,positive,hanh_vi
1060,"chưa có đề cương , nội dung , tài liệu học tập cụ thể .",negative,cung_cap_tai_lieu
1060,"chưa có đề cương , nội dung , tài liệu học tập cụ thể .",negative,chuong_trinh_hoc
1061,nên cho thực hành nhiều hơn lý thuyết .,negative,kinh_nghiem
1061,nên cho thực hành nhiều hơn lý thuyết .,neutral,de_xuat
1062,em mong muốn nhà trường phân công thầy wzjwz29 dạy lớp em nếu có thể ở các môn học tiếp theo .,neutral,de_xuat
1063,thầy nhiệt tình hài hước .,positive,hanh_vi
1064,không tạo được sự tâp trung hứng thú cho sinh viên .,negative,hanh_vi
1065,cô rất vui vẻ và hòa đồng .,positive,hanh_vi
1066,"phóng tầm nhìn đi xa hơn , những khó khăn , những kiến thức cần phải học để thành công trên đường đời .",positive,noi_chung
1067,cần hướng dẫn nhiều hơn đối với đề tài và bài tập thực hành lập trình trên lớp code agent .,negative,bai_tap
1067,cần hướng dẫn nhiều hơn đối với đề tài và bài tập thực hành lập trình trên lớp code agent .,neutral,de_xuat
1068,"bài giảng hấp dẫn , mang tính cập nhật và ứng dụng cao .",positive,ky_nang_giang_day
1068,"bài giảng hấp dẫn , mang tính cập nhật và ứng dụng cao .",positive,kien_thuc
1069,giảng rõ và cho nhiều ví dụ lý giải .,positive,ky_nang_giang_day
1069,giảng rõ và cho nhiều ví dụ lý giải .,positive,kinh_nghiem
1070,thầy nên đưa vào một số phần nâng cao và mở rộng .,neutral,chuong_trinh_hoc
1070,thầy nên đưa vào một số phần nâng cao và mở rộng .,neutral,de_xuat
1071,"nội dung đa dạng , giảng viên tận tình , học đầy đủ và chi tiết mặc dù đây là môn học mới .",positive,hanh_vi
1071,"nội dung đa dạng , giảng viên tận tình , học đầy đủ và chi tiết mặc dù đây là môn học mới .",positive,chuong_trinh_hoc
1072,giờ giấc giảng viên không đảm bảo .,negative,hanh_vi
1073,rất cảm ơn thầy .,positive,hanh_vi
1074,giảm nội dung chương trình lại cho phù hợp hơn .,negative,chuong_trinh_hoc
1074,giảm nội dung chương trình lại cho phù hợp hơn .,positive,de_xuat
1075,"tận tâm , giảng bài chi tiết .",positive,ky_nang_giang_day
1075,"tận tâm , giảng bài chi tiết .",positive,hanh_vi
1076,thầy không chỉ day những kiến thức chuyên môn mà còn mở mang thêm những kiến thức hữu ích khác .,positive,kien_thuc
1077,"cung cấp đầy đủ tài liệu và giáo trình môn học , nhiệt tình với sinh viên .",positive,hanh_vi
1077,"cung cấp đầy đủ tài liệu và giáo trình môn học , nhiệt tình với sinh viên .",positive,cung_cap_tai_lieu
1078,cần cung cấp thêm tài liệu cho sinh viên thông qua website môn học .,negative,cung_cap_tai_lieu
1078,cần cung cấp thêm tài liệu cho sinh viên thông qua website môn học .,positive,de_xuat
1079,giải bài tập hơi khó hiểu nhưng có lặp lại .,negative,bai_tap
1080,"tuy nhiên , em không thể làm khác được .",neutral,noi_chung
1081,giáo viên giảng dạy có liên hệ với thực tiễn .,positive,kinh_nghiem
1081,giáo viên giảng dạy có liên hệ với thực tiễn .,positive,kien_thuc
1082,"phòng thực hành quá nhỏ , ít thiết bị , khó khăn cho việc thực hành .",negative,thiet_bi_day_hoc
1083,"cô nên duy trì các bài tập thực hành như thế này và cải tiến , bổ sung thêm nội dung nữa để phong phú hơn .",positive,bai_tap
1083,"cô nên duy trì các bài tập thực hành như thế này và cải tiến , bổ sung thêm nội dung nữa để phong phú hơn .",neutral,de_xuat
1084,thường xuyên cho nghỉ đột xuất .,negative,hanh_vi
1085,tôi nghĩ trường cần thêm nhiều giảng viên bộ môn toán lý để thêm sự lựa chọn cho sinh viên .,neutral,de_xuat
1086,thày nhiệt tình .,positive,hanh_vi
1087,hi hi .,neutral,noi_chung
1088,thầy dạy tóm ý chính giúp em nắm bài dễ hơn .,positive,ky_nang_giang_day
1089,"cung cấp thêm nhiều tài liệu của môn học cần cập nhật nhiều hơn cho sinh viên , sử dụng giờ lên lớp có hiệu quả hơn vào mục đích môn học .",negative,cung_cap_tai_lieu
1089,"cung cấp thêm nhiều tài liệu của môn học cần cập nhật nhiều hơn cho sinh viên , sử dụng giờ lên lớp có hiệu quả hơn vào mục đích môn học .",neutral,de_xuat
1090,thầy giảng bài tận tâm .,positive,hanh_vi
1091,nhiệt tình của giáo viên áp dụng vào thực tiễn mặc dù không trong giờ học nhưng vẫn giải đáp tận tình .,positive,kinh_nghiem
1091,nhiệt tình của giáo viên áp dụng vào thực tiễn mặc dù không trong giờ học nhưng vẫn giải đáp tận tình .,positive,hanh_vi
1092,cô giảng bài rất dễ hiểu .,positive,ky_nang_giang_day
1093,tăng thêm tiết thực hành .,negative,chuong_trinh_hoc
1093,tăng thêm tiết thực hành .,neutral,de_xuat
1094,"cô dạy nhiệt tình , không gì tốt hơn ở cô .",positive,hanh_vi
1095,cô rất vui tính và quan tâm nhiều đến sinh viên .,positive,hanh_vi
1096,"tận tâm , đi đúng giờ .",positive,hanh_vi
1097,kết quả đạt được trong buổi thực hành hỗ trợ rất nhiều cho lý thuyết được học .,positive,kinh_nghiem
1098,"cô wzjwz193 rất nhiệt tình , tận tâm , phương pháp giảng dạy của cô mới và hay .",positive,ky_nang_giang_day
1098,"cô wzjwz193 rất nhiệt tình , tận tâm , phương pháp giảng dạy của cô mới và hay .",positive,hanh_vi
1099,giao nhiều bài tập để luyện tập .,positive,bai_tap
1100,phần bài tập thực hành nên bám sát với phần lý thuyết .,neutral,bai_tap
1100,phần bài tập thực hành nên bám sát với phần lý thuyết .,neutral,de_xuat
1101,hầu hết thời gian là sinh viên seminar .,neutral,noi_chung
1102,"bài giảng có lúc hơi nhanh , hầu hết giảng viên không nắm rõ được nội dung bài giảng hướng đến .",negative,ky_nang_giang_day
1102,"bài giảng có lúc hơi nhanh , hầu hết giảng viên không nắm rõ được nội dung bài giảng hướng đến .",negative,kien_thuc
1103,"giảng viên giảng bài có hơi không hiểu , chỉ là do cách dùng ngôn ngữ không được dễ hiểu lắm .",negative,ky_nang_giang_day
1104,cách giảng bài .,neutral,noi_chung
1105,"thầy giảng bài dễ hiểu , tận tâm , nhiệt tình .",positive,ky_nang_giang_day
1105,"thầy giảng bài dễ hiểu , tận tâm , nhiệt tình .",positive,hanh_vi
1106,có 1 vài kiến thức thực tiễn hay .,positive,kien_thuc
1107,dạy đầy đủ kiến thức .,positive,kien_thuc
1108,"cung cấp thêm tài liệu , giáo trình bộ môn .",neutral,cung_cap_tai_lieu
1108,"cung cấp thêm tài liệu , giáo trình bộ môn .",neutral,de_xuat
1109,giáo viên không đảm bảo giờ học giờ vô lớp là 7h30 mà 8h vẫn không thấy nơi đâu .,negative,hanh_vi
1110,nội dung hứng thú hơn .,positive,chuong_trinh_hoc
1111,"thầy thân thiện , nhiệt tình , gần gũi .",positive,hanh_vi
1112,tài liệu học môn này cần được cập nhật đầy đủ hơn .,negative,cung_cap_tai_lieu
1112,tài liệu học môn này cần được cập nhật đầy đủ hơn .,negative,de_xuat
1113,"hướng dẫn , giảng dạy .",neutral,ky_nang_giang_day
1114,"thầy giảng hay , đưa ra đề bài sát với thực tế , giúp sinh viên thích thú hơn trong việc học .",positive,ky_nang_giang_day
1114,"thầy giảng hay , đưa ra đề bài sát với thực tế , giúp sinh viên thích thú hơn trong việc học .",positive,kinh_nghiem
1114,"thầy giảng hay , đưa ra đề bài sát với thực tế , giúp sinh viên thích thú hơn trong việc học .",positive,bai_tap
1115,thầy giảng bài dễ hiểu và hướng dẫn sinh viên rất nhiệt tình .,positive,ky_nang_giang_day
1115,thầy giảng bài dễ hiểu và hướng dẫn sinh viên rất nhiệt tình .,positive,hanh_vi
1116,"cô rất quan tâm tới sinh viên , yêu cô .",positive,hanh_vi
1117,"giáo viên thân thiện , nhiệt huyết .",positive,hanh_vi
1118,"giảng viên truyền đạt chưa tốt , không gây hứng thú cho sinh viên .",negative,ky_nang_giang_day
1118,"giảng viên truyền đạt chưa tốt , không gây hứng thú cho sinh viên .",negative,hanh_vi
1119,"dạy rất nhiệt tình , đây là môn học khó nhưng khi tôi học thì thấy nó vô cùng dễ hiểu .",positive,ky_nang_giang_day
1119,"dạy rất nhiệt tình , đây là môn học khó nhưng khi tôi học thì thấy nó vô cùng dễ hiểu .",positive,hanh_vi
1120,ít chữa bài tập .,negative,bai_tap
1121,"ngồi đợi thật lâu từ 9h sáng đến 2h trưa , cuối cùng cũng đã đến lượt mình .",negative,noi_chung
1122,"cô dạy nhiệt tình , mặc dù bài hơi khó hiểu .",negative,ky_nang_giang_day
1122,"cô dạy nhiệt tình , mặc dù bài hơi khó hiểu .",positive,hanh_vi
1123,"gây rất nhiều áp lực cho sinh viên , khó tính .",negative,hanh_vi
1124,"giảng viên nhiệt tình , tận tâm , luôn đưa ra vấn đề nhiều chiều , định hướng cho sinh viên tốt !",positive,ky_nang_giang_day
1124,"giảng viên nhiệt tình , tận tâm , luôn đưa ra vấn đề nhiều chiều , định hướng cho sinh viên tốt !",positive,hanh_vi
1125,cô cho đề quá khó .,negative,bai_tap
1126,bài giảng của cô wzjwz295 bám sát kiến thức quá đôi khi lại khô khan và gây hiện tượng kinh điển là buồn ngủ hoặc chán nản trong giờ học .,negative,ky_nang_giang_day
1127,"thầy mới gặp sinh viên có 2 buổi , nội dung khá khó hiểu để nắm .",negative,ky_nang_giang_day
1128,"thứ hai , cách giảng của thầy chưa hay rất dễ gây chán chường với sinh viên , cộng với việc tài liệu không đáp ứng đủ để về nghiền ngẫm thì tiết học hôm sau có làm bài tập thì đúng là thảm họa .",negative,ky_nang_giang_day
1128,"thứ hai , cách giảng của thầy chưa hay rất dễ gây chán chường với sinh viên , cộng với việc tài liệu không đáp ứng đủ để về nghiền ngẫm thì tiết học hôm sau có làm bài tập thì đúng là thảm họa .",negative,bai_tap
1128,"thứ hai , cách giảng của thầy chưa hay rất dễ gây chán chường với sinh viên , cộng với việc tài liệu không đáp ứng đủ để về nghiền ngẫm thì tiết học hôm sau có làm bài tập thì đúng là thảm họa .",negative,cung_cap_tai_lieu
1129,cô rất tận tâm .,positive,hanh_vi
1130,tận tâm hướng dẫn sinh viên .,positive,hanh_vi
1131,"giảng viên cần linh hoạt trong giảng dạy , chuẩn bị bài giảng phong phú .",negative,ky_nang_giang_day
1131,"giảng viên cần linh hoạt trong giảng dạy , chuẩn bị bài giảng phong phú .",negative,cung_cap_tai_lieu
1131,"giảng viên cần linh hoạt trong giảng dạy , chuẩn bị bài giảng phong phú .",neutral,de_xuat
1132,"cần có thêm tài liệu tiếng việt để sinh viên có thể tìm hiểu thêm về môn học , cũng như làm các bài tập .",negative,cung_cap_tai_lieu
1132,"cần có thêm tài liệu tiếng việt để sinh viên có thể tìm hiểu thêm về môn học , cũng như làm các bài tập .",negative,de_xuat
1133,"vui , có tổ chức thuyết trình .",positive,noi_chung
1134,giảng viên ôn đúng trọng tâm .,positive,ky_nang_giang_day
1135,cần nêu ý nghĩa quan trọng của môn học nhiều hơn .,negative,chuong_trinh_hoc
1135,cần nêu ý nghĩa quan trọng của môn học nhiều hơn .,neutral,de_xuat
1136,"môn học này học quá nhiều thứ , không vận dụng hết những gì đã học , có nhiều nội dung học không để làm gì cả chỉ gây lãng phí thời gian .",negative,chuong_trinh_hoc
1137,thầy cung cấp các bài tập rất đúng thời điểm trong quá trình học tập .,positive,bai_tap
1138,dạy nhiệt tình và tận tâm .,positive,hanh_vi
1139,thời gian chưa được đảm bảo .,negative,chuong_trinh_hoc
1140,"ngoài dễ tính và vui vẻ ra , thì cô dạy khá nhàm chán , thường xuyên cho nghỉ và phải học bù quá nhiều .",negative,ky_nang_giang_day
1140,"ngoài dễ tính và vui vẻ ra , thì cô dạy khá nhàm chán , thường xuyên cho nghỉ và phải học bù quá nhiều .",positive,hanh_vi
1141,cô truyền đạt rất hay .,positive,ky_nang_giang_day
1142,giáo viên giảng bài dễ tiếp thu .,positive,ky_nang_giang_day
1143,cô cần dạy chậm và hướng dẫn chung kỹ hơn .,negative,ky_nang_giang_day
1143,cô cần dạy chậm và hướng dẫn chung kỹ hơn .,negative,de_xuat
1144,"cô dạy nhiệt tình , giảng bài tập hay .",positive,ky_nang_giang_day
1144,"cô dạy nhiệt tình , giảng bài tập hay .",positive,hanh_vi
1145,"do đặc thù của môn học yêu cầu sinh viên phải vận dụng được lý thuyết vào phân tích tìm ra vấn đề , vì vậy nên tăng cường đưa ra các bài tập , bài lab gần với thực tiễn để sinh viên có thể luyện tập .",negative,bai_tap
1145,"do đặc thù của môn học yêu cầu sinh viên phải vận dụng được lý thuyết vào phân tích tìm ra vấn đề , vì vậy nên tăng cường đưa ra các bài tập , bài lab gần với thực tiễn để sinh viên có thể luyện tập .",neutral,de_xuat
1146,đôi khi hơi dài dòng .,negative,ky_nang_giang_day
1147,deadline dài hơn một chút .,neutral,bai_tap
1147,deadline dài hơn một chút .,neutral,de_xuat
1148,"cô dạy khô khan , nội dung nhiều phần thiếu sót nội dung , thiếu công thức .",negative,ky_nang_giang_day
1148,"cô dạy khô khan , nội dung nhiều phần thiếu sót nội dung , thiếu công thức .",negative,cung_cap_tai_lieu
1149,điều đó là sinh viên rất khó chịu trong khoảng thời gian quản lý thực hành bài tập vì thời gian lúc nào cũng phải gấp hơn lớp còn lại .,negative,bai_tap
1150,có đề cương cơ bản chung .,neutral,chuong_trinh_hoc
1151,nên cung cấp bài giảng .,neutral,cung_cap_tai_lieu
1151,nên cung cấp bài giảng .,neutral,de_xuat
1152,"giảng viên nhiệt tình , vui tính .",positive,hanh_vi
1153,"thầy rất tận tâm giảng bài , truyền đạt hay và có giọng giảng truyền cảm .",positive,ky_nang_giang_day
1153,"thầy rất tận tâm giảng bài , truyền đạt hay và có giọng giảng truyền cảm .",positive,hanh_vi
1154,giảng dạy và cho làm bài tập đúng với chương trình và thực lực của sinh viên .,positive,ky_nang_giang_day
1154,giảng dạy và cho làm bài tập đúng với chương trình và thực lực của sinh viên .,positive,bai_tap
1154,giảng dạy và cho làm bài tập đúng với chương trình và thực lực của sinh viên .,neutral,chuong_trinh_hoc
1155,thầy nhiệt tình .,positive,hanh_vi
1156,"em thấy thầy hơi gia trưởng , em nghĩ chắc tại chúng em còn nhỏ nên cái suy nghĩ nó hơi khác thế hệ đi trước , giọng thầy hơi khó nghe .",negative,hanh_vi
1157,thầy dạy hay dễ hiểu slide đáp ứng đủ để sinh viên hiểu về bài .,positive,ky_nang_giang_day
1157,thầy dạy hay dễ hiểu slide đáp ứng đủ để sinh viên hiểu về bài .,positive,cung_cap_tai_lieu
1158,"thấy cái gì cũng ổn , không đáng chê cũng không đáng khen .",neutral,noi_chung
1159,cần thêm nhiều các ví dụ minh họa .,negative,ky_nang_giang_day
1159,cần thêm nhiều các ví dụ minh họa .,negative,de_xuat
1160,trang thiết bị cần được sửa chữa và bổ sung thêm .,negative,thiet_bi_day_hoc
1160,trang thiết bị cần được sửa chữa và bổ sung thêm .,neutral,de_xuat
1161,thời gian deadline cho bài tập nên là cuối ngày của buổi dạy tiếp theo hiện nay là 11h55 trước ngày học vì có thể cần lên lớp để trao đổi những vấn đề phát sinh trong lúc làm bài tập để sửa đổi .,negative,bai_tap
1161,thời gian deadline cho bài tập nên là cuối ngày của buổi dạy tiếp theo hiện nay là 11h55 trước ngày học vì có thể cần lên lớp để trao đổi những vấn đề phát sinh trong lúc làm bài tập để sửa đổi .,positive,de_xuat
1162,đề nghị nhà trường dạy kiến thức xác với thực tế hơn .,negative,kien_thuc
1162,đề nghị nhà trường dạy kiến thức xác với thực tế hơn .,neutral,de_xuat
1163,kết thúc môn học muộn .,negative,chuong_trinh_hoc
1164,thầy nên có biện pháp để gây hứng thú trong giờ học do môn này rất dễ gây buồn ngủ .,negative,ky_nang_giang_day
1164,thầy nên có biện pháp để gây hứng thú trong giờ học do môn này rất dễ gây buồn ngủ .,negative,hanh_vi
1164,thầy nên có biện pháp để gây hứng thú trong giờ học do môn này rất dễ gây buồn ngủ .,neutral,de_xuat
1165,còn lại thì cô giảng dạy rất tốt .,positive,ky_nang_giang_day
1166,ít thấy giảng viên xuất hiện .,negative,hanh_vi
1167,cô rất dễ thương và gần gũi .,positive,hanh_vi
1168,"thầy dạy tốt , lên lớp đúng giờ , và luôn tận tụy với học sinh .",positive,ky_nang_giang_day
1168,"thầy dạy tốt , lên lớp đúng giờ , và luôn tận tụy với học sinh .",positive,hanh_vi
1169,"khối lượng kiến thức bài tập trong một buổi thực hành là hơi nhiều với những bài tập đa dạng và có độ khó cao , điều đó vừa tốt vừa không tốt vì một số bạn sẽ khó bắt kịp .",negative,bai_tap
1170,học dồn quá sức .,negative,bai_tap
1171,"không gửi từ vựng , grammar lên courses .",negative,cung_cap_tai_lieu
1172,"nhà trường cần thông báo trước môn học cho sinh viên đăng ký , tránh tình trạng đăng ký rồi mới thông báo môn học .",negative,chuong_trinh_hoc
1172,"nhà trường cần thông báo trước môn học cho sinh viên đăng ký , tránh tình trạng đăng ký rồi mới thông báo môn học .",neutral,de_xuat
1173,"cô dễ thương và tích cực ôn bài sát với trọng tâm , giảng bài nhanh chóng và tập trung những phần cần thiết cho sinh viên dễ hiểu và tiếp thu .",positive,ky_nang_giang_day
1173,"cô dễ thương và tích cực ôn bài sát với trọng tâm , giảng bài nhanh chóng và tập trung những phần cần thiết cho sinh viên dễ hiểu và tiếp thu .",positive,hanh_vi
1174,"giảng viên nhiệt tình , lên lớp đầy đủ .",positive,hanh_vi
1175,thực hành vẫn còn đi trước lý thuyết .,negative,chuong_trinh_hoc
1176,bài tập ít đa dạng .,negative,bai_tap
1177,giải bài tập giúp hiểu hơn về bài học .,positive,bai_tap
1178,xin cô cho thêm nhiều ví dụ về bài giảng .,neutral,ky_nang_giang_day
1178,xin cô cho thêm nhiều ví dụ về bài giảng .,neutral,de_xuat
1179,thầy không cho chúng em slide cho đến cuối kỳ thầy mới đưa .,negative,cung_cap_tai_lieu
1180,"thầy rất tận tình , quan tâm đến sinh viên .",positive,hanh_vi
1181,nên dành thời gian cho các bạn sửa bài rồi mới làm bài mới .,negative,bai_tap
1181,nên dành thời gian cho các bạn sửa bài rồi mới làm bài mới .,positive,de_xuat
1182,"cô dạy rất nhiệt tình , dễ hiểu .",positive,ky_nang_giang_day
1182,"cô dạy rất nhiệt tình , dễ hiểu .",positive,hanh_vi
1183,"giảng viên giảng dạy có sự lôi cuốn , dễ hiểu , truyền đạt kiến thức tốt .",positive,ky_nang_giang_day
1183,"giảng viên giảng dạy có sự lôi cuốn , dễ hiểu , truyền đạt kiến thức tốt .",positive,kien_thuc
1184,hình thức thi nên là đề mở hoặc trắc nghiệm đề đóng .,neutral,de_xuat
1185,cần cho thêm giáo trình .,negative,cung_cap_tai_lieu
1185,cần cho thêm giáo trình .,neutral,de_xuat
1186,nhưng nhiều lúc thầy quá khó tính .,negative,hanh_vi
1187,không phải là môn đi học .,negative,noi_chung
1188,giảng viên nên giảng dạy một cách sinh động hơn cho lớp học .,negative,ky_nang_giang_day
1188,giảng viên nên giảng dạy một cách sinh động hơn cho lớp học .,positive,de_xuat
1189,mong bộ môn xem xét lại cấu trúc bài thi và chương trình cần dạy .,negative,chuong_trinh_hoc
1189,mong bộ môn xem xét lại cấu trúc bài thi và chương trình cần dạy .,neutral,de_xuat
1190,cô dạy hơi nhanh làm em không thể tiếp thu được hết .,negative,ky_nang_giang_day
1191,cô rất nhiệt tình và vui tính ạ .,positive,hanh_vi
1192,không cho bài tập về nhà .,negative,bai_tap
1193,chuyên môn cao .,positive,kien_thuc
1194,"thưa , không có .",neutral,noi_chung
1195,học cô có động lực ghê .,positive,hanh_vi
1196,bài tập rất tốt .,positive,bai_tap
1197,thường xuyên vắng giờ lên lớp .,negative,hanh_vi
1198,giảng viên vui vẻ .,positive,hanh_vi
1199,nhiều tiết học thú vị .,positive,chuong_trinh_hoc
1200,"giảng viên giảng hay , dễ tiếp thu .",positive,ky_nang_giang_day
1201,sửa bài tập .,neutral,bai_tap
1201,sửa bài tập .,neutral,de_xuat
1202,"thầy rất tốt , và truyền đạt đầy đủ kiến thức tới sinh viên .",positive,ky_nang_giang_day
1202,"thầy rất tốt , và truyền đạt đầy đủ kiến thức tới sinh viên .",positive,hanh_vi
1202,"thầy rất tốt , và truyền đạt đầy đủ kiến thức tới sinh viên .",positive,kien_thuc
1203,trang bị thêm thiết bị nghe nhìn .,neutral,thiet_bi_day_hoc
1204,đôi khi giảng bài quá nhanh .,negative,ky_nang_giang_day
1205,"học 4 tiết , nhồi nhét quá nhiều kiến thức .",negative,chuong_trinh_hoc
1206,"năng nổ , nhiệt tình .",positive,hanh_vi
1207,luôn yêu cầu sinh viên nắm vững kiến thức nền nhất trước khi thực hành .,neutral,kien_thuc
1208,"thầy vui vẻ , nhiệt tình và dạy dễ hiểu .",positive,ky_nang_giang_day
1208,"thầy vui vẻ , nhiệt tình và dạy dễ hiểu .",positive,hanh_vi
1209,"thầy vui vẻ , tận tâm , sẵn sàng giải đáp thắc của sinh viên , khả năng truyền đạt tốt .",positive,ky_nang_giang_day
1209,"thầy vui vẻ , tận tâm , sẵn sàng giải đáp thắc của sinh viên , khả năng truyền đạt tốt .",positive,hanh_vi
1210,thích cách cô dạy .,positive,ky_nang_giang_day
1211,cần có nhiều người như cô .,positive,hanh_vi
1212,hòa đồng .,positive,hanh_vi
1213,hết mình .,neutral,noi_chung
1214,thầy thường sai bảo sinh viên làm việc riêng cho thầy trong giờ học .,negative,hanh_vi
1215,giảng dạy ngắn gọn dễ hiểu 10 fraction 10 điểm cho thầy luôn .,positive,ky_nang_giang_day
1215,giảng dạy ngắn gọn dễ hiểu 10 fraction 10 điểm cho thầy luôn .,positive,cham_diem
1216,"thầy dạy rất nhiệt tình , dặn dò đồ án , thi cử rất kỹ .",positive,hanh_vi
1216,"thầy dạy rất nhiệt tình , dặn dò đồ án , thi cử rất kỹ .",positive,cham_diem
1217,cô quá tận tụy .,positive,hanh_vi
1218,giảng viên chưa làm được điều này hình thức giảng dạy không đem lại hiệu quả cao .,negative,ky_nang_giang_day
1219,"sau giờ học thầy còn hỏi về tình hình buổi học có nhanh hay chậm quá không , có chỗ nào chưa rõ , tình hình thầy trợ giảng dạy sao .",neutral,ky_nang_giang_day
1219,"sau giờ học thầy còn hỏi về tình hình buổi học có nhanh hay chậm quá không , có chỗ nào chưa rõ , tình hình thầy trợ giảng dạy sao .",positive,hanh_vi
1220,"sôi nổi , vui tính .",positive,hanh_vi
1221,"cô nhiệt tình , lớp sinh động , truyền đạt kiến thức tốt .",positive,ky_nang_giang_day
1221,"cô nhiệt tình , lớp sinh động , truyền đạt kiến thức tốt .",positive,hanh_vi
1221,"cô nhiệt tình , lớp sinh động , truyền đạt kiến thức tốt .",positive,kien_thuc
1222,nên có cách chấm điểm quá trình khách quan hơn .,negative,cham_diem
1222,nên có cách chấm điểm quá trình khách quan hơn .,neutral,de_xuat
1223,đó là giáo trình và tài liệu .,neutral,cung_cap_tai_lieu
1224,"cách dạy chậm rãi , dễ hiểu , giảng viên thân thiện với sinh viên .",positive,ky_nang_giang_day
1224,"cách dạy chậm rãi , dễ hiểu , giảng viên thân thiện với sinh viên .",positive,hanh_vi
1225,"hòa đồng , vui vẻ .",positive,hanh_vi
1226,kiểu như giáo viên chạy cho hết phân phối chương trình .,negative,ky_nang_giang_day
1227,cách giải bài tập của thầy lúc nào cũng ngắn gọn và dễ hiểu .,positive,ky_nang_giang_day
1228,"máy móc trong phòng còn gặp trục trặc , phòng học rất bụi do lâu ngày không được dọn dẹp , máy cấu hình còn yếu .",negative,thiet_bi_day_hoc
1229,nếu cảm thấy muốn học em sẽ tự lên lớp .,neutral,noi_chung
1230,"giảng viên chưa sử dụng nhiều hệ thống website môn học , đặc biệt là trong việc thông báo thông tin quan trọng đến lớp .",negative,hanh_vi
1231,"thầy dạy khá kỹ , nhiệt tình .",positive,ky_nang_giang_day
1231,"thầy dạy khá kỹ , nhiệt tình .",positive,hanh_vi
1232,giọng cực khó nghe .,negative,ky_nang_giang_day
1233,"thầy wzjwz220 dạy rất nhiệt tình , giảng giải từng vấn đề trọng điểm rất cụ thể và rõ ràng giúp chúng em hiểu rõ , đồng thời có thể nhớ được những gì mình đã được học ngay tại lớp .",positive,ky_nang_giang_day
1233,"thầy wzjwz220 dạy rất nhiệt tình , giảng giải từng vấn đề trọng điểm rất cụ thể và rõ ràng giúp chúng em hiểu rõ , đồng thời có thể nhớ được những gì mình đã được học ngay tại lớp .",positive,hanh_vi
1233,"thầy wzjwz220 dạy rất nhiệt tình , giảng giải từng vấn đề trọng điểm rất cụ thể và rõ ràng giúp chúng em hiểu rõ , đồng thời có thể nhớ được những gì mình đã được học ngay tại lớp .",positive,kien_thuc
1234,cách giảng dạy của giáo viên khá hay .,positive,ky_nang_giang_day
1235,"thầy dạy tốt , cần phát huy như thế .",positive,ky_nang_giang_day
1235,"thầy dạy tốt , cần phát huy như thế .",positive,de_xuat
1236,"thái độ , phong cách làm việc của thầy .",neutral,hanh_vi
1237,em mong mình sẽ lại được học thầy ở các môn quan trọng khác .,positive,ky_nang_giang_day
1238,giáo viên nhiệt tình đối với sinh viên .,positive,hanh_vi
1239,giảng viên nên đưa ra thêm những ví dụ thực tiễn hơn trong mô hình kinh doanh ngoài thực tế .,negative,kinh_nghiem
1239,giảng viên nên đưa ra thêm những ví dụ thực tiễn hơn trong mô hình kinh doanh ngoài thực tế .,positive,de_xuat
1240,thầy có kiến thức sâu rộng về môn học .,positive,kien_thuc
1241,"giáo viên truyền đạt kém , khó hiểu .",negative,ky_nang_giang_day
1242,những vấn đề thầy đem ra thường quá đi lệch khá xa so với những gì thầy đang giảng dạy .,negative,chuong_trinh_hoc
1243,quá thoải mái cho sinh viên .,positive,noi_chung
1244,"thầy dạy dễ hiểu , truyền đạt hay , tạo điều kiện thuận lợi cho sinh viên tiếp thu bài .",positive,ky_nang_giang_day
1244,"thầy dạy dễ hiểu , truyền đạt hay , tạo điều kiện thuận lợi cho sinh viên tiếp thu bài .",positive,hanh_vi
1245,dạy dễ hiểu tận tình .,positive,ky_nang_giang_day
1245,dạy dễ hiểu tận tình .,positive,hanh_vi
1246,không tạo điều kiện cho sinh viên thoải mái học tập .,negative,hanh_vi
1247,"có cái em còn copy trên mạng xuống dot nhưng cơ mà nhờ thầy hỏi , thắc mắc nhóm em mà nhóm em càng hoàn chỉnh cái đồ án hơn , hiểu được là mình đang học gì , đồ án mình đang làm là gì ?",positive,hanh_vi
1247,"có cái em còn copy trên mạng xuống dot nhưng cơ mà nhờ thầy hỏi , thắc mắc nhóm em mà nhóm em càng hoàn chỉnh cái đồ án hơn , hiểu được là mình đang học gì , đồ án mình đang làm là gì ?",positive,kien_thuc
1248,không kiểm soát được lớp .,negative,hanh_vi
1249,bài tập hơi nặng .,negative,bai_tap
1250,tuy nhiên thầy giảng hơi khó hiểu .,negative,ky_nang_giang_day
1251,phân chia ca học hợp lý hơn để việc sắp xếp môn học được thuận tiện hơn .,neutral,chuong_trinh_hoc
1251,phân chia ca học hợp lý hơn để việc sắp xếp môn học được thuận tiện hơn .,neutral,de_xuat
1252,chịu khó .,negative,noi_chung
1253,"thầy giảng rất hay , nhiệt tình , rất dễ hiểu .",positive,ky_nang_giang_day
1253,"thầy giảng rất hay , nhiệt tình , rất dễ hiểu .",positive,hanh_vi
1254,cách truyền đạt kiến thức của thầy .,positive,ky_nang_giang_day
1255,không hướng dẫn cho sinh viên kỹ năng lập trình mạng máy tính .,negative,ky_nang_giang_day
1256,"giảng dạy cụ thể , có nhiều dẫn chứng minh hoạ .",positive,ky_nang_giang_day
1256,"giảng dạy cụ thể , có nhiều dẫn chứng minh hoạ .",positive,kien_thuc
1257,"nên sử dụng máy chiếu để hiện rõ chữ , để giảm thời gian viết , tập trung thời gian vào việc giải bài tập minh họa .",neutral,thiet_bi_day_hoc
1257,"nên sử dụng máy chiếu để hiện rõ chữ , để giảm thời gian viết , tập trung thời gian vào việc giải bài tập minh họa .",neutral,de_xuat
1258,và đưa ra các gợi ý về nhà tìm hiểu những thứ bên lề giúp ích trong việc học .,neutral,de_xuat
1259,"thầy vui tính , giảng bài dễ hiểu , thân thiện với sinh viên .",positive,ky_nang_giang_day
1259,"thầy vui tính , giảng bài dễ hiểu , thân thiện với sinh viên .",positive,hanh_vi
1260,"giảng khó hiểu , nói chuyện ngoài lề , đi trễ , đuổi sinh viên về sớm .",negative,ky_nang_giang_day
1260,"giảng khó hiểu , nói chuyện ngoài lề , đi trễ , đuổi sinh viên về sớm .",negative,hanh_vi
1261,khá giống lúc học phổ thông .,neutral,noi_chung
1262,thầy dạy quá chi tiết với đồ án thầy hướng dân hết rồi không có gì để làm nữa .,negative,ky_nang_giang_day
1262,thầy dạy quá chi tiết với đồ án thầy hướng dân hết rồi không có gì để làm nữa .,negative,bai_tap
1263,"giảng viên tận tâm , nhiệt huyết .",positive,hanh_vi
1264,"giáo viên giảng dễ hiểu , nhiệt tình .",positive,ky_nang_giang_day
1264,"giáo viên giảng dễ hiểu , nhiệt tình .",positive,hanh_vi
1265,thầy truyền cảm hứng học cho các em cũng như sự chân thành truyền đạt của thầy thật quý báu .,positive,ky_nang_giang_day
1265,thầy truyền cảm hứng học cho các em cũng như sự chân thành truyền đạt của thầy thật quý báu .,positive,hanh_vi
1266,"giảng viên giảng dạy nhiệt tình , phương pháp dạy hay .",positive,ky_nang_giang_day
1266,"giảng viên giảng dạy nhiệt tình , phương pháp dạy hay .",positive,hanh_vi
1267,phần tài liệu .,neutral,cung_cap_tai_lieu
1268,cô cực kỳ nhiệt tình .,positive,hanh_vi
1269,thầy nên báo nghỉ sớm hơn ít nhất 1 - 2 ngày để sinh viên đỡ mất công đến lớp rồi lại ra về .,negative,hanh_vi
1269,thầy nên báo nghỉ sớm hơn ít nhất 1 - 2 ngày để sinh viên đỡ mất công đến lớp rồi lại ra về .,positive,de_xuat
1270,chưa có sự tương tác nhiều với sinh viên .,negative,hanh_vi
1271,"dạy kỹ , ôn thi cũng kỹ không bỏ sót phần nào .",positive,ky_nang_giang_day
1272,thời gian hướng dẫn thực hành quá ít so với môn học .,negative,chuong_trinh_hoc
1273,"phòng máy wzjwz26 khá tốt , đáp ứng nhu cầu của sinh viên , mong rằng các phòng máy khác cũng có được trang bị như vậy .",positive,thiet_bi_day_hoc
1273,"phòng máy wzjwz26 khá tốt , đáp ứng nhu cầu của sinh viên , mong rằng các phòng máy khác cũng có được trang bị như vậy .",neutral,de_xuat
1274,học vui .,positive,noi_chung
1275,giỏi .,positive,noi_chung
1276,chưa giúp tôi phát triển được tốt nhất khả năng của mình .,negative,ky_nang_giang_day
1277,"giảng viên truyền đạt tận tâm , dễ hiểu .",positive,ky_nang_giang_day
1277,"giảng viên truyền đạt tận tâm , dễ hiểu .",positive,hanh_vi
1278,cùng sinh viên giải nhiều bài tập .,positive,bai_tap
1279,dễ hiểu .,positive,ky_nang_giang_day
1280,truyền đạt không tốt .,negative,ky_nang_giang_day
1281,đảm bảo giờ lên lớp hiệu quả .,positive,ky_nang_giang_day
1282,"dạy tận tâm , cung cấp thêm nhiều kiến thức không có trong môn học , giờ học thực hành rất hiệu quả .",positive,kinh_nghiem
1282,"dạy tận tâm , cung cấp thêm nhiều kiến thức không có trong môn học , giờ học thực hành rất hiệu quả .",positive,hanh_vi
1282,"dạy tận tâm , cung cấp thêm nhiều kiến thức không có trong môn học , giờ học thực hành rất hiệu quả .",positive,kien_thuc
1283,giảng viên nhiệt tình với các bài trên lớp .,positive,hanh_vi
1284,điều kiện cơ sở vật chất còn ảnh hưởng đến chất lượng môn học .,negative,thiet_bi_day_hoc
1285,thực hành chạy quá nhanh và khó hiểu .,negative,ky_nang_giang_day
1285,thực hành chạy quá nhanh và khó hiểu .,negative,kinh_nghiem
1286,giảng viên chưa hướng dẫn kỹ những bài tập sinh viên không làm được hoặc làm sai .,negative,ky_nang_giang_day
1286,giảng viên chưa hướng dẫn kỹ những bài tập sinh viên không làm được hoặc làm sai .,negative,hanh_vi
1287,giảng viên hòa đồng và kể rất nhiều chuyện mang tính cập nhật thời sự .,positive,hanh_vi
1288,cô rất tận tâm giảng dạy .,positive,hanh_vi
1289,cô nhiệt tình trong việc giảng dạy và giúp đỡ sinh viên .,positive,hanh_vi
1290,"cô giảng bài dễ hiểu , thoải mái , vui tính , cute , phương pháp học nhiều kiểu cho mỗi đứa .",positive,ky_nang_giang_day
1290,"cô giảng bài dễ hiểu , thoải mái , vui tính , cute , phương pháp học nhiều kiểu cho mỗi đứa .",positive,hanh_vi
1291,"phần đầu thầy giảng không hiểu , bọn em có về xem lại nhưng thật sự không tiếp thu lại được bao nhiêu .",negative,ky_nang_giang_day
1292,thầy rất tâm huyết với sinh viên .,positive,hanh_vi
1293,"giảm thời gian thực hành , tăng số buổi thực hành , khuyến khích hoạt động thực hành ở nhà để phân bố thời gian thực hành tốt .",negative,kinh_nghiem
1293,"giảm thời gian thực hành , tăng số buổi thực hành , khuyến khích hoạt động thực hành ở nhà để phân bố thời gian thực hành tốt .",neutral,de_xuat
1294,nhiệt tình hướng dẫn .,positive,hanh_vi
1295,"thầy dạy nhiệt tình , cám ơn thầy .",positive,hanh_vi
1296,"em nghĩ môn này chỉ nên dành cho khoa khoa học máy tính , kỹ thuật máy tính .",neutral,chuong_trinh_hoc
1296,"em nghĩ môn này chỉ nên dành cho khoa khoa học máy tính , kỹ thuật máy tính .",neutral,de_xuat
1297,khi được học với thầy wzjwz80 em cảm thấy hài lòng hơn hẳn những giảng viên trước .,positive,hanh_vi
1298,thầy dạy tận tâm với sinh viên .,positive,hanh_vi
1299,"cách thức truyền đạt kiến thức chưa hiệu quả , sinh viên khó tiếp thu .",negative,ky_nang_giang_day
1300,"tại sao thầy không tổng hợp bài tập rồi cho sinh viên đem in , photo ra .",negative,hanh_vi
1300,"tại sao thầy không tổng hợp bài tập rồi cho sinh viên đem in , photo ra .",negative,bai_tap
1301,"thầy giảng cặn kẽ , dễ hiểu !",positive,ky_nang_giang_day
1302,cần nâng cao cơ sở vật chất của phòng học .,negative,thiet_bi_day_hoc
1302,cần nâng cao cơ sở vật chất của phòng học .,positive,de_xuat
1303,"vào lớp muộn , ra trễ làm ảnh hưởng tới các hoạt động khác của sinh viên .",negative,hanh_vi
1304,cô dạy rất tận tậm và yêu mến học sinh .,positive,hanh_vi
1305,"mong giảng viên có thể lên lớp đúng giờ hơn , và khi có nghĩ tiết thì cần thông báo trước cho sinh viên biết trước .",negative,hanh_vi
1305,"mong giảng viên có thể lên lớp đúng giờ hơn , và khi có nghĩ tiết thì cần thông báo trước cho sinh viên biết trước .",negative,de_xuat
1306,lượng kiến thức đầy đủ .,positive,kien_thuc
1307,"em chỉ thắc mắc nội dung môn học có vẻ khác so với tên môn học , em cứ nghĩ môn này là để sinh viên cập nhật các vấn đề hiện đại chứ ?",negative,chuong_trinh_hoc
1308,giảng viên dạy tận tình .,positive,hanh_vi
1309,đến cuối kỳ sẽ đỡ bỡ ngỡ hơn .,neutral,noi_chung
1310,cung cấp nhiều kiến thức thực tế và các kiến thức khác ngoài môn học giúp sinh viên có cái nhìn tổng quan hơn về môn học .,positive,kien_thuc
1311,đây là tình trạng chung của tất cả các lớp thực hành không chỉ riêng lớp này .,neutral,noi_chung
1312,máy chiếu mờ !,negative,thiet_bi_day_hoc
1313,môn thiên về kiến thức lập trình nhưng lại bắt buộc thi lý thuyết trên giấy là không hợp lý .,negative,cham_diem
1313,môn thiên về kiến thức lập trình nhưng lại bắt buộc thi lý thuyết trên giấy là không hợp lý .,negative,chuong_trinh_hoc
1314,thầy nghiêm túc và lên lớp đây đủ xong chưa tạo được hứng thú khi học .,negative,hanh_vi
1315,"giảng viên gần gũi với sinh viên , giải đáp các thắc mắc của sinh viên .",positive,hanh_vi
1316,có cảm giác cô giảng không thu hút em .,negative,ky_nang_giang_day
1317,thầy đi rất đúng giờ và nhiệt tình .,positive,hanh_vi
1318,thời lượng ít .,negative,chuong_trinh_hoc
1319,"đảm bảo số ngày lên lớp , số tiết dạy .",neutral,chuong_trinh_hoc
1320,"nhiệt tình , thân thiện .",positive,hanh_vi
1321,"hướng dẫn cụ thể , rõ ràng .",positive,ky_nang_giang_day
1322,hơi khó hiểu chút xíu .,negative,ky_nang_giang_day
1323,nên giảm bớt số từ vựng học trên lớp .,negative,chuong_trinh_hoc
1323,nên giảm bớt số từ vựng học trên lớp .,negative,de_xuat
1324,thầy cần cho sinh viên làm và sửa bài tập trên lớp nhiều hơn .,negative,bai_tap
1324,thầy cần cho sinh viên làm và sửa bài tập trên lớp nhiều hơn .,positive,de_xuat
1325,"nên có nhiều tài liệu hay và cập nhật hơn , sát với môn học hơn .",negative,cung_cap_tai_lieu
1325,"nên có nhiều tài liệu hay và cập nhật hơn , sát với môn học hơn .",neutral,de_xuat
1326,"phương pháp thầy cho các bạn thuyết trình trên lớp cũng không khả quan , một buổi học đến 4 nhóm thuyết trình về 4 chủ đề khác nhau .",negative,ky_nang_giang_day
1327,"cô dạy dễ hiểu , cho điểm rẻ , điểm danh công bằng , giảng dạy có mạch tạo cảm hứng học .",positive,ky_nang_giang_day
1327,"cô dạy dễ hiểu , cho điểm rẻ , điểm danh công bằng , giảng dạy có mạch tạo cảm hứng học .",positive,cham_diem
1328,thầy dạy chán buồn ngủ .,negative,ky_nang_giang_day
1328,thầy dạy chán buồn ngủ .,negative,hanh_vi
1329,"thầy giảng bài rất hay , dễ hiểu .",positive,ky_nang_giang_day
1330,mong thầy thay đổi trong các học kỳ sau .,neutral,de_xuat
1331,"những bài ôn tập không quá "" trên trời "" mà đi thẳng vào vấn đề .",positive,bai_tap
1332,thầy luôn hỗ trợ và dạy bù kịp thời cho sinh viên .,positive,ky_nang_giang_day
1332,thầy luôn hỗ trợ và dạy bù kịp thời cho sinh viên .,positive,hanh_vi
1333,"thầy không đảm bảo được giờ lên lớp , liên tục cho nghỉ , sau đó báo bù , và cuối cùng cũng nghỉ luôn buổi bù ngày hôm đó mà không báo trước .",negative,hanh_vi
1334,có những lúc thầy vào rất sớm nhưng khoảng 13h30 hoặc 13h45 thì mới chịu đọc slide .,negative,ky_nang_giang_day
1335,mong nhà trường có sự điều chỉnh cho các khoá học sau này .,neutral,chuong_trinh_hoc
1335,mong nhà trường có sự điều chỉnh cho các khoá học sau này .,positive,de_xuat
1336,"thầy giảng dạy hay , dễ hiểu , trình bày có chiều sâu .",positive,ky_nang_giang_day
1337,"thầy dạy tận tâm , nhiệt tình , vui vẻ .",positive,hanh_vi
1338,mọi thứ đều tuyệt vời .,positive,noi_chung
1339,dạy kỹ bài tập .,positive,ky_nang_giang_day
1340,"cô nhiệt tình giúp đỡ , tận tâm với công việc .",positive,hanh_vi
1341,chưa biết cách truyền đạt .,negative,ky_nang_giang_day
1342,"mạng wifi thì không vào được , mạng dây thì cột chặt vào pc .",negative,thiet_bi_day_hoc
1343,lớp học hơi buồn chán .,negative,noi_chung
1344,"thầy ôn không đúng , bám sát với đề thi cuối kỳ .",negative,ky_nang_giang_day
1345,nên tận tình hơn với sinh viên .,negative,hanh_vi
1345,nên tận tình hơn với sinh viên .,neutral,de_xuat
1346,nhiều câu hỏi không biết cách trả lời .,negative,ky_nang_giang_day
1347,lớp học trầm .,negative,noi_chung
1348,"bài giảng thú vị dễ hiểu , khả năng truyền đạt kiến thức tốt .",positive,ky_nang_giang_day
1348,"bài giảng thú vị dễ hiểu , khả năng truyền đạt kiến thức tốt .",positive,kien_thuc
1349,phòng thiếu quạt .,negative,thiet_bi_day_hoc
1350,tận tình và up tài liệu trên module nhiều rất tiện việc theo dõi và cả song ngữ .,positive,hanh_vi
1350,tận tình và up tài liệu trên module nhiều rất tiện việc theo dõi và cả song ngữ .,positive,cung_cap_tai_lieu
1351,sinh viên không được cung cấp nhiều tài liệu cho môn học ngoài slide của giảng viên cung cấp .,negative,cung_cap_tai_lieu
1352,dạy dễ hiểu và hiệu quả .,positive,ky_nang_giang_day
1353,"đem nhiều hình thức như học từ vựng qua một số hình ảnh , học ngữ pháp qua một số ví dụ cơ bản và một số dẫn chứng thực tế , luyện nói thường xuyên và hỗ trợ sinh viên tự tin khi nói tự tin trình bày vấn đề , luyện nghe thường xuyên hỗ trợ sinh viên có thể hiểu được vấn đề của bài nghe , hỗ trợ các phương pháp đọc viết và một số kỹ năng trong giao tiếp .",positive,ky_nang_giang_day
1353,"đem nhiều hình thức như học từ vựng qua một số hình ảnh , học ngữ pháp qua một số ví dụ cơ bản và một số dẫn chứng thực tế , luyện nói thường xuyên và hỗ trợ sinh viên tự tin khi nói tự tin trình bày vấn đề , luyện nghe thường xuyên hỗ trợ sinh viên có thể hiểu được vấn đề của bài nghe , hỗ trợ các phương pháp đọc viết và một số kỹ năng trong giao tiếp .",positive,kinh_nghiem
1354,"vui tính , hòa đồng với sinh viên .",positive,hanh_vi
1355,"giảng viên nhiệt tình , đúng giờ , thân thiện .",positive,hanh_vi
1356,giảng viên dạy trọng tâm môn học .,neutral,ky_nang_giang_day
1357,cô cho nghỉ nhiều quá ( mặc dù đã có bù ) nhưng nên đảm bảo đúng lịch để sinh viên sắp xếp thời gian bởi vì sinh viên vẫn phải dành thời gian đi học bù .,negative,chuong_trinh_hoc
1357,cô cho nghỉ nhiều quá ( mặc dù đã có bù ) nhưng nên đảm bảo đúng lịch để sinh viên sắp xếp thời gian bởi vì sinh viên vẫn phải dành thời gian đi học bù .,positive,de_xuat
1358,môn này cũng được nghe thầy nói của chỉ có ở trường chúng ta .,neutral,noi_chung
1359,"cần phải cân bằng kiến thức giữa lý thuyết và thực hành , phần thực hành luôn đi trước lý thuyết , sinh viên không biết phải làm bài thực hành như thế nào , giảng viên thực hành không hướng dẫn cụ thể cho sinh viên làm bài , chỉ đưa lab rồi bắt sinh viên tự làm .",negative,ky_nang_giang_day
1359,"cần phải cân bằng kiến thức giữa lý thuyết và thực hành , phần thực hành luôn đi trước lý thuyết , sinh viên không biết phải làm bài thực hành như thế nào , giảng viên thực hành không hướng dẫn cụ thể cho sinh viên làm bài , chỉ đưa lab rồi bắt sinh viên tự làm .",negative,hanh_vi
1359,"cần phải cân bằng kiến thức giữa lý thuyết và thực hành , phần thực hành luôn đi trước lý thuyết , sinh viên không biết phải làm bài thực hành như thế nào , giảng viên thực hành không hướng dẫn cụ thể cho sinh viên làm bài , chỉ đưa lab rồi bắt sinh viên tự làm .",negative,chuong_trinh_hoc
1359,"cần phải cân bằng kiến thức giữa lý thuyết và thực hành , phần thực hành luôn đi trước lý thuyết , sinh viên không biết phải làm bài thực hành như thế nào , giảng viên thực hành không hướng dẫn cụ thể cho sinh viên làm bài , chỉ đưa lab rồi bắt sinh viên tự làm .",negative,de_xuat
1360,không có bài giải ví dụ mẫu được đưa ra nhằm tiệm cận sinh viên với chuẩn code .,negative,cung_cap_tai_lieu
1361,môn này em bị trùng lịch học do lịch thực hành hình thức 2 được công bố sau vì thế mà thời gian đi học thực hành của em cũng bị hạn chế .,negative,chuong_trinh_hoc
1362,cô dạy rất tốt .,positive,ky_nang_giang_day
1363,"có lúc nghiêm khắc , cho bài tập hơi nhiều .",negative,hanh_vi
1363,"có lúc nghiêm khắc , cho bài tập hơi nhiều .",negative,bai_tap
1364,giảng viên giảng dạy tận tình .,positive,hanh_vi
1365,slide khi khó hiểu vì vậy khi kết hợp slide và nghe cô giảng mới hiểu .,negative,cung_cap_tai_lieu
1366,thầy hơi khó tính nhưng dạy khá hay .,positive,ky_nang_giang_day
1366,thầy hơi khó tính nhưng dạy khá hay .,negative,hanh_vi
1367,"như vậy , sinh viên làm đồ án sẽ không có tương tác thực tế với giảng viên tương tác qua moodle thì vẫn được .",negative,kinh_nghiem
1368,thiết kế bài giảng chưa thuyết phục .,negative,ky_nang_giang_day
1369,"giảng viên giảng hay , dễ hiểu , dễ vận dụng .",positive,ky_nang_giang_day
1369,"giảng viên giảng hay , dễ hiểu , dễ vận dụng .",positive,kien_thuc
1370,"bài thực hành phong phú và đa dạng , tiếp xúc được với công nghệ mới .",positive,kinh_nghiem
1370,"bài thực hành phong phú và đa dạng , tiếp xúc được với công nghệ mới .",positive,bai_tap
1371,"tận tâm trong giảng dạy , không phiền hay trách khi sinh viên không nhớ kiến thức cũ .",positive,hanh_vi
1372,dạy dở .,negative,ky_nang_giang_day
1373,"đảm bảo thời gian dạy , bài tập nhiều để rèn luyện .",positive,bai_tap
1374,cần thêm thời gian thực hành .,negative,bai_tap
1374,cần thêm thời gian thực hành .,neutral,de_xuat
1375,"hệ thống chấm điểm thực hành wecode rất tiện lợi , hiệu quả .",positive,cham_diem
1376,dạy quá nhanh dot làm cho mức độ hiểu bài của sinh viên chỉ thêm hạn hẹp .,negative,ky_nang_giang_day
1377,phải nghe những thứ mà chưa được thấy thì thật khó mà tiếp thu .,negative,ky_nang_giang_day
1378,đa phần sinh viên không tập trung học nhiệt tình nên không theo kịp .,negative,hanh_vi
1379,"giảng viên gần gũi với học sinh , tạo không khí sôi nổi trong giờ lên lớp .",positive,hanh_vi
1380,nhưng buổi thực hành hết sưc bổ ích và tính ứng dụng cực cao .,positive,kinh_nghiem
1381,"giáo viên tận tâm chỉ dạy , nhiệt tình , giúp đỡ sinh viên .",positive,ky_nang_giang_day
1381,"giáo viên tận tâm chỉ dạy , nhiệt tình , giúp đỡ sinh viên .",positive,hanh_vi
1382,"giảng bài nhiệt tình và nội dung khá dễ hiểu , bổ ích .",positive,ky_nang_giang_day
1382,"giảng bài nhiệt tình và nội dung khá dễ hiểu , bổ ích .",positive,kien_thuc
1383,nhưng em có đi học một buổi thực hành trên trường .,neutral,kinh_nghiem
1384,một số phòng thực hành nên thay dàn máy phù hợp hơn .,negative,thiet_bi_day_hoc
1384,một số phòng thực hành nên thay dàn máy phù hợp hơn .,neutral,de_xuat
1385,"lên lớp trễ thường xuyên , 2 buổi báo nghĩ vào giờ chót .",negative,hanh_vi
1386,"cô giảng dạy thiếu tinh thần , không giảng giải kỹ ví dụ , toàn lướt qua gây thiếu kiến thức cho sinh viên .",negative,ky_nang_giang_day
1386,"cô giảng dạy thiếu tinh thần , không giảng giải kỹ ví dụ , toàn lướt qua gây thiếu kiến thức cho sinh viên .",negative,hanh_vi
1386,"cô giảng dạy thiếu tinh thần , không giảng giải kỹ ví dụ , toàn lướt qua gây thiếu kiến thức cho sinh viên .",negative,kien_thuc
1387,giảng hơi khó hiểu .,negative,ky_nang_giang_day
1388,giảng viên cần nhiệt tình hơn .,negative,hanh_vi
1388,giảng viên cần nhiệt tình hơn .,neutral,de_xuat
1389,thường thường vào lớp học chúng em rất buồn ngủ vì thầy giảng luôn với tốc độ đều đều .,negative,ky_nang_giang_day
1390,giảng viên tạo điểu kiện sinh viên hoạt động .,positive,hanh_vi
1391,nhiều lúc nội dung thực hành không đồng bộ với nội dung đã học ở lớp lý thuyết .,negative,kinh_nghiem
1391,nhiều lúc nội dung thực hành không đồng bộ với nội dung đã học ở lớp lý thuyết .,negative,chuong_trinh_hoc
1392,tăng cường giảng viên hỗ trợ thực hành .,neutral,hanh_vi
1392,tăng cường giảng viên hỗ trợ thực hành .,neutral,de_xuat
1393,dạy rất kỹ .,positive,ky_nang_giang_day
1394,tiếng anh của thầy không tốt .,negative,ky_nang_giang_day
1395,"phòng thực hành quy mô chưa lớn , vẫn còn các máy tính không sử dụng được .",negative,thiet_bi_day_hoc
1396,"sự nhiệt huyết , và tận tâm .",positive,hanh_vi
1397,sinh viên tốn thời gian lên trường mà không được học .,negative,ky_nang_giang_day
1398,"thầy vui tính , tận tâm !",positive,hanh_vi
1399,"cô dạy nhiệt tình , thoải mái , vui vẻ và tận tình .",positive,hanh_vi
1400,"anh wzjwz232 ơi , cho đề cuối kỳ dễ dễ đi .",negative,bai_tap
1400,"anh wzjwz232 ơi , cho đề cuối kỳ dễ dễ đi .",neutral,de_xuat
1401,"cô rất vui vẻ , phong cách dạy rất thoải mái , dễ hiểu .",positive,ky_nang_giang_day
1401,"cô rất vui vẻ , phong cách dạy rất thoải mái , dễ hiểu .",positive,hanh_vi
1402,thầy có thể cho nhiều bài tập hơn nhưng ở dạng tùy chọn hoặc bài tham khảo thêm ngoài những bài tập bắt buộc .,neutral,bai_tap
1402,thầy có thể cho nhiều bài tập hơn nhưng ở dạng tùy chọn hoặc bài tham khảo thêm ngoài những bài tập bắt buộc .,neutral,de_xuat
1403,dạy nhưng toàn kêu sinh viên về tự nghiên cứu và code .,negative,ky_nang_giang_day
1404,giảng viên giảng còn khó hiểu .,negative,ky_nang_giang_day
1405,"giảng viên vui tính , nhiệt tình và tận tâm với công việc .",positive,hanh_vi
1406,thầy dạy rất có tâm huyết với học sinh .,positive,hanh_vi
1407,nói chung em rất thích thầy colonsmile .,positive,noi_chung
1408,"nghiêm túc trong việc dạy , vui tính .",positive,hanh_vi
1409,cách thức trình bày bài giảng của thầy chưa tiếp cận được học sinh .,negative,ky_nang_giang_day
1410,"vui vẻ , khá chăm lo cho sinh viên .",positive,hanh_vi
1411,"thầy dễ tính , giảng dễ hiểu .",positive,ky_nang_giang_day
1411,"thầy dễ tính , giảng dễ hiểu .",positive,hanh_vi
1412,giảng viên nên tổ chức ôn tập các bài đã qua trong một hai buổi học để cũng cố kiến thức cho sinh viên .,neutral,ky_nang_giang_day
1412,giảng viên nên tổ chức ôn tập các bài đã qua trong một hai buổi học để cũng cố kiến thức cho sinh viên .,neutral,de_xuat
1413,"khả năng truyền đạt khó hiểu cho sinh viên , không có gây hứng thú .",negative,ky_nang_giang_day
1413,"khả năng truyền đạt khó hiểu cho sinh viên , không có gây hứng thú .",negative,hanh_vi
1414,so sánh không mang tính tương quan .,negative,noi_chung
1415,thầy dạy sửa bài và cho nhiều bài tập .,neutral,ky_nang_giang_day
1415,thầy dạy sửa bài và cho nhiều bài tập .,neutral,bai_tap
1416,"nhà trường cần công bố điểm sớm hơn , các thiết bị máy chiếu , loa , micro cần được đảm bảo hơn .",negative,cham_diem
1416,"nhà trường cần công bố điểm sớm hơn , các thiết bị máy chiếu , loa , micro cần được đảm bảo hơn .",negative,thiet_bi_day_hoc
1416,"nhà trường cần công bố điểm sớm hơn , các thiết bị máy chiếu , loa , micro cần được đảm bảo hơn .",negative,de_xuat
1417,"thầy nhiệt tình , tận tâm với sinh viên .",positive,hanh_vi
1418,"chỉnh lại thời lượng làm bài thi và nội dung thi , vì không tương thích , đề dài và thời gian ngắn .",negative,bai_tap
1418,"chỉnh lại thời lượng làm bài thi và nội dung thi , vì không tương thích , đề dài và thời gian ngắn .",neutral,de_xuat
1419,tốt và nhiệt tình trong giảng bài .,positive,ky_nang_giang_day
1419,tốt và nhiệt tình trong giảng bài .,positive,hanh_vi
1420,thầy dạy quá tốt không ý kiến .,positive,ky_nang_giang_day
1421,giáo viên thường xuyên liên lạc trao đổi với sinh viên .,positive,hanh_vi
1422,"giảng viên nhiệt tình , giải thích kỹ càng .",positive,ky_nang_giang_day
1422,"giảng viên nhiệt tình , giải thích kỹ càng .",positive,hanh_vi
1423,"giảng viên dạy khá nhạt và chán , giọng nói đều đều , khô khan .",negative,ky_nang_giang_day
1424,và em nghĩ mức độ gây áp lực về nội dung bài tập còn ít ( nội dung bài tập chưa nâng cao và yêu cầu nhiều về kiến thức ) .,negative,bai_tap
1425,điều em không hài lòng nhất là đôi lúc giảng bài hơi nhanh .,negative,ky_nang_giang_day
1426,đôi khi dạy khiến học sinh buồn ngủ bởi cách dạy chưa hay hoặc bài học khó nhưng chưa chỉ ra hợp lý .,negative,ky_nang_giang_day
1427,cảm ơn boss .,positive,noi_chung
1428,"cách dạy thiếu khoa học , cứng nhắc , quá áp đặt , không thu hút , gó bó tư duy của sinh viên .",negative,ky_nang_giang_day
1429,nên thêm thời gian học .,positive,de_xuat
1430,"cô dạy nhiệt tình , tận tâm với sinh viên .",positive,hanh_vi
1431,"thầy giảng tận tâm , nhiệt tình .",positive,hanh_vi
1432,"thầy đẹp trai quá , làm sinh viên mất tập trung !",negative,hanh_vi
1433,hiệu quả trình bày kiến thức không cao .,negative,ky_nang_giang_day
1434,"khi sinh viên hỏi thì thầy không biết , phải đi qua máy khác xem rồi mới biết đường để chỉ sinh viên .",negative,hanh_vi
1434,"khi sinh viên hỏi thì thầy không biết , phải đi qua máy khác xem rồi mới biết đường để chỉ sinh viên .",negative,kien_thuc
1435,cô rất sâu sát đến từng bạn .,positive,hanh_vi
1436,nội dung bài thực hành nên chú trọng vào chất lượng hơn là số lượng .,negative,bai_tap
1436,nội dung bài thực hành nên chú trọng vào chất lượng hơn là số lượng .,neutral,de_xuat
1437,phương pháp thầy dạy giống cấp 3 làm em nhớ hồi cày cuốc colonsmile .,negative,ky_nang_giang_day
1438,"cách truyền đạt khó hiểu , không có gì mới trong bài giảng .",negative,ky_nang_giang_day
1439,"thầy giảng kỹ , liên hệ thực tiễn , rõ ràng nhưng tiếc là giọng của thầy ấm áp quá , học trưa nên dễ buồn ngủ .",positive,ky_nang_giang_day
1439,"thầy giảng kỹ , liên hệ thực tiễn , rõ ràng nhưng tiếc là giọng của thầy ấm áp quá , học trưa nên dễ buồn ngủ .",positive,kinh_nghiem
1439,"thầy giảng kỹ , liên hệ thực tiễn , rõ ràng nhưng tiếc là giọng của thầy ấm áp quá , học trưa nên dễ buồn ngủ .",neutral,hanh_vi
1440,"các nội dung trong tài liệu môn học chưa đầy đủ và chi tiết , chưa đi sâu vào bản chất của vấn đề , đặc biệt là phần xml và hướng đối tượng .",negative,cung_cap_tai_lieu
1441,cô nhiệt tình giảng dạy dù lúc cô hỏi không bạn nào thèm trả lời câu hỏi của cô .,positive,hanh_vi
1442,số bài thực hành quá nhiều cho một môn thực hành hình thức 2 .,negative,bai_tap
1443,"phần thực hành khó , em thường làm rất mơ hồ và không hiểu ý nghĩa của bài tập .",negative,kinh_nghiem
1443,"phần thực hành khó , em thường làm rất mơ hồ và không hiểu ý nghĩa của bài tập .",negative,bai_tap
1444,không học gì .,negative,noi_chung
1445,"thầy nhiệt tình , ân cần .",positive,hanh_vi
1446,"em mong môn học cập nhập thêm nhiều điều mới , có những ví dụ thực tiễn , sinh động , nội dung môn học nên súc tích và nhấn mạnh trọng tâm hơn .",negative,kien_thuc
1446,"em mong môn học cập nhập thêm nhiều điều mới , có những ví dụ thực tiễn , sinh động , nội dung môn học nên súc tích và nhấn mạnh trọng tâm hơn .",negative,chuong_trinh_hoc
1446,"em mong môn học cập nhập thêm nhiều điều mới , có những ví dụ thực tiễn , sinh động , nội dung môn học nên súc tích và nhấn mạnh trọng tâm hơn .",positive,de_xuat
1447,"luôn giải đáp thắc mắc của sinh viên , dạy dễ hiểu .",positive,ky_nang_giang_day
1447,"luôn giải đáp thắc mắc của sinh viên , dạy dễ hiểu .",positive,hanh_vi
1448,giảng viên dạy khó hiểu .,negative,ky_nang_giang_day
1449,"học xong môn học chỉ có thể nói chắc chắn một điều , đủ để chém gió , còn lại thực tế mạng là cái gì ?",negative,noi_chung
1450,thầy dạy dễ tiếp thu .,positive,ky_nang_giang_day
1451,"nếu liên hệ thực tế , liên kết của môn học với các mô học sau , ngành nghề sau này , em nghĩ sẽ dễ hiểu và tiếp thu môn học hơn .",positive,kinh_nghiem
1451,"nếu liên hệ thực tế , liên kết của môn học với các mô học sau , ngành nghề sau này , em nghĩ sẽ dễ hiểu và tiếp thu môn học hơn .",neutral,de_xuat
1452,"thầy cho bài tập để sinh viên không quên kiến thức trong kỳ quân sự , thường xuyên cho bài tập không ngừng giải thích và chỉ rõ những cái các chỗ sai của sinh viên trong quá trình làm bài tập .",positive,ky_nang_giang_day
1452,"thầy cho bài tập để sinh viên không quên kiến thức trong kỳ quân sự , thường xuyên cho bài tập không ngừng giải thích và chỉ rõ những cái các chỗ sai của sinh viên trong quá trình làm bài tập .",positive,bai_tap
1453,thầy luôn đến sớm hơn sinh viên .,positive,hanh_vi
1454,thầy nói chuyện linh tinh hơi nhiều .,negative,hanh_vi
1455,đừng quá nhiều lý thuyết .,negative,chuong_trinh_hoc
1455,đừng quá nhiều lý thuyết .,neutral,de_xuat
1456,"môn học cần tạo được định hướng cho sinh viên làm đồ án ngay từ đầu , gần cuối kỳ chúng em mới biết làm cái gì nên lúc đó chạy đồ án rất là cực và còn nhiều sai sót cho đồ án của mình .",negative,bai_tap
1456,"môn học cần tạo được định hướng cho sinh viên làm đồ án ngay từ đầu , gần cuối kỳ chúng em mới biết làm cái gì nên lúc đó chạy đồ án rất là cực và còn nhiều sai sót cho đồ án của mình .",negative,chuong_trinh_hoc
1456,"môn học cần tạo được định hướng cho sinh viên làm đồ án ngay từ đầu , gần cuối kỳ chúng em mới biết làm cái gì nên lúc đó chạy đồ án rất là cực và còn nhiều sai sót cho đồ án của mình .",neutral,de_xuat
1457,cô rất nhiệt tình .,positive,hanh_vi
1458,vận dụng được một số kiến thức để áp dụng những môn học sau .,positive,kien_thuc
1459,có thông báo cho sinh viên rất đầy đủ .,positive,noi_chung
1460,"tận tâm , nhiệt tình , hăng say .",positive,hanh_vi
1461,một số bài lab khá dài và nâng cao .,negative,bai_tap
1462,cô quá dễ thương .,positive,hanh_vi
1463,"giảng viên đảm bảo giờ lên lớp , dạy kỹ càng và rất dễ hiểu .",positive,ky_nang_giang_day
1463,"giảng viên đảm bảo giờ lên lớp , dạy kỹ càng và rất dễ hiểu .",positive,hanh_vi
1464,thầy hầu như chỉ giảng bài trên slide .,negative,ky_nang_giang_day
1465,"thầy dạy rất hay , em hài lòng về cách giảng dạy của thầy .",positive,ky_nang_giang_day
1466,"thầy giảng buồn ngủ , không nhiệt tình , bài tập thực hành không có .",negative,hanh_vi
1466,"thầy giảng buồn ngủ , không nhiệt tình , bài tập thực hành không có .",negative,bai_tap
1467,thầy có nhiều kiến thức hay .,positive,kien_thuc
1468,thời gian làm bài tập nên kéo dài hơn một chút .,negative,bai_tap
1468,thời gian làm bài tập nên kéo dài hơn một chút .,positive,de_xuat
1469,giảng viên truyền đạt kiến thức sát với thực tiễn giúp dễ hiểu .,positive,ky_nang_giang_day
1469,giảng viên truyền đạt kiến thức sát với thực tiễn giúp dễ hiểu .,positive,kinh_nghiem
1469,giảng viên truyền đạt kiến thức sát với thực tiễn giúp dễ hiểu .,positive,kien_thuc
1470,"vui vẻ với sinh viên , cung cấp tài liệu đây đủ cho môn học .",positive,hanh_vi
1470,"vui vẻ với sinh viên , cung cấp tài liệu đây đủ cho môn học .",positive,cung_cap_tai_lieu
1471,tích cực giảng dạy thường xuyên giúp đỡ sinh viên .,positive,ky_nang_giang_day
1471,tích cực giảng dạy thường xuyên giúp đỡ sinh viên .,positive,hanh_vi
1472,nhiệt tình vui vẻ .,positive,hanh_vi
1473,chúc thầy sẽ những thành công trong việc giảng dạy sắp tới .,positive,noi_chung
1474,quan tâm tới học sinh .,positive,hanh_vi
1475,"thầy cho làm bài tập nhưng không giải , làm sinh viên không biết đúng sai như thế nào .",negative,hanh_vi
1475,"thầy cho làm bài tập nhưng không giải , làm sinh viên không biết đúng sai như thế nào .",negative,bai_tap
1476,"cần trang bị máy bàn cấu hình cao hơn , vì chạy chương trình không nổi .",negative,thiet_bi_day_hoc
1476,"cần trang bị máy bàn cấu hình cao hơn , vì chạy chương trình không nổi .",positive,de_xuat
1477,sử dụng hệ thống làm bài online để làm bài tập .,neutral,bai_tap
1478,"nội dung môn học quá rộng , nên điều chỉnh lại và tập trung vào những phần quan trọng .",negative,chuong_trinh_hoc
1478,"nội dung môn học quá rộng , nên điều chỉnh lại và tập trung vào những phần quan trọng .",positive,de_xuat
1479,thầy rất tốt rất nhiệt tình .,positive,hanh_vi
1480,"thầy giảng ngắn ngọn , nhưng rất dễ hiểu .",positive,ky_nang_giang_day
1481,dạy dễ nghe dễ hiểu .,positive,ky_nang_giang_day
1482,chưa đi sâu vào cốt lõi của vấn đề .,negative,ky_nang_giang_day
1483,"giảng dạy dễ hiểu , rõ ràng minh bạch , dẫn chứng cụ thể .",positive,ky_nang_giang_day
1484,mong thầy cố gắng giải bài tập thực tế nhiều hơn .,negative,kinh_nghiem
1484,mong thầy cố gắng giải bài tập thực tế nhiều hơn .,neutral,de_xuat
1485,tiết sửa bài tập không đạt được hiệu quả cao .,negative,bai_tap
1486,dặn sinh viên tham gia seminar một cách tự nguyện nhưng lại bắt viết bài thu hoạch lấy điểm quá trình .,negative,bai_tap
1486,dặn sinh viên tham gia seminar một cách tự nguyện nhưng lại bắt viết bài thu hoạch lấy điểm quá trình .,negative,cham_diem
1487,"cô dạy hơi nhanh , nhiều sinh viên không hiểu hết vấn đề .",negative,ky_nang_giang_day
1488,thầy dạy rất tâm huyết .,positive,ky_nang_giang_day
1488,thầy dạy rất tâm huyết .,positive,hanh_vi
1489,không ai có thể không hài lòng về cách dạy của cô ( trừ những bạn không đi học ) .,positive,ky_nang_giang_day
1490,dạy rất chán .,negative,ky_nang_giang_day
1491,"thầy có cách giảng dạy lưu loát , truyền đạt dễ hiểu .",positive,ky_nang_giang_day
1492,dạy nhiệt tình và có thêm buổi học phụ đạo .,positive,ky_nang_giang_day
1492,dạy nhiệt tình và có thêm buổi học phụ đạo .,positive,hanh_vi
1493,tên môn học là quản trị mạng nhưng nó chẳng đúng với nội dung đã học ở trên lớp .,negative,chuong_trinh_hoc
1494,"slide tài liệu các chương thường không có , hoặc thường rất ít các bài tập mà chỉ tập trung vào slide ôn tập cuối kỳ fraction giữa kỳ .",negative,bai_tap
1494,"slide tài liệu các chương thường không có , hoặc thường rất ít các bài tập mà chỉ tập trung vào slide ôn tập cuối kỳ fraction giữa kỳ .",negative,cung_cap_tai_lieu
1495,giảng viên vần tạo thêm động lực học cho sinh viên .,positive,hanh_vi
1496,"thực hành luôn đi trước lý thuyết , rất bất cập , mong nhà trường chỉnh sửa lại cho phù hợp .",negative,chuong_trinh_hoc
1496,"thực hành luôn đi trước lý thuyết , rất bất cập , mong nhà trường chỉnh sửa lại cho phù hợp .",positive,de_xuat
1497,"bài giảng mang tính thực tế cao , giảng viên tận tình hướng dẫn .",positive,kinh_nghiem
1497,"bài giảng mang tính thực tế cao , giảng viên tận tình hướng dẫn .",positive,hanh_vi
1498,"thầy dạy có tâm , thường dạy quá giờ .",negative,ky_nang_giang_day
1498,"thầy dạy có tâm , thường dạy quá giờ .",positive,hanh_vi
1499,"một số nội dung cơ bản như doubledot cấu trúc của json , xml .",neutral,chuong_trinh_hoc
1500,cần tăng cường các buổi training do giảng viên đứng lớp để giải thêm các bài tập .,negative,bai_tap
1500,cần tăng cường các buổi training do giảng viên đứng lớp để giải thêm các bài tập .,positive,de_xuat
1501,còn nhiều chỗ thiếu sót .,negative,noi_chung
1502,rất ok về mọi phần .,positive,noi_chung
1503,"chép nhiều ví dụ gây mất thời gian , 3 tiết học trở thành 5 tiết học .",negative,ky_nang_giang_day
1504,giáo viên nói tiếng hơi khó nghe .,negative,ky_nang_giang_day
1505,thầy nhiệt tình tận tâm .,positive,hanh_vi
1506,"hướng dẫn tận tâm chu đáo , ăn mặc lịch sự và vui vẻ !",positive,hanh_vi
1507,bài học chưa thực sự sinh động .,negative,ky_nang_giang_day
1508,cần nhiều tài liệu mới .,negative,cung_cap_tai_lieu
1508,cần nhiều tài liệu mới .,neutral,de_xuat
1509,thầy dạy rất tâm huyết và nhiệt tình giúp sinh viên có hướng tiếp cận tốt hơn .,positive,ky_nang_giang_day
1509,thầy dạy rất tâm huyết và nhiệt tình giúp sinh viên có hướng tiếp cận tốt hơn .,positive,hanh_vi
1510,giảng viên vui tính thân thiện .,positive,hanh_vi
1511,nghỉ dạy không báo trước sinh viên .,negative,hanh_vi
1512,"thầy luôn đi đúng giờ , không điểm danh .",neutral,hanh_vi
1513,"cần thêm các giờ thực hành tại các công ty , doanh nghiệp .",negative,kinh_nghiem
1513,"cần thêm các giờ thực hành tại các công ty , doanh nghiệp .",neutral,de_xuat
1514,"thưa , thầy là người cung cấp kiến thức rất chuẩn mực và sâu để em có thể tìm tòi , dễ dàng học hỏi thêm những kiến thức khác liên quan đến môn học .",positive,kien_thuc
1515,cách dạy khó hiểu .,negative,ky_nang_giang_day
1516,giáo viên tạo được cảm giác ham học và nhiệt tình với học sinh .,positive,hanh_vi
1517,lý thuyết thường chỉ là slide muốn sinh viên hiểu rõ cũng khó .,negative,ky_nang_giang_day
1517,lý thuyết thường chỉ là slide muốn sinh viên hiểu rõ cũng khó .,negative,cung_cap_tai_lieu
1518,thầy rất giỏi và nhiệt tình .,positive,ky_nang_giang_day
1518,thầy rất giỏi và nhiệt tình .,positive,hanh_vi
1519,không chấm bài thì giảng viên không nên bắt học sinh nộp bài lên moodle .,negative,bai_tap
1519,không chấm bài thì giảng viên không nên bắt học sinh nộp bài lên moodle .,negative,cham_diem
1519,không chấm bài thì giảng viên không nên bắt học sinh nộp bài lên moodle .,negative,de_xuat
1520,"phương pháp giảng dạy của cô rất hay , đơn giản nhưng rất dễ hiểu , truyền đạt kiến thức tốt .",positive,ky_nang_giang_day
1520,"phương pháp giảng dạy của cô rất hay , đơn giản nhưng rất dễ hiểu , truyền đạt kiến thức tốt .",positive,kien_thuc
1521,"phòng thực hành còn sơ sài , máy tính cũ kỹ .",negative,thiet_bi_day_hoc
1522,cô phát âm chưa chuẩn .,negative,ky_nang_giang_day
1523,giảng viên còn thiếu kinh nghiệm truyền đạt .,negative,ky_nang_giang_day
1523,giảng viên còn thiếu kinh nghiệm truyền đạt .,negative,kinh_nghiem
1524,"thầy dạy truyền đạt rất tốt , dạy hay , dễ hiểu , nhiều bài tập .",positive,ky_nang_giang_day
1524,"thầy dạy truyền đạt rất tốt , dạy hay , dễ hiểu , nhiều bài tập .",neutral,bai_tap
1525,"thầy giảng dạy dễ hiểu , thân thiện .",positive,ky_nang_giang_day
1525,"thầy giảng dạy dễ hiểu , thân thiện .",positive,hanh_vi
1526,"tận tụy với sinh viên , bài giảng dễ hiểu .",positive,ky_nang_giang_day
1526,"tận tụy với sinh viên , bài giảng dễ hiểu .",positive,hanh_vi
1527,đề nghị có màn che bớt ánh sáng .,negative,thiet_bi_day_hoc
1527,đề nghị có màn che bớt ánh sáng .,neutral,de_xuat
1528,"giảng dạy ngắn gọn , dễ hiểu .",positive,ky_nang_giang_day
1529,"cô dạy rất nhiệt tình , cho sinh viên tiếp cận với nhiều thiết bị công nghệ .",positive,hanh_vi
1529,"cô dạy rất nhiệt tình , cho sinh viên tiếp cận với nhiều thiết bị công nghệ .",positive,thiet_bi_day_hoc
1530,"giảng viên tạo nhiều bài tập , câu hỏi để mỗi thành viên trong lớp đều có thể tương tác .",positive,bai_tap
1531,"tận tình , chuẩn xác .",positive,hanh_vi
1532,nhưng ra đề đừng đánh đố sinh viên .,negative,bai_tap
1532,nhưng ra đề đừng đánh đố sinh viên .,neutral,de_xuat
1533,"theo thời khóa biểu là mỗi buổi 4 tiết , nhưng thầy chưa bao giờ dạy hơn 3 tiết fraction buổi , thầy hay kể chuyện kiếm hiệp trong giờ học .",negative,ky_nang_giang_day
1533,"theo thời khóa biểu là mỗi buổi 4 tiết , nhưng thầy chưa bao giờ dạy hơn 3 tiết fraction buổi , thầy hay kể chuyện kiếm hiệp trong giờ học .",negative,hanh_vi
1533,"theo thời khóa biểu là mỗi buổi 4 tiết , nhưng thầy chưa bao giờ dạy hơn 3 tiết fraction buổi , thầy hay kể chuyện kiếm hiệp trong giờ học .",negative,chuong_trinh_hoc
1534,"giọng thầy rất khó nghe , cả lớp gần như không ai nghe hiểu được .",negative,ky_nang_giang_day
1535,"thầy giáo tận tâm , nhiệt tình .",positive,hanh_vi
1536,phương pháp dạy tốt dễ hiểu .,positive,ky_nang_giang_day
1537,"thầy dạy tận tâm , nhiệt tình , cho nhiều ví dụ để sinh viên hiểu bài .",positive,ky_nang_giang_day
1537,"thầy dạy tận tâm , nhiệt tình , cho nhiều ví dụ để sinh viên hiểu bài .",positive,hanh_vi
1538,hy vọng trường xem xét ý kiến này của em !,neutral,de_xuat
1539,cô wzjwz219 nên làm gắt gao hơn việc kiểm tra bài làm của sinh viên .,negative,cham_diem
1539,cô wzjwz219 nên làm gắt gao hơn việc kiểm tra bài làm của sinh viên .,neutral,de_xuat
1540,slide quá dài và dùng từ ngữ khó hiểu .,negative,cung_cap_tai_lieu
1541,"giảng viên dạy nhiều kiến thức thực tế , cách dạy dễ hiểu .",positive,ky_nang_giang_day
1541,"giảng viên dạy nhiều kiến thức thực tế , cách dạy dễ hiểu .",positive,kien_thuc
1542,dễ trong việc tiếp xúc với thực tế sau này .,positive,kinh_nghiem
1543,giảng hay .,positive,ky_nang_giang_day
1544,"cô giảng bài dễ hiểu , vui tính , hòa đồng với sinh viên .",positive,ky_nang_giang_day
1544,"cô giảng bài dễ hiểu , vui tính , hòa đồng với sinh viên .",positive,hanh_vi
1545,"thầy wzjwz273 lớn tuổi , nói nhỏ , không sử dụng slide trình chiếu .",negative,ky_nang_giang_day
1545,"thầy wzjwz273 lớn tuổi , nói nhỏ , không sử dụng slide trình chiếu .",negative,cung_cap_tai_lieu
1546,giảng bài cực kỳ chán và không nhiệt tình .,negative,ky_nang_giang_day
1546,giảng bài cực kỳ chán và không nhiệt tình .,negative,hanh_vi
1547,"giảng viên tận tâm , nhiệt tình , có nội dung bài giảng tốt .",positive,hanh_vi
1547,"giảng viên tận tâm , nhiệt tình , có nội dung bài giảng tốt .",positive,kien_thuc
1548,"giáo viên nhiệt tình , đổi mới phương pháp dạy .",positive,ky_nang_giang_day
1548,"giáo viên nhiệt tình , đổi mới phương pháp dạy .",positive,hanh_vi
1549,cô dạy rất tận tình chu đáo .,positive,hanh_vi
1550,"lần sau thầy cho làm thêm đồ án thực hành cho vui , để biết môn này ứng dụng thực tế thế nào .",neutral,kinh_nghiem
1550,"lần sau thầy cho làm thêm đồ án thực hành cho vui , để biết môn này ứng dụng thực tế thế nào .",neutral,bai_tap
1550,"lần sau thầy cho làm thêm đồ án thực hành cho vui , để biết môn này ứng dụng thực tế thế nào .",neutral,de_xuat
1551,lên lớp cô không giảng gì cả chỉ để học sinh tự ngồi code .,negative,ky_nang_giang_day
1551,lên lớp cô không giảng gì cả chỉ để học sinh tự ngồi code .,negative,hanh_vi
1552,"thầy nhiệt tình vui vẻ , thương sinh viên .",positive,hanh_vi
1553,có giới thiệu về những công cụ hay .,positive,cung_cap_tai_lieu
1554,"giáo viên dạy có tâm huyết , nhiệt tình với sinh viên .",positive,hanh_vi
1555,"bài giảng hay , gần gũi với sinh viên .",positive,ky_nang_giang_day
1556,"giảng viên vui vẻ , nhiệt tình , thân thiện với sinh viên .",positive,hanh_vi
1557,sự giảng dạy của giảng viên là rất gần với thực tế .,positive,kinh_nghiem
1558,"thầy nhiệt tình , thân thiện với học sinh .",positive,hanh_vi
1559,tận tâm muốn làm việc tốt nhất cho sinh viên nhưng cách giảng bài trên lớp chắc thầy nên thay đổi chút xíu để tất cả mọi người cùng yêu thương thầy !,negative,ky_nang_giang_day
1559,tận tâm muốn làm việc tốt nhất cho sinh viên nhưng cách giảng bài trên lớp chắc thầy nên thay đổi chút xíu để tất cả mọi người cùng yêu thương thầy !,positive,hanh_vi
1559,tận tâm muốn làm việc tốt nhất cho sinh viên nhưng cách giảng bài trên lớp chắc thầy nên thay đổi chút xíu để tất cả mọi người cùng yêu thương thầy !,neutral,de_xuat
1560,cần kiến thực thực tế cụ thể .,negative,kinh_nghiem
1560,cần kiến thực thực tế cụ thể .,neutral,de_xuat
1561,"nhiệt tình , truyền đạt kiến thức đến sinh viên tốt .",positive,ky_nang_giang_day
1561,"nhiệt tình , truyền đạt kiến thức đến sinh viên tốt .",positive,hanh_vi
1561,"nhiệt tình , truyền đạt kiến thức đến sinh viên tốt .",positive,kien_thuc
1562,"slide bài giảng chưa sinh động , chưa đưa được tinh thần học tập của lớp đạt hạt hiệu quả cao .",negative,cung_cap_tai_lieu
1563,không dám ý kiến .,negative,noi_chung
1564,tài liệu dùng cho học tập và tài liệu tham khảo đầy đủ .,positive,cung_cap_tai_lieu
1565,hướng dẫn tận tình .,positive,hanh_vi
1566,có những kiến thức dùng trong thực hành thì rất lâu sau lý thuyết mới được học .,negative,kinh_nghiem
1566,có những kiến thức dùng trong thực hành thì rất lâu sau lý thuyết mới được học .,negative,kien_thuc
1567,"thầy rất quan tâm đến sinh viên , thầy tạo riêng một nhóm để các sinh viên trong lớp đặt câu hỏi cũng như bài tập .",positive,hanh_vi
1568,giảng viên nên giảng chậm lại .,negative,ky_nang_giang_day
1568,giảng viên nên giảng chậm lại .,neutral,de_xuat
1569,"thầy bụng bự , vui tính , hòa đồng .",positive,hanh_vi
1570,thầy rất thoải mái với sinh viên .,positive,hanh_vi
1571,đôi khi nói quá lời với sinh viên .,negative,hanh_vi
1572,ic được cấp thường hư một phần .,negative,thiet_bi_day_hoc
1573,"giảng kỹ , lấy ví dụ rõ ràng , tận tâm .",positive,ky_nang_giang_day
1573,"giảng kỹ , lấy ví dụ rõ ràng , tận tâm .",positive,hanh_vi
1573,"giảng kỹ , lấy ví dụ rõ ràng , tận tâm .",positive,kien_thuc
1574,giảng viên tận tâm .,positive,hanh_vi
1575,"mặc dù về môn này điểm em không cao cũng như không hiểu nhiều về môn này nhưng cảm nhận giáo viên rất nhiệt tình với tiết học , quan tâm đến từng sinh viên nhưng do môn này quá khó hiểu nên kết quả vẫn không như mong đợi của giảng viên .",negative,ky_nang_giang_day
1575,"mặc dù về môn này điểm em không cao cũng như không hiểu nhiều về môn này nhưng cảm nhận giáo viên rất nhiệt tình với tiết học , quan tâm đến từng sinh viên nhưng do môn này quá khó hiểu nên kết quả vẫn không như mong đợi của giảng viên .",positive,hanh_vi
1575,"mặc dù về môn này điểm em không cao cũng như không hiểu nhiều về môn này nhưng cảm nhận giáo viên rất nhiệt tình với tiết học , quan tâm đến từng sinh viên nhưng do môn này quá khó hiểu nên kết quả vẫn không như mong đợi của giảng viên .",negative,cham_diem
1576,"giảng viên giảng dễ hiểu , vui tính .",positive,ky_nang_giang_day
1576,"giảng viên giảng dễ hiểu , vui tính .",positive,hanh_vi
1577,hướng dẫn rõ ràng .,positive,ky_nang_giang_day
1578,tậm tân với sinh viên .,neutral,noi_chung
1579,chưa sử dụng giờ lên lớp hiệu quả .,negative,ky_nang_giang_day
1580,nên phân chia lại tỷ lệ các hình thức kiểm tra trong điểm trung bình .,negative,cham_diem
1580,nên phân chia lại tỷ lệ các hình thức kiểm tra trong điểm trung bình .,neutral,de_xuat
1581,"giảng viên nên tập trung vào giáo trình môn học hơn , nên gửi trước giáo trình để sinh viên tham khảo .",neutral,de_xuat
1582,"giảng dạy ngắn gọn dễ hiểu , đi thẳng vào trọng tâm .",positive,ky_nang_giang_day
1583,"thiết nghĩ đây là môn phân tích , thiết kế thuật toán , các bài toán ngoài thực tế không dễ dàng như vậy và quy hoạch động là một kỹ thuật có thể xử lý được một số bài kiểu này .",neutral,chuong_trinh_hoc
1584,"rất hài lòng , hy vọng thầy sẽ mở mang thêm nhiều kiến thức nữa cho sinh viên .",positive,hanh_vi
1584,"rất hài lòng , hy vọng thầy sẽ mở mang thêm nhiều kiến thức nữa cho sinh viên .",positive,de_xuat
1585,"giảng viên nên code trực tiếp trên máy cho sinh viên xem và sửa , hạn chế code viết trên giấy .",negative,ky_nang_giang_day
1585,"giảng viên nên code trực tiếp trên máy cho sinh viên xem và sửa , hạn chế code viết trên giấy .",neutral,de_xuat
1586,tuyệt vời là tính từ để mô tả môn học này .,positive,chuong_trinh_hoc
1587,"giảng viên dạy sát chương trình , truyền đạt được kiến thức cho sinh viên .",positive,ky_nang_giang_day
1587,"giảng viên dạy sát chương trình , truyền đạt được kiến thức cho sinh viên .",positive,kien_thuc
1588,"đồng thời thiết bị ở phòng thực hành hay hỏng hóc , gây gián đoạn và ảnh hưởng tới kết quả và thời gian làm thực hành .",negative,thiet_bi_day_hoc
1589,cô dạy hay nhưng phòng máy nhiều hôm thiếu máy .,positive,ky_nang_giang_day
1589,cô dạy hay nhưng phòng máy nhiều hôm thiếu máy .,negative,thiet_bi_day_hoc
1590,có nhiều hoạt động thực tiễn phù hợp với thực tế .,positive,kinh_nghiem
1591,cô rất hiền colonsmile .,positive,hanh_vi
1592,liên hệ thực tiễn tương đối tốt .,positive,kinh_nghiem
1593,"môn học rất trừu tượng , nên giảng viên cần có những phương pháp để giảng dạy hiệu quả hơn .",negative,ky_nang_giang_day
1593,"môn học rất trừu tượng , nên giảng viên cần có những phương pháp để giảng dạy hiệu quả hơn .",positive,de_xuat
1594,"có nhiều bài tập hay , rèn luyện kỹ năng tốt .",positive,kinh_nghiem
1594,"có nhiều bài tập hay , rèn luyện kỹ năng tốt .",positive,bai_tap
1595,rất hài lòng ạ .,positive,noi_chung
1596,thầy có cho bài tập nhưng lại không kiểm tra bài tập nên không ai làm .,negative,bai_tap
1596,thầy có cho bài tập nhưng lại không kiểm tra bài tập nên không ai làm .,negative,cham_diem
1597,"giảng viên tận tâm , nhiệt tình , theo sát tình hình kiến thức sinh viên .",positive,ky_nang_giang_day
1597,"giảng viên tận tâm , nhiệt tình , theo sát tình hình kiến thức sinh viên .",positive,hanh_vi
1598,lại vui tính .,positive,hanh_vi
1599,cô dạy nên có ví dụ và bài tập hướng dẫn chi tiết cụ thể hơn !,negative,ky_nang_giang_day
1599,cô dạy nên có ví dụ và bài tập hướng dẫn chi tiết cụ thể hơn !,negative,bai_tap
1599,cô dạy nên có ví dụ và bài tập hướng dẫn chi tiết cụ thể hơn !,neutral,de_xuat
1600,giảng viên giảng kỹ và dễ hiểu !,positive,ky_nang_giang_day
1601,thầy rất nhiệt tình và gẫn gũi với sinh viên .,positive,hanh_vi
1602,chưa đảm bảo việc giảng dạy theo đề cương và chương trình môn học .,negative,chuong_trinh_hoc
1603,thêm các buổi làm và sửa bài tập .,neutral,bai_tap
1603,thêm các buổi làm và sửa bài tập .,neutral,de_xuat
1604,"nộp báo cáo sau khi thực hành , đăng lịch học lên moodle .",neutral,bai_tap
1605,thầy rất năng động .,positive,hanh_vi
1606,bình thường .,neutral,noi_chung
1607,thầy giảng siêu hay .,positive,ky_nang_giang_day
1608,"giảng viên đã lớp tuổi , kiến thức không còn phù hợp với thực tế , cách giảng dạy nhàm chán làm sinh viên không thể tiếp thu nổi .",negative,ky_nang_giang_day
1608,"giảng viên đã lớp tuổi , kiến thức không còn phù hợp với thực tế , cách giảng dạy nhàm chán làm sinh viên không thể tiếp thu nổi .",negative,kien_thuc
1609,"giảng sát với bài học , không cho bài quá nhiều , lan man .",negative,ky_nang_giang_day
1609,"giảng sát với bài học , không cho bài quá nhiều , lan man .",positive,bai_tap
1610,sinh viên nào chê thầy thì em nghĩ sinh viên đó nên xem lại cách học của sinh viên đó .,negative,hanh_vi
1610,sinh viên nào chê thầy thì em nghĩ sinh viên đó nên xem lại cách học của sinh viên đó .,neutral,de_xuat
1611,cô nên cho bài tập trên wecode để rèn luyện và củng cố kiến thức cho sinh viên .,neutral,bai_tap
1611,cô nên cho bài tập trên wecode để rèn luyện và củng cố kiến thức cho sinh viên .,neutral,de_xuat
1612,cô rất hiền .,positive,hanh_vi
1613,giảng viên dạy còn khó hiểu .,negative,ky_nang_giang_day
1614,"giảng viên có kiến thức chuyên môn cao , khả năng truyền đạt tốt .",positive,ky_nang_giang_day
1614,"giảng viên có kiến thức chuyên môn cao , khả năng truyền đạt tốt .",positive,kien_thuc
1615,chưa giải quyết thắc mắc của sinh viên thỏa đáng .,negative,hanh_vi
1616,có nhiều bài tập và ví dụ hay .,positive,kinh_nghiem
1616,có nhiều bài tập và ví dụ hay .,positive,bai_tap
1617,"sinh viên không hiểu hỏi cô , cô đều giải quyết thắc mắc .",negative,ky_nang_giang_day
1617,"sinh viên không hiểu hỏi cô , cô đều giải quyết thắc mắc .",positive,hanh_vi
1618,em không hài lòng về cách nhận xét của giảng viên .,negative,hanh_vi
1618,em không hài lòng về cách nhận xét của giảng viên .,negative,cham_diem
1619,"thầy dạy tốt , nhiệt tình và quan tâm sinh viên .",positive,ky_nang_giang_day
1619,"thầy dạy tốt , nhiệt tình và quan tâm sinh viên .",positive,hanh_vi
1620,nên tập trung vào kỹ năng nghe và nói nhiều hơn .,neutral,chuong_trinh_hoc
1620,nên tập trung vào kỹ năng nghe và nói nhiều hơn .,neutral,de_xuat
1621,"giảng viên nên tương tác với lớp nhiều hơn , nên cho thêm bài tập về nhà và bắt buộc nộp bài .",negative,hanh_vi
1621,"giảng viên nên tương tác với lớp nhiều hơn , nên cho thêm bài tập về nhà và bắt buộc nộp bài .",neutral,bai_tap
1621,"giảng viên nên tương tác với lớp nhiều hơn , nên cho thêm bài tập về nhà và bắt buộc nộp bài .",neutral,de_xuat
1622,thầy chia sẻ cho chúng em những kiến thức bổ ích .,positive,kien_thuc
1623,"thầy tận tâm , hỗ trợ tận tình cho các bạn sinh viên .",positive,hanh_vi
1624,"thầy vui tính , dạy dễ hiểu , lấy ví dụ thực tiễn .",positive,ky_nang_giang_day
1624,"thầy vui tính , dạy dễ hiểu , lấy ví dụ thực tiễn .",positive,kinh_nghiem
1624,"thầy vui tính , dạy dễ hiểu , lấy ví dụ thực tiễn .",positive,hanh_vi
1625,giáo viên dạy tốt nên phát huy ngoài ra không cần cải tiến thêm đều gì .,positive,ky_nang_giang_day
1626,chưa tạo được sự thu hút .,negative,ky_nang_giang_day
1627,slide bài giảng tiếng anh giúp tụi em nâng cao khả năng học tiếng anh .,positive,cung_cap_tai_lieu
1628,em không có gì thắc mắc .,neutral,noi_chung
1629,"dạy buồn ngủ , quá thụ động , không lắng nghe học viên .",negative,ky_nang_giang_day
1629,"dạy buồn ngủ , quá thụ động , không lắng nghe học viên .",negative,hanh_vi
1630,mail hỏi thầy thì thầy cũng chẳng bao giờ giải đáp thắc mắc .,negative,hanh_vi
1631,giảng viên luôn cập nhập bài giảng và bài tập trên website môn học .,positive,bai_tap
1631,giảng viên luôn cập nhập bài giảng và bài tập trên website môn học .,positive,cung_cap_tai_lieu
1632,đôi khi nên tổ chức các trò chơi để sinh viên giảm căng thẳng .,neutral,de_xuat
1633,"ngoài ra , giảng viên tốt về các mặt còn lại .",positive,noi_chung
1634,mời giáo viên bản xứ tham gia giảng dạy để sinh viên có thêm cơ hội phát triển các kỹ năng cơ bản trong anh văn .,neutral,de_xuat
1635,"thưa , tài liệu mà thầy cung cấp thực sự nhiều hơn cả giáo viên chịu trách nhiệm lý thuyết của môn .",positive,cung_cap_tai_lieu
1636,lặp lại quá nhiều kiến thức cũ .,negative,chuong_trinh_hoc
1637,khả năng truyền tốt không gây hứng thú cho sinh viên .,negative,ky_nang_giang_day
1638,chúc cô giữ mãi nhiệt huyết giảng dạy này để truyền cảm hứng đến nhiều học sinh ngán đến trường như em .,positive,hanh_vi
1639,nói tóm lại là giảng viên dạy không hay .,negative,ky_nang_giang_day
1640,nhiệt tình vui tính .,positive,hanh_vi
1641,"cô dễ thương , hiền , tận tâm .",positive,hanh_vi
1642,"giảng dạy tận tình , sát thực tiễn , và nhiệt tình giúp đỡ sinh viên .",positive,ky_nang_giang_day
1642,"giảng dạy tận tình , sát thực tiễn , và nhiệt tình giúp đỡ sinh viên .",positive,kinh_nghiem
1642,"giảng dạy tận tình , sát thực tiễn , và nhiệt tình giúp đỡ sinh viên .",positive,hanh_vi
1643,"sử dụng thời gian chưa được hợp lý ( tốn quá nhiều thời gian chờ , nhất là khi báo cáo giữa kỳ và cuối kỳ ) dẫn đến việc các nhóm báo cáo cuối bị rút ngắn thời gian và thay đổi cách thức báo cáo ( không công bằng trong cách thức làm việc giữa các nhóm với nhau doubledot nhóm được thuyết trình , có nhóm thì không ) .",negative,chuong_trinh_hoc
1644,nhiều bạn chỉ copy code trên mạng nhưng điểm lại cao hơn những bạn thực sự làm .,negative,cham_diem
1645,nên có phần thực hành trên thiết bị để dễ hiểu hơn .,negative,kinh_nghiem
1645,nên có phần thực hành trên thiết bị để dễ hiểu hơn .,negative,thiet_bi_day_hoc
1645,nên có phần thực hành trên thiết bị để dễ hiểu hơn .,neutral,de_xuat
1646,"cho bài tập thương xuyên , đều đặn .",positive,bai_tap
1647,"nhiệt tình , vui tính , thảo luận nhiều .",positive,hanh_vi
1648,giáo viên luôn tạo động lực cho sinh viên học .,positive,hanh_vi
1649,"đơn giản hóa kiến thức , giúp học sinh tiếp cận một cách trực quan môn học .",positive,ky_nang_giang_day
1650,lịch học bù cần ghi rõ ngày nào trên course .,negative,chuong_trinh_hoc
1650,lịch học bù cần ghi rõ ngày nào trên course .,neutral,de_xuat
1651,"tăng thời lượng môn học , nên có thêm những hoạt động ngoại khóa có liên quan đến môn anh văn để sinh viên được trau dồi thêm .",neutral,chuong_trinh_hoc
1651,"tăng thời lượng môn học , nên có thêm những hoạt động ngoại khóa có liên quan đến môn anh văn để sinh viên được trau dồi thêm .",positive,de_xuat
1652,thầy khá vui vẻ và nhiệt tình .,positive,hanh_vi
1653,"giảng dạy theo phương pháp mới , thú vị , dễ hiểu .",positive,ky_nang_giang_day
1654,"giảng viên truyền đạt tốt , em không có ý kiến gì thêm .",positive,ky_nang_giang_day
1655,giảng giải rất kỹ .,positive,ky_nang_giang_day
1656,"có thể là về cách dạy , và chương trình học cũng không mấy phù hợp .",negative,ky_nang_giang_day
1656,"có thể là về cách dạy , và chương trình học cũng không mấy phù hợp .",negative,chuong_trinh_hoc
1657,"phương pháp giảng dạy chưa hiệu quả , nhất quán , có ít tài liệu tham khảo thêm bên ngoài .",negative,ky_nang_giang_day
1657,"phương pháp giảng dạy chưa hiệu quả , nhất quán , có ít tài liệu tham khảo thêm bên ngoài .",negative,cung_cap_tai_lieu
1658,em không có điều không hài lòng về giảng viên .,neutral,noi_chung
1659,"giảng viên vui tính , slide sinh động , có nhiều liên hệ thực tế .",positive,kinh_nghiem
1659,"giảng viên vui tính , slide sinh động , có nhiều liên hệ thực tế .",positive,hanh_vi
1659,"giảng viên vui tính , slide sinh động , có nhiều liên hệ thực tế .",positive,cung_cap_tai_lieu
1660,"slide cần cụ thể , rõ ràng , dễ hiểu hơn .",negative,cung_cap_tai_lieu
1660,"slide cần cụ thể , rõ ràng , dễ hiểu hơn .",neutral,de_xuat
1661,thầy dành nhiều thời gian để làm bài tập .,positive,hanh_vi
1662,em xin lỗi nhưng đó là sự thật .,neutral,noi_chung
1663,"thầy còn khó tính và để học sinh tự tìm hiểu hơi nhiều , nhiều chỗ thầy dạy hơi khó hiểu .",negative,ky_nang_giang_day
1663,"thầy còn khó tính và để học sinh tự tìm hiểu hơi nhiều , nhiều chỗ thầy dạy hơi khó hiểu .",negative,hanh_vi
1664,cô dạy đôi khi hơi khó hiểu .,negative,ky_nang_giang_day
1665,khiến sinh viên bị thụ động .,negative,ky_nang_giang_day
1666,cô dạy rất nhiệt tình và giảng bài thực hành dễ hiểu .,positive,ky_nang_giang_day
1666,cô dạy rất nhiệt tình và giảng bài thực hành dễ hiểu .,positive,hanh_vi
1667,sự nhiệt huyết .,positive,hanh_vi
1668,cô dạy tốt nhưng bọn em cảm thấy chán .,positive,ky_nang_giang_day
1669,thầy cho bài thực hành rất xác thực tế .,positive,kinh_nghiem
1669,thầy cho bài thực hành rất xác thực tế .,positive,bai_tap
1670,"nhiệt tình , cho nhiều bài tập .",positive,hanh_vi
1670,"nhiệt tình , cho nhiều bài tập .",neutral,bai_tap
1671,mong thầy cho thêm bài tập lên trang course .,neutral,bai_tap
1671,mong thầy cho thêm bài tập lên trang course .,neutral,de_xuat
1672,thầy đến lớp đúng giờ ( trước giờ nữa ) .,positive,hanh_vi
1673,"nhiệt tình , tận tâm , đúng giờ .",positive,hanh_vi
1674,"không nên thi lý thuyết "" giấy "" cuối kỳ .",negative,chuong_trinh_hoc
1674,"không nên thi lý thuyết "" giấy "" cuối kỳ .",negative,de_xuat
1675,"tâm huyết với công tác giảng dạy , việc truyền đạt ý tưởng cũng như kiến thức đến sinh viên có sáng tạo .",positive,ky_nang_giang_day
1675,"tâm huyết với công tác giảng dạy , việc truyền đạt ý tưởng cũng như kiến thức đến sinh viên có sáng tạo .",positive,hanh_vi
1675,"tâm huyết với công tác giảng dạy , việc truyền đạt ý tưởng cũng như kiến thức đến sinh viên có sáng tạo .",positive,kien_thuc
1676,"rất nhiều sinh viên không biết "" thực hành này để làm gì "" khi chỉ lên lớp , chạy chương trình có sẵn , chụp ảnh từng bước và dán vào báo cáo mà không biết chương trình chạy đúng hay sai , làm sao để sửa , có những hàm hỗ trợ nào .",negative,kinh_nghiem
1676,"rất nhiều sinh viên không biết "" thực hành này để làm gì "" khi chỉ lên lớp , chạy chương trình có sẵn , chụp ảnh từng bước và dán vào báo cáo mà không biết chương trình chạy đúng hay sai , làm sao để sửa , có những hàm hỗ trợ nào .",negative,bai_tap
1676,"rất nhiều sinh viên không biết "" thực hành này để làm gì "" khi chỉ lên lớp , chạy chương trình có sẵn , chụp ảnh từng bước và dán vào báo cáo mà không biết chương trình chạy đúng hay sai , làm sao để sửa , có những hàm hỗ trợ nào .",negative,chuong_trinh_hoc
1677,em nghĩ là sau khi hướng dẫn cú pháp trong tiết thực hành thì cô nên có ví dụ cho những trường hợp đặc biệt trong bài tập trong cuối tiết .,neutral,bai_tap
1677,em nghĩ là sau khi hướng dẫn cú pháp trong tiết thực hành thì cô nên có ví dụ cho những trường hợp đặc biệt trong bài tập trong cuối tiết .,neutral,de_xuat
1678,thầy rất vui vẻ và nghiêm khắc .,positive,hanh_vi
1679,"thầy chỉ hướng dẫn , còn lại để sinh viên tìm hiểu nên kiến thức khắc sâu .",negative,ky_nang_giang_day
1680,"phòng máy quá nóng , nhỏ , trang thiết bị ít , máy rất cũ , hư nhiều .",negative,thiet_bi_day_hoc
1681,mở rộng thêm các kiến thức bên ngoài .,neutral,de_xuat
1682,"giảng viên dạy đầy đủ kiến thức , cung cấp cho sinh viên những kỹ năng và tài liệu bên ngoài phong phú .",positive,cung_cap_tai_lieu
1682,"giảng viên dạy đầy đủ kiến thức , cung cấp cho sinh viên những kỹ năng và tài liệu bên ngoài phong phú .",positive,kien_thuc
1683,giảng bài nhanh .,negative,ky_nang_giang_day
1684,nắm được các kiến thức quan trọng .,positive,kien_thuc
1685,mong nhà trường có thể trang bị thêm phòng máy tốt hơn để khi chạy chương trình có thể chạy nhanh hơn .,negative,thiet_bi_day_hoc
1685,mong nhà trường có thể trang bị thêm phòng máy tốt hơn để khi chạy chương trình có thể chạy nhanh hơn .,positive,de_xuat
1686,cô dạy tận tâm .,positive,hanh_vi
1687,thầy quá đẹp trai .,neutral,noi_chung
1688,lên lớp đầy đủ và đúng giờ .,positive,hanh_vi
1689,giảng thu hút được học sinh .,positive,ky_nang_giang_day
1690,"tiết học rất vui nhộn , tăng thêm tinh thần đi học cho sinh viên .",positive,hanh_vi
1691,"cần cải thiện chất lượng phòng học , máy chiếu .",negative,thiet_bi_day_hoc
1691,"cần cải thiện chất lượng phòng học , máy chiếu .",negative,de_xuat
1692,"thầy nhiệt tình , tâm huyết .",positive,hanh_vi
1693,giảng dạy đầy đủ kiến thức .,positive,ky_nang_giang_day
1693,giảng dạy đầy đủ kiến thức .,positive,kien_thuc
1694,thái độ .,neutral,hanh_vi
1695,"cần bổ sung thêm các game vào môn học , học anh văn mà không có game thì nói thật ra là rất dễ chán và buồn ngủ .",negative,chuong_trinh_hoc
1695,"cần bổ sung thêm các game vào môn học , học anh văn mà không có game thì nói thật ra là rất dễ chán và buồn ngủ .",neutral,de_xuat
1696,thường xuyên giúp đỡ cho sinh viên hiểu bài .,positive,hanh_vi
1697,có sự tương tác hỗ trợ tốt trong quá trình học .,positive,hanh_vi
1698,lý thuyết hơi nhiều .,negative,chuong_trinh_hoc
1699,em nghĩ kiểm tra đánh giá môn này bằng hình thức làm đồ án báo cáo sẽ hợp lý hơn là thi trên giấy .,negative,cham_diem
1699,em nghĩ kiểm tra đánh giá môn này bằng hình thức làm đồ án báo cáo sẽ hợp lý hơn là thi trên giấy .,neutral,de_xuat
1700,"giảng viên nhiệt tình , có kết hợp với doanh nghiệp để seminar về kỹ năng giao tiếp .",positive,kinh_nghiem
1700,"giảng viên nhiệt tình , có kết hợp với doanh nghiệp để seminar về kỹ năng giao tiếp .",positive,hanh_vi
1701,thực hành không nên điểm danh lấy điểm .,negative,cham_diem
1701,thực hành không nên điểm danh lấy điểm .,negative,de_xuat
1702,không thích thầy .,negative,hanh_vi
1703,hơi khó hiểu nếu không học trước ở nhà .,negative,ky_nang_giang_day
1704,kiến thức đầy đủ .,positive,kien_thuc
1705,"giảng viên có nhiều ví dụ , bài tập minh họa cho bài học .",positive,ky_nang_giang_day
1705,"giảng viên có nhiều ví dụ , bài tập minh họa cho bài học .",positive,bai_tap
1706,"thầy dạy rất dễ hiểu và cởi mở với sinh viên , hướng dẫn tận tình .",positive,ky_nang_giang_day
1706,"thầy dạy rất dễ hiểu và cởi mở với sinh viên , hướng dẫn tận tình .",positive,hanh_vi
1707,"thầy nhiệt tình , vui tính , truyền đạt hay .",positive,ky_nang_giang_day
1707,"thầy nhiệt tình , vui tính , truyền đạt hay .",positive,hanh_vi
1708,"nếu có thể tổ chức mỗi tuần một vài tiếng cho việc hỏi và trả lời các thắc mắc hướng dẫn thì tốt hơn, có thể tổ chức trên mạng như các chat room .",positive,de_xuat
1709,"thày dạy nhiệt tình , dễ tiếp thu .",positive,ky_nang_giang_day
1709,"thày dạy nhiệt tình , dễ tiếp thu .",positive,hanh_vi
1710,kiến thức truyền đạt của giảng viên .,neutral,kien_thuc
1711,đề kiểm tra không đầy đủ .,negative,bai_tap
1712,cần bài tập nhiều hơn .,negative,bai_tap
1712,cần bài tập nhiều hơn .,neutral,de_xuat
1713,cô dạy hơi khó hiểu .,negative,ky_nang_giang_day
1714,thầy dạy cả bài học lẫn cách học sao cho hiệu quả .,positive,ky_nang_giang_day
1715,deadline không cho nộp quá hạn .,negative,bai_tap
1716,giảng viên không nói ra điểm khác biệt khi làm lab trên hai hệ điều hành này .,negative,ky_nang_giang_day
1717,chấm bài thi .,neutral,cham_diem
1718,"dạy tốt , nhiệt tình .",positive,ky_nang_giang_day
1718,"dạy tốt , nhiệt tình .",positive,hanh_vi
1719,giảng không hiểu bài .,negative,ky_nang_giang_day
1720,có những buổi thực hành giảng viên không có mặt .,negative,hanh_vi
1721,"giảng viên giảng bài khá nhanh , sinh viên khó có khả năng theo kịp dù chú ý quan sát và lắng nghe giảng , chữ viết hơi khó nhìn .",negative,ky_nang_giang_day
1721,"giảng viên giảng bài khá nhanh , sinh viên khó có khả năng theo kịp dù chú ý quan sát và lắng nghe giảng , chữ viết hơi khó nhìn .",negative,cung_cap_tai_lieu
1722,"truyền đạt quá nhanh , em chưa nắm kịp lắm .",negative,ky_nang_giang_day
1723,cần có chứng chỉ tương đương bằng quốc tế sau khi ra trường để khỏi phải học bên ngoài .,positive,de_xuat
1724,ôn tập thi mà không liên quan đến đề thi .,negative,bai_tap
1725,chưa có một tiết thực hành nào .,negative,kinh_nghiem
1725,chưa có một tiết thực hành nào .,negative,de_xuat
1726,"thầy dạy hay , dễ hiểu , kiến thức chuẩn để làm bài .",positive,ky_nang_giang_day
1726,"thầy dạy hay , dễ hiểu , kiến thức chuẩn để làm bài .",positive,kien_thuc
1727,nghỉ nhiều nhưng bù ít .,negative,noi_chung
1728,mong thầy giảng bài và trả lời câu hỏi đúng trọng tâm và mong muốn của sinh viên .,neutral,de_xuat
1729,không hiểu bài thật tốt .,negative,ky_nang_giang_day
1730,cô dạy rất vui vẻ .,positive,hanh_vi
1731,"nhiệt tình , tận tâm .",positive,hanh_vi
1732,"nội dung giảng dạy nửa đầu học kỳ khá mơ hồ như "" làm thế nào để thành công "" , "" thói quen người thành công "" hay là bàn về tương lai vdotv .",negative,chuong_trinh_hoc
1733,cô dễ thương tận tình với sinh viên .,positive,hanh_vi
1734,cho bài tập nhiều hơn nữa .,negative,bai_tap
1734,cho bài tập nhiều hơn nữa .,neutral,de_xuat
1735,cô giảng chậm và rất tận tình với sinh viên .,negative,ky_nang_giang_day
1735,cô giảng chậm và rất tận tình với sinh viên .,positive,hanh_vi
1736,chỉ nên lấy điểm thi và điểm nộp bài .,negative,cham_diem
1736,chỉ nên lấy điểm thi và điểm nộp bài .,neutral,de_xuat
1737,nên đổi mới tài liệu .,negative,cung_cap_tai_lieu
1737,nên đổi mới tài liệu .,negative,de_xuat
1738,"không khí lớp học vui vẻ , thoải mái .",positive,noi_chung
1739,cần có tài liệu bài giảng tự học nhiều hơn .,negative,cung_cap_tai_lieu
1739,cần có tài liệu bài giảng tự học nhiều hơn .,neutral,de_xuat
1740,giảng bài chưa thật sự dễ hiểu .,negative,ky_nang_giang_day
1741,"dạy kỹ , sát với đề thi .",positive,ky_nang_giang_day
1742,"thưa , điều em hài lòng nhất về hoạt động giảng dạy của cô wzjwz326 là cô rất chuyên tâm và quan tâm tới học sinh và chất lượng buổi học .",positive,hanh_vi
1743,cô rất tâm huyết và nhiệt thành .,positive,hanh_vi
1744,giáo viên tổ chức hoạt động theo nhóm .,neutral,hanh_vi
1745,"giảng viên giảng dạy rất dễ hiểu , bám sát nội dung môn học .",positive,ky_nang_giang_day
1746,thầy khó quá .,negative,ky_nang_giang_day
1747,thầy wzjwz279 nhiệt tình chia sẻ kinh nghiệm kiến thức thực tế thay cho giáo trình môn học nghèo nàn và không cần thiết .,positive,kinh_nghiem
1747,thầy wzjwz279 nhiệt tình chia sẻ kinh nghiệm kiến thức thực tế thay cho giáo trình môn học nghèo nàn và không cần thiết .,positive,hanh_vi
1747,thầy wzjwz279 nhiệt tình chia sẻ kinh nghiệm kiến thức thực tế thay cho giáo trình môn học nghèo nàn và không cần thiết .,negative,cung_cap_tai_lieu
1748,tạo cơ hội cho sinh viên và giúp đỡ sinh viên nhiệt tình trên website môn học .,positive,hanh_vi
1748,tạo cơ hội cho sinh viên và giúp đỡ sinh viên nhiệt tình trên website môn học .,positive,cung_cap_tai_lieu
1749,bài tập ổn .,positive,bai_tap
1750,áp dụng vừa dạy vừa có ví dụ code trực tiếp .,positive,ky_nang_giang_day
1751,tương tác tốt với tất cả sinh viên trong giờ học .,positive,hanh_vi
1752,mong phòng đào tạo trong tương lai sắp xếp cho thầy wzjwz128 dạy lớp em bất cứ môn nào thầy có thể .,neutral,de_xuat
1753,lịch thực hành trùng với lịch học lý thuyết các môn học khác .,negative,chuong_trinh_hoc
1754,cô dạy chi tiết và rễ hiểu .,positive,ky_nang_giang_day
1755,"một số nội dung không rõ , không có nhiều ví dụ cụ thể .",negative,ky_nang_giang_day
1755,"một số nội dung không rõ , không có nhiều ví dụ cụ thể .",negative,kinh_nghiem
1756,luôn cho bài tập cực nhiều .,negative,bai_tap
1757,cô giảng tận tình .,positive,hanh_vi
1758,"còn kiểm tra thì nên thuyết trình hoặc làm đề tài là hay nhất , đừng làm mấy bài kiểm tra làm chi , vừa chẳng khẳng định được người đó có kỹ năng chưa , chỉ chạy theo chỉ tiêu và nhồi sọ .",negative,cham_diem
1758,"còn kiểm tra thì nên thuyết trình hoặc làm đề tài là hay nhất , đừng làm mấy bài kiểm tra làm chi , vừa chẳng khẳng định được người đó có kỹ năng chưa , chỉ chạy theo chỉ tiêu và nhồi sọ .",positive,de_xuat
1759,thông tin đầy đủ về môn học cho sinh viên khi sinh viên đăng ký môn học .,positive,cung_cap_tai_lieu
1760,đảm bảo đúng thời gian lên lớp .,neutral,chuong_trinh_hoc
1760,đảm bảo đúng thời gian lên lớp .,positive,de_xuat
1761,"giáo viên nhiệt tình , giảng bài dễ hiểu .",positive,ky_nang_giang_day
1761,"giáo viên nhiệt tình , giảng bài dễ hiểu .",positive,hanh_vi
1762,"giảng viên đưa ra những ví dụ cụ thể , hay gặp lỗi nhất trong phần giảng dạy .",positive,ky_nang_giang_day
1762,"giảng viên đưa ra những ví dụ cụ thể , hay gặp lỗi nhất trong phần giảng dạy .",positive,kinh_nghiem
1763,"chia sẻ nhiều chuyện xung quanh môn học , mang lại tiếng cười cho sinh viên .",positive,ky_nang_giang_day
1763,"chia sẻ nhiều chuyện xung quanh môn học , mang lại tiếng cười cho sinh viên .",positive,hanh_vi
1764,"cô rất tận tình với sinh viên , hỗ trợ rất tốt cho các bạn , các tài liệu của cô rất thực tế , làm mẫu để các bạn học hỏi .",positive,hanh_vi
1764,"cô rất tận tình với sinh viên , hỗ trợ rất tốt cho các bạn , các tài liệu của cô rất thực tế , làm mẫu để các bạn học hỏi .",positive,cung_cap_tai_lieu
1765,"đề thi còn khó đối với sinh viên , đó chưa phải mức trung bình mà học sinh học lực trung bình làm được .",negative,chuong_trinh_hoc
1766,thầy dạy rất dễ hiểu và tận tâm .,positive,ky_nang_giang_day
1766,thầy dạy rất dễ hiểu và tận tâm .,positive,hanh_vi
1767,mỗi khi lấy micro lại phải lấy thêm cả loa .,negative,thiet_bi_day_hoc
1768,"thầy giảng bài cực kỳ thu hút , dễ hiểu , không gây buồn ngủ , nhàm chán .",positive,ky_nang_giang_day
1769,"lớp rất đông sinh viên , ngồi xa sẽ không thấy rõ slide thầy chiếu trên bảng vì chữ nhỏ và mờ tại phòng wzjwz166 gây khó tiếp thu bài học .",negative,cung_cap_tai_lieu
1769,"lớp rất đông sinh viên , ngồi xa sẽ không thấy rõ slide thầy chiếu trên bảng vì chữ nhỏ và mờ tại phòng wzjwz166 gây khó tiếp thu bài học .",negative,thiet_bi_day_hoc
1770,giảng dạy hơi khó hiểu .,negative,ky_nang_giang_day
1771,giảng dạy rất tận tình .,positive,ky_nang_giang_day
1772,"dạy qua loa , không chú ý đến sinh viên .",negative,hanh_vi
1773,nhưng khi thi cuối kỳ thì kiến thức quá khó .,negative,kien_thuc
1774,giảng bài nhiệt tình .,positive,ky_nang_giang_day
1774,giảng bài nhiệt tình .,positive,hanh_vi
1775,"giảng dạy rất nhiệt tình , tạo cho sinh viên có tính chủ động , rèn luyện kỹ năng làm việc nhóm .",positive,ky_nang_giang_day
1775,"giảng dạy rất nhiệt tình , tạo cho sinh viên có tính chủ động , rèn luyện kỹ năng làm việc nhóm .",positive,hanh_vi
1776,còn ít giao tiếp với học sinh về chuyên môn .,negative,hanh_vi
1777,"phải nói một câu là doubledot "" sao thầy thắc mắc nhiều vậy thầy ? "" , mới đầu em cũng hơi sợ dot em còn chưa hiểu cái môn học gì .",negative,ky_nang_giang_day
1778,nên tăng số buổi thực hành .,neutral,chuong_trinh_hoc
1778,nên tăng số buổi thực hành .,positive,de_xuat
1779,"máy nghe nên được trang bị tốt hơn , phòng học nên sáng hơn .",negative,thiet_bi_day_hoc
1779,"máy nghe nên được trang bị tốt hơn , phòng học nên sáng hơn .",neutral,de_xuat
1780,đúng giờ và nhiệt tình .,positive,hanh_vi
1781,sinh viên không hiểu bài .,negative,ky_nang_giang_day
1782,"cô dạy hay , thích lên lớp cô dạy .",positive,ky_nang_giang_day
1783,"cô dạy nhiệt tình , luôn quan tâm đến học sinh .",positive,hanh_vi
1784,"nhiệt tình , tiếp cận hỗ trợ tốt những điểm không hiểu của sinh viên , truyền đạt tốt , tạo nhịp điệu cho buổi học .",positive,ky_nang_giang_day
1784,"nhiệt tình , tiếp cận hỗ trợ tốt những điểm không hiểu của sinh viên , truyền đạt tốt , tạo nhịp điệu cho buổi học .",positive,hanh_vi
1785,đôi lúc giảng hơi nhanh .,negative,ky_nang_giang_day
1786,nhiệt tình tận tâm trong giảng dạy !,positive,ky_nang_giang_day
1786,nhiệt tình tận tâm trong giảng dạy !,positive,hanh_vi
1787,"cô wzjwz272 rất nhiệt tình với sinh viên , tạo nhiều điều kiện để sinh viên đạt kết quả học tập cao .",positive,hanh_vi
1788,"thầy dạy khó hiểu quá , tụi em tiếp thu vô được rất ít .",negative,ky_nang_giang_day
1789,"nên cập nhật đề cương giảng dạy môn học thường xuyên , kiến thức phù hợp với thực tiễn .",neutral,chuong_trinh_hoc
1789,"nên cập nhật đề cương giảng dạy môn học thường xuyên , kiến thức phù hợp với thực tiễn .",neutral,de_xuat
1790,"thầy dạy nhiệt tình , dễ hiểu , dễ áp dụng làm bài thi .",positive,ky_nang_giang_day
1790,"thầy dạy nhiệt tình , dễ hiểu , dễ áp dụng làm bài thi .",positive,kien_thuc
1791,"hơn nữa cô báo nghỉ rất trễ , cách rất sát giờ học .",negative,hanh_vi
1792,"nhiệt tình trong giảng dạy , vui vẻ .",positive,hanh_vi
1793,thời gian học trên lớp khá thoải mái .,positive,chuong_trinh_hoc
1794,giáo trình khó hiểu .,negative,cung_cap_tai_lieu
1795,giọng thầy giảng bài nghe rất là buốn ngủ .,negative,ky_nang_giang_day
1796,"các môn học cần có ứng dụng thực tiễn hơn , hiện tại đặt nặng quá nhiều về lý thuyết suông , học cho qua cũng không để lại gì , không gây hứng thú .",negative,kinh_nghiem
1796,"các môn học cần có ứng dụng thực tiễn hơn , hiện tại đặt nặng quá nhiều về lý thuyết suông , học cho qua cũng không để lại gì , không gây hứng thú .",negative,chuong_trinh_hoc
1796,"các môn học cần có ứng dụng thực tiễn hơn , hiện tại đặt nặng quá nhiều về lý thuyết suông , học cho qua cũng không để lại gì , không gây hứng thú .",negative,de_xuat
1797,"cách truyền đạt , sự tận tâm của giảng viên .",positive,ky_nang_giang_day
1797,"cách truyền đạt , sự tận tâm của giảng viên .",positive,hanh_vi
1798,"giảng viên giảng dạy tận tình , dễ hiểu .",positive,ky_nang_giang_day
1798,"giảng viên giảng dạy tận tình , dễ hiểu .",positive,hanh_vi
1799,giảng viên không đến lớp nhưng không báo trước với phòng đào tạo hay lớp trưởng ( không có thông báo nghỉ trên daadotuitdotedudotvn ) .,negative,hanh_vi
1800,thầy dạy kỹ nhiệt tình .,positive,ky_nang_giang_day
1801,"thầy vui tính , nhiệt tình , dạy dễ hiểu .",positive,ky_nang_giang_day
1801,"thầy vui tính , nhiệt tình , dạy dễ hiểu .",positive,hanh_vi
1802,nên đổi sang ht1 .,neutral,de_xuat
1803,"thầy rất nhiệt tình , tận tâm , hỗ trợ sinh viên làm đồ án rất nhiệt tình , vui vẻ .",positive,hanh_vi
1804,"dạy hay dễ hiểu , lên lớp đầy đủ .",positive,ky_nang_giang_day
1804,"dạy hay dễ hiểu , lên lớp đầy đủ .",positive,cung_cap_tai_lieu
1805,đúng thời gian lên lớp và tận tình giảng dạy .,positive,hanh_vi
1806,cơ sở vật chất cần chuẩn bị tốt hơn để giảng viên có điều kiện tốt để giảng dạy .,negative,thiet_bi_day_hoc
1806,cơ sở vật chất cần chuẩn bị tốt hơn để giảng viên có điều kiện tốt để giảng dạy .,negative,de_xuat
1807,ở mỗi bài cô có thể nhận xét cái đúng và cái sai để nhóm có thể biết được nhóm đã sai những gì để có thể tránh trong các thiết kế sau này .,positive,bai_tap
1807,ở mỗi bài cô có thể nhận xét cái đúng và cái sai để nhóm có thể biết được nhóm đã sai những gì để có thể tránh trong các thiết kế sau này .,neutral,cham_diem
1808,phương thức giảng dạy .,neutral,ky_nang_giang_day
1809,"thầy rất thoải mải trò chuyện để giải quyết thắc mắc cho sinh viên , chỉ dẫn những cách làm bài dễ hiểu để cho sinh viên không bị vướng mắc .",positive,ky_nang_giang_day
1809,"thầy rất thoải mải trò chuyện để giải quyết thắc mắc cho sinh viên , chỉ dẫn những cách làm bài dễ hiểu để cho sinh viên không bị vướng mắc .",positive,hanh_vi
1810,"thầy dạy nói rất nhanh , khó hiểu .",negative,ky_nang_giang_day
1811,"cung cấp nhiều kiến thức mới , hay .",positive,kien_thuc
1812,nên nói sâu về những vấn đề khó .,neutral,chuong_trinh_hoc
1812,nên nói sâu về những vấn đề khó .,neutral,de_xuat
1813,cô rất nhiệt tình và gửi nhiều tâm huyết trong bài giảng .,positive,hanh_vi
1814,môn học này quá tải .,negative,chuong_trinh_hoc
1815,cô nhiệt tình và tận tâm với lớp .,positive,hanh_vi
1816,kiến thức rộng .,positive,kien_thuc
1817,các thầy nên cho đề cương ôn sát với phần thi .,neutral,cung_cap_tai_lieu
1817,các thầy nên cho đề cương ôn sát với phần thi .,neutral,de_xuat
1818,"dạy không có chuẩn bị trước , chỉ đọc slide .",negative,ky_nang_giang_day
1819,đặc biệt với sự hướng dẫn của thầy wzjwz162 .,positive,hanh_vi
1820,"cô wzjwz131 dạy hầu hết kiến thức cho sinh viên dù là chỉ là lớp thực hành , nên để cô tiếp tục giảng dạy trong các học kỳ tới .",positive,ky_nang_giang_day
1820,"cô wzjwz131 dạy hầu hết kiến thức cho sinh viên dù là chỉ là lớp thực hành , nên để cô tiếp tục giảng dạy trong các học kỳ tới .",positive,kien_thuc
1821,"hay nói dông dài trong giờ học , giảng dạy chưa nhiệt tình , buồn ngủ .",negative,ky_nang_giang_day
1821,"hay nói dông dài trong giờ học , giảng dạy chưa nhiệt tình , buồn ngủ .",negative,hanh_vi
1822,"giáo viên nhiệt tình , tâm huyết , vui tính .",positive,hanh_vi
1823,chỉ bảo tự tìm hiểu .,negative,ky_nang_giang_day
1824,các trang bị để nghe không rõ .,negative,thiet_bi_day_hoc
1825,có thể mời thêm các anh chị khóa trên tham gia chia sẻ kinh nghiệm học tập cũng như làm việc .,neutral,kinh_nghiem
1825,có thể mời thêm các anh chị khóa trên tham gia chia sẻ kinh nghiệm học tập cũng như làm việc .,neutral,de_xuat
1826,chắc gì những gì sinh viên nói đã đúng .,negative,noi_chung
1827,cung cấp nhiều kiến thức hay cho sinh viên .,positive,kien_thuc
1828,góp phần truyền cảm hứng cho học viên .,positive,hanh_vi
1829,"dạy hay , dễ hiểu , nhiệt tình .",positive,ky_nang_giang_day
1829,"dạy hay , dễ hiểu , nhiệt tình .",positive,hanh_vi
1830,"cô tạo được một không khí gần gũi , không áp lực , học rất thoải mái .",positive,hanh_vi
1831,thầy dạy vui vẻ nhiệt tình .,positive,hanh_vi
1832,"cô dạy rất nhiệt tình , các tài liệu đầy đủ .",positive,hanh_vi
1832,"cô dạy rất nhiệt tình , các tài liệu đầy đủ .",positive,cung_cap_tai_lieu
1833,giáo viên dạy dễ hiểu .,positive,ky_nang_giang_day
1834,cần xây dựng cơ sở dữ liệu lớn phục vụ việc thực hành của sinh viên .,neutral,cung_cap_tai_lieu
1834,cần xây dựng cơ sở dữ liệu lớn phục vụ việc thực hành của sinh viên .,neutral,de_xuat
1835,"thời gian xếp lịch thực hành không hợp lý , lý thuyết học tiết 45 , thực hành học tiết 67 8 .",negative,chuong_trinh_hoc
1836,cô còn vui vẻ tận tâm nữa nên em rất quý cô .,positive,hanh_vi
1837,em mong thầy giảm thời lượng seminar và tăng thêm các buổi thầy dạy kiến thức .,negative,chuong_trinh_hoc
1837,em mong thầy giảm thời lượng seminar và tăng thêm các buổi thầy dạy kiến thức .,positive,de_xuat
1838,"bài tập mang tính vận dụng cao , giúp sinh viên hiểu và nhớ kiến thức vừa học .",positive,bai_tap
1839,"không nên bắt sinh viên phải lên ngồi đủ 80% giờ học trở lên vì có những đề tài sinh viên đã nắm được cách làm , lên ngồi điểm danh mất thời gian vô ích .",negative,hanh_vi
1839,"không nên bắt sinh viên phải lên ngồi đủ 80% giờ học trở lên vì có những đề tài sinh viên đã nắm được cách làm , lên ngồi điểm danh mất thời gian vô ích .",negative,chuong_trinh_hoc
1839,"không nên bắt sinh viên phải lên ngồi đủ 80% giờ học trở lên vì có những đề tài sinh viên đã nắm được cách làm , lên ngồi điểm danh mất thời gian vô ích .",negative,de_xuat
1840,ở giảng đường lâu lâu cúp điện rất nóng .,negative,thiet_bi_day_hoc
1841,"cô dạy dễ hiểu , vui vẻ .",positive,ky_nang_giang_day
1841,"cô dạy dễ hiểu , vui vẻ .",positive,hanh_vi
1842,"cơ sở vật chất cần được cải thiện , tránh việc học ở các giảng đường .",negative,thiet_bi_day_hoc
1842,"cơ sở vật chất cần được cải thiện , tránh việc học ở các giảng đường .",positive,de_xuat
1843,cần có tiết học với giảng viên nước ngoài .,neutral,de_xuat
1844,"giáo viên dạy tận tình , dễ hiểu .",positive,ky_nang_giang_day
1844,"giáo viên dạy tận tình , dễ hiểu .",positive,hanh_vi
1845,không có bài ví dụ mẫu trong slide cũ ở nhiều chương khó cho việc ôn tập !,negative,cung_cap_tai_lieu
1846,"thầy nhiệt tình trong giảng dạy , luôn quan tâm chú ý đến sinh viên giải đáp mọi thắc mắc trong quá trình giải bài tập .",positive,ky_nang_giang_day
1846,"thầy nhiệt tình trong giảng dạy , luôn quan tâm chú ý đến sinh viên giải đáp mọi thắc mắc trong quá trình giải bài tập .",positive,hanh_vi
1847,đề thực hành hơi dài .,negative,bai_tap
1848,cô lo cho các sinh viên .,positive,hanh_vi
1849,không có điều gì không hài lòng về thầy .,positive,hanh_vi
1850,"giảng dạy hướng dẫn dễ hiểu , dễ tiếp thu .",positive,ky_nang_giang_day
1851,thầy wzjwz60 là một giảng viên rất tận tâm và yêu nghề !,positive,hanh_vi
1852,nên giảng dạy kèm áp dụng thực tế nhiều hơn .,negative,kinh_nghiem
1852,nên giảng dạy kèm áp dụng thực tế nhiều hơn .,neutral,de_xuat
1853,em chỉ có góp ý nho nhỏ đó thôi ạ .,neutral,noi_chung
1854,"thầy giảng dạy tôt , dễ hiểu .",positive,ky_nang_giang_day
1855,"giờ học luôn sinh động , hiệu quả , giúp học sinh nắm vững kiến thức .",positive,ky_nang_giang_day
1855,"giờ học luôn sinh động , hiệu quả , giúp học sinh nắm vững kiến thức .",positive,kien_thuc
1856,"thầy giảng viên truyền đạt kiến thức rất tốt , sinh viên dễ tiếp thu .",positive,ky_nang_giang_day
1857,giảng viên để nhóm của bạn wzjwz224 seminar nhiều lần và lớp không thể tiếp thu từ buổi seminar hiệu quả như là giảng viên dạy .,negative,hanh_vi
1858,"truyền đạt tốt , hay .",positive,ky_nang_giang_day
1859,rất ít người học thực hành môn cấu trúc dữ liệu & giải thuật .,negative,kinh_nghiem
1860,chưa thúc đẩy học sinh học tập .,negative,hanh_vi
1861,cô tận tâm nhiệt tình vui vẻ hiểu tâm lý học sinh .,positive,hanh_vi
1862,"thầy dạy vui tính , hiểu tâm lý học sinh , cách dạy cuốn hút , dễ hiểu .",positive,ky_nang_giang_day
1862,"thầy dạy vui tính , hiểu tâm lý học sinh , cách dạy cuốn hút , dễ hiểu .",positive,hanh_vi
1863,"dạy kiến thức sâu , rộng .",positive,kien_thuc
1864,thầy cần cho nhiều bài tập hơn .,negative,bai_tap
1864,thầy cần cho nhiều bài tập hơn .,positive,de_xuat
1865,"cho ít bài tập , không nâng cao được kiến thức .",negative,bai_tap
1865,"cho ít bài tập , không nâng cao được kiến thức .",negative,kien_thuc
1866,thầy hay cúp tiết .,negative,hanh_vi
1867,"thầy giảng cũng khá chi tiết , hay .",positive,ky_nang_giang_day
1868,môn học không giúp ích được cho cuộc song sau này ( môn võ ) fraction chỉ đánh bài quyền cơ bản thì không thể tự vệ bản thân được .,negative,kien_thuc
1869,"khá nhiều bài tập trên wecode quá khó và không thực tế , hy vọng kỳ thi sắp tới thầy cho đề dễ thở hơn và không đánh đố quá nhiều , em sắp rớt môn đến nơi rồi ạ hu hu .",negative,bai_tap
1869,"khá nhiều bài tập trên wecode quá khó và không thực tế , hy vọng kỳ thi sắp tới thầy cho đề dễ thở hơn và không đánh đố quá nhiều , em sắp rớt môn đến nơi rồi ạ hu hu .",negative,de_xuat
1870,"giảng viên hòa đồng vui tính , phong cách giảng dạy đĩnh đạc , chia nhóm làm việc hiệu quả .",positive,ky_nang_giang_day
1870,"giảng viên hòa đồng vui tính , phong cách giảng dạy đĩnh đạc , chia nhóm làm việc hiệu quả .",positive,hanh_vi
1871,"thầy dạy rất dễ hiểu , nhiệt tình .",positive,ky_nang_giang_day
1871,"thầy dạy rất dễ hiểu , nhiệt tình .",positive,hanh_vi
1872,"nhiệt tình , tận tâm , luôn tận dụng tối đa giờ học trên lớp , kiến thức truyền đạt tốt , vui vẻ , hoà đồng với sinh viên .",positive,ky_nang_giang_day
1872,"nhiệt tình , tận tâm , luôn tận dụng tối đa giờ học trên lớp , kiến thức truyền đạt tốt , vui vẻ , hoà đồng với sinh viên .",positive,hanh_vi
1872,"nhiệt tình , tận tâm , luôn tận dụng tối đa giờ học trên lớp , kiến thức truyền đạt tốt , vui vẻ , hoà đồng với sinh viên .",positive,kien_thuc
1873,thầy nên xem xét bài mà sinh viên giải .,neutral,de_xuat
1874,"quản lý như vậy dẫn đến tình trạng "" cha chung không ai khóc "" .",negative,noi_chung
1875,"thầy giảng bài tận tâm , cách truyền đạt dễ hiểu , gần gũi với sinh viên và thường hay có lời khuyên có ích .",positive,ky_nang_giang_day
1875,"thầy giảng bài tận tâm , cách truyền đạt dễ hiểu , gần gũi với sinh viên và thường hay có lời khuyên có ích .",positive,kinh_nghiem
1875,"thầy giảng bài tận tâm , cách truyền đạt dễ hiểu , gần gũi với sinh viên và thường hay có lời khuyên có ích .",positive,hanh_vi
1876,"cô giảng dạy nhiệt tình , dễ hiểu , bài tập bám sát lý thuyết .",positive,ky_nang_giang_day
1876,"cô giảng dạy nhiệt tình , dễ hiểu , bài tập bám sát lý thuyết .",positive,hanh_vi
1876,"cô giảng dạy nhiệt tình , dễ hiểu , bài tập bám sát lý thuyết .",positive,bai_tap
1877,"thầy dạy hay , dễ tiếp thu bài .",positive,ky_nang_giang_day
1878,cô wzjwz231 thường xuyên chữa bài tập và đi sát vào nội dung học tập .,positive,ky_nang_giang_day
1878,cô wzjwz231 thường xuyên chữa bài tập và đi sát vào nội dung học tập .,positive,bai_tap
1879,nên cung cố thêm phần ngữ pháp và từ vựng .,negative,cung_cap_tai_lieu
1879,nên cung cố thêm phần ngữ pháp và từ vựng .,neutral,de_xuat
1880,thầy cung cấp nhiều bài tập và hướng giải hay .,positive,bai_tap
1880,thầy cung cấp nhiều bài tập và hướng giải hay .,positive,cung_cap_tai_lieu
1881,"tận tâm , nhiệt huyết .",positive,hanh_vi
1882,"giảng viên dạy dễ hiểu , rõ ràng liên hệ thực tiễn cuộc sống .",positive,ky_nang_giang_day
1882,"giảng viên dạy dễ hiểu , rõ ràng liên hệ thực tiễn cuộc sống .",positive,kinh_nghiem
1883,giảng viên đảm bảo giờ lên lớp .,positive,hanh_vi
1884,"cần các công cụ , kiến thức sát với công nghệ mà các doanh nghiệp thực tế bên ngoài sử dụng .",neutral,kien_thuc
1884,"cần các công cụ , kiến thức sát với công nghệ mà các doanh nghiệp thực tế bên ngoài sử dụng .",neutral,de_xuat
1885,cho bài tập thực hành với nhiều trang web thực hành hay .,positive,bai_tap
1885,cho bài tập thực hành với nhiều trang web thực hành hay .,positive,cung_cap_tai_lieu
1886,"em thấy nó thật sự rất tốt , giải quyết sinh viên với những vấn đề trên .",positive,noi_chung
1887,hơi khó hiểu .,negative,ky_nang_giang_day
1888,"không khí vui vẻ , thoải mái .",positive,noi_chung
1889,nó áp dụng như thế nào ?,neutral,noi_chung
1890,dễ .,neutral,noi_chung
1891,thực hành nhiều tiết hơn .,negative,kinh_nghiem
1891,thực hành nhiều tiết hơn .,neutral,de_xuat
1892,thầy có một sự hiểu biết rộng ở nhiều lĩnh vực kể cả trong giảng dạy và ngoài đời sống .,positive,kien_thuc
1893,chưa để ý đến sinh viên .,negative,hanh_vi
1894,em thấy ổn ạ .,neutral,noi_chung
1895,thầy hiền dễ thương vui tính giảng rất dễ hiểu và tận tình .,positive,ky_nang_giang_day
1895,thầy hiền dễ thương vui tính giảng rất dễ hiểu và tận tình .,positive,hanh_vi
1896,"có sách , giáo trình cụ thể để xác định đươc rõ mục đích của môn học .",neutral,cung_cap_tai_lieu
1897,cô dạy vui kỹ năng nhiệt tình .,positive,ky_nang_giang_day
1897,cô dạy vui kỹ năng nhiệt tình .,positive,hanh_vi
1898,"chưa có trình độ sư phạm cao , nên việc giảng giải vấn đề có nhiều lúc chưa rõ .",negative,ky_nang_giang_day
1899,"giảng viên tận tâm , tận tình .",positive,hanh_vi
1900,cần có nhiều trò chơi nhằm kích thích tính hiếu thắng của sinh viên chất lượng học tốt hơn .,neutral,ky_nang_giang_day
1900,cần có nhiều trò chơi nhằm kích thích tính hiếu thắng của sinh viên chất lượng học tốt hơn .,neutral,de_xuat
1901,"giảng viên nhiệt tình , bài học gắn với thực tế , thường xuyên cho bài tập để củng cố kiến thức .",positive,kinh_nghiem
1901,"giảng viên nhiệt tình , bài học gắn với thực tế , thường xuyên cho bài tập để củng cố kiến thức .",positive,hanh_vi
1901,"giảng viên nhiệt tình , bài học gắn với thực tế , thường xuyên cho bài tập để củng cố kiến thức .",positive,bai_tap
1902,tóm lại thầy nên học một khóa về kỹ năng giao tiếp .,negative,hanh_vi
1902,tóm lại thầy nên học một khóa về kỹ năng giao tiếp .,neutral,de_xuat
1903,"nhiệt tình , thực tế .",positive,kinh_nghiem
1903,"nhiệt tình , thực tế .",positive,hanh_vi
1904,nên tập trung vào nghe và nói tiếng anh nhiều hơn .,neutral,chuong_trinh_hoc
1904,nên tập trung vào nghe và nói tiếng anh nhiều hơn .,positive,de_xuat
1905,cách giảng dạy chưa đạt hiệu quả cao .,negative,ky_nang_giang_day
1906,thầy chưa bao giờ đến lớp .,negative,hanh_vi
1907,cần cho nhiều ví dụ trên lớp hơn .,negative,kinh_nghiem
1907,cần cho nhiều ví dụ trên lớp hơn .,neutral,de_xuat
1908,em có ý kiến là trường nên giảm số lượng sinh viên trong một lớp lại và mở thêm nhiều lớp hơn .,neutral,de_xuat
1909,chúc thầy sức khỏe và thành công .,positive,noi_chung
1910,"giảng viên giảng dạy nhiệt tình , bám sát nội dung môn học .",positive,ky_nang_giang_day
1910,"giảng viên giảng dạy nhiệt tình , bám sát nội dung môn học .",positive,hanh_vi
1911,dễ nắm bắt kiến thức để đi thi .,positive,kien_thuc
1912,chưa chuẩn bị kỹ nội dung giảng dạy .,negative,ky_nang_giang_day
1913,"thiếu lôi cuốn , còn nói dựa vào slide nhiều .",negative,ky_nang_giang_day
1914,bài tập giảng dạy chưa kỹ .,negative,bai_tap
1915,ít cập nhật thông tin trên moodle hoặc mail cho sinh viên .,negative,cung_cap_tai_lieu
1915,ít cập nhật thông tin trên moodle hoặc mail cho sinh viên .,negative,de_xuat
1916,nội dung thực hành khó .,negative,kinh_nghiem
1917,"vô cùng tận tình , sẵn sàng truyền đầy đủ kiến thức cho sinh viên và hết lòng chỉ bảo .",positive,hanh_vi
1917,"vô cùng tận tình , sẵn sàng truyền đầy đủ kiến thức cho sinh viên và hết lòng chỉ bảo .",positive,kien_thuc
1918,"thầy rất tận tình , có tâm , quan tâm đến việc học của sinh viên .",positive,hanh_vi
1919,cần nâng cao công tác giảng dạy hơn nữa .,negative,ky_nang_giang_day
1919,cần nâng cao công tác giảng dạy hơn nữa .,positive,de_xuat
1920,cho bài tập cũng là những bài tập hay .,positive,bai_tap
1921,dạy sát kiến thức trong giáo trình .,positive,ky_nang_giang_day
1922,"thầy rất vui tính và thú vị , lớp học luôn sôi động .",positive,hanh_vi
1923,"hướng dẫn dễ hiểu , hết mình .",positive,ky_nang_giang_day
1924,"giáo viên không dạy từ cơ bản đến nâng cao , truyền đạt không rõ cho sinh viên , cần chỉ cho sinh viên những kiến thức cơ sở là cái nào và phải có phương pháp học ra sao , giáo viên còn khắc khe với học sinh .",negative,ky_nang_giang_day
1924,"giáo viên không dạy từ cơ bản đến nâng cao , truyền đạt không rõ cho sinh viên , cần chỉ cho sinh viên những kiến thức cơ sở là cái nào và phải có phương pháp học ra sao , giáo viên còn khắc khe với học sinh .",negative,hanh_vi
1924,"giáo viên không dạy từ cơ bản đến nâng cao , truyền đạt không rõ cho sinh viên , cần chỉ cho sinh viên những kiến thức cơ sở là cái nào và phải có phương pháp học ra sao , giáo viên còn khắc khe với học sinh .",negative,kien_thuc
1924,"giáo viên không dạy từ cơ bản đến nâng cao , truyền đạt không rõ cho sinh viên , cần chỉ cho sinh viên những kiến thức cơ sở là cái nào và phải có phương pháp học ra sao , giáo viên còn khắc khe với học sinh .",neutral,de_xuat
1925,"nên cho sinh viên đi tham quan thực tế môi trường doanh nghiệp , hạn chê lý thuyết suông .",neutral,kinh_nghiem
1925,"nên cho sinh viên đi tham quan thực tế môi trường doanh nghiệp , hạn chê lý thuyết suông .",negative,chuong_trinh_hoc
1925,"nên cho sinh viên đi tham quan thực tế môi trường doanh nghiệp , hạn chê lý thuyết suông .",neutral,de_xuat
1926,"thầy dạy nhiệt tình , có trình độ môn học yêu cầu sử dụng tư duy rất lớn .",positive,hanh_vi
1926,"thầy dạy nhiệt tình , có trình độ môn học yêu cầu sử dụng tư duy rất lớn .",positive,kien_thuc
1927,"giảng viên truyền đạt tốt , nhiệt tình , tuân thủ giờ ra vào lớp .",positive,ky_nang_giang_day
1927,"giảng viên truyền đạt tốt , nhiệt tình , tuân thủ giờ ra vào lớp .",positive,hanh_vi
1928,có hứng thú khi lên lớp .,positive,hanh_vi
1929,thầy vẫn tuyệt vời như ngày nào .,positive,hanh_vi
1930,cô chấm điểm thiếu sự minh bạch trong bài thi .,negative,cham_diem
1931,nếu học theo lý thuyết trên lớp thì còn lâu mới làm được đồ án mang tầm cỡ lớn .,negative,bai_tap
1932,"thầy dạy hay , dễ hiểu , nhiệt tình .",positive,ky_nang_giang_day
1932,"thầy dạy hay , dễ hiểu , nhiệt tình .",positive,hanh_vi
1933,"giáo viên giỏi , nhiệt tình .",positive,hanh_vi
1934,lên lớp chưa đầy đủ .,negative,noi_chung
1935,"không những truyền đạt kiến thức môn học mà còn chỉ bảo những kiến thức bên ngoài , thực tế , hướng dẫn những cái hay mà thầy đã trải qua để sinh viên từ đó có thể rút ra những cái tốt hơn để phát triển sau này .",positive,kinh_nghiem
1935,"không những truyền đạt kiến thức môn học mà còn chỉ bảo những kiến thức bên ngoài , thực tế , hướng dẫn những cái hay mà thầy đã trải qua để sinh viên từ đó có thể rút ra những cái tốt hơn để phát triển sau này .",positive,hanh_vi
1935,"không những truyền đạt kiến thức môn học mà còn chỉ bảo những kiến thức bên ngoài , thực tế , hướng dẫn những cái hay mà thầy đã trải qua để sinh viên từ đó có thể rút ra những cái tốt hơn để phát triển sau này .",positive,kien_thuc
1936,thầy dạy hay và rất nhiệt tình la em và các bạn theo xu hướng tốt .,positive,ky_nang_giang_day
1936,thầy dạy hay và rất nhiệt tình la em và các bạn theo xu hướng tốt .,positive,hanh_vi
1937,phong cách dạy tốt .,positive,ky_nang_giang_day
1938,em mong rằng bất kỳ môn nào được mở ra thì cũng phải cung cấp kiến thức xứng đáng cho sinh viên .,neutral,kien_thuc
1938,em mong rằng bất kỳ môn nào được mở ra thì cũng phải cung cấp kiến thức xứng đáng cho sinh viên .,positive,de_xuat
1939,cô giảng dạy rất nhiệt tình .,positive,hanh_vi
1940,theo em môn kiến trúc máy tính nên có thêm phần thực hành vì như vậy việc học sẽ dễ hình dung hơn rất nhiều .,negative,kinh_nghiem
1940,theo em môn kiến trúc máy tính nên có thêm phần thực hành vì như vậy việc học sẽ dễ hình dung hơn rất nhiều .,positive,de_xuat
1941,buổi sửa bài tập cần làm kỹ lưỡng hơn .,negative,bai_tap
1941,buổi sửa bài tập cần làm kỹ lưỡng hơn .,negative,de_xuat
1942,giảng viên cho những ví dụ thực tế rất sống động .,positive,kinh_nghiem
1943,cô giảng đến khi nào sinh viên chịu hiểu thì thôi .,neutral,ky_nang_giang_day
1944,"giảng viên dạy dễ hiểu , xúc tích .",positive,ky_nang_giang_day
1945,chất lượng môn học đã phục vụ tốt sinh viên .,positive,chuong_trinh_hoc
1946,"giảng viên tận tụy , quan tâm đến sinh viên , giảng dạy hay , nhiều hoạt động gần gũi với sinh viên .",positive,ky_nang_giang_day
1946,"giảng viên tận tụy , quan tâm đến sinh viên , giảng dạy hay , nhiều hoạt động gần gũi với sinh viên .",positive,hanh_vi
1947,"phương pháp truyền đạt tốt , đảm bảo đủ lượng kiến thức cung cấp cho sinh viên .",positive,ky_nang_giang_day
1947,"phương pháp truyền đạt tốt , đảm bảo đủ lượng kiến thức cung cấp cho sinh viên .",positive,cung_cap_tai_lieu
1948,giải nhiều bài tập .,positive,bai_tap
1949,cô vui tính dễ gần .,positive,hanh_vi
1950,lâu lâu cô hay bận đột xuất .,negative,hanh_vi
1951,"giảng bài kỹ , nhắc lại kiến thức quan trọng trong những buổi học mới .",positive,ky_nang_giang_day
1952,giảng viên không tạo được hứng thú học tập cho sinh viên .,negative,ky_nang_giang_day
1953,"cô wzjwz242 là một giảng viên rất tâm huyết và có khả năng truyền đạt cực kỳ cao , cô luôn truyền cảm hứng , kích thích khả năng học tập của sinh viên .",positive,ky_nang_giang_day
1953,"cô wzjwz242 là một giảng viên rất tâm huyết và có khả năng truyền đạt cực kỳ cao , cô luôn truyền cảm hứng , kích thích khả năng học tập của sinh viên .",positive,hanh_vi
1954,dạy đủ giờ !,positive,chuong_trinh_hoc
1955,giúp sinh viên giải quyết những khúc mắc trong nhiều loại bài tập khác nhau .,positive,hanh_vi
1955,giúp sinh viên giải quyết những khúc mắc trong nhiều loại bài tập khác nhau .,neutral,bai_tap
1956,tận tâm hướng dẫn .,positive,hanh_vi
1957,"thầy giảng nhiệt tình , minh họa cụ thể .",positive,ky_nang_giang_day
1957,"thầy giảng nhiệt tình , minh họa cụ thể .",positive,hanh_vi
1958,"các slide bài giảng thường xuyên sử dụng xen kẽ tiếng anh và việt một cách không thống nhất , gây khó hiểu cho sinh viên .",negative,cung_cap_tai_lieu
1959,"giáo viên nhiệt tình , có đầy đủ các hoạt động học tập để sinh viên ôn luyện kiến thức .",positive,hanh_vi
1959,"giáo viên nhiệt tình , có đầy đủ các hoạt động học tập để sinh viên ôn luyện kiến thức .",positive,chuong_trinh_hoc
1960,thầy hơi bận .,negative,hanh_vi
1961,theo em doubledot đừng bắt buộc sinh viên phải lên lớp đầy đủ .,negative,chuong_trinh_hoc
1961,theo em doubledot đừng bắt buộc sinh viên phải lên lớp đầy đủ .,negative,de_xuat
1962,"có nhiều kiến thức hay , hữu ích , không khí lớp học thoải mái .",positive,hanh_vi
1962,"có nhiều kiến thức hay , hữu ích , không khí lớp học thoải mái .",positive,kien_thuc
1963,thầy truyền được lửa cho sinh viên rất nhiều .,positive,hanh_vi
1964,giảng viên phương pháp dạy hay .,positive,ky_nang_giang_day
1965,"giảng viên nên cho sinh viên thưc tập nói , nghe nhiều hơn .",neutral,bai_tap
1965,"giảng viên nên cho sinh viên thưc tập nói , nghe nhiều hơn .",neutral,de_xuat
1966,"khả năng truyền đạt tốt , kể chuyện cho sinh viên hứng thú .",positive,ky_nang_giang_day
1967,giáo trình nên thống nhất bản tiếng anh .,neutral,cung_cap_tai_lieu
1967,giáo trình nên thống nhất bản tiếng anh .,neutral,de_xuat
1968,học với thầy em học tốt và đạt được điểm cao .,positive,ky_nang_giang_day
1968,học với thầy em học tốt và đạt được điểm cao .,positive,cham_diem
1969,"cô chú trọng đến phát âm , bản chất .",positive,ky_nang_giang_day
1970,"thầy up tài liệu , thông báo lên course , gmail của sinh viên giúp em dễ nắm bắt lịch nghỉ bù , có tài liệu tham khảo thêm .",positive,cung_cap_tai_lieu
1971,"cô biết cách truyền cảm hứng cho sinh viên , tận tâm với môn học .",positive,hanh_vi
1972,"sao thầy không cho điểm cộng khi với mấy bạn lên bảng làm bài tập , nếu nhiều bài tập quá thì một bài nửa điểm cũng được , như vậy các bạn sẽ có hứng lên bảng làm bài tập hơn , lớp học sẽ sôi động hơn .",negative,bai_tap
1972,"sao thầy không cho điểm cộng khi với mấy bạn lên bảng làm bài tập , nếu nhiều bài tập quá thì một bài nửa điểm cũng được , như vậy các bạn sẽ có hứng lên bảng làm bài tập hơn , lớp học sẽ sôi động hơn .",negative,cham_diem
1972,"sao thầy không cho điểm cộng khi với mấy bạn lên bảng làm bài tập , nếu nhiều bài tập quá thì một bài nửa điểm cũng được , như vậy các bạn sẽ có hứng lên bảng làm bài tập hơn , lớp học sẽ sôi động hơn .",neutral,de_xuat
1973,đề nghị trang bị loa và micro mới .,negative,thiet_bi_day_hoc
1973,đề nghị trang bị loa và micro mới .,neutral,de_xuat
1974,"giảng viên luôn tận tâm , chu đáo .",positive,hanh_vi
1975,"vui tính , dễ thương .",positive,hanh_vi
1976,"thầy hiền , dễ tính .",positive,hanh_vi
1977,cần ôn tập kỹ trước khi thi .,neutral,de_xuat
1978,càng cung cấp nhiều tài liệu trên mạng cho sinh viên sẽ càng cải tiến chất lượng môn học .,neutral,cung_cap_tai_lieu
1978,càng cung cấp nhiều tài liệu trên mạng cho sinh viên sẽ càng cải tiến chất lượng môn học .,positive,de_xuat
1979,"giảng viên nhiệt tình , bài giảng đầy đủ .",positive,ky_nang_giang_day
1979,"giảng viên nhiệt tình , bài giảng đầy đủ .",positive,hanh_vi
1980,"các tiết thực hạnh hay , thực tế , không khí vui vẻ .",positive,kinh_nghiem
1980,"các tiết thực hạnh hay , thực tế , không khí vui vẻ .",positive,hanh_vi
1981,hoàn hảo !,positive,noi_chung
1982,"khả năng truyền đạt - thầy nói khó nghe lại không dùng microphone , hiệu quả bài giảng thấp .",negative,ky_nang_giang_day
1982,"khả năng truyền đạt - thầy nói khó nghe lại không dùng microphone , hiệu quả bài giảng thấp .",negative,thiet_bi_day_hoc
1983,"thầy dạy rất hay , thực hành dễ hiểu , đánh vào trọng tâm .",positive,ky_nang_giang_day
1983,"thầy dạy rất hay , thực hành dễ hiểu , đánh vào trọng tâm .",positive,kinh_nghiem
1984,phòng học và các thiết bị giảng dạy cần được nâng cấp tốt hơn .,negative,thiet_bi_day_hoc
1984,phòng học và các thiết bị giảng dạy cần được nâng cấp tốt hơn .,neutral,de_xuat
1985,thầy dạy nhiệt tình và truyền cảm .,positive,hanh_vi
1986,"thầy khá tận tậm , nhiệt tình .",positive,hanh_vi
1987,"mong cô sẽ dạy các môn liên quan trực tiếp tới lập trình như csharp , java .",neutral,chuong_trinh_hoc
1987,"mong cô sẽ dạy các môn liên quan trực tiếp tới lập trình như csharp , java .",neutral,de_xuat
1988,thầy hay đi trễ và nghỉ dạy nhiều .,negative,hanh_vi
1989,chương trình học khá dài chưa tập trung .,negative,chuong_trinh_hoc
1990,"giọng thầy rất êm êm , không có cao độ điều này gây mất hứng thú với người nghe .",negative,ky_nang_giang_day
1991,nhưng mà nhìn dáng thầy đi em thấy thương thương thầy .,neutral,noi_chung
1992,"tôi cảm cảm thấy không cần thiết , thay vào đó là các lớp kỹ năng hay học thuật sẽ tốt hơn !",negative,chuong_trinh_hoc
1992,"tôi cảm cảm thấy không cần thiết , thay vào đó là các lớp kỹ năng hay học thuật sẽ tốt hơn !",neutral,de_xuat
1993,"kỳ này dạy bằng slide tiếng anh nên đa phần sinh viên không nắm bắt kịp , gần như toàn bộ các bạn đều không hiểu bài .",negative,ky_nang_giang_day
1993,"kỳ này dạy bằng slide tiếng anh nên đa phần sinh viên không nắm bắt kịp , gần như toàn bộ các bạn đều không hiểu bài .",negative,cung_cap_tai_lieu
1994,"thầy dạy tốt , bám sát nội dung , truyền đạt kiến thức cho sinh viên rất nhiệt tình .",positive,ky_nang_giang_day
1994,"thầy dạy tốt , bám sát nội dung , truyền đạt kiến thức cho sinh viên rất nhiệt tình .",positive,hanh_vi
1994,"thầy dạy tốt , bám sát nội dung , truyền đạt kiến thức cho sinh viên rất nhiệt tình .",positive,kien_thuc