id,text,sentiment,aspect
1,đưa ra đề tài seminar như thách đố sinh viên vậy .,negative,bai_tap
2,"thầy giảng dễ hiểu , nhiệt tình .",positive,hanh_vi
3,"đảm bảo giờ học , tiết học , nội dung .",neutral,noi_chung
4,"dạy tốt , không khó khăn với học sinh .",positive,ky_nang_giang_day
5,"thầy giảng nhiệt tình , dễ hiểu , luôn tạo ra các hoạt động hỏi - đáp để giúp tăng khả năng xử lý tình huống , sự sáng tạo của sinh viên .",positive,hanh_vi
6,"thầy cho nhiều bài tập hay và rộng hơn khi học lý thuyết , giúp em biết thêm nhiều thứ hơn .",positive,kien_thuc
7,"thầy ôn kỹ , hay cho bài tập trên moodle , cập nhật file bài giảng , bài tập , bài ôn thường xuyên .",positive,cung_cap_tai_lieu
8,nên cập nhật kiến thức thực tiễn .,negative,kien_thuc
9,"thầy cho làm rất thực tế , rất hữu ích đối với sinh viên , giúp sinh viên tự tìm tòi rất nhiều , nhiều hơn so với việc dạy lý thuyết nhàm chán .",positive,kinh_nghiem
10,cũng hài lòng .,positive,noi_chung
11,"giảng viên chưa giải hết thắc mắc của sinh viên , còn một vài vấn đề chưa hiểu rõ .",negative,ky_nang_giang_day
12,"thầy vui tính , dạy dễ hiểu và tận tình .",positive,ky_nang_giang_day
13,"do cô hay bận một số công việc , nên sinh viên hay được nghỉ .",negative,hanh_vi
14,tận tâm muốn làm việc tốt nhất cho sinh viên nhưng cách giảng bài trên lớp chắc thầy nên thay đổi chút xíu để tất cả mọi người cùng yêu thương thầy !,positive,hanh_vi
15,"thầy dạy hay , dễ hiểu , ví dụ minh họa thực tiễn .",positive,ky_nang_giang_day
16,có thời gian để ngủ trên lớp .,negative,noi_chung
17,"thầy nhiệt tình , năng nổ , vui tính .",positive,hanh_vi
18,gây khó nắm bắt .,negative,noi_chung
19,"giảng viên dạy nhiệt tình , vui tính , hài hước , dạy tốt , dễ nghe dễ hiểu .",positive,ky_nang_giang_day
20,"giảng dễ nghe , nhiệt tình .",positive,hanh_vi
21,giảng viên nên tập trung nhiều giờ giảng lý thuyết hơn để giúp sinh viên hiểu và hiểu sâu hơn về bài học .,negative,ky_nang_giang_day
22,thầy hay đến lớp muộn sao với sinh viên .,negative,hanh_vi
23,"dạy dễ hiểu , vui tính , gần gũi với sinh viên .",positive,ky_nang_giang_day
24,dạy dở .,negative,ky_nang_giang_day
25,"cô rất tận tâm , rất ok , em rất thích cách dạy và học của cô ( mặc dù hơi nhanh tí ) .",positive,ky_nang_giang_day
26,thầy rất hiền dạy dễ hiểu và rất nhiệt tình khi trả lời học sinh .,positive,ky_nang_giang_day
27,em xin đề nghị nhà trường nên bổ sung tài liệu về môn học và cập nhật nội dung .,negative,cung_cap_tai_lieu
28,lớp của em do đa số các bạn trầm tính nên đối với bọn em cô là một người rất giỏi và giải đáp đầy đủ cho bọn em .,positive,hanh_vi
29,hay nghỉ .,neutral,noi_chung
30,giảng viên rất hay .,positive,ky_nang_giang_day
31,"giảng viên cần linh hoạt , không cứng nhắc chỉ ngồi đọc slide , cần có cách giảng dạy phù hợp để sinh viên dễ tiếp thu hơn .",negative,ky_nang_giang_day
32,"môn này cần tăng lên 4 tín chỉ thay vì là 3 vì mạng truyền thông và di động có kiến thức khá rộng , môn này không có thực hành nên có thực hành vì mạng di động mà không thực hành thì khá trừu tượng .",positive,kien_thuc
33,"phương pháp dạy của thầy chưa phù hợp , gây khó hiểu cho sinh viên .",negative,ky_nang_giang_day
34,nhiều câu chuyện hài hước và thực tế có liên quan đến bài học .,positive,ky_nang_giang_day
35,hay bỏ lớp hơn cả tiếng đồng hồ .,negative,noi_chung
36,cần tài liệu nhiều hơn đọc dễ hiểu hơn .,negative,ky_nang_giang_day
37,"đúng từng câu chữ thì ok , còn lại failse .",negative,noi_chung
38,"cô rất quan tâm sinh viên , giảng dạy kỹ lưỡng nhiều vấn đề .",positive,kien_thuc
39,chất lượng tốt giáo viên nhiệt tình .,positive,noi_chung
40,"giảng viên nhiệt tình hướng dẫn học , giải các bài tập khó .",positive,ky_nang_giang_day
41,"cô dạy nhiệt tình , thường xuyên chia sẻ bài trên website môn học .",positive,hanh_vi
42,"thầy tận tâm , nhiệt tình , truyền đạt kiến thức rất hiệu quả .",positive,ky_nang_giang_day
43,"nhiệt tình , giảng dạy hiệu quả .",positive,hanh_vi
44,"nghiêm khắc , tận tâm trong việc giảng dạy .",positive,hanh_vi
45,tốt rồi .,positive,noi_chung
46,thầy rất nhiệt tình và đưa ra những nguyên tắc học rất hiệu quả .,positive,ky_nang_giang_day
47,"thầy dạy hơi lan man , diễn đạt không tốt ạ .",negative,ky_nang_giang_day
48,giảng viên không hướng dẫn thực hành đầy đủ .,negative,ky_nang_giang_day
49,không khí căng thẳng .,negative,noi_chung
50,"giảng viên dạy rất nhiệt tình , dễ hiểu , vui tính .",positive,hanh_vi
51,"hiện tại tốt , không cần điều chỉnh gì thêm .",positive,noi_chung
52,"thầy hay kéo giờ nhưng dạy tận tình , cho ví dụ và bài tập dễ hiểu .",positive,hanh_vi
53,"nếu muốn anh văn trở thành ngôn ngữ thứ hai thì cần phải sử dụng tiếng anh liên tục để nó thắm vào sương tủy , nhưng trường vẫn quá tập trung vào cách dạy theo kiểu phổ thông tức là học chỉ lấy điểm số nên tôi muốn nhà trường hãy tạo một phương pháp là học anh văn là vì giao tiếp chứ đừng vì những bài kiểm tra hay điểm số .",negative,chuong_trinh_hoc
54,"cô giảng bài rất dễ hiểu , tạo mọi điều kiện tốt nhất cho sinh viên tiếp cận môn học có hiệu quả .",positive,ky_nang_giang_day
55,"tận tình , giảng rõ ràng .",positive,hanh_vi
56,"thầy rất thẳng thắng trong các cuộc nói chuyện , giảng bài , điểm thi .",positive,ky_nang_giang_day
57,dễ học dễ hiểu .,positive,noi_chung
58,thầy dạy tích cực .,positive,hanh_vi
59,cách truyền đạt tốt .,positive,ky_nang_giang_day
60,cô hướng dẫn về cách thuyết trình rất hay .,positive,ky_nang_giang_day
61,nói mở rộng nhiều vấn đề về môn học .,neutral,ky_nang_giang_day
62,thầy giảng dạy nhiệt tình truyền đạt nhiều kinh nghiệm cho sinh viên và phương pháp giảng dạy hiệu quả .,positive,kinh_nghiem
63,không hiểu bài cho lắm .,negative,ky_nang_giang_day
64,hơi nghiêm .,negative,hanh_vi
65,"cô dễ thương dạy hay , hài hước .",positive,hanh_vi
66,đồ án mang tính thực tiễn .,positive,kinh_nghiem
67,"thầy dạy rất kỹ lưỡng , nhiệt tình , viết bảng rất nhiều dễ hiểu bài tuyệt vời !",positive,ky_nang_giang_day
68,thầy có đi dạy trễ .,negative,hanh_vi
69,"giảng viên nhiệt tình , hết mình truyền đạt kiến thức .",positive,ky_nang_giang_day
70,"dễ hiểu , thân thiện với học sinh .",positive,ky_nang_giang_day
71,"thầy truyền đạt rất tận tình , dễ hiểu lượng bài tập , nội dung thi hợp lý , vừa sức với sinh viên .",positive,hanh_vi
72,thầy đi rất đúng giờ và nhiệt tình .,positive,hanh_vi
73,quá khó và rất khó .,negative,noi_chung
74,"cô vui tính , hướng dẫn rất tận tình .",positive,ky_nang_giang_day
75,giảng viên chưa bám sát được sinh viên .,negative,hanh_vi
76,điểm danh thường xuyên .,neutral,noi_chung
77,cô nhiệt tình và vui vẻ .,positive,hanh_vi
78,hạn chế bỏ giờ buổi vì giảng viên bận .,negative,hanh_vi
79,thầy chu đáo và tỉ mỉ .,positive,hanh_vi
80,các giảng viên cần thống nhất chương trình dạy giữa các lớp với nhau .,negative,chuong_trinh_hoc
81,hỏi thầy những kiến thức bên ngoài có liên quan tới môn học nhiều khi thầy không trả lời .,negative,hanh_vi
82,"cô nhiệt tình với sinh viên , vui vẻ .",positive,hanh_vi
83,"đó là tiền của họ , họ muốn dùng thì tùy họ , người khác nghèo không phải lỗi của họ , chưa kể tiền thuế họ đóng góp cho nước cũng đủ để gọi là xây dựng rồi .",negative,noi_chung
84,"phát âm của cô hơi sai , đặc biệt phần chữ th .",negative,ky_nang_giang_day
85,"sự tận tâm , nhiệt tình của giảng viên giúp truyền đạt kỹ năng , kiến thức một cách tốt nhất .",positive,hanh_vi
86,"biết tạo điều kiện cho học sinh rèn luyện các kỹ năng , khả năng dẫn dắt truyền đạt tốt .",positive,ky_nang_giang_day
87,cách giảng của thầy đa số trong lớp không ai hiểu dù thấy có giảng lại .,negative,ky_nang_giang_day
88,giáo viên tận tình truyền đạt kiến thức .,positive,kien_thuc
89,giảng viên đưa ra nhiều bài tập từ dễ đến khó .,positive,bai_tap
90,assignments given at home are good .,positive,bai_tap
91,thầy dạy rất thuyết phục và dễ hiểu .,positive,ky_nang_giang_day
92,thầy nhiệt tình giảng dễ hiểu không nhàm chán .,positive,hanh_vi
93,"kiểu như giảng viên chưa chuẩn bị , chưa từng đọc tới cái đề vậy .",negative,hanh_vi
94,"cô rất tâm huyết , không chỉ dạy kiến thức anh văn mà còn rút ra những bài học kinh nghiệm từ bài giảng .",positive,hanh_vi
95,lớp thực hành không nên học trước lớp lý thuyết .,negative,de_xuat
96,thầy có phong cách giảng bài gần gũi với sinh viên .,positive,ky_nang_giang_day
97,"cô dạy rất tốt , nhiệt tình với sinh viên , dễ hiểu , cho nhiều bài tập để học sinh nắm bắt , giảng dạy rất tốt .",positive,ky_nang_giang_day
98,kiểm tra bài cũ .,neutral,noi_chung
99,"nhiệt tình , có trách nhiệm .",positive,hanh_vi
100,cần cho nhiều bài tập để sinh viên làm ở nhà .,negative,bai_tap
101,giảng dạy rất tốt .,positive,ky_nang_giang_day
102,thầy rất vui tính và thân thiện .,positive,hanh_vi
103,tạo điều kiện để sinh viên tham gia vào bài học .,positive,ky_nang_giang_day
104,"phương pháp giảng dạy của cô rất hay , đơn giản nhưng rất dễ hiểu , truyền đạt kiến thức tốt .",positive,kien_thuc
105,thầy chưa bao giờ đến lớp .,negative,hanh_vi
106,chất lượng tốt .,positive,noi_chung
107,"giảng viên có trình bày một số vấn đề thực tiễn hữu ích , khích lệ những sinh viên tích cực , phong cách giảng dạy thân thiện tuy có phần lãnh đạm , dễ gây buồn ngủ .",positive,kinh_nghiem
108,môn khá khó hiểu nên thầy cô phải tạo những ý tưởng để sinh viên dễ hiểu bài hơn .,negative,ky_nang_giang_day
109,cần tiếp cận với sinh viên nhiều hơn .,negative,hanh_vi
110,nghỉ học thường xuyên .,negative,hanh_vi
111,em không có bất cứ một lời phê bình nào .,positive,noi_chung
112,"giảng viên dạy kỹ , dễ hiểu .",positive,ky_nang_giang_day
113,lần đầu trong trường  em gặp một thầy như vậy .,positive,noi_chung
114,thầy chuyên nghiệp trong cách giảng dạy và rất nhiệt tâm .,positive,hanh_vi
115,"thầy tận tâm , nhiệt tình với sinh viên .",positive,hanh_vi
116,mong cô giúp đỡ nhiều hơn .,negative,hanh_vi
117,thầy giảng bài hay và rất dễ hiểu .,positive,ky_nang_giang_day
118,lớp buồn không có ý kiến nhiều .,negative,noi_chung
119,"thầy rất hay liên hệ nhưng thứ học được ra thực tế , như những ứng dụng của các linh kiện , vdotv .",positive,kien_thuc
120,giảng viên dạy rất chi tiết và nhiệt tình dành nhiều thời gian giải thích thắc mắc cho sinh viên .,positive,hanh_vi
121,cô có kiến thức cao và có nhiệt tình giúp sinh viên .,positive,kien_thuc
122,"thoải mái , có hiệu quả .",positive,noi_chung
123,dạy nhanh .,negative,ky_nang_giang_day
124,thầy vui tính dạy dễ hiểu và cung cấp nhiều thông tin hữu ích cho sinh viên .,positive,cung_cap_tai_lieu
125,"thầy dạy hay , nhiều kiến thức mở rộng , được học trên slide tiếng anh .",positive,ky_nang_giang_day
126,"dễ hiểu , nhiệt tình vui tính .",positive,hanh_vi
127,đúng giờ và nhiệt tình .,positive,hanh_vi
128,"giảng viên hòa đồng , nhiệt tình , có nhiều phương pháp dạy học thú vị .",positive,ky_nang_giang_day
129,"thầy tận tâm nhiệt tình , diễn đạt trình bày hay .",positive,hanh_vi
130,cảm giác của em là hơi chán .,negative,noi_chung
131,giảng viên bên lớp lý thuyết thì kiến thức dạy hoàn toàn khác với giảng viên lớp thực hành .,negative,kien_thuc
132,"thầy dạy phần hai có phần hơi khó khăn trong việc điểm danh , cả khi thầy có nhầm lẫn thầy cũng không chịu nhận .",negative,hanh_vi
133,giảng kỹ và nhiệt tình giải đáp .,positive,hanh_vi
134,"thầy dạy rất nhiệt tình và dễ hiểu , tuy nhiên do học sinh còn lười nhác học bài nên đôi khi kết quả không được như mong muốn .",positive,ky_nang_giang_day
135,thầy dạy cứng nhắc và nhanh !,negative,ky_nang_giang_day
136,cần tăng thời gian thực hành nói lên .,negative,kinh_nghiem
137,cô rất nhiệt tình !,positive,hanh_vi
138,cảm thấy rất may mắn khi được học thầy .,positive,hanh_vi
139,"ấn tượng nhất doubledot dạy không cần máy chiếu hay laptop , nhưng lượng bài giảng có thể nói là "" khủng "" , nhìn thầy ghi bài giảng lên bảng mà bất ngờ .",positive,thiet_bi_day_hoc
140,thầy chỉ dạy làm sao để thi chứ không dạy cách học môn lý thuyết mạch điện .,negative,ky_nang_giang_day
141,"bài tập được làm nhiều , ân cần , tận tụy .",positive,hanh_vi
142,"hay , nhiệt tình , dễ hiểu .",positive,ky_nang_giang_day
143,"học lý thuyết khác hẳn với thực hành , học nhiều buổi thực hành nhưng thầy chỉ cho 2 bài thực hành về sân bóng mà đa số sinh viên không hiểu đề .",negative,ky_nang_giang_day
144,"em thấy nó thật sự rất tốt , giải quyết sinh viên với những vấn đề trên .",positive,noi_chung
145,không thực tế .,negative,noi_chung
146,"lên lớp đúng giờ , giảng dạy dễ hiểu .",positive,ky_nang_giang_day
147,"giáo viên vui tính , dễ gần , đôi khi hài hước , giúp sinh viên thoải mái tiếp thu kiến thức .",positive,hanh_vi
148,sau mỗi định lý nên có ví dụ và chữa chi tiết ngay .,positive,de_xuat
149,"tận tâm , nhiệt tình .",positive,hanh_vi
150,"em nghĩ cô nên tóm gọn những nội dung phụ , lý thuyết , và đi sâu , tập trung vào trọng tâm hơn cũng như nếu được thì cô hãy nên sử dụng giọng phổ thông để áp dụng vào giảng dạy .",negative,ky_nang_giang_day
151,"thầy nên tận tâm với sinh viên , lớp .",negative,hanh_vi
152,dạy rất tốt về ubuntu .,positive,ky_nang_giang_day
153,cách giảng của thầy rất hay .,positive,ky_nang_giang_day
154,quan tâm tới sinh viên vui vẻ .,positive,hanh_vi
155,giảng viên giảng bài rất dễ hiểu .,positive,ky_nang_giang_day
156,"thầy dạy dễ hiểu , nhiệt tình với sinh viên .",positive,ky_nang_giang_day
157,"thực hành chỉ cần theo hình thức 2 , và gần như sinh viên cũng không cần thực hành nhiều trên trường , vì gần như không được hướng dẫn nhiều ở các buổi thực hành .",negative,kinh_nghiem
158,giảng tận tình vui vẻ .,positive,ky_nang_giang_day
159,thầy nên demo các mạch bằng protues .,negative,ky_nang_giang_day
160,dạy rất chi tiết và đầy đủ những kiến thức quan trọng .,positive,ky_nang_giang_day
161,phòng lab tốt hơn .,positive,thiet_bi_day_hoc
162,"cung cấp và thường xuyên cập nhật thêm tài liệu về môn học nhiều hơn , sử dụng giờ lên lớp hiệu quả hơn .",negative,ky_nang_giang_day
163,"giảng viên vui vẻ , giảng dạy tận tâm , đến lớp đầy đủ đúng giờ .",positive,ky_nang_giang_day
164,mọi thứ đều tốt và giảng dạy dễ hiểu .,positive,ky_nang_giang_day
165,"giảng viên truyền đạt kiến thức tốt , có nhiều kinh nghiệm , có thể giải đáp được thắc mắc của sinh viên .",positive,ky_nang_giang_day
166,rất nhiệt tình coloncontemn .,positive,hanh_vi
167,thầy dạy rất hay giải nhiều bài tập .,positive,ky_nang_giang_day
168,"thầy cần quyết đoán hơn , chuẩn bị kỹ tài liệu và dạy nhanh , đủ hơn chút .",positive,de_xuat
169,"nhiệt tình , tận tâm , giảng dễ hiểu , nghiêm túc , đúng giờ .",positive,ky_nang_giang_day
170,"thầy rất sôi nổi trong giảng dạy , em rất thích phong cách dạy của thầy .",positive,hanh_vi
171,slide đẹp .,positive,cung_cap_tai_lieu
172,"không nên đánh giá tập trung vào một bài thi cuối kỳ duy nhất , chia thành nhiều phần doubledot 60% kiến thức ai doubledot trong đó có thể kiểm tra giấy như hiện nay bài tập lớn 40% một đồ án vận dụng trí tuệ nhân tạo ( ai ) bài thi cuối kỳ không đảm bảo đánh giá đúng chất lượng sinh viên doubledot đề thi cho những câu dễ , chỉ mất thời gian để trình bày hơn là thời gian suy nghĩ .",negative,bai_tap
173,"thầy nhiệt tình , vui vẻ , giảng dạy kỹ những phần quan trọng .",positive,ky_nang_giang_day
174,"mơ hồ , không chi tiết .",negative,noi_chung
175,cô thoải mái .,positive,hanh_vi
176,cô đẹp colonsmile .,positive,noi_chung
177,thầy giảng rất kỹ từng bài tập .,positive,ky_nang_giang_day
178,rất nhiệt tình và tâm huyết .,positive,hanh_vi
179,"giáo viên truyền đạt kiến thức đầy đủ , dễ hiểu , nhiệt tình giảng dạy .",positive,hanh_vi
180,kiến thức này liệu có chắc là cơ bản và được cập nhật phù hợp với dân it hiện nay chưa .,negative,kien_thuc
181,đôi khi hơi nhàm chán .,negative,noi_chung
182,"thầy nhiệt tình , giảng kỹ , tận tâm với sinh viên .",positive,hanh_vi
183,"cung cấp cho sinh viên biết được mục đích và công dụng thực tiễn của môn học vào thực tế nghề nghiệp , thêm các ví dụ liên quan tới cách áp dụng môn học vào nghề nghiệp tương lai chứ không dừng ở việc lấy ví dụ cho bài giảng .",positive,kinh_nghiem
184,bài tập đầy đủ lý thuyết dễ hiểu .,positive,bai_tap
185,"vui tính , hòa đồng với sinh viên .",positive,hanh_vi
186,"giảng viên yêu cầu quá nhiều về việc hoàn thiện đồ án môn học , việc chấm chéo đồ án giữa các nhóm không hợp lý và không cần thiết .",negative,bai_tap
187,"giảng viên nhiệt tình , có kỹ năng truyền đạt tốt .",positive,ky_nang_giang_day
188,cơ sở vật chất của trường còn khá kém và thiếu các hoạt động ngoại khóa .,negative,chuong_trinh_hoc
189,"dạy nhiệt tình , khách quan .",positive,ky_nang_giang_day
190,"cô nhiệt tình , giảng dạy tốt , quan tâm tất cả học sinh .",positive,hanh_vi
191,nhưng lớp trường lại chậm trể trong việc đưa về cho sinh viên thế nên cần phân bổ tài liệu trực tiếp cho sinh viên .,negative,cung_cap_tai_lieu
192,tệ .,negative,noi_chung
193,tồi tệ .,negative,noi_chung
194,"giảng viên dạy rất nhiệt tình , và luôn sẵn sàng giúp đỡ giải bài tập và trả lời các câu hỏi của từng bạn sinh viên .",positive,hanh_vi
195,giảng viên giảng dễ hiểu .,positive,ky_nang_giang_day
196,khả năng truyền đạt còn kém .,negative,ky_nang_giang_day
197,"thầy rất nhiệt tình , thẳng thắn .",positive,hanh_vi
198,hay la mắng sinh viên khi làm bài tập không đúng .,negative,hanh_vi
199,thầy nên tạo điều kiện cho sinh viên lên bảng làm bài tập để biết phần nào còn yếu .,neutral,bai_tap
200,"giảng viên dạy chậm giúp sinh viên theo kịp tiến độ , có sự tưởng tác nhiều giữa cả giảng viên và sinh viên , ví dụ minh họa bài tập phong phú sau mỗi phần lý thuyết giúp sinh viên nắm rõ bài .",positive,ky_nang_giang_day
201,cần có giáo trình và đề cương chi tiết .,negative,cung_cap_tai_lieu
202,không quan tâm đến học sinh .,negative,hanh_vi
203,thầy dạy hay dễ hiểu slide đáp ứng đủ để sinh viên hiểu về bài .,positive,cung_cap_tai_lieu
204,chưa nói đến sinh viên tự tra .,negative,noi_chung
205,"cô giảng dạy có tâm và nhiệt tình giúp đỡ sinh viên , giúp sinh viên hiểu sâu và vận dụng các vấn đề đã học vào thực tiễn .",positive,kinh_nghiem
206,"vào lớp muộn , ra trễ làm ảnh hưởng tới các hoạt động khác của sinh viên .",negative,hanh_vi
207,chỉ có học lý thuyết .,negative,kinh_nghiem
208,"do môn còn mới nên nhiều vấn đề trục trặc trong quá trình thực hành thầy vẫn chưa giải quyết được , nhưng vẫn rất ủng hộ thầy .",negative,hanh_vi
209,thầy chưa có sự hướng dẫn cụ thể .,negative,ky_nang_giang_day
210,"thầy vui tính , hòa đồng với sinh viên , giúp sinh viên tự chủ trong học tập .",positive,hanh_vi
211,"đúng chất "" anh "" thầy .",positive,hanh_vi
212,giảng viên chu đáo nhiệt tình .,positive,hanh_vi
213,bài tập thực hành sát với lý thuyết .,positive,bai_tap
214,cô giáo nhiệt tình giảng bài dễ hiểu .,positive,hanh_vi
215,"thầy rất tận tâm nhiệt tình , quan tâm đến sinh viên , giảng bài dễ hiểu , kiến thức sâu rộng am hiểu cao .",positive,kien_thuc
216,"em không học lớp này , không hiểu sao trong danh sách khảo sát của em lại có lớp này với giảng viên này .",negative,noi_chung
217,lên lớp trễ 5 - 10 phút .,negative,hanh_vi
218,"ít giảng bài cho sinh viên , sinh viên thắc mắc không được giải đáp cặn kẽ , rất mơ hồ .",negative,ky_nang_giang_day
219,"cô dạy tận tâm , nhưng cách dạy nặng về ngữ pháp nên nhàm chán .",negative,ky_nang_giang_day
220,thầy rất quan tâm đến khó khăn gặp phải của sinh viên trong lúc thực hành .,positive,hanh_vi
221,"có một điều rất bất cập là tiến độ của thực hành đi trước lý thuyết rất nhiều , thực hành đã qua từ rất lâu trong quá trình thực hành thì việc tìm hiều thông tin , tiếp thu rất khó khăn , một thời gian sau , gần hết học kỳ thì lý thuyết mới dạy tới phần đó .",negative,chuong_trinh_hoc
222,làm nhiều bài tập hơn nữa .,negative,bai_tap
223,"thầy giảng bài kỹ , cho bài tập hay .",positive,bai_tap
224,thầy giảng chưa sâu !,negative,ky_nang_giang_day
225,thầy rất giỏi và nhiệt tình .,positive,hanh_vi
226,trời nóng .,negative,noi_chung
227,đề cương môn học chưa được cập nhật cho sinh viên .,negative,chuong_trinh_hoc
228,"phương pháp giảng dạy tiên tiến , giờ học vui .",positive,ky_nang_giang_day
229,cô dạy nhiệt tình chuyên môn cao .,positive,kien_thuc
230,"em có phản ánh thế này doubledot thực hành là học cách tuần , trong khi đó thì bài thực hành mỗi tuần mỗi khác .",negative,bai_tap
231,"thầy rất tâm huyết trong việc truyền đạt kinh nghiệm , luôn nhắc nhở sinh viên ý thức về việc học của mình .",positive,hanh_vi
232,phân chia nhóm thực hành không hợp lý và thầy cũng không quan tâm .,negative,hanh_vi
233,kết hợp thực tế trong giảng dạy .,positive,kinh_nghiem
234,giảng dạy và cho làm bài tập đúng với chương trình và thực lực của sinh viên .,positive,ky_nang_giang_day
235,"giáo viên vui vẻ , thân thiện .",positive,hanh_vi
236,"ví dụ nhiều , ôn tập kỹ .",positive,kinh_nghiem
237,"giảng dạy quoa loa , thiếu nhiệt tình , chương trình học hoàn toàn không ăn khớp với lý thuyết .",negative,ky_nang_giang_day
238,thầy wzjwz8 dạy rất nhiệt tình và dễ hiểu .,positive,hanh_vi
239,"giáo viên tận dụng giờ lên lớp hiệu quả , lên lớp đúng giờ .",positive,ky_nang_giang_day
240,thầy cô chưa đưa nhiều vấn đề xã hội vào .,negative,chuong_trinh_hoc
241,"giáo viên nhiệt tình , tâm huyết , khả năng truyền đạt tốt .",positive,ky_nang_giang_day
242,thầy hứa sẽ up điểm giữa kỳ sớm mà điểm giữa kỳ thì tới giờ này vẫn chưa có ?,negative,hanh_vi
243,thầy giảng dễ hiểu và quan tâm học sinh .,positive,hanh_vi
244,bài tập giảng viên cho tại lớp đáp ứng nhu cầu của sinh viên .,positive,bai_tap
245,"giảng dạy hướng dẫn dễ hiểu , dễ tiếp thu .",positive,ky_nang_giang_day
246,cô giảng hướng dẫn nhiệt tình .,positive,hanh_vi
247,vui vẻ giảng dạy nhiệt tình .,positive,hanh_vi
248,"cô nhiệt tình , tận tâm , dạy dễ hiểu , quan tâm học sinh , lớp hoạt động sôi nổi , phát âm dễ nghe , dễ hiểu .",positive,ky_nang_giang_day
249,"những sinh viên được lòng giảng viên trên lớp sẽ qua môn một cách dễ dàng , còn những sinh viên còn lại chỉ cần sai sót nhỏ sẽ rớt môn .",negative,cham_diem
250,"khả năng truyền đạt tốt , dễ hiểu , nhiệt huyết , giảng hay .",positive,ky_nang_giang_day
251,thầy rất tận tâm .,positive,hanh_vi
252,thầy cần chủ động về thời gian .,negative,hanh_vi
253,"nhiệt tình dạy dễ hiểu , thân thiện hài hước .",positive,hanh_vi
254,không có sự thoải mái khi học tập .,negative,noi_chung
255,không dám ý kiến .,negative,noi_chung
256,"thầy rất tốt , và truyền đạt đầy đủ kiến thức tới sinh viên .",positive,kien_thuc
257,"thầy đảm bảo giờ lên lớp , nhiệt tình .",positive,hanh_vi
258,"tôi không đồng ý với cách giảng dạy của giáo viên , một bài mà giảng lúc tiếng anh , lúc tiếng việt khoe khả năng của mình và tôi nhận thấy kiến thức trong bài giảng đó tôi không thể nắm bắt được trên 50% .",negative,hanh_vi
259,cô dạy rất hay !,positive,ky_nang_giang_day
260,"cô rất nhiệt tình và gửi nhiều tâm huyết trong giảng dạy , luôn hướng cho chúng em tiếp cận nhu cầu của doanh nghiệp .",positive,hanh_vi
261,"thầy giảng dễ hiểu , kiến thức thực hành phong phú lấy từ nhiều nguồn và dễ gần .",positive,kinh_nghiem
262,she's very sociable .,positive,hanh_vi
263,quá nhiệt tình .,positive,hanh_vi
264,"luôn giải đáp những thắc mắc sớm nhất có thể , mở thêm những buổi học ngoài tăng cường kiến thức .",positive,hanh_vi
265,nghiêm túc .,positive,hanh_vi
266,"thầy vui vẻ , tận tình .",positive,hanh_vi
267,hoạt động giảng dạy của giáo viên đưa ra quá cao so với trình độ học của lớp .,negative,ky_nang_giang_day
268,"tốt , vui .",positive,noi_chung
269,"trang bị máy chiếu mới , loa và micro của phòng học , máy tính mới cho phòng lab .",positive,thiet_bi_day_hoc
270,"thầy dạy chi tiết , dễ hiểu .",positive,ky_nang_giang_day
271,thầy không dạy nhưng báo trước rất sát giờ và thầy rất hay nghỉ dạy .,negative,ky_nang_giang_day
272,có nhiều phương pháp giảng dạy hay và nhiều cách giúp sinh viên hoàn thành bài tốt .,positive,bai_tap
273,theo đa số sinh viên đều cảm nhận được rằng giảng viên giảng bài khó hiểu .,negative,ky_nang_giang_day
274,thực hành chạy quá nhanh và khó hiểu .,negative,ky_nang_giang_day
275,thầy luôn thúc giục học sinh cố gắng trong học tập .,positive,hanh_vi
276,"giảng viên nên cho số lượng bài tập vừa phải , giải chậm và sâu ở mỗi dạng toán đặc biệt là những dạng toán khó .",negative,ky_nang_giang_day
277,thầy dạy tận tâm và nhiệt tình .,positive,hanh_vi
278,"giảng viên giảng bài còn mơ hồ , phức tạp .",negative,ky_nang_giang_day
279,hay và bổ ích .,positive,noi_chung
280,"slide hay , giáo viên nhiệt tình .",positive,hanh_vi
281,"dạy hay , nhiệt tình .",positive,hanh_vi
282,"lên lớp đúng giờ , dạy dễ hiểu .",positive,hanh_vi
283,"giảng viên nhiệt tình , tạo nhiều hoạt động cho sinh viên tham gia nhằm nâng cao khả năng ngôn ngữ .",positive,hanh_vi
284,"kiến thức thầy rộng , tận tình với học sinh như anh em .",positive,hanh_vi
285,"em thích cách dạy của thầy , làm bài tập sau khi giảng xong lý thuyết cho sinh viên có thể nhớ ngay hôm ấy không cần về nhà coi lại bài .",positive,bai_tap
286,"cô vui vẻ , tận tâm , nhiệt tình giúp đỡ sinh viên .",positive,hanh_vi
287,cần có nhiều giờ thực hành hơn !,positive,de_xuat
288,"rất hài lòng , thầy dạy khá hay , cũng rất vui trong lúc học .",positive,ky_nang_giang_day
289,"cô dạy rất dễ hiểu , tận tâm .",positive,hanh_vi
290,"tận tâm , đi đúng giờ .",positive,hanh_vi
291,"nghỉ nhiều , khả năng truyền đạt chưa cao , chưa thực sự làm môn học thu hút .",negative,ky_nang_giang_day
292,"cô dạy rất nhiệt tình và dễ hiểu , rất chu đáo , ân cần và quan tâm tới sinh viên .",positive,ky_nang_giang_day
293,"chương trình học không mang lại hiệu quả , chỉ mang tính chất đối phó , sinh viên không học hỏi và có thêm kinh nghiệm nhiều khi đi học thực hành .",negative,chuong_trinh_hoc
294,"dễ chịu và giảng dễ hiểu , tạo cảm giác thích thú cho sinh viên .",positive,hanh_vi
295,""" các bạn có hiểu ý thầy wzjwz287 không ạ "" ( đáp lại thầy là sự im lặng ) .",negative,ky_nang_giang_day
296,"giảng viên dạy tương đối dễ hiểu , vui tính .",positive,hanh_vi
297,"quản lý như vậy dẫn đến tình trạng "" cha chung không ai khóc "" .",negative,noi_chung
298,"dạy buồn ngủ , khó hiểu .",negative,ky_nang_giang_day
299,mong giảng viên ngày càng chấn chỉnh việc dạy học để các khoá sau được hiểu tốt hơn .,negative,ky_nang_giang_day
300,"cô đến lớp đúng giờ , giảng dễ hiểu .",positive,ky_nang_giang_day
301,"giảng viên cung cấp đầy đủ kiến thức , tài liệu học tập .",positive,kien_thuc
302,"giảng viên lần đầu giảng dạy , chưa có nhiều kinh nghiệm truyền đạt .",negative,kinh_nghiem
303,hay .,positive,noi_chung
304,nên hướng dẫn thêm nhiều tài liệu để sinh viên được chủ động hơn trong học tập .,positive,de_xuat
305,"thầy không quan tâm đến việc học của sinh viên , nhiệm vụ của thầy là lên lớp đọc slide cho các bạn khác nên trình trạng sinh viên nghỉ rất nhiều .",negative,ky_nang_giang_day
306,"đồ án cuối kỳ trong vòng một tháng cuối , áp dụng được quy trình thực tế .",positive,bai_tap
307,"thầy dạy tận tâm , giúp đỡ học sinh , phương pháp giảng dạy đạt hiệu quả .",positive,ky_nang_giang_day
308,"cô giảng dạy rất có tâm với nghề , đôi khi cô còn cho tụi em thêm bài tập tự luyện .",positive,bai_tap
309,"giảng viên tận tâm , nhiệt tình với sinh viên , luôn lắng nghe , giải đáp tất cả các thắc mắc của sinh viên , luôn tạo được ngữ cảnh cho sinh viên thảo luận về bài học .",positive,hanh_vi
310,dùng lời lẽ để ép buộc sinh viên .,negative,hanh_vi
311,dạy hay dễ hiểu .,positive,ky_nang_giang_day
312,"thầy rất nhiệt tình , giảng dễ hiểu .",positive,ky_nang_giang_day
313,và sinh viên lên trường cũng chỉ tự làm như vậy thì ở nhà làm còn sướng hơn !,negative,noi_chung
314,giảng viên nghỉ 3 ngày không có lý do .,negative,hanh_vi
315,thầy thường xuyên bỏ lớp .,negative,hanh_vi
316,thầy vô cùng hài hước tạo không khí lớp học vui vẻ cho sinh viên .,positive,hanh_vi
317,"cách mà thầy hướng cho sinh viên tiếp cận kiến thức , tính chuyên nghiệp trong việc đưa ra những ví dụ thực tiễn phản ánh tốt kiến thức lý thuyết , hướng dẫn cho sinh viên cách tiếp cận với tài liệu tiếng anh .",positive,ky_nang_giang_day
318,"ví dụ phù hợp với nội dung kiến thức , hướng dẫn chi tiết .",positive,ky_nang_giang_day
319,"chỉ dẫn tận tình , giảng bài dễ hiểu .",positive,hanh_vi
320,"nhiệt tình , biết cách truyền đạt .",positive,hanh_vi
321,phương pháp dạy phải cụ thể chi tiết hơn .,negative,ky_nang_giang_day
322,"cô tận tâm , nhiệt tình trong giảng dạy .",positive,ky_nang_giang_day
323,"cơ sơ vật chất tốt , giảng hay .",positive,ky_nang_giang_day
324,bài thực hành được xây dựng phù hợp với nội dung lý thuyết .,positive,bai_tap
325,"nếu được , nên giành thời gian làm đồ án tại giờ thực hành , không cần phải về nhà làm .",negative,bai_tap
326,"giảng viên nhiệt tình , vui vẻ .",positive,hanh_vi
327,"thầy dạy rất tốt , cung cấp kiến thức sâu , đủ với khả năng sinh viên .",positive,kien_thuc
328,giáo viên giải đáp thắc mắc nhiệt tình .,positive,hanh_vi
329,"giáo viên đến đúng giờ , dạy nhiệt tình và cho bài tập để làm .",positive,hanh_vi
330,"cô giảng bài dễ hiểu , nói chuyện rất truyền cảm .",positive,hanh_vi
331,cho ôn tập một đường ra đề một kiểu .,negative,noi_chung
332,"thường xuyên kiểm tra kiến thức sinh viên , đảm bảo được chất lượng kiến thức môn học .",positive,kien_thuc
333,cách cô sắp xếp sinh viên khi thi giữa kỳ rất lộn xộn .,negative,hanh_vi
334,"cô dạy rất tốt , nhiệt tình dễ hiểu .",positive,ky_nang_giang_day
335,dạy khá chắc chắn .,positive,ky_nang_giang_day
336,"cô giảng hay , có ví dụ dễ hiểu , có làm mẫu bài tập , nhiệt tình .",positive,bai_tap
337,mong thầy giải bài tập nhiều hơn là nói toàn là lý thuyết .,negative,ky_nang_giang_day
338,"chấm điểm quá nhiều , chưa quá quan tâm đến việc sinh viên đã hiểu hay chưa .",negative,cham_diem
339,"vui vẻ , hài hòa , tích cực trong giảng dạy .",positive,hanh_vi
340,thầy có kiến thức rất rộng .,positive,kien_thuc
341,"giảng viên bám sát hơn nội dung môn học , tránh đi lan man .",negative,ky_nang_giang_day
342,dạy học nhiệt tình giải nhiều bài tập khó mà bọn em làm không ra .,positive,ky_nang_giang_day
343,thầy luôn hướng dẫn rất chi tiết cho sinh viên !,positive,hanh_vi
344,"bài tập quá khó hiểu , quá lan man , chỉ có một vài bài là hợp lý nhưng cũng khó làm .",negative,bai_tap
345,"thầy cũng vui tính , nói chuyện liên hệ thực tiễn cao .",positive,hanh_vi
346,"giảng viên nhiệt tình , thân thiện , giảng dạy hiệu quả , dễ tiếp thu , liên tục update bài tập lên moodle để sinh viên dễ dàng làm bài .",positive,bai_tap
347,"nhưng thầy rất ra dáng một doanh nhân thành đạt , một người diễn thuyết tạo cảm hứng nhiều hơn là kiến thức phù hợp với sinh viên .",positive,hanh_vi
348,thường xuyên nghỉ không thông báo trước và đi trễ .,negative,hanh_vi
349,nên dành thời gian cho các bạn sửa bài rồi mới làm bài mới .,negative,bai_tap
350,giáo viên còn khá dễ dãi với sinh viên .,negative,hanh_vi
351,"thầy giảng dạy nhiệt tình , hăng say !",positive,ky_nang_giang_day
352,"thầy không nhiệt tình trong cách dạy , cũng như hướng dẫn sinh viên thực hành .",negative,hanh_vi
353,"học xong môn học chỉ có thể nói chắc chắn một điều , đủ để chém gió , còn lại thực tế mạng là cái gì ?",negative,noi_chung
354,thầy dạy hơi buồn ngủ một tí .,negative,hanh_vi
355,"thầy dạy tốt , ngoài việc dạy những kiến thức chuyên nghành cho sinh viên thầy còn nói về các kỹ năng khác như cách đọc papers , công việc , công nghệ mới .",positive,ky_nang_giang_day
356,"bài giảng mang tính thực tế cao , giảng viên tận tình hướng dẫn .",positive,hanh_vi
357,giảng dạy có trách nhiệm tuy có nghỉ nhưng có bù đảm bảo đủ lượng kiến thức cho sinh viên .,positive,ky_nang_giang_day
358,giáo viên giảng dậy có kết hợp với các thông tin mới nhất .,positive,kien_thuc
359,"nhiều lúc nói chuyện ngoài lề hơi nhiều , dạy thâm giờ .",negative,hanh_vi
360,dạy nhanh dẫn đến nhiều lúc khó hiểu .,negative,ky_nang_giang_day
361,"cần có thêm các hoạt động nghe nhìn như video clip , hình ảnh , các hoạt động ngoại khóa , có các buổi tham gia nói chuyện với người nước ngoài .",positive,de_xuat
362,"cần một giảng viên có nhiệt huyết , tận tâm với lớp hơn .",negative,hanh_vi
363,"thầy giảng dễ hiểu , có sửa bài tập mẫu cho các dạng đề .",positive,bai_tap
364,sửa và cho các bài tập rõ ràng hơn !,negative,bai_tap
365,"giảng viên dạy đầy đủ kiến thức , có liên hệ thực tế nhiều giúp sinh viên hiểu rõ hơn về cách thức hoạt động của những kiến thức được học .",positive,kinh_nghiem
366,cô giảng dạy hết mình .,positive,ky_nang_giang_day
367,thầy ngầu quá em hơi sợ .,negative,hanh_vi
368,giảng viên truyền đạt kiến thức hiệu quả .,positive,ky_nang_giang_day
369,học sinh yêu cầu giảng lại không giảng lại và bảo về tự xem lại .,negative,hanh_vi
370,"dễ hiều , dễ tiếp thu .",positive,ky_nang_giang_day
371,"lý thuyết tốt , đồ án hay .",positive,bai_tap
372,em chúc thầy luôn hạnh phúc ạ .,positive,noi_chung
373,thầy thường xuyên đặt ra các câu hỏi trên lớp giúp sinh viên dễ tiếp thu bài .,positive,ky_nang_giang_day
374,"ngoài ra , giảng viên tốt về các mặt còn lại .",positive,noi_chung
375,về thái độ giải đáp thắc mắc cho sinh viên của giảng viên cảm giác rất khó chịu làm cho sinh viên không muốn hỏi thêm điều gì nữa .,negative,hanh_vi
376,thầy nhiệt tình giảng bài !,positive,hanh_vi
377,kiến thức được học ở lý thuyết cần được áp dụng một cách thực tiễn vào thực hành .,negative,kien_thuc
378,"giảng viên giảng dạy tốt , dễ hiểu .",positive,ky_nang_giang_day
379,thầy không có dạy .,negative,ky_nang_giang_day
380,"giảng viên sử dụng thời gian lên lớp không hiểu quả dẫn đến việc dạy lố giờ , dạy bù quá nhiều .",negative,ky_nang_giang_day
381,"rèn luyện cho sinh viên kỹ năng làm việc nhóm , nâng cao tính chủ động của sinh viên .",positive,kinh_nghiem
382,giảng viên không đảm bảo giờ lên lớp và nghỉ mà không thông báo trước làm mất thời gian của sinh viên .,negative,hanh_vi
383,dạy khó hiểu và lên lớp muộn .,negative,ky_nang_giang_day
384,"thường xuyên lên lớp rất muộn , không cung cấp đề cương môn học , chấm điểm chủ quan và thường xuyên nặng lời với sinh viên .",negative,cung_cap_tai_lieu
385,"cô vui tính , thân thiện .",positive,hanh_vi
386,phòng thực hành về mạng cần có nhiều trang thiết bị về mạng hơn để sinh viên có thể thực hành trên máy móc chứ không phải học thông qua các phần mềm .,positive,de_xuat
387,"thầy giảng hay , truyền cảm hứng , tạo hứng thú nghe giảng .",positive,ky_nang_giang_day
388,"giảng viên dạy nhiệt tình , dễ hiểu , kỹ càng , chu đáo .",positive,hanh_vi
389,thầy rất nhiệt tình giảng dạy và tạo môi trường hỗ trợ sinh viên học tập tốt nhất có thể .,positive,hanh_vi
390,cách giảng bài của thầy chưa thu hút được nhiều sinh viên .,negative,ky_nang_giang_day
391,"giảng viên nhiệt tình giảng dạy , chỉ bảo tận tình , chu đáo .",positive,hanh_vi
392,rất thực tế không dài dòng .,positive,kinh_nghiem
393,cô không cung cấp đáp án bài tập trên moodle .,negative,bai_tap
394,khó tiếp thu .,negative,ky_nang_giang_day
395,"giảng viên dạy nhiệt tình , tâm huyết dễ hiểu !",positive,ky_nang_giang_day
396,"luôn hướng dẫn tận tình sinh viên đi đúng lộ trình , tuy thời gian đầu hơi khó hiểu vì toàn bộ bài giảng của thầy được viết bằng tiếng anh .",negative,ky_nang_giang_day
397,"thầy nhiệt tình tận tâm , đề cập thực tế và các phương pháp học dễ hiểu .",positive,ky_nang_giang_day
398,"cô nhiệt tình , lớp sinh động , truyền đạt kiến thức tốt .",positive,ky_nang_giang_day
399,"giáo viên rất nhẹ nhàng lịch sự , dễ mến , luôn đảm bảo đủ giờ dạy và luôn đúng giờ .",positive,hanh_vi
400,giáo viên chưa chủ động giảng dạy .,negative,ky_nang_giang_day
401,"thầy vui tính , tiết học sôi động .",positive,hanh_vi
402,nói dễ nghe .,positive,ky_nang_giang_day
403,"thầy giảng rất tuyệt , có sức thu hút lạ kỳ .",positive,hanh_vi
404,"thầy nhiệt tình vui tính , dạy dễ hiểu .",positive,hanh_vi
405,"thầy thân thiện , dạy dễ hiểu , phương pháp giảng dạy hay .",positive,ky_nang_giang_day
406,"còn bình thường đến lớp thầy chỉ làm việc trên máy của thầy , không nói gì cả .",negative,hanh_vi
407,thầy biết lắng nghe ý kiến từ học sinh .,positive,hanh_vi
408,"lớp thường xuyên đổi giáo viên , nhiều buổi học nghỉ không thông báo .",negative,hanh_vi
409,"thầy giảng bài hay , hài hước .",positive,hanh_vi
410,thầy truyền đạt rất nhiệt tình và dễ hiểu .,positive,hanh_vi
411,"nhiều sinh viên chán nản , thông báo nghỉ thì muộn , lên trường rồi mới nhận được thông báo nghỉ học .",negative,noi_chung
412,khả năng truyền đạt kiến thức cao .,positive,ky_nang_giang_day
413,thầy đẹp trai nhưng trông có pha chút nữ tính .,neutral,noi_chung
414,"cô dạy nhiệt tình , luôn quan tâm đến học sinh .",positive,hanh_vi
415,"rất hài lòng về cô , cô rất nhiệt tình .",positive,hanh_vi
416,"cô dạy rất kỹ , nhiệt tình , cô luôn giám sát thái độ và chất lượng học tập của sinh viên , và luôn cóc những bào tập về nhà để sinh viên luyện tập thêm ở nhà .",positive,bai_tap
417,"vui tính , nhanh tiếp thu bài học .",positive,hanh_vi
418,giảng viên nhiệt tình và tận tâm với sinh viên .,positive,hanh_vi
419,"hướng dẫn tốt , tận tình .",positive,hanh_vi
420,"thầy chú trọng dạy những quy ước , nguyên tắc khi code để code rõ ràng , dễ hiểu .",positive,ky_nang_giang_day
421,"giảng viên nhiệt tình , bài tập đa dạng , hướng dẫn đầy đủ .",positive,hanh_vi
422,"thực hành đúng tiêu chí môn học , đi từ dễ đến khó cho sinh viên học tập từng bước dễ hiểu , giảng viên tích cực giải đáp thắc mắc và hỗ trợ sinh viên trong giờ thực hành .",positive,kinh_nghiem
423,"đôi khi truyền đạt hơi nhanh , gây lướt kiến thức .",negative,ky_nang_giang_day
424,"nhiệt tình , lên lớp đúng giờ , dạy dễ hiểu .",positive,ky_nang_giang_day
425,"thầy giảng dạy nhiệt tình , truyền đạt kiến thức tốt .",positive,ky_nang_giang_day
426,"lập trình hướng đối tượng nói riêng và tất cả các môn liên quan đến lập trình nói chung theo em nên được cập nhật tài liệu thường xuyên , đặc biệt là các phần mềm trong các phòng lab để tránh tình trạng các tài liệu và phần mềm hỗ trợ học tập lỗi thời và gây khó khăn cho việc giảng dạy và học tập .",positive,de_xuat
427,"giảng viên dạy đầy đủ kiến thức , cung cấp cho sinh viên những kỹ năng và tài liệu bên ngoài phong phú .",positive,kien_thuc
428,"thầy wzjwz220 dạy rất nhiệt tình , giảng giải từng vấn đề trọng điểm rất cụ thể và rõ ràng giúp chúng em hiểu rõ , đồng thời có thể nhớ được những gì mình đã được học ngay tại lớp .",positive,hanh_vi
429,"đó là tinh thần giảng dạy của thầy wzjwz112 , thầy rất nhiệt tình trong giảng dạy .",positive,hanh_vi
430,"thầy giáo tích cực , tâm lý .",positive,hanh_vi
431,ít khi trình bày trọn vẹn .,neutral,noi_chung
432,nhiệt tình hướng dẫn sinh viên .,positive,hanh_vi
433,chịu khó giảng lại nhiều lần .,negative,ky_nang_giang_day
434,"cách trả lời thắc mắc cho sinh viên về bài học khiến sinh viên khó chịu ( vì sinh viên chưa hoàn hảo nên đôi lúc có những câu hỏi "" trên trời "" , thầy có kinh nghiệm thì nên chỉ rõ lỗi sai của sinh viên chứ không nên hỏi vặn vẹo , gây khó chịu ) .",negative,ky_nang_giang_day
435,"ngồi đợi thật lâu từ 9h sáng đến 2h trưa , cuối cùng cũng đã đến lượt mình .",negative,noi_chung
436,tất cả đều hài lòng .,positive,noi_chung
437,"trong lúc thực hành , giảng bài hướng dẫn nhiệt tình , kết hợp với bài tập để củng cố kiến thức .",positive,bai_tap
438,tất cả điều hài lòng .,positive,noi_chung
439,giáo viên không cho đồ án môn học .,negative,bai_tap
440,"không gian học thoải mái , giảng viên tận tâm , không tạo nhiều áp lực cho sinh viên .",positive,thiet_bi_day_hoc
441,"thầy không nên nói bồi nói đan xen quá nhiều tiếng anh vào trong bào giảng , như thế rất khó hiểu nếu sinh viên không hiểu rõ nghĩa của từ đó là gì .",positive,de_xuat
442,"giảng viên giảng dạy tận tình , vui vẻ giúp học viên nhận thức được nhiều kiến thức .",positive,ky_nang_giang_day
443,"không những truyền đạt kiến thức môn học mà còn chỉ bảo những kiến thức bên ngoài , thực tế , hướng dẫn những cái hay mà thầy đã trải qua để sinh viên từ đó có thể rút ra những cái tốt hơn để phát triển sau này .",positive,hanh_vi
444,"thầy dạy dạy hay , nhiệt tình , vui vẻ .",positive,ky_nang_giang_day
445,nếu như 5 tiết đó để cho sinh viên làm các dạng bài tập khác nhau do thầy chiếu trên slide thì hay hơn là dùng 5 tiết để ghi tràn lan lý thuyết và số lượng lớn bài tập trùng dạng trên bảng .,negative,ky_nang_giang_day
446,cô rất vui tính .,positive,hanh_vi
447,"vui vẻ với sinh viên , cung cấp tài liệu đây đủ cho môn học .",positive,cung_cap_tai_lieu
448,giảng bài đầy đủ .,positive,ky_nang_giang_day
449,"giảng dạy nhiệt tình , tận tâm với sinh viên , giảng dễ hiểu , tài liệu cung cấp luôn đầy đủ .",positive,cung_cap_tai_lieu
450,"cô tập trung quá nhiều vào việc xây dựng cơ sở tri thức từ a - z , em nghĩ yêu cầu này sẽ phù hợp với lớp cô giảng dạy trực tiếp vì được gặp cô hàng tuần có thể dễ dàng trao đổi .",negative,ky_nang_giang_day
451,"thầy dạy lan man khó hiểu , hay đi ra ngoài lâu , tài liệu học ít .",negative,ky_nang_giang_day
452,giảng viên chưa phân chia nhóm thực hành hợp lý .,negative,bai_tap
453,"cô dễ thương , dạy quá có tâm .",positive,hanh_vi
454,"tiết học vui nhộn , thú vị tạo cảm giác thoải mái khi học tập .",positive,ky_nang_giang_day
455,được thực hành trên thiết bị thực .,positive,thiet_bi_day_hoc
456,khổ lắm .,negative,noi_chung
457,thầy dạy tốt không phụ thuộc nặng vào chương trình .,positive,ky_nang_giang_day
458,"không có giải thích rõ , cụ thể về bài tập .",negative,ky_nang_giang_day
459,"thầy dạy dễ hiểu , tận tâm nhiệt tình với sinh viên .",positive,ky_nang_giang_day
460,thầy nhiệt tình giảng dạy .,positive,ky_nang_giang_day
461,"giảng viên vui vẻ , nhiệt tình , thân thiện , cách diễn đạt tự nhiên dễ hiểu .",positive,ky_nang_giang_day
462,"nếu xét về mặt ý nghĩa thì đúng , nhưng heapsort là một phương pháp khó và hoàn toàn mới , trong khi tất cả các lớp khác giảng viên hướng dẫn nhiệt tình mà còn có nhiều sinh viên không hiểu , ở đây thầy lạ khẳng định không thi mà nói câu đó nữa thì sinh viên sau phục được !",negative,hanh_vi
463,em hi vọng trong các tiết học thầy có thể đi sâu vào kiến thức chuyên môn và giảm bớt thời lượng của hoạt động liên hệ thực tế .,negative,kien_thuc
464,chưa tạo được sự phấn khởi và không khí học tập năng động và náo nhiệt .,negative,hanh_vi
465,"thầy dạy tốt , có tâm huyết trong quá trình giảng dạy .",positive,ky_nang_giang_day
466,lượng kiến thức giảng dạy chưa được chuẩn bị kỹ càng .,negative,kien_thuc
467,"nếu có môn học nào trong học kỳ tiếp theo mà thầy giảng dạy được , mong phòng đào tạo điều kiện cho thầy tiếp tục hướng dẫn lần sau .",neutral,de_xuat
34,nhiều câu chuyện hài hước và thực tế có liên quan đến bài học .,positive,kinh_nghiem
179,"giáo viên truyền đạt kiến thức đầy đủ , dễ hiểu , nhiệt tình giảng dạy .",positive,ky_nang_giang_day
468,"học anh văn nên học ở phòng lab , cách âm để khi học listening không bị ảnh hưởng bởi bên ngoài .",neutral,thiet_bi_day_hoc
469,"thầy giảng rất hay , dạy rất nhiệt tình .",positive,hanh_vi
470,đầy đủ chi tiết .,positive,noi_chung
471,"các ví dụ về định nghĩa , giao thức , tổ chức mạng của thầy rất gần gũi và dễ hiểu .",positive,ky_nang_giang_day
472,thầy truyền đạt không có hiệu quả .,negative,ky_nang_giang_day
473,quay video quá trình dạy .,positive,de_xuat
474,thực hành speaking nhiều hơn .,positive,de_xuat
475,thầy dạy nhiệt tình dễ hiểu .,positive,hanh_vi
379,thầy không có dạy .,negative,hanh_vi
476,"thầy dạy vui , không khô khan , liên tưởng tốt .",positive,ky_nang_giang_day
477,"cô dạy dễ hiểu , dạy kỹ , tận tình , không khí học tập thoải mái .",positive,ky_nang_giang_day
478,"kiến thức dễ hiểu , tiết học vui .",positive,ky_nang_giang_day
479,"cô giáo tận tâm , dễ gần .",positive,hanh_vi
480,"đôi khi ít nói , chưa hướng dẫn kỹ bài thực hành .",negative,hanh_vi
481,sĩ số sinh viên trong lớp quá đông với lại nhiều sinh viên nhiều ngành khác nhau học nên chất lượng buổi học không tốt .,negative,noi_chung
482,"cách trình bày bài giảng của thầy rất hay , dễ hiểu và dễ tiếp thu đối với sinh viên .",positive,ky_nang_giang_day
483,"giảng viên truyền đạt dễ hiểu , tận tâm .",positive,hanh_vi
484,em mới gặp thầy buổi thực hành cũng là buổi thi .,neutral,noi_chung
485,"thầy hiền vui tính , dạy bài tập dễ hiểu .",positive,hanh_vi
486,"cung cấp thêm tài liệu , giáo trình môn học .",negative,cung_cap_tai_lieu
487,không hiệu quả .,negative,noi_chung
488,kỳ này môn java web thì tinh thần giảng dạy của thầy cũng không hề khá hơn chút nào .,negative,hanh_vi
489,thầy cần chủ động hơn trong việc dạy và dạy bù ( khi em hỏi các bạn về lịch dạy bù thì hầu hết các bạn được em hỏi đều không biết ) .,negative,hanh_vi
490,"nhiều khía cạnh thầy giải thích khá trừu tượng , khó hiểu .",negative,ky_nang_giang_day
491,thầy hướng dẫn tụi em rất tận tình .,positive,hanh_vi
492,không có điều nào không hài lòng .,neutral,noi_chung
493,"ít hướng dẫn sinh viên thực hành , ra bài rồi để đó , toàn để sinh viên tự làm , đi học cũng như không đi , ai làm gì đó làm .",negative,ky_nang_giang_day
494,"nhiệt tình , tạo cách chủ động cho học sinh tiếp cận với môn học .",positive,hanh_vi
495,"cô dạy dễ hiểu , nhiệt tình , vui vẻ .",positive,ky_nang_giang_day
496,thầy không chỉ dạy kiến thức mà còn dạy trở thành một kỹ sư giỏi !,positive,ky_nang_giang_day
497,"giảng viên nhiệt tình , phương pháp giảng dạy hay .",positive,ky_nang_giang_day
498,tuyệt vời !,positive,noi_chung
499,"giảng viên nhiệt tình , hướng dẫn tận tâm cho sinh viên .",positive,hanh_vi
500,giảng bài dễ hiểu và vui tính .,positive,ky_nang_giang_day
501,code demo hơi khó hiểu .,negative,ky_nang_giang_day
502,"giảng viên nhiệt tình , em cảm thấy hài lòng .",positive,hanh_vi
503,"cô giáo nhiệt tình , vui tính , cố gắng truyền đạt cho sinh viên .",positive,hanh_vi
504,không hướng dẫn cụ thể bài tập và cách giải .,negative,bai_tap
505,"cô dạy rất nhiệt tình , bài giải đầy đủ !",positive,cung_cap_tai_lieu
506,"thầy dạy hài hước , tận tâm trước các vấn đề về học tập cũng như việc làm của sinh viên .",positive,hanh_vi
507,"lớp học của thầy luôn thoải mái và vui vẻ , không hề gò ép , cứng nhắc như các môn khác .",positive,hanh_vi
508,"giảng viên trình bày slide dễ hiểu , bài tập mức độ vừa phải , chữa bài tập chi tiết , đầy đủ , nhiệt tình .",positive,hanh_vi
509,"dạy bằng tiếng anh , giao lưu vui vẻ .",positive,hanh_vi
510,dạy chắc là hơi nhanh .,negative,ky_nang_giang_day
511,"nhiệt tình , ân cần , đầy đủ kiến thức , hướng dẫn cụ thể dễ hiểu .",positive,kien_thuc
512,"giảng viên giảng bài có hiệu quả , kết hợp giữa lý thuyết và chương trình giúp sinh viên có thể nắm rõ .",positive,ky_nang_giang_day
513,giảng bài chưa thật sự dễ hiểu .,negative,ky_nang_giang_day
514,"học được nhiều từ vựng chuyên sâu hơn , giáo viên rất tận tình .",positive,hanh_vi
515,đừng nghĩ mọi thứ tự em đã biết trước hết colonsmile .,negative,noi_chung
516,giảng viên rất nhiệt tình trong giảng dạy .,positive,hanh_vi
517,"nhiệt tình , tận tâm và dễ hiểu .",positive,ky_nang_giang_day
518,tài liệu ít được cập nhật .,negative,cung_cap_tai_lieu
519,nên chọn thầy dạy thực hành phù hợp hơn và có thể truyền đạt kiến thức tốt hơn .,negative,ky_nang_giang_day
520,"đến ngày thầy ôn thi , cho em vài bài tập thì bọn em đã không biết làm nhưng thầy vẫn bắt bọn em giải rồi thầy mới giải .",negative,hanh_vi
521,"bài tập lớn mà thầy wzjwz74 đưa ra cũng khá là chung chung , không yêu cầu rõ ràng , cụ thể .",negative,bai_tap
522,"thầy vui vẻ , dễ tính .",positive,hanh_vi
523,cô dạy hay và nhiệt tình .,positive,ky_nang_giang_day
524,"nên cung cấp nhiều tài liệu học tập cho sinh viên , nhà trường cần thay đổi cách giảng dạy thực hành để sinh viên cảm thấy thích thú và học tập được nhiều khi đến lớp thực hành .",positive,de_xuat
525,"slide bài giảng đầy đủ rõ ràng , giáo viên đúng giờ .",positive,cung_cap_tai_lieu
526,quá nhiều .,negative,noi_chung
527,điều này gây lên sự chênh lệch rõ rệt về trình độ anh văn trong lớp .,negative,noi_chung
528,thầy giảng giải nhiệt tình và rất dễ hiểu !,positive,hanh_vi
529,nhóm 4 người đông không ổn thầy ạ .,negative,noi_chung
530,bình thường với giảng viên .,neutral,hanh_vi
531,"quan trọng nhất là việc giảng rất hay quên mà không chịu note lại , trong khi đó sinh viên đã nhắc nhiều lần , và hay nhớ lung tung .",negative,hanh_vi
532,"cô dạy hay , vui .",positive,ky_nang_giang_day
533,"giảng nhiệt tình , ôn tập tốt .",positive,hanh_vi
534,giáo viên dạy nhiệt tình và rất tận tâm .,positive,hanh_vi
535,"giảng viên không thực sự nhiệt tình với công việc giảng dạy của mình , thường xuyên vắng tiết không thông báo .",negative,hanh_vi
355,"thầy dạy tốt , ngoài việc dạy những kiến thức chuyên nghành cho sinh viên thầy còn nói về các kỹ năng khác như cách đọc papers , công việc , công nghệ mới .",positive,kien_thuc
536,"giảng viên tận tâm , nhiệt tình , hòa đồng .",positive,hanh_vi
537,"thầy dạy tận tình , vui tính , dễ trao đổi , kiến thức được thầy truyền đạt rất kỹ càng .",positive,ky_nang_giang_day
538,"tận tâm , nhiệt tình , sử dụng giờ hiệu quả .",positive,ky_nang_giang_day
539,"dạy hay , có tâm quyết với nghề , nhiệt tình .",positive,hanh_vi
540,giảm số lượng sinh viên fraction lớp .,negative,chuong_trinh_hoc
541,truyền thụ hết kiến thức cho sinh viên .,positive,ky_nang_giang_day
542,thầy nhiệt tình với nhiều bài tập đa dạng và phong phú .,positive,bai_tap
543,"thầy dạy giỏi , quan tâm tới học sinh .",positive,ky_nang_giang_day
544,"thầy ra nhiều bài tập , sửa chữa lỗi , dạy dễ hiểu .",positive,hanh_vi
545,thầy luôn lên lớp đầy đủ và đúng giờ .,positive,hanh_vi
546,"cô dạy dễ hiểu , vui vẻ với sinh viên , cung cấp đầy đủ kiến thức cần thiết .",positive,hanh_vi
547,giảng viên đến lớp sớm .,positive,hanh_vi
548,dạy với slide tiếng anh .,neutral,ky_nang_giang_day
549,"thầy giảng hay , dễ hiểu , bài tập cho về nhà vừa sức với em .",positive,ky_nang_giang_day
550,"cô dạy nhiệt tình , không gì tốt hơn ở cô .",positive,hanh_vi
551,"giảng dễ hiểu , cung cấp tài liệu học tập đầy đủ .",positive,ky_nang_giang_day
552,cô dạy quá tuyệt vời không còn điều gi để nói .,positive,hanh_vi
553,"thầy cho slide , textbook , bài tập để nghiên cứu và học tập rất đầy đủ cho sinh viên .",positive,bai_tap
554,truyền đạt kiến thức hay và cuốn hút .,positive,ky_nang_giang_day
555,giảng viên nhiệt tình trong giảng dạy và chấm điểm .,positive,hanh_vi
556,"thầy dạy hơi nhanh , nhưng kỹ và sâu .",negative,ky_nang_giang_day
557,"cần phải cân bằng kiến thức giữa lý thuyết và thực hành , phần thực hành luôn đi trước lý thuyết , sinh viên không biết phải làm bài thực hành như thế nào , giảng viên thực hành không hướng dẫn cụ thể cho sinh viên làm bài , chỉ đưa lab rồi bắt sinh viên tự làm .",negative,ky_nang_giang_day
558,"sự nhiệt tình , quan tâm , lắng nghe .",positive,hanh_vi
559,sinh viên quá đông gây nóng nực .,negative,noi_chung
560,nên nêu ra những ví dụ áp dụng cho thuc tiễn tốt hơn và dạy sinh viên nhũng kiến thức cơ bản trước đã .,negative,kien_thuc
561,"giảng viên dạy hay , giảng kỹ .",positive,ky_nang_giang_day
562,"đi học thể dục thật ra em không biết thầy nào với thầy nào đâu , vì lâu lâu mới có thầy dạy .",negative,hanh_vi
563,"không khí vui vẻ , thoải mái .",positive,noi_chung
564,"cô truyền cảm hứng rất nhiều cho học sinh , không chỉ riêng môn tiếng anh mà còn nhiều kỹ năng cần thiết khác nữa .",positive,hanh_vi
565,chưa truyền đạt kiến thức một cách hiệu quả nhất .,negative,ky_nang_giang_day
566,slide cô chuẩn bị rất hay lý thuyết rất chi tiết .,positive,cung_cap_tai_lieu
567,thầy rất đẹp trai colonsmile .,positive,noi_chung
568,"giảng viên tận tâm , nhiệt tình , kiến thức và khả năng truyền đạt của giảng viên rất tốt .",positive,hanh_vi
569,"khi sinh viên tìm kiếm sự giúp đỡ thì phát hiện giảng viên cũng chưa từng làm qua bài tập do chính mình giao , không biết có thể làm được hay không .",negative,hanh_vi
570,ra một số bài tập hay có tính vận dụng .,positive,bai_tap
571,"thương , hài hước , lấy ví dụ thực tiễn , biết phân bố hợp lý giờ giảng dạy xen lẫn trò chuyện cùng học sinh .",positive,hanh_vi
572,"thầy giảng dạy và hướng dẫn nhiệt tình , tận tâm nội dung thầy giảng không chỉ áp dụng cho học tập hiện tại mà còn cho tương lai công việc sau này .",positive,hanh_vi
573,"thầy rất dễ chịu , giới thiệu về thực tế bên ngoài nhiều !",positive,hanh_vi
574,cần có chứng chỉ tương đương bằng quốc tế sau khi ra trường để khỏi phải học bên ngoài .,positive,de_xuat
575,thầy wzjwz186 không dạy lớp này .,negative,hanh_vi
576,"thầy hướng dẫn thực hành tốt , nhiệt tình .",positive,hanh_vi
577,nhà trường hỗ trợ nhiều hơn về các thiết bị dạy và học .,positive,thiet_bi_day_hoc
578,thầy cô giáo dạy rất nhiệt tình và vui vẻ .,positive,hanh_vi
579,dạy chưa nhiệt tình .,negative,hanh_vi
580,"giảng viên tận tâm , nhiệt tình , cho sinh viên thuyết trình các chủ đề cho trước , giúp sinh viên tăng cường khả năng làm việc nhóm .",positive,ky_nang_giang_day
581,giảng viên lên lớp đầy đủ và đúng giờ .,positive,hanh_vi
582,"odoo còn quá rộng , khó sử dụng , chưa hiểu hết được các chức năng cần dùng cho đồ án như pos .",negative,ky_nang_giang_day
583,có lúc làm bài sai giáo viên nói làm hơi tự ái .,negative,hanh_vi
584,cho bài tập cụ thể .,positive,de_xuat
585,"nhiệt tình , vui vẻ .",positive,hanh_vi
586,"thầy cung cấp cho chúng em những kiến thức thực tế , những kinh nghiệm mà thầy có được .",positive,kinh_nghiem
587,cô rất dễ thương .,positive,hanh_vi
588,"giảng viên giảng dạy dễ hiểu , giúp đỡ sinh viên nhiệt tình .",positive,ky_nang_giang_day
589,sau đó mở vào giờ khuya lúc sinh viên đi ngủ .,negative,noi_chung
590,em thấy thầy chỉ giảng cho có .,negative,ky_nang_giang_day
591,ít lên lớp .,neutral,noi_chung
592,"học rất thoải mái và dễ tiếp thu , kết quả đạt được hẳn sẽ tốt hơn !",positive,ky_nang_giang_day
593,"thầy nhẹ nhàng , thoải mái , hiền , hướng dẫn thực hành kỹ .",positive,ky_nang_giang_day
594,"cần trang bị máy bàn cấu hình cao hơn , vì chạy chương trình không nổi .",positive,de_xuat
595,"giảng viên làm rõ được vấn đề , dạy những kiến thức thật sự thiết thực cho sinh viên , truyền đạt những kinh nghiệm thực tế trong quá trình giảng dạy .",positive,kien_thuc
596,"thầy dạy dễ hiểu , hướng dẫn bài tập đầy đủ .",positive,ky_nang_giang_day
597,điều đó làm tăng áp lực cho sinh viên .,negative,noi_chung
598,"bài tập thầy đưa ra cho lớp hơi khó , nhưng quá đó giúp chúng em rèn luyện tư duy thuật toán .",positive,bai_tap
599,"thầy giảng rất dễ hiểu , ngắn gọn , xúc tích , có ôn tập cho sinh viên .",positive,ky_nang_giang_day
600,"cô rất nhiệt tình với sinh viên , giảng dạy kỹ lưỡng , tâm huyết .",positive,hanh_vi
601,dạy nhiệt tình với sinh viên .,positive,hanh_vi
602,"thầy giáo vui tính , nhiệt huyết giảng dạy dễ hiểu .",positive,ky_nang_giang_day
603,có trách nhiệm giảng dạy cho các học sinh hiểu về bài học .,positive,hanh_vi
604,giáo viên cần tích cực hơn nữa trong giảng dạy trên giờ thực hành .,negative,ky_nang_giang_day
605,"khi thi thì thời gian quá ngắn để thực hiện trình bày dù đã nghĩ ra cách giải dạy sinh viên "" làm nhanh những việc dễ "" dạy sinh viên thành "" thợ "" .",negative,noi_chung
606,rất hài lòng .,positive,noi_chung
607,"thầy dạy dễ hiểu , vui tính , nhiệt tình , gần gũi với học sinh .",positive,ky_nang_giang_day
608,nội dung bài thực hành nên chú trọng vào chất lượng hơn là số lượng .,negative,bai_tap
609,thu hút sinh viên .,positive,noi_chung
610,tạo không khí học tập năng động .,positive,hanh_vi
611,sự tận tình của giảng viên .,positive,hanh_vi
612,dạy rất nhiệt tình .,positive,hanh_vi
613,ít cập nhật thông tin trên moodle hoặc mail cho sinh viên .,negative,cung_cap_tai_lieu
614,"cô dạy vui vẻ , thân thiện với sinh viên .",positive,hanh_vi
615,cô giảng dạy hay truyền đạt được kiến thức đến sinh viên .,positive,ky_nang_giang_day
616,"hầu như trong cả năm học , giảng viên chỉ đi dạy đúng thời khoá biểu chỉ từ 2 đến 3 ngày , còn lại giảng viên lại tự ý dời lịch học sang ngày thứ 7 mà không hỏi ý kiến của sinh viên , vì vào ngày thứ 7 có rất nhiều sinh viên có lịch học môn khác .",negative,hanh_vi
617,"giáo viên hướng dẫn tận tình , cung cấp đầy đủ kiến thức căn bản bộ môn .",positive,cung_cap_tai_lieu
618,"cô rất dễ thương , hiền nữa , cô khá nhiệt huyết .",positive,hanh_vi
619,"phải học quá nhiều phần không cần thiết , nên giảm bớt vài nội dung , ví dụ doubledot vector ngẫu nhiên 2 chiều , phân phối poison .",negative,chuong_trinh_hoc
620,thầy giảng tương đối dễ hiểu .,positive,ky_nang_giang_day
621,"dạy kỹ , sát với đề thi .",positive,ky_nang_giang_day
622,"giọng thầy nói khó nghe , giảng buồn ngủ .",negative,hanh_vi
623,dụng cụ học tập đầy đủ .,positive,thiet_bi_day_hoc
624,"thầy dạy rất nhiệt tình , hay và dễ hiểu .",positive,hanh_vi
625,dạy dài khó hiểu .,negative,ky_nang_giang_day
626,thông báo nghỉ hơi chậm .,negative,noi_chung
627,giáo viên dạy rất tốt !,positive,ky_nang_giang_day
628,giảng dạy vào trọng tâm và rất dễ hiểu .,positive,ky_nang_giang_day
629,thầy giảng dạy rất có nguyên tắc .,positive,ky_nang_giang_day
630,không có hoạt động giảng dạy nào không hài lòng .,positive,ky_nang_giang_day
631,thầy dạy rất nhiệt huyết và tận tình .,positive,hanh_vi
632,"thầy giảng rất kỹ , phương pháp học rất thú vị .",positive,ky_nang_giang_day
633,thầy tương tác nhiều với sinh viên .,positive,hanh_vi
634,nên có giáo trình thống nhất cho tất cả các lớp và học kỳ học .,negative,cung_cap_tai_lieu
635,"giảng viên nhiệt tình , giảng dạy tốt , dễ hiểu .",positive,hanh_vi
636,buổi thực hành giáo viên không đi buổi nào .,negative,hanh_vi
637,nhiều khi đi muộn .,negative,hanh_vi
638,"cô dạy nhiệt tình , dễ hiểu , nhiều ví dụ thức tế .",positive,ky_nang_giang_day
639,"thầy rất tận tâm , cũng như nhiệt tình truyền đạt kiến thức cho sinh viên !",positive,hanh_vi
640,thầy không up slide bài giảng lên website môn học .,negative,cung_cap_tai_lieu
641,"thời lượng học lý thuyết của môn học ngắn , dễ bị ảnh hưởng khi giảng viên đến trễ hay tham gia các buổi họp .",negative,hanh_vi
642,"lượng kiến thức thì nhiều mà thời gian dạy thì ít , mong phòng đào tạo có thể xem xét và chia ra dạy mỗi môn 1 - 3 ngôn ngữ , ví dụ như html , css làm 1 môn học , js và jquery làm 1 môn , php làm 1 môn .",neutral,de_xuat
643,"giảng viên hay nói chậm và còn giải thích lại bằng tiếng việt , điều này không thực sự cần thiết .",negative,ky_nang_giang_day
644,thầy hay bận .,negative,hanh_vi
645,"giảng viên tận tâm , nhiệt tình , vui vẻ , hòa đồng , luôn giải đáp mọi thắc mắc của sinh viên .",positive,hanh_vi
646,tăng tính thực tế trong các đồ án hơn một chút là tuyệt vời .,positive,kinh_nghiem
647,"cần phân bố lại chương trình dạy tốt hơn , tạo ra nhiều hoạt động ngoại khóa kích thích đam mê và hướng thú hơn với môn học .",positive,de_xuat
648,"sau khi làm xong các project của thầy thì thấy level mình tăng lên hẳn , rất quý thầy và gặp lại ở các môn sau .",positive,kien_thuc
649,"nếu được chọn , cô luôn là lựa chọn hàng đầu cho các môn kinh tế .",positive,noi_chung
650,còn ít đưa ví dụ và code trực tiếp để có thể hiểu tại lớp .,negative,ky_nang_giang_day
651,giáo viên nên cho nhiều ví dụ nhỏ trên lớp hơn để chúng em dễ tiếp thu .,negative,ky_nang_giang_day
652,cần có giáo trình hay hơn .,negative,cung_cap_tai_lieu
653,thầy dạy được .,positive,ky_nang_giang_day
654,hoàn hảo !,positive,noi_chung
655,"cách dạy về môn học chưa được hợp lý , nên dạy cơ bản trước khi dạy nâng cao .",positive,de_xuat
656,"giảng dạy đầy tâm huyết , chuyên nghiệp trong giờ học .",positive,hanh_vi
657,"giảng viên vui vẻ hòa đồng , tận tâm với sinh viên , truyền đạt kiến thức tốt .",positive,hanh_vi
658,"giảng viên nhiệt tình , tận tâm nên em không có ý kiến .",positive,hanh_vi
120,giảng viên dạy rất chi tiết và nhiệt tình dành nhiều thời gian giải thích thắc mắc cho sinh viên .,positive,ky_nang_giang_day
659,"giảng viên rất nhiệt tình , các kiến thức đều được đưa ra hợp lý dễ hiểu và nắm bắt .",positive,ky_nang_giang_day
660,sự cố này kéo dài hơn một tháng mới chấm dứt .,negative,noi_chung
661,"giảng viên dạy chậm , dễ tiếp thu .",positive,ky_nang_giang_day
662,vì theo em thầy mọi người đi học rất đầy đủ .,neutral,noi_chung
663,giọng thầy giảng bài nghe rất là buốn ngủ .,negative,ky_nang_giang_day
664,"anh này dạy dễ hiểu , vui tính , nhiệt tình , dễ thương .",positive,hanh_vi
665,cần có đề cương môn học rõ ràng .,negative,cung_cap_tai_lieu
666,giúp học sinh hiểu bài tốt .,positive,ky_nang_giang_day
667,"giảng viên nhiệt tình , tốt với sinh viên .",positive,hanh_vi
668,thầy hướng dẫn thực hành rất không tốt .,negative,hanh_vi
669,thầy nên giảnh nhiều hơn và bài tập ít lại nhưng chất lượng hơn .,negative,ky_nang_giang_day
670,"rất ok , rất thích cách dạy của thầy .",positive,ky_nang_giang_day
671,không khí lớp học thì không được sôi nổi .,negative,hanh_vi
672,"dạy kiến thức sâu , rộng .",positive,kien_thuc
673,"yêu cầu của giảng viên quá cao trong khi cái mà sinh viên học được lại quá ít hầu như không có gì ngoài việc dịch các cuốn sách mà không hiểu đúng sai , trong khi dù đúng hay sai cũng không không được giảng viên chỉ ra .",negative,cung_cap_tai_lieu
674,thầy luôn quan tâm giúp đỡ sinh viên .,positive,hanh_vi
675,"có những ví dụ sinh động , dễ hiểu .",positive,ky_nang_giang_day
676,tạo không gian học tập vui vẻ !,positive,thiet_bi_day_hoc
677,nhiều tâm huyết với nghề .,positive,hanh_vi
678,"cô rất nhiệt tình với sinh viên , vui vẻ , dễ chịu .",positive,hanh_vi
679,"giảng dễ hiểu , tận tâm , nhiệt tình , hài hước .",positive,ky_nang_giang_day
680,giảng lý thuyết hơi nhanh .,negative,ky_nang_giang_day
681,"cô vui tính , nhiệt tình trong giảng dạy .",positive,ky_nang_giang_day
682,phòng thực hành tốt .,positive,thiet_bi_day_hoc
679,"giảng dễ hiểu , tận tâm , nhiệt tình , hài hước .",positive,hanh_vi
683,"tận tâm , truyền đạt tốt .",positive,ky_nang_giang_day
684,slide bài giảng tiếng anh giúp tụi em nâng cao khả năng học tiếng anh .,positive,cung_cap_tai_lieu
685,giảng viên hướng dẫn rất nhiệt tình và chi tiết .,positive,ky_nang_giang_day
686,giảng viên không tạo được hứng thú học tập cho sinh viên .,negative,ky_nang_giang_day
687,"cô dễ thương , vui tính , nhiệt tình , nhiều nhiều nữa .",positive,hanh_vi
688,giảng viên chỉ lên lớp còn lại không hướng dẫn nội dung thực hành cho sinh viên .,negative,ky_nang_giang_day
689,"thầy dạy tận tâm , dễ hiểu .",positive,ky_nang_giang_day
690,"thầy rất tận tình , có tâm , quan tâm đến việc học của sinh viên .",positive,hanh_vi
691,em nghĩ là làm bài tập nhiều tốt hơn là học lý thuyết nhiều .,positive,bai_tap
692,"đúng giờ , nhiều tài liệu tham khảo .",positive,hanh_vi
693,"giảng viên dạy quá giờ , ảnh hưởng đến giờ giấc của sinh viên .",negative,hanh_vi
694,chép hơi nhiều .,negative,noi_chung
695,đủ những gì cần học không dài dòng .,positive,cung_cap_tai_lieu
696,"thầy wzjwz239 nói chuyện cọc lốc , không hiểu vấn đề gì hỏi thầy thì thầy lại như quát vào mặt , tạt nước lạnh , … nói chuyện xưng hô mày - tao ( có lúc thì xưng tớ - cậu nhưng lời nói đầy ẩn ý ) , hay nói móc và tìm cách bắt bẻ sinh viên .",negative,hanh_vi
697,"giảng viên truyền đạt rất dễ hiểu , thân thiện , vui vẻ và rất tận tình với sinh viên .",positive,hanh_vi
698,điều đó dẫn đến nhiều sinh viên cũng sẽ phát âm như vậy .,negative,ky_nang_giang_day
699,"giải thích rõ vấn đề , hướng dẫn rõ .",positive,ky_nang_giang_day
700,mong trường xem lại phương pháp dạy của thầy .,negative,ky_nang_giang_day
646,tăng tính thực tế trong các đồ án hơn một chút là tuyệt vời .,positive,bai_tap
701,"nên có những giáo trình hướng dẫn giải bài tập nhiều hơn vì trong trường dường như chỉ có 1 , 2 loại giáo trình bao gồm cả lý thuyết và bài tập chứ không có giáo trình hướng dẫn giải bài tập .",negative,cung_cap_tai_lieu
702,thầy giảng bài dễ hiểu và hướng dẫn sinh viên rất nhiệt tình .,positive,hanh_vi
703,giảng viên hài hước nhiệt tình .,positive,hanh_vi
704,"giảng viên thoải mái , giảng dạy tận tâm .",positive,hanh_vi
705,em rất hài lòng về phương pháp giảng dạy của thầy .,positive,ky_nang_giang_day
706,"thầy wzjwz61 thường xuyên đi trễ cho tan học sớm , sử dụng giờ lên lớp không hiệu quả .",negative,ky_nang_giang_day
707,"chờ học sinh gửi email mới show được slide to lên , giảng cho qua loa không hỏi học sinh có hiểu gì hay không ?",negative,cung_cap_tai_lieu
708,"cô wzjwz131 dạy hầu hết kiến thức cho sinh viên dù là chỉ là lớp thực hành , nên để cô tiếp tục giảng dạy trong các học kỳ tới .",positive,ky_nang_giang_day
709,truyền đạt hay giúp học sinh dễ hiểu !,positive,ky_nang_giang_day
710,"tốt , có sự ủng hộ , giúp đỡ cao .",positive,hanh_vi
711,tương tác tốt với tất cả sinh viên trong giờ học .,positive,hanh_vi
712,"cô giáo tận tâm , nhiệt tình .",positive,hanh_vi
713,thầy nói rất rõ .,positive,ky_nang_giang_day
714,tận tình .,positive,hanh_vi
715,"có một sô bài tập lớn hay , giúp bọn em rất nhiều .",positive,bai_tap
716,"thầy dạy rất tận tình , chu đáo , cách dạy phù hợp với môn học , không yêu cầu sinh viên phải ràng buộc kiến thức , phải tự tìm tòi học hỏi .",positive,ky_nang_giang_day
717,thầy có cập nhật slide bổ sung đầy đủ và hướng dẫn sinh viên học tập bằng cách đọc ebook nhiều hơn .,positive,ky_nang_giang_day
718,"thầy rất vui tính , truyền tải thông tin tuyệt vời .",positive,ky_nang_giang_day
719,lớp này không phải wzjwz124 hướng dẫn thực hành .,negative,noi_chung
720,"giáo viên dạy nhiệt tình , dễ hiểu .",positive,hanh_vi
721,"em được biết đây là kỳ dạy cuối cùng của thầy nên em chúc thầy sức khỏe dồi dào , gia đình hạnh phúc .",positive,noi_chung
722,"cô lắng nghe ý kiến của sinh viên , hướng dẫn nhẹ nhàng , tận tình !",positive,hanh_vi
723,"nhưng đa số các bạn trong lớp thì không hiểu , cô cần có phương pháp dạy tốt hơn .",negative,ky_nang_giang_day
724,không hài lòng là ở việc người dạy lý thuyết với người thực hành khác nhau .,negative,ky_nang_giang_day
725,"giảng viên dạy tận tình , truyền đạt tốt .",positive,ky_nang_giang_day
726,"giảng viên khiến sinh viên có khoảng cách , khó gần gũi .",negative,hanh_vi
727,nếu nghỉ nên thông báo với lớp sớm hơn .,neutral,hanh_vi
728,"thầy giảng hay , đưa ra đề bài sát với thực tế , giúp sinh viên thích thú hơn trong việc học .",positive,ky_nang_giang_day
729,"cô truyền dạy kiến thức dễ hiểu , tận tình , thân thiện với học sinh và giúp đỡ học sinh tận tình !",positive,hanh_vi
730,nếu có thể đọc được báo cáo đồ án hay tốt nghiệp của các anh chị khóa trước thì có thể dễ dàng hình dung được yêu cầu của cô .,positive,de_xuat
731,"mặc dù là một môn lý thuyết nhưng thầy giảng bài rất sáng tạo và đổi mới , làm cho sinh viên có hứng thú với môn học .",positive,ky_nang_giang_day
732,thầy wzjwz249 dạy hay và rất dễ hiểu .,positive,ky_nang_giang_day
733,"cô dạy có tâm , post tài liệu và bài tập lên moodle rất đầy đủ .",positive,hanh_vi
734,"giáo viên nhiệt tình , tận tâm .",positive,hanh_vi
735,thầy nên đổi mới cách dạy để bài học trở nên sinh động hơn .,negative,ky_nang_giang_day
736,cách truyền đạt của giảng viên chưa tốt .,negative,ky_nang_giang_day
737,giảng viên giảng hay .,positive,ky_nang_giang_day
738,phương pháp dạy dễ hiểu .,positive,ky_nang_giang_day
739,"giảng viên giảng dạy nhiệt tình , giải đáp được thắc mắc của sinh viên .",positive,hanh_vi
740,"không khí học tập sôi nổi , dễ tiếp thu kiến thức .",positive,noi_chung
741,cần cân bằng giữa lý thuyết và thực hành .,positive,de_xuat
92,thầy nhiệt tình giảng dễ hiểu không nhàm chán .,positive,ky_nang_giang_day
742,"thầy dạy tốt , lập nhóm cho thuyết trình , tạo được không khí học tập tốt , không nhàm chán .",positive,hanh_vi
743,đôi khi quá nghiêm túc .,negative,hanh_vi
744,cô rất tận tâm ạ !,positive,hanh_vi
745,"thầy thường chia sẻ rất nhiều bài viết , nghiên cứu khoa học , và các sản phẩm ứng dụng mà thầy thực hiện .",positive,kinh_nghiem
746,cô tận tình hướng dẫn chỉ bảo .,positive,hanh_vi
747,"thầy dạy giỏi , quan tâm tới học sinh , vui tính , mong là ngày nào đó thầy sẽ dạy lại lớp em .",positive,hanh_vi
40,"giảng viên nhiệt tình hướng dẫn học , giải các bài tập khó .",positive,hanh_vi
748,cô nói hơi nhỏ nên hơi buồn ngủ .,negative,ky_nang_giang_day
749,"tận tình với sinh viên , dễ hiểu bài .",positive,ky_nang_giang_day
750,không nêu thông tin rõ ràng thời gian báo cáo .,negative,noi_chung
751,em không hài với phương pháp dạy của thầy .,negative,ky_nang_giang_day
752,"thực hành mạng cần cung cấp tài liệu thực hành trước , những câu hỏi trong thực hành cần cho sinh viên biết để tìm hiểu nghiên cứu trước chứ đến khi thực hành mới cho biết để nghiên cứu thật sự không hiểu quả .",negative,cung_cap_tai_lieu
753,"thầy không chỉ dạy cho sinh viên về mặt kiến thức , kèm vào đó thầy còn dạy cho sinh viên về đạo đức , tính nhân bản , những kinh nghiệm của thầy khi đi làm .",positive,kien_thuc
754,"giảng viên nhiệt tình , giải thích kỹ càng .",positive,ky_nang_giang_day
755,thầy rất tận tâm nhưng không có kỹ năng sư phạm .,negative,ky_nang_giang_day
756,"thầy rất nhiệt tình , tậm tâm , có mở rộng rất nhiều kiến thức thực tế , thực tiễn bên ngoài xã hôi , hướng dẫn và chỉ cho sinh viên các phương pháp học cụ thể tốt nhất .",positive,hanh_vi
757,nhiệt tình và vui vẻ .,positive,hanh_vi
758,nên tự tin hơn trong việc giảng dạy .,negative,ky_nang_giang_day
759,chất lượng tốt không cần cải tiến .,positive,noi_chung
760,"cô rất nhiệt tình , hướng dẫn những chỗ khó hiểu và cho bài tập phù hợp với kiến thức đã học .",positive,bai_tap
544,"thầy ra nhiều bài tập , sửa chữa lỗi , dạy dễ hiểu .",positive,ky_nang_giang_day
761,tạo nhiều hứng thú trong học tập .,positive,ky_nang_giang_day
762,"thầy không cung cấp đủ tài liệu trên website môn học , toàn bộ tài liệu sinh viên phải đi nhờ mấy bạn lớp khác để có tài liệu mà học .",negative,cung_cap_tai_lieu
763,đào tạo thêm về cơ chế giảng dạy .,neutral,de_xuat
764,"giáo viên ưa nhìn , đảm bảo số buổi lên lớp .",positive,chuong_trinh_hoc
765,"giảng viên rất vui vẻ , thân thiện , nhiệt tình trong giảng dạy , chấm điểm hợp lý .",positive,hanh_vi
766,giáo viên giảng bài làm cho sinh viên hứng thú và dễ tiếp thu .,positive,ky_nang_giang_day
767,do đó làm hiệu quả học chưa đạt mức tốt nhất .,negative,noi_chung
768,"tích cực , nhiệt huyết .",positive,noi_chung
769,"cô dạy nhiệt tình , dễ hiểu , dễ thương !",positive,ky_nang_giang_day
770,truyền đạt bài giảng rất tốt .,positive,ky_nang_giang_day
771,"cô rất tận tâm , nhiệt tình .",positive,hanh_vi
772,cảm giác như là cấp 2 học nhạc và vẽ vậy .,neutral,noi_chung
773,"thầy dạy nhiệt tình , bài giảng hay , dễ gần !",positive,hanh_vi
774,cần thay đổi phương pháp giúp truyền đạt giúp học sinh dễ hiểu hơn vì đây là môn khá nặng về lý thuyết .,negative,ky_nang_giang_day
775,giáo viên cho giảng dạy tận tình .,positive,hanh_vi
776,"cần phải nâng cấp , cài đặt mới các phần mềm phù hợp hơn ví dụ doubledot máy ảo ubuntu .",positive,de_xuat
777,cô dạy truyền cảm .,positive,ky_nang_giang_day
778,đôi khi hơi dài dòng .,negative,ky_nang_giang_day
779,"gần gũi , tận tình .",positive,hanh_vi
780,em thích học môn này với cô wzjwz157 .,positive,noi_chung
781,"giảng viên tận tâm , nhiệt tình , dễ thương .",positive,hanh_vi
782,cung cấp cho sinh viên những kiến thức tổng quát về môn học .,positive,kien_thuc
783,"phương pháp giảng dạy hay , có nhiều thông tin thực tiễn .",positive,kinh_nghiem
784,cần thực hành nhiều lên .,negative,kinh_nghiem
785,"nghỉ rất nhiều , đa phần những buổi nghỉ là do sinh viên chờ 30 phút không thấy thầy lên mà giải tán .",negative,hanh_vi
786,"dạy đầy đủ chương trình , tích cực kiểm tra học sinh .",positive,hanh_vi
787,giáo viên nên theo dõi sinh viên sát sao hơn .,negative,hanh_vi
788,"giảng viên giảng dạy dễ hiểu , nhiệt tình .",positive,ky_nang_giang_day
789,theo dõi kỹ càng việc thực hành của sinh viên .,positive,hanh_vi
790,"thầy không có kiến thức sư phạm , không thẻ truyền đạt một cách dễ hiểu , slide của thầy ( hoặc không phải của thầy ) dạy bao nhiêu năm rồi mà chưa dịch hoàn chỉnh hay dịch như translate của google .",negative,cung_cap_tai_lieu
791,"giảng kỹ , nhiệt tình .",positive,hanh_vi
792,nên nhiều khi em thấy không thể hiểu .,negative,ky_nang_giang_day
793,vui nhộn trong giờ học .,positive,hanh_vi
794,"giảng viên vui tính , thân thiện .",positive,hanh_vi
795,"nên phân công giảng viên ít công việc ngoài , phân bố thời gian nghỉ lễ hợp lý .",neutral,de_xuat
796,"em nghĩ thầy nên nhiều bài tập hơn và gửi bài giảng qua courses , lập nhóm làm bài để chấm điểm như các lớp khác .",negative,bai_tap
797,"em không học thầy này mà sao lại có khảo sát , em không rõ cho lắm .",negative,noi_chung
798,"giảng viên giảng dạy dễ hiểu , nhanh tiếp thu bài , đưa ra các ví dụ và bài tập hay .",positive,ky_nang_giang_day
799,giảng viên dạy có nhiều tiết học khá thú vị và thực tế .,positive,kinh_nghiem
800,thầy nhiệt tình lắm .,positive,hanh_vi
801,"giảng viên dạy dễ hiểu , gây thiện cảm .",positive,hanh_vi
802,học patin vui .,positive,noi_chung
803,"giảng viên giảng dễ tiếp thu , slide trình bày dễ hiểu , giảng viên nhiệt tình , hài hước .",positive,ky_nang_giang_day
804,giao tiếp tốt với sinh viên .,positive,hanh_vi
805,em thấy cô giảng dạy đã đạt yêu cầu .,positive,ky_nang_giang_day
806,giảng viên luôn đến lớp trễ từ nửa tiếng trở lên .,negative,hanh_vi
807,với lại môn học này dạy quá chán .,negative,ky_nang_giang_day
808,kiến thức truyền đạt tốt .,positive,kien_thuc
809,"sinh viên không hiểu hỏi cô , cô đều giải quyết thắc mắc .",positive,hanh_vi
810,"cô rất nhiệt tình , dễ thương , dạy dễ hiểu .",positive,hanh_vi
811,"giáo trình anh văn dường như không giúp ích cho công nghệ thông tin cũng như những khả năng giao tiếp của sinh viên , sinh viên trung bình khó có thể đạt 5 điểm ở các chương trình anh văn .",negative,cung_cap_tai_lieu
812,"kỳ này dạy bằng slide tiếng anh nên đa phần sinh viên không nắm bắt kịp , gần như toàn bộ các bạn đều không hiểu bài .",negative,ky_nang_giang_day
813,khả năng truyền tải kiến thức .,neutral,ky_nang_giang_day
814,hay giúp đỡ sinh viên .,positive,hanh_vi
815,hi hi đồ ngốc .,negative,noi_chung
42,"thầy tận tâm , nhiệt tình , truyền đạt kiến thức rất hiệu quả .",positive,hanh_vi
816,"thầy dạy dễ hiểu thu hút , nhiệt tình bài tập dễ hiểu .",positive,bai_tap
817,"giảng dạy kỹ , trình bày logic .",positive,ky_nang_giang_day
818,"chỉ thiếu một lệnh xuống dòng mà mất hết điểm , trong khi phần code chính  làm đầy đủ .",negative,cham_diem
819,"giảng viên rất nhiệt tình thậm chí dạy lố giờ , dư buổi nhưng vẫn không đảm bảo đủ số bài của chương trình học , không giảng giải bài học một cách rõ ràng , khi dạy chỉ mở slide và đọc tất cả những gì trên slide bài giảng nhưng không giảng thêm gì nhiều hoặc nếu có giảng thêm thì cũng khá khó hiểu , khi sinh viên hỏi lại thì thường chỉ nói lại những gì đã nói lần trước mà không giảng thêm để sinh viên có thể hiểu được bài , slide bài giảng được chuẩn bị sơ sài và có nhiều sai sót , giảng viên thường xuyên ra ngoài nghe điện thoại , ăn , hút thuốc trong giờ dạy , thường xuyên dạy các kiến thức nâng cao trong khi sinh viên chưa hiểu hết kiến thức cơ bản , thường hay nói chuyện nặng lời với sinh viên trong lớp .",negative,chuong_trinh_hoc
820,cô dạy rất tốt .,positive,ky_nang_giang_day
821,"tóm lại , em hoàn toàn không hài lòng về chất lượng giảng dạy của thầy .",negative,ky_nang_giang_day
822,"thời gian hoàn thành đồ án quá gấp rút , khi chưa học được gì cũng phải hoàn thành tất cả các nội dung trong đồ án để nộp đúng hạn , mà nội dung toàn những phần chưa học , chưa hiểu .",negative,bai_tap
124,thầy vui tính dạy dễ hiểu và cung cấp nhiều thông tin hữu ích cho sinh viên .,positive,hanh_vi
823,"cô phát âm chưa tốt , dạy còn chút khô khan , chưa tạo được sự hứng thú học tập cho sinh viên .",negative,ky_nang_giang_day
824,cô dạy tận tâm và vui tính .,positive,hanh_vi
825,thầy dạy nhanh và khó hiểu .,negative,ky_nang_giang_day
826,đó là điều mà em mong muốn mỗi khi đến lớp .,positive,noi_chung
827,"có kinh nghiệm , khá nhiệt tình .",positive,hanh_vi
828,mong thầy dạy các lớp sau này dạy đúng khung giờ thầy đặt ra .,negative,hanh_vi
829,"giảng viên nhiệt tình , tận tâm với công việc , slide dễ hiểu , hoạt động học tập sôi nổi .",positive,cung_cap_tai_lieu
830,"thầy không chịu dạy thực hành , nên cũng rất chán khi học thực hành , nói chung là không ai đi học thực hành là do thầy không dạy tốt , thực ra thì chưa dạy gì cả .",negative,hanh_vi
831,"cô dạy khó hiểu , phải về nhà học thêm nhiều mới hiểu những gì cần thiết cho môn học .",negative,ky_nang_giang_day
832,thầy chỉ dạy nhiệt tình những chỗ sinh viên chưa nắm rõ .,positive,ky_nang_giang_day
833,lịch học bù không phù hợp với sinh viên .,negative,chuong_trinh_hoc
834,"giảng viên vui tính , hòa đồng .",positive,hanh_vi
835,"nguyên tắc , giờ học vui .",positive,noi_chung
836,cô có thể giảng phần lý thuyết kỹ hơn được không ạ .,negative,ky_nang_giang_day
837,lên lớp không dạy luôn .,negative,ky_nang_giang_day
838,thầy dạy rất nhiệt tình và tận tâm .,positive,hanh_vi
839,"cô dạy kỹ , vui tính , quan tâm sinh viên .",positive,hanh_vi
840,cải thiện chất lượng máy chiếu .,neutral,de_xuat
841,"chia nhóm , ra những đồ án , bài tập nhóm để nâng cao kiến thức cũng như khả năng làm việc tập thể .",positive,bai_tap
842,"giảng dạy dễ hiểu , ngắn gọn , không cầu kỳ .",positive,ky_nang_giang_day
843,"cập nhật kiến thức , chương trình đào tạo thực tế ví dụ doubledot việt nam đang bắt đầu chuyển sang giai đoạn ipv6 thì chương trình cũng phải cập nhật theo .",negative,chuong_trinh_hoc
844,"khả năng truyền thụ tốt , tạo cảm hứng học tập .",positive,ky_nang_giang_day
845,"thầy thân thiện , nhiệt tình .",positive,hanh_vi
846,"giảng sinh động hơn , giao tiếp với sinh viên bằng tiếng anh thay vì đa phần là tiếng việt .",positive,hanh_vi
847,"thầy giáo nhiệt tình , đưa ra nhiều trường hợp cho thuật toán .",positive,ky_nang_giang_day
848,thầy dạy kiến thức khá đầy đủ và thường cho bài tập nâng cao bổ sung thêm những kiến thức mới cho học sinh .,positive,bai_tap
849,"thầy dạy rất nhiệt tình , không bao giờ về trc giờ ( thêm giờ nữa chứ ) cái diễn đàn của thầy rất hiệu quả , nói chung thầy tốt .",positive,ky_nang_giang_day
850,"giảng viên dạy hay , dễ hiểu .",positive,ky_nang_giang_day
851,thầy dạy hay và quá dễ hiểu .,positive,ky_nang_giang_day
852,"thầy cho ghi bài nhiều quá , cơ mà cũng rất tốt colonsmilesmile .",positive,ky_nang_giang_day
853,điều này tạo cho sinh viên sự chủ động trong học tập .,positive,noi_chung
854,cô giảng dễ hiểu và rất nhiệt tình .,positive,ky_nang_giang_day
855,hay lên lớp muộn .,negative,hanh_vi
856,"giảng viên có khả năng truyền đạt tốt , nhiệt tình , tận tâm .",positive,ky_nang_giang_day
857,"giảng viên cần phải nói rõ hơn , giới thiệu , phân tích , cho ví dụ minh họa .",negative,ky_nang_giang_day
858,sắp xếp thời gian học phù hợp hơn cho cả sinh viên và giảng viên .,positive,de_xuat
859,cô không chỉ giúp các em hiểu được bài giảng trong đề cương mà còn cô còn giúp các em biết thêm các kiến thức bên ngoài thông qua các câu hỏi fraction thông tin cô đặt ra .,positive,kien_thuc
860,"cập nhật điểm thi giữa kỳ chậm , nên sinh viên không biết mức độ phấn đấu như thế nào !",negative,cham_diem
861,cô than hoài à .,negative,hanh_vi
862,"giáo viên hướng dẫn phần giao tiếp gượng ép thiếu tự nhiên , hay đánh vào đầu học sinh .",negative,ky_nang_giang_day
863,mong cô có thể giảng dạy nội dung dễ hiểu hơn .,negative,ky_nang_giang_day
864,"thầy biết rõ sự chênh lệch về trình độ giữa khóa 9 và khóa 10 trong lớp nên đưa ra cách đánh giá hợp lý , thầy nói rõ điểm mạnh và điểm yếu của nhóm sau mỗi lần báo cáo .",positive,ky_nang_giang_day
186,"giảng viên yêu cầu quá nhiều về việc hoàn thiện đồ án môn học , việc chấm chéo đồ án giữa các nhóm không hợp lý và không cần thiết .",negative,hanh_vi
865,"giảng viên nhiệt tình , truyền đạt dễ hiểu , điểm số công bằng .",positive,cham_diem
866,"giảng dạy tận tình , vui vẻ .",positive,ky_nang_giang_day
867,theo em thì không thể trách thầy wzjwz120 mà lỗi là do daa đưa lịch học thực hành quá chậm trễ .,negative,chuong_trinh_hoc
868,"giảng viên nhiệt tình , hỗ trợ sinh viên tốt .",positive,hanh_vi
869,dễ thương coloncontemn .,positive,noi_chung
870,"đảm bảo kiến thức và thời gian dạy , tận tâm chỉ dạy cho sinh viên !",positive,kien_thuc
871,"dễ tiếp thu , thân thiện , nhiệt tình .",positive,hanh_vi
872,"rất dễ hiểu , bài tập phong phú , đa dạng .",positive,ky_nang_giang_day
873,"bài giảng dễ hiểu , có kèm theo ví dụ cụ thể , thân thiện với sinh viên , giải đáp ngay khi sinh viên có câu hỏi .",positive,hanh_vi
874,"giảng viên giảng dạy nhiệt tình , chi tiết , slide bài giảng đầy đủ .",positive,cung_cap_tai_lieu
875,lấy điểm bằng cách gọi lên bảng làm bài .,neutral,cham_diem
876,"giảng viên dạy nhiệt tình , tận tâm , đảm bảo nội dung dạy .",positive,hanh_vi
877,"thân thiện , nhiệt tình .",positive,hanh_vi
878,giảng viên thường hay đi trễ nửa tiếng .,negative,hanh_vi
879,đi học trễ .,negative,noi_chung
880,có phần thầy nói hơi nhanh .,negative,ky_nang_giang_day
881,tạo không khí vui vẻ khi giảng dạy .,positive,hanh_vi
882,cô dạy quá hay rồi .,positive,ky_nang_giang_day
883,chưa đào sâu vào các vấn đề mà chỉ nói đụng đến phần bề mặt và tốn nhiều thời gian vào các vấn đề đơn giản .,negative,kien_thuc
884,áp dụng nhiều kiến thức thực tế .,positive,kien_thuc
885,mến cô .,positive,hanh_vi
886,giảng bài tập nhiệt tình .,positive,ky_nang_giang_day
887,"cô rất nhiệt tình , giảng bài chi tiết , vui tính .",positive,hanh_vi
888,"phong cách giảng dạy của giảng viên rất không thu hút sinh viên , và nội dung giảng dạy không đáp ứng được lượng kiến thức cần thiết làm cho sinh viên không có hứng thú học tập , phải sang lớp học khác , hoặc có khi nghỉ học đến gần hết lớp .",negative,ky_nang_giang_day
889,"giáo viên giảng dạy đầy đủ kiến thức , dễ tiếp thu , nhiệt tình giảng dạy .",positive,hanh_vi
890,"cô dạy rất dễ tiếp thu , tận tình , giải thích rất rõ ràng .",positive,ky_nang_giang_day
891,"giảng viên giảng dạy nhiệt tình , chi tiết , slide bài giảng và bài tập đầy đủ .",positive,bai_tap
892,môn học hơi khó hiểu nên cập nhật giáo trình .,positive,de_xuat
893,"thầy nhiệt tình , giọng dễ nghe , làm việc đúng giờ ( cái này em rất thích ) , tác phong làm việc gọn gàng nhanh nhẹn , dứt khoát .",positive,hanh_vi
894,"môn học nên cập nhật giáo trình mới liên tục , tài liệu học tập cũ , rất nhiều chỗ sai .",negative,de_xuat
895,"giảng bài nhiệt tình và nội dung khá dễ hiểu , bổ ích .",positive,kien_thuc
896,cho nhiều tài liệu .,positive,cung_cap_tai_lieu
897,"nhiệt tình , vui vẻ , quan tâm đến sinh viên .",positive,hanh_vi
898,tiếp xúc với học sinh nhiều hơn .,negative,hanh_vi
899,giáo viên tốt và nhiều năng lượng .,positive,hanh_vi
900,cô dạy rất tốt và nhiệt tình .,positive,hanh_vi
901,khả năng truyền đạt của giảng viên còn hạn chế .,negative,ky_nang_giang_day
476,"thầy dạy vui , không khô khan , liên tưởng tốt .",positive,hanh_vi
902,"giảng viên nhiệt tình , tận tâm với sinh viên và rất vui tính .",positive,hanh_vi
903,kích thích sự đam mê cho các sinh viên .,positive,ky_nang_giang_day
819,"giảng viên rất nhiệt tình thậm chí dạy lố giờ , dư buổi nhưng vẫn không đảm bảo đủ số bài của chương trình học , không giảng giải bài học một cách rõ ràng , khi dạy chỉ mở slide và đọc tất cả những gì trên slide bài giảng nhưng không giảng thêm gì nhiều hoặc nếu có giảng thêm thì cũng khá khó hiểu , khi sinh viên hỏi lại thì thường chỉ nói lại những gì đã nói lần trước mà không giảng thêm để sinh viên có thể hiểu được bài , slide bài giảng được chuẩn bị sơ sài và có nhiều sai sót , giảng viên thường xuyên ra ngoài nghe điện thoại , ăn , hút thuốc trong giờ dạy , thường xuyên dạy các kiến thức nâng cao trong khi sinh viên chưa hiểu hết kiến thức cơ bản , thường hay nói chuyện nặng lời với sinh viên trong lớp .",negative,ky_nang_giang_day
904,cô truyền đạt bài giảng rất tốt .,positive,ky_nang_giang_day
905,phương pháp dạy của thầy rất hiệu quả .,positive,ky_nang_giang_day
906,không giải đáp thắc mắc của sinh viên mà bắt tự tìm hiểu .,negative,hanh_vi
907,giảng viên tận tình hướng dẫn .,positive,hanh_vi
908,môn này em học tệ nên không có ý kiến .,negative,noi_chung
909,chăm chú bài tập .,positive,bai_tap
910,"thầy dạy rất vui tính , thực hành thầy nên dạy nhiều kiến thức hơn nữa !",neutral,de_xuat
911,thầy dạy còn khá khó về thời lượng .,negative,ky_nang_giang_day
912,thầy quá khắt khe .,negative,hanh_vi
913,"giảng viên đảm bảo giờ lên lớp , dạy kỹ càng và rất dễ hiểu .",positive,ky_nang_giang_day
914,"có vài chỗ cô giảng còn khó hiểu , những chỗ code khó , dài và rối em mong cô giảng kỹ và nhiều hơn .",positive,de_xuat
915,"thầy không dạy kỹ , bỏ sót một số phần và không sử dụng giờ lên lớp hiệu quả , học theo cdio nhưng không có khác biệt quá lớn với các lớp khác , thất vọng .",negative,ky_nang_giang_day
916,thầy khá vui vẻ và nhiệt tình .,positive,hanh_vi
917,giáo viên nhiệt tình và tâm huyết .,positive,hanh_vi
918,"giảng viên biết cách truyền đạt , giảng rất hay và dễ hiểu .",positive,ky_nang_giang_day
919,"giảng viên đầy nhiệt huyết , gần gũi với sinh viên , bài giảng sinh động .",positive,hanh_vi
920,giảng viên tạo cảm hứng cho sinh viên học tập .,positive,hanh_vi
921,có vài điều bất cập là cô giảng đôi lúc giống như hơi đuối .,negative,ky_nang_giang_day
922,"giờ lên lớp thời gian đầu là dành cho seminar , 30 - 45 phút còn lại sau khi seminar giảng viên lại cho làm bài tập thực hành , sinh viên tự làm , giảng viên không hướng dẫn gì thêm và làm việc riêng .",negative,hanh_vi
923,"thầy rất nhiệt tình , kiến thức uyên bác , chuyên sâu .",positive,kien_thuc
924,"thầy vui tính , dạy chuyên sâu , nhiệt tình .",positive,kien_thuc
925,"giảng viên dạy rất hay , bài tập khá đa dạng , đi thi nắm vững được các dạng nên không cần học tủ , thầy rất nhiệt tình .",positive,kinh_nghiem
926,tóm lại doubledot cô là giảng viên tệ nhất được học từ năm nhất đến bây giờ .,negative,noi_chung
927,"thầy cần giảng giải cách làm đối với từng dạng bài nhiều hơn , rồi sau đó hãy cho nhiều bài tập .",negative,ky_nang_giang_day
928,"hi vọng khi truyền đạt một ý nào đó thầy nói ngay vào trọng tâm , tránh mở bài quá dài dòng làm người nghe khó nắm bắt và chọn lọc nội dung .",negative,ky_nang_giang_day
929,giảng rất tỉ mỉ và dễ hiểu .,positive,ky_nang_giang_day
930,"cô nhiệt tình , dạy dễ hiểu .",positive,hanh_vi
931,giáo viên giảng khó hiểu .,negative,ky_nang_giang_day
932,môn học rất khó hiểu .,negative,ky_nang_giang_day
347,"nhưng thầy rất ra dáng một doanh nhân thành đạt , một người diễn thuyết tạo cảm hứng nhiều hơn là kiến thức phù hợp với sinh viên .",negative,ky_nang_giang_day
933,"thầy thực hành vào lớp đúng một buổi , chưa đầy 2 tiết và chỉ để giao lưu , trao đổi .",negative,ky_nang_giang_day
934,"điều chỉnh chất lượng doubledot với chương trình học tập hiên nay , sinh viên thương lắm vững kiến thức khi gần đến cuối kỳ gây khó cho sinh viên làm đồ án thời gian hạn hẹp .",negative,kien_thuc
935,thầy đưa deadline trễ và không rõ ràng .,negative,bai_tap
936,tích cực hướng dẫn khi sinh viên hỏi bài .,positive,hanh_vi
937,"cần chuẩn bị phần giáo trình phù hợp hơn với môn học , phù hợp hơn với trường mình .",negative,cung_cap_tai_lieu
938,"sẵn sàng giảng lại nếu một bạn nào đó không hiểu , nhiều lần cho đến khi bạn hiểu rõ vấn đề .",positive,ky_nang_giang_day
169,"nhiệt tình , tận tâm , giảng dễ hiểu , nghiêm túc , đúng giờ .",positive,hanh_vi
939,không hướng dẫn cho sinh viên kỹ năng lập trình mạng máy tính .,negative,ky_nang_giang_day
940,mong trong học kỳ tới thì chất lượng giảng dạy sẽ cải thiện hơn .,neutral,ky_nang_giang_day
941,"giáo viên truyền đạt tốt , tạo nhiều cảm hứng cho sinh viên , giúp nâng cao trình độ ngoại ngữ .",positive,kien_thuc
942,"cô dạy học rất nhiệt tình với sinh viên , hướng dẫn rõ ràng , có logic .",positive,ky_nang_giang_day
943,"giảng viên tận tâm , nhiệt tình , có nội dung bài giảng tốt .",positive,hanh_vi
944,thầy nhiệt tình giúp đỡ bọn em và chấm bài cũng không thiên vị .,positive,cham_diem
945,khiến lớp không có hứng thú học .,negative,hanh_vi
946,sinh động .,positive,noi_chung
947,tìm hiểu về các case study giúp chúng em biết thêm nhiều kiến thức mới và trình bày sản phẩm của mình trước lớp để thấy những thiếu sót của mình .,positive,chuong_trinh_hoc
948,"cô cũng khuyến khích seminar để tăng khả năng sinh bày của sinh viên , trong quá trình trình bày hoặc xây dựng nội dung trình bày cô luôn tận tình giúp đỡ nếu có khó khăn từ phía sinh viên đó .",positive,ky_nang_giang_day
949,"slide bài giảng thì rất dễ hiểu nhưng sau khi thầy giảng thì chúng em cảm thấy không hiểu gì cả , cách truyền đạt của thầy làm cho học sinh rối rắm , thầy chưa biết cách truyền đạt những thứ mà học sinh cần biết .",positive,cung_cap_tai_lieu
950,"hy vọng lần sau thầy dạy sẽ mang đến thêm một số bài tập kèm hướng dẫn để bọn em dễ dàng vận dụng kiến thức mình học hơn , khi thầy giảng xong , có thể bọn em nói bọn em hiểu nhưng bọn em không nhớ lâu được do không có chỗ để bọn em vận dụng , nên cuối cùng đến khi thi bọn em vẫn trả lời rằng bọn em không hiểu .",negative,bai_tap
951,tất cả đều tốt .,positive,noi_chung
952,không có gì để phàn nàn .,neutral,noi_chung
953,"khả năng truyền đạt tốt , kể chuyện cho sinh viên hứng thú .",positive,ky_nang_giang_day
954,"giảng viên nhiệt tình , phương pháp giảng lôi cuốn .",positive,ky_nang_giang_day
955,thây dạy rất nhiệt tình và dễ hiểu .,positive,hanh_vi
956,giải đáp rất tận tình mọi thắc mắc của sinh viên .,positive,hanh_vi
957,giáo viên nhiệt tình thân thiện .,positive,hanh_vi
958,tận tình tích cực .,positive,hanh_vi
959,"thầy dạy hay , vui tính .",positive,ky_nang_giang_day
960,"giảng dạy dễ hiểu và tận tình , thầy vui tính .",positive,hanh_vi
961,thầy thường xuyên cho nghỉ trước khi kết thúc giờ học .,negative,hanh_vi
962,"chữ cô rất xấu , cô dạy khó hiểu , không giải thích về bài thực hành mà chỉ đưa 3 clip rồi bảo sinh viên làm theo .",negative,hanh_vi
963,luôn giải thích chi tiết vấn đề thắc mắc của sinh viên .,positive,ky_nang_giang_day
689,"thầy dạy tận tâm , dễ hiểu .",positive,hanh_vi
964,"câu văn trong bài giảng khó hiểu , không diễn đạt rõ ràng ý nghĩa .",negative,ky_nang_giang_day
965,"thân thiện , tận tình hướng dẫn .",positive,hanh_vi
966,"bài giảng hay , bài tập đầy đủ .",positive,bai_tap
967,giảng viên thực hành không hài lòng khi em không biết chút gì về bài thực hành số 4 nhưng em đâu có cơ hội nào để biết về chúng trước .,negative,bai_tap
968,"tận tình giúp đỡ học sinh , thầy dạy nhiệt huyết .",positive,hanh_vi
969,thầy cần có tương tác với sinh viên qua mail hay moodle vì có đôi lúc có thắc mắc nhưng thầy không phản hồi .,negative,hanh_vi
970,thầy giảng rất hay !,positive,ky_nang_giang_day
971,cô dạy rất có tâm và chuyên môn tốt colonsmile .,positive,kien_thuc
972,giảng viên chú trọng vào nội dung chính của môn học và nhiệt tình .,positive,ky_nang_giang_day
973,liên hệ thực tiễn tương đối tốt .,positive,kinh_nghiem
974,"nhiệt tình , thoải mái , ôn tập kỹ .",positive,ky_nang_giang_day
975,không thể nộp bài viết luận qua e-mail mà vẫn phải nộp bài bằng giấy viết tay khá mất thời gian .,negative,bai_tap
976,"giảng viên giảng dễ hiểu , nhiệt tình giúp đỡ .",positive,ky_nang_giang_day
977,"thầy vui tính , dạy kỹ bài .",positive,hanh_vi
978,"tạo nhiều điều kiện để học sinh lấy điểm cộng , giáo án ngắn gọn , dễ hiểu .",positive,cung_cap_tai_lieu
979,học không hiểu .,negative,ky_nang_giang_day
980,giảng viên truyền đạt bài rất dễ tiếp thu .,positive,ky_nang_giang_day
981,"giảng viên dạy hay , sửa bài tập kỹ .",positive,ky_nang_giang_day
982,cô cho nhiều bài tập hay .,positive,bai_tap
983,nội dung giảng dạy lan man không sát môn học mật mã .,negative,ky_nang_giang_day
984,"sử dụng dụng cụ dạy học có chất lượng tốt , ví dụ như máy nghe tiếng anh chất lượng tốt .",positive,thiet_bi_day_hoc
985,"thầy truyền đạt tốt , tận tình .",positive,hanh_vi
986,"tận tâm , truyền đạt dễ hiểu .",positive,ky_nang_giang_day
987,giáo viên nhiệt tình giảng dạy .,positive,hanh_vi
988,em nghĩ kiểm tra đánh giá môn này bằng hình thức làm đồ án báo cáo sẽ hợp lý hơn là thi trên giấy .,neutral,de_xuat
989,môn học rất hay và bổ ích .,positive,chuong_trinh_hoc
990,nếu có thì chỉ hướng dẫn bằng lý thuyết mà không làm bài tập mẫu cho sinh viên .,negative,ky_nang_giang_day
991,"thầy tận tâm , nhiệt tình , giảng bài trên lớp kỹ .",positive,hanh_vi
992,thầy bận đôi khi nghỉ không báo trước .,negative,hanh_vi
993,"thầy dạy quá khô khan , chỉ ngồi một chỗ đọc slide , không quan tâm sinh viên ở dưới làm gì , slide đôi khi còn mờ ngồi dưới không xem được .",negative,hanh_vi
994,"cô giảng tận tình , dễ hiểu , thân thiện với học sinh colonsmilesmile .",positive,ky_nang_giang_day
995,từ đó cho thấy doubledot sinh viên lên lớp không được lợi ích gì vì giảng viên không chịu thướng dẫn chỉ ngồi lỳ một chỗ có khi giảng viên lại không chịu lên lớp vậy ở nhà tự học còn hơn .,negative,ky_nang_giang_day
996,"giảng viên tận tình , hướng dẫn học tập hiệu quả .",positive,ky_nang_giang_day
997,"cô dạy rất nhiệt tình , các tài liệu đầy đủ .",positive,cung_cap_tai_lieu
998,máy tính cập nhật nhanh hơn .,positive,thiet_bi_day_hoc
999,em đề xuất nên bỏ một số phần giảng lại lý thuyết ra để có thời gian làm bài tập nhiều hơn .,negative,bai_tap
1000,truyền đạt nhiều kinh nghiệm tốt cho sinh viên .,positive,kinh_nghiem
1001,"cô nhiệt tình , giảng dạy hay , dễ hiểu cho sinh viên .",positive,hanh_vi
1002,cô có tính cách năng động hòa đồng với học sinh .,positive,hanh_vi
1003,cần tăng thêm bài tập thực tế .,positive,de_xuat
1004,cô cho tan lớp hơi trễ do cô mê dạy quá .,positive,hanh_vi
1005,"giảng viên tận tình , giảng dạy hay , chất lượng .",positive,ky_nang_giang_day
1006,"giáo viên hướng dẫn chi tiết , nhiệt tình với sinh viên .",positive,ky_nang_giang_day
1007,"cung cấp phương pháp học tập hiệu quả , thân thiện , vui vẻ với sinh viên .",positive,ky_nang_giang_day
1008,"thầy dạy dễ hiểu , bài tập vừa sức .",positive,ky_nang_giang_day
1009,"tận tình , chu đáo , hiểu tâm lý sinh viên .",positive,hanh_vi
1010,"giảng viên tích cực hỗ trợ sinh viên , truyền đạt hiệu quả .",positive,ky_nang_giang_day
1011,cô dạy không nhiệt tình tuy có đầy đủ bài học .,negative,hanh_vi
1012,"thầy vui tính , giảng bài hay , đưa nhiều thông tin thực tế vào bài giảng .",positive,ky_nang_giang_day
1013,thầy vui tính và nhiệt tình .,positive,hanh_vi
1014,giọng nói hay .,positive,ky_nang_giang_day
1015,"hình thức báo cáo đồ án cuối kỳ , không thể hiện được khả năng của sinh viên , dễ xảy ra trường hợp một người làm , cả đám người hưởng , vì thầy không yêu cầu bảng phân công công việc và chỉ chấm điểm chung cho cả nhóm dựa trên bài báo cáo được nộp , mặc dù một nhóm thầy quy định là 5 người .",negative,cham_diem
1016,"cô nhiệt tình giảng dạy , giờ học có không khí .",positive,hanh_vi
1017,"giảng viên dạy rất nhiệt tình , tuy nhiên việc dạy quá giờ lên lớp sẽ khiến nhiều sinh viên gặp khó khăn trong việc học , giảng viên dạy vượt qua tiết 4 và 5 khiến nhiều sinh viên phải sang học tiết khác và bỏ qua rất nhiều bài giảng dẫn đến việc học không hiệu quả .",negative,ky_nang_giang_day
1018,bạn nào khá thì có thể áp dụng công thức vào bài tập cả lớp chưa đến 30% còn thực sự hiểu môn học thì rất ít người hiểu .,negative,kien_thuc
1019,bài tập về nhà khá khó .,negative,bai_tap
1020,"tận tình , nhiệt tình giúp đỡ sinh viên .",positive,hanh_vi
1021,giảng viên dạy rất tốt .,positive,ky_nang_giang_day
1022,"cô dạy hay , dễ hiểu , thân thiện với lớp .",positive,ky_nang_giang_day
1023,chỉ vì môn game mà em học hai lần mà không qua quả thật em rất không hài lòng vì những lý do vô cùng thiếu chuyên nghiệp như thế này .,negative,noi_chung
1024,"đề cương vắn tắt , nên cụ thể hơn .",negative,chuong_trinh_hoc
1025,nhiệt tình giúp đỡ .,positive,hanh_vi
1026,không đúng giờ lên lớp .,negative,hanh_vi
1027,"thầy toàn dạy slide tiếng anh , đôi lúc thầy đọc mà có khi thầy còn không hiểu chứ huống chi sinh viên .",negative,hanh_vi
1028,giảng viên còn hơi chủ quan nghĩ rằng sinh viên nắm được những cái cơ bản ban đầu .,negative,hanh_vi
1029,hiểu rõ khả năng từng sinh viên .,positive,ky_nang_giang_day
1030,"không chú ý yêu cầu , giải đáp của sinh viên .",negative,hanh_vi
1031,thầy dạy hay cho nhiều bài tập .,positive,ky_nang_giang_day
1032,hấp dẫn .,positive,noi_chung
1033,"thầy đẹp trai , vui tính , hòa đồng với học sinh .",positive,hanh_vi
1034,thầy dạy hay và rất nhiệt tình la em và các bạn theo xu hướng tốt .,positive,hanh_vi
1035,"thưa , thầy thực sự chuyên tâm trong quá trình giảng dạy và các bài tập thầy đưa rất bổ ích , mang tính thực tiễn .",positive,kinh_nghiem
1036,giáo trình phần căn bản về web lặp lại các môn khác nên học rất nhàm chán .,negative,cung_cap_tai_lieu
1037,"giảng viên dạy rất nhiệt tình , phản hồi trực tiếp , gián tiếp thắc mắc của sinh viên rất tích cực .",positive,hanh_vi
1038,phương pháp làm bài tập .,neutral,bai_tap
1039,em không hiểu .,negative,noi_chung
1040,thầy rất nhiệt huyết và quan tâm sinh viên của mình .,positive,hanh_vi
1041,"chưa có đề cương , nội dung , tài liệu học tập cụ thể .",negative,chuong_trinh_hoc
1042,giáo viên dạy hay !,positive,ky_nang_giang_day
1043,rất ít khi thấy giảng viên đến phòng thực hành .,negative,hanh_vi
1044,"thầy dạy rất chất , em chưa thấy thầy nào dạy chính trị hay hơn thầy .",positive,kien_thuc
1045,giảng viên nhiệt tình với các bài trên lớp .,positive,hanh_vi
1046,dạy quá nhanh dot làm cho mức độ hiểu bài của sinh viên chỉ thêm hạn hẹp .,negative,ky_nang_giang_day
1047,"bài tập ngập mặt , deadline vào giờ khó đỡ .",negative,bai_tap
978,"tạo nhiều điều kiện để học sinh lấy điểm cộng , giáo án ngắn gọn , dễ hiểu .",positive,cham_diem
1048,giải thích được các vấn đề mà sinh viên chưa hiểu ở lý thuyết .,positive,ky_nang_giang_day
1049,"tận tâm , vui vẻ hòa đồng .",positive,hanh_vi
1050,"không thấy giảng viên dạy thực hành buổi nào , lên lớp 2 tiết tâm sự với sinh viên .",negative,hanh_vi
1051,mọi thứ đều tốt .,positive,noi_chung
1052,thực hành có nhiều bài tập về thực tế càng tốt !,positive,de_xuat
1053,nêu rõ các việc cần làm và chuẩn bị .,neutral,de_xuat
1054,"giảng viên có khả năng truyền đạt , liên hệ thực tiễn giảng viên nhiệt tình , tận tâm .",positive,hanh_vi
1055,em rất thích cách dạy và tận tình giúp đỡ từng sinh viên của thầy .,positive,hanh_vi
1056,luôn có ví dụ minh họa thực tế .,positive,kinh_nghiem
1057,"đồng thời , những tiết thực hành giúp em hiểu nhiều hơn những gì em đọc từ tài liệu .",positive,kinh_nghiem
1058,"cô nhiệt tình , thoải mái , giải đáp thắc mắc của sinh viên khá nhanh .",positive,hanh_vi
1059,giảng viên dạy dễ hiểu nhiệt tình .,positive,hanh_vi
1060,"cô là giáo viên rất nhiệt tình với sinh viên , mong cô cứ như vậy hoài .",positive,hanh_vi
1061,thầy giáo dạy nhiệt tình .,positive,hanh_vi
1062,"cho bọn em tự nghiên cứu các phần và tự lên thuyết trình về bài giảng đó , điều đó thật sự rất bổ ích cho bọn em .",positive,ky_nang_giang_day
852,"thầy cho ghi bài nhiều quá , cơ mà cũng rất tốt colonsmilesmile .",negative,bai_tap
1063,thầy chỉ quan tâm vào đề thi và chạy theo thành tích .,negative,hanh_vi
1064,"thầy dạy tận tâm , nhiệt tình , cho nhiều ví dụ để sinh viên hiểu bài .",positive,ky_nang_giang_day
1065,sử dụng hiệu quả thời gian lên lớp .,neutral,noi_chung
1066,"vui vẻ , tận tình , rất hữu ích .",positive,noi_chung
1067,khả năng truyền đạt lại kiến thức không được tốt .,negative,ky_nang_giang_day
1068,"cô rất tận tình , quan tâm đến sinh viên .",positive,hanh_vi
1069,dạy lý thuyết nhiều nhưng toàn là những phần không trọng tâm và khó hiểu nữa .,negative,ky_nang_giang_day
1070,tiếng anh tốt .,positive,noi_chung
1071,thầy dạy rất nhiệt tình và sẵn sàng giải đáp thắc mắc .,positive,hanh_vi
139,"ấn tượng nhất doubledot dạy không cần máy chiếu hay laptop , nhưng lượng bài giảng có thể nói là "" khủng "" , nhìn thầy ghi bài giảng lên bảng mà bất ngờ .",positive,ky_nang_giang_day
1072,"em nghĩ nếu môn học dạy kiến thức nền tảng áp dụng lập trình trên nhiều nền tảng khác nhau , không đơn thuần chỉ là j2e thì tốt quá !",positive,de_xuat
1073,"thầy cố gắng giảng bài cho mọi người hiểu , cố gắng dạy cho sinh viên hiểu từ gốc rễ .",positive,ky_nang_giang_day
1074,"giảng dạy nhiệt tình , giúp đỡ sinh viên trong quá trình làm đồ án .",positive,hanh_vi
1075,dễ tiếp thu kiến thức .,positive,ky_nang_giang_day
1076,"giảng rất tận tình , giải đáp các thắc mắc của sinh viên .",positive,hanh_vi
1077,"giáo viên tâm huyết , nhiệt tình .",positive,hanh_vi
1078,"hướng dẫn và giảng dạy chi tiết , dễ hiểu .",positive,ky_nang_giang_day
1079,nắm được các kiến thức quan trọng .,positive,kien_thuc
1080,giáo viên tốt .,positive,hanh_vi
1081,"giáo viên dạy tận tình , dễ hiểu .",positive,ky_nang_giang_day
1082,thầy đúng giờ .,positive,hanh_vi
1083,"giáo viên vui tính , tốt bụng .",positive,hanh_vi
1084,"thầy theo rất sát sinh viên chúng em trong từng buổi học , thầy luôn làm ví dụ để sinh viên dễ dàng hơn trong việc code .",positive,ky_nang_giang_day
1085,"giảng viên dễ chịu trong việc học bù , đổi giờ học .",positive,hanh_vi
1086,"thầy giáo rất nhiệt tình , cảm ơn thầy trong thời gian vừa qua .",positive,hanh_vi
1087,giảng khá dài dòng và khó hiểu .,negative,ky_nang_giang_day
1088,"giảng viên dễ tính , khá nhiệt tình , thân thiện .",positive,hanh_vi
1089,cần tạo các buổi seminar để sinh viên có thể hiểu sâu thêm về các vấn đề trong chuyên ngành nhưng không có trong môn học .,negative,chuong_trinh_hoc
1090,cô thường xuyên cho bài tập về nhà để áp dụng lý thuyết trên lớp mới được học giúp chúng em hiểu bài và nhớ bài được lâu hơn .,positive,bai_tap
1091,"thầy giảng bài tốt , bài thực hành em làm không sót bài nào .",positive,ky_nang_giang_day
1092,"nhiệt tình , tận tâm , giải đáp các thắc mắc .",positive,hanh_vi
1093,"giảng dạy kiến thức còn mơ hồ , không nhất quán được kiến thức , kiến thức , bài tập làm còn mơ hồ , không giải thích được hết .",negative,kien_thuc
1094,"theo em , tài liệu môn học còn thiếu .",negative,cung_cap_tai_lieu
1095,"thầy vui vẻ , hòa đồng , tận tâm .",positive,hanh_vi
1096,"giảng viên tận tâm , giúp đỡ sinh viên trong quá trình học .",positive,hanh_vi
1097,cách diễn giải cao siêu quá dẫn đến việc tiếp thu kém hiệu quả .,negative,ky_nang_giang_day
1098,đôi khi giảng bài quá nhanh .,negative,ky_nang_giang_day
635,"giảng viên nhiệt tình , giảng dạy tốt , dễ hiểu .",positive,ky_nang_giang_day
1099,"rất hài lòng , cô dạy rất vui vẻ .",positive,hanh_vi
1100,không đi đúng giờ .,negative,hanh_vi
1101,rất tâm huyết với sinh viên .,positive,hanh_vi
1102,giảng viên nhiệt tình trong khi dạy .,positive,hanh_vi
1103,"thầy dạy rất nhiệt tình , hiệu quả .",positive,ky_nang_giang_day
1104,"cô rất chu chu đáo , tận tình , giảng bài hay , truyền đạt được mọi kiến thức .",positive,hanh_vi
1105,giảng viên dạy rất nhiệt tình .,positive,hanh_vi
1106,"cô dạy rất tận tâm và nhiệt huyết , tận tình chỉ bảo , dạy chậm và ôn lại kiến thức .",positive,hanh_vi
1107,sinh viên có nhiều môn học nên khó mà chỉ đầu tư quá nhiều cho một môn .,negative,noi_chung
1108,"lên lớp đầy đủ , tận tình giảng dạy , quan tâm đến sinh viên .",positive,ky_nang_giang_day
1109,"giáo viên nhiệt tình , bài giảng dễ hiểu .",positive,hanh_vi
1110,thầy rất nhiệt tình và tận tâm chỉ dạy .,positive,hanh_vi
1111,"cô dạy hay , lại rất đúng giờ dạy học .",positive,ky_nang_giang_day
1112,giúp sinh viên hoàn thiện các kỹ năng trong việc học tập .,positive,noi_chung
1113,"giảng viên nhiệt tình giảng dạy , luôn đúng giờ , luôn giúp đỡ sinh viên .",positive,hanh_vi
1114,thầy wzjwz109 rất nhiệt tình .,positive,hanh_vi
1115,"giảng viên giảng dạy rất nhiệt tình , luôn đến lớp đúng giờ , quan tâm đến việc học tập của sinh viên .",positive,hanh_vi
1116,cô nhiệt tình và có nhiều hoạt động sinh động trên lớp .,positive,hanh_vi
1117,"phương pháp giảng dạy hiệu quả , giúp sinh viên tiếp cận kiến thức mới linh hoạt , nhiệt tình tận tâm giải đáp , trả lời câu hỏi từ sinh viên .",positive,hanh_vi
1118,thầy thường xuyên nghỉ mà không thông báo .,negative,hanh_vi
1119,khả năng tương tác chưa tốt .,negative,hanh_vi
1120,"chỉ cần tổ chức các cuộc thi học thuật , trường phải nhúng tay vào , kêu tài trợ nhiều lên , giải thưởng cao lên , có tiền sinh viên sẽ nghiên cứu thôi .",neutral,de_xuat
1121,rất hài lòng về giảng viên wzjwz321 .,positive,ky_nang_giang_day
1122,"như vậy , chất lượng dạy và học sẽ được nâng lên đáng kể ạ .",positive,noi_chung
1123,"cô vui tính , tận tình và cách giảng giải dễ hiểu .",positive,ky_nang_giang_day
1124,mong thầy sắp xếp giữa việc giảng dạy và công việc cá nhân .,negative,hanh_vi
1125,dạy khá tốt .,positive,ky_nang_giang_day
1126,"giảng viên nhiệt tình , dạy dễ hiểu .",positive,hanh_vi
1127,thời khóa biểu cách nộp bài vào những tuần nghỉ ôn thi giữa kỳ không hợp lý .,negative,bai_tap
1128,"mỗi bài học , mỗi buổi học thầy đều liên hệ thực tế với các cách thức mà các công ty bên ngoài thường làm .",positive,ky_nang_giang_day
1129,thầy dạy rất dễ hiểu và nhiệt tình .,positive,ky_nang_giang_day
323,"cơ sơ vật chất tốt , giảng hay .",positive,thiet_bi_day_hoc
1130,"nói lúc to lúc nhỏ , nghe mệt tai .",negative,ky_nang_giang_day
1131,"rất đúng giờ , giờ học đầy đủ và đầy đủ những gì có trong sách .",positive,chuong_trinh_hoc
1132,"yêu cầu nên cụ thể cho từng thành viên trong nhóm đò án vì chấm điểm đồ án theo từng cá nhân , từng yêu cầu mà có những nhóm làm đồ án không chia công việc từ đầu mà làm chung tất cả , dẫn đến các thành viên không đáp ứng được tiêu chí chấm điểm đồ án .",negative,cham_diem
1133,thầy nói ít nhưng em hiểu nhiều hơn .,positive,ky_nang_giang_day
1134,"rất hài lòng , hy vọng thầy sẽ mở mang thêm nhiều kiến thức nữa cho sinh viên .",positive,hanh_vi
1135,"thầy dạy tốt , bám sát nội dung , truyền đạt kiến thức cho sinh viên rất nhiệt tình .",positive,hanh_vi
1136,"thầy tận tâm , nhiệt tình chia sẻ kiến thức , kỹ năng .",positive,hanh_vi
1137,"nhiệt tình giảng dạy , gần gũi với sinh viên .",positive,ky_nang_giang_day
1138,cô rất quan tâm sinh viên .,positive,hanh_vi
1091,"thầy giảng bài tốt , bài thực hành em làm không sót bài nào .",positive,bai_tap
1139,mức độ truyền đạt tốt .,positive,ky_nang_giang_day
1140,"giảng viên quá bận với công việc của mình , không đảm bảo được nội dung môn học , chưa cung cấp tài liệu liên quan đến môn học , chưa tận tâm .",negative,hanh_vi
1141,"giảng viên nhiệt tình , dễ thương , giảng bài dễ hiểu .",positive,ky_nang_giang_day
1142,tài liệu hay và chia sẻ nhiều kinh nghiệm học .,positive,kinh_nghiem
1143,"thầy dạy nhiệt tình , dễ hiểu , dễ áp dụng làm bài thi .",positive,kien_thuc
1144,giảng viên rất nhiệt tình và thân thiện .,positive,hanh_vi
1145,nhiệt tình chỉ dạy sinh viên trên lớp và trên trang moodle .,positive,hanh_vi
1146,"giảng viên nhiệt tình , quan tâm đến học sinh .",positive,hanh_vi
1147,tâm huyết nhiệt tình chu đáo .,positive,hanh_vi
1148,mong cô có thể đi dạy đúng giờ .,positive,de_xuat
1149,"vui vẻ , dạy dễ hiểu , giúp đỡ mọi lúc mọi nơi .",positive,hanh_vi
1150,không học gì .,negative,noi_chung
1151,đôi lúc hơi sợ .,negative,noi_chung
1152,"cô rất có tâm , tận tình , nghiêm túc .",positive,hanh_vi
1153,"thầy dạy nhiệt tình , cho code mẫu cho các bạn tham khảo .",positive,hanh_vi
1154,thầy dạy rất có tâm và giúp chúng em hiểu rất sâu .,positive,hanh_vi
1155,thầy giảng bài rất dễ hiểu và bài tập thầy giảng rất kỹ !,positive,bai_tap
1156,giảng viên dạy rất tận tâm và giảng bài hay dễ hiểu .,positive,hanh_vi
443,"không những truyền đạt kiến thức môn học mà còn chỉ bảo những kiến thức bên ngoài , thực tế , hướng dẫn những cái hay mà thầy đã trải qua để sinh viên từ đó có thể rút ra những cái tốt hơn để phát triển sau này .",positive,kien_thuc
1157,"giảng viên tận tình , chu đáo .",positive,hanh_vi
1158,vô cùng tuyệt vời .,positive,noi_chung
1159,tôi rất hài lòng .,positive,noi_chung
1160,thực hiện nhóm nhiều .,neutral,bai_tap
1161,cô nên cho làm bài tập theo team nhiều hơn .,negative,bai_tap
1162,"thầy dạy hay , vui tính , thoải mái .",positive,ky_nang_giang_day
1163,giảng bài vài giải bài quá nhanh .,negative,ky_nang_giang_day
1164,hoàn toàn hài lòng .,positive,noi_chung
1165,"giảng viên dạy rất cụ thể , rõ ràng , chi tiết .",positive,ky_nang_giang_day
1166,"giảng viên dạy khá hay , dễ hiểu .",positive,ky_nang_giang_day
1167,"giảng dạy hay , dễ hiểu .",positive,ky_nang_giang_day
1168,"dạy nhiệt tình , dễ hiểu , luôn vui vẻ trong các buổi học , học không căng thẳng .",positive,hanh_vi
1169,"thầy có tâm và rất tận tình , rõ ràng trong các thông báo .",positive,hanh_vi
1170,"giáo viên giảng dạy rất nhiệt tình , bài giảng dễ hiểu .",positive,hanh_vi
1171,"riêng em , là một sinh viên kỹ thuật máy tính , em thấy môn này là cần thiết đối với em , tuy nhiên chưa thực sự là một môn học em cần phải đi sâu tìm hiểu , mong thầy về sau có thể hạ mức yêu cầu đầu ra với các bạn khoa khác ít liên quan tới môn học .",positive,de_xuat
1172,"thầy hiền , dạy dễ hiểu , tận tâm .",positive,hanh_vi
1173,"thầy hơi khắc khe , nhưng đây không ghép hoàn toàn vào mục này .",negative,hanh_vi
764,"giáo viên ưa nhìn , đảm bảo số buổi lên lớp .",positive,hanh_vi
1174,giảng viên giảng dạy không chuẩn bị kỹ kiến thức để dạy cho sinh viên .,negative,kien_thuc
1175,giảng viên có kiến thức chuyên sâu vê môn học .,positive,kien_thuc
1176,thầy giảng rất dễ hiểu và dễ tiếp thu bài .,positive,ky_nang_giang_day
1177,"thầy dạy kỹ , nhiệt tình .",positive,hanh_vi
1178,"thầy tận tâm , dạy dễ hiểu .",positive,ky_nang_giang_day
1179,thầy luôn thúc giục sinh viên thực hiện tốt vai trò trên ghế nhà trường .,positive,hanh_vi
1180,"thầy dạy rất chi tiết , hướng dẫn bài tập đầy đủ .",positive,ky_nang_giang_day
1181,luôn giảng quyết các thắc mắc mà sinh viên gửi mail hỏi .,positive,hanh_vi
1182,"thân thiện , tận tâm .",positive,hanh_vi
1183,"giảng dạy ngắn gọc , dễ hiểu , nhiệt tình .",positive,ky_nang_giang_day
1184,"giảng cụ thể , rõ ràng .",positive,ky_nang_giang_day
1185,cô dạy hay và có tâm .,positive,ky_nang_giang_day
1186,"em thích cách dạy của cô , kết hợp thuyết trình và cuối tiết đánh giá góp ý cho sinh viên , giúp phát triển kỹ năng nói cho sinh viên .",positive,ky_nang_giang_day
1187,xảy ra tai nạn đáng tiếc .,negative,noi_chung
1188,"vui vẻ , kiến thức rộng và sâu , dạy dễ hiểu .",positive,ky_nang_giang_day
1189,"thầy dạy rất hay , mong rằng sẽ được học thầy trong những môn khác .",positive,ky_nang_giang_day
1190,giảng dạy tốt đạt hiểu quả cao .,positive,ky_nang_giang_day
1191,"giảng dạy nhiệt tình , cô phát âm rất tốt và ngữ pháp rất chuẩn .",positive,kien_thuc
1192,thầy giúp cho sinh viên hiểu rõ vấn đề để thực hành đúng .,positive,ky_nang_giang_day
1193,giảng viên xinh đẹp dạy tốt .,positive,ky_nang_giang_day
1194,giảng dạy rất dễ hiểu và tận tâm với sinh viên .,positive,ky_nang_giang_day
1195,"chất giọng của cô đều đều dễ gây buồn ngủ , slide bài giảng chưa logic .",negative,ky_nang_giang_day
1196,thầy chỉ dạy nhiệt tình .,positive,hanh_vi
1197,"thầy vui tính , dạy giỏi .",positive,ky_nang_giang_day
1198,bài tập về nhà hằng tuần giúp cho sinh viên củng cố kiến thức lý thuyết và thực hành một cách chắc chắn .,positive,bai_tap
1199,"giảng viên gây hứng thú cho sinh viên với bài giảng của mình , vui vẻ , thân thiện với sinh viên .",positive,ky_nang_giang_day
1200,"thầy dạy tận tình , khá rõ ràng .",positive,ky_nang_giang_day
1201,slide bài giảng đầy đủ rõ ràng giáo viên đúng giờ .,positive,hanh_vi
1202,chia sẻ cho em nhiều điều hay .,positive,noi_chung
1203,"bài tập nhiều , rất sát .",positive,bai_tap
1204,"giảng rất dễ hiểu , liên hệ thực tế nhiều .",positive,kinh_nghiem
1205,"đề cương khó hiểu , không có tài liệu tham khảo kể cả tài liệu nước ngoài .",negative,cung_cap_tai_lieu
1206,lớp quá đông nên khó tiếp thu .,negative,ky_nang_giang_day
1207,"đến khi cuối kỳ , chỉ cần sinh viên mắc một sai sót nhỏ thì sẽ rớt môn .",negative,cham_diem
1208,thấy rất vui tính .,positive,hanh_vi
1209,"thầy giảng dạy hay và nhiệt huyết , luôn có nhiều bài tập sau mỗi chương .",positive,bai_tap
1210,bài giảng hấp dẫn .,positive,ky_nang_giang_day
1211,thầy rất nhiệt tình thân thiện và vui tính cách giảng dạy rất dễ hiểu .,positive,hanh_vi
1212,"giáo viên nhiệt tình , dạy đúng kiến thức , có thực tiễn .",positive,kinh_nghiem
1213,tăng cường thiết bị .,neutral,thiet_bi_day_hoc
1214,thầy rất năng động .,positive,hanh_vi
1215,"cô dạy hay tuyệt , rất dễ hiểu .",positive,ky_nang_giang_day
1216,khả năng truyền đạt của thầy không được tốt lắm .,negative,ky_nang_giang_day
1217,thầy hiểu học sinh cần đạt được kiến thức gì trong học kỳ đầu và tạo điều kiện để học sinh học tập .,positive,ky_nang_giang_day
1218,"cô rất tận tâm , nhiệt huyết , thân thiện , tạo không gian học rất thoải mái .",positive,hanh_vi
1219,cực kỳ tận tâm .,positive,hanh_vi
1220,"còn khắt khe điểm quá , cho kiểm tra quá nhiều .",negative,cham_diem
445,nếu như 5 tiết đó để cho sinh viên làm các dạng bài tập khác nhau do thầy chiếu trên slide thì hay hơn là dùng 5 tiết để ghi tràn lan lý thuyết và số lượng lớn bài tập trùng dạng trên bảng .,negative,bai_tap
1221,cô xinh quá .,positive,noi_chung
1222,sự thân thiện giúp giảm căng thẳng trong buổi học .,positive,hanh_vi
1223,thiếu động lực để học tập .,negative,noi_chung
1224,giảng viên giảng bài dễ hiểu .,positive,ky_nang_giang_day
1225,"thầy chơi đểu em nhé , gọi em 2 lần làm em 1 con dấu nợ đấy !",negative,hanh_vi
1226,"thầy dạy nhiệt tình , cho nhiều ví dụ .",positive,kinh_nghiem
1227,thầy dạy nghiêm túc .,positive,hanh_vi
1228,"thầy wzjwz274 dạy cho hoàn thành việc dạy , không quan tâm những con người đang ngồi dưới lớp của thầy có hiểu hay không .",negative,hanh_vi
1229,"giảng viên dạy rất kỹ , quan tâm đến sinh viên .",positive,hanh_vi
1230,"thầy rất nhiệt tình , rất quan tâm sinh viên .",positive,hanh_vi
1231,thầy hay đi trễ và cho đồ án quá nặng so với sinh viên .,negative,hanh_vi
1232,"cô rất tận tình với sinh viên , hỗ trợ rất tốt cho các bạn , các tài liệu của cô rất thực tế , làm mẫu để các bạn học hỏi .",positive,hanh_vi
1233,chu đáo .,positive,noi_chung
1234,"giảng viên nhiệt tình , truyền đạt dễ hiểu .",positive,ky_nang_giang_day
1055,em rất thích cách dạy và tận tình giúp đỡ từng sinh viên của thầy .,positive,ky_nang_giang_day
1235,"giảng viên tận tâm , nhiệt tình hỗ trợ sinh viên học tập , làm đồ án .",positive,hanh_vi
1236,"giải tích là một môn học khó , thầy cần thêm thời gian giảng dạy và cho sinh viên một bài thi phù hợp trình độ đồng đều hơn .",negative,cham_diem
1237,hài lòng .,positive,noi_chung
1238,"thầy dạy rất hay , thực hành dễ hiểu , đánh vào trọng tâm .",positive,ky_nang_giang_day
1239,"giảng viên tận tâm , nhiệt tình , có khả năng truyền đạt tốt .",positive,ky_nang_giang_day
1240,"giảng viên dạy dễ hiểu , thân thiên với sinh viên .",positive,hanh_vi
1241,"cô wzjwz253 nhiệt tình , giảng bài kỹ .",positive,hanh_vi
1242,"thầy dạy nhiệt tình nhưng không đảm bảo giờ lên lớp , thường xuyên có giảng viên dạy thế .",positive,hanh_vi
1243,xinh .,positive,noi_chung
1244,"dễ hiểu , nhiệt tình .",positive,hanh_vi
1245,tiết học thoải mái .,positive,noi_chung
1246,thầy dạy tốt nhưng cần giảng mẫu cho sinh viên nắm bắt trước khi giao bài tập về nhà .,positive,ky_nang_giang_day
1247,thầy dành thời gian cho các nhóm thuyết trình nhưng không duyệt lại những kiến thức do các nhóm thuyết trình là đúng hay không .,negative,hanh_vi
1248,"thầy dạy tốt , có nhiều kiến thức chuyên sâu , hỗ trợ rất nhiều cho sinh viên trong khâu nâng cao kiến thức chuyên môn .",positive,hanh_vi
1249,em rất hài lòng về hoạt động dạy của thầy .,positive,ky_nang_giang_day
1250,"thầy đến đúng giờ , giảng dễ hiểu .",positive,ky_nang_giang_day
1251,hài lòng về tất cả .,positive,noi_chung
1252,"cô dạy khá nhanh , nhiều chỗ hơi khó hiểu .",negative,ky_nang_giang_day
1253,không sử dụng moodle để trao đổi với sinh viên mà chỉ trao đổi riêng với nhóm trưởng của các nhóm .,negative,hanh_vi
1254,"thiếu nhiệt tình , chưa có sự chuẩn bị tốt về lý thuyết trước khi giảng dạy .",negative,hanh_vi
1255,"không gian học thoải mái , giảng viên không tạo áp lực cho sinh viên .",positive,hanh_vi
1256,"thầy dạy lôi cuốn , cung cấp nhiều kỹ năng nghề nghiệp .",positive,ky_nang_giang_day
1257,"nhiệt tình , tận tâm , luôn tận dụng tối đa giờ học trên lớp , kiến thức truyền đạt tốt , vui vẻ , hoà đồng với sinh viên .",positive,kien_thuc
1258,triệu like cho thầy !,positive,hanh_vi
1259,em mong rằng bất kỳ môn nào được mở ra thì cũng phải cung cấp kiến thức xứng đáng cho sinh viên .,neutral,kien_thuc
1260,tận tình giải bài tập trên lớp .,positive,hanh_vi
1261,"mặc dù nhiệt tình nhưng khi truyền đạt thì lại khó hiểu , sử dụng ngôn từ gây khó khăn cho việc hiểu bài .",positive,hanh_vi
1262,dạy không phù hợp với cách học của em .,negative,ky_nang_giang_day
1263,"giảng viên dạy nhiệt tình , vui vẻ .",positive,hanh_vi
1264,"thầy giảng hay , vui , gần gũi với học sinh .",positive,ky_nang_giang_day
1265,thầy nên cho deadline dài ra 1 tí ( bình thưởng chỉ 3 ngày sau khi thực hành ) .,negative,bai_tap
1266,chuẩn bị bài học kỹ càng .,positive,ky_nang_giang_day
1267,"thầy dạy cực vui , kiến thức đầy đủ , gần gũi với sinh viên .",positive,hanh_vi
1268,"cô hỗ trợ tốt , nhiệt tình .",positive,hanh_vi
1269,chỉ bảo tận tình .,positive,hanh_vi
1270,"giảng viên giảng dạy nhiệt tình , nội dung giảng dạy đầy đủ , ôn tập sát với nội dung kiểm tra .",positive,hanh_vi
1271,"thưa , thầy dạy rất dễ hiểu và luôn áp dụng bài học trên những dòng code thực tế và chạy trước lớp .",positive,kinh_nghiem
1272,giảng viên vui nhiệt tình .,positive,hanh_vi
1273,bám vào slide đọc khá nhiều .,negative,ky_nang_giang_day
1274,giảng dạy tận tình và chu đáo .,positive,hanh_vi
1275,tận tình chỉ dạy .,positive,hanh_vi
1276,thầy rất hài hước trong khi dạy .,positive,hanh_vi
1277,đảm bảo tốt .,positive,noi_chung
1278,"giảng dạy tốt , đưa ra nhiều vấn đề cho sinh viên tham khảo .",positive,ky_nang_giang_day
1279,"gần gũi , nhiệt tình .",positive,hanh_vi
1280,lên lớp muộn .,negative,hanh_vi
528,thầy giảng giải nhiệt tình và rất dễ hiểu !,positive,ky_nang_giang_day
1281,"giảng viên nên trao đổi với sinh viên nhiều hơn , giao bài tập và giải thích những thắc mắc của sinh viên về môn học .",negative,ky_nang_giang_day
1282,thỉnh thoảng đi hơi trễ .,negative,hanh_vi
1283,nói tiếng anh lưu loát .,positive,noi_chung
1284,"thầy dạy nhiệt tình , kiến thức bộ môn chuyên sâu , cần phát huy .",positive,hanh_vi
1285,"giảng viên dạy hay , liên hệ thực tiễn nhiều .",positive,ky_nang_giang_day
1286,"đôi lúc , thầy giảng bài hơi khó hiểu .",negative,ky_nang_giang_day
1287,"giảng viên rất có phong cách dạy học và truyền đạt , tạo đam mê để sinh viên tự tìm hiểu sâu về môn học .",positive,hanh_vi
1288,giúp cho sinh viên trao dồi thêm rất nhiều kỹ năng đặc biệt là kỹ năng làm việc nhóm .,positive,kinh_nghiem
1289,giảng viên nói rõ ràng .,positive,ky_nang_giang_day
849,"thầy dạy rất nhiệt tình , không bao giờ về trc giờ ( thêm giờ nữa chứ ) cái diễn đàn của thầy rất hiệu quả , nói chung thầy tốt .",positive,noi_chung
1290,quá khắt khe colonsad .,negative,hanh_vi
1291,"thầy dạy hay , dễ hiểu , kiến thức ngoài lề rất bổ ích .",positive,ky_nang_giang_day
1292,"giảng viên giảng bài có hơi không hiểu , chỉ là do cách dùng ngôn ngữ không được dễ hiểu lắm .",negative,ky_nang_giang_day
1293,em rất hài lòng với cách thức giảng dạy của giảng viên cũng như cách thức ra bài tập cho sinh viên .,positive,ky_nang_giang_day
1294,"thầy dạy vui , thực tế .",positive,ky_nang_giang_day
1295,"sinh viên chưa có một chút kiến thức nền tảng nào đã phải học những kiến thức bậc trung đến khó , chưa nói slide giảng dạy là chương trình dành cho cao học .",negative,kien_thuc
1296,giảng viên nên tương tác với sinh viên nhiều hơn nữa .,negative,hanh_vi
1297,"tận tâm , chu đáo .",positive,hanh_vi
1298,dễ chịu .,positive,noi_chung
1299,giảng viên đến lớp rất đúng giờ ( sớm hơn cả giờ bắt đầu ) .,positive,hanh_vi
1300,phương pháp giảng dạy hay và dễ hiểu .,positive,ky_nang_giang_day
1301,"lớp hay nghỉ , giáo viên chưa tận tình lắm .",negative,hanh_vi
1302,"nhiệt tình , chia sẻ kinh nghiệm học tập .",positive,hanh_vi
1303,các bài thực hành theo ý kiến chủ quan của sinh viên thì hơi quá khó nhất là 1 - 2 bài gần cuối .,negative,bai_tap
1304,"giảng bài chi tiết , cụ thể .",positive,ky_nang_giang_day
1305,"vui tính , nhiệt tình , đảm bảo giờ giấc , đúng giờ .",positive,hanh_vi
1306,"cô dạy rất nhiệt tình , đầy đủ các phương pháp .",positive,hanh_vi
1307,không hài lòng gì cả .,negative,noi_chung
1308,"thầy rất nhiệt tình , sẵn sàng trả lời câu hỏi sinh viên .",positive,hanh_vi
1309,và em nghĩ mức độ gây áp lực về nội dung bài tập còn ít ( nội dung bài tập chưa nâng cao và yêu cầu nhiều về kiến thức ) .,negative,bai_tap
1310,"dễ hiểu , tận tình .",positive,hanh_vi
1311,nhóm trưởng không làm thì đồ án bỏ không .,negative,bai_tap
1312,"khả năng sư phạm của thầy rất tốt , rất dễ hiểu , rất tận tâm .",positive,ky_nang_giang_day
1313,giảng viên cho sinh viên lượng bài tập quá lớn .,negative,bai_tap
1314,kiến thức được trình bày đầy đủ và dễ hiểu .,positive,kien_thuc
1315,"giáo viên luôn tạo điều kiện cho sinh viên luyện nói tiếng anh tại lớp , giải thích về bài học , ngữ pháp , từ mới vào đầu giờ .",positive,ky_nang_giang_day
1316,"giảng viên vui vẻ , giảng dạy tận tâm .",positive,hanh_vi
1317,yêu cầu bài lab chưa đủ rõ ràng .,negative,bai_tap
1318,có giờ tiếp sinh viên .,positive,hanh_vi
1319,không áp lực khi học tập .,positive,noi_chung
1320,"vote cô , cô dạy hay , cho điểm cao .",positive,ky_nang_giang_day
1321,"giảng viên nhiệt tình , kết hợp truyền đạt nhiều kiến thức trong thực tiễn .",positive,kien_thuc
1322,"tận tình , chuẩn xác .",positive,hanh_vi
1323,"thầy rất nhiệt tình , dạy dễ hiểu .",positive,hanh_vi
1324,"ngoài ra , giảng viên còn giúp các học sinh tích cực phát biểu trong tiết học .",positive,hanh_vi
1325,thầy là người dạy môn chính trị có hồn nhất em từng học .,positive,ky_nang_giang_day
1326,nghỉ học không thông báo hoài .,negative,hanh_vi
1327,"giảng viên thường xuyên khích lệ sinh viên cố gắng trau dồi , cải thiện nhiều kỹ năng cần thiết .",positive,hanh_vi
1328,"các bài thực hành rất hay , rất thực tế , khả năng vận dụng cao .",positive,bai_tap
1329,giải bài tập giúp hiểu hơn về bài học .,positive,bai_tap
1149,"vui vẻ , dạy dễ hiểu , giúp đỡ mọi lúc mọi nơi .",positive,ky_nang_giang_day
1330,thầy không dạy gì khi đến lớp .,negative,ky_nang_giang_day
1331,nhiều khi tụi em nghĩ là thầy có biết gì không đây .,negative,kien_thuc
1332,"cần có tài liệu , giáo trình của trường một cách cụ thể và cập nhật hơn .",negative,cung_cap_tai_lieu
1333,giảng dạy vui vẻ .,positive,ky_nang_giang_day
1334,"thầy dạy có hiệu quả , dễ hiểu , thiết thực .",positive,ky_nang_giang_day
1335,"thầy nhiệt tình , nhưng dạy khó hiểu .",negative,ky_nang_giang_day
1336,thầy giảng dạy tận tâm nhiệt tình .,positive,ky_nang_giang_day
1337,giảng viên hài hước .,positive,hanh_vi
1338,"thầy tận tâm , nhiệt tình , có chia sẻ những kinh nghiệm học tập .",positive,kinh_nghiem
1339,"nói to , rõ .",positive,ky_nang_giang_day
1340,"thầy dạy hay , dễ hiểu , tìm nhiều bài tập và cách giảng hay cho học sinh hiểu và rất nhiệt tình .",positive,hanh_vi
1341,"thầy giảng rất tốt , em hiểu gần như mọi thứ thầy dạy và áp dụng tốt nó .",positive,ky_nang_giang_day
1342,thầy tận tình hay trao đổi nhiều với lớp .,positive,hanh_vi
1343,bài giảng của thầy hay hấp dẫn lắm .,positive,ky_nang_giang_day
1344,"đúng giờ , dạy dễ hiểu .",positive,ky_nang_giang_day
1345,nhiệt tình luôn cố gắng giúp đỡ sinh viên .,positive,hanh_vi
1346,thầy truyền được lửa cho sinh viên rất nhiều .,positive,hanh_vi
1347,"giảng viên dạy kỹ , dạy sâu .",positive,kien_thuc
1348,"ít trò chơi vận động áp dụng vào bài học , nội dung chỉ đi theo tuần tự trong sách giáo trình , gây nên cảm giác nhàm chán cho sinh viên .",negative,ky_nang_giang_day
1349,"thầy rất hiền , dạy nhiệt tình , giảng dễ hiểu .",positive,hanh_vi
1350,"nhiệt tình , giảng hiểu bài .",positive,hanh_vi
1351,thầy rất nhiệt tình nên em không có ý kiến gì .,positive,hanh_vi
1352,"nhiệt tình , dễ hiểu , bài tập khá đều đặn .",positive,hanh_vi
1353,"cuối cùng , em xin cảm ơn vì thầy fraction cô đã đọc đến hết .",positive,hanh_vi
1354,nên thực hành nói nhiều hơn và lên lớp nên có những hoạt động vui hơn .,negative,chuong_trinh_hoc
1355,thầy dạy rất thoải mái .,positive,hanh_vi
1356,"cách truyền đạt tốt , tận tâm .",positive,ky_nang_giang_day
1357,không đánh giá đúng thực lực của sinh viên .,negative,cham_diem
1358,học thoải mái không ràng buộc .,positive,noi_chung
1359,"cách dạy của cô hết sức tuyệt vời , tạo cảm hứng học tập cho sinh viên .",positive,ky_nang_giang_day
1360,"thầy wzjwz211 rất nhiệt tình , giảng dạy dễ hiểu .",positive,ky_nang_giang_day
1361,"nhiệt tình , thầy dạy kỹ .",positive,hanh_vi
1362,"nhiệt tình , vui vẻ , hướng dẫn tốt .",positive,hanh_vi
1363,thầy lên lớp đúng giờ .,positive,hanh_vi
1364,"giữa các thầy cô nên thống nhất , tránh để sinh viên lao đao .",negative,hanh_vi
1365,"thầy dạy hay , cách dạy thu hút và thầy rất tâm huyết , giỏi , kiến thức sâu rộng , có phương pháp dạy khoa học , dễ hiểu .",positive,kien_thuc
1366,tạo cho sinh viên khả năng suy luận trong môn học .,positive,kien_thuc
1367,"rất nhiệt tình giảng dạy , đảm bảo giờ lên lớp và sử dụng tối đa giờ lên lớp .",positive,ky_nang_giang_day
642,"lượng kiến thức thì nhiều mà thời gian dạy thì ít , mong phòng đào tạo có thể xem xét và chia ra dạy mỗi môn 1 - 3 ngôn ngữ , ví dụ như html , css làm 1 môn học , js và jquery làm 1 môn , php làm 1 môn .",positive,kien_thuc
1368,"giáo viên nhiệt tình , giảng dạy tận tâm .",positive,ky_nang_giang_day
1369,cho điểm chấm bài tập không công bằng .,negative,cham_diem
1370,"thầy dạy rất hay , mang tính cập nhật .",positive,ky_nang_giang_day
1371,"giảng viên dạy dễ hiểu , nhiệt tình giảng giải cho sinh viên .",positive,ky_nang_giang_day
1372,"dễ hiểu , tích cực trong việc giải đáp thông tin của học sinh .",positive,ky_nang_giang_day
1373,không sử dung tiếng anh trong lúc giảng bài lý thuyết để rồi cả slide bằng tiếng anh cũng không hiểu .,negative,ky_nang_giang_day
1374,dạy kỹ .,positive,ky_nang_giang_day
1375,giảng hơi nhanh .,negative,ky_nang_giang_day
607,"thầy dạy dễ hiểu , vui tính , nhiệt tình , gần gũi với học sinh .",positive,hanh_vi
1376,kiểm tra sát sao hơn tiến trình làm đồ án sinh viên cho phép sinh viên sáng tạo nhiều cách mới không quá gò bó .,positive,bai_tap
1377,"cô rất tận tâm , nhiệt tình trong công tác giảng dạy , cô giảng bài rất chi tiết , có các ví dụ cụ thể để minh họa cho từng phần mà cô giảng .",positive,hanh_vi
1378,thầy dạy nhiệt tình và rất quan tâm học sinh !,positive,hanh_vi
1379,"thầy dạy rất hay nhưng lại hay nghỉ , có một số buổi thầy nghỉ nhưng không báo làm sinh viên đến lớp .",negative,hanh_vi
1380,"thầy lên lớp đúng giờ , nhiệt tình trong giờ lên lớp , truyền đạt khá đầy đủ kiến thức .",positive,ky_nang_giang_day
1381,giọng của thầy không được hay lắm .,negative,ky_nang_giang_day
428,"thầy wzjwz220 dạy rất nhiệt tình , giảng giải từng vấn đề trọng điểm rất cụ thể và rõ ràng giúp chúng em hiểu rõ , đồng thời có thể nhớ được những gì mình đã được học ngay tại lớp .",positive,kien_thuc
1382,"bài giảng chưa sinh động , thường gây chán cho sinh viên , sinh viên không tiếp thu được nhiều về kiến thức thầy nói .",negative,ky_nang_giang_day
1383,giảng viên dạy hay và tâm huyết .,positive,ky_nang_giang_day
1384,"thầy dạy chưa chủ động giải đáp các thắc mắc lớn của môn học , chủ yếu chỉ giải đáp thắc mắc có sẵn .",negative,hanh_vi
1385,"nhiệt tình , khá dễ tính trong việc báo cáo các lab , có thể để nhiều lab đến cuối kỳ báo cáo một lần .",positive,hanh_vi
1386,"giảng viên tận tình , nhiệt huyết .",positive,hanh_vi
1387,giảng viên đại học có tâm nhất colonsmilesmile .,positive,hanh_vi
1388,thầy giảng bài quá buồn ngủ .,negative,hanh_vi
1389,bị áp lực .,negative,noi_chung
1390,"giảng viên nhiệt tình , đúng giờ , thân thiện .",positive,hanh_vi
1391,thầy nóng tính và tự tôn cao quá .,negative,hanh_vi
1392,hiện tại sinh viên khá mơ màng về môn học này .,negative,noi_chung
1393,thầy có phương pháp giảng dạy hay .,positive,ky_nang_giang_day
1093,"giảng dạy kiến thức còn mơ hồ , không nhất quán được kiến thức , kiến thức , bài tập làm còn mơ hồ , không giải thích được hết .",negative,bai_tap
1394,"nói hơi nhanh , cho bài tập thêm hơi khó .",negative,ky_nang_giang_day
1395,"không kiểm soát được lớp , không tận tâm chuẩn bị trước khi lên lớp .",negative,hanh_vi
1396,em rất thích phong cách dạy của thầy .,positive,ky_nang_giang_day
1397,"đầu tư vật chất , có nhiều hoạt đông thú vị .",positive,noi_chung
1398,cô hơi nóng tính .,negative,hanh_vi
1399,"thầy rất nhiệt tình , giảng chi tiết .",positive,ky_nang_giang_day
1400,cô xinh .,positive,noi_chung
1401,thời gian nộp bài tại lớp hơi ngắn .,negative,bai_tap
1402,"thầy rất tận tâm , quan tâm sinh viên rất nhiều , ngoài giờ trên lớp sinh viên cũng có thể hỏi thầy bất kỳ khi nào , thầy giúp đỡ rất khoa học và nhiệt tình .",positive,ky_nang_giang_day
1403,thầy truyền cảm hứng học cho các em cũng như sự chân thành truyền đạt của thầy thật quý báu .,positive,ky_nang_giang_day
1404,trình độ giỏi .,positive,kien_thuc
1405,"cô vui vẻ , giúp lớp cùng nhau hoạt động sôi nổi .",positive,hanh_vi
1406,cô thường xuyên lên lớp muộn khiến học sinh phải đợi cô .,negative,hanh_vi
1407,sáng tạo .,positive,noi_chung
1408,"cô giảng dạy nhiệt tình , dễ hiểu .",positive,ky_nang_giang_day
1409,cực hay .,positive,noi_chung
1410,"giảng viên tận tâm , nhiệt tình , theo sát tình hình kiến thức sinh viên .",positive,ky_nang_giang_day
1411,thầy chủ động sửa bài tập trên lớp để sinh viên nắm kiến thức rõ hơn .,positive,bai_tap
1412,giảng viên giúp sinh viên xác định rõ ràng mục đích học tập .,positive,hanh_vi
1413,chưa để ý đến sinh viên .,negative,hanh_vi
1414,rất mong được thầy dạy tiếp trong các học kỳ sau .,positive,de_xuat
1415,"cách giảng dạy rất hiệu quả , lớp học vui .",positive,ky_nang_giang_day
1416,"giảng viên tận tâm , giảng dễ hiểu , dễ tiếp thu .",positive,hanh_vi
1417,"anh khá tận tâm với sinh viên , rất muốn học các môn sau với anh colonsmile .",positive,hanh_vi
1418,"giảng viên nhiệt tình , truyền lửa tốt cho sinh viên hứng thú học tập .",positive,hanh_vi
1238,"thầy dạy rất hay , thực hành dễ hiểu , đánh vào trọng tâm .",positive,kinh_nghiem
1419,giảng viên luyện nói rất hiệu quả .,positive,ky_nang_giang_day
1420,"thầy rất nhiệt tình , rất quan tâm đến sinh viên .",positive,hanh_vi
1421,thầy dạy hơi khó hiểu .,negative,ky_nang_giang_day
1422,cung cấp đầy đủ thông tin bài học .,positive,cung_cap_tai_lieu
1423,thầy giảng dễ hiểu và rất kỹ .,positive,ky_nang_giang_day
1424,"giáo viên hướng dẫn tận tình , cung cấp đầy đủ kiến thức căn bản của bộ môn .",positive,hanh_vi
1425,"cách giảng dạy , các hoạt động được tổ chức trong giờ học của giáo viên .",neutral,ky_nang_giang_day
1426,nói lan man .,negative,noi_chung
1427,"cô dạy hay và dễ hiểu , vui tính , em rất hài lòng về môn học do cô wzjwz118 dạy , em xin cảm ơn .",positive,ky_nang_giang_day
1428,cơ mà em nghĩ là thầy phải hơn cả tuổi ba em .,neutral,noi_chung
1429,cung cấp đủ tài liệu để sinh viên tự nghiên cứu .,positive,cung_cap_tai_lieu
1430,vui tính dạy khá dễ hiểu .,positive,hanh_vi
1431,thầy rất dễ gần .,positive,hanh_vi
656,"giảng dạy đầy tâm huyết , chuyên nghiệp trong giờ học .",positive,ky_nang_giang_day
1432,thầy dạy rất tâm huyết và nhiệt tình giúp sinh viên có hướng tiếp cận tốt hơn .,positive,hanh_vi
1433,"thầy nhiệt tình , tâm huyết , thường xuyên cho bài tập để sinh viên làm .",positive,hanh_vi
1434,"thích ngủ thì ngủ , ngoài ra chả có gì hài lòng .",negative,noi_chung
1435,"thầy rất vui tính , tận tâm và có một vốn kiến thức rất phong phú .",positive,hanh_vi
1436,làm sinh viên không thoải mái học tập .,negative,noi_chung
1437,hệ thống tính điểm quá trình chi tiết .,positive,cham_diem
1438,"cách dạy kỳ quặc , khó hiểu .",negative,ky_nang_giang_day
1439,"cô tạo được một môi trường học tập rất thân thiện , thoải mái và không kém phần bổ ích cho sinh viên , hy vọng cô sẽ dạy nhiều hơn .",positive,hanh_vi
1440,thầy rất nguyên tắc và mọi thứ được sắp xếp rõ ràng .,positive,chuong_trinh_hoc
1441,"dạy dễ hiểu , nhiệt tình .",positive,hanh_vi
1442,"phương pháp giảng dạy phù hợp và hiệu quả , lôi cuốn vào bài học .",positive,ky_nang_giang_day
1443,nắm bắt được những điều khái quát ban đầu về môn học của mình .,positive,chuong_trinh_hoc
1444,mong phòng thiết bị chuẩn bị tốt hơn .,positive,de_xuat
1445,mong cô cải thiện kỹ năng trình bày bảng ạ !,negative,ky_nang_giang_day
1446,"phong cách giảng dạy thoải mái , vui vẻ giúp sinh viên dễ tiếp thu kiến thức và ghi nhớ .",positive,ky_nang_giang_day
1447,giảng viên có sử dụng hệ thống micro thoại và loa cho sinh viên dễ dàng lắng nghe cũng như hiểu được vấn đề giảng viên đang giảng dạy .,positive,thiet_bi_day_hoc
1448,"nội dung truyền tải chưa sâu , có phần lớn thời gian trên lớp giảng viên chỉ chạy demo .",negative,ky_nang_giang_day
1449,hay và sáng tạo .,positive,noi_chung
1450,"giảng viên nhiệt tình thân thiện , vui tính , trình độ cao .",positive,kien_thuc
1451,thầy rất tận tình .,positive,hanh_vi
1452,cần có nhiều trò chơi vận động hấp dẫn .,neutral,chuong_trinh_hoc
1453,bài tập chất lượng .,positive,bai_tap
1454,thầy rất vui tánh .,positive,hanh_vi
1455,"cô vui tính , nhiệt tình .",positive,hanh_vi
1456,"giảng viên nhiệt tình , có phương pháp hướng dẫn và sửa bài tập hiệu quả giúp sinh viên nhớ lâu .",positive,ky_nang_giang_day
1457,"giảng nhanh quá , nói quá nhanh , không giúp học sinh hiểu bài .",negative,ky_nang_giang_day
1458,giảng viên thường đưa những chuyện vui vào buổi học giúp sinh viên hứng thú trong giờ học hơn .,positive,hanh_vi
1459,"giảng viên tận tâm , tạo sự chủ động trong học tập cho người học .",positive,hanh_vi
538,"tận tâm , nhiệt tình , sử dụng giờ hiệu quả .",positive,hanh_vi
1460,"slide bài giảng đầy đủ rõ ràng , giáo viên đúng giờ , tạo nhiều điều kiện cho sinh viên .",positive,hanh_vi
733,"cô dạy có tâm , post tài liệu và bài tập lên moodle rất đầy đủ .",positive,bai_tap
1461,thầy hay tương tác với sinh viên bằng những câu hỏi rất thực tế !,positive,kinh_nghiem
1462,em cám ơn .,positive,noi_chung
1463,"giảng viên tích cực tiếp thu ý kiến sinh viên về kiến thức và cách giảng dạy , mong thầy thành công .",positive,ky_nang_giang_day
1464,cần có sự kết hợp để chương lý thuyết kịp với thực hành .,negative,chuong_trinh_hoc
1465,khả năng truyền đạt dễ hiểu .,positive,ky_nang_giang_day
1466,hài lòng hoàn toàn .,positive,noi_chung
1467,"giảng viên dạy tận tâm , nhiệt tình .",positive,hanh_vi
1468,"giảng viên nhiệt tình giảng dạy , giúp đỡ sinh viên rất nhiều .",positive,ky_nang_giang_day
1469,thầy dạy rất dễ hiểu và rất quý sinh viên .,positive,hanh_vi
1470,nên có giáo trình rõ ràng và cơ bản hơn .,negative,cung_cap_tai_lieu
1471,"giáo viên tận tình , nhiệt tình trong việc cung cấp tài liệu và bài tập qua facebook .",positive,cung_cap_tai_lieu
1472,"thầy rất vui tính , nhiệt tình giải đáp các thắc mắc của sinh viên !",positive,hanh_vi
1415,"cách giảng dạy rất hiệu quả , lớp học vui .",positive,hanh_vi
1473,"thầy giảng bài rất thú vị , nhiệt tình .",positive,ky_nang_giang_day
1474,"thầy nói nghe không rõ , truyền đạt khó hiểu , không tạo hứng thú cho sinh viên .",negative,hanh_vi
1475,"thầy dạy tốt , có tâm huyết với an toàn thông tin .",positive,hanh_vi
1476,"rất nhiệt huyết , giảng nghe dễ hiểu .",positive,ky_nang_giang_day
1477,"giảng viên có giọng nói tốt , truyền đạt dễ hiểu .",positive,ky_nang_giang_day
1478,quá tệ .,negative,noi_chung
1479,"cô giáo nhiệt tình , tận tâm với lớp , truyền đạt hay .",positive,ky_nang_giang_day
1480,"mà hiện tại trường ta chưa có , đây là thiệt thòi lớn đối với tụi em .",negative,noi_chung
1481,tốt .,positive,noi_chung
1482,sự kiên trì của giảng viên với lớp dù sinh viên có mặt khá ít .,positive,hanh_vi
1483,"giảng viên giảng dễ hiểu , theo xác chuyên cần của sinh viên .",positive,ky_nang_giang_day
1484,"thầy luôn dặn chúng em phải trăn trở về tương lai , phải có sự phấn đấu , hoàn thiện tốt nhất mọi công việc .",positive,hanh_vi
1485,giữ vững nhiệt huyết với sinh viên .,positive,hanh_vi
1486,thầy dạy dễ hiểu nhưng còn chưa cho nhiều bài tập .,negative,bai_tap
1487,giảng viên thường xuyên quan tâm tới sinh viên .,positive,hanh_vi
1488,thường hay bận việc .,negative,noi_chung
1489,hiền hậu .,positive,hanh_vi
1490,quá giờ .,negative,noi_chung
1491,"giảng viên nhiệt tình , dạy bài kỹ , chi tiết , cập nhật bài giảng liên tục .",positive,hanh_vi
1492,thầy hiểu tâm lý sinh viên .,positive,hanh_vi
1493,thầy dạy quá chi tiết với đồ án thầy hướng dân hết rồi không có gì để làm nữa .,negative,ky_nang_giang_day
1494,chưa bao giờ gặp mặt giáo viên từ lúc bắt đầu học đến bây giờ !,negative,hanh_vi
1495,"ngoài những kiến thức trên lớp , thầy còn hướng dẫn và giảng dạy nhiều kiến thức mới , hỗ trợ tụi em rất nhiều trong quá trình hoàn thành đồ án .",positive,hanh_vi
1496,giảng viên nên sửa các bài tập về nhà .,positive,de_xuat
1497,nói còn hơi nhỏ .,negative,noi_chung
1498,"dạy nhiệt tình , chú ý đến từng chi tiết , giúp đỡ rất nhiều cho học sinh .",positive,hanh_vi
1499,"các thắc mắc có thể giải quyết tốt với giáo viên lý thuyết , cho nên không cần phải có thêm 1 giáo viên thực hành .",positive,ky_nang_giang_day
791,"giảng kỹ , nhiệt tình .",positive,ky_nang_giang_day
1500,"thầy dạy nhiệt tình , vui tính , tận tâm !",positive,hanh_vi
1501,giảng viên ôn đúng trọng tâm .,positive,ky_nang_giang_day
1502,"nhiệt tình , tận tâm , vui tính .",positive,hanh_vi
1503,"giảng viên dạy tận tình dễ hiểu , đầy đủ kiến thức và hiệu quả trong giảng dạy .",positive,ky_nang_giang_day
1504,giảng viên phương pháp dạy hay .,positive,ky_nang_giang_day
1505,"thầy dạy có tâm , rất hay , hiểu tâm lý sinh viên .",positive,ky_nang_giang_day
1506,"thầy tận tâm , hỗ trợ tận tình cho các bạn sinh viên .",positive,hanh_vi
1507,em không có bất kỳ điều gì hài hòng .,negative,noi_chung
1508,"nhiệt tình , giúp đỡ sinh viên , quan tâm đến sinh viên , tìm kiếm tài liệu học tập cho sinh viên học tập một cách hiểu quả nhất , hết mình vì sinh viên .",positive,hanh_vi
1509,bài tập nhiều và khó .,negative,bai_tap
1510,"giảng viên giảng dạy nhiệt tình , bám sát nội dung môn học .",positive,hanh_vi
1511,giảng viên dạy lôi cuốn .,positive,ky_nang_giang_day
543,"thầy dạy giỏi , quan tâm tới học sinh .",positive,hanh_vi
1512,"người như vậy nên bận làm tiến sĩ thôi , không nên đi dạy .",negative,ky_nang_giang_day
1513,"giảng viên tạo hoạt động cho lớp tốt , nhiệt tình , tiết học thú vị .",positive,hanh_vi
1514,"giảng bài cụ thể , chi tiết .",positive,ky_nang_giang_day
1515,giảng viên thường xuyên nghỉ không báo trước .,negative,hanh_vi
1516,cơ mà hình thức 2 mà dot căn bản tự học thôi .,negative,noi_chung
742,"thầy dạy tốt , lập nhóm cho thuyết trình , tạo được không khí học tập tốt , không nhàm chán .",positive,ky_nang_giang_day
1517,khả năng truyền đạt .,neutral,ky_nang_giang_day
1255,"không gian học thoải mái , giảng viên không tạo áp lực cho sinh viên .",positive,thiet_bi_day_hoc
1518,cô cho bài tập làm ngay trên lớp để lấy điểm .,negative,bai_tap
1519,có liên hệ thực tế qua bài giảng giúp sinh viên nhanh tiếp thu kiến thức .,positive,kinh_nghiem
1520,"cô giảng nhiệt tình , không gây cảm giác áp lực hay cảm giác chán !",positive,hanh_vi
1521,"thầy rất nhiệt tình và tận tâm , có kiến thức rộng .",positive,kien_thuc
1522,"tận tâm , giảng dễ hiểu .",positive,ky_nang_giang_day
1523,dạy tốt và rất nhiệt tình chỉ dạy hoc sinh .,positive,hanh_vi
1524,thầy nên dạy thực hành một cách kỹ lưỡng hơn cho sinh viên hiểu và thực hiện .,negative,ky_nang_giang_day
1525,môn này đổi giáo viên dạy thay quá chậm làm mất nhiều thời gian của sinh viên .,negative,hanh_vi
1526,dạy lý thuyết hơi nhiều .,negative,ky_nang_giang_day
1527,thầy dạy rất hay và rất nhiệt tình điểm danh .,positive,hanh_vi
1528,"cần phối hợp các phương pháp giảng dạy khác , giảm số lượng bài tập .",negative,ky_nang_giang_day
1529,"hướng dẫn tỉ mỉ , tận tâm .",positive,hanh_vi
1530,english is good .,positive,noi_chung
1531,rất thực tiễn .,positive,kinh_nghiem
1532,"thầy giải đáp thắc mắc của sinh viên nhiệt tình và đầy đủ , kiến thức nhiều và phong phú .",positive,hanh_vi
1533,truyền đạt nhiều kiến thức .,positive,kien_thuc
1534,quá nghiêm khắc .,negative,hanh_vi
1535,"thầy dạy vui tính , hứng thú trong học tập .",positive,hanh_vi
1536,cô rất hòa đông giảng dạy rất dễ hiểu .,positive,ky_nang_giang_day
1537,"thầy nên hướng dẫn cụ thể về vấn đề đồ án , bọn em lúc làm đồ án không biết làm cái gì và đang làm cái gì , đến khi báo cáo thì tá hỏa lên không biết gì mà làm nữa , thành ra lên báo cáo không có vừa ý thầy , rồi thầy tạo quá nhiều áp lực cho bọn em , thi cử thôi cũng thấy sợ nữa , không biết thầy có thử đặt vị trí của thầy vào bọn em không nữa , 75 câu trắc nghiệm mà một câu có 2 - 3 đáp án đúng nữa có 75 phút , thầy thử nghĩ xem bọn em có nổi 3 - 4 điểm không ?",positive,de_xuat
1538,"cô dạy rất tận tâm và nhiệt tình , giảng bài rất kỹ , cô luôn cập nhật tài liệu trên course .",positive,hanh_vi
1539,"slide bài giảng đầy đủ rõ ràng , giáo viên đúng giờ , giảng giải tận tình , luôn giúp đỡ sinh viên về vấn đề bài học .",positive,cung_cap_tai_lieu
1540,"môn học cần tạo được định hướng cho sinh viên làm đồ án ngay từ đầu , gần cuối kỳ chúng em mới biết làm cái gì nên lúc đó chạy đồ án rất là cực và còn nhiều sai sót cho đồ án của mình .",negative,bai_tap
1541,"giảng viên nên giao bài tập nhiều hơn , chia nhóm để làm bài tập , giảng kỹ những vấn đề trọng tâm của môn học , đưa ra phương pháp để học hiệu quả hơn .",negative,ky_nang_giang_day
1542,cô dạy rất tận tình .,positive,hanh_vi
1543,"giảng viên thân thiện , khả năng diễn giải tốt .",positive,ky_nang_giang_day
1544,"deadline dài ( 1 tháng ) , thuận lợi trong việc sắp xếp thời gian , có thể chủ động thời gian trong những trường hợp có sự cố xảy ra .",positive,bai_tap
1545,"nhiệt tình , giỏi hay giúp đỡ sinh viên và cho nhiều bài tập .",positive,hanh_vi
1546,số lượng sinh viên trong một lớp quá lớn .,negative,chuong_trinh_hoc
1547,"nhiệt tình , chi tiết .",positive,ky_nang_giang_day
1548,"nhiệt tình , tận tâm với sinh viên .",positive,hanh_vi
1549,cô dạy em rất buồn ngủ .,negative,ky_nang_giang_day
1550,"giảng viên nhiệt tình , vui vẻ , giải đáp hết mọi thắc mắc sinh viên .",positive,hanh_vi
1551,chúc thầy thành công !,positive,noi_chung
1552,"nhiệt tình , vui tính , dễ hiểu .",positive,ky_nang_giang_day
1553,"thầy vui tính , giảng hay , nhiệt tình , kiến thức sâu rộng trong các lĩnh vực .",positive,ky_nang_giang_day
1554,có thêm đồ án mang tính chất sáng tạo .,positive,de_xuat
1555,sử dụng hiệu quả ứng dụng công nghệ thông tin trong giảng dạy .,positive,ky_nang_giang_day
1556,hướng dẫn dạy học tận tình .,positive,hanh_vi
1557,thầy cô dạy rất hay .,positive,ky_nang_giang_day
1558,"thầy dạy kỹ , dễ hiểu , minh họa lý thuyết kỹ , liên tưởng thực tế .",positive,ky_nang_giang_day
1559,"thầy dạy rất hay , quan tâm học sinh .",positive,hanh_vi
1560,"thầy wzjwz201 dạy nhiệt tình , giảng dễ hiểu .",positive,hanh_vi
1561,độ tập trung và cách làm việc của thầy rất nghiêm túc quy cũ .,negative,hanh_vi
1562,chương trình học thú vị .,positive,chuong_trinh_hoc
1563,tạo điều kiện cho học sinh phát biểu .,positive,hanh_vi
1564,không cần phải đi học thực hành trên phòng máy nhiều .,negative,chuong_trinh_hoc
1565,hơi căng .,negative,noi_chung
1566,giảng viên có tâm huyết .,positive,hanh_vi
1567,thầy dạy nhàm chán buồn ngủ .,negative,hanh_vi
1568,thầy nghỉ quá nhiều tiết và chỉ dạy những thứ mà sinh viên đã biết rồi hoặc đã có trong slide .,negative,hanh_vi
1569,cần cập nhật giáo trình giảng dạy slide đang giảng dạy là từ năm 2000 .,negative,cung_cap_tai_lieu
1570,đôi khi để giờ trống nhiều .,negative,noi_chung
1571,"nhờ thầy và giảng viên lý thuyết , em đã hiểu rõ về môn này rất nhiều !",positive,kien_thuc
1572,"lớp học sạch sẽ , thoáng mát .",positive,thiet_bi_day_hoc
1573,"đưa ra các ví dụ rất hay rất thực tế , bài tập khó nhưng hay kiến sinh viên chủ động học tập .",negative,bai_tap
1574,"rất hay , rất nhiệt tình , đề nghị tăng lương cho cô .",positive,hanh_vi
1575,mong phòng đào tạo không sắp cho thầy dạy lớp em nữa .,negative,hanh_vi
1576,"thầy hay cho những ví dụ , trường hợp rất thực tế .",positive,kinh_nghiem
1577,"thầy tận tâm , nhiệt tình giảng dạy .",positive,hanh_vi
1578,giảng viên có khả năng truyền đạt tốt dễ hiểu .,positive,ky_nang_giang_day
1579,"thường xuyên cho nghỉ , bù nhưng cũng báo nghỉ trên courses , không hề báo trực tiếp lên daa .",negative,hanh_vi
1580,"giảng viên nhiệt tình , phương pháp giảng dạy hiệu quả .",positive,hanh_vi
1581,thầy vui tính .,positive,hanh_vi
1582,"rất nhiệt tình , nhưng cách truyền đạt của thầy và sự tiếp thu của sinh viên còn ít , các hoạt động trao đổi trên moodle rất hạn chế .",negative,ky_nang_giang_day
1583,các thành viên khác chịu thua .,negative,noi_chung
1584,"thầy rất nhiệt tình và có kiến thức sâu rộng , cung cấp nhiều kiến thức hay .",positive,hanh_vi
1585,"môn học liên hệ thực tế , liên kết với đồ án hơn .",neutral,chuong_trinh_hoc
1586,giảng bài kỹ và dễ hiểu .,positive,ky_nang_giang_day
1587,"còn nhiều thứ còn khó hiểu , khó tiếp cận .",negative,noi_chung
1588,giảng viên cần ân cần giảng lại khi sinh viên có những khúc mắc trong lúc thực hành .,negative,hanh_vi
1589,"dạy dễ hiểu , cung cấp đầy đủ tài liệu .",positive,cung_cap_tai_lieu
1590,giảng kỹ các bài học cơ bản .,positive,ky_nang_giang_day
1591,thầy dạy cả bài học lẫn cách học sao cho hiệu quả .,positive,ky_nang_giang_day
1592,"thầy giảng bài nhiệt tình , gần gũi với sinh viên , nội dung không hiểu có thể hỏi ngay thầy tại lớp .",positive,hanh_vi
1593,thầy giảng phần cuối hơi khó tiếp thu .,negative,ky_nang_giang_day
1594,thầy dạy còn hơi khó hiểu .,negative,ky_nang_giang_day
1595,"giảng viên dạy nhiệt tình , đi đúng giờ , dạy dễ tiếp thu .",positive,ky_nang_giang_day
1596,"thầy chỉ dạy rất tận tình , hiền .",positive,hanh_vi
1597,"không nên mê gái , nên quan tâm đồng đều tất cả các học sinh .",negative,hanh_vi
1598,quá nhàm chán và lớp chỉ đi học có 8 - 12 người .,negative,noi_chung
1599,"tận tâm , nhiệt tình giảng dạy , tiết học có lồng ghép nhiều chuyện đời vui vẻ , lý thú , không gây buồn ngủ .",positive,hanh_vi
1600,trong lớp thầy luôn tác động để lớp tự giác phát biểu nêu ý kiến .,positive,hanh_vi
1601,"thầy giảng tận tâm , nhiệt tình .",positive,hanh_vi
1602,"cô dạy rất nhiệt tình , tận tâm chỉ bảo cho sinh viên .",positive,hanh_vi
1603,"giáo viên nhiệt tình , truyền đạt tốt .",positive,hanh_vi
1604,"cô dạy hay , tận tâm với công việc .",positive,ky_nang_giang_day
1605,"môn học cung cấp nhiều kiến thức cần thiết , đặc biệt là cô dạy rất tận tâm và hướng đến sinh viên .",positive,hanh_vi
1606,"truyền đạt tốt , tận tâm , nhiệt tình với sinh viên .",positive,hanh_vi
1607,bài tập và hoạt động nhóm còn ít .,negative,bai_tap
1608,cần có các ví dụ minh họa thực tế bên ngoài nhiều hơn .,positive,de_xuat
1609,"phương pháp giảng dạy hay , hòa đồng vui tính với sinh viên .",positive,ky_nang_giang_day
1610,semimar là hình thức tiếp thu kiến thức nhưng do những người seminar nói bâng quơ và thật sự có những nhóm không biết đang làm gì thì sao người ngồi dưới hiểu gì .,negative,ky_nang_giang_day
1611,"giảng hay , bài tập đa dạng .",positive,bai_tap
1612,thầy có dạy và sửa bài tập kỹ càng .,positive,bai_tap
1613,giọng nói khá nhỏ .,negative,ky_nang_giang_day
1614,cách thức thông báo qua facebook không hiệu quả .,negative,noi_chung
1615,"chú trọng vào thực tế hơn lý thuyết , tăng sự thích thú cho học sinh .",positive,kinh_nghiem
1616,tạo trò chơi giúp giờ học sinh động .,positive,ky_nang_giang_day
1617,"thầy giảng bài chưa cuốn hút , hấp dẫn , dễ làm sinh viên chán và buồn ngủ .",negative,ky_nang_giang_day
1618,ví dụ không thực tiễn .,negative,kinh_nghiem
1619,dễ bị áp lực .,negative,noi_chung
1620,giáo viên giảng bài sinh động dễ tiếp thu .,positive,ky_nang_giang_day
1621,"thầy khá nhẹ nhàng , lịch sự , đáp ứng đủ giờ dạy , nhiệt tình bài giảng .",positive,hanh_vi
1622,"giảng viên nhiệt tình , vui vẻ , phương pháp truyền đạt kiến thức rất hiệu quả .",positive,hanh_vi
524,"nên cung cấp nhiều tài liệu học tập cho sinh viên , nhà trường cần thay đổi cách giảng dạy thực hành để sinh viên cảm thấy thích thú và học tập được nhiều khi đến lớp thực hành .",negative,ky_nang_giang_day
1623,giảng viên tận tình giúp đỡ sinh viên .,positive,hanh_vi
1624,đây là điều gây bức xúc với sinh viên .,negative,noi_chung
1625,"thầy dạy tận tình , giảng nhiều nhưng em hiểu không được bao nhiêu .",positive,hanh_vi
1626,"vui vẻ , giảng dạy vui vẻ .",positive,hanh_vi
1627,thầy giảng bài rất nhiệt tình và quan tâm đến sinh viên .,positive,hanh_vi
1628,tài liệu học tập chưa được cập nhật đầy đủ .,negative,cung_cap_tai_lieu
1629,cung cấp nhiều kiến thức bổ ích cho sinh viên .,positive,cung_cap_tai_lieu
1630,"cần tăng số buổi học thực hành , 3 buổi là tương đối ít , không đủ để giảng viên truyền đạt hết nội dung thực hành .",positive,de_xuat
1631,giảng viên quá tệ .,negative,noi_chung
1632,"tận dụng tốt thời gian , nhiệt tình , hiền .",positive,hanh_vi
1633,nhiệt tình trả lời thắc mắc của sinh viên .,positive,hanh_vi
1634,giảng viên truyền đạt dài dòng .,negative,ky_nang_giang_day
542,thầy nhiệt tình với nhiều bài tập đa dạng và phong phú .,positive,hanh_vi
1635,tăng thêm thời lượng môn học .,negative,chuong_trinh_hoc
1636,"giảng viên giảng dạy nhiệt tình , dễ hiểu .",positive,ky_nang_giang_day
1637,thấy cho nhiều bài tập hay giúp sinh viên biết được nhiều kỹ thuật .,positive,kien_thuc
1638,"thầy nên cho nhiều ví dụ liên quan đến bài học hơn , và nên có hình thức làm và nộp bài tập hàng tuần .",negative,ky_nang_giang_day
1639,nếu có thêm nhiều ví dụ trong slide cho bọn em dễ ôn bài hơn là tự tìm kiếm lúc quên .,negative,cung_cap_tai_lieu
1640,các bài thực hành có liên quan tới nghiệp vụ .,positive,bai_tap
1641,giảng viên nhiệt tình hướng dẫn sinh viên .,positive,hanh_vi
1642,cực dễ hiểu bài luôn .,positive,ky_nang_giang_day
1643,"thầy rất tận tâm , quan tâm tới sinh viên .",positive,hanh_vi
1486,thầy dạy dễ hiểu nhưng còn chưa cho nhiều bài tập .,positive,ky_nang_giang_day
1644,"giảng dạy nhiệt tình , hướng dẫn chi tiết đến lúc sinh viên hiểu !",positive,ky_nang_giang_day
1645,"giảng viên nghỉ phải thông báo cho sinh viên trước , vì môn học thầy luôn điểm danh nhưng thầy lại không lên lớp thường xuyên , bắt sinh viên phải chờ rồi ra về thường xuyên .",negative,hanh_vi
1646,giảng dạy quá nhanh .,negative,ky_nang_giang_day
1647,nên đầu tư thiết bị để có thực hành .,positive,de_xuat
1648,"bám quá nhiều vào giáo trình , cần giảng nhiều hơn các ví dụ như vậy sinh viên mới dễ ứng dụng .",negative,ky_nang_giang_day
1649,"cô chỉ cho bài tập về nhà kêu làm và nộp , không giải thích gì thêm .",negative,bai_tap
1650,"giảng viên dạy rất nhiệt tình , chỉ bảo tận tình .",positive,hanh_vi
1651,"trong khi đó sinh viên phải làm đồ án môn học , mọi vấn đề gặp phải nếu chờ 3 tuần để được gặp giảng viên giải đáp thì sinh viên không thể hoàn thành đúng tiến độ .",negative,hanh_vi
1652,"giảng viên lên lớp đúng giờ , dạy nhiệt tình .",positive,hanh_vi
1653,dẫn đến việc tiếp thu kiến thức và làm bài tập rất khó .,negative,ky_nang_giang_day
1654,có hài lòng .,positive,noi_chung
1655,"em chỉ dám thỉnh cầu quý thầy cô soạn ra một bộ tài liệu mà có thể giúp sinh viên tự nghiên cứu , học tập môn này hiệu quả hơn .",negative,cung_cap_tai_lieu
1656,không hài lòng với sự cố gắng của bản thân mình .,negative,noi_chung
1657,giáo viên hướng dẫn tận tâm .,positive,hanh_vi
1658,"giảng hay , diễn đạt tốt , giúp sinh viên dễ dàng tiếp thu kiến thức mới .",positive,ky_nang_giang_day
362,"cần một giảng viên có nhiệt huyết , tận tâm với lớp hơn .",positive,de_xuat
1659,"giảng dạy nhiệt tình , giờ học đúng không đi trễ về sớm .",positive,chuong_trinh_hoc
1660,"kiến thức mang tính trừu tượng nhiều , cần hướng dẫn kỹ cho sinh viên .",negative,kien_thuc
1661,cố chấp .,negative,noi_chung
1662,"em sắp xếp hết lịch đâu vào đấy mà thầy cứ đổi giờ , đổi tiếc thì khó cho em quá .",negative,hanh_vi
1663,"cô tận tình , nhiệt tình trong công việc .",positive,hanh_vi
1664,thầy dạy rất nhiệt tình và vui vẻ .,positive,hanh_vi
1665,thầy dạy mọi thứ đều ok hết ạ .,positive,ky_nang_giang_day
1666,"tóm lại , kiến thức tổng quan thì có thể tiếp nhận nhưng kiến thức về chi tiết nội dung thì mập mờ .",negative,kien_thuc
1667,thầy luôn đến sớm hơn sinh viên .,positive,hanh_vi
1668,"thầy truyền đạt kiến thức rất hay , và dễ hiểu .",positive,ky_nang_giang_day
1669,"máy chiếu phòng học quà mờ , đề nghị nên thay đổi .",neutral,de_xuat
1670,rất vui và nhiệt tình .,positive,noi_chung
1671,"mong giảng viên chủ động trong việc truyền đạt kiến thức hơn , tránh trường hợp đợi hỏi mới trả lời , vì sinh viên làm sao biết cái mình cần hỏi đề hỏi khi lực học mới chỉ ở mức trung bình .",negative,ky_nang_giang_day
1672,"cô wzjwz103 dạy rất hay , rất nhiệt tình , cách dạy của cô cũng rất lý thú , tạo sự hứng thú cho sinh viên .",positive,ky_nang_giang_day
1673,"đổi mới hình thức kiểm tra , đảm bảo tính chất thực hành của môn học .",positive,de_xuat
1674,"thầy tận tâm , nhiệt tình với học sinh .",positive,hanh_vi
1675,chú trọng giao tiếp .,neutral,hanh_vi
1003,cần tăng thêm bài tập thực tế .,negative,bai_tap
1676,giảng viên giàu kinh nghiệm sư phạm .,positive,kinh_nghiem
1677,"không có , giáo viên dạy rất ổn !",positive,ky_nang_giang_day
1678,thầy giảng dễ hiểu và kích thích sáng tạo và tìm tòi của sinh viên .,positive,ky_nang_giang_day
1679,tôi rất thích .,positive,noi_chung
1680,"giảng viên dạy hay truyền đạt được kiến thức đến sinh viên dễ hiểu , bài tập về nhà vừa sức , tuy nghiêm túc trong việc sửa bài nhưng cũng hay pha trò làm lớp học vui nhộn không bị áp lực .",positive,bai_tap
1681,giáo viên giảng bài hơi khó hiểu và không có tài liệu tham khảo trên moodle .,negative,ky_nang_giang_day
1682,"giảng dạy đúng giờ , hiệu quả .",positive,ky_nang_giang_day
1683,"vui tính , thân thiện .",positive,hanh_vi
1684,thầy cô đảm bảo thời gian lên lớp .,positive,hanh_vi
1685,"thầy rất nhiệt tình và năng động , học thầy có thêm nhiều kiến thức mới không chỉ gói gọn trong nội dung môn học .",positive,hanh_vi
1686,"bài tập về nhà của thầy rất nhiều , rất hay .",positive,bai_tap
1687,thầy không cho làm đồ án .,negative,bai_tap
1688,có đầy đủ trang thiết bị .,positive,thiet_bi_day_hoc
1689,phương pháp dạy còn hoang mang .,negative,ky_nang_giang_day
1690,đúng như vậy luôn hi hi .,neutral,noi_chung
1691,"thầy dạy ổn , đúng với lý thuyết .",positive,ky_nang_giang_day
1692,cô dễ thương quá .,positive,hanh_vi
1693,"thầy dạy nhiệt tình , áp dụng nhiều bài tập , dễ hiểu .",positive,bai_tap
1694,"giảng dạy hay , dễ hiểu , tận tình .",positive,ky_nang_giang_day
1695,do việc có giáo viên khác vào dạy thế trong khoảng sau giữa kỳ nên đã xảy ra một số nhầm lẫn về bài học và cách thức tính điểm đồ án nên dẫn đến một số bạn bị điểm thấp .,negative,ky_nang_giang_day
1696,"giảng viên nhiệt tình , vui vẻ , luôn giúp đỡ cho sinh viên hoàn thành tốt nhất bài báo cáo .",positive,hanh_vi
1697,cô dạy dễ hiểu và vui quá trời .,positive,ky_nang_giang_day
1698,giảng viên giảng bài cho ví dụ liên hệ với thực tiễn hay và nhiệt tình .,positive,ky_nang_giang_day
1699,"giáo viên tận tình , dạy truyền đạt tốt .",positive,hanh_vi
1700,cô giảng còn hơi khó hiểu .,negative,ky_nang_giang_day
1701,đôi khi kẹt xe thầy lại trễ giờ .,negative,hanh_vi
1702,"thầy có những kinh nghiệm và nhận xét quý báu giúp sinh viên trong việc thuyết trình và làm đồ án , giúp sinh viên có kỹ năng sau này .",positive,kinh_nghiem
1703,giáo viên truyền đạt kiến thức dễ hiểu .,positive,ky_nang_giang_day
1704,"thầy chuẩn bị bài thực hành sát với kiến thức được học , sinh viên cần gì có đó .",positive,bai_tap
1705,"em đã nán lại thêm nhưng thầy đi qua đi lại bảo 2 , 3 lần nên em đã về .",negative,hanh_vi
1706,rất quan tâm .,positive,hanh_vi
1707,"thầy dạy kỹ , tận tâm với sinh viên , thường xuyên trao đổi với sinh viên ngoài giờ .",positive,ky_nang_giang_day
1708,thầy dạy hay và vui .,positive,ky_nang_giang_day
1709,"cơ sở vật chất cần tăng cường hơn , vệ sinh phòng học , hành lang nên tiến hành buổi chiều sau khi sinh viên tan học hoặc sáng sớm , không nên để khi mở cửa cho sinh viên vào 7h20 mới quét rất bụi và ảnh hưởng đến sinh viên , sáng sớm đi học ở hành lang 7h15 - 7h20 cũng quét rất bụi và quét hắt thẳng vào sinh viên đang đi trên hành lang rất khó ứng xử mong ban quản lý cơ sở có ý kiến thêm về việc này .",positive,de_xuat
1710,sinh viên khó tiếp thu kiến thức .,negative,kien_thuc
1711,mỗi người giảng viên đều có một phương pháp dạy khác nhau và trình bày bài tập cũng khác nhau .,neutral,ky_nang_giang_day
1712,hướng dẫn rõ ràng cách thực hiện .,positive,ky_nang_giang_day
1713,giáo viên dạy lớp wzjwz315 không phải là cô wzjwz316 .,negative,noi_chung
1714,"phần lớn thời gian trên lớp thầy toàn chép bài lên bảng , chép đầy bảng thầy lại xóa rồi chép tiếp .",negative,ky_nang_giang_day
1715,có demo trên máy tính khi giảng dạy giúp sinh viên dễ hiểu .,positive,thiet_bi_day_hoc
1716,dạy muôn từ 15 - 20 phút so với giờ quy định dù lên lớp đúng giờ khiến cho việc sắp xếp những công việc sau giờ học của sinh viên gặp khó khăn .,negative,ky_nang_giang_day
1717,cần những giờ học sôi động hơn không học thuật quá nhiều .,positive,de_xuat
1718,tích cực .,positive,noi_chung
1719,"giáo trình thực hành đi quá nhanh so với lý thuyết , đi trước lý thuyết 1 tháng tới 1dot5 tháng .",negative,chuong_trinh_hoc
1720,"giảng viên hướng dẫn nhiệt tình , dễ hiểu .",positive,ky_nang_giang_day
1721,"giảng rất hay , nhiệt tình .",positive,ky_nang_giang_day
1722,"giảng viên thân thiện , nhiệt tình trong giảng dạy như hướng dẫn thực hành hay giải đáp thắc mắc của sinh viên .",positive,ky_nang_giang_day
1723,thầy dạy đủ nội dung bài học .,positive,ky_nang_giang_day
1724,giảng viên giảng dạy hiệu quả bằng tiếng anh .,positive,ky_nang_giang_day
1725,thầy không nên cho tụi em trốn học nhiều quá colonbigsmile .,negative,hanh_vi
1726,"học tập bằng việc ghi trên bảng , khá thú vị .",positive,ky_nang_giang_day
1727,"vâng , may thay có một bạn đã trả lời được những gì thầy đưa ra , và thế là bạn kia rớt .",negative,noi_chung
1728,thầy giúp em biết mạch số là gì .,positive,ky_nang_giang_day
555,giảng viên nhiệt tình trong giảng dạy và chấm điểm .,positive,cham_diem
1729,trừ những điều không hài lòng một chút thì trên cả tuyệt vời colonhihi .,positive,noi_chung
1730,"bài giảng được giảng viên chuẩn bị rất kỹ , chu đáo và luôn có sự cập nhật kịp thời .",positive,ky_nang_giang_day
1168,"dạy nhiệt tình , dễ hiểu , luôn vui vẻ trong các buổi học , học không căng thẳng .",positive,ky_nang_giang_day
1731,giảng viên chưa cung cấp kiến thức đầy đủ cho sinh viên .,negative,kien_thuc
1732,"giảng viên tận tình , hay giúp đỡ sinh viên .",positive,hanh_vi
1733,giảng viên cần phải có phương pháp dạy hay hơn để sinh viên yếu có hứng thú đối với môn học .,positive,de_xuat
1734,"thầy rất tận tâm , về lý thuyết thầy giảng rất hay và tuyệt đối , song về bài tập thì ngược lại , thầy nói chỉ sơ qua , như là mặc định các sinh viên đều đã biết tính toán .",positive,hanh_vi
945,khiến lớp không có hứng thú học .,negative,ky_nang_giang_day
1735,giảng viên giảng bài khó hiểu nên sinh viên tự học là chính .,negative,ky_nang_giang_day
1736,giải đáp nhanh khi sinh viên không hiểu .,positive,ky_nang_giang_day
1737,cho điểm rẻ .,negative,cham_diem
1738,cô vui tính dễ gần .,positive,hanh_vi
1739,chuẩn bị nội dung thực hành chu đáo .,positive,cung_cap_tai_lieu
1740,"theo em nghĩ là sẽ ứng dụng thực tế được , và nhiều vì viễn thông , vệ tinh của nước mình cũng đang phát triển , chỉ là môn này chưa đi sâu vào lĩnh vựa này nên làm chúng em bị mơ hồ chưa nắm được trọng tâm môn học .",negative,kien_thuc
1741,giảng viên xuất sắc .,positive,ky_nang_giang_day
1742,giáo viên chưa đến lớp đúng giờ .,negative,hanh_vi
1743,"nhiệt tình , tài liệu đầy đủ dễ đọc dễ hiểu .",positive,hanh_vi
1744,"giáo viên dạy có tâm huyết , nhiệt tình với sinh viên .",positive,hanh_vi
1745,tài liệu cho kết quả nhưng có cái đúng cái sai làm hoang mang cho việc tự học tại nhà .,negative,cung_cap_tai_lieu
1746,"giáo viên tận tình , giảng bài dễ hiểu dễ tiếp thu .",positive,hanh_vi
1747,"giải chi tiết các bài tập , tiếp thu bài rất nhanh trong giờ giảng của thầy .",positive,ky_nang_giang_day
1748,"thầy nên check mail và có trả lời mail của sinh viên , sinh viên gửi mail chẳng bao giờ thấy thầy trả lời là đã nhận được .",negative,hanh_vi
1749,"thầy dạy khá hay , cung cấp nhiều thông tin liên quan đến môn học , đưa ra nhiều hướng giải quyết khi sinh viên gặp vấn đề khó khăn với đồ án !",positive,kinh_nghiem
1750,"giảng viên rất tận tâm , nỗ lực trong việc giảng dạy .",positive,hanh_vi
1751,"dễ tính , thoải mái , không gây áp lực , tạo động lực phát biểu .",positive,ky_nang_giang_day
1752,nên có kho tài liệu và bài tập mẫu cho sinh viên tham khảo .,negative,cung_cap_tai_lieu
1753,rât tốt .,positive,noi_chung
1754,dạy dễ hiểu !,positive,ky_nang_giang_day
1755,"thầy giảng dạy nhiệt tình , cung cấp đầy đủ kiến thức .",positive,kien_thuc
1756,cách dạy của thầy em rất thích .,positive,ky_nang_giang_day
1757,"deadline 3 lần sau đó được cho thêm 2 ngày , nhưng đến 23h59 ngày hôm sau đã quá hạn , nếu nộp vào ngày hôm sau nữa sẽ trễ deadline .",negative,bai_tap
1758,"thầy dạy rất tận tâm , quan tâm đến sinh viên .",positive,hanh_vi
1759,đôi lúc không đi sâu vào vấn đề dạy .,negative,ky_nang_giang_day
1760,"giảng viên dạy rất hay , nhiệt tình .",positive,ky_nang_giang_day
1761,"nhiệt tình , vui tính và phương pháp giảng dạy tốt .",positive,ky_nang_giang_day
1762,mong sao thầy dạy tận tâm với công việc hơn chứ thế này em không biết những sinh viên năm nhất tiếp theo sẽ như thế nào nếu thầy tiếp tục như vậy mong thầy quan tâm đến việc dạy học hơn .,negative,hanh_vi
1763,thầy nên báo nghỉ sớm hơn ít nhất 1 - 2 ngày để sinh viên đỡ mất công đến lớp rồi lại ra về .,negative,hanh_vi
1764,khó hiểu .,negative,ky_nang_giang_day
1765,"chúc các thầy cô , anh chị làm việc vui vẻ !",positive,noi_chung
1766,nghỉ quá nhiều .,negative,ky_nang_giang_day
1767,"sự nhiệt tình tận tâm , nếu có thể tăng tiết cho môn học này thì rất tốt ạ !",positive,de_xuat
1768,kiến thức không áp dụng được nhiều cho thực tế .,negative,kien_thuc
1137,"nhiệt tình giảng dạy , gần gũi với sinh viên .",positive,hanh_vi
1769,"giảng dạy nhiệt tình , tạo sự hứng thú cho sinh viên học tập .",positive,hanh_vi
1770,"nhiệt tình , đề cương đầy đủ .",positive,cung_cap_tai_lieu
1771,có những kiến thức cần thiết trong khi thực hành nhưng lý thuyết rất lâu sau mới dạy đến .,negative,ky_nang_giang_day
1772,buồn ngủ .,negative,noi_chung
1773,thú vị .,positive,noi_chung
1774,xin cảm ơn !,positive,noi_chung
1775,sự tận tình giảng dạy tận tình .,positive,hanh_vi
1776,"nhiệt tình với sinh viên , bài giảng tốt .",positive,ky_nang_giang_day
1777,"giảng viên vui tính , dễ chịu .",positive,hanh_vi
1778,"cô dạy dễ hiểu , ít điểm danh tạo cơ hội tự học cho sinh viên colonsmilesmile , rất tận tình giải thích các thắc mắc cho sinh viên .",positive,hanh_vi
1779,"thầy cần tổ chức một vài buổi giải bài tập nho nhỏ để em hiểu thêm về môn học đặc tả hình thức ( cá nhân em thấy môn này khá khó hiểu ) , đồng thời mong nhà trường sắp xếp lịch dạy của thầy cho ổn thỏa để thầy có thể dạy liên tục mà không bị gián đoạn những buổi họp giao ban đầu tháng colonsmile .",negative,kien_thuc
1780,"thầy nói giọng to , rõ ràng .",positive,hanh_vi
1781,"thầy rất vui tính , vi dụ thực hành tại máy trực tiếp và thực tế .",positive,hanh_vi
1782,"đồ án môn học mới lạ , hấp dẫn , mang tính thách thức và ứng dụng cao .",positive,bai_tap
1783,"giảng viên nhiệt tình , tận tâm đối với sinh viên .",positive,hanh_vi
1784,thầy giảng bài dễ hiểu và rất vui tính .,positive,ky_nang_giang_day
1785,thầy nên hạn chế cho chép .,negative,hanh_vi
1786,không hài lòng cho lắm .,negative,noi_chung
1787,cách truyền đạt kiến thức vẫn chưa tốt .,negative,ky_nang_giang_day
1788,"cô giảng bài rất kỹ , có ví dụ minh họa cụ thể .",positive,ky_nang_giang_day
1789,cần thêm các đoạn code cho các giải thuật bổ sung các phương pháp để giải quyết các bài toán liệt kê .,negative,cung_cap_tai_lieu
1790,như vậy thì quá bất công .,negative,noi_chung
1791,"slide bài giảng chưa được chuẩn hóa , đa phần sao chép nhặt mỗi nơi một ít .",negative,cung_cap_tai_lieu
1792,giáo viên hướng dẫn rất nhiệt tình .,positive,hanh_vi
1793,nhưng đi thực hành mà giảng viên hoàn toàn không giảng dạy hay tiếp xúc gì với sinh viên cả thì không giống gì cái lớp học cho lắm .,negative,ky_nang_giang_day
1794,lượng kiến thức này không chắc chắn là sau khi ra trường có thể vận dụng thực tiễn .,negative,kien_thuc
1795,"thầy dạy hay và có tâm , mặc dù môn học lịch sử khá khô khan nhưng chúng em hiểu được rất nhiều bài học qua bài giảng của thầy .",positive,ky_nang_giang_day
1796,"cô vui tính , dạy tốt .",positive,hanh_vi
1797,các hoạt động chưa vui .,negative,noi_chung
1798,theo chủ quan của cá nhân tôi cô wzjwz248 là người truyền đạt kiến thức tốt nhất từ trước tới giờ so với những giảng viên mà tôi từng biết .,positive,ky_nang_giang_day
1799,rất hay và quá hay .,positive,noi_chung
1800,"thầy dạy rất nhiệt tình , dễ hiểu , tận tâm .",positive,hanh_vi
1801,giáo viên dạy thực hành cần giảng giải nhiều hơn cho sinh viên hiểu .,negative,ky_nang_giang_day
1802,giáo viên không nhiệt tình và phương pháp truyền đạt kiến thức gây khó hiểu .,negative,hanh_vi
1803,có tâm huyết với lớp và chương trình học .,positive,hanh_vi
1804,"thầy giảng dạy rất tệ , lên lớp chỉ ngồi chém gió là chính tuy nhiên luôn cho về muộn , hôm về sớm là 12h ( quy định là 11h30 nghỉ ) , hôm về muộn thì 12h , có một hôm 1h mới được về , đó là chưa kể chiều còn có học , không có thời gian để ăn cơm sửa soạn .",negative,hanh_vi
1805,"thầy dạy hay và rất vui , ngoài các kiến thức môn học .",positive,hanh_vi
1806,"dạy hay , dễ hiểu , nhiệt tình .",positive,hanh_vi
1807,"cung cấp giáo trình đầy đủ , phiên bản có thể xem được trên máy tính pdf hoặc doc .",positive,cung_cap_tai_lieu
1808,"nhiệt tình , giảng dạy chi tiết cụ thể .",positive,ky_nang_giang_day
1809,sinh viên chưa tiếp xúc được với giáo viên .,negative,hanh_vi
1810,"chưa tận tâm trong giảng dạy , không nghiên cứu kỹ bài giảng trước khi lên lớp .",negative,hanh_vi
1811,thầy dạy hay dễ hiểu vui tính colonsmilesmile .,positive,ky_nang_giang_day
1812,"thầy vui tính , nhiệt tình , dạy dễ hiểu .",positive,hanh_vi
1813,thầy dạy rất vui nhộn colonsmile .,positive,ky_nang_giang_day
1722,"giảng viên thân thiện , nhiệt tình trong giảng dạy như hướng dẫn thực hành hay giải đáp thắc mắc của sinh viên .",positive,hanh_vi
1814,thầy cần cho nhiều bài tập hơn .,positive,de_xuat
1815,kỹ năng nghe và nói còn ít thực hành .,negative,kinh_nghiem
1816,cô dễ thương dạy dễ hiểu và tạo cảm hứng học tập .,positive,ky_nang_giang_day
1817,tránh trường hợp lý thuyết chưa học mà làm bài thực hành .,negative,bai_tap
1212,"giáo viên nhiệt tình , dạy đúng kiến thức , có thực tiễn .",positive,hanh_vi
1818,tính thực tế cũng cao so với việc thi lý thuyết lấy điểm .,positive,kinh_nghiem
1819,"khi giảng thầy chưa chỉ rõ trọng tâm của bài để sinh viên nắm bắt và dễ tiếp thu hơn , giọng thầy còn nhỏ , đều đều .",negative,ky_nang_giang_day
1820,đề thi quá dài .,negative,bai_tap
1821,"thầy vui tính , hướng dẫn bài tập kỹ lưỡng , tạo cảm giác thoải mái học tập cho sinh viên .",positive,hanh_vi
1822,cách dạy của thầy rất có vấn đề .,negative,ky_nang_giang_day
1823,"giáo viên nghỉ quá nhiều , việc học bù cũng phức tạp , vì trùng giờ với lớp học bù khác , cần giảng dạy đầy đủ hơn .",negative,hanh_vi
1824,"thầy rất nhiệt tình , hướng dẫn thực hành kỹ càng .",positive,hanh_vi
1825,em quí thầy nhưng em phải nói với thầy một cách hài hước và chân thành rằng là việc điểm danh trên lớp không hiệu quả .,negative,noi_chung
1826,thực ra em hiểu không nhiều thầy quá đi sâu vào lý thuyết .,negative,ky_nang_giang_day
1827,khó tính .,negative,noi_chung
1828,cô dạy hơi nhanh về ngữ pháp .,negative,ky_nang_giang_day
1829,rất nản .,negative,noi_chung
1830,giảng viên dạy tương đối dễ hiểu .,positive,ky_nang_giang_day
1831,giảng viên rất nhiệt tình và vui vẻ .,positive,hanh_vi
1832,giảng viên giảng bài tiếp thu tốt .,positive,ky_nang_giang_day
1833,dạy tốt đúng trọng tâm những gì cần biết .,positive,ky_nang_giang_day
1834,"theo em , môn học cần có sự hệ thống lại , đặc biệt nêu rõ các mối quan hệ giữa các bài với nhau , giúp sinh viên vận dụng tốt hơn kiến thức của mình .",negative,chuong_trinh_hoc
1835,thầy dạy nhiệt tình và luôn tạo cảm giác thoải mái cho sinh viên khi tiếp thu kiến thức .,positive,ky_nang_giang_day
1836,giúp đỡ sinh viên trong việc đưa ra những định hướng của tương lai .,positive,hanh_vi
1837,"thầy tận tâm , dạy dễ hiểu , vui tính , lớp học thoải mái dễ tiếp thu .",positive,hanh_vi
1838,bài tập thầy cho khá hay và dễ hiểu bài .,positive,bai_tap
1839,"cô dạy rất nhiệt tình và tài liệu của cô rất cụ thể dễ hiểu , cô hướng dẫn rất tận tình .",positive,ky_nang_giang_day
1840,môn học này giúp chúng em hiểu ra những vấn đề cơ bản .,positive,kien_thuc
1841,"thầy chỉ rất tận tâm , nhiệt tình , giảng lý thuyết rất ổn .",positive,kien_thuc
1842,"cô dạy hơi khó hiểu , phức tạp hóa vấn đề .",negative,ky_nang_giang_day
1843,mong giảng viên lưu tâm !,negative,hanh_vi
1844,không thể hài lòng .,negative,noi_chung
1845,cho bài tập hay và nhiều .,positive,bai_tap
1846,"thầy dạy dễ hiểu , cho nhiều ví dụ sinh động .",positive,ky_nang_giang_day
1847,rất thất vọng !,negative,noi_chung
1848,thầy nghỉ quá nhiều .,negative,hanh_vi
1849,lịch thi thực hành cần được thông báo sớm tới sinh viên và phù hợp với thời gian môn học .,negative,chuong_trinh_hoc
1850,thầy rất hiền và kiên trì giảng dạy cho lớp mặc dù môn học này đối với em không được hứng thú lắm .,positive,hanh_vi
1851,giảng viên nhiệt tình lên lớp rất đúng giờ .,positive,hanh_vi
1852,khả năng truyền đạt tốt .,positive,ky_nang_giang_day
1853,"vui tính , cách giảng thu hút .",positive,ky_nang_giang_day
1854,"thầy dạy nhiệt tình , dễ hiểu .",positive,hanh_vi
1855,"nhiệt tình với sinh viên , giảng dạy dễ hiểu , tận tình giúp đỡ sinh viên .",positive,hanh_vi
1856,giảng viên tận tâm hướng dẫn sinh viên .,positive,hanh_vi
1857,"đề kiểm tra không phù hợp với các dạng bài được hướng dẫn trong lớp , ra kiểm tra các dạng bài mới , phân bổ nội dung trong bài kiểm tra không đồng đều với nội dung giảng dạy .",negative,cham_diem
1858,"nhiệt tình , vui tính , thảo luận nhiều .",positive,hanh_vi
1859,"giáo viên giảng dạy không hề dễ hiểu , không truyền đạt được kiến thức .",negative,ky_nang_giang_day
1860,giảng viên có khả năng truyền đạt và phương pháp giảng dạy dễ hiểu .,positive,ky_nang_giang_day
1861,"thầy cho ít bài tập để làm , toàn bộ bài tập em làm đều là do các bạn ở lớp khác chia sẻ .",negative,bai_tap
1862,"giảng dạy rất tốt tận tình , cẩn thận .",positive,hanh_vi
1863,"thầy giảng dạy với tâm huyết cho sinh viên , có nhiều cách sáng tạo khi giảng dạy !",positive,hanh_vi
189,"dạy nhiệt tình , khách quan .",positive,hanh_vi
1864,cô khá hiền và cho nhiều bài tập .,positive,hanh_vi
1865,"nhiệt tình , khả năng truyền đạt tốt .",positive,ky_nang_giang_day
1866,trao đổi bài học tại lớp rất sôi động .,positive,ky_nang_giang_day
1867,"thầy rất tận tâm trong giảng dạy , sử dụng các thiết bị phục vụ bài giảng rất hiệu quả , định hướng các công việc cụ thể cho sinh viên trong tương lai , tạo tâm lý tự tin , thoải mái , truyền cảm hứng cho sinh viên .",positive,thiet_bi_day_hoc
1868,em nghĩ là môn học này nếu thầy cho làm các đồ án thực tế áp dụng design pattern sẽ hay hơn và giúp chúng em hiểu sâu hơn thi lý thuyết .,negative,kinh_nghiem
1869,giảng viên giảng bài rất hay .,positive,ky_nang_giang_day
1870,sinh viên có thể hiểu bài và áp dụng vào bài tập .,positive,bai_tap
1871,"giảng viên rất nhiệt tình , công bằng trong việc chấm điểm .",positive,hanh_vi
1872,thầy hay đi trễ và nghỉ dạy nhiều .,negative,hanh_vi
1873,cô dạy hay và nhiệt tình với sinh viên .,positive,ky_nang_giang_day
1874,thêm nhiều bài tập hay .,positive,bai_tap
1140,"giảng viên quá bận với công việc của mình , không đảm bảo được nội dung môn học , chưa cung cấp tài liệu liên quan đến môn học , chưa tận tâm .",negative,cung_cap_tai_lieu
1875,thầy cung cấp đủ các tài liệu giảng dạy .,positive,cung_cap_tai_lieu
1876,"cô quá tuyệt vời , rất nhiệt tình , dễ hiểu , lại dễ thương nữa .",positive,hanh_vi
1877,tận tình và truyền đạt tốt .,positive,hanh_vi
1878,"rất nhiệt tình , nhưng cách truyền đạt còn hạn chế , nên sự tiếp thu từ thầy là rất ít .",negative,ky_nang_giang_day
1879,"tích cực , nhiệt tình giảng dạy .",positive,hanh_vi
1880,giảng bài cảm thấy rất buồn ngủ .,negative,ky_nang_giang_day
1881,"khả năng truyền đạt , giao tiếp rất kém , kiến thức không vững , thiếu khả năng tương tác với sinh viên .",negative,hanh_vi
1882,cô giáo nhiệt tình trong lúc dạy .,positive,hanh_vi
1883,"thầy tận tâm , vui tính .",positive,hanh_vi
1884,"thầy rất nhiệt tình , nói rất nhiều đến khản giọng mà sức truyền tải không bằng thầy wzjwz159 .",positive,hanh_vi
1885,cô dạy rất vui và nhiệt tình dễ hiểu bài .,positive,hanh_vi
465,"thầy dạy tốt , có tâm huyết trong quá trình giảng dạy .",positive,hanh_vi
1886,"thứ nhất , môn mạch số quá "" hiếm "" tài liệu tham khảo ngay cả khi em tìm từ các nguồn trên internet , slide bài giảng thầy đưa ra không thể nào đáp ứng được khả năng tự nghiên cứu , tự học để rồi ứng dụng làm các bài tập mà thầy cho cuối cùng là làm các bài kiểm tra đánh giá .",negative,cung_cap_tai_lieu
1887,cần làm nhiều bài tập .,negative,bai_tap
1888,thầy nói chuyện chưa nghe rõ cho lắm .,negative,ky_nang_giang_day
1889,"cảm ơn cô và chúc cô nghỉ đẻ vui vẻ , mẹ tròn con vuông !",positive,noi_chung
754,"giảng viên nhiệt tình , giải thích kỹ càng .",positive,hanh_vi
1890,thầy wzjwz199 rất nhiệt tình trong quá trình giảng dạy .,positive,hanh_vi
1891,nói quá nhanh !,negative,ky_nang_giang_day
1892,lên lớp đảm bảo thời gian và công tác giảng dạy .,positive,noi_chung
1893,có tương tác tốt với sinh viên .,positive,hanh_vi
1894,"giảng viên không giải thích gì về bài tập , nếu có giải thích thì chỉ qua loa cho xong .",negative,ky_nang_giang_day
1895,cô rất hiền colonsmile .,positive,hanh_vi
1896,thường xuyên điểm danh .,negative,hanh_vi
1897,"nói thuyết trình , nhưng thực ra các bạn chỉ lên đọc slide thôi , và kết quả , ai ở nhóm nào chỉ hiểu được nội dung của nhóm mình trình bày mà thôi .",negative,ky_nang_giang_day
1898,yêu cầu môn học thì mập mờ và thiếu thực tế .,negative,kinh_nghiem
1899,cần có sự thay đổi trong các file tài liệu cung cấp cho sinh viên ví dụ như cần nhiều ví dụ hoặc các bài tập từ dễ đến khó hơn để sinh viên tự chủ động trong việc học sẽ giúp sinh viên nhớ lâu hơn .,negative,bai_tap
1900,"dạy đúng giờ , thường xuyên đưa bài tập lên moodle , tạo cơ hội cho học sinh rèn luyện kỹ năng nghe và nói nhiều .",positive,ky_nang_giang_day
1901,hài hước .,positive,ky_nang_giang_day
1902,"thầy tận tâm , truyền đạt tốt kiến thức .",positive,ky_nang_giang_day
1903,cô giúp cho tụi em xác định được mục tiêu và mong muốn đạt được khi học môn học này .,positive,ky_nang_giang_day
1904,thầy dạy hay và ứng dụng thực tế .,positive,ky_nang_giang_day
1905,"kiến thức thu được là con số 0 , ngao ngán với bài tập cách giảng dạy của giảng viên .",negative,ky_nang_giang_day
1906,em cám ơn !,positive,noi_chung
1907,"thầy dạy rất tận tâm và dễ hiểu , tuy bị mất căn bản nhập môn lập trình nhưng sau mỗi buổi học của thầy , em cảm thấy vô cùng hứng thú và có động lực hơn với môn lập trình hướng đối tượng nói riêng và những môn có liên quan đế lập trình khác nói chung .",positive,ky_nang_giang_day
1908,giảng dạy đầy đủ kiến thức .,positive,ky_nang_giang_day
1909,thầy hay đi muộn .,negative,hanh_vi
1910,chúng em mong cô cải thiện giọng nói dễ nghe hơn .,positive,de_xuat
1911,"nên cập nhât giáo trình , tài liêu vì tài liệu từ 10 năm trước , rất cũ so với hiện nay .",negative,cung_cap_tai_lieu
1912,"thầy ít lên lớp , học một học kỳ mà chỉ học được 2 buổi .",negative,hanh_vi
1473,"thầy giảng bài rất thú vị , nhiệt tình .",positive,hanh_vi
1913,thầy dạy hơi nhanh một chút .,negative,ky_nang_giang_day
1914,không giúp đỡ sinh viên trong những vấn đề xung quanh .,negative,hanh_vi
1915,giảng dạy hết mình .,positive,ky_nang_giang_day
1916,"thầy giảng bài khó hiểu , không trình bày cách giải bài tập cho sinh viên .",negative,ky_nang_giang_day
1917,"cô dạy tận tâm , nhiệt tình , cho làm bài tập phù hợp để giúp sinh viên hiểu bài dễ dàng .",positive,hanh_vi
1918,"cô quá khó tính , giảng bài chưa thật sự thu hút .",negative,hanh_vi
1919,cần chỉ dẫn các bước giải toán chi tiết hơn để cho sinh viên hiểu vì đây là một môn học khó .,neutral,de_xuat
1920,"vui vẻ , tận tâm , nhiệt huyết , nhiều kinh nghiệm .",positive,hanh_vi
1921,điều này khiến giảng viên khó xử .,negative,hanh_vi
1922,"tụi bạn em nó nói hỏi bài thầy thì mặt thầy có gì đó nghiêm trọng nhưng đối với em có bao giờ chuyện đó xảy ra , thầy nói chuyện rất là thật cái nào thầy chưa biết là thầy nói chưa biết ngay , thầy dạy xuất sắc 1 giáo viên trẻ quá tuyệt vời .",positive,ky_nang_giang_day
419,"hướng dẫn tốt , tận tình .",positive,ky_nang_giang_day
1923,thầy rất nhiệt tình và cố gắng truyền đạt hết mức có thể .,positive,hanh_vi
1924,cám ơn thầy .,positive,noi_chung
1925,"thầy giảng rất chi tiết , rất nhiệt tình .",positive,hanh_vi
1926,"thầy nhiệt tình , vui tính , cách dạy thoải mái , khả năng truyền đạt tốt , quan tâm đến sinh viên .",positive,ky_nang_giang_day
1927,"cô nói nhanh , liên tục nhiều khi em không thể nghe kịp .",negative,ky_nang_giang_day
1928,"cần cải cách lại nội dung các bài thực hành , một số kiến nội dung trong bài thực hành đã trở nên lỗi thời .",negative,bai_tap
1929,"nhiệt tình , giải bài tập nhiều .",positive,hanh_vi
1930,giảng viên không nhiệt tình giải đáp thắc mắc .,negative,hanh_vi
1931,"phần thực hành quá sơ sài , trợ giảng cho thực hành chỉ đưa tài liệu tiếng anh cho đọc và đưa bài về cho làm , không có sự hướng dẫn .",negative,cung_cap_tai_lieu
1932,nên hơi choáng do tự học quá nhiều .,negative,noi_chung
1933,nói chung em không hài lòng với năng lực giảng dạy của thầy wzjwz164 .,negative,ky_nang_giang_day
1934,lý thuyết đi nhanh làm tụi em hiểu bài dựa trên ví dụ .,positive,kinh_nghiem
1935,"chú tâm , hướng dẫn cho từng học sinh , tương đối dễ hiểu .",positive,hanh_vi
1936,tiếng anh nói lưu loát .,positive,noi_chung
1937,"dạy không có chuẩn bị trước , chỉ đọc slide .",negative,ky_nang_giang_day
1938,có khả năng truyền đạt tốt .,positive,ky_nang_giang_day
1939,nhiệt tình dạy dễ hiểu .,positive,ky_nang_giang_day
1940,"vui vẻ , thân thiết với học sinh tạo cảm giác thoải mái .",positive,hanh_vi
1941,"giảng viên dạy hay , tận tâm , dễ hiểu bài .",positive,hanh_vi
1942,giảng viên truyền đạt được ý hiểu đến sinh viên .,positive,ky_nang_giang_day
1943,giảng viên không nhiệt tình .,negative,hanh_vi
1944,"tận tâm , quan tâm sinh viên !",positive,hanh_vi
1945,"khiến người học có cảm giác như đang tham gia hội nghị đa cấp thay vì đang học , nội dung môn này nên có thêm phần nói về đạo đức của người kỹ sư , cử nhân ngành công nghệ thông tin thay vì nói về những thứ không thực tế .",negative,ky_nang_giang_day
1946,cô quá đẹp colonlove .,positive,noi_chung
1947,thầy giải thích tận tình các lỗi .,positive,ky_nang_giang_day
1948,sử dụng phần mềm crack .,negative,noi_chung
1949,"học thoải mái , ít áp lực .",positive,noi_chung
1950,phương pháp dạy giúp thoải mái ( kể chuyện ) .,positive,ky_nang_giang_day
1951,cô dạy lý thuyết hơi nhanh .,negative,ky_nang_giang_day
1952,môn học chỉ nên có một giảng viên đứng lớp để đảm bảo tính liên tục cho bài học .,positive,de_xuat
1953,kiến thức giảng rất khó hiểu .,negative,kien_thuc
1954,không quan tâm tới sinh viên khi làm thực hành .,negative,hanh_vi
1955,môn này là môn em đi học nhiều nhất .,positive,noi_chung
1956,có thể do đặc thù môn học với cách giảng dạy nên hơi khó hiểu .,negative,ky_nang_giang_day
1957,"giảng viên nhiệt tình , phương pháp giảng dạy dễ hiểu .",positive,ky_nang_giang_day
1958,thầy dạy có hiệu quả .,positive,ky_nang_giang_day
1959,"thầy tận tâm với sinh viên , luôn nghĩ cho sinh viên .",positive,hanh_vi
1960,"em có ý kiến là thầy nên ra thêm nhiều bài tập , chia sẻ thêm nhiều tài liệu hơn .",negative,cung_cap_tai_lieu
1961,cô dạy tốt truyền đạt hay dễ hiểu .,positive,ky_nang_giang_day
1962,giảng tốt .,positive,ky_nang_giang_day
1963,thầy hiền và nhiệt tình với sinh viên .,positive,hanh_vi
1964,"thầy dễ thương , đẹp trai , kiến thức chuyên môn cao , tận tâm , nhiệt tình trả lời thắc mắc của sinh viên , em yêu thầy , hy vọng được gặp thầy ở các môn học sau .",positive,hanh_vi
1965,em rất thích những tiết sửa bài tập của cô .,positive,hanh_vi
1966,"thầy vui tính , dạy hay , dễ hiểu .",positive,hanh_vi
1967,"thầy không sửa bài tập , trên lớp thầy chỉ giảng lý thuyết theo em như thế là ít có hiệu quả .",negative,hanh_vi
1968,"em nghĩ thầy dạy hơi chậm so với lớp khác nhưng mà thầy dạy đảm bảo chất lượng , rèn được cho bọn em khả năng làm việc nhóm , thuyết trình , cách trả lời câu hỏi .",positive,kinh_nghiem
1969,đôi chỗ vẫn khó hiểu .,negative,ky_nang_giang_day
1970,"đi dạy đúng giờ , chất lượng giảng dạy tốt .",positive,ky_nang_giang_day
1971,"vui vẻ , biết lắng nghe ý kiến của sinh viên .",positive,hanh_vi
1972,giảng viên giảng dạy rất hay và nhiệt tình .,positive,hanh_vi
1973,thầy dạy rất hay chỉ chỉ bảo tận tình .,positive,ky_nang_giang_day
1974,"nhiệt tình , truyền đạt kiến thức đến sinh viên tốt .",positive,ky_nang_giang_day
1505,"thầy dạy có tâm , rất hay , hiểu tâm lý sinh viên .",positive,hanh_vi
1975,"giảng nhanh , không kỹ .",negative,ky_nang_giang_day
1976,"nhà trường nên tuyển chon them những giảng viên có trình độ cao , phù hợp với mức kiến thức của môn học .",positive,kien_thuc
1311,nhóm trưởng không làm thì đồ án bỏ không .,negative,hanh_vi
1977,thường xuyên đặt câu hỏi cho sinh viên trả lời .,positive,hanh_vi
1978,"vui vẻ , thân thiết với sinh viên tạo cảm giác thoải mái .",positive,hanh_vi
1979,"hình thức thực hành mới lạ , thu hút .",positive,kinh_nghiem
1980,"truyền đạt tốt , bám sát đề thi , bài giảng cung cấp đầy đủ .",positive,cung_cap_tai_lieu
1981,"giảng nhiệt tình , sử dụng tốt website môn học để thảo luận , trao đổi với sinh viên .",positive,hanh_vi
1982,đề thi thực hành quá khó .,negative,bai_tap
1983,"dạy dễ hiểu , dễ gần .",positive,ky_nang_giang_day
1984,thầy dạy và giảng giải nhiệt tình .,positive,ky_nang_giang_day
1985,"thầy tận tâm , dạy hết tất cả mọi thứ mà thầy có .",positive,ky_nang_giang_day
1986,"thầy quan tâm , hỗ trợ nhiều .",positive,hanh_vi
1987,"thầy nói nhiều như trên slide , nếu có nhiều ví dụ cụ thể thì dễ hiểu hơn .",negative,ky_nang_giang_day
1988,"giảng viên khá hài hước , mang lại tiếng cười cho lớp trong quá trình giảng dạy .",positive,ky_nang_giang_day
1989,"vui , hay .",positive,noi_chung
1990,giảng viên hướng dẫn tận tình chu đáo .,positive,hanh_vi
1991,"vui tính , tận tình chỉ dạy , nhưng nhiều nội dung giảng chưa kỹ và khó hiểu .",positive,hanh_vi
1992,"nhiệt tình , tâm huyết với học sinh .",positive,hanh_vi
1993,"thầy dạy khá hay nhưng cho bài tập đột xuất , đôi khi thầy nói các vấn đề hơi nhanh .",negative,bai_tap
1994,"giảng dạy hay , nhiệt tình .",positive,hanh_vi
1995,"thầy quản lý lớp chưa tốt , những sinh viên lười như em rất hay nghỉ học .",negative,hanh_vi
1996,"thầy nhiệt tình , vui tính , công bằng .",positive,hanh_vi
1325,thầy là người dạy môn chính trị có hồn nhất em từng học .,positive,hanh_vi
1997,"sự nhiệt tình của giảng viên , tạo động lực cho sinh viên học tập tốt .",positive,hanh_vi
1998,nhiệt tình thân thiện .,positive,hanh_vi
1999,thầy dạy nhiệt tình và đến lớp đúng giờ .,positive,hanh_vi
2000,"giảng viên hướng dẫn làm bài tập , dạy dễ hiểu .",positive,ky_nang_giang_day
2001,bài tập ở lớp giúp ích rất nhiều cho việc học .,positive,bai_tap
2002,thầy dạy dễ tiếp thu kiến thức .,positive,ky_nang_giang_day
2003,giảng viên rất tận tình trong việc giảng dạy .,positive,hanh_vi
2004,giảng viên giảng bài kỹ .,positive,ky_nang_giang_day
2005,"cô dạy rất nhiệt tình , yêu sinh viên , luôn đi đúng giờ .",positive,hanh_vi
2006,giáo viên đứng lớp dạy rất hay .,positive,ky_nang_giang_day
2007,có sai nhận sai và sửa đổi khắc phục .,negative,noi_chung
981,"giảng viên dạy hay , sửa bài tập kỹ .",positive,cham_diem
2008,"nội dung môn học quá nhiều so với thời lượng một học kỳ , môn trong toàn bộ chương trình đào tạo thì chỉ có duy nhất môn này liên quan đến tín hiệu số và là một phần khá quan trọng trong kỹ năng kiến thức cần có , nhưng thời lượng bố trí chỉ có một học kỳ và chỉ một môn , khiến nội dung phải nhồi nhét khá nhiều , kiến thức chỉ ở cơ bản và không thể chuyên sâu được .",negative,kien_thuc
2009,"giảng viên tận tình , chu đáo , gần gũi sinh viên .",positive,hanh_vi
2010,"giảng viên cần hỗ trợ sinh viên nhiều hơn , hướng dẫn sinh viên về bài tập thực hành .",negative,hanh_vi
2011,"chia % điểm bài tập , % điểm thi thực hành chưa hợp lý .",negative,bai_tap
2012,"dạy không đủ bài giảng có thi , không giúp sinh viên mở rộng các bài tập liên quan đến bài giảng , chỉ dạy y chang theo slide mà không rõ sinh viên đã hiểu chưa .",negative,cung_cap_tai_lieu
2013,"dạy nhiệt tình , thân thiện .",positive,hanh_vi
2014,thầy wzjwz187 dạy có tâm và luôn hỗ trợ khi có thắc mắc .,positive,hanh_vi
2015,"cô wzjwz73 dạy môn này rất truyền cảm , em rất thích môn này .",positive,hanh_vi
2016,"dạy buồn ngủ , quá thụ động , không lắng nghe học viên .",negative,hanh_vi
2017,"chứ chép bài tập rất mất thời gian , đã thế mỗi lần chép là mấy chụp bài !",negative,bai_tap
2018,nhìn chung thầy dạy tốt và khá hiền .,positive,hanh_vi
2019,"giảng viên dạy không hay , đề tài cô đưa ra không hấp dẫn .",negative,bai_tap
2020,cô giảng dễ hiểu và nhiệt tình .,positive,hanh_vi
2021,tâm sự của một đứa sinh viên bị thầy đánh rớt .,negative,hanh_vi
2022,"dạy hay nhưng chưa tích cực lắm , cần có phương thức dạy sôi nổi , vui tươi , tận tình hơn một chút sẽ rất hoàn chỉnh .",positive,de_xuat
2023,"ít kinh nghiệm , dạy khó hiểu , kỹ năng giao tiếp kém , giảng bài cực khó hiểu .",negative,hanh_vi
2024,thầy dạy và hướng dẫn rất kỹ .,positive,ky_nang_giang_day
2025,"cho bài tập thương xuyên , đều đặn .",positive,bai_tap
2026,"thầy dạy rất tốt, mong là có thêm bài tập về nhà và bắt buộc nộp .",positive,de_xuat
537,"thầy dạy tận tình , vui tính , dễ trao đổi , kiến thức được thầy truyền đạt rất kỹ càng .",positive,hanh_vi
2027,thầy có lòng nhiệt thành nhưng theo em thì khả năng truyền đạt của thầy không được tốt dẫn đến chúng em không hiểu và dù thầy có lòng nhưng chúng em không thể tiếp thu được nên mong sao thầy có thể truyền đạt một cách dễ hiểu nhất cho sinh viên có thể áp dụng làm bài tập ngay trong giờ lý thuyết để dễ hiểu hơn .,positive,de_xuat
2028,"giảng dạy tích cực , vui vẻ .",positive,hanh_vi
2029,thầy phân tích sâu sắc các vấn đề .,positive,kien_thuc
2030,"thầy giáo rất nhiệt tình trong việc hỗ trợ sinh viên , giúp sinh viên hiểu ra được các khuyết điểm đồ án học tập của các nhóm .",positive,hanh_vi
2031,"giảng viên chủ động tận dụng thời gian lên lớp , sắp xếp và nêu rõ các phương pháp và cho sinh viên bài tập và tài liệu đầy đủ hơn .",positive,bai_tap
2032,nếu cho được điểm 11 thì em cũng cho luôn .,neutral,noi_chung
2033,"giảng viên nhiệt tình , truyền đạt nhiều kiến thức thực tế .",positive,kien_thuc
2034,"thêm nữa , thầy cũng không muốn nhìn thấy một sinh viên ngủ gục trên bàn mà vẫn có tên trong danh sách điểm danh .",negative,hanh_vi
2035,thầy nhiệt tình dễ hiểu .,positive,hanh_vi
2036,"theo em , chất lượng học ở trung tâm itp rất tốt nhưng chương trình em học nó lại ngắn hơn so với chương trình thì rất ít xấp xỉ 1 - 3 so với học bên ngoài đồng nghĩa với việc phải học một buổi chỉ được 2 tiếng rưỡi mà có khi em phải học 3 chương nên rất khó tiếp thu .",positive,noi_chung
2037,cô giáo nói rõ ràng dễ hiểu .,positive,ky_nang_giang_day
2038,"có hoạt động outdoor , rèn luyện kỹ năng quay phim , dựng phim .",positive,kinh_nghiem
2039,giáo viên cần đảm bảo giờ lên lớp .,negative,hanh_vi
2040,tận tình chỉ bảo .,positive,hanh_vi
2041,"chỉ có mỗi giọng nói của giảng viên hơi khó nghe , nhưng sinh viên vẫn thông cảm vì điều đó là không thể nào thay đổi được .",negative,ky_nang_giang_day
2042,"đẹp trai , dạy tốt .",positive,ky_nang_giang_day
2043,anh dạy rất hay và thú vị .,positive,ky_nang_giang_day
2044,các thông tin về môn học luôn rõ ràng .,positive,cung_cap_tai_lieu
2045,cô rất đúng giờ và rất nhiệt tình trong chỉ dẫn học sinh khi có thắc mắc .,positive,hanh_vi
2046,mong thầy yêu thương tất cả học trò của mình !,positive,noi_chung
2047,"các slide khó hiểu , ngôn ngữ trong slide phức tạp , lòng vòng vì vậy giảng viên cần chỉnh sửa lại slide giảng dạy .",negative,cung_cap_tai_lieu
2048,cô rất nhiệt tình trong việc giảng dạy và giao tiếp với sinh viên .,positive,hanh_vi
2049,"cho em xin đính chính bài phiếu khảo sát môn đại số tuyến tính của thầy wzjwz190 rất hoàn hảo , thầy rất tận tâm , tận lực với nghề , truyền cho sinh viên tất cả kiến thức mà thầy có , rất nhiệt tình , chu đáo , thảo luận sôi nổi , hồi âm kết quả qua mail rất nhanh , và giúp học sinh hiểu rất rõ về bài giảng , bài đánh giá của em về thầy có chút nhầm lẫn , mong nhà trường chỉnh lại giúp em .",positive,hanh_vi
2050,"có cái em còn copy trên mạng xuống dot nhưng cơ mà nhờ thầy hỏi , thắc mắc nhóm em mà nhóm em càng hoàn chỉnh cái đồ án hơn , hiểu được là mình đang học gì , đồ án mình đang làm là gì ?",positive,hanh_vi
453,"cô dễ thương , dạy quá có tâm .",positive,ky_nang_giang_day
2051,"giảng dạy dễ hiểu , tận tình .",positive,ky_nang_giang_day
2052,cô cực kỳ nhiệt tình .,positive,hanh_vi
2053,rất thu hút .,positive,noi_chung
2054,chưa rõ mục tiêu và các bước thực hiện bài tập truy vấn dbpedia và tạo ontology .,negative,bai_tap
2055,giáo viên còn nhiệt tình trả lời các câu hỏi thắc mắc của sinh viên đưa ra .,positive,hanh_vi
2056,cô ít cười đôi khi gây cảm giác căng thẳng trong học tập .,negative,hanh_vi
1204,"giảng rất dễ hiểu , liên hệ thực tế nhiều .",positive,ky_nang_giang_day
2057,"thầy truyền đạt kiến thức tốt , phương pháp hiệu quả để em tiếp thu được môn học .",positive,kien_thuc
2058,điều này có được do cô thỉnh thoảng có mời các thầy nước ngoài đến dự và hỗ trợ các nhóm thuyết trình ngay trong lớp học .,positive,ky_nang_giang_day
2059,ít nhiệt tình .,negative,hanh_vi
2060,"giọng nói của thầy có tính ổn định quá cao , cần phải bổ sung thêm các xung trầm bổng để không gây buồn ngủ ạ .",negative,ky_nang_giang_day
2061,tiết cuối thầy ôn bài mà không cho đề mẫu cuối kỳ .,negative,hanh_vi
745,"thầy thường chia sẻ rất nhiều bài viết , nghiên cứu khoa học , và các sản phẩm ứng dụng mà thầy thực hiện .",positive,cung_cap_tai_lieu
2062,nêu lên những ví dụ rất hay giúp sinh viên dễ nắm bắt kiến thức .,positive,ky_nang_giang_day
2063,giảng khó hiểu .,negative,ky_nang_giang_day
2064,"nhiệt tình và hòa đồng với sinh viên trong giảng dạy , tính tình hiền lành và dạy rất hay , rất yêu nghề .",positive,hanh_vi
2065,"bên cạnh nội dung môn học , thầy còn chia sẻ nhiều vấn đề hay liên quan đến lĩnh vực công nghệ thông tin .",positive,ky_nang_giang_day
2066,trang bị máy tính tốt hơn .,positive,thiet_bi_day_hoc
2067,thầy đảm bảo phần kiến thức truyền đạt .,positive,ky_nang_giang_day
2068,thầy nên chuẩn bị trước slide lý thuyết vì mỗi buổi thầy viết lại sẽ mất nhiều thời gian .,negative,cung_cap_tai_lieu
2069,"giảng viên quan tâm tận tình tới sinh viên , truyền đạt hiệu quả .",positive,hanh_vi
2070,thầy trả lời mail không có thiện cảm .,negative,hanh_vi
2071,"nhiệt tình , dạy dễ hiểu và quan tâm đến sinh viên .",positive,ky_nang_giang_day
2072,"thầy hiền , vui tính , giảng rất hay , cách dạy thầy bắt học sinh làm nhiều bài tập rất quan trọng .",positive,bai_tap
2073,"thầy không chỉ dạy kiến thức mà còn dạy những kỹ năng như thuyết trình , phản biện , đặt câu hỏi , làm việc nhóm .",positive,kien_thuc
2074,thời gian lên lớp ít nhưng tiếp thu nhiều .,positive,chuong_trinh_hoc
12,"thầy vui tính , dạy dễ hiểu và tận tình .",positive,hanh_vi
2075,"thầy vui tính , tận tâm !",positive,hanh_vi
2076,cô vui vẻ .,positive,hanh_vi
1603,"giáo viên nhiệt tình , truyền đạt tốt .",positive,ky_nang_giang_day
2077,"cô nói nhanh quá , em nghe không kịp .",negative,ky_nang_giang_day
2078,"thầy nhiệt tình , tận tâm giúp đỡ sinh viên .",positive,hanh_vi
2079,"nhiệt tình , trình bày dễ hiểu , giúp đỡ sinh viên .",positive,hanh_vi
2080,thầy dạy khá nhiệt tình và tận tâm dễ hiểu .,positive,ky_nang_giang_day
2081,"giáo viên dễ thương , nhiệt tình , tâm huyết và công bằng .",positive,hanh_vi
1629,cung cấp nhiều kiến thức bổ ích cho sinh viên .,positive,kien_thuc
2082,"nếu em buồn ngủ , dù lên lớp em vẫn sẽ ngủ , mà ngủ ở trên lớp thì đau lưng và tê chân lắm .",negative,noi_chung
489,thầy cần chủ động hơn trong việc dạy và dạy bù ( khi em hỏi các bạn về lịch dạy bù thì hầu hết các bạn được em hỏi đều không biết ) .,neutral,de_xuat
2083,tạo động cơ học tập lâu dài .,positive,noi_chung
2084,các bài tập hay .,positive,bai_tap
2085,phương pháp dạy chưa hay .,negative,ky_nang_giang_day
2086,thầy khá tận tình .,positive,hanh_vi
2087,thầy có chia sẻ nhiều kinh nghiệm thực tế .,positive,kinh_nghiem
2088,"việc cho các bạn học nhóm là không hiệu quả , không nói rõ cách tính điểm quá trình .",negative,bai_tap
2089,không chấm bài thì giảng viên không nên bắt học sinh nộp bài lên moodle .,negative,bai_tap
2090,thiếu hướng dẫn chi tiết .,negative,ky_nang_giang_day
2091,"giảng bài tâm huyết , dễ tiếp thu .",positive,ky_nang_giang_day
2092,"giáo viên nhiệt tình , giảng dạy tốt giúp truyền đạt kiến thức tới sinh viên .",positive,ky_nang_giang_day
2093,cho rất nhiều ví dụ và bài tập mà thông qua đó làm sinh viên dễ tiếp thu bài .,positive,bai_tap
2094,"demo đa dạng , side cập nhật kịp thời , giảng viên hỗ trợ nhanh chóng trên moodle .",positive,hanh_vi
2095,vui nhộn và hài hước .,positive,noi_chung
2096,"thầy cho nghỉ quá nhiểu mà không sắp xếp giáo viên dạy thay , vì vậy dẫn tới việc học bù liên tiếp vào những ngày cuối , khi mà chúng em phải ôn tập những kiến thức khác , vẫn có một số buổi thông báo học bù nhưng sau đó lại thông báo nghỉ đột đột , dẫn tới bị ùn kiến thức , không ai ăn được một vạ gạo một ngày cả tên môn học là "" nhập môn công nghệ phần mềm "" nhưng kiến thức và cách đánh giá năng lực học sinh quá nặng nề , nếu là sinh viên các khoa như phần mềm , hệ thống thì có thể hiểu được , nhưng với những sinh viên khoa khoa học máy tính như chúng em vì đây là môn học bắt buộc thì thật là quá sức và những kiến thức thầy nói quá lạc lõng , mơ hồ .",negative,ky_nang_giang_day
2097,"giảng viên tận tâm , giảng dạy có chất lượng .",positive,hanh_vi
2098,"giảng viên rất tận tâm , nhiệt tình trong công tác giảng dạy .",positive,hanh_vi
2099,"thiếu nhiệt tình với sinh viên , phần lớn lên lớp đưa đề cho sinh viên tự làm và không có gợi ý cũng như tạo điều kiện tốt nhất cho sinh viên .",negative,ky_nang_giang_day
2100,"cô thường xuyên cho nghỉ học ( kể cả học bù ) , tiếng anh còn nhiều sai sót trong cả phát âm lẫn phần viết .",negative,hanh_vi
2101,kỹ những chương cuối .,neutral,noi_chung
2102,cô wzjwz244 nhiệt tình giảng dạy và chú tâm đến tâm lý của sinh viên .,positive,hanh_vi
9,"thầy cho làm rất thực tế , rất hữu ích đối với sinh viên , giúp sinh viên tự tìm tòi rất nhiều , nhiều hơn so với việc dạy lý thuyết nhàm chán .",positive,ky_nang_giang_day
2103,nhiệt tình trong công tác giảng dạy .,positive,hanh_vi
2104,cần chú ý khắc phục .,negative,noi_chung
2105,cô đưa ra nhiều hướng giải quyết khi sinh viên gặp vấn đề với đồ án !,positive,hanh_vi
2106,"giáo viên nói hơi nhỏ , rất khó nghe , và hiểu được bài .",negative,ky_nang_giang_day
2107,"thầy khá nhiệt tình , các nội dung giảng dạy của thầy là những câu chuyện thực tế mà thầy trải qua vì vậy tụi em thích thú hơn .",positive,hanh_vi
2108,"lần được học thầy , thấm nhiều thứ quá .",positive,ky_nang_giang_day
2109,"cô là người dạy hay nhất , nhiệt tình nhất , tận tâm vì sinh viên nhất mà mình từng biết .",positive,ky_nang_giang_day
2110,do thời hạn có hạn và sinh viên đi học nên giảng viên chưa quan tâm được hết tất cả sinh viên .,negative,hanh_vi
2111,kêu thầy hướng dẫn mà không chịu chỉ .,negative,hanh_vi
2112,lên được 1 buổi .,negative,noi_chung
2113,giảng viên có nhiều kinh nghiệm .,positive,kinh_nghiem
1495,"ngoài những kiến thức trên lớp , thầy còn hướng dẫn và giảng dạy nhiều kiến thức mới , hỗ trợ tụi em rất nhiều trong quá trình hoàn thành đồ án .",positive,kien_thuc
2114,"dạy tốt , nhiệt tình , truyền đạt tốt .",positive,ky_nang_giang_day
2115,"nhiệt tình , giảng bài dễ hiểu .",positive,hanh_vi
892,môn học hơi khó hiểu nên cập nhật giáo trình .,negative,ky_nang_giang_day
2116,"các nội dung môn học thầy triển khai không đúng theo khung , mới vào mà thầy dạy servlet thì rất khó hiểu , sinh viên có góp ý qua thầy chủ nhiệm nhưng vẫn không thay đổi .",negative,hanh_vi
2117,hài lòng nhất là đúng giờ .,positive,hanh_vi
2118,cô rất nhiệt tình trong việc truyền đạt kiến thức cũng như sẵn sàng trả lời mọi thắc mắc của sinh viên .,positive,hanh_vi
2119,"giáo viên dạy tân tâm , nhiệt tình , dễ hiểu .",positive,hanh_vi
2120,lên lớp và giảng dạy hiệu quả .,positive,ky_nang_giang_day
2121,giảng viên không đảm bảo giờ lên lớp và không cung cấp tài liệu trên moodle .,negative,hanh_vi
2122,ít bài tập ôn tập .,negative,bai_tap
28,lớp của em do đa số các bạn trầm tính nên đối với bọn em cô là một người rất giỏi và giải đáp đầy đủ cho bọn em .,positive,ky_nang_giang_day
2123,chỉ dẫn cách giải bài tập rõ ràng .,positive,ky_nang_giang_day
2124,"thầy rất vui vẻ và nhiệt tình , chơi ra chơi học ra học .",positive,hanh_vi
2125,"cô rất nhiệt tình , giảng bài khá hay .",positive,hanh_vi
2126,giáo viên nói tiếng hơi khó nghe .,negative,ky_nang_giang_day
2127,cách cô giảng rất nhiệt tình .,positive,hanh_vi
2128,"cách giảng dạy đơn giản , ngắn gọn nhưng dễ tiếp thu .",positive,ky_nang_giang_day
2129,giữa sinh viên và giảng viên chưa có sự trao đổi gắn kết .,negative,hanh_vi
2130,tệ đến mức không tả được .,negative,noi_chung
2131,"ân cần , tận tụy .",positive,hanh_vi
2132,"giảng viên nhiệt tình trong giảng dạy , hệ thống tài liệu học tập được update tốt .",positive,hanh_vi
2133,"thầy dạy kỹ , tận tâm , vui tính .",positive,ky_nang_giang_day
2134,"dạy không lan man mà cần tập trung những vấn đề quan trọng , hệ thống kiến thức cho sinh viên nắm kỹ và làm bài tập nhuần nhuyễn hơn , cho bài tập nhưng cần phải sửa bài !",negative,bai_tap
2135,nhạt nhẽo và khá nhảm .,negative,noi_chung
2136,"seminar thì lung tung , không rõ ràng .",negative,chuong_trinh_hoc
2137,giáo viên giảng dạy tận tình và cho làm nhiều bài tập tại lớp .,positive,bai_tap
2138,thầy dạy rất dễ hiểu sinh động .,positive,ky_nang_giang_day
2139,nói ngắn gọn dễ hiểu .,positive,ky_nang_giang_day
2140,"đề nghị giáo viên dạy đúng giáo trình môn học do nhà trường đưa ra , phần thi giữa kỳ thầy không dạy heapsort nhưng thi lại ra câu này 4 điểm .",negative,ky_nang_giang_day
2141,chúc thầy có một học kỳ khác thành công hơn với môn học hiện tại .,positive,noi_chung
2142,dạy quá tệ .,negative,ky_nang_giang_day
2143,slide trình chiếu đã quá cũ không cập nhật thông tin mới .,negative,cung_cap_tai_lieu
2144,cô thân thiện và rất nhiệt tình .,positive,hanh_vi
2145,"thầy dễ tính thoải mái , vui tính , nhiệt tình .",positive,hanh_vi
2146,trao đổi nhiều với sinh viên .,positive,hanh_vi
978,"tạo nhiều điều kiện để học sinh lấy điểm cộng , giáo án ngắn gọn , dễ hiểu .",positive,ky_nang_giang_day
2147,phản hồi nhanh các thắc mắc của sinh viên .,positive,hanh_vi
2099,"thiếu nhiệt tình với sinh viên , phần lớn lên lớp đưa đề cho sinh viên tự làm và không có gợi ý cũng như tạo điều kiện tốt nhất cho sinh viên .",negative,hanh_vi
2148,thầy rất vui tính và dễ gần .,positive,hanh_vi
2149,dạy và ôn tập tận tình .,positive,hanh_vi
2150,"giảng viên cần chú ý thêm về vấn đề lịch thi speaking , thông báo cho sinh viên biết và chuẩn bị trước nội dung thi .",negative,hanh_vi
2151,"giảng viên dạy nhiệt tình , tận tâm .",positive,hanh_vi
168,"thầy cần quyết đoán hơn , chuẩn bị kỹ tài liệu và dạy nhanh , đủ hơn chút .",negative,ky_nang_giang_day
2152,"thầy giảng hay , hướng dẫn giải bài tập chuẩn , có chuyện vui nghe thú vị .",positive,ky_nang_giang_day
2153,giảng viên khuyến khích sinh viên tự tìm hiểu .,positive,ky_nang_giang_day
2154,giảng viên ôn thi chuẩn xác .,positive,ky_nang_giang_day
2155,"giảng viên dễ thương , truyền đạt kiến thức tốt , dễ hiểu .",positive,ky_nang_giang_day
2156,hoạt động giảng dạy logic và dễ hiểu không có gì để ý kiến .,positive,ky_nang_giang_day
2157,thời gian deadline cho bài tập nên là cuối ngày của buổi dạy tiếp theo hiện nay là 11h55 trước ngày học vì có thể cần lên lớp để trao đổi những vấn đề phát sinh trong lúc làm bài tập để sửa đổi .,positive,de_xuat
2158,"xét điểm quá trình và giữa kỳ thì lại không công bằng , chủ cần đứng lên hỏi là có ngay điểm cộng , nhắc nhở cái sai của thầy là có điểm .",negative,hanh_vi
2159,cách giảng dạy của cô rất hiệu quả .,positive,ky_nang_giang_day
2160,nội dung giảng dạy của giảng viên còn sơ sài .,negative,kien_thuc
2161,không khí học tập thoải mái và hiệu quả .,positive,noi_chung
2162,nhưng thầy cũng cho thời gian hỏi lại những điều chưa hiểu .,positive,hanh_vi
2163,thầy dạy tận tình dễ hiểu .,positive,hanh_vi
2164,chân thành cảm ơn thầy .,positive,noi_chung
2165,"thầy dạy rất hay , rất tốt với sinh viên .",positive,hanh_vi
2166,"cập nhật bài giảng trên trang coursedotuitdotedudotvn đầy đủ , có bài tập hàng tuần .",positive,cung_cap_tai_lieu
2167,"thầy dạy nhiệt tình tạo không khí cho học sinh , giảng cặn kẽ chi tiết , cho nhiều bài tập giúp học sinh hiểu bài và tự học .",positive,ky_nang_giang_day
2168,"nhiệt tình , chỉ bảo hết mình .",positive,ky_nang_giang_day
2169,"cô rất nhiệt tình , bài giảng dễ hiểu .",positive,ky_nang_giang_day
2170,giảng viên đến đúng giờ và luôn điểm danh sau đó khoảng 5 phút .,positive,hanh_vi
2171,"dạy rất từ từ , chi tiết , cho nhiều bài tập .",positive,ky_nang_giang_day
2172,ít thấy giảng viên xuất hiện .,negative,hanh_vi
2173,em chưa gặp thầy lần nào .,neutral,noi_chung
2174,hầu như không có vấn đề gì không hài lòng .,positive,noi_chung
2175,"cô dạy rất hay và nhiệt tình , rất dễ hiểu .",positive,ky_nang_giang_day
2176,"thầy giảng dạy nhiệt tình , tận tụy , tận tình hướng dẫn .",positive,hanh_vi
2177,không có gì để không hài lòng .,positive,noi_chung
2178,còn nhiều thiếu sót nhỏ .,negative,noi_chung
2179,"cách trình bày , diễn đạt kiến thức chưa được tốt .",negative,ky_nang_giang_day
2180,hài lòng về mọi mặt của giảng viên .,positive,kien_thuc
2181,giảng viên trẻ nên tạo sự gần gũi với sinh viên .,negative,hanh_vi
2182,tạo bầu không khí thoải mái cho sinh viên .,positive,hanh_vi
2183,"giảng viên thực hiện giảng dạy nghiêm túc , dễ hiểu , dễ tiếp thu , có nhiều buổi làm bài tập , sửa bài tập để ôn tập cho các kỳ kiểm tra , nghỉ bù đều có thông báo .",positive,ky_nang_giang_day
2184,hy vọng thầy có thể hướng dẫn tốt hơn các kỹ năng của môn học .,positive,de_xuat
2185,"cung cấp kiến thức rộng , chính xác .",positive,kien_thuc
2186,thầy giáo dạy nhiệt tình giúp tiếp cận kiến thức tốt .,positive,hanh_vi
2187,"cô dạy rất nhiệt tình , cung cấp thông tin đầy đủ nhưng vẫn tạo điều kiện cho sinh viên tìm hiểu thêm .",positive,hanh_vi
532,"cô dạy hay , vui .",positive,hanh_vi
2188,điều em không hài lòng nhất là đôi lúc giảng bài hơi nhanh .,negative,ky_nang_giang_day
2189,"giảng viên tận tình , có kinh nghiệm sư phạm .",positive,hanh_vi
2190,hướng dẫn thực hành nhiệt tình .,positive,hanh_vi
2191,"nhiệt tình , tận tâm , giải đáp các thắc mắc một cách nhanh chóng và dễ hiểu .",positive,hanh_vi
2192,đề cương đầy đủ .,positive,cung_cap_tai_lieu
2193,tận tâm đối với sinh viên .,positive,hanh_vi
2194,cô dạy khá khó hiểu cách truyền đạt không rõ ràng .,negative,ky_nang_giang_day
2195,rất hài lòng nên không có gì không hài lòng .,positive,noi_chung
2196,hòa đồng .,positive,hanh_vi
2197,tuần cuối trước khi kỳ thi cuối kỳ được diễn ra thầy nghỉ mà không báo trước .,negative,hanh_vi
2198,thầy dạy rất nhanh .,negative,ky_nang_giang_day
2199,"thầy dạy rất nhiệt tình và tận tâm , quan tâm nhiều đến học sinh .",positive,hanh_vi
2200,giáo viên thờ ơ dạy cho có .,negative,hanh_vi
2201,"giảng viên rất nhiệt tình , phương pháp giảng dạy hay , sinh viên nắm bắt kiến thức ngay trên lớp .",positive,ky_nang_giang_day
925,"giảng viên dạy rất hay , bài tập khá đa dạng , đi thi nắm vững được các dạng nên không cần học tủ , thầy rất nhiệt tình .",positive,hanh_vi
2202,"thầy giảng rất hay , dễ hiểu .",positive,ky_nang_giang_day
2203,"slide tài liệu các chương thường không có , hoặc thường rất ít các bài tập mà chỉ tập trung vào slide ôn tập cuối kỳ fraction giữa kỳ .",negative,bai_tap
2204,bài giảng sống động .,positive,ky_nang_giang_day
1873,cô dạy hay và nhiệt tình với sinh viên .,positive,hanh_vi
2205,đề nghị nhập chung cả 2 lớp lại học thực hành vì số lượng sinh viên quá ít .,negative,chuong_trinh_hoc
2206,"giảng dạy có tâm huyết với học sinh , và giảng hiệu quả .",positive,hanh_vi
2207,"giảng viên nhiệt tình , tận tâm đới với sinh viên .",positive,hanh_vi
2208,"cô dễ thương gần gũi với học sinh , truyền đạt kiến thức tốt , dạy dễ tiếp thu .",positive,ky_nang_giang_day
2209,"giải đáp các thắc mắc của sinh viên , hướng dẫn , theo dõi và giám sát sinh viên trong lúc thực hành .",positive,hanh_vi
2210,phương pháp dạy của thầy thực sự hiệu quả và cuốn hút .,positive,ky_nang_giang_day
2211,chỉ có 1 điểm em không hài lòng đó là đề thi cuối kỳ vô cùng dài .,negative,cham_diem
2212,"thầy vui tính , chuyên môn vững .",positive,hanh_vi
2213,còn một điều nữa .,neutral,noi_chung
2214,"nhiều bài tập , sát với chương trình học và thi .",positive,bai_tap
2215,"giảng viên nhiệt tình , hay sửa lỗi cho sinh viên .",positive,hanh_vi
2216,giảng dạy không tập trung vào chuyên môn .,negative,ky_nang_giang_day
2217,"giảng viên không giới thiệu về nội dung học và kiểm tra ( thi ) , nội dung kiểm tra ( thi ) quá dài so với thời gian làm và phân bố điểm không phù hợp .",negative,hanh_vi
2218,"giáo viên vui tính , dạy dễ hiểu .",positive,ky_nang_giang_day
1699,"giáo viên tận tình , dạy truyền đạt tốt .",positive,ky_nang_giang_day
2219,giảng viên có thể giải nhiều bài tập và giảng kỹ ở mỗi dạng để sinh viên nắm được bài .,positive,ky_nang_giang_day
2220,"thầy dạy tâm huyết , giỏi , truyền đạt được cảm hứng học tập và nghiên cứu cho sinh viên .",positive,hanh_vi
2221,nhưng mong cô giảm tải bớt phần đồ án .,negative,bai_tap
2222,cần bổ sung phần kiến thức pattern severside .,positive,de_xuat
2223,"giảng viên giảng dạy tận tình , áp dụng bài học vào thực tế .",positive,kinh_nghiem
2224,"dạy nhiệt tình , thêm kiến thức bên ngoài .",positive,ky_nang_giang_day
2225,slide bài giảng đầy đủ và có bài tập về nhà .,positive,cung_cap_tai_lieu
2226,cô dạy hay và dễ hiểu và rất nhiệt tình .,positive,ky_nang_giang_day
2227,điều em hài lòng nhất đó là thầy đi rất đúng giờ và không dạy quá nhanh .,positive,hanh_vi
2228,"giảng viên dạy lý thuyết và thực hành cần thống nhất với nhau về nội dung đã được giảng dạy qua mỗi tuần , tránh trường hợp thực hành trước khi học lý thuyết .",negative,ky_nang_giang_day
2229,"thầy dạy hay , không khí vui vẻ và tận tình giải đáp mọi thắc mắc .",positive,ky_nang_giang_day
2230,"thầy vui tính , giảng bài hấp dẫn , mới mẻ .",positive,hanh_vi
2231,hoạt động tổ chức thuyết trình .,neutral,noi_chung
2232,"cô nên trau chuốt lại slide môn học , vì nó được dịch rất khó hiểu và cả sai chính tả nữa .",negative,cung_cap_tai_lieu
2233,giảng viên chấm bài thi hơi khó .,negative,cham_diem
2234,để ra hơi khó .,negative,noi_chung
2096,"thầy cho nghỉ quá nhiểu mà không sắp xếp giáo viên dạy thay , vì vậy dẫn tới việc học bù liên tiếp vào những ngày cuối , khi mà chúng em phải ôn tập những kiến thức khác , vẫn có một số buổi thông báo học bù nhưng sau đó lại thông báo nghỉ đột đột , dẫn tới bị ùn kiến thức , không ai ăn được một vạ gạo một ngày cả tên môn học là "" nhập môn công nghệ phần mềm "" nhưng kiến thức và cách đánh giá năng lực học sinh quá nặng nề , nếu là sinh viên các khoa như phần mềm , hệ thống thì có thể hiểu được , nhưng với những sinh viên khoa khoa học máy tính như chúng em vì đây là môn học bắt buộc thì thật là quá sức và những kiến thức thầy nói quá lạc lõng , mơ hồ .",negative,hanh_vi
2235,để sinh viên tự nghiên cứu quá nhiều .,negative,chuong_trinh_hoc
2236,"thầy dạy tận tâm , truyền đạt tốt .",positive,hanh_vi
2237,"giáo viên dạy khó hiểu , sinh viên không tiếp thu được .",negative,ky_nang_giang_day
2238,buổi học cuối đợt thi giữa kỳ được thông báo nghỉ và lịch bù trên da nhưng thời gian thông báo quá trễ .,negative,chuong_trinh_hoc
2239,"vui vẻ , dễ hiểu .",positive,noi_chung
2240,khi sinh viên hỏi phải có câu trả lời chính xác không được bỏ qua những câu hỏi của sinh viên .,negative,hanh_vi
1770,"nhiệt tình , đề cương đầy đủ .",positive,hanh_vi
2241,"thầy dạy rất nhiệt tình nhưng bị lố giờ nhiều quá , môn học có 4 tiết nhưng lúc nào cũng gần như là 5 tiết .",positive,hanh_vi
2242,"giảng viên dạy dễ hiểu , sát nội dung .",positive,kien_thuc
2243,cô nên thêm phần điểm đi học thực hành .,negative,cham_diem
2244,"nghỉ nhiều buổi thực hành , mất nhiều kiến thức quan trọng của oop không phổ biến và hướng dẫn cụ thể nội dung và phương pháp thực hành không nhiệt tình .",negative,hanh_vi
2245,"vui vẻ , hài hòa , giảng dạy tích cực .",positive,hanh_vi
2246,"thầy vui vẻ , nhiệt tình , khả năng sư phạm tốt .",positive,ky_nang_giang_day
615,cô giảng dạy hay truyền đạt được kiến thức đến sinh viên .,positive,kien_thuc
2247,giảng viên giảng dạy theo đúng thời gian môn học .,positive,ky_nang_giang_day
2248,cô dạy giọng hơi đều đều cho nên dễ ngủ .,negative,ky_nang_giang_day
2249,"giảng viên hiền lành , dễ trao đổi với sinh viên .",positive,hanh_vi
2250,thấy dạy rất hay nhiệt tình .,positive,ky_nang_giang_day
2251,tóm lại em rất hài lòng .,positive,noi_chung
2252,"dạy hay , tận tâm .",positive,hanh_vi
2253,thầy tận tình và đưa ra những video cụ thể giúp sinh viên hiểu sâu và có tầm nhìn trong tương lai của các ngành công nghệ thông tin .,positive,ky_nang_giang_day
2254,"giọng điệu khi nói hơi nhanh khó nghe , khả năng truyền đạt chưa tốt .",negative,ky_nang_giang_day
2255,"thầy giảng bài ít trong khi kiến thức rất nhiều , chủ yếu bảo sinh viên lên google tìm rồi học , bài tập thực hành không đồng nhất với bài học lý thuyết , toàn thực hành trước cả bài học .",negative,hanh_vi
2256,"tuy nhiên cô nên cân nhắc lại về số lượng yêu cầu đối với sinh viên để sinh viên không bị khớp vì quá nhiều dẫn đến làm qua loa cho có , như vậy thì kết quả lại không tốt .",negative,bai_tap
2257,"giảng viên tận tình , khả năng truyền đạt cao .",positive,ky_nang_giang_day
2258,dễ buồn ngủ .,negative,noi_chung
2259,"giảng viên giảng dạy dễ hiểu , cho bài tập và ví dụ hay , sát với bài .",positive,bai_tap
2260,hơi khó .,negative,noi_chung
2261,"lớp học rộng rãi , giãng viên dạy nhiệt tình .",positive,thiet_bi_day_hoc
2262,"chi tiết , dễ hiểu .",positive,noi_chung
2263,cô dạy rất tuyệt .,positive,ky_nang_giang_day
1879,"tích cực , nhiệt tình giảng dạy .",positive,ky_nang_giang_day
2264,"cách diễn đạt dễ hiểu , vui vẻ , tận tình với học sinh .",positive,ky_nang_giang_day
2265,thầy luôn chủ động tạo tranh luận và kiểm tra bài tập đầu giờ để sinh viên dễ dàng nắm bắt kiến thức .,positive,ky_nang_giang_day
2266,"giảng viên nhiệt tình , truyền đạt tốt .",positive,hanh_vi
2267,thầy ra bài tập nhiều nâng cao năng lực thực hành .,positive,bai_tap
944,thầy nhiệt tình giúp đỡ bọn em và chấm bài cũng không thiên vị .,positive,hanh_vi
1839,"cô dạy rất nhiệt tình và tài liệu của cô rất cụ thể dễ hiểu , cô hướng dẫn rất tận tình .",positive,hanh_vi
2268,cô lấy ví dụ thực tế thì đừng có liên quan nhiều quá đến quan điểm cá nhân ghen ăn tức ở của cô với người khác như ví dụ cô nói một người đại gia bỏ tiền tỷ tổ chức sinh nhật cho vợ họ thay vì đi làm từ thiện hay các thứ khác .,negative,ky_nang_giang_day
2269,"dạy dễ hiểu , không bị rối .",positive,ky_nang_giang_day
2270,dạy nhiệt tình nhiều bài tập .,positive,hanh_vi
2271,giảng viên rất tận tâm trong việc giảng dạy .,positive,hanh_vi
2272,sự thân thiện và tận tình .,positive,hanh_vi
2273,chép bài nhiều .,negative,bai_tap
2274,"thường xuyên vào lớp muộn , 8h mới vào tới lớp .",negative,hanh_vi
2275,"đúng giờ , sử dụng thời gian hiệu quả .",positive,ky_nang_giang_day
2276,"cô dạy rất tận tâm , nhiệt tình .",positive,hanh_vi
2277,dạy tận tình và sử dụng nhiều bài tập demo giúp sinh viên hiểu rỏ hơn về bài học .,positive,ky_nang_giang_day
2278,"giảng viên nghỉ dạy quá nhiều , mỗi lần nghỉ chỉ báo trước sớm nhất 1h , có khi còn báo sau khi kết thúc buổi học , trong khi nhiều bạn đã đang ngồi trên xe bus đến trường rồi , làm sao cập nhật thông tin kịp .",negative,hanh_vi
2279,cô dạy hay nhiệt tình .,positive,ky_nang_giang_day
2280,"thầy nên dạy đừng phụ thuộc vào slide , cho thêm nhiều ví dụ để sinh viên cảm thấy hứng thú hơn .",negative,ky_nang_giang_day
2281,"gần gũi , thân thiện với sinh viên , khả năng truyền đạt kiến thức tốt .",positive,hanh_vi
2282,"tuyệt vời , thầy rất tận tâm , đến giờ rất đúng chính xác đên từng phút , giảng bài rất kỹ , khi sinh viên nhờ thầy giảng lại thầy sẵn sàng giảng và giúp đỡ tận tình .",positive,hanh_vi
2283,"giảng viên giảng dạy nhiệt tình , có nhiều bài tập hay .",positive,bai_tap
2284,thầy dạy giỏi .,positive,ky_nang_giang_day
2285,"giảng viên lên lớp đúng giờ , cho nhiều bài tập hay và bổ ích .",positive,bai_tap
2286,cô dạy vui kỹ năng nhiệt tình .,positive,hanh_vi
2287,em thật sự rất thích phong cách dạy học của cô wzjwz146 .,positive,ky_nang_giang_day
2288,"thầy dạy hay , kiến thức thầy có rất nhiều .",positive,kien_thuc
2289,đa số sinh viên tự học và không liên hệ đến giảng viên thực hành .,negative,hanh_vi
2290,"chưa học kiểm thử , bắt làm test thì sao mà làm ?",negative,kien_thuc
2291,cảm ơn cô .,positive,noi_chung
2292,giảng viên không có cách giải quyết gì mà vẫn cho làm bài tập nộp tại chỗ như bình thường .,negative,hanh_vi
2293,"em xin có kiến nghị là nội dung môn học nên gắn bó hơn với nội dung các bài tiểu luận , kiểm tra .",positive,de_xuat
2294,"giáo viên dạy kỹ càng , dễ hiểu .",positive,ky_nang_giang_day
2295,"dạy dễ hiểu , nhiệt tình với sinh viên .",positive,ky_nang_giang_day
2296,"giảng viên nhiệt tình , giải nhiều bài tập .",positive,hanh_vi
459,"thầy dạy dễ hiểu , tận tâm nhiệt tình với sinh viên .",positive,hanh_vi
2297,"nên tăng thời lượng thực hành để đủ thời gian cho giảng viên hướng dẫn thực hành hướng dẫn đầy đủ cho sinh viên , môn này là môn quan trọng trước khi vào chuyên ngành .",positive,de_xuat
2298,tăng cường phần nghe và viết .,neutral,de_xuat
2299,"giáo viên nghỉ không thông báo nhiều lần , ảnh hưởng tới thời gian và công sức của sinh viên .",negative,hanh_vi
249,"những sinh viên được lòng giảng viên trên lớp sẽ qua môn một cách dễ dàng , còn những sinh viên còn lại chỉ cần sai sót nhỏ sẽ rớt môn .",negative,hanh_vi
2300,giảng viên phân tích rõ một vài vấn đề giúp hiểu rõ hơn về các ngành fraction khoa .,positive,ky_nang_giang_day
2301,sự nhiệt tình giải đáp mọi thắc mắc của sinh viên .,positive,hanh_vi
2302,"thầy giảng mà bảo tự mò trên mạng rồi nói lại cho thầy , cách giảng dạy khá mơ hồ khó hiểu , không chi tiết .",negative,ky_nang_giang_day
2303,không thấy đi thực hành buổi nào !,negative,kinh_nghiem
2304,giáo viên dạy nhiệt tình và dễ hiểu .,positive,hanh_vi
2305,vui vẻ với sinh viên .,positive,hanh_vi
2306,phong cách giảng dạy khá hay .,positive,ky_nang_giang_day
2307,thầy dạy rất là chi tiết và tận tâm với sinh viên .,positive,hanh_vi
2308,giảng dạy kết hợp bài tập rất hay và rất dễ nhớ bài vừa mới được dạy !,positive,bai_tap
2309,thầy giảng dạy rất lôi cuốn và dễ hiểu .,positive,ky_nang_giang_day
2310,"các tiết thực hạnh hay , thực tế , không khí vui vẻ .",positive,hanh_vi
2311,"cô nhiệt tình , hoà đồng với học sinh .",positive,hanh_vi
2312,phương pháp giảng bài của thầy khiến sinh viên dễ dàng tiếp thu được kiến thức .,positive,ky_nang_giang_day
2313,"giảng viên nhiệt tình giảng dạy , các bài tập đa dạng phù hợp với lý thuyết .",positive,hanh_vi
2314,em xin cảm ơn những buổi học quý báu của thầy .,positive,ky_nang_giang_day
2315,"dễ hiểu , vui tính .",positive,hanh_vi
2316,"giảng viên truyền đạt chưa tốt , không gây hứng thú cho sinh viên .",negative,hanh_vi
2317,"chào quý thầy cô , phương pháp học tập mới cdio em cảm thấy được áp dụng không hợp lý , ví dụ tuần này thầy wzjwz39 đang dạy vấn đề đó , do kiến thức còn nhiều nên sinh viên chưa nắm , đến tuần sau thầy toàn vào lại dạy một kiến thức hoàn toàn khác .",negative,ky_nang_giang_day
2318,"giảng viên dạy dễ hiểu , nhiệt tình , slide bài giảng đầy đủ , hoạt động học tập sôi nổi .",positive,ky_nang_giang_day
966,"bài giảng hay , bài tập đầy đủ .",positive,ky_nang_giang_day
2319,thầy vui tính trong việc dạy .,positive,hanh_vi
2320,"quan tâm đến sinh viên rất nhiều , có bày nhiều trò chơi hỗ trợ giảng dạy .",positive,hanh_vi
2321,thầy luôn đến lớp đúng giờ và giảng dạy nhiệt tình .,positive,hanh_vi
2322,"có em nào có muốn hỏi hay thắc mắc gì không "" đó là câu mà giảng viên hay nói nhưng thực sự đa số sinh viên không biết gì để hỏi thì khó mà hỏi được .",negative,hanh_vi
2323,"hay nghỉ nhiều buổi , đôi khi lại không có thông báo trước .",negative,hanh_vi
2324,ân cần giải đáp thắc mắc của sinh viên .,negative,hanh_vi
2325,tóm lại đề thi 50% là kiến thức về mạng chủ yếu không tập trung vào hệ điều hành linux .,negative,chuong_trinh_hoc
2326,"giảng viên rất vui tính , giảng dạy nhiệt tình , chi tiết cho sinh viên .",positive,ky_nang_giang_day
2327,"thầy nhiệt tình trong quá trình giảng dạy , có thêm video cho học sinh về tự học thêm .",positive,hanh_vi
2328,"giảng viên dạy dễ hiểu , hướng dẫn bài tập cụ thể .",positive,ky_nang_giang_day
2329,"không áp dụng vào đời sống nhiều , phân chia thời gian học chưa hợp lý .",negative,chuong_trinh_hoc
648,"sau khi làm xong các project của thầy thì thấy level mình tăng lên hẳn , rất quý thầy và gặp lại ở các môn sau .",positive,hanh_vi
2330,sự nhiệt tình tận tâm .,positive,hanh_vi
2331,"cô thường xuyên bổ trợ kiến thức cho sinh viên về các kỹ năng nghe , nói đọc viết .",positive,ky_nang_giang_day
2332,ít chú trọng phần ngữ pháp .,negative,chuong_trinh_hoc
2333,đôi khi giảng dạy quá nhiệt tình mà quên mất cả thời gian ( hết giờ học giảng viên vẫn dạy thêm 10 - 15 phút ) .,negative,ky_nang_giang_day
2334,"đây là một thực hành và là một môn khó , có số tín chỉ bằng 2 lý thuyết nên giảng viên cần giảng một cách khái quát về bài học trước để sinh viên về nhà có thể tự thực hành , chứ chiếu đề lên và bắt sinh viên làm thì bị trống kiến thức .",negative,ky_nang_giang_day
2335,em cảm thấy không có gì không hài lòng cả vì thầy dạy hay .,positive,ky_nang_giang_day
2336,"giảng viên rất nhiệt tình , phần kiến thức giảng dạy cũng rất mới và thú vị .",positive,hanh_vi
2337,giảng viên giảng dạy tân tâm .,positive,hanh_vi
2338,"những bài giảng thiết thực , kèm theo những hình thức học tập mới lạ làm cho sinh viên cảm thấy bớt căng thắng khi học .",positive,ky_nang_giang_day
2339,bài tập nhiều và giảng dạy nhiệt tình .,negative,bai_tap
2340,"cập nhật kiến thức thực tế , giải đáp mọi thắc mắc .",positive,hanh_vi
296,"giảng viên dạy tương đối dễ hiểu , vui tính .",positive,ky_nang_giang_day
2341,"cần phân bố lại thời gian lên lớp , đừng kéo dài thời gian khi đã hết buổi học .",negative,chuong_trinh_hoc
2342,"giảng viên dạy rất tốt , nhiệt tình , khả năng sư phạm cao .",positive,hanh_vi
2343,"hướng dẫn bài tập đầy đủ , phương pháp giải hay !",positive,ky_nang_giang_day
2344,chịu khó .,negative,noi_chung
2345,đều đều không rõ nghĩa .,negative,noi_chung
2346,bài tập và có code tham khảo .,positive,bai_tap
2347,giảng viên thường lên lớp muộn .,negative,hanh_vi
2348,"thầy vui tính , dễ hiểu .",positive,ky_nang_giang_day
2349,"cô rất tận tâm , nhiệt tình và có trách nhiệm cao .",positive,hanh_vi
2350,"giáo trình tiếng anh của thầy có nhiều chỗ khó hiểu , khó tiếp thu .",negative,cung_cap_tai_lieu
2351,"giờ học là 7h30 thì 8h thầy vào lớp , hết tiết là 9h45 nhưng lại học tới 10h15 .",negative,hanh_vi
2352,"thầy dạy rất hay , rất mong thầy tiếp tục công tác tại trường .",positive,hanh_vi
233,kết hợp thực tế trong giảng dạy .,positive,ky_nang_giang_day
2353,"thầy rất hay nói thêm về các tài liệu tiếng anh , các kiến thức mà sách tiếng việt không đề cập , bổ sung nhiều kiến thức hay cho sinh viên .",positive,kien_thuc
1336,thầy giảng dạy tận tâm nhiệt tình .,positive,hanh_vi
205,"cô giảng dạy có tâm và nhiệt tình giúp đỡ sinh viên , giúp sinh viên hiểu sâu và vận dụng các vấn đề đã học vào thực tiễn .",positive,ky_nang_giang_day
2354,"cô dạy dễ hiểu , giải bài tập hướng dẫn chúng em đầy đủ , nhiệt tình .",positive,hanh_vi
2355,"sự tận tâm , nhiệt tình và truyền đạt kiến thức cần thiết cho sinh viên .",positive,hanh_vi
2356,"giảng viên nhiệt tình , thân thiện , truyền đạt kiến thức tốt .",positive,ky_nang_giang_day
2357,"cần tăng những kỹ năng nghe , nói , đọc , viết , tạo môi trường để giao tiếp anh văn hiệu quả .",negative,chuong_trinh_hoc
2358,thầy có nhiệt huyết tuổi trẻ .,positive,hanh_vi
2359,chất lượng không tốt .,negative,noi_chung
2360,có thông báo cho sinh viên rất đầy đủ .,positive,noi_chung
2361,bài giảng bằng tiếng anh giúp sinh viên tiếp cận ngoại ngữ tốt hơn .,positive,ky_nang_giang_day
2362,nhờ cô em hiểu hơn về nội dung bài học và có động lực hơn .,positive,hanh_vi
2363,thầy rất nhiệt huyết trong khi giảng bài .,positive,hanh_vi
2364,"ít nói chuyện trực tiếp với từng học sinh nhiều , ít cầm micro nên học sinh ngồi dưới nhiều khi không nghe rõ hoặc không nghe được .",negative,hanh_vi
2365,cập những những kiến thức mới ở ngoài vào giảng dạy .,positive,de_xuat
2366,"em nhận thấy thầy wzjwz67 rất nhiệt tình trong việc giảng dạy , cung cấp rất nhiều thông tin thực tế cho sinh viên nhằm chuẩn bị kỹ năng khi đi ra ngoài làm việc , phương pháp học gắn sát thực tế , tuy đội lúc có gặp khó khăn nhưng cũng rất bổ ích .",positive,kinh_nghiem
2367,"giảng viên nhiệt tình , giảng thêm kiến thức bên ngoài , cũng như bài tập thêm cho sinh viên mở rộng .",positive,hanh_vi
2368,lớp học trầm .,negative,noi_chung
2369,"chất lượng môn học khá tốt , giảng viên truyền đạt cho sinh viên nhiều kỹ năng có ích , phòng máy đảm bảo về số lượng máy cho sinh viên .",positive,thiet_bi_day_hoc
2370,thầy dạy hay dễ hiểu truyền đạt cho sinh viên những kiến thức tiết học không nhàm chán .,positive,ky_nang_giang_day
2371,"có những trò chơi giúp nâng cao kỹ năng của sinh viên , tạo cơ hội cho sinh viên tập giao tiếp và trình bày một vấn đề trước đám đông bằng tiếng anh .",positive,ky_nang_giang_day
2372,"cô hướng dẫn sinh viên và nhận xét về đồ án rất tận tình , chính xác .",positive,kien_thuc
2373,"giảng dễ hiểu , cho bài tập đầy đủ .",positive,ky_nang_giang_day
2374,dạy gì thi đó .,neutral,noi_chung
2375,"cô nhiệt tình , giúp đỡ sinh viên rất nhiều .",positive,hanh_vi
2376,cô dạy vui vẻ chăm lo đều các sinh viên .,positive,hanh_vi
2377,giúp sinh viên nâng cao được khả năng lập trình .,positive,noi_chung
2378,làm một sinh viên như em không thể đủ nhận thức .,negative,noi_chung
2379,giảng dạy tập trung .,positive,ky_nang_giang_day
2380,"chưa thực sự đi sâu vào nội dung môn học , phần lớn thời gian trên lớp làm bài thực hành mất rồi .",negative,bai_tap
2381,thầy hơi nóng tính .,negative,hanh_vi
2382,truyền cảm hứng môn học .,positive,ky_nang_giang_day
2383,cả cuộc sống sau này lẫn trong môn học .,neutral,noi_chung
2384,khả năng truyền đạt của giảng viên còn gây khó khăn cho sinh viên .,negative,ky_nang_giang_day
2385,"tích cực giúp đỡ sinh viên khi gặp khúc mắc , phương pháp dạy vui , thoải mái xen kẽ chuyên sâu .",positive,hanh_vi
2386,rất hay .,positive,noi_chung
2387,khi hai ngôn ngữ không tương thích thì khó nhận được sự hỗ trợ để giải quyết bài tập .,negative,hanh_vi
2388,"bản thân thầy dạy thực hành mà 3 tuần học liền tương đương 1dot5 tháng mà thầy vẫn không làm được yêu cầu cơ bản của môn học , đó là kết nối oracle trên 2 máy .",negative,ky_nang_giang_day
2389,đừng dư quá nhiều .,negative,noi_chung
2390,"vui , nhiệt tình .",positive,hanh_vi
2391,"cô vui tính , truyền đạt được ý kiến cho học sinh , tạo môi trường làm việc nhóm hiệu quả .",positive,hanh_vi
2392,"nhiệt tình , dễ hiểu , đúng giờ .",positive,ky_nang_giang_day
2393,trong quá trình giảng dạy có kèm theo các phương pháp học tập .,neutral,ky_nang_giang_day
2394,cần giảng viên lên lớp thường xuyên hơn .,negative,hanh_vi
2252,"dạy hay , tận tâm .",positive,ky_nang_giang_day
2395,"giảng viên nhiệt tình giải đáp câu hỏi , thắc mắc .",positive,hanh_vi
2396,"cô tận tình , dạy dễ hiểu , không gây áp lực cho sinh viên .",positive,hanh_vi
2397,thầy giáo tuyệt vời .,positive,ky_nang_giang_day
2398,"bài tập ví dụ nhiều , dễ tiếp thu .",positive,bai_tap
2399,"sinh viên hỏi những cái cơ bản về bài học thì thầy cũng không nắm , thầy kêu hỏi bạn khác rồi làm .",negative,hanh_vi
2400,em rất thích .,positive,noi_chung
2401,"cô dạy rất hay và dễ hiểu , kiến thức về nhiều mặt cuộc sống cũng được lồng ghép vào bài giảng giúp bài giảng sinh động .",positive,kien_thuc
2402,cô rất hiền và tạo sự gần gũi .,positive,hanh_vi
2403,"giảng viên nhiệt tình , giảng dạy tốt .",positive,ky_nang_giang_day
2404,"cô tận tâm , có theo dõi sức học tập của từng bạn .",positive,hanh_vi
2405,trình bày ý trong slide rất chi tiết .,positive,cung_cap_tai_lieu
756,"thầy rất nhiệt tình , tậm tâm , có mở rộng rất nhiều kiến thức thực tế , thực tiễn bên ngoài xã hôi , hướng dẫn và chỉ cho sinh viên các phương pháp học cụ thể tốt nhất .",positive,kinh_nghiem
2406,"giảng viên vui tính , nhiệt tình và tận tâm với công việc .",positive,hanh_vi
2407,giáo trình quá dài yêu cầu giảm bớt .,negative,cung_cap_tai_lieu
2408,"thầy vui tính , nhiệt tình giảng bài dễ hiểu .",positive,ky_nang_giang_day
2409,"những điều này nghe tưởng chừng không liên quan đến môn học , nhưng lại giúp cho sinh viên phần nào có định hướng được công việc tương lai của mình .",positive,chuong_trinh_hoc
2410,giảng viên có tương tác với giáo viên .,positive,hanh_vi
2411,gửi email thắc mắc ít khi trả lời .,negative,hanh_vi
2412,"cung cấp đủ tài liệu về môn học , giảng viên tâm huyết với lớp .",positive,hanh_vi
2413,còn lại ok hết !,positive,noi_chung
2414,"phòng học thoáng mát , trang thiết bị đầy đủ .",positive,thiet_bi_day_hoc
2415,"cần sử dụng giờ lên lớp có hiệu quả , ít nghe điện thoại , ít nghỉ dạy hơn .",negative,hanh_vi
2416,giảng viên hay nhớ nhầm việc dạy lớp này sang lớp khác .,negative,hanh_vi
2417,thường đến lớp trễ .,negative,hanh_vi
2418,nghỉ nhiều nhưng bù ít .,negative,noi_chung
2419,"slide bài giảng cần chậm hơn , nhất là những chương cuối !",negative,ky_nang_giang_day
2420,cung cấp nhiều kiến thức hữu ích chưa được học trong lớp .,positive,kien_thuc
2421,"phương pháp giảng dạy còn thô , không sinh động .",negative,ky_nang_giang_day
2422,"giảng viên chưa có khả năng truyền đạt , kinh nghiệm đứng lớp chưa có !",negative,ky_nang_giang_day
2423,"thầy dạy vui vẻ , nhiệt tình , hòa đồng , dễ hiểu .",positive,ky_nang_giang_day
2424,"nội dung , kiến thức khá chung chung .",negative,kien_thuc
2425,không thu hút được sự chú ý của sinh viên .,negative,ky_nang_giang_day
2426,nhiều nội dung thầy còn dạy hơi nhanh .,negative,ky_nang_giang_day
2427,cách dạy của cô thương rất hiệu quả .,positive,ky_nang_giang_day
2428,giải đáp thắc mắc kịp thời .,positive,hanh_vi
2429,"nếu lần sau có môn thầy , em nhất định sẽ đăng ký colonsmile .",positive,noi_chung
2430,"giảng dạy kỹ kiến thức cơ bản , cho ví dụ và bài tập từ dễ đến khó , hướng dẫn sinh viên giải bài tập .",positive,bai_tap
2431,"tận tình , dễ hiểu .",positive,ky_nang_giang_day
2432,em chỉ mong giảng viên đừng đổi giờ lên lớp nữa ạ .,negative,hanh_vi
2433,một số bài cô giảng khó hiểu .,negative,ky_nang_giang_day
2434,"thầy vào lớp trễ , kéo dài thời gian dạy học qua tiết trống , dạy không đúng với trọng tâm ra đề thi , chấm điểm cuối kỳ quá chậm .",negative,ky_nang_giang_day
2435,"bài tập đa dạng , cụ thể .",positive,bai_tap
2436,"thầy dạy tốt , nhiệt tình và quan tâm sinh viên .",positive,ky_nang_giang_day
2437,cô hướng dẫn rất nhiệt tình .,positive,hanh_vi
2438,thầy giảng nội dung khó hiểu .,negative,ky_nang_giang_day
2439,cô dạy vẫn còn hơi khó hiểu ạ .,negative,ky_nang_giang_day
2440,"giảng viên tận tâm , nhiệt tình , dạy dễ hiểu .",positive,ky_nang_giang_day
2441,dựa vào một game cơ bản để sinh viên hiểu rõ hơn .,positive,kinh_nghiem
2442,lên lớp không đều lắm .,negative,noi_chung
2443,chất lượng kiến thức được giáo viên truyền đạt hay .,positive,kien_thuc
2444,giảng viên nên giảng kiến thức cơ bản kỹ hơn .,negative,ky_nang_giang_day
2445,thầy giảng dạy rất kỹ càng .,positive,ky_nang_giang_day
2446,cách giảng dễ hiểu .,positive,ky_nang_giang_day
2447,giảng viên tận tụy có tâm huyết đối với sinh viên .,positive,hanh_vi
2448,kiến thức giáo viên tốt .,positive,kien_thuc
2449,thầy giảng bài khó hiểu quá .,negative,ky_nang_giang_day
2450,giáo viên nói hơi nhỏ .,negative,hanh_vi
2451,"cô nhiệt tình , giảng bài hiệu quả .",positive,ky_nang_giang_day
2452,dù đã kiến nghị riêng vói thầy nhưng thầy không thay đổi một cách linh hoạt giúp sinh viên nắm được lý thuyết dễ dàng hơn .,negative,hanh_vi
2453,"đôi phần giảng viên nói nhanh , và sửa bài tập thì chữ ghi lại khá nhỏ ( ngồi xa bảng sẽ khó thấy ) .",negative,ky_nang_giang_day
2454,"nên có giáo trình cụ thể để sinh viên dễ dàng tiếp thu , mở rộng kiến thức .",negative,cung_cap_tai_lieu
2455,học để làm gì !,negative,noi_chung
2456,"cho thêm bài tập về nhà , tốc độ giảng giải của thầy cần chậm hơn .",negative,ky_nang_giang_day
2457,không thích thầy .,negative,hanh_vi
2458,dạy đến khi các bạn hiểu rõ thì hãy tiếp tục .,positive,ky_nang_giang_day
2459,"lên lớp trễ , nghỉ không thấy thông báo .",negative,noi_chung
2460,"giảng viên giảng kỹ , dễ hiểu .",positive,ky_nang_giang_day
2461,em rất hài lòng .,positive,noi_chung
2462,viết lên bảng nhiều quá .,negative,ky_nang_giang_day
2463,"giải thích rõ nội dung của mỗi bài trước khi thực hành , giải đáp các thắc mắc của sinh viên trong quá trình thực hành .",positive,ky_nang_giang_day
2464,"trình độ cao , biết cách khiến sinh viên tập trung , hài hước , nhiệt huyết , có tâm .",positive,hanh_vi
2465,nội dung giáo viên yêu cầu quá lớn và quá khó trong khi kiến thức cung cấp lại quá ít .,negative,cung_cap_tai_lieu
2466,ra bài tập rất hay .,positive,bai_tap
2467,"nhiệt tình và vui vẻ với sinh viên , giảng bài kỹ .",positive,ky_nang_giang_day
2468,"rất tốt , không có gì để chê .",positive,noi_chung
2469,"thầy dạy dễ hiểu , nhiệt tình , vui tính .",positive,ky_nang_giang_day
2470,hòa đồng với sinh viên .,positive,hanh_vi
2471,"cần nhiều thời gian hơn nữa cho việc giảng dạy , vì kiến thức đáp ứng cho môn học chưa chuyên sâu .",negative,kien_thuc
2472,"cô giảng dạy nhiệt tình , giúp sinh viên hiểu rõ kiến thức .",positive,kien_thuc
2473,"thầy rất hay đưa những ví dụ rất cụ thể về công nghệ tiến hiện có , rất hay , thú vị .",positive,ky_nang_giang_day
2474,giảng bài rất dễ hiểu .,positive,ky_nang_giang_day
2475,nhưng trên hết tụi em vẫn biết đó là ý tốt của thầy .,positive,hanh_vi
2476,"giảng viên chưa đi sâu vào bản chất của vấn đề , em chỉ học thôi mà không biết bản chất của nó là gì nó có ứng dụng gì sau này cho chuyên nghành của em .",negative,kien_thuc
1456,"giảng viên nhiệt tình , có phương pháp hướng dẫn và sửa bài tập hiệu quả giúp sinh viên nhớ lâu .",positive,bai_tap
2477,thầy vui tính và tận tâm .,positive,hanh_vi
2478,"cô nhiệt tình , dễ thương .",positive,hanh_vi
2479,"phương pháp giảng dạy , truyền đạt kiến thức hay .",positive,ky_nang_giang_day
2480,mong giáo viên có thể giải đáp nhiều bài tập cho sinh viên hơn trên lớp .,negative,hanh_vi
2481,cô giảng có hơi khó hiểu .,negative,ky_nang_giang_day
2482,giáo viên luôn nhiệt tình và gần gũi .,positive,hanh_vi
511,"nhiệt tình , ân cần , đầy đủ kiến thức , hướng dẫn cụ thể dễ hiểu .",positive,ky_nang_giang_day
2483,tuy nhiên thầy ít đùa .,negative,hanh_vi
2484,thầy giảng kỹ bài .,positive,ky_nang_giang_day
2485,"cách nói chuyện của thầy rất thu hút lòng người , giảng bài dễ hiểu , thực tiễn .",positive,kinh_nghiem
2486,nhà trường cần có giáo trình dùng chung cho tất cả các lớp và có một chương trình dạy cụ thể vì mỗi lớp có một kế hoạch học tập riêng mà lại thi chung nên rất khó cho sinh viên .,positive,de_xuat
2487,"giảng viên tận tâm , dạy tốt .",positive,ky_nang_giang_day
2488,thầy nên kết hợp hình ảnh và ví dụ hoá cho từng bước của giải thuật ở trong slide thay vì chữ quá nhiều sẽ khiến sinh viên khó tiếp thu hơn .,negative,ky_nang_giang_day
2489,điểm danh không chính xác .,negative,cham_diem
2490,bài tập hơi khó .,negative,bai_tap
2491,"giảng viên dạy quá nhanh , ít sửa bài tập .",negative,ky_nang_giang_day
2492,không phản hồi câu hỏi cũng như tiếp thu ý kiến của sinh viên một cách nhiệt tình và thoả đáng .,negative,hanh_vi
2493,không hài lòng tất cả .,negative,noi_chung
2494,"thầy hơi nghiêm khắc , nhưng dạy dễ hiểu .",positive,ky_nang_giang_day
2495,thầy dạy rất dễ hiểu và tận tâm .,positive,hanh_vi
2496,"thầy dạy rất dễ hiểu , sát với đề thi .",positive,ky_nang_giang_day
2497,chán lắm luôn .,negative,noi_chung
2498,"giờ thực hành quá ít , bài tập thực hành hằng tuần đều đó , giảng viên hướng dẫn không có nhiều thời gian để hướng dẫn trực tiếp .",negative,hanh_vi
2348,"thầy vui tính , dễ hiểu .",positive,hanh_vi
2499,"bài nào không hiểu hỏi thầy , thầy nhiệt tình giảng lại đến khi bọn em hiểu thì thôi .",positive,ky_nang_giang_day
2500,"ngoài ra , các mặt còn lại em không có ý kiến .",neutral,noi_chung
2501,"cô nhiệt tình , dễ hiểu .",positive,ky_nang_giang_day
2502,"thầy dạy chi tiết , hướng dẫn nhiệt tình .",positive,ky_nang_giang_day
2503,cần có tài liệu bài giảng tự học nhiều hơn .,negative,cung_cap_tai_lieu
2504,"môn căn bản mà thầy không dạy cho sinh viên kỹ , gây không hiểu , mất căn bản .",negative,ky_nang_giang_day
2505,"giáo viên tận tâm , truyền đạt kiến thức dễ hiểu .",positive,kien_thuc
788,"giảng viên giảng dạy dễ hiểu , nhiệt tình .",positive,hanh_vi
2506,"giảng dạy nhiệt tình , cập nhật bài giảng , điểm số nhanh .",positive,cham_diem
2507,"nên cho bài tập theo hình thức file , thay vì chép bảng ( chỉ nên chép bảng bài học thôi ) .",negative,bai_tap
2508,mong thầy lên lớp đừng muộn quá .,negative,hanh_vi
2509,"giáo viên dạy rất dễ tiếp thu , ngoài ra còn bổ sung kiến thức kiến anh .",positive,ky_nang_giang_day
2510,"giảng viên nhiệt tình , tận tâm với công việc .",positive,hanh_vi
2511,cô dạy nhẹ nhàng không gay gắt hay hung dữ .,positive,hanh_vi
2512,thường xuyên trao đổi các vấn đề trên hệ thống moodle .,neutral,hanh_vi
2513,thời gian môn học nên kéo dài hơn .,negative,chuong_trinh_hoc
2514,"giáo viên tận tâm , giảng dạy tốt .",positive,ky_nang_giang_day
2515,chưa thực sự tốt .,negative,noi_chung
1580,"giảng viên nhiệt tình , phương pháp giảng dạy hiệu quả .",positive,ky_nang_giang_day
2516,"gần gũi , phương pháp dạy phù hợp .",positive,ky_nang_giang_day
2517,chưa bao giờ có ý định nghỉ tiết của thầy ( trừ trường hợp ngủ quên colonbigsmile ) .,positive,hanh_vi
2518,"nội dung đa dạng , giảng viên tận tình , học đầy đủ và chi tiết mặc dù đây là môn học mới .",positive,hanh_vi
2519,kiến thức được đưa vào ứng dụng nhiều bài toán .,positive,kinh_nghiem
2520,"cô tận tâm , có những chuẩn mực tốt đẹp của một nhà giáo .",positive,hanh_vi
2521,cám ơn thầy wzjwz296 .,positive,ky_nang_giang_day
2522,mong khoa đổi giảng viên cho môn này vào năm học sau .,negative,ky_nang_giang_day
2523,em thấy việc này khá bổ ích .,positive,noi_chung
2524,"phương pháp dạy của thầy rất hay , cho điểm rất rõ ràng .",positive,cham_diem
2525,thầy giảng hay và tạo hứng thú cho sinh viên .,positive,hanh_vi
2526,"tạo ra được những trò chơi và cách tiếp cận môn học mới mẻ , hiệu quả , giảng viên nhiệt tình , tận tâm với người học .",positive,hanh_vi
2527,thầy dạy hay và rất nhiệt tình .,positive,hanh_vi
2528,đồ án lập trình cần giao ngay đầu học kỳ để sinh viên có thể sắp xếp đầu tư .,positive,de_xuat
2529,hài lòng về cách dạy của cô và cách truyền đạt kiến thức qua môn học này .,positive,ky_nang_giang_day
2530,dạy học .,neutral,noi_chung
2531,rất hiểu tâm lý sinh viên .,positive,hanh_vi
2532,cùng sinh viên giải nhiều bài tập .,positive,bai_tap
2533,cô là giáo viên có tâm và nhiệt huyết nhất em từng gặp .,positive,hanh_vi
2534,không ôn tập cũng như cho cấu trúc đề thi .,negative,noi_chung
2535,cô còn vui vẻ tận tâm nữa nên em rất quý cô .,positive,hanh_vi
2536,rất hài lòng ạ .,positive,noi_chung
2537,"giáo viên giảng dạy nhiệt tình , dễ hiểu .",positive,ky_nang_giang_day
2538,năng cấp phòng máy .,neutral,noi_chung
2539,hi hi .,neutral,noi_chung
2540,"giảng dạy tỉ mỉ , tận tình .",positive,hanh_vi
2541,cần có thêm nhiều tiết bài tập .,negative,bai_tap
2542,"cô dễ thương và tích cực ôn bài sát với trọng tâm , giảng bài nhanh chóng và tập trung những phần cần thiết cho sinh viên dễ hiểu và tiếp thu .",positive,ky_nang_giang_day
2543,lo lắng cho học sinh .,negative,noi_chung
2544,thầy dạy nhiệt tình bài tập và slide hay .,positive,hanh_vi
2545,có lúc thầy lạc đề .,negative,hanh_vi
2546,thầy rất nhiệt tình và chia sẻ nhiều chủ đề thú vị .,positive,hanh_vi
2547,"thực hành hay , tuy nhiên cần tìm hiểu thời gian nhiều sinh viên rảnh nhất không thì sẽ có bạn mất bài của môn .",positive,kinh_nghiem
2255,"thầy giảng bài ít trong khi kiến thức rất nhiều , chủ yếu bảo sinh viên lên google tìm rồi học , bài tập thực hành không đồng nhất với bài học lý thuyết , toàn thực hành trước cả bài học .",negative,ky_nang_giang_day
2548,nắm vững ngữ pháp và nâng cao được kỹ năng viết .,positive,kien_thuc
2549,"giảng dễ hiểu và vui tính , thân thiện .",positive,hanh_vi
2550,"mong thầy dạy bám theo thi nhiều hơn , sửa bài tập trên lớp nhiều hơn .",negative,bai_tap
2551,giáo viên giảng bài dễ tiếp thu .,positive,ky_nang_giang_day
2552,lớp ồn ào .,negative,hanh_vi
2553,giảng viên lý thuyết và thực hành rất nhiệt tình với sinh viên .,positive,hanh_vi
2554,thu hút em học .,positive,noi_chung
2555,vui .,positive,noi_chung
2556,giáo viên nhiệt huyết .,positive,hanh_vi
2557,"cô rất nhiệt tình , tận tâm và gần gũi .",positive,hanh_vi
2558,"mục tiêu quá xa so với sinh viên yếu , sinh viên yếu không theo kịp , chết đuối với thầy .",negative,ky_nang_giang_day
2559,"giảng viên tận tâm , gần gũi với học sinh .",positive,hanh_vi
1491,"giảng viên nhiệt tình , dạy bài kỹ , chi tiết , cập nhật bài giảng liên tục .",positive,kien_thuc
2560,giáo viên rất nhiệt tình đối với sinh viên .,positive,hanh_vi
2561,"thầy dạy tốt , dễ hiểu , hài nữa chứ , nói chung không khí lớp vui vẻ =) .",positive,hanh_vi
2562,môn học quá sâu làm và mới mẻ rất khó nắm bắt để làm bài tập .,negative,bai_tap
2563,"môn học rất khách quan , dễ hiểu .",positive,ky_nang_giang_day
2564,giáo trình cụ thể hơn .,negative,cung_cap_tai_lieu
2565,bài giảng không hay .,negative,ky_nang_giang_day
2566,truyền đạt kiến thức rất dễ hiểu .,positive,ky_nang_giang_day
2567,tích cực giúp đỡ sinh viên .,positive,hanh_vi
2568,loại kiến thức thầy truyền đạt rất có sức thu hút .,positive,kien_thuc
2569,"thưa , em rất hài lòng về các buổi học và sự hài hước của thầy .",positive,hanh_vi
2570,dạy lố giờ .,negative,ky_nang_giang_day
2571,"hướng dẫn rất tận tình , trình bày hướng dẫn rất đẹp , có phong cách , thể hiện một thái độ rất nghiêm túc trong công việc giảng dạy .",positive,ky_nang_giang_day
2572,"nên có thêm nhiều tài liệu học tập , bộ môn này rất ít tài liệu tam khảo trên mạng .",negative,cung_cap_tai_lieu
2573,"cô kiên nhẫn với sinh viên , cách tính điểm trực quan .",positive,hanh_vi
2574,tận tâm hướng dẫn .,positive,hanh_vi
2575,"có nhiều hoạt động mà sinh viên có cơ hội đạt được điểm cộng trên lớp , thầy thân thiện với sinh viên .",positive,hanh_vi
2576,"cô rất tận tình , nghiêm khắc trong giờ học .",positive,hanh_vi
1035,"thưa , thầy thực sự chuyên tâm trong quá trình giảng dạy và các bài tập thầy đưa rất bổ ích , mang tính thực tiễn .",positive,bai_tap
2577,"thầy wzjwz177 rất gần gũi với sinh viên , thầy phát âm tiếng anh cũng rất dễ nghe .",positive,hanh_vi
2578,"cô dạy rất hay , truyển cảm hứng cho học sinh , rất thích học giờ của cô .",positive,hanh_vi
2579,giải thích thuật toán hơi nhanh .,negative,ky_nang_giang_day
553,"thầy cho slide , textbook , bài tập để nghiên cứu và học tập rất đầy đủ cho sinh viên .",positive,cung_cap_tai_lieu
2580,"thầy rất rất là dễ hiểu em từ không hiểu học thầy là hiểu , thầy dạy sâu vấn đề , ví dụ rất rõ ràng đi từ dễ đến nâng cao very good .",positive,ky_nang_giang_day
2581,"gây rất nhiều áp lực cho sinh viên , khó tính .",negative,hanh_vi
2582,"cô dễ chịu , dạy kỹ .",positive,hanh_vi
2583,"thầy ra hiền , chăm lo sinh viên .",positive,hanh_vi
2584,"lý thuyết có lẽ thầy rất hay song về bài tập có lẽ hơi mập mờ về kiến thức , rất thường nhầm lẫn .",negative,kien_thuc
2109,"cô là người dạy hay nhất , nhiệt tình nhất , tận tâm vì sinh viên nhất mà mình từng biết .",positive,hanh_vi
2585,"tại sao thầy không tổng hợp bài tập rồi cho sinh viên đem in , photo ra .",negative,bai_tap
2586,giảng viên nghỉ nhiều .,negative,hanh_vi
284,"kiến thức thầy rộng , tận tình với học sinh như anh em .",positive,kien_thuc
2587,cô chỉ dẫn rất tận tình .,positive,hanh_vi
2588,"giáo viên dạy hay , nhiệt tình và cập nhật các kiến thức bên ngoài vào trong bài giảng .",positive,ky_nang_giang_day
2589,thầy cũng rất hay chỉ dẫn mỗi khi có thắc mắc và thầy cũng chịu khó giảng lại nguyên chương chỉ vì cả lớp chưa hiểu lắm .,positive,hanh_vi
2590,dạy rất tốt .,positive,ky_nang_giang_day
2591,"giáo viên nhiệt tình , vui vẻ .",positive,hanh_vi
2464,"trình độ cao , biết cách khiến sinh viên tập trung , hài hước , nhiệt huyết , có tâm .",positive,ky_nang_giang_day
2592,"giáo viên tận tình , chuẩn bị bài học chu đáo .",positive,hanh_vi
2593,em học được nhiều thứ từ môn này ạ colonlove .,positive,kien_thuc
2594,dạy nhiệt tình tâm huyết .,positive,hanh_vi
2595,thầy rất thoáng và thoải mái .,positive,hanh_vi
2596,"thứ hai , cách giảng của thầy chưa hay rất dễ gây chán chường với sinh viên , cộng với việc tài liệu không đáp ứng đủ để về nghiền ngẫm thì tiết học hôm sau có làm bài tập thì đúng là thảm họa .",negative,ky_nang_giang_day
2597,thái độ giảng dạy của giáo viên khá tốt .,positive,hanh_vi
2598,"ngoài ra sinh viên cũng không có đủ khả năng để hiểu được "" source code "" có tốt hay không .",negative,ky_nang_giang_day
2599,cô wzjwz219 nên làm gắt gao hơn việc kiểm tra bài làm của sinh viên .,negative,cham_diem
2600,"thầy dạy hay , nhất là các buổi có bài tập thì cuốn hút rất nhiều .",positive,bai_tap
2601,không có điều không hài lòng .,positive,noi_chung
2602,"giảng viên rất nhiệt tình , tâm lý , dễ thương , luôn luôn tạo nhiều cơ hội ghi điểm cho sinh viên và tạo mọi điều kiện để sinh viên trao đổi , thảo luận về bài giảng trên lớp cũng như kiến thức liên quan đến môn học .",positive,kien_thuc
2603,nên lắng nghe sinh viên nói .,negative,hanh_vi
2604,"thầy dạy hơi nhiều , nhưng làm bài tập tốt và sát với đề .",positive,bai_tap
2605,một số dạng bài tập khi chưa làm được hỏi thầy thì thầy không trả lời ( các dạng bài khó ) .,negative,hanh_vi
2606,"tinh thần trách nhiệm , nhiệt huyết , vui vẻ hòa đồng với sinh viên .",positive,hanh_vi
2607,"thầy giảng bài tận tâm , cách truyền đạt dễ hiểu , gần gũi với sinh viên và thường hay có lời khuyên có ích .",positive,hanh_vi
2608,"thầy dạy dễ hiểu , phong thái mỹ colonsmile .",positive,hanh_vi
2609,i love teacher x .,positive,hanh_vi
2610,cho nhiều bài tập và hướng dẫn giải rõ ràng .,positive,ky_nang_giang_day
2611,chúc thầy sẽ những thành công trong việc giảng dạy sắp tới .,positive,noi_chung
2612,"hy vọng kỳ sau bộ môn anh văn cải tiến phương pháp dạy , và giáo trình , cho sinh viên nghe nói nhiều hơn , đôi khi bảo sinh viên dịch một đoạn để kiểm tra từ vựng , em thấy giáo viên cũng thương cho sinh viên thảo thuận cặp để nói , nhưng thật sự các bạn không biết nói gì , ngoài việc dịch tiếng việt ghép nghĩa tiếng anh !",positive,hanh_vi
2613,cô rất nhiệt tình với lớp .,positive,hanh_vi
2614,tâm huyết với sinh viên .,positive,hanh_vi
2615,giúp chúng em học tập tốt hơn .,positive,noi_chung
2616,mặc dù đánh good nhưng vì em yếu anh văn nên em không hiểu gì về lý thuyết cả .,negative,kien_thuc
2617,cung cấp đầy đủ thông tin của môn học vào đầu kỳ .,positive,cung_cap_tai_lieu
2618,"khả năng nghe , đọc hiểu được nâng cao .",positive,noi_chung
2619,truyền đạt hơi nhanh .,negative,ky_nang_giang_day
2620,"tận tình , vui tính colonlove .",positive,hanh_vi
2621,"lên lớp đúng giờ , nhiệt tình .",positive,hanh_vi
2622,thầy dạy dễ hiểu bài tập đa dạng .,positive,ky_nang_giang_day
2623,"thầy dạy nhiệt tình , có sự tương tác giữa người dạy và học trong suốt quá trình học tập .",positive,hanh_vi
2624,dễ hiểu vui tính .,positive,ky_nang_giang_day
2625,phương pháp dạy còn hơi khó hiểu .,negative,ky_nang_giang_day
600,"cô rất nhiệt tình với sinh viên , giảng dạy kỹ lưỡng , tâm huyết .",positive,ky_nang_giang_day
2626,không gặp mặt .,negative,noi_chung
2627,sự vui vẻ .,positive,noi_chung
2628,"thầy wzjwz30 là một giảng viên trẻ , vì vậy thầy rất hiểu tâm lý sinh viên và giúp đỡ chúng em rất nhiều .",positive,hanh_vi
2629,cách dạy hay .,positive,ky_nang_giang_day
2630,"giảng dạy nhiệt tình , quan tâm tới sinh viên .",positive,hanh_vi
2631,"đi trễ , dạy chậm .",negative,ky_nang_giang_day
2632,"vui tính , gần gũi sinh viên , giảng khá hay .",positive,hanh_vi
2633,"kiến thức của giảng viên rất tốt , cách trình bày , giảng dạy rất đẹp và hiệu quả .",positive,kien_thuc
2634,"thầy dạy hay , tận tình , gần gũi với học sinh .",positive,hanh_vi
2635,"giảng viên tận tình , diễn đạt dễ hiểu , ví dụ đưa ra cụ thể .",positive,ky_nang_giang_day
2636,"giáo viên vui tính , dạy thực tế .",positive,hanh_vi
2637,"cách giảng dạy của giảng viên dễ tiếp thu , dễ hiểu .",positive,ky_nang_giang_day
2638,"tất cả đều mới mẻ nhưng phải làm trong một thời gian ngắn vào cuối kỳ , trong khi đó sinh viên còn phải học rất nhiều thứ khác .",negative,bai_tap
2639,giảng bài nghe rất dễ hiểu vui tính .,positive,hanh_vi
2640,"cô wzjwz304 rất tận tâm , nhiệt tình giảng dạy , giải đáp thắc mắc rất cụ thể .",positive,hanh_vi
2641,thầy rất tận tâm tới từng nhóm để chỉ và slide bài giảng của thầy rất chi tiết đọc một đến hai lần có thể hiểu được các bước thực hành .,positive,hanh_vi
2642,thầy cho bài tập nhưng không kiểm tra có làm hay không dẫn đến sinh viên hơi lười .,negative,hanh_vi
2643,"thầy dạy rất dễ hiểu , đặc biệt là thầy rất nhiệt tình .",positive,ky_nang_giang_day
2644,không hiệu quả trong việc giảng .,negative,ky_nang_giang_day
2645,gặp giáo viên cũng chỉ là biết mặt để thầy cô còn chấm điểm đồ án hi hi .,negative,hanh_vi
2646,thầy dạy bám sát yêu cầu mà thực tế cần .,positive,kinh_nghiem
2647,"giáo viên hiền , vui tính .",positive,hanh_vi
2648,truyền đạt chưa tốt lắm .,negative,ky_nang_giang_day
2649,"thầy là người rất hài hước , nhiệt huyết và cách truyền đạt rất hay .",positive,ky_nang_giang_day
2650,"thầy dạy tận tụy , tâm huyết .",positive,hanh_vi
2651,thầy thường xuyên trả lời trễ không trả lời mail của sinh viên .,negative,hanh_vi
2652,"thầy cho đề thực hành cũng khá hay , nhưng mà thật thì em toàn code mấy bài đó trên notepad rồi nộp , không test gì cả , nhưng được cái là đồ án 10 thì điểm thực hành cũng 10 luôn .",positive,bai_tap
2653,"đúng giờ , phương pháp tốt .",positive,hanh_vi
2654,không có gì không hài lòng cả .,positive,noi_chung
2655,"mình rất thích những kiến thức mà thầy giảng giải , tuy môn học khô khan mà em vẫn có thể chú ý lắng nghe .",positive,ky_nang_giang_day
2656,cô còn chưa thể tạo ra cho lớp học không khí sôi nổi trong học tập .,negative,hanh_vi
2657,lý thuyết thường chỉ là slide muốn sinh viên hiểu rõ cũng khó .,negative,ky_nang_giang_day
2658,đánh giá môn học sơ sài và không công bằng .,negative,cham_diem
2659,"dạy đầy đủ kiến thức , hỗ trợ sinh viên tốt .",positive,hanh_vi
2660,"giảng viên nhiệt tình , giảng dạy và truyền đạt dễ hiểu .",positive,hanh_vi
2661,đôi lúc tính tình thầy hơi khó nhai colonbigsmile .,negative,hanh_vi
2662,chưa giải quyết thắc mắc của sinh viên thỏa đáng .,negative,hanh_vi
1261,"mặc dù nhiệt tình nhưng khi truyền đạt thì lại khó hiểu , sử dụng ngôn từ gây khó khăn cho việc hiểu bài .",negative,ky_nang_giang_day
2663,giảng viên cần cân nhắc trong việc giao việc cho sinh viên .,negative,hanh_vi
2664,nên tập trung vào nghe và nói tiếng anh nhiều hơn .,positive,de_xuat
2665,thầy dạy khá chi tiết .,positive,ky_nang_giang_day
2666,"thầy dạy rất nhiệt tình , dặn dò đồ án , thi cử rất kỹ .",positive,hanh_vi
2667,dạy quá thời gian quy định .,negative,ky_nang_giang_day
2668,thầy dạy bám sát nội dung cần thiết nhiệt tình .,positive,ky_nang_giang_day
2669,sau kỳ thi giữa kỳ cấu trúc dữ liệu lý thuyết ( chủ yếu là thi về thuật toán sắp xếp ) thì thầy mới cho làm bài tập về các thuật toán sắp xếp .,negative,bai_tap
2670,"tận tình , giảng bài dễ hiểu .",positive,ky_nang_giang_day
143,"học lý thuyết khác hẳn với thực hành , học nhiều buổi thực hành nhưng thầy chỉ cho 2 bài thực hành về sân bóng mà đa số sinh viên không hiểu đề .",negative,bai_tap
2671,lớp học của cô wzjwz25 có đặc điểm là trình độ tiếng anh quá chênh lệch giữa cách sinh viên trong cùng một lớp .,negative,noi_chung
2672,"giảng viên có chuyên môn tốt , giải đáp trả lời thắc mắc đầy đủ từ sinh viên .",positive,kien_thuc
2673,"nhiệt tình , vui tính , giảng dạy dễ hiểu .",positive,ky_nang_giang_day
2674,thầy nên share lại slide cho sinh viên !,negative,cung_cap_tai_lieu
2675,giảng viên không hướng dẫn nhiều cũng như không quan sát theo dõi quá trình thực hành của sinh viên .,negative,hanh_vi
2676,"thầy nhiệt tình , giúp đỡ sinh viên hiệu quả .",positive,hanh_vi
2677,"thầy cho bài tập để sinh viên không quên kiến thức trong kỳ quân sự , thường xuyên cho bài tập không ngừng giải thích và chỉ rõ những cái các chỗ sai của sinh viên trong quá trình làm bài tập .",positive,bai_tap
2678,"sự thân thiện , cởi mở và nhiệt tình .",positive,hanh_vi
2679,giảng viên vần tạo thêm động lực học cho sinh viên .,positive,hanh_vi
2680,cách thầy giảng rất hấp dẫn và dễ hiểu .,positive,ky_nang_giang_day
2681,"những phần trọng tâm bài tập thì cũng không nói được "" đây là phần quan trọng có trong đề thi các em cần chú ý "" .",negative,ky_nang_giang_day
2682,sử dụng thời gian học không hiệu quả .,negative,noi_chung
2683,"giảng viên nhiệt tình chia sẻ những kiến thức thực tế , các kỹ năng xã hội cần thiết , hữu ích .",positive,hanh_vi
2684,thầy rất nhiệt tình và tận tâm .,positive,hanh_vi
2685,"đi trễ , làm việc riêng trong giờ dạy .",negative,hanh_vi
2686,"giảng viên giảng chưa được thu hút , gây nhàm chán .",negative,ky_nang_giang_day
2687,máy thực hành nên cài visual studio 2013 .,neutral,thiet_bi_day_hoc
2688,sơ sài .,negative,noi_chung
2689,"cô dạy rất vui và nhiệt tình , giải bài tập rất chi tiết .",positive,ky_nang_giang_day
2690,"cách giảng bài khó hiểu , vòng vèo , không theo chủ đề .",negative,ky_nang_giang_day
2691,"thầy nhiệt tình , thân thiện , truyền đạt kiến thức tốt , tận tình với học sinh .",positive,ky_nang_giang_day
1672,"cô wzjwz103 dạy rất hay , rất nhiệt tình , cách dạy của cô cũng rất lý thú , tạo sự hứng thú cho sinh viên .",positive,hanh_vi
2692,em chưa bao giờ được thầy reply mail .,negative,hanh_vi
2693,"thầy rất tân tâm , vui vẻ , và có khả năng truyền đạt kiến thức .",positive,ky_nang_giang_day
2694,học song song lý thuyết và thực hành để kiến thức được củng cố hơn .,positive,kinh_nghiem
2695,tốt ạ .,positive,noi_chung
2696,cần giảng kỹ hơn cho sinh viên hiểu bài và có kết hợp với nhiều ví dụ minh họa thực tế .,positive,de_xuat
2697,sự giảng dạy và nhiệt tình .,positive,ky_nang_giang_day
2698,"cô đi dạy đúng giờ , dạy cho sinh viên kỹ năng trình bày bài , dạy kỹ .",positive,ky_nang_giang_day
2699,cô dạy dễ hiểu và thân thiện .,positive,hanh_vi
2700,cần cho thêm giáo trình .,negative,cung_cap_tai_lieu
2701,giảng viên giảng dạy nhiệt tình tận tâm .,positive,hanh_vi
2702,"cần áp dụng vào thực tiễn một cách cụ thể hơn , lý thuyết vẫn còn mang đầu óc tưởng tượng cao .",negative,chuong_trinh_hoc
2703,cách thức giảng dạy chưa phù hợp lắm với sinh viên có học lực chưa tốt .,negative,ky_nang_giang_day
2704,thầy dạy rất hay !,positive,ky_nang_giang_day
2705,thầy duy giảng dạy rất hiệu quả và nhiệt tình .,positive,hanh_vi
2706,giảng viên cần giải đáp các thắc mắc của sinh viên qua facebook hoặc email .,positive,de_xuat
2707,"giảng dạy hay , nhiệt tình , vui tính .",positive,hanh_vi
2708,quan tâm nhiều đến sinh viên .,positive,hanh_vi
2709,kiến thức thầy dạy rất hay và bổ ích .,positive,kien_thuc
2710,cô giảng dạy tận tình .,positive,hanh_vi
2711,học với thầy em học tốt và đạt được điểm cao .,positive,cham_diem
2712,"đầu năm đến giờ gặp thầy được một lần thôi , thầy tổ chức gặp được một lần .",negative,hanh_vi
2713,"rất tận tâm và nhiệt tình trong công việc giảng dạy , em rất ấn tượng với cô .",positive,ky_nang_giang_day
2714,"học tới đâu , ôn tới đó .",positive,noi_chung
2715,"giảng viên là người giảng dạy nhiệt tình , khả năng truyền đạt cực kỳ tốt , tài liệu đi kèm môn học hay .",positive,hanh_vi
2716,"cô nhiệt tình , sẵn sàng giảng lại các kiến thức mà sinh viên chưa nắm được khi học lý thuyết .",positive,hanh_vi
2717,"giảng viên rất nhiệt tình với học sinh , truyền đạt hay .",positive,ky_nang_giang_day
2718,"vui vẻ , tận tình giải đáp thắc mắc và cung cấp nhiều kiến thức bổ ích .",positive,kien_thuc
2719,"giảng viên dạy dễ hiểu , bài tập được giải chi tiết , kỹ càng , dễ hiểu , giảng viên nhiệt tình , hài hước .",positive,bai_tap
2720,"luôn trả lời những thắc mắc của sinh viên , dạy tận tình .",positive,ky_nang_giang_day
2721,"dạy dễ hiểu , sử dụng giờ lên lớp hiệu quả .",positive,ky_nang_giang_day
2722,"có sự tương tác tốt , rèn được kỹ năng nghe , nói tiếng anh .",positive,kinh_nghiem
2723,"thầy dạy rất dễ hiểu , cho bài tập để tiếp thu .",positive,bai_tap
2724,"giảng viên giảng dạy nhiệt tình , phương pháp dạy hay .",positive,hanh_vi
2725,"dạy hay , dễ hiểu , luôn hòa đồng và vui vẻ với sinh viên .",positive,hanh_vi
2726,thầy lên lớp không đúng thời gian và không quan tâm sinh viên .,negative,hanh_vi
2727,"thầy giảng dạy nhiệt tình , hướng dẫn cụ thể cho sinh viên .",positive,ky_nang_giang_day
2728,nope .,negative,noi_chung
1410,"giảng viên tận tâm , nhiệt tình , theo sát tình hình kiến thức sinh viên .",positive,hanh_vi
2729,cô dạy rất hay và quan tâm học sinh .,positive,hanh_vi
2730,cô giáo rất thân thiện .,positive,hanh_vi
2731,"giảng viên dạy dễ tiếp thu , slide trình bày được , giảng viên vui tính , dạy nhiệt tình , tận tình trong công việc .",positive,ky_nang_giang_day
2732,nên giảng nhiều hơn những phần quan trọng .,negative,ky_nang_giang_day
2733,"cô dạy rất nhiệt tình , vui tính dễ hiểu .",positive,ky_nang_giang_day
2734,em không thích như vậy tí xíu nào .,negative,noi_chung
2735,"giảng viên giảng bài dễ hiểu , vui tính , nhiệt tình .",positive,hanh_vi
2736,kiến thức đầy đủ .,positive,kien_thuc
2737,"truyền đạt kiến thức dễ hiểu dễ áp dụng , vui vẻ với sinh viên , hài hước .",positive,ky_nang_giang_day
2738,nhiều việc cần xử lý .,neutral,noi_chung
2739,"thầy tận tâm , nhiệt tình , dạy đễ hiểu .",positive,hanh_vi
2740,nên có thêm nhiều bài tập về nhà để củng cố kiến thức .,positive,de_xuat
2741,thầy không dạy lý thuyết mà chỉ nói sơ qua về một số bài tập nên em không biết nhận xét gì về thầy .,negative,ky_nang_giang_day
25,"cô rất tận tâm , rất ok , em rất thích cách dạy và học của cô ( mặc dù hơi nhanh tí ) .",positive,hanh_vi
2742,lớp ít người nên học thoải mái .,positive,thiet_bi_day_hoc
2743,học nhóm .,neutral,noi_chung
2744,nghỉ và học bù hơi nhiều .,negative,noi_chung
2745,"giảng hay , dễ hiểu , nhiệt huyết .",positive,ky_nang_giang_day
2746,rất nhiều đều không hài lòng với cách giảng dạy của giảng viên như doubledot .,negative,ky_nang_giang_day
2747,"giáo viên rất dễ tính , dạy tận tình .",positive,hanh_vi
2748,"trên lớp , cách truyền đạt của giảng viên rất lan man , khó hiểu , và liên tục cười đùa thiếu nghiêm túc .",negative,hanh_vi
2749,"cô không nên nhắc đi nhắc lại một nội dung quá ba lần  làm cho những bạn hiểu rồi nghe đi nghe lại cảm thấy buồn ngủ , mà chưa chắc những bạn chưa hiểu có nghe hay không .",negative,ky_nang_giang_day
2750,để học sinh của mình không có gì sau kết thúc môn phải chăng đó không là thất bại !,negative,noi_chung
2751,"nên cho ví dụ nhiều , dễ liên tưởng và giải thích rõ .",negative,ky_nang_giang_day
2752,"cô vui tính , hiểu tâm lý sinh viên nên giảng bài rất dễ hiểu .",positive,ky_nang_giang_day
2153,giảng viên khuyến khích sinh viên tự tìm hiểu .,positive,hanh_vi
2753,cảm ơn boss .,positive,noi_chung
2754,"giảng viên cập nhật thông tin về bài học thường xuyên , đầy đủ , mới mẻ .",positive,cung_cap_tai_lieu
2755,"dạy dễ hiểu , thân thiện .",positive,hanh_vi
2756,"giảng viên nhiệt tình , cho bài tập đầy đủ , sử dụng giờ lên lớp hiệu quả và đúng giờ .",positive,ky_nang_giang_day
2757,giáo viên nhiệt tình hòa đồng .,positive,hanh_vi
2758,không sửa bài chi tiết vì nghĩ nó dễ so với học sinh .,negative,bai_tap
2759,giảng viên hay bận họp nên thời gian lên lớp nhiều buổi học bị cắt ngắn .,negative,hanh_vi
2760,nên chú trọng bài tập hơn lý thuyết .,negative,bai_tap
2761,thầy liên hệ thực tiễn rất tốt .,positive,ky_nang_giang_day
2762,giảng viên hay lên lớp muộn .,negative,hanh_vi
2763,và nội dung đó không giúp sinh viên sau này nhiều .,negative,kien_thuc
2764,"tăng thời lượng môn học , nên có thêm những hoạt động ngoại khóa có liên quan đến môn anh văn để sinh viên được trau dồi thêm .",positive,de_xuat
2765,"giảng viên vui vẻ , thoải mái trong giờ học , không gây áp lực .",positive,hanh_vi
2766,thầy dạy vui và truyền đạt nhiều kiến thức về thế giới bên ngoài .,positive,kien_thuc
2767,"nhiệt tình , cố gắng giúp sinh viên hiểu bài .",positive,hanh_vi
2768,cần bài tập có lời giải .,negative,bai_tap
2769,đi dạy mà chỉ đọc slide .,negative,ky_nang_giang_day
2770,một trong những giảng viên yêu thích .,positive,noi_chung
2771,kỹ năng đọc của em còn chưa thể hiện được .,negative,noi_chung
2772,"tận tâm , rất hữu ích .",positive,noi_chung
2773,thầy còn giảng rất hài hước .,positive,ky_nang_giang_day
2774,"các nội dung trong tài liệu môn học chưa đầy đủ và chi tiết , chưa đi sâu vào bản chất của vấn đề , đặc biệt là phần xml và hướng đối tượng .",negative,cung_cap_tai_lieu
843,"cập nhật kiến thức , chương trình đào tạo thực tế ví dụ doubledot việt nam đang bắt đầu chuyển sang giai đoạn ipv6 thì chương trình cũng phải cập nhật theo .",negative,kien_thuc
2775,em rất thích học cô nhưng đáng tiếc là không còn được học cô nhiều nữa .,positive,hanh_vi
2776,thầy hay tính toán sai lặt vặt làm khó theo dõi bài giải .,negative,ky_nang_giang_day
2777,"nội dung bài học đều sát với thực tế , lý thuyết dễ hiểu .",positive,kien_thuc
2778,"thầy dạy rất nhiệt tình và tận tâm , luôn chỉ dẫn tận tình những gì học sinh không hiểu .",positive,ky_nang_giang_day
2779,"thầy giảng dạy , đưa ra các câu hỏi rất sát với đề tài các nhóm , giúp chúng em có nhiều kiến thức hơn về đề tài của các nhóm .",positive,kien_thuc
2780,học vui .,positive,noi_chung
2781,đồng thời bài tập và tài liệu thầy thực sự được cung cấp rất nhiều .,positive,bai_tap
2782,giảng viên dạy tận tình hiệu quả .,positive,ky_nang_giang_day
2783,khả năng truyền đạt kiến thức sinh viên khó tiếp thu hết .,negative,ky_nang_giang_day
1006,"giáo viên hướng dẫn chi tiết , nhiệt tình với sinh viên .",positive,hanh_vi
2784,"tiết học thú vị , giảng viên dạy hay .",positive,ky_nang_giang_day
2785,dạy nhiều nhưng không tiếp thu được hết .,negative,ky_nang_giang_day
2786,"giảng viên tận tâm , nhiệt tình trong công tác giảng dạy .",positive,hanh_vi
2787,"tân tâm , nhiệt tình trong lớp lẫn bên ngoài .",positive,hanh_vi
2788,"thầy vui tính , giảng rất thuyết phục .",positive,ky_nang_giang_day
2789,"các slide bài tập hàng tuần rất đầy đủ , kể cả về nội dung thực hành .",positive,bai_tap
2790,"giảng viên dạy rất buồn ngủ , không thu hút sinh viên vào bài giảng .",negative,ky_nang_giang_day
2791,nói chung em rất thích thầy colonsmile .,positive,noi_chung
2792,"thầy dạy hay , dễ hiểu , bài tập bám sát lý thuyết .",positive,bai_tap
2793,em không học được bất kỳ kiến thức gì ở môn này .,negative,kien_thuc
2794,dạy hơi nhanh quá .,negative,ky_nang_giang_day
2795,"cảnh cáo sinh viên đi trễ nhưng giảng viên đi trễ , thường xuyên vắng dạy không có lý do không có thông báo , gây bức xúc , hao tốn thời gian , phí đi lại của sinh viên .",negative,hanh_vi
2796,"giảng viên rất nhiệt tình , cho nhiều bài tập cho sinh viên , tạo điều kiện cho sinh viên chủ động trong việc học tại lớp .",positive,bai_tap
2797,nhà trường cần cài đặt các chương trình học mới nhất để sinh viên làm quen .,positive,de_xuat
2798,"giáo viên sử dụng ngôn ngữ anh rất tốt , dễ hiểu , gây cuốn hút người nghe .",positive,ky_nang_giang_day
2501,"cô nhiệt tình , dễ hiểu .",positive,hanh_vi
2799,"thầy không đảm bảo giờ lên lớp , lớp học bù cũng không được đảm bảo .",negative,hanh_vi
2800,cách giảng bài .,neutral,noi_chung
2801,tốt giỏi chu đáo .,positive,noi_chung
2802,"thầy kể chuyện hay , nhiệt tình , nói các vấn đề sát với thực tế ngành công nghệ thông tin .",positive,kinh_nghiem
2803,thầy thường sai bảo sinh viên làm việc riêng cho thầy trong giờ học .,negative,hanh_vi
74,"cô vui tính , hướng dẫn rất tận tình .",positive,hanh_vi
2804,nhiều lúc cô wzjwz233 hơi nhầm lẫn .,negative,hanh_vi
2805,em mong muốn thầy phân bổ thời gian dạy hợp lý hơn .,positive,de_xuat
2806,"thầy dạy hay , nhiệt tình giúp đỡ sinh viên , dễ tính sẵn sàng giải đáp mọi thắc mắc của sinh viên .",positive,ky_nang_giang_day
2807,phòng học khác phải có màn che .,negative,thiet_bi_day_hoc
2808,chỉ học cho qua chứ không thu lượm được điều gì mới .,negative,kien_thuc
2809,"giảng rất nhiệt tình và vui tính , thân thiện với sinh viên .",positive,hanh_vi
2810,em nghĩ là sau khi hướng dẫn cú pháp trong tiết thực hành thì cô nên có ví dụ cho những trường hợp đặc biệt trong bài tập trong cuối tiết .,neutral,de_xuat
2811,giảng viên có vai trò rất lớn đối với việc tối ưu code của sinh viên .,positive,kien_thuc
2812,"giảng viên mỗi lần lên lớp đều nói "" các em cần gì cứ mail thầy sẽ hỗ trợ "" nhưng không bao giờ trả lời mail sinh viên , sinh viên phải lên đến tận văn phòng khoa để tìm gặp .",negative,hanh_vi
2813,sự tận tình .,positive,hanh_vi
2814,"cách giảng dạy của cô rất dễ hiểu , cô cũng rất quan tâm sinh viên .",positive,ky_nang_giang_day
2815,giảng viên rất gần gũi và giúp đỡ sinh viên .,positive,hanh_vi
6,"thầy cho nhiều bài tập hay và rộng hơn khi học lý thuyết , giúp em biết thêm nhiều thứ hơn .",positive,bai_tap
2816,"thầy rất vui tính , giảng hay và kỹ .",positive,ky_nang_giang_day
2817,"thầy wzjwz243 là một giảng viên rất tâm huyết với sinh viên , thầy truyền đạt rất dễ hiểu bài và kỹ càng .",positive,ky_nang_giang_day
2818,"lên lớp trễ thường xuyên , 2 buổi báo nghĩ vào giờ chót .",negative,hanh_vi
2819,thật đáng buồn !,negative,noi_chung
2820,không dặn dò các học sinh thi các phần nào .,negative,hanh_vi
2821,các bài tập ra có mức độ phân hoá và áp dụng đúng kiến thức đã cho .,positive,bai_tap
874,"giảng viên giảng dạy nhiệt tình , chi tiết , slide bài giảng đầy đủ .",positive,ky_nang_giang_day
2822,không nhiệt tình giảng bài .,negative,hanh_vi
2823,"thầy nói nhiều từ khó nhưng lại nói quá nhỏ và nhanh , em không nghe được từ đó là gì .",negative,ky_nang_giang_day
2824,"giảng viên ra bài tập nhiều , nhưng ít hướng dẫn giải .",negative,ky_nang_giang_day
2825,"giảng viên tận tình , giúp từng sinh viên tiếp cận với bài học , thân thiện với mọi người .",positive,ky_nang_giang_day
2826,bên cạnh việc giảng dạy thầy còn rất kể nhiều câu chuyện những chiêm nghiệm trong cuộc sống cho sinh viên nghe .,positive,ky_nang_giang_day
2827,em không thể hình dung được gì từ slide của thầy .,negative,cung_cap_tai_lieu
2828,"nhiệt tình , kết hợp nhiều hình thức dạy và mini game .",positive,hanh_vi
2829,tốc độ giảng bài hơi nhanh .,negative,ky_nang_giang_day
2830,"thầy đẹp trai , dạy dễ hiểu , hay trò chuyện thực tiễn với học sinh .",positive,ky_nang_giang_day
2831,bài tập thực hành mang tính vận dung cao những kiến thức đã học và sự hướng dẫn tận tình của giàng viên .,positive,hanh_vi
2832,"thầy dạy dễ hiểu , cho nhiều bài tập để làm .",positive,ky_nang_giang_day
2833,"giảng viên không gây hứng thú cho sinh viên , làm sinh viên chán nản .",negative,hanh_vi
2834,nói hay .,positive,noi_chung
2835,giảng bài hơi khó hiểu với lại quá nhanh .,negative,ky_nang_giang_day
2836,cảm ơn .,positive,noi_chung
2837,thầy wzjwz107 dạy rất tốt và giúp chúng em học thêm các kỹ năng mềm .,positive,kien_thuc
2838,"thầy wzjwz192 giảng bài dễ hiểu , cụ thể , chi tiết .",positive,ky_nang_giang_day
2839,giảng viên dạy thực hành cần hướng dẫn những kiến thức bổ sung khi cho sinh viên thực hiện đồ án .,neutral,de_xuat
2840,rất hòa đồng .,positive,hanh_vi
2841,"giảng viên giảng dạy nhanh , truyền đạt khó nắm bắt .",negative,ky_nang_giang_day
2842,"giảng viên tận tình giảng dạy , quan tâm đến sinh viên .",positive,hanh_vi
2843,quá trình giảng dạy vẫn còn chưa thực sự hiệu quả .,negative,ky_nang_giang_day
2844,thầy rất nhiệt tình và tận tâm trong việc chỉ dạy sinh viên .,positive,hanh_vi
2845,chưa chuẩn bị kỹ bài giảng để có thể trả lời các thắc mắc của sinh viên trên lớp .,negative,ky_nang_giang_day
2846,"thầy ôn không đúng , bám sát với đề thi cuối kỳ .",negative,ky_nang_giang_day
2847,slide chi tiết .,positive,cung_cap_tai_lieu
2848,bài học chưa thực sự sinh động .,negative,ky_nang_giang_day
2849,giảng viên rất tận tụy và quan tâm sinh viên .,positive,hanh_vi
2850,"giảng dạy nhiệt tình dễ hiểu , tận tâm với sinh viên .",positive,ky_nang_giang_day
2851,"dạy xúc tích , dễ hiểu .",positive,ky_nang_giang_day
2852,không có gì để hài lòng .,negative,noi_chung
2853,"kiến thức truyền tải nhiều , khó hiểu .",negative,ky_nang_giang_day
2854,đáng để học tập .,positive,noi_chung
2855,"giáo viên cần mẫn , hay có câu hỏi "" hay "" .",positive,hanh_vi
2856,"khác với thầy wzjwz286 dạy lý thuyết , thầy rất nhiệt tình trong việc giảng dạy của mình .",positive,hanh_vi
2857,từ đó bọn em khó mà có được nhiều kiến thức về môn học này .,negative,kien_thuc
2858,giảng viên nhiệt tình và truyền đạt dễ hiểu .,positive,ky_nang_giang_day
2859,tạo niềm vui cho bọn em tuy lý thuyết bọn em rất đuối sức .,negative,ky_nang_giang_day
2860,"thầy dạy nhiệt tình , dễ hiểu nhưng nên có thêm bài tập về nhà có tính điểm giúp sinh viên tiếp thu bài tốt hơn .",positive,ky_nang_giang_day
2861,vui vẻ tận tâm và nhiệt tình .,positive,hanh_vi
1432,thầy dạy rất tâm huyết và nhiệt tình giúp sinh viên có hướng tiếp cận tốt hơn .,positive,ky_nang_giang_day
2862,"cô dạy nhiệt tình và có tâm huyết , dễ hiểu , cô dạy rất hay và cung cấp cho em nhiều kiến thức , trình độ của cô rất giỏi .",positive,ky_nang_giang_day
2863,"cô dạy rất dễ hiểu , nhiệt tình với học sinh , luôn hỗ trợ học sinh .",positive,ky_nang_giang_day
2864,"đến với lớp học của cô wzjwz216 , sinh viên có thể tự nhiên cải thiện kỹ năng giao tiếp của bản thân .",positive,ky_nang_giang_day
2865,thầy wzjwz279 nhiệt tình chia sẻ kinh nghiệm kiến thức thực tế thay cho giáo trình môn học nghèo nàn và không cần thiết .,positive,kinh_nghiem
2866,"thời gian tập luyện quá ít , kỹ thuật khá khó với những bạn lần đậu tiếp cận .",negative,bai_tap
2867,thầy giảng dạy hay và hiệu quả .,positive,ky_nang_giang_day
2868,"nhiệt tình , quan tâm giúp đỡ học sinh .",positive,hanh_vi
2869,cô vào trễ .,negative,hanh_vi
2870,"giáo viên giảng bài dễ hiểu , nhiệt tình .",positive,hanh_vi
2871,cô giảng dạy nhiệt tình và dễ hiểu .,positive,hanh_vi
2872,giảng viên truyền đạt chưa hay .,negative,ky_nang_giang_day
2873,cô giảng dạy nhiệt tình và tận tâm .,positive,hanh_vi
2874,"rất chăm lo cho sinh viên , nhiệt tình .",positive,hanh_vi
2875,quá trình giảng dạy rất dễ hiểu .,positive,ky_nang_giang_day
2876,"thầy gặp rất nhiều vấn đề về thời gian , số ngày học tuy đủ nhưng rất mất thời gian khi thầy đợi bọn em lên lớp rồi mới chịu nhắn cho nghỉ học , rất tội cho những bạn nhà xa .",negative,hanh_vi
2877,"cô dạy khá nhiệt tình , tuy nhiên lý thuyết dạy cô còn hay nhầm lần , làm sinh viên mơ hồ .",negative,ky_nang_giang_day
2878,"giảng bài sinh động , có nhiều cuộc thảo luận trên lớp .",positive,ky_nang_giang_day
2879,em nghĩ học theo phương pháp cũ cây phấn tấm bảng .,negative,ky_nang_giang_day
2880,"giảng chi tiết , giải bài tập nhiều .",positive,ky_nang_giang_day
2881,"thầy nên cho về đúng giờ là khoảng 3h30 , thầy toàn cho về khoảng gần 5h , những bạn ở ngoài về tới nhà là tối rồi .",negative,hanh_vi
1968,"em nghĩ thầy dạy hơi chậm so với lớp khác nhưng mà thầy dạy đảm bảo chất lượng , rèn được cho bọn em khả năng làm việc nhóm , thuyết trình , cách trả lời câu hỏi .",negative,ky_nang_giang_day
2882,toàn phải đi học ké lớp khác .,negative,noi_chung
2883,"đem nhiều hình thức như học từ vựng qua một số hình ảnh , học ngữ pháp qua một số ví dụ cơ bản và một số dẫn chứng thực tế , luyện nói thường xuyên và hỗ trợ sinh viên tự tin khi nói tự tin trình bày vấn đề , luyện nghe thường xuyên hỗ trợ sinh viên có thể hiểu được vấn đề của bài nghe , hỗ trợ các phương pháp đọc viết và một số kỹ năng trong giao tiếp .",positive,kinh_nghiem
2884,"giảng viên truyền đạt chưa tốt , giảng viên chỉ nói về nội dung bài học mà không có hoạt động cho sinh viên ( như đặt câu hỏi thảo luận , làm bài tập ) .",negative,ky_nang_giang_day
2885,tận tâm và tận tình chỉ dạy của giáo viên .,positive,hanh_vi
2886,thầy nên giải thích kỹ hơn .,positive,de_xuat
2887,"thầy giảng rất dễ hiểu , tâm huyết với buổi học .",positive,hanh_vi
2888,ghi lý thuyết và bài tập trên bảng nhiều quá thể .,negative,ky_nang_giang_day
2889,"giảng viên dạy rất nhiệt tình , giúp đỡ sinh viên rất nhiều .",positive,hanh_vi
2890,"thầy tận tình , có cách giảng giải sinh động và chủ động trong việc tìm hiểu sinh viên .",positive,hanh_vi
2891,"giảng viên rất nhiệt tình , giảng bài dễ hiểu .",positive,hanh_vi
2892,sử dụng trang thiết bị hiệu quả cho quá trình học tập .,positive,thiet_bi_day_hoc
2893,em không thích học môn này .,negative,noi_chung
2894,hi vọng thầy có thể cải thiện kỹ năng truyền đạt hơn .,negative,ky_nang_giang_day
2895,không hiểu gì .,negative,ky_nang_giang_day
2896,"không tổ chức thi cuối kỳ môn học , vì lý do làm đồ án đã mất rất nhiều thời gian .",negative,cham_diem
2897,"thầy yêu cầu cao về đồ án , hơi chi tiết , mong thầy có thể nhẹ tay hơn với các em khóa sau .",negative,bai_tap
2898,góp ý cho thầy .,neutral,noi_chung
2899,"không cho bài tập về nhà , phần học thực hành có độ dễ chênh lệch rất nhiểu so với lý thuyết .",negative,bai_tap
2900,ủa mà học có một buổi à dot còn tài liệu tự coi .,negative,chuong_trinh_hoc
2901,"nhưng thầy thử nghĩ nếu em muốn ngủ mà cứ phải lên lớp thì thầy có thích khi nhìn xuống lớp giảng viên thì dạy , sinh viên thì ngủ mà vẫn có điểm danh như vậy thì có được không .",negative,hanh_vi
2902,rất thú vị .,positive,noi_chung
2903,giúp sinh viên làm việc nhóm hiệu quả hơn .,positive,ky_nang_giang_day
2904,"có kinh nghiệm , vui vẻ nhiệt tình .",positive,hanh_vi
2905,"khi lấy điểm quá trình thì lấy đại , ngay những bài chưa hề nhắc đến hay đề cập đến bài tập , tài liệu thì không cung cấp bài tập chỉ trừ slide bài giảng lý thuyết .",negative,bai_tap
2906,"giáo viên tận tâm chỉ dạy , nhiệt tình , giúp đỡ sinh viên .",positive,ky_nang_giang_day
2907,thầy khá là tận tâm trong việc truyền đạt kiến thức .,positive,ky_nang_giang_day
2908,"giảng viên nhiệt tình , dạy đúng giờ .",positive,hanh_vi
2909,thầy cần tranh luận với sinh viên để sinh viên dễ nắm bắt kiến thức hơn .,neutral,ky_nang_giang_day
2910,"nâng cấp máy tính , cho sinh viên thực hành bấm cáp nhiều hơn .",positive,de_xuat
2911,"cô nhiệt tình , thương học sinh .",positive,hanh_vi
2912,"thời gian học không bảo đảm , không có dụng cụ học tập đầy đủ , học cưỡi ngựa xem hoa chưa thể hiện được tinh thần võ đạo .",negative,hanh_vi
2913,"nhiệt tình , vui vẻ , cung cấp kiến thức hay .",positive,hanh_vi
2914,"thời gian được sử dụng tốt , hoạt động liên tục , giảng viên đến đúng giờ .",positive,chuong_trinh_hoc
2915,"khi kiểm tra trên lớp không thông báo trước , sinh viên chưa chuẩn bị bài kỹ .",negative,noi_chung
2132,"giảng viên nhiệt tình trong giảng dạy , hệ thống tài liệu học tập được update tốt .",positive,cung_cap_tai_lieu
2916,"mặc dù em rất thích cách dạy của cô nhưng có một vấn đề là cô dạy hơi nhanh , không phải giảng nhanh bài học mà cách cô nói nhanh , như vậy rất mệt vì phải nói liên hồi , mỗi lần cô nói một hơi xong là em thấy rất thương cô , chắc vì cô quen rồi , nhưng mong cô nói chậm lại một tý .",positive,de_xuat
2917,"cần đưa ra các ứng dụng thực tiễn của môn học , giúp cho sinh viên có thể định hình được họ có thể làm được những gì khi kết thúc môn học , đồng thời có thể áp dụng kiến thức môn học để đáp ứng yêu cầu của thị trường lao động .",positive,de_xuat
2918,giáo viên giảng dạy hay .,positive,ky_nang_giang_day
2919,giảng viên vui vẻ nhiệt tình .,positive,hanh_vi
2180,hài lòng về mọi mặt của giảng viên .,positive,hanh_vi
2920,"năng động , cập nhật kiến thức thêm những kiến thức thực tế và bổ ích .",positive,kien_thuc
2921,"cô giảng theo cách cô cũng tốt , tuy nhiên , lớp chỉ có một vài bạn học được , hay trả lời , những câu cô hỏi cả lớp có hiểu hay không , những bạn đó trả lời là hiểu vậy mà nhiều lúc cô đánh đồng cả lớp hiểu .",negative,hanh_vi
2922,"dạy không tận tình , dạy cho có cho đầy đủ trách nhiệm .",negative,hanh_vi
2923,"thầy giảng dạy nhiệt tình , hiệu quả .",positive,hanh_vi
2924,"giảng viên vui tính , hay liên hệ với thực tế giúp cho sinh viên dễ nắm bắt vấn đề .",positive,kinh_nghiem
2925,để môn này có những hiệu quả và tạo hứng thú cho sinh viên thì doubledot cần có một giáo viên có những kỹ năng hợp lý và đó là người sinh viên nhìn vào đó để học tập .,positive,ky_nang_giang_day
2926,giáo viên tâm huyết với bài giảng .,positive,hanh_vi
2927,"cô xinh đẹp , dễ thương colonsmile .",positive,noi_chung
2928,"thầy dạy vui tính , tận tâm với sinh viên .",positive,hanh_vi
2929,vui tánh .,positive,noi_chung
2930,"không gửi từ vựng , grammar lên courses .",negative,cung_cap_tai_lieu
2931,"mỗi buổi thực hành sinh viên chỉ có nhiệm vụ download bài tập từ courses và tự làm , giảng viên không giảng nội dung thực hành cho sinh viên hiểu , chỉ khi sinh viên hỏi thì mới trả lời , mỗi buổi học thực hành , giảng viên cần phải giới thiệu sơ về bài học , mục tiêu và kết quả sinh viên sẽ học được gì .",negative,ky_nang_giang_day
2932,bài giảng hơi nhanh .,negative,ky_nang_giang_day
2933,ít bài tập hay .,negative,bai_tap
2934,cách dạy học tăng khả năng tự vận động của học sinh .,positive,ky_nang_giang_day
2935,"cô nhiệt tình , cố gắng giúp đỡ học sinh .",positive,hanh_vi
2936,thầy bắt chơi hết game không để mất máu thì khó quá .,negative,ky_nang_giang_day
2937,cô thật nhiệt tình .,positive,hanh_vi
2938,"thầy vui vẻ , dạy dễ hiểu .",positive,hanh_vi
2939,thay vì cho làm kiểm tra wecode thì cho làm trên lớp thuận tiện hơn .,positive,bai_tap
2940,giảng bài đôi khi hơi khó hiểu .,negative,ky_nang_giang_day
2941,"cô vui tính , tận tâm nhiệt tình , có thắc mắc cô đều giải thích rất kỹ và rất sâu .",positive,hanh_vi
2942,em nghĩ nhà trường nên kiểm tra kỹ trình độ giảng viên trước khi bố trí để họ dạy một môn học nào đó .,negative,ky_nang_giang_day
2943,buổi học trước buổi cuối cùng cô wzjwz132 nói buổi sau đi học nhưng bạn nào không đi cũng được vì không có điểm danh nhưng sau đó thì không có người dạy và cũng không thông báo nghỉ .,negative,hanh_vi
2944,"học tập thoải mái , không áp lực .",positive,noi_chung
2945,còn điều không thích nhất vẫn giống cái kia thôi .,negative,noi_chung
2946,"môn học giúp sinh viên vận dụng được các kỹ năng về lập trình , giúp sinh viên hiểu rõ về hướng đối tượng và giúp sinh viên có thể tự làm ra các phần mềm đơn giản cho riêng mình bằng ngôn ngữ c .",positive,kien_thuc
2947,khá tốt .,positive,noi_chung
2948,báo nghỉ không đại trà .,negative,noi_chung
1031,thầy dạy hay cho nhiều bài tập .,positive,bai_tap
2949,"giảng viên dạy nhiều kiến thức thực tế , cách dạy dễ hiểu .",positive,ky_nang_giang_day
2950,odoo quá khó .,negative,ky_nang_giang_day
2951,"giảng viên nhiệt tình , năng động , giảng bài dễ hiểu .",positive,hanh_vi
2952,thầy dạy rất tâm huyết .,positive,ky_nang_giang_day
2953,"rất thích cách dạy của thầy , dễ hiểu , thầy rất tận tình .",positive,ky_nang_giang_day
2954,"thầy giáo tận tình , dạy kỹ , thường đưa ra câu hỏi để xem xét mức độ hiểu biết của sinh viên .",positive,ky_nang_giang_day
2955,"thầy đưa ra những dạng bài hay , bao quát kiến thức cho sinh viên .",positive,bai_tap
2956,nói hơi nhanh .,negative,ky_nang_giang_day
2957,ida pro 64-bit hoàn toàn có thể phân tích các file thực thi 32-bit nhưng các thanh ghi phức tạp hơn nhiều thay cho ida pro 64-bit không phân tích được cái file thực thi 32-bit colonsmile .,negative,noi_chung
2369,"chất lượng môn học khá tốt , giảng viên truyền đạt cho sinh viên nhiều kỹ năng có ích , phòng máy đảm bảo về số lượng máy cho sinh viên .",positive,ky_nang_giang_day
1707,"thầy dạy kỹ , tận tâm với sinh viên , thường xuyên trao đổi với sinh viên ngoài giờ .",positive,hanh_vi
2958,em thích nhất là phần dạy lý thuyết của thầy .,positive,ky_nang_giang_day
107,"giảng viên có trình bày một số vấn đề thực tiễn hữu ích , khích lệ những sinh viên tích cực , phong cách giảng dạy thân thiện tuy có phần lãnh đạm , dễ gây buồn ngủ .",positive,hanh_vi
2959,cô dạy khá dễ hiểu và cô khá thoải mái .,positive,hanh_vi
146,"lên lớp đúng giờ , giảng dạy dễ hiểu .",positive,hanh_vi
2960,"thầy tận tâm , nhiệt huyết , giải đáp câu hỏi của sinh viên , có bổ sung tài liệu tham để giúp sinh viên củng cố và nắm vững kiến thức .",positive,hanh_vi
2961,đã hoàn hảo .,positive,noi_chung
2962,mong thầy sắp xếp giữa việc giảng dạy cũng như việc làm của thầy .,negative,hanh_vi
2963,cô wzjwz259 rất vui và nhiệt tình .,positive,hanh_vi
2964,"giảng viên nhiệt tình , năng động .",positive,hanh_vi
2965,"cô quá chất , đi dạy chỉ cần cái điện thoại .",positive,thiet_bi_day_hoc
2966,dễ tính hiền .,positive,hanh_vi
2967,cập nhật nhiều kiến thức mới .,positive,kien_thuc
2968,hiện giờ em chưa có cách học đúng đắng .,negative,noi_chung
2969,thầy rất tận tình và hiểu sinh viên .,positive,hanh_vi
2970,"thầy wzjwz323 quá tuyệt , em yêu thầy hi hi .",positive,ky_nang_giang_day
2167,"thầy dạy nhiệt tình tạo không khí cho học sinh , giảng cặn kẽ chi tiết , cho nhiều bài tập giúp học sinh hiểu bài và tự học .",positive,hanh_vi
2971,"giảng viên nhiệt tình , không lạm dụng slide , thầy cho sinh viên tự thảo luận , làm bài rồi mới sửa .",positive,hanh_vi
2972,thầy chỉ làm việc của thầy .,negative,hanh_vi
2973,mong giáo viên cải thiện cách dạy dễ hiểu hơn .,positive,de_xuat
2974,"hay dễ hiểu , nhiệt tình .",positive,ky_nang_giang_day
2975,"thưa , thầy luôn đặt nền tảng kỹ và cho chúng em tìm tòi học hỏi nâng cao .",positive,ky_nang_giang_day
2976,"thầy giảng rất hay , chúng em cảm ơn thầy .",positive,ky_nang_giang_day
2977,"cô dạy rất nhiệt tình , cho sinh viên tiếp cận với nhiều thiết bị công nghệ .",positive,hanh_vi
2978,"giảng viên thực hành và lý thuyết đỗ lỗi cho nhau về chậm trễ bàn giao tài liệu , công cụ thực hành .",negative,cung_cap_tai_lieu
2979,giảng viên áp dụng mô hình scrum để làm project là tốt nhưng không thành công .,positive,ky_nang_giang_day
2980,"giảng viên hoàn toàn không trả lời thích đáng các câu hỏi , thắc mắc được đặt ra của sinh viên .",negative,hanh_vi
2981,dễ thương .,positive,noi_chung
2982,"không thông báo cho sinh viên , sinh viên nhiều lần lên trường rồi lại về dot mất thời gian !",negative,hanh_vi
2983,nhiệt tình và quan tâm đên sinh viên hơn .,positive,hanh_vi
2984,"thầy dạy hay , tận tình góp ý từng bài .",positive,ky_nang_giang_day
2985,cách mà thầy giảng bài khiến cho sinh viên không thấy chán trong giờ học !,positive,ky_nang_giang_day
2986,đảm bảo đúng thời gian lên lớp .,positive,de_xuat
2987,trang thiết bị tốt hơn .,positive,thiet_bi_day_hoc
2988,"thầy dạy kỹ , có tâm .",positive,hanh_vi
2989,thầy cần tạo thêm hứng thú cho môn học .,negative,ky_nang_giang_day
2990,"cô dạy khó hiểu , phức tạp hóa vấn đề .",negative,ky_nang_giang_day
2505,"giáo viên tận tâm , truyền đạt kiến thức dễ hiểu .",positive,ky_nang_giang_day
2991,giáo viên dễ tính .,positive,hanh_vi
2992,"điều này thật là "" ảo "" vì không sinh viên nào làm điều đó .",negative,noi_chung
2993,sự tận tâm của giảng viên .,positive,hanh_vi
1232,"cô rất tận tình với sinh viên , hỗ trợ rất tốt cho các bạn , các tài liệu của cô rất thực tế , làm mẫu để các bạn học hỏi .",positive,cung_cap_tai_lieu
2994,"thầy vui tính , dạy kỹ .",positive,ky_nang_giang_day
2995,bơi rất vui .,positive,noi_chung
2996,"đã vậy còn không tôn trọng sinh viên bằng việc cắt ngang buổi seminar của sinh viên với lý do "" em nói nhiều quá , thôi lướt qua phần này đi "" .",negative,hanh_vi
2997,giảng viên chưa hướng dẫn kỹ những bài tập sinh viên không làm được hoặc làm sai .,negative,hanh_vi
2998,sự tận tình của thầy .,positive,hanh_vi
2999,"hơi ít bài tập , giảng hơi nhanh .",negative,ky_nang_giang_day
3000,"nên sử dụng giáo trình tiếng việt , nếu dùng tiếng anh thì nên dùng lúc ra đề luôn , tránh trường hợp anh việt lẫn lộn .",negative,cung_cap_tai_lieu
3001,"cô giáo dễ thương , dạy dễ hiểu .",positive,hanh_vi
3002,sự tận tình đối với học viên .,positive,hanh_vi
3003,được nói cặp .,neutral,noi_chung
3004,"thầy dạy hay , nhiệt tình , vui vẻ , cho đề dễ .",positive,hanh_vi
3005,"mới đầu tiên em nghĩ thầy khó tính gây áp lực cho em , thầy cho làm deadline quá trời mà những lớp khác không có , nhưng đến bây giờ em mới hiểu nhờ thầy em biết được nhiều dạng bài tập hơn , thầy thích hợp dạy môn kiến trúc máy tính , nhưng mà thầy dạy phần cứng hay hơn ấy ạ .",negative,bai_tap
3006,đôi lúc hơi khó hiểu .,negative,ky_nang_giang_day
3007,giảng viên cần lên lớp đúng giờ và giảng dạy đúng thời gian của môn học .,negative,hanh_vi
3008,cô dạy tâm huyết và nhiệt tình .,positive,ky_nang_giang_day
3009,cảm ơn thầy !,positive,noi_chung
3010,cô chủ đọng nhắc nhở các bạn học tập và ai có thắc mắc cô giải đáp hết .,positive,hanh_vi
3011,"slide bài giảng còn lẫn lộn anh việt , phần tiếng việt thì giảng viên lại dùng google dịch nên đọc không hiểu .",negative,cung_cap_tai_lieu
3012,thầy nói hơi nhỏ .,negative,ky_nang_giang_day
3013,tài liệu được bổ sung nhiều và đầy đủ trên moodle .,positive,cung_cap_tai_lieu
3014,hay điểm danh .,positive,noi_chung
3015,"đúng giờ , có bài tập sau mỗi buổi thực hành .",positive,hanh_vi
3016,"thầy dạy rất tốt , em cho 10 điểm .",positive,cham_diem
3017,"đề cuối kỳ ra khá dở , trong khi java có nhiều cái hay thì không ra .",negative,bai_tap
3018,"cô dạy rất là nhiệt tình , dễ tiếp thu không chỉ hỗ trợ về kiến thức môn học mà về kỹ năng mềm cô rất quan tâm đến sinh viên về cả phần học tập cũng như cuộc sống .",positive,hanh_vi
3019,"thầy nên điều chỉnh lại cách giảng bài , thầy nói thường xuyên ngắt nhịp nên buồn ngủ quá .",negative,ky_nang_giang_day
3020,thầy dạy hay nhưng do bận nhiều việc nên thời gian học không đảm bảo .,positive,ky_nang_giang_day
1399,"thầy rất nhiệt tình , giảng chi tiết .",positive,hanh_vi
3021,"luôn quan tâm sinh viên , dạy kiến thức hay , dễ hiểu .",positive,hanh_vi
3022,giảng dạy nhiệt tình tâm huyết .,positive,hanh_vi
3023,"ít trang bị kiến thúc ngữ pháp vững vàng cho sinh viên , ít làm bài tập ngữ pháp trên lớp , một buổi học quá nhiều kiến thức không tiếp thu kịp , áp lực , sửa bài tập nhanh dot chỉ nói bằng miệng nên ít ghi chép để nhớ lâu .",negative,bai_tap
3024,"giảng dạy lý thuyết quá nhiều và rất rất ít bài tập vận dụng để hiểu được bài hôm đó , thiêng về chứng minh định lý định luật quá nhiều mà không đi vào bài tập , cho bài tập thì quá khó để hiểu được vấn đề , cuối cùng lại không biết gì .",negative,ky_nang_giang_day
3025,thầy giảng nhanh trong khi slide ít code .,negative,cung_cap_tai_lieu
580,"giảng viên tận tâm , nhiệt tình , cho sinh viên thuyết trình các chủ đề cho trước , giúp sinh viên tăng cường khả năng làm việc nhóm .",positive,hanh_vi
3026,có đôi lúc cô giảng nhưng em không hiểu .,negative,ky_nang_giang_day
3027,"nhiệt tình , hăng say , quan tâm nhiều đến sinh viên , có phương pháp dạy hay .",positive,ky_nang_giang_day
3028,"sinh viên rất khó nắm bắt những gì giảng viên viết và ghi chú trên bảng , phần lớn chỉ có thể giảng dạy bằng máy chiếu , dù tốc độ không quá nhanh nhưng cũng chỉ là những dòng chữ lướt qua , khi về nhà lại phải tự mày mò học lại từ đầu tuy nói rằng nhiệm vụ của sinh viên là phải tìm hiểu bài trước khi đến lớp nhưng với việc giảng dạy trong một giảng đường rộng lớn đã khiến vai trò hỗ trợ của giảng viên trở nên mờ nhạt .",negative,ky_nang_giang_day
3029,"rất tốt , không có ý kiến .",positive,noi_chung
307,"thầy dạy tận tâm , giúp đỡ học sinh , phương pháp giảng dạy đạt hiệu quả .",positive,hanh_vi
3030,không tạo được sự chú ý của sinh viên .,negative,hanh_vi
3031,"giảng viên dạy dễ hiểu , nhiệt tình .",positive,hanh_vi
3032,nên soạn slide bài giảng kỹ hơn .,negative,cung_cap_tai_lieu
3033,"nói chung , thầy dạy cái gì cũng hài lòng , rất dễ hiểu , tận tình , và vui .",positive,ky_nang_giang_day
3034,không vận dụng thời gian hợp lý .,negative,ky_nang_giang_day
3035,"ít sử dụng micro , nói nhỏ .",negative,hanh_vi
3036,"phương pháp , thái độ và sự nhiệt tình của giảng viên .",positive,hanh_vi
3037,có một số buổi nghỉ .,negative,noi_chung
3038,"thầy dạy nhiệt tình , giúp đỡ học sinh hiểu bài , giảng cặn kẽ .",positive,hanh_vi
3039,em xin chân thành cảm ơn !,positive,noi_chung
3040,"đánh giá công bằng khách quan , đúng giờ giấc , có giờ giải lao .",positive,cham_diem
3041,em cảm thấy hài lòng với môn này .,positive,noi_chung
3042,các buổi thực hành học hơi chán vì tương tác giữa giảng viên với sinh viên quá ít .,negative,hanh_vi
3043,cô rất nhiệt tình và tận tâm với sinh viên !,positive,hanh_vi
3044,"giảng viên tận tâm , nhiệt tình dạy học , giảng dễ hiểu , vui tính , hiền lành .",positive,hanh_vi
3045,"có nhiều vấn đề còn khó hiểu , khó tiếp cận .",negative,ky_nang_giang_day
3046,"giảng khó hiểu , không có tâm .",negative,hanh_vi
3047,thầy vô cùng nhiệt tình .,positive,hanh_vi
3048,hay rất chu đáo .,positive,hanh_vi
3049,"cô bớt xinh lại giúp em một tí , làm em hơi mất tập trung mỗi lần nhìn cô giảng .",negative,hanh_vi
3050,thái độ giảng dạy rất tốt .,positive,hanh_vi
3051,truyền đạt những kiến thức tốt .,positive,ky_nang_giang_day
3052,cần cập nhật kiến thức sâu hơn .,negative,kien_thuc
3053,"cần bám sát giáo trình nhiều hơn , tránh dạy tràn lan .",negative,ky_nang_giang_day
971,cô dạy rất có tâm và chuyên môn tốt colonsmile .,positive,hanh_vi
2781,đồng thời bài tập và tài liệu thầy thực sự được cung cấp rất nhiều .,positive,cung_cap_tai_lieu
3054,áp dụng bài học vào thực tế .,positive,kinh_nghiem
3055,"thầy dạy rất kỹ về kiên thức , rất tận tình trong công tác giảng dạy .",positive,kien_thuc
3056,nhàm chán .,negative,noi_chung
3057,truyền đạt quá không tốt !,negative,ky_nang_giang_day
3058,cô rất sâu sát đến từng bạn .,positive,hanh_vi
3059,đầy đủ kiến thức .,positive,kien_thuc
3060,cách truyền đạt kiến thức nên khách quan và mang tính cập nhật .,neutral,ky_nang_giang_day
3061,thời gian cô up slide lên module còn chậm .,negative,cung_cap_tai_lieu
3062,thầy rất tốt .,positive,hanh_vi
1734,"thầy rất tận tâm , về lý thuyết thầy giảng rất hay và tuyệt đối , song về bài tập thì ngược lại , thầy nói chỉ sơ qua , như là mặc định các sinh viên đều đã biết tính toán .",positive,ky_nang_giang_day
3063,"lớp học rất thoải mái , thầy rất nhiệt tình , vui tính .",positive,hanh_vi
3064,"cần có các bài lab thực hành , để sinh viên thành thạo cũng như các thao tác ứng dụng .",negative,bai_tap
133,giảng kỹ và nhiệt tình giải đáp .,positive,ky_nang_giang_day
3065,"thầy rất nhiệt tình , luôn đưa ra những ví dụ thực tế rất sinh động .",positive,hanh_vi
3066,"thưa , em hoàn toàn hài lòng với chất lượng các buổi học của thầy và những kiến thức thầy mang lại thực sự bổ ích và phong phú .",positive,ky_nang_giang_day
3067,"nhiệt tình , tỉ mỉ .",positive,hanh_vi
3068,"giảng bài dễ hiểu , thân thiện .",positive,hanh_vi
3069,tích cực giảng dạy thường xuyên giúp đỡ sinh viên .,positive,ky_nang_giang_day
3070,"gây mê , hay mắng và rất dễ hờn coloncontemn .",negative,hanh_vi
3071,quan tâm giúp đỡ và luôn nhiệt tình khi học sinh hỏi bài .,positive,hanh_vi
3072,cập nhật kiến thức thực tế .,neutral,kien_thuc
3073,thầy lo giảng quên cả giờ giấc .,negative,hanh_vi
3074,"nhiệt tình , giảng dễ hiểu , đúng giờ .",positive,ky_nang_giang_day
3075,"giáo viên vui tính , nhiệt tình .",positive,hanh_vi
3076,cả hai thầy đều rất nhiệt tình .,positive,hanh_vi
3077,môn học lý thuyết rất nhiều .,negative,chuong_trinh_hoc
3078,"thầy giáo thân thiện , giảng dạy nhiệt tình , khá dễ hiểu .",positive,hanh_vi
3079,"nhưng thấy viết bài nhiều quá , thay vào đó thầy nên photo tài liệu cho học sinh để tiết kiệm được thời gian .",positive,de_xuat
3080,"thầy chấm điểm khó , đề thi dài .",negative,cham_diem
3081,thầy giảng bài hay !,positive,ky_nang_giang_day
3082,"giảng viên chỉ cho đồ án và giải đáp các yêu cầu đồ án , không cung cấp tài liệu hay hướng dẫn cơ bản , sinh viên tự tìm hiểu với lý do là hệ tài năng nên cần tự xoay sở .",negative,ky_nang_giang_day
3083,bài giảng khô khan .,negative,ky_nang_giang_day
3084,"cô dạy tận tình , đưa nhiều kiến thức cho sinh viên .",positive,ky_nang_giang_day
3085,"kiến thức dồi dào , thường xuyên cập nhật thông tin cho sinh viên .",positive,kien_thuc
1460,"slide bài giảng đầy đủ rõ ràng , giáo viên đúng giờ , tạo nhiều điều kiện cho sinh viên .",positive,cung_cap_tai_lieu
3086,cô giảng dạy tận tâm và cho nhiều bài tập và lời giải chi tiết .,positive,bai_tap
3087,"giảng viên nhiệt tình , vui vẻ , hoà đồng , gần gũi giúp sinh viên khá nhiều trong việc tiếp thu kiến thức .",positive,hanh_vi
3088,chỉ tại em thiếu từ vựng anh văn .,negative,kien_thuc
3089,"truyền đạt kiến thưc tốt , dễ hiểu .",positive,ky_nang_giang_day
3090,"giảng viên không bao giờ đi dạy , toàn nhờ sinh viên dạy thay , không có trách nhiệm , môn học này chẳng giúp ích được gì , thanks .",negative,hanh_vi
3091,giảng phần bài tập hơi nhanh .,negative,ky_nang_giang_day
3092,"thầy dạy vui , dễ hiểu , bài tập sát với nội dung giảng dạy .",positive,ky_nang_giang_day
3093,"không khí lớp học vui vẻ , thoải mái .",positive,noi_chung
3094,"giảng viên vui tính , tận tâm , nhiệt tình !",positive,hanh_vi
3095,thầy dạy nhiệt tình nhưng cách dạy của thầy hơi khô khan .,negative,ky_nang_giang_day
3096,"nói chuyện lan man , không liên quan đến môn học quá nhiều .",negative,hanh_vi
3097,giáo viên giảng dạy dễ hiểu và tận tâm .,positive,ky_nang_giang_day
3098,giảng viên tích cực giải đề các năm .,positive,hanh_vi
2116,"các nội dung môn học thầy triển khai không đúng theo khung , mới vào mà thầy dạy servlet thì rất khó hiểu , sinh viên có góp ý qua thầy chủ nhiệm nhưng vẫn không thay đổi .",negative,ky_nang_giang_day
3099,"cần nâng cấp các phòng học thực hành , phòng máy quá tệ để thực hành , các phiên bản phần mềm cũ .",positive,de_xuat
3100,thầy không điểm danh .,negative,hanh_vi
3101,"em không học thầy wzjwz178 kỳ này , giáo viên thực hành có 2 người nên có lẽ daa nhầm .",negative,noi_chung
3102,"thầy wzjwz273 lớn tuổi , nói nhỏ , không sử dụng slide trình chiếu .",negative,ky_nang_giang_day
3103,"giảng viên thực hành quá khắt khe trong việc chấm và nộp bài , xin coi code của bọn em khi bọn em sai hay quên xóa file .",negative,hanh_vi
3104,giảng viên không chỉ cung cấp những kiến thức như trong đề cương môn học mà còn cung cấp những kiến thức sâu rộng về thực tiễn cũng như nâng cao nhằm tăng cường độ hiểu biết cho học sinh .,positive,kien_thuc
3105,giải đáp thắc mắc về bài tập cho sinh viên qua email nhiệt tình và nhanh chóng .,positive,hanh_vi
3106,thầy dạy hiểu bài .,positive,ky_nang_giang_day
3107,"đảm bảo giờ dạy trên lớp đầy đủ , đúng giờ , tận tình .",positive,hanh_vi
3108,"môn học này là không cần thiết đối với sinh viên , nó không cung cấp được điều gì rõ ràng và bổ ích .",negative,cung_cap_tai_lieu
3109,"có trả lời thắc mắc dễ hiểu , ngắn ngọn .",positive,ky_nang_giang_day
3110,"giáo viên dạy dễ hiểu , tận tình hướng dẫn sinh viên .",positive,hanh_vi
3111,"giáo viên giảng dạy tận tâm , nhiệt tình .",positive,hanh_vi
3112,nhiều bài tập hay .,positive,bai_tap
3113,"thay đổi hình thức thi giữa kỳ và cuối kỳ , đối với một môn học thiên về lập trình thì việc lập trình giấy là không phù hợp .",negative,cham_diem
3114,tài liệu học môn này cần được cập nhật đầy đủ hơn .,negative,cung_cap_tai_lieu
3115,giảng nhanh .,negative,ky_nang_giang_day
3116,kết thúc môn học mà không được cái gì hết .,negative,noi_chung
3117,thầy rất tốt với học sinh .,positive,hanh_vi
3118,"thầy wzjwz81 là một giảng viên rất tâm huyết với sinh viên , thầy tận tình chỉ dạy tất cả những điều chúng em chưa rõ .",positive,hanh_vi
3119,tiếc là học kỳ 2 em không đăng ký được lớp lập trình hướng đối tượng của cô !,negative,chuong_trinh_hoc
3120,"cô vui vẻ , nhiệt tình .",positive,hanh_vi
3121,"giảng viên nhiệt tình , giảng dạy kỹ càng , chi tiết , bám sát chương trình .",positive,hanh_vi
3122,giảng bài nhiệt tình .,positive,hanh_vi
3123,"nhiệt tình , thực tế .",positive,kinh_nghiem
3124,thầy rất tận tâm và nhiệt tình chỉ dạy sinh viên .,positive,hanh_vi
3125,cô luôn cho lớp làm bài tập để tránh lãng phí thời gian .,positive,bai_tap
3126,"cách giảng giải chi tiết , ví dụ dễ hiểu .",positive,ky_nang_giang_day
3127,tâm huyết với bài giảng .,positive,hanh_vi
3128,"giảng viên có kiến thức rộng , nhiệt tình giảng dạy .",positive,hanh_vi
3129,giảng viên rất nhiệt tình .,positive,hanh_vi
3130,"bài học rõ ràng , bám sát nội dung thi .",positive,ky_nang_giang_day
11,"giảng viên chưa giải hết thắc mắc của sinh viên , còn một vài vấn đề chưa hiểu rõ .",negative,hanh_vi
3131,cô hướng dẫn làm đồ án rất nhiệt tình .,positive,hanh_vi
3132,thầy dạy vui hiệu quả tận tình .,positive,hanh_vi
3133,bài thuyết trình của các sinh viên .,neutral,noi_chung
3134,"cô dạy rất rõ ràng , rành mạch , nhưng hơi thiên về lý thuyết .",positive,ky_nang_giang_day
3135,thầy rất nhiệt tình hướng dẫn sinn viên đặc biệt là sửa lỗi sai hay giải bài tập trên lớp .,positive,hanh_vi
3136,sinh viên tìm tòi cách khác để có được kết quả giống nhưng không chấp nhận .,negative,hanh_vi
3137,"rất tận tâm , không những dạy kiến thức chuyên môn còn định hướng nghề nghiệp và đạo đức nghề nghiệp .",positive,hanh_vi
3138,các bài tập về nhà và bài tập kiểm tra tại lớp giúp tụi em chú tâm vào học tập hơn .,positive,bai_tap
3139,thầy rất ân cần giúp đỡ học sinh làm bài và hiểu bài .,positive,ky_nang_giang_day
3140,"dạy học sinh hỏi thì nói "" tui không biết "" .",negative,hanh_vi
3141,"sinh động nhưng không lan man , rất tập trung chuyên môn .",positive,ky_nang_giang_day
3142,thầy rất tận tình !,positive,hanh_vi
3143,thầy cần phải cho sinh viên biết được học môn này có tác dụng gì và làm được gì khi học xong .,negative,hanh_vi
3144,giảng viên rất hay nghỉ giờ mà không có thông báo trước cho sinh viên .,negative,hanh_vi
3145,giảng dạy tận tình .,positive,ky_nang_giang_day
3146,"cô giáo thân thiện , giảng dạy nhiệt tình dễ hiểu và vui tính .",positive,ky_nang_giang_day
3147,"giảng viên vui vẻ , hòa đồng với sinh viên , tạo cảm giác hứng thú học tập hơn .",positive,hanh_vi
3148,nên tăng cường các bài tập về nhà .,negative,bai_tap
3149,cô rất xinh .,positive,noi_chung
3150,đưa nhiều bài tập khó mà có lời giải cho sinh viên về nhà nghiên cứu .,positive,bai_tap
3151,"thầy tận tâm với học sinh , cung cấp tài liệu đầy đủ nhất có thể cho học sinh .",positive,hanh_vi
3152,"thầy rất có tâm với sinh viên , thầy không những dạy lý thuyết còn ví dụ những ứng dụng đó ở môi trường làm việc bên ngoài .",positive,kinh_nghiem
55,"tận tình , giảng rõ ràng .",positive,ky_nang_giang_day
3153,"cô dễ thương , giảng hay , nhiệt tình , thân thiện với sinh viên .",positive,hanh_vi
2777,"nội dung bài học đều sát với thực tế , lý thuyết dễ hiểu .",positive,ky_nang_giang_day
3154,"giảng nhanh , nói nhanh mà không biết rằng sinh viên chưa kịp hiểu được đến vấn đề đó .",negative,ky_nang_giang_day
3155,tận tình và vui vẻ hướng dẫn .,positive,hanh_vi
3156,và giải đáp thắc mắc cho lớp em về code rất nhiệt tình .,positive,hanh_vi
3157,"dạy đầy đủ kiến thức trên lớp , giảng sâu vào bài khiến sinh viên hiểu bài rõ ràng hơn .",positive,kien_thuc
3158,"cần có thêm giáo trình , tài liệu để sinh viên dễ tìm hiểu hơn .",negative,cung_cap_tai_lieu
3159,"giảng viên tận tâm , nhiệt tình , khả năng truyền đạt tốt .",positive,hanh_vi
3160,giảng viên hòa đồng .,positive,hanh_vi
3161,cô dạy lý thuyết trên lớp rất kỹ và tận tình trong việc hướng dẫn bài tập cho học sinh .,positive,bai_tap
3162,nêu rõ mục đích cũng như ứng dụng của môn học ngay từ đầu .,negative,chuong_trinh_hoc
3163,"thầy dạy hơi chậm , tạo cảm giác buồn ngủ .",negative,ky_nang_giang_day
1983,"dạy dễ hiểu , dễ gần .",positive,hanh_vi
3164,giáo viện rất nhiệt tình với sinh viên .,positive,hanh_vi
3165,"giảng viên nhiệt tình , hướng dẫn chi tiết , truyền đạt kiến thức tốt .",positive,ky_nang_giang_day
3166,"thầy dạy tận tâm , giúp đỡ sinh viên hết sức .",positive,hanh_vi
3167,"giáo viên nhiệt tình , vui tính .",positive,hanh_vi
3168,thật sự rất hài lòng .,positive,noi_chung
3169,"thầy dạy rất nhiệt huyết , tận tâm .",positive,hanh_vi
3170,"thầy dạy nhiệt tình , vui tính , sôi nổi trên lớp .",positive,ky_nang_giang_day
3171,giảng viên không tâm huyết trong việc dạy học .,negative,hanh_vi
3172,"thầy vui tính , giảng và dạy hay , tận tâm nhiệt tình .",positive,ky_nang_giang_day
3173,"nhiệt tình trong giảng dạy , vui vẻ , hòa đồng .",positive,hanh_vi
3174,"thầy dạy tận tình , khối lượng kiến thức nhẹ nhàng .",positive,hanh_vi
2976,"thầy giảng rất hay , chúng em cảm ơn thầy .",positive,hanh_vi
3175,mức độ quan tâm học sinh rất cao .,positive,hanh_vi
3176,"giảng viên giảng dạy hài hước , giờ làm bài tập nhiều nên nắm kiến thức vững hơn .",positive,ky_nang_giang_day
3177,"giảng viên giảng dạy dễ hiểu , kỹ càng , tận tâm trong giải thích và dạy học .",positive,ky_nang_giang_day
3178,mặc dù thầy bận công tác nhưng vẫn làm video hỗ trợ tụi em học tập .,positive,cung_cap_tai_lieu
3179,"thầy đi dạy luôn đảm bảo thời gian , giải đáp thắc mắc rất nhiệt tình , ra trễ hơn các môn khác từ 15 - 25 phút .",positive,hanh_vi
3180,"giảng viên cần tạo thêm những hoạt động tranh luận , làm việc nhóm nhiều hơn thay vì chỉ dạy lý thuyết .",positive,de_xuat
3181,giao bài tập quá nhiều .,negative,bai_tap
3182,"dạy rất dễ hiểu và nhiệt tình , em rất thích cách giảng dạy của cô .",positive,ky_nang_giang_day
3183,"thầy không dùng slide bài giảng để dạy , nhưng phong cách dạy của thầy rất tuyệt vời , rất hay và dễ hiểu .",negative,cung_cap_tai_lieu
3184,"thầy không đảm bảo giờ lên lớp , nếu có nghỉ thầy cũng không thông báo trước rất vô lý .",negative,hanh_vi
3185,"giảng viên giảng dạy lôi cuốn , nhiệt tình .",positive,hanh_vi
3186,"cô dạy nhiệt tình dễ hiểu , sửa bài cẩn thận chi tiết .",positive,cham_diem
3187,rất hài lòng về cách thức giảng dạy của giáo viên .,positive,ky_nang_giang_day
3188,"giảng viên rất nhiệt tình , hướng dẫn chi tiết các kiến thức .",positive,ky_nang_giang_day
3189,"giảng viên nghỉ dạy khá nhiều , không đảm bảo giờ lên lớp .",negative,hanh_vi
3190,thầy dạy kỹ các vấn đề .,positive,ky_nang_giang_day
3191,giảng viên khá tận tâm và nhiệt tình .,positive,hanh_vi
3192,"giảng viên thường cho nghỉ không lý do , cả lớp lên ngồi đợi rất lâu rồi có người lên thay giáo viên báo nghỉ hoặc thường xuyên đi trễ trên 30 phút với lý do "" kẹt xe "" .",negative,hanh_vi
3193,tôi hài lòng .,positive,noi_chung
3194,"cô dạy rất hay , cho bài tập ứng dụng nhiều vào thực tiễn .",positive,kinh_nghiem
3195,thầy giảng bài rất chi tiết và dễ hiểu .,positive,ky_nang_giang_day
3196,"tận tâm , nhiệt tình , cách giảng dạy hiệu quả .",positive,ky_nang_giang_day
3197,"giảng viên hiểu tâm lý sinh viên , giảng viên giảng bài dễ hiểu .",positive,hanh_vi
3198,học thì quá ít nhưng khi thi thì quá nhiều yêu cầu viết code trong đề thi thì sao mà sinh viên có thể làm được .,negative,ky_nang_giang_day
846,"giảng sinh động hơn , giao tiếp với sinh viên bằng tiếng anh thay vì đa phần là tiếng việt .",positive,ky_nang_giang_day
3199,nhiều câu hỏi không biết cách trả lời .,negative,ky_nang_giang_day
3200,vì em đã gần như không có được gì !,negative,noi_chung
3201,"giảng viên thường xuyên không đến lớp mà không thông báo nghỉ học , ảnh hưởng đến hoạt động học tập của sinh viên , vì vậy nhà trường nên nhắc nhở giảng viên về vấn đề này .",negative,hanh_vi
3202,thầy có thể cho nhiều bài tập hơn nhưng ở dạng tùy chọn hoặc bài tham khảo thêm ngoài những bài tập bắt buộc .,neutral,de_xuat
3203,"giảng viên nhiệt tình , bài giảng đầy đủ .",positive,hanh_vi
3204,"giảng viên đảm bảo giờ giấc , học bù đầy đủ .",positive,hanh_vi
3205,"thầy dạy rất chi tiết , lý thuyết đầy đủ .",positive,ky_nang_giang_day
3206,"thầy rất dễ thương , vui vẻ .",positive,hanh_vi
3207,rất hài lòng !,positive,noi_chung
3208,thầy cho nhiều bài tập hay .,positive,bai_tap
3209,"cô rất nhiệt tình , luôn tận tâm truyền đạt kiến thức cho sinh viên .",positive,ky_nang_giang_day
3210,"môn lập trình mạng căn bản sử dụng ngôn ngữ csharp nhưng trước đó nhà trường không đề xuất cho sinh viên học môn này trước , gây nhiều khó khăn cho sinh viên khi học môn mới .",negative,chuong_trinh_hoc
3211,"hay giải theo cách của mình , chưa giải thích được nhiều thắc mắc của sinh viên .",negative,ky_nang_giang_day
3212,"giáo viên giảng dạy nhiệt tình , tận tâm , dạy hay , dễ hiểu .",positive,hanh_vi
3213,thầy dễ thương .,positive,hanh_vi
3214,"thầy dạy tốt , cần phát huy như thế .",positive,ky_nang_giang_day
3215,"thầy giảng bài hay , cuốn hút người nghe .",positive,ky_nang_giang_day
3216,"thầy dạy dễ hiểu vui tính , rất tâm huyết .",positive,hanh_vi
3217,"tận tình , cung cấp đầy đủ kiến thức , không khí vui vẻ , thoải mái .",positive,hanh_vi
3218,điều này thiếu ở nhiều bộ môn khác .,negative,noi_chung
3219,"không được tận tâm , nhiệt tình .",negative,hanh_vi
3220,"thầy dạy rất nhiệt tình , hay , hấp dẫn , lôi cuốn .",positive,hanh_vi
3221,cách thầy truyền đạt kiến thức rất hay và dễ hiểu .,positive,ky_nang_giang_day
3222,luôn nhiệt tình trong giảng dạy .,positive,hanh_vi
3223,gợi ý tỉ mỉ đến từng chi tiết .,positive,noi_chung
3224,cách giảng dạy của thầy rất tuyệt vời rất sát với thực tế .,positive,ky_nang_giang_day
1291,"thầy dạy hay , dễ hiểu , kiến thức ngoài lề rất bổ ích .",positive,kien_thuc
3225,"cần có những câu hỏi , đề cương ôn tập do giao viên soản thảo để sinh viên có hướng ôn tập nội dung trọng tâm .",negative,cung_cap_tai_lieu
3226,kiến thức giảng viên truyền đạt là vô cùng súc tích và dễ hiểu .,positive,kien_thuc
3227,em xin chân thành cảm ơn ( xin lỗi vì máy không dùng được unikey ) !,positive,noi_chung
3228,thầy không vui tính .,negative,hanh_vi
2035,thầy nhiệt tình dễ hiểu .,positive,ky_nang_giang_day
3229,"giảng viên giảng dạy nhiệt tình , có đầy đủ các hoạt động để sinh viên rèn luyện và học tập .",positive,kinh_nghiem
3230,đồ án thầy yêu cầu khó thực hiện vì toàn là bài báo khoa học có nội dung trừu tượng .,negative,cung_cap_tai_lieu
3231,nếu có phần mềm minh họa cho các thuật toán thì sẽ tốt hơn .,positive,de_xuat
3232,một số nội dung giảng viên lướt qua khá nhanh .,negative,ky_nang_giang_day
3233,chủ đề học thường lan man .,negative,chuong_trinh_hoc
3234,"thầy day dễ hiểu , dễ nắm bắt được kiến thức , không dạy lan man .",positive,ky_nang_giang_day
3005,"mới đầu tiên em nghĩ thầy khó tính gây áp lực cho em , thầy cho làm deadline quá trời mà những lớp khác không có , nhưng đến bây giờ em mới hiểu nhờ thầy em biết được nhiều dạng bài tập hơn , thầy thích hợp dạy môn kiến trúc máy tính , nhưng mà thầy dạy phần cứng hay hơn ấy ạ .",negative,hanh_vi
3235,đúng giờ .,positive,hanh_vi
3236,sẵn sàng trả lời mọi thắc mắc của sinh viên .,positive,hanh_vi
3237,cô dạy rất tâm huyết và thường học sinh .,positive,hanh_vi
3238,giảng dạy dễ hiểu và có tâm .,positive,hanh_vi
3239,"thầy dạy tận tâm , nhiệt tình , vui tính .",positive,hanh_vi
3240,"thầy dạy hay , dễ hiểu .",positive,ky_nang_giang_day
3241,cô dạy nhiệt tình và không bị áp lực trong khi học .,positive,hanh_vi
3242,tận tâm gọi những sinh viên không tập trung để trả lời câu hỏi .,positive,hanh_vi
3243,"cho nghiên cứu nhiều đề tài khoa học hay , bổ ích .",positive,kinh_nghiem
3244,"nhiệt tình , bài giảng tạo cảm hứng cho sinh viên học tập .",positive,ky_nang_giang_day
3245,"giảng viên rất nhiệt tình , trình bày bài giảng hay , dễ hiểu .",positive,hanh_vi
3246,cô nhiệt tình và tận tâm với lớp .,positive,hanh_vi
3247,mọi mặt đều tốt .,positive,noi_chung
3248,"dạy tốt , dạy hay .",positive,ky_nang_giang_day
2295,"dạy dễ hiểu , nhiệt tình với sinh viên .",positive,hanh_vi
3249,"cô dạy nhiệt tình , lên lớp đầy đủ .",positive,hanh_vi
3250,"yêu cầu đối với sinh viên cao , nhưng lại không đáp ứng cho sinh viên những kiến thức cần thiết .",negative,kien_thuc
874,"giảng viên giảng dạy nhiệt tình , chi tiết , slide bài giảng đầy đủ .",positive,hanh_vi
3251,đề nghị thầy đừng nghỉ nhiều quá mất bài của chúng em .,negative,hanh_vi
3252,"cô rất nghiêm , song rất nhiệt tình , rất công bằng , có thưởng có phạt , rất đồng tình với cách xét của cô , về bài giảng , rất sinh động , chèn các video thực tiễn , tư liệu đưa vào rất nhiều , rất cụ thể .",positive,ky_nang_giang_day
3253,"giảng viên không tổng kết , bổ sung lại kiến thức sau mỗi buổi tự thuyết trình của sinh viên , nhiều chỗ còn khó hiểu và kiến thức chưa sâu .",negative,kien_thuc
3254,tạo cơ hội cho sinh viên và giúp đỡ sinh viên nhiệt tình trên website môn học .,positive,hanh_vi
3255,"mong khi lên lớp thầy tập trung vào môn học hơn , không đưa ra những ví dụ lạc đề và những chuyện không liên quan trong giờ học .",negative,ky_nang_giang_day
3256,"giảng viên dạy dễ hiểu , rõ ràng .",positive,ky_nang_giang_day
3257,giảng viên tận tâm giúp sinh viên học tập .,positive,hanh_vi
3258,thầy ít giảng chủ yếu là cho chép vào vở .,negative,ky_nang_giang_day
3259,thầy wzjwz307 dạy giỏi từ xưa đến giờ .,positive,ky_nang_giang_day
3260,không biết thầy wzjwz260 là thầy nào ?,negative,noi_chung
1693,"thầy dạy nhiệt tình , áp dụng nhiều bài tập , dễ hiểu .",positive,ky_nang_giang_day
3261,cần tăng thời gian môn học lên 30 - 50% để sinh viên có điều kiện tiếp thu sâu hơn kiến thức .,negative,chuong_trinh_hoc
3262,sự nhiệt tình giảng dạy của giảng viên .,positive,hanh_vi
3068,"giảng bài dễ hiểu , thân thiện .",positive,ky_nang_giang_day
3263,nó thật sự ảnh hưởng quá nhiều đến chất lượng học môn này của em .,negative,noi_chung
3264,tài liệu cung cấp thiếu .,negative,cung_cap_tai_lieu
3087,"giảng viên nhiệt tình , vui vẻ , hoà đồng , gần gũi giúp sinh viên khá nhiều trong việc tiếp thu kiến thức .",positive,ky_nang_giang_day
3265,"cô dẽ thương , dạy nhiệt tình , vui vẻ với sinh viên , giảng dễ hiểu , đi dạy đúng giờ .",positive,hanh_vi
3266,có nhiều hoạt động học tập sinh động giúp sinh viên thoải mái khi học .,positive,ky_nang_giang_day
3267,"cách dạy rất buồn ngủ , không tạo được hung thú cho sinh viên .",negative,ky_nang_giang_day
3268,vì thế không thể tốt toàn vẹn được .,negative,noi_chung
3269,"thầy wzjwz308 dạy và giải bài tập nhiều cho cả lớp , có những buổi ôn tập ngoài giờ , động viên , nhắn với những bạn hay vắng cố gắng đi học đầy đủ colonsmile .",positive,ky_nang_giang_day
3270,"cách tính học phí đối với môn thực hành không được rõ ràng và minh bạch , trong khi học thực hành sinh viên hầu như không sử dụng máy tính của trường và kiến thức học được từ giảng viên là rất ít so với học lý thuyết .",negative,noi_chung
3271,rất nhiệt tình với sinh viên .,positive,hanh_vi
3272,"vui tính , dạy dễ hiểu , đảm bảo tiết học lý thuyết và làm bài tập trên lớp .",positive,ky_nang_giang_day
3273,nội dung đúng chuyên môn và thực tiễn .,positive,kien_thuc
3274,"giảng viên nhiệt tình , bài học gắn với thực tế , thường xuyên cho bài tập để củng cố kiến thức .",positive,bai_tap
3275,"thầy vui tính , giảng dạy hay , cung cấp nhiều kiến thức quý báu .",positive,hanh_vi
3276,cần thêm bài tập và rèn luyện kỹ năng giao tiếp .,negative,hanh_vi
3277,"giảng viên thực hành nên hướng dẫn sinh viên thực hành một cách cụ thể , không nên ngồi làm việc riêng rồi khi sinh viên gọi hỏi thì lại tỏ thái độ khó chịu .",negative,ky_nang_giang_day
3278,"tậm tâm , nhiệt tình , năng động , công bằng .",positive,cham_diem
3279,cô giáo xinh .,positive,noi_chung
3280,"thực hành nhiều , làm bài tại lớp càng nhiều càng tốt , đưa ra nhiều ví dụ về nhiều trường hợp và một số trường hợp phát sinh .",negative,bai_tap
3281,"cách dạy lôi cuốn sinh viên , nói chuyện thực tế , gần gũi với sinh viên .",positive,ky_nang_giang_day
3282,"thầy vui vẻ , dạy hay .",positive,ky_nang_giang_day
2649,"thầy là người rất hài hước , nhiệt huyết và cách truyền đạt rất hay .",positive,hanh_vi
3283,"giảng viên dạy dễ hiểu , đi dạy đúng giờ .",positive,hanh_vi
3284,hạn chế sử dụng tiếng việt .,negative,noi_chung
3285,"đối với em thì cách thầy giảng khá là dễ hiểu nên thầy đừng lo quá về vấn đề đó ạ , với lại sinh viên đa phần thụ động nên nếu không hiểu lại càng không dám hỏi .",positive,ky_nang_giang_day
3286,"giảng viên gần gũi , vui vẻ giải đáp thắc mắc của sinh viên .",positive,hanh_vi
3287,"thầy dạy tốt , dễ tiếp thu và có chất lượng tuyệt .",positive,kien_thuc
1104,"cô rất chu chu đáo , tận tình , giảng bài hay , truyền đạt được mọi kiến thức .",positive,ky_nang_giang_day
3288,"sự nhiệt tình , năng động , kiến thức tốt , xinh đẹp , dễ mến , vui vẻ , phát âm chuẩn .",positive,hanh_vi
3289,thầy tận dụng tốt thời gian và truyền đạt ý tưởng cũng như niềm vui học oop .,positive,ky_nang_giang_day
3290,"thầy dạy phần lý thuyết hay , nắm bắt được khả năng của sinh viên .",positive,hanh_vi
2440,"giảng viên tận tâm , nhiệt tình , dạy dễ hiểu .",positive,hanh_vi
3291,"sửa bài tập khó , giảng viên nhiệt tình .",positive,hanh_vi
3292,truyền đạt hay .,positive,ky_nang_giang_day
3293,cô vui tính .,positive,hanh_vi
3294,thầy có tâm .,positive,hanh_vi
3295,cho điểm khách quan .,positive,cham_diem
3296,"thầy đi dạy rất đúng giờ , giảng dạy nhiệt tình .",positive,hanh_vi
3297,hy vọng cô sẽ dạy kỹ hơn .,negative,ky_nang_giang_day
3298,"thầy hay đi vắng , thường quên up slide lên moodle , quên cho bài tập .",negative,hanh_vi
3299,thay đổi cách giảng dạy giờ thực hành .,positive,de_xuat
388,"giảng viên dạy nhiệt tình , dễ hiểu , kỹ càng , chu đáo .",positive,ky_nang_giang_day
3300,"giảng viên thân thiện , cởi mở , nhiệt tình .",positive,hanh_vi
3301,cô nhiệt tình giảng dạy .,positive,hanh_vi
3302,"thầy thân thiện , nhiệt tình , gần gũi .",positive,hanh_vi
3303,vừa học được kiến thức chuyên môn vừa học được cách làm người .,positive,kien_thuc
3304,"giảng viên nhiệt tình với sinh viên , ví dụ sinh động dễ hiểu .",positive,ky_nang_giang_day
3305,"thầy wzjwz268 không truyền đạt những kiến thức cần thiết quan trọng mà trình bày nhiều thứ , cũng có thể là do đặt tính môn học .",negative,chuong_trinh_hoc
3306,"tất cả lựa chọn của em dành cho thầy ở mức 4 , rất tốt , rất hoàn hảo .",positive,hanh_vi
3307,"thầy dạy nhiệt tình , giảng rất chi tiết từ lý thuyết đến thực hành .",positive,kien_thuc
3308,rất hài lòng về tất cả hoạt động giảng dạy .,positive,hanh_vi
3309,"thầy vui vẻ , thoải mái .",positive,hanh_vi
3310,"phong cách thầy , rất châu âu .",positive,hanh_vi
3311,cái cần đi sâu phân tích nhưng do thời gian và lịch đưa ra nên đành bỏ qua dạy cái mới để kịp chương trình .,negative,ky_nang_giang_day
3312,giảng viên không dành nhiều thời gian ôn tập cho sinh viên .,negative,hanh_vi
3313,nhìn chung tạo được cảm hứng rất nhiều cho sinh viên học tập hiệu quả .,positive,noi_chung
3314,"khi đưa ra ví dụ , cô có thể gợi ý hướng giải để chúng em dễ hiểu bài hơn .",positive,ky_nang_giang_day
3315,"cô vui vẻ , nhiệt tình , tận tụy .",positive,hanh_vi
3316,"ngoài các cuộc thi về game thì trường nên tổ chức những cuộc thi viết phần mềm hay sáng tạo ý tưởng phần mềm theo một hướng nào đó để học sinh vừa có thể học tập vừa có thể thi đua nhiều hơn , tạo sự năng động trong sinh viên .",positive,de_xuat
3317,"giảng viên giảng bài hay , tạo cảm giác thích thú cho sinh viên , giảng viên khá vui tính .",positive,hanh_vi
3318,"nhìn chung em hài lòng về môn học này , nên em không có ý kiến khác .",positive,noi_chung
3319,"thầy nên dạy bằng tiếng anh hoàn toàn trong môn này , lúc thì thầy dạy bằng tiếng anh , lúc thì bằng tiếng việt , thầy lại dùng tiếng việt nhiều hơn nên sinh viên rất khó nắm bắt .",negative,ky_nang_giang_day
3320,"thầy dạy vui , cảm ơn thầy nhiều .",positive,ky_nang_giang_day
3321,tới khi đi làm thì không chuyên về lĩnh vực nào .,negative,noi_chung
3322,"giảng viên dạy tốt , dễ hiểu , vui tính và rất nhiệt tình .",positive,hanh_vi
3323,chưa tương tác nhiều với sinh viên .,negative,hanh_vi
3324,"thầy nhiệt tình , chỉ dạy dễ hiểu .",positive,ky_nang_giang_day
3325,very good .,positive,noi_chung
3326,thầy luôn giới thiệu những công nghệ mới cho chúng em .,positive,ky_nang_giang_day
3327,"tận tình , cách dạy thực tế .",positive,ky_nang_giang_day
3328,hướng dẫn lớp thực hành để làm bài tốt hơn .,positive,ky_nang_giang_day
1743,"nhiệt tình , tài liệu đầy đủ dễ đọc dễ hiểu .",positive,cung_cap_tai_lieu
3329,"thầy nhiệt tình , tận tâm quá mức .",positive,hanh_vi
3330,"rất tán thành việc giảng viên liên hệ với doanh nghiệp để sinh viên đến tìm hiểu , thực tập về nội dung môn học cũng như có thêm nhiều kinh nghiệm bổ ích .",positive,kinh_nghiem
3331,thầy vẫn tuyệt vời như ngày nào .,positive,hanh_vi
3332,"phương pháp giảng dạy chủ động , giúp sinh viên không chỉ nâng cao kiến thức chuyên môn mà còn cả kỹ năng nghề nghiệp doubledot thuyết trình , tư duy phản biện .",positive,ky_nang_giang_day
3333,thầy wzjwz127 dạy rất nhiệt tình .,positive,hanh_vi
1060,"cô là giáo viên rất nhiệt tình với sinh viên , mong cô cứ như vậy hoài .",positive,de_xuat
3334,hiếm có giảng viên nào truyền đạt cảm hứng học tập và cả kiến thức bổ ích như thầy .,positive,ky_nang_giang_day
3335,vui tính .,positive,hanh_vi
3336,"giảng viên không dạy phần trọng tâm của môn học , dạy quá dài dòng , và cần hạn chế viết bảng .",negative,ky_nang_giang_day
3337,"thầy giảng ngắn gọn , đầy đủ .",positive,ky_nang_giang_day
1925,"thầy giảng rất chi tiết , rất nhiệt tình .",positive,ky_nang_giang_day
3338,"giảng viên gợi ý , định hướng cho sinh viên từ đồ án chuyên ngành đến khoá luận tốt nghiệp .",positive,hanh_vi
3339,"chưa nhiều kiếm thức thêm , nâng cao ngoài cơ bản của môn học .",negative,kien_thuc
3340,tâm huyết và nhiệt tình với sinh viên .,positive,hanh_vi
2015,"cô wzjwz73 dạy môn này rất truyền cảm , em rất thích môn này .",positive,ky_nang_giang_day
3341,giảng viên giảng dạy rất tận tâm .,positive,hanh_vi
3342,"slide bài giảng tốt , giảng viên giải đáp vấn đề tốt .",positive,hanh_vi
3343,cám ơn thầy !,positive,noi_chung
3344,"giảng dễ hiểu , nhiệt tình .",positive,hanh_vi
3345,"giảng viên nghỉ quá quá nhiều , không đảm bảo giờ lên lớp làm ảnh hưởng đến tiến độ học tập của sinh viên .",negative,hanh_vi
1134,"rất hài lòng , hy vọng thầy sẽ mở mang thêm nhiều kiến thức nữa cho sinh viên .",positive,de_xuat
3346,dạy nhiệt tình nên hay lấn giờ quá tiết .,negative,ky_nang_giang_day
3347,"giáo viên nhiệt tình , quá trình dạy có liên hệ thực tế !",positive,hanh_vi
3348,"thầy rất nghiêm khắc , là một người thầy rất giỏi .",neutral,hanh_vi
3349,"giáo viên tận tâm , có chuyên môn và sẵn sàng giải đáp thắc mắc của sinh viên .",positive,kien_thuc
3350,cô cho quá nhiều bài tập fraction đồ án đến nỗi em nghĩ rằng kỳ vừa rồi mình chỉ học một môn này .,negative,bai_tap
3351,"môn học nên mở rộng ra ios , nơi store có nhiều sản phẩm chất lượng nhất hiện nay .",positive,de_xuat
3352,"giảng viên dễ tính , hòa đồng .",positive,hanh_vi
3353,"nhiều chỗ thầy giải thích quá phức tạp , khó hiểu .",negative,ky_nang_giang_day
3354,"cô giảng bài không truyền cảm hứng cho sinh viên , cũng như cô không quản được lớp trong giờ seminar như vậy làm cho mục đích cho lớp seminar không đạt chất lượng .",negative,hanh_vi
3355,"nhiệt tình , dạy hay , dễ hiểu .",positive,ky_nang_giang_day
3356,"thầy giáo nhiệt tình , vui vẻ , tận tình giải đáp thắc mắc cho sinh viên .",positive,hanh_vi
3357,"giảng dạy nhiệt tình , dễ hiểu , luôn khuyến khích sinh viên học tập tốt , sử dụng hiểu quả giờ lên lớp .",positive,hanh_vi
3358,em rất quý cô cũng như toàn thể các giảng viên trong trường nhưng em phải nói với thầy một điều chân thành rằng em cảm thấy việc điểm danh khi đi học là không hiệu quả .,positive,hanh_vi
3359,thực hành với lý thuyết có vẻ không có liên quan với nhau .,negative,kinh_nghiem
3360,"tôi chưa từng thấy giáo viên nào mà nghỉ nhiều , lại hay đi trễ về sớm như vậy .",negative,hanh_vi
3361,"giáo viên nhiệt tình , phương pháp giảng bài dễ hiểu .",positive,hanh_vi
3362,"giáo viên đến đúng giờ , nhiệt tình chỉ dẫn sinh viên .",positive,hanh_vi
3363,"giảng dễ hiểu , vui tính và rất thân thiện với sinh viên .",positive,ky_nang_giang_day
3364,thay đổi phương pháp dạy học để sinh viên dễ tiếp thu kiến thức hơn .,negative,ky_nang_giang_day
3365,"kiến thức rộng , kinh nghiệm thực tế nhiều , truyền cảm hứng cho sinh viên .",positive,hanh_vi
3366,cô hướng dẫn thực hành khá đầy đủ .,positive,ky_nang_giang_day
2646,thầy dạy bám sát yêu cầu mà thực tế cần .,positive,ky_nang_giang_day
3367,lên lớp chưa đầy đủ .,negative,noi_chung
3368,"ít được giao tiếp với giảng viên , giảng viên ít khi lên lớp .",negative,hanh_vi
3369,"truyền đạt kiến thức còn quá lan man , thiếu ví dụ về hệ thống thực tế bên ngoài , truyền cảm hứng chưa tốt , chưa tạo được niềm vui cho sinh viên đến lớp .",negative,hanh_vi
3370,giỏi .,positive,noi_chung
3371,thầy tạo được sự hứng thú với môn học .,positive,hanh_vi
3372,"môn học còn khá nặng nề , không ứng dụng thực tiễn cũng như không phục vụ cho chuyên nghành , theo em nghĩ , môn giải tích thật sự không cần thiết lắm .",negative,kien_thuc
3373,chúc cô thành công !,positive,noi_chung
3374,"giảng viên không sử dụng course gây khó khăn cho sinh viên , hay chém gió , giọng giảng không rõ ràng .",negative,ky_nang_giang_day
3375,thầy nên điểm danh nhiều hơn và thường xuyên sửa bài tập hơn .,negative,bai_tap
3376,giảm tảibỏ những phần không thật sự cần thiết .,positive,de_xuat
3377,"thầy dạy rất tốt , đầy đủ về nội dung .",positive,cung_cap_tai_lieu
3378,"không hài lòng đề thi cuối kỳ vì đề thi 60% là kiến thức không dạy trong lớp với lại đề thi chủ yếu tập trung bên kiến thức về mạng máy tính chứ không liên quan gì đến đúng môn học hệ điều hành linux , cảm thấy thất vọng , vì đối với khoa mạng thì những kiến thức về mạng thuộc nằm lòng còn đối với các khoa khác thì những kiến thức đó rất mới mẻ .",negative,kien_thuc
3379,giảng viên nên thường xuyên cập nhật và giới thiệu những thành tựu công nghệ mới đến sinh viên cũng như cho phép sinh viên thử nghiệm tại lớp nếu điều kiện cho phép .,negative,ky_nang_giang_day
3380,"bài tập thực hành đa đạng , dễ hiểu .",positive,bai_tap
3381,"dạy dễ hiểu , ân cần .",positive,ky_nang_giang_day
3382,"thầy dạy nhiệt tình , dễ hiểu , tận tình , làm nhiều bai tập vận dụng .",positive,hanh_vi
3383,"không có , chỉ là do em lười học nên không tiếp thu được .",negative,noi_chung
3384,"giảng viên truyền đạt rất tốt , rất dễ hiểu .",positive,ky_nang_giang_day
3385,giảng viên nhiệt tình truyền đạt dễ hiểu .,positive,ky_nang_giang_day
3386,nhiều chỗ hay dạy còn hơi nhanh .,negative,ky_nang_giang_day
3387,tuy nhiên truyền đạt hơi khó hiểu cho sinh viên .,negative,ky_nang_giang_day
3388,thầy rất nhiệt tình và luôn giải đáp mọi thắc mắc của sinh viên .,positive,hanh_vi
3389,vủi vẻ nhiệt tình .,positive,hanh_vi
1781,"thầy rất vui tính , vi dụ thực hành tại máy trực tiếp và thực tế .",positive,kinh_nghiem
3390,"phòng học được trang bị tốt hơn , đảm bảo tốt cho công tác giảng dạy .",positive,thiet_bi_day_hoc
3391,"cô dạy nhiệt tình , kiến thức sâu và rộng , liên hệ thực tiễn cụ thể .",positive,kinh_nghiem
3392,và còn rất nhiều vấn đề khác .,negative,noi_chung
3393,"thầy dạy không có hứng , thầy chỉ đọc những gì trên slide và kêu sinh viên chép vào tập .",negative,hanh_vi
3394,"cô dạy quá phân biệt trình độ trong lớp , không thích các sinh viên yếu .",negative,ky_nang_giang_day
3395,giáo viên luôn tạo động lực cho sinh viên học .,positive,hanh_vi
3396,"cô wzjwz183 dạy rất tận tình , dễ hiểu , truyền đạt tốt .",positive,ky_nang_giang_day
3397,"giảng viên giảng dễ hiểu , vui tính .",positive,hanh_vi
3398,như vậy là được .,positive,noi_chung
3399,giảng viên cho quá nhiều bài tập .,negative,bai_tap
3400,thầy dạy hay hứng thú .,positive,hanh_vi
3401,còn nhiều chỗ thiếu sót .,negative,noi_chung
1747,"giải chi tiết các bài tập , tiếp thu bài rất nhanh trong giờ giảng của thầy .",positive,bai_tap
3402,"thầy rất tận tình , quan tâm đến sinh viên .",positive,hanh_vi
3403,em xin cảm ơn !,positive,noi_chung
3404,thầy nên tương tác với sinh viên nhiều hơn ạ .,negative,hanh_vi
3405,"giáo viên dạy hay , thu hút học sinh , khả năng truyền đạt tốt .",positive,ky_nang_giang_day
3406,thầy dạy hay kêu sinh viên uống bia !,negative,hanh_vi
3407,"thầy nên thông báo nghỉ học trước vài ngày , thầy nên giải các bài tập cũng như hướng dẫn làm bài tập mới một cách cụ thể và giảm độ nâng cao so với trình độ tụi em .",negative,hanh_vi
3408,"phóng tầm nhìn đi xa hơn , những khó khăn , những kiến thức cần phải học để thành công trên đường đời .",positive,noi_chung
3409,"em cảm thấy áp lực và không thoải mái trao đổi với thầy , hỏi thầy mà thầy không trả lời .",negative,hanh_vi
593,"thầy nhẹ nhàng , thoải mái , hiền , hướng dẫn thực hành kỹ .",positive,hanh_vi
3410,thầy dạy rất vui nhưng đôi khi còn rất khó tính .,negative,hanh_vi
3411,"chấm điểm thiếu công bằng , thực hành tại máy trường mà chấm bài cài đặt phần mềm trên laptop .",negative,cham_diem
3412,"em thấy trong lúc giảng , thầy ví dụ rất sinh động , dễ hiểu .",positive,ky_nang_giang_day
3413,"thầy quá thụ động , ít ra là người thầy phải năng động chứ .",negative,hanh_vi
3414,nên đảm bảo giờ lên lớp hơn .,negative,chuong_trinh_hoc
3415,giảng viên dạy rất dễ hiều .,positive,ky_nang_giang_day
3416,"giảng viên cố gắng tìm đủ thiết bị , dụng cụ cho sinh viên thực hành .",positive,thiet_bi_day_hoc
3417,thầy trẻ trâu .,negative,hanh_vi
3418,thầy rất nhiệt tình và quan tâm giúp đỡ chúng em trong khi làm bài thực hành .,positive,hanh_vi
3419,đó là điều mà em ngưỡng mộ nhất .,positive,noi_chung
3420,"cô vui tính , phương pháp giản dạy rất vui mà hiệu quả .",positive,ky_nang_giang_day
3421,"thầy dạy dễ hiểu , có cho làm bài tập .",positive,ky_nang_giang_day
3422,"thầy giảng rất hay , rất tận tâm , luôn dạy quá tiết , luôn trả lời thắc mắc của sinh viên .",positive,ky_nang_giang_day
688,giảng viên chỉ lên lớp còn lại không hướng dẫn nội dung thực hành cho sinh viên .,negative,hanh_vi
3423,lớp học đăng ký lúc đầu gần 10 người nhưng sau 2 ngày thì đi học chỉ còn khoảng từ 15 - 20 sinh viên học .,negative,noi_chung
3424,thầy khá tận tâm và nhiệt thành .,positive,hanh_vi
3425,"thầy dạy rễ hiểu , nhiệt tình .",positive,hanh_vi
3426,nên học ở giảng đường sẽ thuận tiện hơn .,positive,thiet_bi_day_hoc
3427,"cô dạy nhiệt tình , kỹ , chịu khó nếu học sinh chưa hiểu bài .",positive,ky_nang_giang_day
3428,"tiếp cận với sinh viên một cách thân thiện , phương pháp dạy khoa học , dễ tiếp thu , dễ hiểu .",positive,hanh_vi
3429,"giảng viên thân thiện , nhiệt tình trong giảng dạy .",positive,ky_nang_giang_day
3430,"cô dạy rất hay , kỹ và nhiệt huyết .",positive,ky_nang_giang_day
2115,"nhiệt tình , giảng bài dễ hiểu .",positive,ky_nang_giang_day
3431,"giảng viên chưa nắm rõ chương trình , có khi không fix được lỗi để giảng cho sinh viên mà giao bài tập bắt sinh viên làm , trong khi giáo trình môn học gửi trên moodle không đáp ứng được lượng kiến thức cần thiết , còn quá sơ sài , không cụ thể , và đôi khi không có tài liệu luôn đặc biệt là về phần c .",negative,ky_nang_giang_day
3432,cô giáo dạy nhiệt tình .,positive,hanh_vi
3433,thầy rất tuyệt thầy dạy rất dễ hiểu .,positive,hanh_vi
3434,"cô nhiệt tình giảng dạy , vui tính , dễ chịu với sinh viên .",positive,hanh_vi
3435,nên giảng chậm lại .,positive,de_xuat
3436,"thầy tích cực lên lớp , không nghỉ buổi nào .",positive,hanh_vi
3437,không hay lắm !,negative,noi_chung
3438,giáo viên giảng dễ hiểu .,positive,ky_nang_giang_day
3439,"giảng viên tận tình giúp đỡ , giảng dạy dễ hiểu , dễ tiếp thu .",positive,hanh_vi
3440,"dạy chậm , chiếu thêm slide , thêm bài tập .",negative,ky_nang_giang_day
2137,giáo viên giảng dạy tận tình và cho làm nhiều bài tập tại lớp .,positive,ky_nang_giang_day
3441,tuyệt !,positive,noi_chung
3442,chúng em học được rất nhiều điều từ thực tế thông qua những câu truyện cô kể .,positive,kinh_nghiem
3443,"thầy wzjwz255 dạy nhiệt tình , có pha chút hài hước để lớp thoải mái .",positive,ky_nang_giang_day
3444,"cô nên duy trì các bài tập thực hành như thế này và cải tiến , bổ sung thêm nội dung nữa để phong phú hơn .",positive,bai_tap
3445,tỉ mỉ .,positive,hanh_vi
3446,nên sửa đổi nội dung môn học hợp lý hơn .,positive,de_xuat
3447,"giáo trình , bài giảng và tài liệu phục vụ môn học được cung cấp đầy đủ và cập nhật trên hệ thống moodle .",positive,cung_cap_tai_lieu
3448,khiến sinh viên mơ hồ về môn này .,negative,noi_chung
3449,anh rất nhiệt tình trong giảng dạy và giải đáp thắc mắc của sinh viên .,positive,hanh_vi
3450,cô điểm danh nhiều quá colonsad .,negative,hanh_vi
3451,rất hay dot tâm huyết dot dạy bài dễ tiếp thu .,positive,ky_nang_giang_day
3452,tiết học nhàm chán .,negative,ky_nang_giang_day
3453,"giảng viên tận tâm , tận tình .",positive,hanh_vi
3454,cung cấp cho sinh viên nhiều kiến thức thực tiễn .,positive,kien_thuc
3455,giảng viên rất nhiệt tình !,positive,hanh_vi
3456,"thầy giáo tận tâm , nhiệt tình .",positive,hanh_vi
3457,"em và các bạn thuộc các lớp phần mềm chất lượng cao hầu như không ai muốn đăng ký môn học game cơ bản do giảng viên này đảm nhận , nhưng kỳ vừa rồi nhà trường chỉ cung cấp cho chúng em duy nhất một sự lựa chọn là giảng viên này nên chúng em không còn cách nào khác .",negative,noi_chung
2246,"thầy vui vẻ , nhiệt tình , khả năng sư phạm tốt .",positive,hanh_vi
3458,"thầy dạy rất nhiệt tình , thầy kiêm luôn giáo viên thực hành .",positive,ky_nang_giang_day
3459,lớp được nghỉ liên tục .,negative,noi_chung
3460,"thầy giảng dạy nhiệt tình , dễ hiểu .",positive,ky_nang_giang_day
3461,mong thầy cô xem lại cách giảng dạy môn này .,negative,ky_nang_giang_day
3462,thầy cho ít dạng bài tập .,negative,bai_tap
3463,"rất có tâm , nhiệt tình và tận tụy với sinh viên .",positive,hanh_vi
3464,"cô dạy nhiệt tình , dễ hiểu , quan tâm sinh viên .",positive,hanh_vi
3465,"thầy vui vẻ , nhiệt tình , chỉ dạy kiến thức thực tế .",positive,hanh_vi
3466,một số lúc .,neutral,noi_chung
3467,"cách dạy của thầy rất nhàm chán , không có nhiều hoạt động thực tế , bài tập thầy cho chỉ áp sát lý thuyết mà chưa thực tế .",negative,ky_nang_giang_day
3468,"giảng viên dạy rất nhiệt tình , thường xuyên tham khảo ý kiến thắc mắc của sinh viên để giải đáp , tạo điều kiện cho sinh viên tự suy nghĩ trong lớp , không quá phụ thuộc vào slide .",positive,hanh_vi
3469,"cung cấp slide , kiến thức , truyền dạt tốt .",positive,ky_nang_giang_day
3470,"giảng viên giảng lý thuyết kỹ trước khi cho làm thực hành , đánh giá điểm hợp lý .",positive,ky_nang_giang_day
3471,"thầy dạy dễ hiểu , luôn nhắc lại kiến thức cũ ở mỗi tiết .",positive,ky_nang_giang_day
3472,còn vài điều về bài học vẫn chưa được giải thích cho mọi sinh viên hiểu .,negative,ky_nang_giang_day
3473,"thầy giáo cung cấp các tài liệu đọc thêm , giải đáp thắc mắc của sinh viên cũng như giảng dạy rất tận tình .",positive,hanh_vi
3474,nhưng vẫn chưa nhiệt tình lắm .,negative,hanh_vi
406,"còn bình thường đến lớp thầy chỉ làm việc trên máy của thầy , không nói gì cả .",negative,ky_nang_giang_day
3475,"môn học nên bám sát vào nội dung , mục đích cuối cùng thay vì giảng dạy lý thuyết tràn lan .",positive,de_xuat
3476,"hướng dẫn tận tiện cho sinh viên về nghề nghiệp tương lai , truyền đạt tốt .",positive,ky_nang_giang_day
3477,"cô dạy hơi khó hiểu , dạy nhanh .",negative,ky_nang_giang_day
3478,cô dạy rất nhiệt tình và rất kiên nhẫn với sinh viên .,positive,hanh_vi
3479,"bài tập hay , đa dạng .",positive,bai_tap
3480,"thầy dạy dễ hiểu , tiết học dễ hiểu , sôi nổi .",positive,ky_nang_giang_day
3481,"nhiệt tình , luôn giúp đỡ học sinh .",positive,hanh_vi
3482,"thầy gần gũi thân thiện nhiệt tình , nhất là khi muốn phúc khảo bài thi .",positive,hanh_vi
3483,"phần lý thuyết lặp lại nên chán , không thu hút .",negative,ky_nang_giang_day
3484,"giảng viên lên lớp đúng giờ , các buổi bù đều hợp lý , giảng bài nghiêm túc , có kiểm tra quá trình , bài tập về nhà .",positive,hanh_vi
3485,"giảng bài kỹ , nhắc lại kiến thức quan trọng trong những buổi học mới .",positive,ky_nang_giang_day
3486,thầy luôn lắng nghe tụi em và giải thích mọi thắc mắc cách rõ ràng .,positive,ky_nang_giang_day
3487,trò chơi sinh động .,positive,noi_chung
3488,"thầy cho các nhóm seminar dịch sách tiếng anh nhưng nhiều nhóm làm quá qua loa nên em không hiểu nội dung sách cho lắm , mặc dù thầy có giảng lại .",negative,bai_tap
3489,"giảng viên nhiệt tình , công tâm , quan tâm sinh viên , truyền đạt tốt .",positive,ky_nang_giang_day
3490,"thầy dạy hay , vui vẻ .",positive,ky_nang_giang_day
3491,đôi khi học sinh nào bận muốn về trước thầy vẫn cho .,positive,hanh_vi
3492,giáo viên không đến lớp bữa nào nên em không biết nhận xét .,negative,hanh_vi
622,"giọng thầy nói khó nghe , giảng buồn ngủ .",negative,ky_nang_giang_day
3493,"thầy wzjwz298 , dạy rất hay và dễ hiểu môn xác suất thống kê , cực kỳ thích cách giảng dạy của thầy , bài tập và slide bài giảng thầy đều gửi đầy đủ giúp sinh viên nắm bắt được bài giảng hiệu quả .",positive,bai_tap
3494,phương pháp dễ hiểu .,positive,ky_nang_giang_day
3495,một số thông tin quan trọng của môn học hoặc một số thay đổi của môn học cần thông báo đến sinh viên qua một số kênh như website môn học hoặc cổng thông tin đào tạo hoặc forum .,neutral,noi_chung
3496,bài giảng dễ hiểu .,positive,ky_nang_giang_day
3497,thầy giảng bài dễ hiểu !,positive,ky_nang_giang_day
3498,"tốt , tận tình với sinh viên .",positive,hanh_vi
790,"thầy không có kiến thức sư phạm , không thẻ truyền đạt một cách dễ hiểu , slide của thầy ( hoặc không phải của thầy ) dạy bao nhiêu năm rồi mà chưa dịch hoàn chỉnh hay dịch như translate của google .",negative,ky_nang_giang_day
3499,"thầy dạy khá khó hiểu , giờ thực hành thường ít code mẫu để sinh viên tham khảo .",negative,cung_cap_tai_lieu
3500,quy mô dự án quá lớn mà phải thực hiện trong một thời gian ngắn và việc quản lý một dự án đó cho cả lớp không chỉ đơn giản trong một học kỳ .,negative,bai_tap
3501,"cảm ơn thầy , thầy rất tuyệt vời , mong thầy tiếp tục giữ lửa cho khóa sau .",positive,hanh_vi
3502,"dạy theo phương pháp truyền thống , lối mòn , lặp khuông như dạy ngữ pháp , giải bài tập .",negative,ky_nang_giang_day
3503,"thầy dạy nhiệt tình , có trình độ môn học yêu cầu sử dụng tư duy rất lớn .",positive,hanh_vi
3504,"giảng viên giảng dạy rất nhiệt tình , tạo đủ áp lực cho sinh viên .",positive,hanh_vi
3505,"giảng viên theo dõi , giám sát quá trình thực hành tốt .",positive,hanh_vi
3506,"nói rõ mục tiêu cũng như các bước làm của lab , khối lượng bài tập vừa phải .",positive,ky_nang_giang_day
3507,mong phòng đào tạo phản hồi lại với thầy để thầy dạy tốt hơn .,neutral,de_xuat
3508,làm sao vớt vát được .,negative,noi_chung
3509,em mong muốn thầy sử dụng kết hợp giữa slide và viết bảng để đạt hiệu quả tốt hơn .,neutral,ky_nang_giang_day
3510,"truyện đạt kiến thức dễ hiểu dễ tiếp thu , gần gũi , nhiệt tình .",positive,kien_thuc
3511,tài liệu giảng viên cung cấp đầy đủ .,positive,cung_cap_tai_lieu
3512,"giảng viên hỗ trợ bài giảng , tài liệu tham khảo rất đầy đủ trên moodle .",positive,hanh_vi
3513,"đang dạy thầy wzjwz208 đi qua nước ngoài giữa chừng , thầy wzjwz209 dạy thay .",negative,hanh_vi
2623,"thầy dạy nhiệt tình , có sự tương tác giữa người dạy và học trong suốt quá trình học tập .",positive,ky_nang_giang_day
3514,không nắm vững được kiến thức môn học .,negative,kien_thuc
2722,"có sự tương tác tốt , rèn được kỹ năng nghe , nói tiếng anh .",positive,hanh_vi
3515,trả lời các câu hỏi của sinh viên tốt .,positive,hanh_vi
1128,"mỗi bài học , mỗi buổi học thầy đều liên hệ thực tế với các cách thức mà các công ty bên ngoài thường làm .",positive,kinh_nghiem
3516,thầy có thể làm thêm nhiều bài mẫu trên lớp hơn để bọn em nắm rõ bài hơn .,negative,ky_nang_giang_day
3517,"giảng viên đánh giá không khách quan , có những đánh giá thiên vị , thiếu chuyên nghiệp .",negative,hanh_vi
