id,text,sentiment,aspect
3,đi học đầy đủ full điểm chuyên cần .,neutral,noi_chung
7,"em sẽ nợ môn này , nhưng em sẽ học lại ở các học kỳ kế tiếp .",neutral,chuong_trinh_hoc
12,dễ bị áp lực .,negative,noi_chung
13,"đang dạy thầy wzjwz208 đi qua nước ngoài giữa chừng , thầy wzjwz209 dạy thay .",negative,hanh_vi
16,hài lòng về tất cả .,positive,noi_chung
22,tiết học thoải mái .,positive,noi_chung
23,"thầy nhiệt tình , quan tâm tới sinh viên .",positive,hanh_vi
29,không giúp đỡ sinh viên trong những vấn đề xung quanh .,negative,hanh_vi
35,thầy chép bảng nhiều .,negative,ky_nang_giang_day
37,"chúc các thầy cô , anh chị làm việc vui vẻ !",positive,noi_chung
49,"thầy nhiệt tình , dễ chịu .",positive,hanh_vi
56,tạo ra sự cạnh tranh trong mỗi buổi thực hành .,neutral,kinh_nghiem
68,tạo hứng thú cho sinh viên .,positive,ky_nang_giang_day
70,có hứng thú học .,positive,noi_chung
86,"cô nói hơi nhỏ , nếu lớp ồn sẽ khó nghe .",negative,ky_nang_giang_day
90,cô hướng dẫn thực hành khá đầy đủ .,positive,ky_nang_giang_day
91,được học nhiều kinh nghiệm từ thầy wzjwz163 .,positive,kinh_nghiem
93,hiện tại em chưa thấy tác dụng gì nhiều khi học môn này .,negative,kien_thuc
101,tôi cảm thấy giảng viên dạy rất tốt .,positive,ky_nang_giang_day
102,"không biết thầy nào dạy chính thức , mà học thường nghỉ không thông báo trước để sinh viên đứng chờ sắp hết tiết rồi tự về nhiều lần .",negative,hanh_vi
106,coi lại thái độ giảng viên thực hành .,negative,hanh_vi
108,bài giảng của thầy rất nhiệt tình .,positive,hanh_vi
141,"em không học thầy wzjwz178 kỳ này , giáo viên thực hành có 2 người nên có lẽ daa nhầm .",negative,noi_chung
142,đề thi môn dài sinh viên làm không đủ thời gian .,negative,bai_tap
143,cho làm nhiều bài test .,negative,bai_tap
146,thầy giảng dạy tốt .,positive,ky_nang_giang_day
150,em thấy thầy chỉ giảng cho có .,negative,ky_nang_giang_day
163,chưa chuẩn bị kỹ bài giảng để có thể trả lời các thắc mắc của sinh viên trên lớp .,negative,ky_nang_giang_day
164,cô khá tận tâm cho học sinh .,positive,hanh_vi
166,giảng viên có khả năng truyền đạt kiến thức tốt .,positive,ky_nang_giang_day
168,nghiên cứu khoa học .,neutral,noi_chung
171,chỉ thông báo trên lớp sẽ khó tránh sai sót .,negative,ky_nang_giang_day
176,nói rất nhỏ .,negative,ky_nang_giang_day
180,làm bài tập nhiều mặc dù không hiểu lắm .,negative,bai_tap
186,cô vui tính .,positive,hanh_vi
188,cô chưa có nhiều kênh bài tập cho sinh viên .,negative,bai_tap
210,"vui , hòa đồng , nhiệt tình .",positive,hanh_vi
215,mong thầy và nhà trường xem xét lại những điều em vừa nói .,neutral,de_xuat
220,cách truyền đạt của giáo viên chưa có sức hút đối với sinh viên nhiều cho lắm .,negative,ky_nang_giang_day
222,chưa tiếp thu trọn vẹn .,negative,ky_nang_giang_day
229,có một số buổi không đi dạy .,negative,hanh_vi
231,"có kiến thức nền tảng này , sinh viên có thể học thêm bất kỳ công nghệ cụ thể nào đó dễ dàng , cũng như tiếp thu thay đổi công nghệ mới nhanh chóng .",positive,kien_thuc
234,chưa nhận được gì từ môn học này .,negative,noi_chung
235,"giảng viên không hề giảng dạy , chỉ đưa đề cương rồi thôi .",negative,ky_nang_giang_day
246,dạy khó hiểu quá nhanh .,negative,ky_nang_giang_day
251,giảng viên rất nhiệt tình trong giảng dạy .,positive,hanh_vi
252,slide chuẩn bị chưa tốt .,negative,cung_cap_tai_lieu
258,cô có nhiều hình thức giảng dạy hay .,positive,ky_nang_giang_day
260,thầy đi trễ .,negative,hanh_vi
272,"thầy giảng rất dễ hiểu và thú vị , thu hút .",positive,ky_nang_giang_day
273,hướng dẫn chi tiết về cách thực hành .,positive,ky_nang_giang_day
281,thầy giảng bài hay và hiệu quả !,positive,ky_nang_giang_day
282,giảng viên nhiệt tình vui vẻ .,positive,hanh_vi
290,"nhiệt tình , tân tâm .",positive,hanh_vi
296,"giáo viên vui tính , hòa đồng , nhiệt tình .",positive,hanh_vi
297,cung cấp kiến thức trọng tâm .,positive,kien_thuc
306,thậm chí còn không có bài nào khó bằng các bài trong nội dung của lớp chuyên tin ở các trường cấp 3 .,negative,bai_tap
307,thầy dạy tận tụy và tâm huyết .,positive,hanh_vi
314,cơ mà em học môn này em hiểu colonlove .,positive,kien_thuc
319,giảng viên giảng bài kỹ .,positive,ky_nang_giang_day
321,"nhiệt tình , tâm huyết .",positive,hanh_vi
330,cách dạy sáng tạo .,positive,ky_nang_giang_day
336,cô giảng bài dễ hiểu .,positive,ky_nang_giang_day
345,"thời lượng môn học quá dài , sinh viên cảm thấy mệt mỏi .",negative,chuong_trinh_hoc
346,giảng viên vui tính dễ tương tác với sinh viên .,positive,hanh_vi
352,"mỗi tháng chỉ gặp giảng viên một lần rất khó cho việc học hỏi , hướng dẫn từ giáo viên .",negative,hanh_vi
358,phòng thực hành tốt .,positive,thiet_bi_day_hoc
366,giảng viên tạo cảm hứng cho sinh viên học tập .,positive,hanh_vi
370,thầy wzjwz174 ít cho bài tập về nhà .,negative,bai_tap
371,thầy đôi khi nói hơi khó hiểu .,negative,ky_nang_giang_day
376,thầy yêu cầu quá cao đối với một sinh viên có thể tiếp thu mọi kỹ năng cần truyền đạt vào một đồ án .,negative,bai_tap
378,dễ hiểu đầy đủ .,positive,ky_nang_giang_day
379,điểm .,neutral,cham_diem
383,giải đáp kịp thời những thắc mắc cho sinh viên .,positive,hanh_vi
386,bài tập không cho ví dụ về nhà để xem lại .,negative,bai_tap
391,đầy đủ kiến thức .,positive,kien_thuc
402,tiết học chưa được thu hút .,negative,ky_nang_giang_day
417,"thấy rất hiền , rất chi là hơi trẻ con .",neutral,hanh_vi
418,"giảng dạy hay , dễ hiểu , cuốn hút sinh viên .",positive,ky_nang_giang_day
420,"giảng hơi nhanh , chưa kỹ lắm .",negative,ky_nang_giang_day
423,giáo viên giảng hay dễ hiểu .,positive,ky_nang_giang_day
424,sử dụng phần mềm crack .,negative,noi_chung
425,nhiều khi dạy quá thời gian .,negative,ky_nang_giang_day
435,thầy thiện nhiệt tình .,positive,hanh_vi
438,"âm thanh thầy giảng hơi nhỏ , khó khăn trong việc nghe giảng .",negative,ky_nang_giang_day
440,"sinh viên hỏi , nhận câu trả lời cũng như không hỏi .",negative,hanh_vi
441,"thầy dạy khá nhiệt tình , vui tính .",positive,hanh_vi
445,nhằm giảm thời lượng giảng dạy cũng như sự thú vị khi học môn toán .,negative,ky_nang_giang_day
450,"chú ý giữ sức khỏe , nhất là cổ họng colonsmile .",neutral,noi_chung
453,thầy rất dễ thương .,positive,hanh_vi
460,tạo điều kiện cho sinh viên làm việc nhóm .,positive,ky_nang_giang_day
461,phương pháp dạy chưa hay .,negative,ky_nang_giang_day
462,hay bị về trễ colonsad .,negative,hanh_vi
472,giảng dạy tận tâm .,positive,hanh_vi
477,"vui tính , nhiệt tình .",positive,hanh_vi
479,thẩy wzjwz311 rất vui và nhiệt tình .,positive,hanh_vi
482,phương pháp truyền đạt của giảng viên chưa hiệu quả lắm .,negative,ky_nang_giang_day
484,thầy giúp em biết mạch số là gì .,positive,ky_nang_giang_day
485,có lúc thầy lạc đề .,negative,hanh_vi
486,thầy dạy hơi chậm .,negative,ky_nang_giang_day
498,giáo viên rất nhiệt tình đối với sinh viên .,positive,hanh_vi
502,nhiều lúc thầy vẫn nói lý thuyết nhiều gây nhàm chán .,negative,ky_nang_giang_day
505,luôn đảm bảo giờ giấc trong tiết học .,positive,hanh_vi
508,cô nói hơi nhỏ nên hơi buồn ngủ .,negative,ky_nang_giang_day
509,có lúc dạy khó hiểu .,negative,ky_nang_giang_day
525,thầy dạy rất nhiệt tình với sinh viên .,positive,hanh_vi
530,kể chuyện hay .,positive,ky_nang_giang_day
535,mong muốn giảng viên nào cũng áp dụng như vậy thì quá tốt .,positive,ky_nang_giang_day
543,"thầy dạy tốt , giảng dễ hiểu .",positive,ky_nang_giang_day
544,mở rộng kiến thức nâng cao cho sinh viên .,neutral,kien_thuc
554,thầy không vui tính .,negative,hanh_vi
556,thầy dạy vui vẻ .,positive,hanh_vi
561,tận tình chu đáo .,positive,hanh_vi
566,em xin lỗi nhưng đó là sự thật !,neutral,noi_chung
567,"cô tận tâm , hỗ trợ nhiệt tình .",positive,hanh_vi
569,"phương pháp tư duy cho sinh viên , để sinh viên tự giải quyết các vấn đề .",positive,ky_nang_giang_day
590,thầy khá nhiệt huyết và gần gủi với sinh viên .,positive,hanh_vi
603,"thầy nhiệt tình , vui vẻ .",positive,hanh_vi
615,thầy giảng dạy rất nhiệt tình và vui tính .,positive,hanh_vi
621,"thầy lên lớp không đúng giờ giấc , thường xuyên đi trễ .",negative,hanh_vi
627,"thầy giảng bài kỹ , dễ hiểu !",positive,ky_nang_giang_day
636,nhiệt tình giúp đỡ sinh viên .,positive,hanh_vi
644,điều em hài lòng nhất đó là thầy với tốc độ phù hợp và rất dễ hiễu .,positive,ky_nang_giang_day
662,"giảng dạy tích cực , dễ hiểu .",positive,ky_nang_giang_day
665,không khí lớp học thì không được sôi nổi .,negative,hanh_vi
672,giảng viên giảng dạy theo đúng thời gian môn học .,positive,ky_nang_giang_day
681,giảng dạy tốt .,positive,ky_nang_giang_day
682,"nhiệt tình , cô dễ thương =) .",positive,hanh_vi
684,giảng viên dạy tận tâm nhiệt tình .,positive,hanh_vi
687,"giảng viên hiền lành , nhiệt tình giúp đỡ khá nhiều cho sinh viên khi sinh viên không hiểu bài .",positive,hanh_vi
688,giảng viên rất tận tình !,positive,hanh_vi
702,thầy có cách giảng bài rất hay và dễ hiểu .,positive,ky_nang_giang_day
703,thầy dạy bằng slide bài giảng hơi nhanh .,negative,ky_nang_giang_day
715,rất thích được học cô .,positive,hanh_vi
726,"thầy dạy nhiệt tình , rất hăng hái .",positive,hanh_vi
736,giảng bài khó hiểu .,negative,ky_nang_giang_day
738,thầy rất nhiệt tình với học sinh .,positive,hanh_vi
740,hình như em đăng ký thầy dạy mà thầy dạy mấy buổi người khác dạy mấy buổi thì phải .,negative,noi_chung
743,"thầy giảng rất hay và dễ hiểu , phong cách dạy độc đáo .",positive,ky_nang_giang_day
758,thầy cho khá nhiều bài tập đa dạng .,positive,bai_tap
764,"giảng viên chưa truyền đạt tốt , dạy còn chán , không có sự thu hút trong cách dạy lắm .",negative,ky_nang_giang_day
769,cô giảng có hơi khó hiểu .,negative,ky_nang_giang_day
770,tạo bầu không khí thoải mái cho sinh viên .,positive,hanh_vi
780,thực hành nhiều .,neutral,kinh_nghiem
781,"nhiệt tình với sinh viên , tư tưởng thoải mái .",positive,hanh_vi
801,"cô thân thiện với học sinh , truyền cảm hứng , động lực tốt .",positive,hanh_vi
802,thầy kiểm tra quá nhiều .,negative,bai_tap
812,thầy wzjwz83 rất nhiệt huyết trong việc giảng dạy .,positive,hanh_vi
817,chưa ổn .,negative,noi_chung
819,sử dụng giờ học hiệu quả .,positive,ky_nang_giang_day
831,giảng viên dạy rất dễ hiểu .,positive,ky_nang_giang_day
832,tài liệu cung cấp thiếu .,negative,cung_cap_tai_lieu
859,cá nhân em thấy đôi khi nhìn thầy em cảm thấy hơi sợ sợ .,negative,hanh_vi
861,thầy hướng dẫn thực hành hay .,positive,ky_nang_giang_day
863,"giảng viên nhiệt tình , luôn luôn đến lớp đúng giờ .",positive,hanh_vi
865,giảng viên truyền đạt còn chưa tốt .,negative,ky_nang_giang_day
879,"giảng viên giảng bài hơi nhàm chán , gây cảm giác buồn ngủ , có nhiều chỗ hơi lan man .",negative,ky_nang_giang_day
886,giáo viên rất tận tâm nhiệt tình .,positive,hanh_vi
887,"mong rằng những môn có thực hành , giáo viên nên mở chat box và forum cho sinh viên dễ trao đổi với nhau , cũng như nhanh chóng nhận được lời giải đáp thắc mắc từ giáo viên .",neutral,de_xuat
888,cô dạy quá hay rồi .,positive,ky_nang_giang_day
890,chất lượng môn học phù hợp .,positive,chuong_trinh_hoc
892,có sai nhận sai và sửa đổi khắc phục .,negative,noi_chung
901,chỉ dạy tận tâm .,positive,hanh_vi
904,giảng hơi ít .,negative,ky_nang_giang_day
929,em không có ý kiến về mục này ạ .,neutral,noi_chung
938,lên lớp toàn cho làm paper .,negative,chuong_trinh_hoc
940,giảng viên làm rất tốt trong việc giảng dạy bộ môn thực hành .,positive,ky_nang_giang_day
942,thầy wzjwz199 rất nhiệt tình trong quá trình giảng dạy .,positive,hanh_vi
943,sau kỳ thi giữa kỳ cấu trúc dữ liệu lý thuyết ( chủ yếu là thi về thuật toán sắp xếp ) thì thầy mới cho làm bài tập về các thuật toán sắp xếp .,negative,bai_tap
945,có nghĩ 2 buổi không hề báo trước .,negative,chuong_trinh_hoc
952,cung cấp nhiều bài tập cho sinh viên tham khảo .,neutral,bai_tap
955,thầy hầu như không giải đáp thắc mắc của sinh viên khi bài tập mắc lỗi hoặc có nhưng rất hời hợt .,negative,hanh_vi
957,công bằng .,positive,cham_diem
960,bài giảng hơi khó hiểu .,negative,ky_nang_giang_day
964,giúp chúng em học tập tốt hơn .,positive,noi_chung
966,"thầy dạy rất hay , chi tiết .",positive,ky_nang_giang_day
971,không tập trung vào giảng kiến thức cho học sinh hiểu .,negative,ky_nang_giang_day
972,thật sự rất thất vọng về việc dạy thực hành của thầy !,negative,ky_nang_giang_day
974,thầy dạy lý thuyết được .,positive,ky_nang_giang_day
981,giảng viên lên lớp đầy đủ .,positive,hanh_vi
982,"giảng viên nhiệt tình , hỗ trợ sinh viên tốt .",positive,hanh_vi
987,"vui tính , thân thiện .",positive,hanh_vi
998,có một bạn trong phòng của em học thầy ở học kỳ trước hâm mộ thầy !,neutral,noi_chung
1005,thầy quan tâm sinh viên .,positive,hanh_vi
1007,quá chú trọng vào việc luyện kỹ năng thi toeic .,negative,chuong_trinh_hoc
1050,hướng dẫn nhiệt tình .,positive,hanh_vi
1051,cung cấp kiến thức gần với thực tế .,positive,kien_thuc
1053,"nhiệt tình , quan tâm đến sinh viên .",positive,hanh_vi
1058,thầy bận công tác và thay giảng viên khác mà giảng viên đó dạy không tốt bằng thầy wzjwz292 làm chúng em rất khó nắm bắt kiến thức .,negative,ky_nang_giang_day
1059,tiết học có phần khô chán .,negative,ky_nang_giang_day
1061,"giảng viên tăng cường giải bài tập , giúp sinh viên dễ hiểu bài .",positive,ky_nang_giang_day
1072,giảng viên kém vui vẻ .,negative,hanh_vi
1087,thầy dạy rất sơ sài hầu như chỉ trong slide .,negative,ky_nang_giang_day
1099,thuyết trình trên lớp .,neutral,noi_chung
1100,thầy có kiến thức sâu và rộng .,positive,kien_thuc
1112,dễ thương .,positive,noi_chung
1114,tận tâm gọi những sinh viên không tập trung để trả lời câu hỏi .,positive,hanh_vi
1116,khi học sinh nào có ý kiến muốn phát biểu thì thầy tranh luận tới cùng .,neutral,hanh_vi
1124,không hiểu gì khi ngồi nghe trong lớp .,negative,ky_nang_giang_day
1128,hơi căng .,negative,noi_chung
1131,vui vẻ hòa đồng nhiệt tình chỉ bao nhiêu đối với một giáo viên là đủ .,positive,hanh_vi
1137,"thầy dễ tính thoải mái , vui tính , nhiệt tình .",positive,hanh_vi
1140,giảng phần bài tập hơi nhanh .,negative,ky_nang_giang_day
1149,bài tập ở lớp giúp ích rất nhiều cho việc học .,positive,bai_tap
1151,nhiệt tình giúp sinh viên giải đáp thắc mắc .,positive,hanh_vi
1165,giảng dạy chi tiết và thường xuyên ôn lại kiến thức !,positive,ky_nang_giang_day
1167,giảng viên giảng hơi nhanh một số phần .,negative,ky_nang_giang_day
1177,em cảm ơn thầy đã đọc ạ .,positive,hanh_vi
1178,cho nhiều kiến thức bổ ích .,positive,kien_thuc
1184,thầy rất tận tâm và nhiệt tình chỉ dạy sinh viên .,positive,hanh_vi
1189,xin cảm ơn !,positive,noi_chung
1190,môn học tuyệt vời .,positive,chuong_trinh_hoc
1201,cô rất vui và rất gần gũi với học sinh .,positive,hanh_vi
1202,tuy nhiên việc giảng dạy khá chậm .,negative,ky_nang_giang_day
1205,thầy tận tâm và nhiệt tình .,positive,hanh_vi
1211,đầy đủ .,neutral,noi_chung
1226,thầy giảng bài không sát với đề thi .,negative,ky_nang_giang_day
1229,hướng dẫn chu đáo .,positive,ky_nang_giang_day
1233,sự nhiệt huyết của giáo viên .,positive,hanh_vi
1237,giảng viên đôi khi đến lớp muộn .,negative,hanh_vi
1239,thầy trẻ trâu .,negative,hanh_vi
1240,ứng dụng của môn học đó giúp gì cho sinh viên .,neutral,noi_chung
1243,cô dạy rất có tâm .,positive,hanh_vi
1245,tương tác với sinh viên cực kỳ tốt .,positive,hanh_vi
1249,kiến thức của môn này có lẽ hiếm khi nào tụi em dùng tới .,negative,kien_thuc
1253,nhiệt tình và tâm huyết .,positive,hanh_vi
1259,cô dạy hơi nhanh nên em không kịp hiểu .,negative,ky_nang_giang_day
1265,cô hay dạy lố giờ .,negative,ky_nang_giang_day
1266,"cô giảng dạy tận tình , luôn quan tâm đến học sinh .",positive,hanh_vi
1270,nhưng mà phòng thực hành hiện tại thì chỉ trang bị máy có 1 gb ram thôi .,negative,thiet_bi_day_hoc
1271,"thầy dạy dễ hiểu , cho nhiều ví dụ sinh động .",positive,ky_nang_giang_day
1275,giảng viên chưa định hướng được mục đích học môn này cho sinh viên .,negative,ky_nang_giang_day
1280,giáo viên giỏi .,positive,hanh_vi
1281,bài tập về nhà khó .,negative,bai_tap
1287,về các ví dụ .,neutral,kinh_nghiem
1296,không có ứng dụng trong thực tế .,negative,kinh_nghiem
1300,"hòa đồng , vui tính .",positive,hanh_vi
1302,giảng viên cho nhiều thử thách hay .,positive,bai_tap
1303,hướng dẫn làm bài tập thực hành cụ thể .,positive,ky_nang_giang_day
1311,có bài soạn cho sinh viên xem trước .,neutral,cung_cap_tai_lieu
1313,chỉ tại em thiếu từ vựng anh văn .,negative,kien_thuc
1315,"chưa sử dụng moodle trong quá trình giảng dạy , nhất là trong việc cung cấp tài liệu học tập .",negative,cung_cap_tai_lieu
1316,cô rất dễ thương .,positive,hanh_vi
1323,đợi các bạn ngồi vào bàn hết cô mới sắp xếp chỗ ngồi nên gây mất thời gian làm bài của sinh viên .,negative,hanh_vi
1333,quá tốt .,positive,noi_chung
1338,giảng bài dễ hiểu chuyên sâu .,positive,ky_nang_giang_day
1344,"giảng viên và giảng viên thực hành dạy môn học cho sinh viên theo hai hướng khác nhau , làm sinh viên rất khó nắm bắt .",negative,ky_nang_giang_day
1352,nên thay đổi các hoạt động khác nhau hoàn toàn .,negative,de_xuat
1362,chả có gì hài lòng .,negative,noi_chung
1367,"giảng viên cập nhật thông tin về bài học thường xuyên , đầy đủ , mới mẻ .",positive,cung_cap_tai_lieu
1371,"giảng viên nhiệt tinh , tâm huyết .",positive,hanh_vi
1388,"thầy dễ thương , nhiệt tình .",positive,hanh_vi
1389,giáo viên truyền đạt được tất cả các nội dung bài học .,positive,ky_nang_giang_day
1397,"giảng dạy khó hiểu , gây áp lực quá nhiều , kéo dài thời gian giảng dạy làm sinh viên không thể ăn trưa .",negative,ky_nang_giang_day
1400,"hòa đồng , vui vẻ và biết tiếp thu ý kiến sinh viên .",positive,hanh_vi
1401,chưa nhiệt tình lắm .,negative,hanh_vi
1402,"giáo viên giảng dạy tốt , phát huy tốt khả năng nghe nói và đọc của sinh viên .",positive,ky_nang_giang_day
1411,có phương phát giảng dạy dễ hiểu .,positive,ky_nang_giang_day
1414,"theo em , tài liệu môn học còn thiếu .",negative,cung_cap_tai_lieu
1425,"khi thi thì thời gian quá ngắn để thực hiện trình bày dù đã nghĩ ra cách giải dạy sinh viên "" làm nhanh những việc dễ "" dạy sinh viên thành "" thợ "" .",negative,noi_chung
1428,có nhiệt huyết trong giảng dạy .,positive,hanh_vi
1429,thầy hay dạy lố giờ sang thời gian ăn trưa .,negative,hanh_vi
1432,phương pháp giảng dạy khá tốt .,positive,ky_nang_giang_day
1437,"thầy đúng giờ giấc , giúp đỡ tốt trong quá trình thực hành .",positive,hanh_vi
1443,nhiệt tình giải đáp mọi thắc mắc của sinh viên .,positive,hanh_vi
1444,cô giảng dạy và chỉ dẫn học sinh rất tận tình .,positive,hanh_vi
1451,cách giảng dạy gây buồn ngủ .,negative,ky_nang_giang_day
1455,làm cho người học bị rối .,negative,ky_nang_giang_day
1456,"cô tận tâm , nhiệt tình .",positive,hanh_vi
1457,hay nhiệt tình .,positive,hanh_vi
1458,sinh viên chịu khó sẽ làm được bài .,neutral,noi_chung
1459,thầy dạy không hiệu quả .,negative,ky_nang_giang_day
1464,"thầy dạy khá hay và chi tiết , dễ tiếp thu .",positive,ky_nang_giang_day
1467,"thầy sử dụng tiếng anh và tiếng việt lẫn lộn , gây khó hiểu .",negative,ky_nang_giang_day
1468,"rất tốt , không có ý kiến .",positive,noi_chung
1469,"thầy nhiệt tình , tâm huyết , đẹp trai .",positive,hanh_vi
1471,lên lớp trễ 5 - 10 phút .,negative,hanh_vi
1480,cô dạy rất nhiệt tình và dễ hiểu .,positive,ky_nang_giang_day
1482,đôi từ tiếng anh em chưa hiểu .,negative,kien_thuc
1486,một số vấn đề cơ bản giảng viên nên lược bớt để không tốn thời gian .,neutral,de_xuat
1487,thái độ rất nhiệt tình .,positive,hanh_vi
1498,"em học cảm thấy hơi khó hiểu , cô dạy hơi nhanh .",negative,ky_nang_giang_day
1503,thầy đến rất đúng giờ .,positive,hanh_vi
1507,"thầy dạy rất hay , ngắn gọn , tổng quát và dễ hiểu .",positive,ky_nang_giang_day
1510,thầy rất giảng rất nhiệt tình .,positive,hanh_vi
1511,thương xuyên ôn tập kiến thức .,positive,kien_thuc
1514,"thầy dạy cực kỳ nhiệt tình , chắc là hơn 10 mấy năm đi học cả phổ thông lẫn đại học mới thấy được thầy dạy nhiệt tình vậy .",positive,hanh_vi
1518,không cứng nhắc trong cách cho điểm .,negative,cham_diem
1525,còn quá ít bài tập .,negative,bai_tap
1535,"giảng viên giảng bài chưa hiệu quả , nhiều sinh viên không hiểu bài .",negative,ky_nang_giang_day
1537,"đồng thời , những câu hỏi thầy đặt ra rất sát và đòi hỏi kiến thức sâu so với bài học .",positive,kien_thuc
1549,thầy không dạy em môn này .,negative,ky_nang_giang_day
1552,lớp học quá đông nên rất nóng .,negative,thiet_bi_day_hoc
1559,kiến thức giảng rất khó hiểu .,negative,kien_thuc
1561,thực hành đầy đủ .,positive,kinh_nghiem
1571,"đứng lớp đúng giờ , giải đáp mọi thắc mắc của sinh viên , nhiệt tình .",positive,hanh_vi
1574,"thầy nghỉ nhiều quá , làm tụi em cũng nghỉ theo .",negative,hanh_vi
1577,có nắm được lý thuyết của môn học .,positive,kien_thuc
1579,rất nản .,negative,noi_chung
1588,"cảnh cáo sinh viên đi trễ nhưng giảng viên đi trễ , thường xuyên vắng dạy không có lý do không có thông báo , gây bức xúc , hao tốn thời gian , phí đi lại của sinh viên .",negative,hanh_vi
1593,dạy nói quá lan man làm chi sinh viên không tập trung .,negative,ky_nang_giang_day
1600,"giảng dạy cứng nhắc , áp đặp , không thu hút , gò bó sinh viên .",negative,ky_nang_giang_day
1603,em thấy học vậy cũng được rồi .,neutral,noi_chung
1610,thầy rất vui .,positive,hanh_vi
1611,gần gủi với sinh viên .,positive,hanh_vi
1614,khá tận tình .,positive,hanh_vi
1616,"giảng viên nhiệt tình , đúng giờ .",positive,hanh_vi
1619,thầy dạy hiểu bài .,positive,ky_nang_giang_day
1620,"thầy hay hát vu vơ , nghe cũng hay nhưng cũng rất buồn cười .",negative,hanh_vi
1623,cô không đăng slide bài học lên trước mà chỉ đăng sau khi đã học xong vì thế khi không hiểu thì không có slide để đọc lại .,negative,cung_cap_tai_lieu
1627,"thầy thường xuyên đi trễ , có tuần thì trễ 30 - 45 phút , có một tuần trễ tận 1 tiếng ( lúc này sinh viên đã ra về ) .",negative,hanh_vi
1628,báo nghỉ không rõ ràng .,negative,noi_chung
1629,không truyền được cảm hứng học tập .,negative,ky_nang_giang_day
1632,có tương tác với sinh viên .,positive,hanh_vi
1640,deadline các bài tập thực hành không cố định .,negative,bai_tap
1652,tạo điều kiện cho sinh viên .,neutral,noi_chung
1656,đôi khi còn giảng dạy khô cứng .,negative,ky_nang_giang_day
1663,được giảng viên hướng dẫn cụ thể dễ hiểu .,positive,ky_nang_giang_day
1664,giảng viên ít giảng sâu về các ví dụ .,negative,ky_nang_giang_day
1678,"cô dễ thương , giải đáp thắc mắc tận tình .",positive,hanh_vi
1680,giáo viên để sinh viên tự học nhiều hơn .,neutral,ky_nang_giang_day
1681,cô dạy tốt truyền đạt hay dễ hiểu .,positive,ky_nang_giang_day
1684,"giảng viên đến lớp trễ , thường xuyên vắng nhưng không báo trước .",negative,hanh_vi
1690,em rất thích cô .,positive,hanh_vi
1698,thầy dạy rất trầm .,negative,ky_nang_giang_day
1699,thầy dạy ứng dụng thực tế nên rất dễ hiểu .,positive,ky_nang_giang_day
1700,sinh viên được được thuyết trình nhưng thật sự chưa hiểu quả .,negative,bai_tap
1705,"thầy tâm lý , dạy hay .",positive,ky_nang_giang_day
1708,kiến thức của cô chuyên sâu .,positive,kien_thuc
1715,vui vẻ .,positive,noi_chung
1726,"nhiệt tình , vui tính .",positive,hanh_vi
1728,"nhiệt tình , gần gũi sinh viên .",positive,hanh_vi
1730,thầy rất quan tâm đến khó khăn gặp phải của sinh viên trong lúc thực hành .,positive,hanh_vi
1739,thân thiện với sinh viên .,positive,hanh_vi
1746,hoàn toàn không hài lòng với cách đánh giá của thầy .,negative,cham_diem
1749,giảng viên trợ giúp nhiệt tình .,positive,hanh_vi
1763,đủ tài liệu .,positive,cung_cap_tai_lieu
1765,viết quá nhiều .,negative,bai_tap
1767,thầy thường xuyên cho nghỉ trước khi kết thúc giờ học .,negative,hanh_vi
1771,giảng dạy tích cực .,positive,ky_nang_giang_day
1772,"sự hướng dẫn thực hành tận tâm , nhiệt tình .",positive,hanh_vi
1773,hy vọng học kỳ tới thầy có thể kết thúc buổi học đúng giờ .,neutral,de_xuat
1786,sử dụng hiệu quả thời gian lên lớp .,neutral,noi_chung
1787,"sự nhiệt tình , tận tâm của giảng viên .",positive,hanh_vi
1788,dạy chi tiết .,positive,ky_nang_giang_day
1793,điều đó dẫn đến nhiều sinh viên cũng sẽ phát âm như vậy .,negative,ky_nang_giang_day
1798,cô giảng còn hơi khó hiểu .,negative,ky_nang_giang_day
1799,khả năng truyền đạt tốt .,positive,ky_nang_giang_day
1806,"đa số giảng sơ sài , chủ yếu là lước qua .",negative,ky_nang_giang_day
1808,"yêu cầu đối với sinh viên cao , nhưng lại không đáp ứng cho sinh viên những kiến thức cần thiết .",negative,kien_thuc
1811,làm việc nhóm nhiều .,neutral,bai_tap
1817,có bài tập cuối giờ .,neutral,bai_tap
1822,em rất hài lòng về phương pháp giảng dạy của thầy ạ .,positive,ky_nang_giang_day
1823,cô wzjwz6 rất nhiệt tình .,positive,hanh_vi
1824,giảng viên rất có tâm huyết .,positive,hanh_vi
1825,tất cả các hoạt động trên lớp .,neutral,noi_chung
1826,sự tận tình đối với học viên .,positive,hanh_vi
1827,đến lớp dúng giờ !,positive,hanh_vi
1831,thầy vui tính và thân thiện với sinh viên .,positive,hanh_vi
1847,thầy dạy rất dễ hiểu sinh động .,positive,ky_nang_giang_day
1848,em không thích cách giảng dạy của thầy wzjwz86 cho lắm .,negative,ky_nang_giang_day
1855,giảng viên nghỉ 3 ngày không có lý do .,negative,hanh_vi
1857,chưa giúp sinh viên có thể làm việc nhóm với nhau .,negative,ky_nang_giang_day
1865,không nắm vững được kiến thức môn học .,negative,kien_thuc
1866,thú vị .,positive,noi_chung
1870,"thầy nhiệt tình , đi dạy đầy đủ , vui vẻ .",positive,hanh_vi
1875,có nhiều kiến thức mở rộng .,positive,kien_thuc
1885,cách dạy hơi khó hiểu .,negative,ky_nang_giang_day
1889,hơi khó tiếp thu .,negative,ky_nang_giang_day
1893,nhưng thầy cũng cho thời gian hỏi lại những điều chưa hiểu .,positive,hanh_vi
1895,giảng viên đã dạy tốt .,positive,ky_nang_giang_day
1896,"buổi học trước buổi cuối cùng của môn học cô wzjwz48 có dặn tuần sau có đi học , ai muốn đi thì đi , không đi cũng không sao vì buổi đó không điểm danh nhưng khi đến lớp thì không có ai dạy .",negative,hanh_vi
1906,"thầy dạy nhiệt tình , gần gũi , vui vẻ trong buổi học .",positive,hanh_vi
1912,hay điểm danh .,positive,noi_chung
1918,"theo em thì trường nên tổ chức thêm những buổi seminar về các phần mềm , giới thiệu về các hướng phát triển phần mềm trong bộ môn này .",neutral,de_xuat
1934,"nhiệt tình , tâm huyết !",positive,hanh_vi
1940,mấy cái khảo sát trước em tưởng một là tốt nhất nên đánh nhầm rồi ạ .,negative,noi_chung
1941,thầy khá dễ .,positive,ky_nang_giang_day
1944,chỉ bảo sinh viên ở từng lỗi nhỏ .,neutral,hanh_vi
1945,và có một số vấn đề thầy khó hiểu .,negative,ky_nang_giang_day
1956,slide dễ nhìn .,positive,cung_cap_tai_lieu
1960,thầy rất hiểu tâm lý của sinh viên .,positive,hanh_vi
1981,rèn luyện tư duy .,neutral,noi_chung
1982,"chính vì lẽ đó , mong nhà trường có thể đòi lại quyền lợi cho sinh viên .",neutral,de_xuat
1985,liên hệ đến thực tiễn .,neutral,kinh_nghiem
1986,thầy sử dụng bảng và liên tục ghi chép từ tài liệu trong khoảng 60% thời gian đứng lớp làm tiết học rất chán và buồn ngủ .,negative,ky_nang_giang_day
1990,"phương pháp giảng dạy rất hay , nhiệt tình .",positive,ky_nang_giang_day
1997,"odoo còn quá rộng , khó sử dụng , chưa hiểu hết được các chức năng cần dùng cho đồ án như pos .",negative,ky_nang_giang_day
1998,"thầy chú trọng dạy những quy ước , nguyên tắc khi code để code rõ ràng , dễ hiểu .",positive,ky_nang_giang_day
100007,giảng viên dạy hay .,positive,ky_nang_giang_day
100012,rất hữu ích .,positive,noi_chung
100019,"thầy đưa ra những ví dụ rất nhạy cảm , đặc biệt là đối với những bạn nữ .",negative,hanh_vi
100021,cô dạy có phần hơi nhanh .,negative,ky_nang_giang_day
100026,thầy hay đi muộn .,negative,hanh_vi
100036,đi dạy đúng giờ và bù đủ số buổi vắng .,positive,hanh_vi
100043,giảng bài .,neutral,noi_chung
100050,cho nhiều bài tập để học tập cũng như ôn thi .,positive,bai_tap
100057,thầy sử dụng tiếng anh để sinh viên làm quen tên các thiết bị .,neutral,ky_nang_giang_day
100058,"giảng viên nhiệt tình , vui vẻ , giải đáp hết mọi thắc mắc sinh viên .",positive,hanh_vi
100065,giảng viên cho nhiều bài tập để làm .,neutral,bai_tap
100068,thầy để tụi em tự tìm hiểu cũng là một cách hay nhưng hơi khó đối với tụi em .,neutral,ky_nang_giang_day
100074,cách dạy vẫn như kiểu cũ không có tính hiệu quả cao .,negative,ky_nang_giang_day
100079,nhiệt tình trong công việc .,positive,hanh_vi
100083,em rất hài lòng về giờ thực hành này .,positive,kinh_nghiem
100094,"giảng viên giảng dạy rất nhiệt tình , luôn đến lớp đúng giờ , quan tâm đến việc học tập của sinh viên .",positive,hanh_vi
100097,"thầy dạy tận tâm , nhiệt tình , tâm huyết , vui tính .",positive,hanh_vi
100101,"giảng viên lên lớp đúng giờ , giảng viên tính tình vui vẻ .",positive,hanh_vi
100106,không có điều không hài lòng .,positive,noi_chung
100109,giảng viên hài hước nhiệt tình .,positive,hanh_vi
100111,tổ chức các cuộc thi liên quan tới kỹ năng giao tiếp anh văn .,neutral,de_xuat
100119,thiếu nhiệt tình .,negative,hanh_vi
100120,"thầy dạy rất hay , dễ hiểu .",positive,ky_nang_giang_day
100128,dùng hệ thống we code .,neutral,thiet_bi_day_hoc
100131,giảng viên không đảm bảo giờ lên lớp và nghỉ mà không thông báo trước làm mất thời gian của sinh viên .,negative,hanh_vi
100139,"bài tập quá nhiều , sinh viên làm không kịp .",negative,bai_tap
100147,cô giảng dạy nhiệt tình và tận tâm .,positive,hanh_vi
100151,thầy không dạy chỉ đưa tài liệu tự tìm hiểu thôi .,negative,ky_nang_giang_day
100161,truyền đạt tốt và dạy chậm giúp sinh viên dễ hiểu .,positive,ky_nang_giang_day
100180,cô dạy slide về lý thuyết hơi nhanh .,negative,ky_nang_giang_day
100183,thầy không đến lớp mà khôg thông báo .,negative,hanh_vi
100186,toàn đến gần thi thầy mới dạy hết chương trình học .,negative,ky_nang_giang_day
100191,đôi lúc không vui tính .,negative,hanh_vi
100194,"dạy cho có , qua loa , sử dụng thời gian không hợp lý , nội dung 3 tiết dạy trong 3 phút .",negative,ky_nang_giang_day
100199,"chưa sinh động , hiệu quả giảng dạy kém hữu ích .",negative,ky_nang_giang_day
100201,chữ viết trên bảng đôi khi hơi khó đoán .,negative,ky_nang_giang_day
100213,giáo viên xinh quá .,positive,noi_chung
100216,"lợi ích doubledot sinh viên rèn luyện kỹ năng làm việc nhóm , tránh tiếp thu thụ động , học được cách trình bày trước đám đông .",positive,noi_chung
100217,thụ động trong quá trình tương tác với sinh viên .,negative,hanh_vi
100220,bài tập quá khó .,negative,bai_tap
100230,phụ thuộc vào slide quá nhiếu .,negative,cung_cap_tai_lieu
100232,giảng viên dạy còn hơi nhanh .,negative,ky_nang_giang_day
100268,có nhiều bài tập hay .,positive,bai_tap
100269,"giáo viên dạy hơi lan man , không tập trung vào vấn đề chính của buổi học .",negative,ky_nang_giang_day
100272,"giảng viên hướng dẫn sinh viên nhiệt tình , giải đáp đầy đủ các thắc mắc .",positive,hanh_vi
100278,"giảng viên nhiệt tình , tâm huyết với sinh viên .",positive,hanh_vi
100284,cô tạo mọi điều kiện thuận lợi nhất cho sinh viên học tập .,positive,hanh_vi
100292,"vui vẻ , biết lắng nghe ý kiến của sinh viên .",positive,hanh_vi
100303,nội dung truyền đạt để sinh viên thực hành chưa thực sự tốt .,negative,kien_thuc
100306,"nhiệt tình , vui vẻ hòa đồng với sinh viên .",positive,hanh_vi
100308,cô cho bài tập thực hành tại chỗ .,neutral,bai_tap
100312,giảng hơi khó hiểu tý .,negative,ky_nang_giang_day
100313,môn thực hành này chưa có tài liệu hướng dẫn .,negative,cung_cap_tai_lieu
100315,nhiệt tình !,positive,hanh_vi
100316,"giảng viên có kỹ năng tốt , truyền đạt dễ hiểu , dễ áp dụng .",positive,ky_nang_giang_day
100319,hiểu rõ khả năng từng sinh viên .,positive,ky_nang_giang_day
100323,slide bài giảng chất lượng kém .,negative,cung_cap_tai_lieu
100325,thầy chu đáo và tỉ mỉ .,positive,hanh_vi
100329,hơi khó nghe .,negative,ky_nang_giang_day
100331,hay bỏ lớp hơn cả tiếng đồng hồ .,negative,noi_chung
100333,thầy giảng dạy rất tận tâm .,positive,hanh_vi
100355,"cô rất tận tâm , nhiệt tình và có trách nhiệm cao .",positive,hanh_vi
100356,"giảng dạy dễ hiểu , ngắn gọn , không cầu kỳ .",positive,ky_nang_giang_day
100357,chữ thầy hơi khó nhìn .,negative,ky_nang_giang_day
100361,"bài tập hợp lý sát bài học , dễ hiểu .",positive,bai_tap
100362,thầy chuẩn bị tài liệu thực hành cho sinh viên tốt .,positive,cung_cap_tai_lieu
100368,nội dung giảng dạy quá nhiều so với thời lượng môn học .,negative,chuong_trinh_hoc
100385,sử dụng hệ thống nộp bài và chấm điểm bằng wecode và hackerrank chưa chính xác .,negative,cham_diem
100391,"giáo viên nhiệt tình giúp đỡ sinh viên , thân thiện .",positive,hanh_vi
100406,phù hợp với thực tiễn .,positive,kinh_nghiem
100408,thực hiện nhóm nhiều .,neutral,bai_tap
100413,bản thân em chưa học qua môn tấn công mạng nên những kiến thức ở môn bảo mật internet còn khá mới với em .,neutral,kien_thuc
100414,thầy chưa chuẩn bị bài kỹ khi lên lớp .,negative,ky_nang_giang_day
100415,phần sửa bài tập quá nhanh .,negative,bai_tap
100424,khiến sinh viên cảm thấy tiếp thu nhanh .,positive,ky_nang_giang_day
100429,chưa chuẩn bị bài giảng kỹ càng trước khi lên lớp .,negative,ky_nang_giang_day
100431,khổ lắm .,negative,noi_chung
100437,cô rất dễ chịu colonsmile .,positive,hanh_vi
100440,chưa tận dụng hết thời gian môn học để truyền đạt cho sinh viên còn yếu .,negative,ky_nang_giang_day
100441,hợp tác .,neutral,noi_chung
100446,hay gây buồn ngủ .,negative,ky_nang_giang_day
100451,thầy rất vui tính .,positive,hanh_vi
100453,"khả năng nghe , đọc hiểu được nâng cao .",positive,noi_chung
100454,rất thích phương pháp giảng dạy của thầy .,positive,ky_nang_giang_day
100457,có tinh thần trách nhiệm cao .,positive,hanh_vi
100458,cách giảng dạy còn hơi khó hiểu .,negative,ky_nang_giang_day
100462,đôi lúc không đi sâu vào vấn đề dạy .,negative,ky_nang_giang_day
100464,ảnh hưởng đến việc thực hành .,negative,kinh_nghiem
100479,giáo viên tận tâm nhiệt tình .,positive,hanh_vi
100480,"thầy giảng hay , đưa ra ví dụ dễ hiểu .",positive,ky_nang_giang_day
100482,hỗ trợ sinh viên tối đa .,positive,hanh_vi
100483,bài tập đa dạng và phong phú .,positive,bai_tap
100485,em không có ý kiến gì thêm .,neutral,noi_chung
100493,em cám ơn .,positive,noi_chung
100495,"luôn dạy quá giờ ( khoảng 30 phút ) , ảnh hưởng đến giờ trưa của sinh viên và truyền đạt không được thu hút .",negative,ky_nang_giang_day
100497,thầy dạy rất tận tâm và nhiệt tình !,positive,hanh_vi
100501,"tiết học rất thoải mái , dễ tiếp thu .",positive,ky_nang_giang_day
100506,giảng viên tích cực .,positive,hanh_vi
100508,thường xuyên hỗ trợ sinh viên qua diễn đàn .,positive,hanh_vi
100518,"phòng học được trang bị tốt hơn , đảm bảo tốt cho công tác giảng dạy .",positive,thiet_bi_day_hoc
100523,cô dễ thương quá em nhìn cô nhiều hơn nhìn code cô viết colonsmallsmile !,positive,hanh_vi
100526,giảng viên dạy tốt .,positive,ky_nang_giang_day
100544,thầy thường vào lớp trễ .,negative,hanh_vi
100548,giảng dạy còn nhiều thiết sót .,negative,ky_nang_giang_day
100550,thầy tận tâm .,positive,hanh_vi
100559,rất hòa đồng .,positive,hanh_vi
100560,thầy dạy hay dễ hiểu .,positive,ky_nang_giang_day
100562,"giảng viên giảng ít , phần lớn tự sinh viên tìm hiêu trên mạng .",negative,ky_nang_giang_day
100564,"bài tập nhiều , đa dạng .",positive,bai_tap
100566,giới thiệu những mảng mới cho sinh viên .,neutral,chuong_trinh_hoc
100575,cô dễ thương .,positive,hanh_vi
100580,không có nhiều tài liệu môn học được cung cấp cho sinh viên ngoài slide bài giảng của giảng viên .,negative,cung_cap_tai_lieu
100588,cô dạy dễ hiểu .,positive,ky_nang_giang_day
100590,em thích cách dạy của thầy .,positive,ky_nang_giang_day
100594,"cô dạy rất tâm huyết , nhiệt tình .",positive,hanh_vi
100596,"gần gũi , hòa đồng với sinh viên .",positive,hanh_vi
100599,"nhiệt tình , tận tâm với sinh viện .",positive,hanh_vi
100601,sau khi thi kỳ thi cuối kỳ vừa rồi .,neutral,noi_chung
100607,nhiệt tình giúp đỡ học sinh .,positive,hanh_vi
100609,trình độ giỏi .,positive,kien_thuc
100616,thiếu sự đa dạng về bài tập .,negative,bai_tap
100622,tận tâm .,positive,hanh_vi
100626,giảng viên giải đề các năm trước .,positive,ky_nang_giang_day
100629,"lên lớp đúng giờ , nhiệt tình .",positive,hanh_vi
100631,thầy dạy quá hay !,positive,ky_nang_giang_day
100635,thầy hay nghỉ dạy nhờ giảng viên khác dạy thay do bận việc nhiều .,negative,hanh_vi
100647,giảng viên chưa truyền đạt được kiến thức cần hiểu tới sinh viên .,negative,ky_nang_giang_day
100648,cô rất tận tâm và nhiệt tình .,positive,hanh_vi
100653,cô tuyệt vời !,positive,hanh_vi
100655,giống như việc cung cấp cho phép cộng và yêu cầu là giải được bất đẳng thức .,neutral,noi_chung
100665,giảng viên cho nhiều bài tập khó .,negative,bai_tap
100669,"thầy dạy cứng nhắc , buồn ngủ .",negative,hanh_vi
100672,"dạy dễ hiểu , hay củng cố lại kiến thức .",positive,ky_nang_giang_day
100676,thường xuyên đặt câu hỏi cho sinh viên trả lời .,positive,hanh_vi
100677,em thích đi học tiết của thầy nhất .,positive,ky_nang_giang_day
100680,bài giảng không lôi cuốn .,negative,ky_nang_giang_day
100687,điều này gây mất công bằng và không đánh giá được đúng năng lực học tập của các bạn .,negative,cham_diem
100690,hay giúp đỡ sinh viên khi không hiểu bài và nhiệt huyết trong công việc .,positive,hanh_vi
100691,thầy giảng dễ hiểu và kích thích sáng tạo và tìm tòi của sinh viên .,positive,ky_nang_giang_day
100692,cô hay mất rất nhiều thời gian cho bài học và lịch học bù khá nhiều .,negative,ky_nang_giang_day
100695,thầy nhiệt tình lắm .,positive,hanh_vi
100698,một giáo viên tâm huyết với nghề .,positive,hanh_vi
100704,thầy nghiêm túc quá .,negative,hanh_vi
100707,tốt ạ .,positive,noi_chung
100709,nhiệt tình về giảng dạy .,positive,hanh_vi
100715,cô rất quan tâm đến tình hình học tập của lớp .,positive,hanh_vi
100721,cô rất tận tình giúp đỡ chúng em trong học tập .,positive,hanh_vi
100722,thầy giảng quá nhanh .,negative,ky_nang_giang_day
100723,"ngược lại đề thi nên cho những câu hỏi khó , nhưng thời gian thi rộng để sinh viên có thời gian động não suy nghĩ các giải tăng được tư duy suy luận và sáng tạo hơn là khả năng học thuộc bài như kiểu trên thích hợp cho ngành khác .",positive,de_xuat
100731,không .,neutral,noi_chung
100737,cô rất nhiệt tình chu đáo .,positive,hanh_vi
100739,chưa nêu bật được ứng dụng thực tiễn của môn học .,negative,kinh_nghiem
100741,"giảng viên dạy thực hành là wzjwz235 , không phải wzjwz236 !",negative,hanh_vi
100746,em rất hài lòng về hoạt động giảng dạy của thầy .,positive,ky_nang_giang_day
100759,"giáo viên là thầy , không phải cô .",neutral,noi_chung
100767,giáo viên đứng lớp dạy rất hay .,positive,ky_nang_giang_day
100774,dạy chán .,negative,ky_nang_giang_day
100791,hiện giờ em chưa có cách học đúng đắng .,negative,noi_chung
100793,"thầy lên lớp rất đầy đủ , không nghỉ buổi nào .",positive,hanh_vi
100795,giải đáp các thắc mắc nhanh và chi tiết .,positive,hanh_vi
100801,phương pháp dạy của thầy hay khiến sinh viên chủ động và tránh sinh viên ngủ trong lớp .,positive,ky_nang_giang_day
100811,thầy dạy tốt em thích thầy .,positive,ky_nang_giang_day
100816,chương trình học về môn học này rất hợp lý cho sinh viên .,positive,chuong_trinh_hoc
100824,thường xuyên dạy quá giờ .,negative,ky_nang_giang_day
100831,em có thêm một số đề nghị để cải tiến doubledot thêm kênh để trao đổi cho môn học .,neutral,de_xuat
100832,chưa có tài liệu học tập cho sinh viên .,negative,cung_cap_tai_lieu
100835,nhiệt tình và rất chú tâm trong công việc giảng dạy đối với sinh viên .,positive,hanh_vi
100837,thầy dạy quá khó hiểu .,negative,ky_nang_giang_day
100840,cô cầm micro hơi sát nên nghe hơi nhói tai một xíu ( tích cực ) .,negative,hanh_vi
100844,"thầy rất nhiệt tình , thẳng thắn .",positive,hanh_vi
100847,"dạy học sinh hỏi thì nói "" tui không biết "" .",negative,hanh_vi
100853,cách dạy của giảng viên chưa thực sự phù hợp với bản thân .,negative,ky_nang_giang_day
100857,giảng hơi chậm .,negative,ky_nang_giang_day
100866,"chưa nhiều kiếm thức thêm , nâng cao ngoài cơ bản của môn học .",negative,kien_thuc
100867,cô giáo dạy nhiệt tình .,positive,hanh_vi
100870,"thầy hiền , tử tế .",positive,hanh_vi
100873,nêu rõ các việc cần làm và chuẩn bị .,neutral,de_xuat
100884,"trường uit , cách riêng khoa truyền thông và mạng máy tính rất may mắn có được người thầy như thầy x .",positive,hanh_vi
100889,giảng viên giảng dạy còn khó hiểu .,negative,ky_nang_giang_day
100898,giảng viên giảng dạy còn kém hiệu quả khi mà ở trên thì giảng viên giảng dạy còn ở dưới thì sinh viên làm việc riêng .,negative,ky_nang_giang_day
100900,sao chưa thấy đi dạy bữa nào ?,negative,hanh_vi
100902,thầy dạy rất hay giải nhiều bài tập .,positive,ky_nang_giang_day
100905,cũng ổn .,neutral,noi_chung
100908,thầy nhiệt tình chỉ bài .,positive,hanh_vi
100911,"tận tâm , chu đáo và luôn theo sát giúp sinh viên đạt kết quả tốt trong môn học .",positive,hanh_vi
100924,"nhiệt tình với sinh viên , lên lớp đúng giờ .",positive,hanh_vi
100926,"em nghĩ việc học sẽ hiệu quả hơn , khi thầy dạy chúng em đầy đủ tiết .",positive,ky_nang_giang_day
100931,thầy giảng khá hay .,positive,ky_nang_giang_day
100933,nhiệt tình và quan tâm đên sinh viên hơn .,positive,hanh_vi
100936,"giảng viên dạy nhiệt tình , tận tình giúp đỡ .",positive,hanh_vi
100937,"tuy nhiên thầy chưa nhấn mạnh công thức môn học cùng với việc thầy giảng những ví dụ quá nhanh , ví dụ đầu tiên khá khó , nên em chưa thể nắm kịp những kiến thức mới .",negative,ky_nang_giang_day
100943,thầy chỉ bảo sinh viên tận tình .,positive,hanh_vi
100948,thầy cô giáo dạy rất nhiệt tình và vui vẻ .,positive,hanh_vi
100952,bài giảng không thu hút được học sinh .,negative,ky_nang_giang_day
100958,"tận tâm , đúng giờ .",positive,hanh_vi
100959,dạy khó hiểu .,negative,ky_nang_giang_day
100962,"thầy hay khó chịu , không tận tâm , nhiệt tình .",negative,hanh_vi
100963,thầy đi dạy đầy đủ .,positive,hanh_vi
100964,cô cho làm đồ án .,neutral,bai_tap
100965,giáo viên dạy nhanh quá theo không kịp .,negative,ky_nang_giang_day
100968,"nhiệt tình , tạo hứng thú học tập .",positive,hanh_vi
100972,giảng dạy cho sinh viên rất nhiệt tình .,positive,hanh_vi
100977,nên đưa ra các vấn đề thường gặp .,neutral,de_xuat
100978,cô hướng dẫn về cách thuyết trình rất hay .,positive,ky_nang_giang_day
100981,bài tập cho quá khó .,negative,bai_tap
100983,giảng viên quá nhiệt tình .,positive,hanh_vi
100993,thầy nhiệt tình năng động .,positive,hanh_vi
101005,"như thầy lý thuyết , thầy cho chúng em tự tìm hiểu 3dsmax từ đầu kỳ nên cuối kỳ làm đồ án rất khỏe .",positive,ky_nang_giang_day
101014,thầy rất có tâm ạ !,positive,hanh_vi
101015,có nhiều bài tập về nhà .,negative,bai_tap
101019,một cuốn sách thật dày chỉ là một trong những tài liệu mà tụi em có thể tham khảo .,neutral,cung_cap_tai_lieu
101020,sự nhiệt tình của giảng viên trong quá trình giảng dạy .,positive,hanh_vi
101022,em xin chân thành cảm ơn !,positive,noi_chung
101041,không phản hồi câu hỏi cũng như tiếp thu ý kiến của sinh viên một cách nhiệt tình và thoả đáng .,negative,hanh_vi
101043,môi trường không đảm bảo an toàn cho sức khỏe .,negative,thiet_bi_day_hoc
101046,thầy nói tiếng anh còn hơi nhỏ .,negative,ky_nang_giang_day
101048,chưa có slide tiếng việt .,negative,cung_cap_tai_lieu
101050,em đã kết thúc một học kỳ ở đó !,neutral,noi_chung
101066,"giảng kỹ , hay .",positive,ky_nang_giang_day
101075,"cô wzjwz92 rất tận tâm , nhiệt tình hướng dẫn khi sinh viên có thắc mắc , cô sẵn sàng ngồi lại sau giờ học để giải đáp tất cả thắc mắc của các bạn , dù có thể mất 1h .",positive,hanh_vi
101076,em không có bất kỳ điều gì hài hòng .,negative,noi_chung
101077,quan tâm đến sinh viên .,positive,hanh_vi
101085,"cô rất tận tình , quan tâm đến sinh viên .",positive,hanh_vi
101087,giảng viên vui vẻ hòa đồng .,positive,hanh_vi
101088,"cách dạy của thầy như cưỡi ngựa xem hoa , 15 phút giảng xong một bài .",negative,ky_nang_giang_day
101091,cô rất hòa đồng và nhiệt huyết với học sinh .,positive,hanh_vi
101098,nhiệt huyết .,positive,hanh_vi
101101,cảm ơn thầy đã sửa lỗi khi cài vmware giúp em colonsmallsmile .,positive,hanh_vi
101103,cũng hài lòng .,positive,noi_chung
101104,cách làm bài của thầy dễ hiểu rõ ràng .,positive,ky_nang_giang_day
101113,quan tâm giúp đỡ và luôn nhiệt tình khi học sinh hỏi bài .,positive,hanh_vi
101114,dạy khá chuyên cần .,positive,ky_nang_giang_day
101124,đôi chỗ vẫn khó hiểu .,negative,ky_nang_giang_day
101125,giảng dạy đúng giờ và nhiệt tình .,positive,hanh_vi
101130,giảng viên có tâm huyết .,positive,hanh_vi
101131,"giảng viên tận tâm , nhiệt tình hỗ trợ sinh viên học tập , làm đồ án .",positive,hanh_vi
101134,quá theo sách .,negative,chuong_trinh_hoc
101136,trong quá trình giảng dạy giảng viên luôn nhiệt tình với sinh viên .,positive,hanh_vi
101140,dạy hay dot giúp học sinh tiếp thu .,positive,ky_nang_giang_day
101143,giáo viên dạy nhiệt tình và hài hước .,positive,hanh_vi
101144,khi cô dạy luôn cuốn hút sinh viên .,positive,ky_nang_giang_day
101147,khả năng truyền đạt chưa ổn .,negative,ky_nang_giang_day
101157,thầy dạy còn chưa rõ .,negative,ky_nang_giang_day
101158,cô nhiệt tình giảng dạy .,positive,hanh_vi
101160,thầy nhiệt tâm và rất cởi mở .,positive,hanh_vi
101166,có nhiều cái mới khi học môn của thầy .,positive,kien_thuc
101168,cô giảng với giọng quá nhỏ chả nghe gì cả .,negative,hanh_vi
101169,cung cấp tài liệu tham khảo tốt .,positive,cung_cap_tai_lieu
101173,"không khí lớp thoải mái , tạo động lực phát biểu , góp ý kiển .",positive,hanh_vi
101178,"thầy không đảm bảo lên lớp đúng giờ , có bữa nghỉ mà cũng không báo trước cho sinh viên hay thông báo nghỉ .",negative,hanh_vi
101183,thầy tận tâm vì sinh viên .,positive,hanh_vi
101186,cô dạy còn hơi nhanh hơi thuần lý thuyết .,negative,ky_nang_giang_day
101187,"cho nhiều bài tập nhưng không giải , sinh viên chỉ biết làm mà không biết mình làm đúng hay không .",negative,bai_tap
101190,cô truyền đạt bài giảng rất tốt .,positive,ky_nang_giang_day
101200,ngôn từ trong phương pháp giảng dạy gần gũi với sinh viên .,positive,ky_nang_giang_day
101201,lan man và hơi khó hiểu .,negative,ky_nang_giang_day
101222,"giảng viên quá nhiệt tình , hiểu sinh viên , thương sinh viên .",positive,hanh_vi
101228,"cô rất tận tâm , nhiệt huyết , thân thiện , tạo không gian học rất thoải mái .",positive,hanh_vi
101230,chưa ôn tập được nhiều kiến thức cơ bản của anh văn 1 .,negative,kien_thuc
101236,cô rất vui tính .,positive,hanh_vi
101238,giáo viên giảng dạy kỹ từng phần .,positive,ky_nang_giang_day
101242,"khiến cho chúng em vừa đói lại vừa mệt , kiến thức thầy nói thật đáng để chúng em ghi nhận nhưng đói và mệt thì làm sao chúng em tiếp thu và thực hiện nổi .",positive,kien_thuc
101243,giải thích được rõ vấn đề .,positive,ky_nang_giang_day
101244,không có ý kiến gì !,neutral,noi_chung
101248,"nghỉ học nhiều , vào lớp trễ .",negative,hanh_vi
101252,ra bài tập vừa phải thôi và phải chữa bài .,negative,bai_tap
101256,"giáo viên giảng dạy nhiệt tình , tạo được hứng thú cho sinh viên .",positive,hanh_vi
101257,giảng viên không đưa các bài giảng lên hệ thống courses .,negative,cung_cap_tai_lieu
101260,"cô tận tình , nhiệt tình trong công việc .",positive,hanh_vi
101261,thực hành không liên quan gì đến lý thuyết .,negative,kinh_nghiem
101262,giảng viên nói quá nhanh .,negative,ky_nang_giang_day
101268,tuy nhiên ai hỏi thì cô trả lời nhiệt tình .,positive,hanh_vi
101270,cố gắng tạo mọi điều kiện để sinh viên hoạt động nâng cao kỹ năng .,positive,hanh_vi
101271,"cô dạy hơi khó hiểu , phức tạp hóa vấn đề .",negative,ky_nang_giang_day
101277,giảng hơi nhanh .,negative,ky_nang_giang_day
101285,"cách giảng đôi lúc ( vài buổi ) còn gây buồn ngủ , chưa thu hút ( có thể là do bài giảng nhiều lý thuyết mới ) .",negative,ky_nang_giang_day
101286,giảng viên có chuyên môn cao .,positive,kien_thuc
101289,giảng và giải bài quá nhanh .,negative,ky_nang_giang_day
101291,slide chưa đẹp lắm .,negative,cung_cap_tai_lieu
101292,"chưa có nhiều trao đổi , tương tác với sinh viên trên các diễn đàn .",negative,hanh_vi
101295,"phương pháp giảng dạy tiên tiến , giờ học vui .",positive,ky_nang_giang_day
101296,cô sửa bài theo nhiều cách .,neutral,ky_nang_giang_day
101300,chuẩn bị bài giảng kỹ càng .,positive,ky_nang_giang_day
101301,em phải nói thật thầy dạy hơi buồn ngủ .,negative,hanh_vi
101302,"giảng viên giảng dạy một cách rất khó hiểu , khó tiếp thu và rất dễ ngủ .",negative,ky_nang_giang_day
101305,điểm danh học sinh đi học .,neutral,noi_chung
101307,nhiệt tình vui vẻ nói chung ra rất tốt .,positive,hanh_vi
101308,giảng viên nhiệt tình ( và xinh ) .,positive,hanh_vi
101311,thầy nhiệt tình trong giảng dạy .,positive,hanh_vi
101314,thầy dạy hơi nhanh một chút .,negative,ky_nang_giang_day
101315,hầu hết là để sinh viên tự làm cũng như giao hoàn toàn cho lớp trưởng .,neutral,bai_tap
101316,giảng viên dạy hơi buồn ngủ .,negative,hanh_vi
101317,"tận tâm , có kế hoạch .",positive,hanh_vi
101319,"dạy nhiệt tình , nhiệt huyết , thân thiện với sinh viên .",positive,hanh_vi
101327,khả năng truyền đạt của giảng viên chưa hiệu quả và có phần khó hiểu .,negative,ky_nang_giang_day
101334,phương pháp dạy không phù hợp .,negative,ky_nang_giang_day
101337,thầy giáo lên lớp đúng giờ .,positive,hanh_vi
101353,giảng viên truyền đạt được ý hiểu đến sinh viên .,positive,ky_nang_giang_day
101358,tôi rất hài lòng .,positive,noi_chung
101365,"nhiệt tình , tạo cách chủ động cho học sinh tiếp cận với môn học .",positive,hanh_vi
101367,"cho học sinh thuyết trình , chủ động .",positive,ky_nang_giang_day
101375,thầy giảng hơi khó hiểu .,negative,ky_nang_giang_day
101376,thân thiện vui tính .,positive,hanh_vi
101378,"thầy vui tính , nhiệt tình , hay cười .",positive,hanh_vi
101380,"ứng dụng thực tế vào giảng dạy nhiều , tạo cho sinh viên hình dung việc học tập sẽ làm được gì khi ra trường .",positive,kinh_nghiem
101383,"vui vẻ hòa đồng , tận tâm giảng dạy .",positive,hanh_vi
101384,"có nhiều hoạt động đan xen trong giờ học trên lớp , giúp sinh viên có tinh thần tự giác học tập .",positive,ky_nang_giang_day
101389,rất không hài lòng với năng lực của mình không thể được phát huy .,negative,noi_chung
101393,thầy nhiệt huyết tận tâm .,positive,hanh_vi
101396,nhiều nhóm chưa chuẩn bị kỹ về vấn đề tìm hiểu .,negative,bai_tap
101398,hình thức tạo nhóm không hiệu quả .,negative,ky_nang_giang_day
101399,"lý do doubledot "" thầy quên "" .",negative,hanh_vi
101400,khá khó hiểu .,negative,ky_nang_giang_day
101401,truyền đạt .,neutral,noi_chung
101402,"thiết kế bài giảng lại , dễ hiểu và cuốn hút hơn .",positive,ky_nang_giang_day
101410,"dạy hay , đầy đủ .",positive,ky_nang_giang_day
101421,nâng cấp hệ thống mạng và máy tính .,neutral,de_xuat
101425,đươc biết nhiều cái mới lạ .,positive,kien_thuc
101432,thường xuyên nhắc lại nội dung buổi trước khi bắt đầu buổi học .,positive,ky_nang_giang_day
101438,"giảng viên không đảm bảo thời gian lên lớp , nghỉ dạy không thông báo trước và thường đến trễ .",negative,hanh_vi
101443,"gần thi không dặn gì , hỏi tới mới trả lời .",negative,hanh_vi
101446,trên đây là ý kiến về các vấn đề em nhận ra sau khi học .,neutral,noi_chung
101460,"thầy wzjwz310 có cách dạy dành cho những người chủ động và đam mê trong học tập , những người ham học hỏi , tìm hiểu , đam mê ( còn những bạn không có tinh thần hỏi thì sẽ khó học tốt được ) .",positive,ky_nang_giang_day
101471,"lớp học vui , giảng viên giảng dạy sáng tạo , dễ hiểu .",positive,ky_nang_giang_day
101472,"giảng viên nói tiếng anh khá khó nghe , nói nhỏ .",negative,ky_nang_giang_day
101475,không có đề cương cụ thể .,negative,cung_cap_tai_lieu
101479,nên để sinh viên được tự vận động áp dụng lý thuyết vào thực hành .,neutral,de_xuat
101484,"dạy nhiệt tình , giỏi .",positive,ky_nang_giang_day
101488,thầy wzjwz251 dạy rất nhiệt tình với sinh viên .,positive,hanh_vi
101498,tốc độ giảng dạy tương đối cao .,negative,ky_nang_giang_day
101504,"thầy rất bận , hay quên .",negative,hanh_vi
101514,"vui vẻ , tận tình , hoà đồng .",positive,hanh_vi
101517,thầy dạy chi tiết .,positive,ky_nang_giang_day
101526,áp dụng thực tiễn cao !,positive,kinh_nghiem
101527,"những vấn đề cô nói thường nhanh , dài và khó hiểu .",negative,ky_nang_giang_day
101529,giáo viên giảng bài sinh động dễ tiếp thu .,positive,ky_nang_giang_day
101534,thầy rất hiền .,positive,hanh_vi
101535,"nội dung các bài thực hành cần thiết , được thầy thay đổi thích hợp với nội dung học .",positive,bai_tap
101536,"cách dạy projectbase của thầy khá hay , tuy nhiên sinh viên phải mò rất nhiều mới có thể đạt được như mong muốn .",positive,ky_nang_giang_day
101543,tài liệu học tập chưa được cập nhật đầy đủ .,negative,cung_cap_tai_lieu
101544,theo dõi kỹ càng việc thực hành của sinh viên .,positive,hanh_vi
101548,"giảng bài với tốc độ nhanh quá , nhiều phần không theo kịp .",negative,ky_nang_giang_day
101555,nội dung bài học có phần sơ sài .,negative,chuong_trinh_hoc
101557,cảm ơn cô .,positive,noi_chung
101558,"cập nhật , cập nhật !",neutral,noi_chung
101561,"giảng nhanh , nói nhanh mà không biết rằng sinh viên chưa kịp hiểu được đến vấn đề đó .",negative,ky_nang_giang_day
101569,còn ít tài liệu tham khảo .,negative,cung_cap_tai_lieu
101570,thầy ít giảng nội dung lý thuyết trên lớp .,negative,ky_nang_giang_day
101575,thầy liên hệ thực tiễn nhiều gây hứng thú cho sinh viên .,positive,kinh_nghiem
101576,nếu thỉnh thoảng thầy bù lịch học thì em không nói ạ .,neutral,hanh_vi
101577,cho điểm chấm bài tập không công bằng .,negative,cham_diem
101579,"thầy dạy về lý thuyết thì hơi khó hiểu , khó tiếp thu cho lắm .",negative,ky_nang_giang_day
101580,"giảng viên trình bày dễ hiểu , theo sát bài học .",positive,ky_nang_giang_day
101582,phát âm tốt .,positive,ky_nang_giang_day
101588,"tiết học thú vị , giảng viên dạy hay .",positive,ky_nang_giang_day
101589,hình như thầy không dùng moodle .,negative,cung_cap_tai_lieu
101590,thầy giảng đôi lúc khó hiểu .,negative,ky_nang_giang_day
101594,"cần đặt mục tiêu rõ ràng nhất từ môn học và môn học cần được học ở sinh viên năm nhất , vì lúc vào sinh viên còn rất ngỡ ngàng với các khoa và các môn học sẽ học vì thế nên học trước để tạo tâm lý , cũng như sinh viên phải biết mình cần làm gì , tạo nên sự chủ động trong học tập và làm việc .",neutral,de_xuat
101596,thầy thường xuyên đi trễ trong các buổi học .,negative,hanh_vi
101600,thắc mắc ngay tại lớp những cái mình không hiểu .,negative,ky_nang_giang_day
101604,"giảng dễ hiểu , kỹ , có chút nghiêm khắc .",positive,ky_nang_giang_day
101606,chưa sử dụng hệ thống moodle .,negative,thiet_bi_day_hoc
101615,cô dạy rất nhiệt tình và hay .,positive,hanh_vi
101620,"giảng viên tận tâm , nhiệt tình đới với sinh viên .",positive,hanh_vi
101622,để tiện cho sinh viên xếp lịch .,neutral,noi_chung
101641,cách dạy của giảng viên mới lạ và thực tế .,positive,ky_nang_giang_day
101642,thầy rất giỏi .,positive,ky_nang_giang_day
101644,có lấy nhiều ví dụ liên hệ thực tiễn .,positive,kinh_nghiem
101652,thầy truyền đạt kiến thức chưa tốt .,negative,ky_nang_giang_day
101654,"giảng viên tận tâm , nhiệt tình , gần gũi với sinh viên .",positive,hanh_vi
101662,đánh giá tính chuyên cần .,neutral,noi_chung
101663,không trả lời mail từ sinh viên .,negative,hanh_vi
101666,"gần gũi , vui vẻ với sinh viên .",positive,hanh_vi
101674,"thầy giảng dạy rất nhiệt tình , dễ hiểu .",positive,ky_nang_giang_day
101680,nói những vấn đề không liên quan .,negative,hanh_vi
101691,"thầy dạy không dạy nhiều trong mỗi buổi học , thời gian dạy trên lớp không đảm bảo .",negative,ky_nang_giang_day
101698,hy vọng được học và làm việc với thầy nhiều hơn .,neutral,noi_chung
101701,quan tâm tới sinh viên vui vẻ .,positive,hanh_vi
101704,"học tới đâu , ôn tới đó .",positive,noi_chung
101706,sẵn sàng giải đáp tận tình mọi thắc mắc của sinh viên khi được hỏi .,positive,hanh_vi
101710,cô ít tương tác với sinh viên .,negative,hanh_vi
101714,nên có thời gian nghỉ giải lao giữa giờ cho sinh viên bớt căng thẳng .,neutral,de_xuat
101717,biết được một số kỹ năng .,positive,kien_thuc
101721,tôi xin góp ý doubledot đổi giờ học anh văn vào buổi sáng để chất lượng của buổi học được nâng cao .,neutral,de_xuat
101726,cảm ơn thầy .,positive,noi_chung
101735,đảm bảo tốt .,positive,noi_chung
101739,cô dạy nhiệt tình và không bị áp lực trong khi học .,positive,hanh_vi
101740,thầy dạy rất vui .,positive,hanh_vi
101754,dạy tốt chu đáo .,positive,ky_nang_giang_day
101756,rất vui và nhiệt tình .,positive,noi_chung
101757,giảng bài kỹ và dễ hiểu .,positive,ky_nang_giang_day
101760,"hiền , nhiệt huyết .",positive,hanh_vi
101764,lâu lâu thầy nói cực nhanh nghe không kịp ý thầy .,negative,ky_nang_giang_day
101768,mail không trả lời .,negative,noi_chung
101769,mức độ quan tâm học sinh rất cao .,positive,hanh_vi
101773,"giảng viên vui vẻ , hoà đồng , nhiệt tình trong việc giảng dạy .",positive,hanh_vi
101775,vui nhộn và hài hước .,positive,noi_chung
101778,tiếc là học kỳ 2 em không đăng ký được lớp lập trình hướng đối tượng của cô !,negative,chuong_trinh_hoc
101780,thầy rất nhiệt tình dạy .,positive,hanh_vi
101781,thầy nói khó nghe nên đôi lúc không nghe được thầy đang nói gì .,negative,ky_nang_giang_day
101787,thầy giảng đôi lúc hơi nhỏ .,negative,hanh_vi
101788,"góp ý , nhắc nhở nhiệt tình , lưu ý sai sót cho sinh viên .",positive,hanh_vi
101791,tốn nhiều thời gian trong buổi học cho các việc không cần thiết .,negative,ky_nang_giang_day
101792,"thầy dạy rất hăng say , nhiệt tình .",positive,hanh_vi
101810,"giảng viên vui tính , tận tâm , nhiệt tình .",positive,hanh_vi
101819,thân thiện với học sinh .,positive,hanh_vi
101833,chỉ là đôi khi thầy hơi nóng tính lúc làm việc .,negative,hanh_vi
101847,cô rất vui .,positive,hanh_vi
101849,giảng viên giảng dạy khó hiểu .,negative,ky_nang_giang_day
101856,"thầy dễ tính , có đi học đều sẻ qua môn , hoạt động làm bài thu hoạch tạo điều kiện cho sinh viên lấy điểm .",positive,hanh_vi
101871,thẳng thắn và kiên quyết .,positive,hanh_vi
101877,đi dạy mà chỉ đọc slide .,negative,ky_nang_giang_day
101899,cập nhật điểm chậm .,negative,cham_diem
101913,thầy dạy dễ hiểu .,positive,ky_nang_giang_day
101915,giảng viên dạy tương đối nhanh .,negative,ky_nang_giang_day
101916,giảng lý thuyết trước khi cho sinh viên làm bài thực hành trên lớp .,neutral,ky_nang_giang_day
101922,quan tâm đến từng sinh viên trong lớp .,positive,hanh_vi
101928,khả năng truyền đạt chưa tốt .,negative,ky_nang_giang_day
101930,"cô rất thân thiện , dạy tận tâm .",positive,hanh_vi
101933,"bài tập nhiều , rất sát .",positive,bai_tap
101935,"có chương trình thực hành cụ thể , rõ ràng .",positive,chuong_trinh_hoc
101938,giảng dạy kỹ .,positive,ky_nang_giang_day
101942,một trong những giảng viên yêu thích .,positive,noi_chung
101945,cần thiết thực cụ thể hơn nữa .,negative,de_xuat
101947,không nhiệt tình với sinh viên .,negative,hanh_vi
101948,"giảng viên vui vẻ , vô cùng nhiệt tình .",positive,hanh_vi
101957,"nhiệt tình , lên lớp rất đúng giờ .",positive,hanh_vi
101962,cô hãy dạy nhiều lớp hơn .,neutral,de_xuat
101974,em rất cảm ơn cô ạ !,positive,hanh_vi
101980,"một số bài tập không rõ , không đi sâu .",negative,bai_tap
101983,"thầy dạy rất tận tình , tâm huyết .",positive,hanh_vi
101992,có nhiều hoạt động học tập sinh động giúp sinh viên thoải mái khi học .,positive,ky_nang_giang_day
101993,"do cô hay bận một số công việc , nên sinh viên hay được nghỉ .",negative,hanh_vi
200004,em cảm thấy khá bức xúc nhưng nếu truy ra lỗi của ai thì em tự nhận một phần về mình .,negative,noi_chung
200010,dạy rất hay .,positive,ky_nang_giang_day
200020,thầy dạy rất hay và dễ hiểu .,positive,ky_nang_giang_day
200029,nhiệt tình giảng dạy và vui vẻ hòa đồng .,positive,hanh_vi
200031,"ban đầu thì em có vẻ không hài lòng lắm về giáo viên khi học môn này , nhưng sau một khoảng thời gian thì thấy cũng ổn .",negative,hanh_vi
200039,"giảng viên nhiệt tình , hoạt động sôi nổi .",positive,hanh_vi
200044,"phân chia nhóm , hoạt động nhóm .",neutral,ky_nang_giang_day
200047,nhiều khi làm bài tập mình không biết mình đang làm gì luôn .,negative,bai_tap
200050,tốc độ giảng bài có chút nhanh nên đôi khi không theo kịp .,negative,ky_nang_giang_day
200061,"tận tâm giúp đỡ học sinh , giải đáp thắc mắc .",positive,hanh_vi
200066,giảng viên có trình độ chuyên môn rất tốt .,positive,kien_thuc
200069,"không biết thầy nào dạy chính thức , thầy nào dạy cũng nhiệt tình .",positive,hanh_vi
200072,không hài lòng gì cả .,negative,noi_chung
200074,đừng dư quá nhiều .,negative,noi_chung
200078,cô hơi nóng tính .,negative,hanh_vi
200081,"dạy dễ hiểu , sử dụng giờ lên lớp hiệu quả .",positive,ky_nang_giang_day
200088,cô đẹp colonlove .,positive,noi_chung
200092,"cô vui tính , quan tâm tới học sinh .",positive,hanh_vi
200100,"nhiệt tình , dễ chịu .",positive,hanh_vi
200106,"nhiệt tình , giúp đỡ sinh viên hết mức .",positive,hanh_vi
200118,listening .,neutral,noi_chung
200120,chưa tìm ra .,neutral,noi_chung
200121,vui vẻ giảng dạy nhiệt tình .,positive,hanh_vi
200123,"nhiệt tình , luôn đảm bảo giờ giấc sinh hoạt ở lớp .",positive,hanh_vi
200124,"đảm bảo giờ lên lớp , tài liệu đầy đủ .",positive,cung_cap_tai_lieu
200133,"tác phong làm việc nghiêm túc , chuyên nghiệp .",positive,hanh_vi
200147,thầy cô dạy cho về quá sớm .,negative,ky_nang_giang_day
200150,chúc thầy vui và sống khỏe .,positive,noi_chung
200159,cô dễ gắt lên với sinh viên .,negative,hanh_vi
200164,thầy ôn rất kỹ .,positive,ky_nang_giang_day
200168,theo em thì thầy hơi thụ động một tí .,negative,hanh_vi
200170,"thầy dạy nhiệt tình , mong được học thầy những kỳ sau colonsmilesmile .",positive,hanh_vi
200178,nên chỉ có một giảng viên phụ trách một lớp .,neutral,de_xuat
200182,"giảng viên vui tính , hài hước .",positive,hanh_vi
200187,khả năng truyền đạt còn kém .,negative,ky_nang_giang_day
200193,để học sinh của mình không có gì sau kết thúc môn phải chăng đó không là thất bại !,negative,noi_chung
200197,giảng viên nhiệt tình và vui tính .,positive,hanh_vi
200209,"thầy đưa ra phương pháp làm bài cụ thể , dễ hiểu .",positive,ky_nang_giang_day
200216,giảng viên không có kỹ năng sư phạm cao .,negative,ky_nang_giang_day
200220,trao đổi bài học tại lớp rất sôi động .,positive,ky_nang_giang_day
200222,"cô giảng rất đều tai , rất dễ buồn ngủ .",negative,ky_nang_giang_day
200227,"cô giáo giảng dạy rất nhiệt tình , học sinh chăm chỉ được thưởng xứng dáng , học sinh lười biếng không đi học bị trừng phạt thẳng tay .",neutral,hanh_vi
200231,"cô giảng dạy khiến sinh viên cảm thấy chán , buồn ngủ .",negative,ky_nang_giang_day
200233,thầy dạy có tâm và rất nhiệt tình .,positive,hanh_vi
200236,"tích cực , nhiệt huyết .",positive,noi_chung
200241,tận tâm với sinh viên và tạo mọi cơ hội cho tất cả sinh viên .,positive,hanh_vi
200242,đảm bảo phần kiến thức cho sinh viên đạt được .,neutral,kien_thuc
200243,thầy chưa mấy nhiệt tình !,negative,hanh_vi
200249,giảng viên khá nhiệt tỉnh .,positive,hanh_vi
200256,tương tác tốt với sinh viên ở trên lớp .,positive,hanh_vi
200257,lên lớp muộn .,negative,hanh_vi
200262,hơi nghiêm .,negative,hanh_vi
200265,"thầy có một nền tảng kiến thức rất phong phú , em được học rất nhiều từ thầy .",positive,kien_thuc
200276,nhiệt tình trả lời các câu hỏi của sinh viên .,positive,hanh_vi
200277,em cảm thấy không có gì không hài lòng cả vì thầy dạy hay .,positive,ky_nang_giang_day
200278,"thầy tận tình , và thân thiện .",positive,hanh_vi
200281,"mỗi một vấn đề đều phải dừng lại hỏi xem còn sinh viên nào có cách khác không , hay đơn giản là cách hiểu khác trên cùng một vấn đề .",neutral,ky_nang_giang_day
200282,tất cả điều hài lòng .,positive,noi_chung
200283,cô dễ thương siêu cute !,positive,hanh_vi
200286,thầy hướng dẫn rất tận tình .,positive,hanh_vi
200287,cả hai thầy đều rất nhiệt tình .,positive,hanh_vi
200289,trong học kỳ này vì nó không được cố định nên em và có thể nhiều bạn khác đã bỏ lỡ bài nộp .,negative,bai_tap
200291,giảng viên dạy dễ hiểu .,positive,ky_nang_giang_day
200298,dạy kỹ căn bản rèn luyện cả 4 kỹ năng .,neutral,ky_nang_giang_day
200306,dễ buồn ngủ .,negative,noi_chung
200312,sự tận tâm .,positive,hanh_vi
200314,đúng như vậy luôn hi hi .,neutral,noi_chung
200316,"nếu em muốn học , em sẽ lên lớp học .",neutral,noi_chung
200319,thầy khá bận nên thời gian lên lớp không nhiều .,negative,ky_nang_giang_day
200321,"thầy năng nổ , nhiệt tình .",positive,hanh_vi
200323,"giảng viên rất tận tâm , nhiệt tình , gần gũi sinh viên .",positive,hanh_vi
200324,cách giảng dạy không tạo được nền tảng ban đầu để sinh viên tự lực trong một quãng đường dài .,negative,ky_nang_giang_day
200327,giảng viên cung cấp khá đầy đủ kiến thức .,positive,kien_thuc
200336,thầy hiền và nhiệt tình với sinh viên .,positive,hanh_vi
200337,kiến thức môn học ứng dụng tốt cho công việc sau này .,positive,kien_thuc
200342,thầy liên hệ khá nhiều về thực tiễn cuộc sống .,positive,kinh_nghiem
200344,"nhiều ví dụ minh hoạ , dễ hiểu .",positive,ky_nang_giang_day
200347,"dạy tốt , dễ hiểu .",positive,ky_nang_giang_day
200348,"bồi dưỡng chuyên môn giáo viên phần phát âm , từ vựng .",neutral,chuong_trinh_hoc
200354,giảng viên giảng dạy nhiệt tình .,positive,hanh_vi
200360,"giảng viên dạy kỹ , dễ hiểu .",positive,ky_nang_giang_day
200361,thầy tôi dạy rất hay và chia sẻ rất nhiều .,positive,ky_nang_giang_day
200362,thầy hiền nhiệt tình .,positive,hanh_vi
200364,cô nói nhỏ và thường hay đứng trên bục rất khó để có thể hiểu .,negative,ky_nang_giang_day
200366,giáo viên giảng hơi khó hiểu ạ .,negative,ky_nang_giang_day
200384,"gần gũi , tốt bụng .",positive,hanh_vi
200387,"hăng say , nhiệt tình .",positive,hanh_vi
200389,table and chair is not fitted for class .,negative,thiet_bi_day_hoc
200409,truyền đạt kiến thức dễ hiểu .,positive,ky_nang_giang_day
200415,"giảng viên mỗi lần lên lớp đều nói "" các em cần gì cứ mail thầy sẽ hỗ trợ "" nhưng không bao giờ trả lời mail sinh viên , sinh viên phải lên đến tận văn phòng khoa để tìm gặp .",negative,hanh_vi
200416,tất cả đều tốt .,positive,noi_chung
200417,cung cấp cho sinh viên nhiều kiến thức thực tiễn .,positive,kien_thuc
200420,giảng viên áp dụng nhiều phương thức giảng dạy mới .,positive,ky_nang_giang_day
200423,giảng viên thường hay đến lớp muộn 15 phút .,negative,hanh_vi
200430,mới gặp một lần !,neutral,noi_chung
200431,cập nhật tin tức môn học trên các kênh thông tin course và cung cấp các tài liệu trên đó .,neutral,cung_cap_tai_lieu
200435,thầy dạy rất tận tâm .,positive,hanh_vi
200437,"giáo viên truyền đạt nội dung bài học rất hay , rất dễ hiểu và dễ tiếp thu .",positive,ky_nang_giang_day
200439,như vậy thì quá bất công .,negative,noi_chung
200441,thầy giảng hay .,positive,ky_nang_giang_day
200450,"rất có tâm , nhiệt tình và tận tụy với sinh viên .",positive,hanh_vi
200453,"thầy nguyên dạy rất nhiệt tình , tận tâm colonsmile .",positive,hanh_vi
200455,quan tâm tận tình đến từng sinh viên .,positive,hanh_vi
200456,thầy dạy đúng yêu cầu buổi học .,positive,ky_nang_giang_day
200463,giảng dạy hay .,positive,ky_nang_giang_day
200472,thành vòng tuần hoàn đến khi thi .,neutral,noi_chung
200473,không gặp mặt .,negative,noi_chung
200482,không hoàn toàn hài lòng với cách giảng dạy của thầy .,negative,ky_nang_giang_day
200484,vui .,positive,noi_chung
200488,không ý kiến thêm .,neutral,noi_chung
200496,ra đề thực hành sát với nội dung ôn tập .,neutral,bai_tap
200509,khi sinh viên nhờ thầy giải một bài tập để làm mẫu nhưng không nhận được bất kỳ bài giải nào từ thầy .,negative,hanh_vi
200510,thời lượng thi ít khiến nhiều câu bỏ trống .,negative,chuong_trinh_hoc
200511,cách thầy dạy môn này trong kỳ trước em không được biết chỉ được nghe từ các bạnem đã cảm thấy vui khi được học với thầy .,positive,hanh_vi
200512,"thường xuyên nghỉ học không thông báo , lên lớp trễ .",negative,hanh_vi
200514,giảng viên luôn vui vẻ và tận tình giúp đỡ sinh viên .,positive,hanh_vi
200515,dùng lời lẽ để ép buộc sinh viên .,negative,hanh_vi
200525,sinh viên trường wzjwz80 chúng ta hoàn toàn không được đánh giá cao so với sinh viên của wzjwz81 và wzjwz82 .,negative,cham_diem
200526,"giảng viên vui vẻ , giảng dạy tận tâm .",positive,hanh_vi
200528,"phương pháp giảng dạy ( cụ thể là cách truyền đạt ) của thầy đơn giản , dễ hiểu và hiệu quả .",positive,ky_nang_giang_day
200533,cô wzjwz195 thật tuyệt vời .,positive,hanh_vi
200535,thầy thường xuyên nghỉ mà không thông báo .,negative,hanh_vi
200536,"cách giảng dạy đơn giản , ngắn gọn nhưng dễ tiếp thu .",positive,ky_nang_giang_day
200538,"giảng dạy chi tiết , dễ hiểu .",positive,ky_nang_giang_day
200548,tên thầy dài quá nhưng em nhớ nó như một món quà dành cho thầy .,neutral,noi_chung
200550,"thầy giảng dạy nhiệt tình , tận tụy , tận tình hướng dẫn .",positive,hanh_vi
200555,"một số vấn đề sinh viên thắc mắc đăng lên course thường được giảng viên trả lời chậm , và thường không trả lời luôn .",negative,hanh_vi
200556,phương pháp giảng dạy giúp sinh viên nắm bắt được nhiều lỗi sai trong bài .,positive,ky_nang_giang_day
200568,cô không sử dụng hệ thống course của trường .,negative,cung_cap_tai_lieu
200569,đi học hay không đi học cũng như nhau .,neutral,noi_chung
200574,"chép bài trên bảng nhanh , giảng hơi nhanh .",negative,ky_nang_giang_day
200575,rất thích cách xét công tâm của cô .,positive,cham_diem
200576,"cô dạy khó hiểu , phức tạp hóa vấn đề .",negative,ky_nang_giang_day
200577,cách cô sắp xếp sinh viên khi thi giữa kỳ rất lộn xộn .,negative,hanh_vi
200578,nhiều nội dung môn học bị bỏ qua .,negative,chuong_trinh_hoc
200584,"thầy rất vui tính , nói chuyện cũng vậy .",positive,hanh_vi
200586,cô rất quan tâm tới sinh viên .,positive,hanh_vi
200590,"yêu nghề , hăng say , tích cực với công việc , nhiệt tình giảng dạy .",positive,hanh_vi
200593,truyền đạt hay giúp học sinh dễ hiểu !,positive,ky_nang_giang_day
200594,phương pháp giảng bài của thầy khiến sinh viên dễ dàng tiếp thu được kiến thức .,positive,ky_nang_giang_day
200596,"cách dạy còn khô khan , nhàm chán , không tạo được cho sinh viên sự hào hứng .",negative,ky_nang_giang_day
200611,thầy dạy tích cực .,positive,hanh_vi
200613,mọi bài thực hành sinh viên tự đọc hiểu và sự có mặt của giảng viên trên lớp chỉ mang hình thức có mặt .,negative,hanh_vi
200615,thầy dạy khá chi tiết và giải bài tập nhiều .,positive,ky_nang_giang_day
200616,mỗi tiết dạy của giảng viên thường là chiếu lên slide để đọc nên trong quá trình giảng dạy khá là chán .,negative,ky_nang_giang_day
200638,cung cấp bài giảng đầy đủ .,positive,cung_cap_tai_lieu
200639,đôi khi em nghĩ thầy cho deadline quá trời nhưng nhờ vậy em học được hơn thầy ạ .,negative,bai_tap
200642,"thường xuyên hỏi về đời sống tình cảm của những bạn nữ , như vậy là không phù hợp với tác phong của một giáo viên .",negative,hanh_vi
200643,giảng dạy không rõ ràng còn hàn lâm .,negative,ky_nang_giang_day
200644,"lên lớp đúng giờ , tận tâm với sinh viên .",positive,hanh_vi
200646,học xong em thấy yêu thầy .,positive,hanh_vi
200649,phương pháp dạy của thầy chưa hiệu quả .,negative,ky_nang_giang_day
200654,thầy giảng dạy rất kỹ càng .,positive,ky_nang_giang_day
200656,thi cuối kỳ không đủ thời gian làm bài !,negative,bai_tap
200658,nếu có nghỉ phải được dạy bù lại .,neutral,de_xuat
200664,"đôi khi truyền đạt hơi nhanh , gây lướt kiến thức .",negative,ky_nang_giang_day
200665,dạy chưa thu hút .,negative,ky_nang_giang_day
200674,"thế nhưng việc thời hạn nộp bài không được chính xác gây khó khăn trong việc nộp bài , cụ thể là thời hạn nộp bài đôi khi đã được ấn định , nhưng sau đó lại được gia hạn thêm , vậy thì không công bằng với những người đã bỏ công sức ra để cố gắng hoàn thành công việc đúng thời hạn ban đầu .",negative,bai_tap
200675,"giảng viên dạy sinh động , hiệu quả , đảm bảo giờ lên lớp .",positive,ky_nang_giang_day
200681,quan tâm sinh viên nhiều hơn .,positive,hanh_vi
200692,phòng học thiếu loa .,negative,thiet_bi_day_hoc
200704,nhiệt tình .,positive,hanh_vi
200709,hơi khắt khe .,negative,hanh_vi
200715,thoải mái nhiệt tình .,positive,hanh_vi
200719,bài giảng của thầy hay hấp dẫn lắm .,positive,ky_nang_giang_day
200720,"giảng viên tận tâm , nhiệt tình giúp đỡ sinh viên .",positive,hanh_vi
200722,"cô dạy rất tốt , dễ hiểu .",positive,ky_nang_giang_day
200733,riêng bản thân em nhận thấy mình có thể học môn này mà không tham gia học đầy đủ trên lớp .,neutral,ky_nang_giang_day
200740,ghi bài quá nhiều .,negative,bai_tap
200741,phần thực hành theo hình thức 2 sẽ hợp lý hơn .,positive,bai_tap
200743,giảng viên giảng bài rất chi tiết .,positive,ky_nang_giang_day
200744,"giảng viên nhiệt tình , tận tâm với sinh viên .",positive,hanh_vi
200745,"tận tâm , nhiệt tình giúp đỡ sinh viên .",positive,hanh_vi
200747,thầy hay nhăn nhó với sinh viên .,negative,hanh_vi
200751,cô có cho nói chuyện với giảng viên nước ngoài !,positive,hanh_vi
200754,cô rất nhiệt tình giúp đỡ sinh viên .,positive,hanh_vi
200759,cô rất tận tâm và nhiệt huyết .,positive,hanh_vi
200762,phương pháp truyền đạt kiến thức khó tiếp thu .,negative,ky_nang_giang_day
200769,làm việc nhóm hiệu quả .,positive,noi_chung
200770,truyên đạt tốt .,positive,ky_nang_giang_day
200771,tất cả các hoạt động .,neutral,noi_chung
200773,"trình độ chuẩn tiếng anh của giảng viên đại học thực sự còn thua một giáo viên cấp 3 , phát âm sai khiến sinh viên sử dụng để giao tiếp sai !",negative,kien_thuc
200777,giảng viên không bao giờ nghỉ buổi nào .,negative,hanh_vi
200780,thầy nhiệt tình trả lời câu hỏi của sinh viên đặt ra .,positive,hanh_vi
200784,thường đi trễ .,negative,hanh_vi
200792,"thầy dạy hơi lan man , diễn đạt không tốt ạ .",negative,ky_nang_giang_day
200793,thầy giảng rất dễ hiểu và dễ tiếp thu bài .,positive,ky_nang_giang_day
200796,"thầy wzjwz182 dạy rất hay , rất dễ hiểu .",positive,ky_nang_giang_day
200803,"thầy dạy tận tâm , giúp đỡ sinh viên hết sức .",positive,hanh_vi
200812,"giảng dạy nhiệt tình , dễ hiểu .",positive,ky_nang_giang_day
200813,kiến thức của giáo viên rất tốt !,positive,kien_thuc
200817,giáo viên giảng dạy nhiệt tình .,positive,hanh_vi
200819,học buổi sáng .,neutral,noi_chung
200822,cô dạy hay nhưng hơi nhanh .,neutral,ky_nang_giang_day
200830,sử dụng slide tiếng anh khó diễn đạt với sinh viên .,negative,cung_cap_tai_lieu
200837,em không có ý kiến về vấn đề này .,neutral,noi_chung
200839,thầy dạy tốt và đảm bảo chất lượng .,positive,ky_nang_giang_day
200842,"giảng viên cung cấp các slide , các module phục vụ việc học tập rất chu đáo .",positive,cung_cap_tai_lieu
200844,"vui vẻ , có trách nhiệm .",positive,hanh_vi
200847,slide đẹp .,positive,cung_cap_tai_lieu
200852,sử dụng kiến thức có tính thực tiễn cao hơn kiến thức có thể áp dụng vào trong thực tiễn .,negative,kien_thuc
200862,thầy dạy tận tâm hết mình .,positive,hanh_vi
200870,đủ những gì cần học không dài dòng .,positive,cung_cap_tai_lieu
200873,cô viết hướng dẫn còn sơ sài quá .,negative,cung_cap_tai_lieu
200875,cô hỗ trợ sinh viên khá nhiều .,positive,hanh_vi
200879,"cách giảng dạy rất hay , hấp dẫn và dễ hiểu .",positive,ky_nang_giang_day
200886,một số môn giảng viên hiếm khi thấy dạy vì nghỉ nhiều .,negative,hanh_vi
200887,cô dạy môn wzjwz121 học kỳ này không phải cô wzjwz122 dạy hay .,negative,ky_nang_giang_day
200890,"giáo viên ngoài việc dạy kiến thức chuyên ngành , còn chia sẻ những kinh nghiệm thực tế của giảng viên rất bổ ích .",positive,kinh_nghiem
200891,giáo viên dễ hiểu .,positive,ky_nang_giang_day
200892,"sự thân thiện , cởi mở và nhiệt tình .",positive,hanh_vi
200895,hoạt động nhóm của cô hiệu quả .,positive,hanh_vi
200898,tuy nhiên vẫn còn một vài chỗ hơi khó tiếp thu .,negative,ky_nang_giang_day
200906,thầy cung cấp tài liệu đầy đủ .,positive,cung_cap_tai_lieu
200912,"giảng viên thoải mái , tạo cảm giác không gò bó trong học tập .",positive,hanh_vi
200922,có tương tác với học sinh .,neutral,hanh_vi
200926,một số buổi dạy của giảng viên không hiệu quả về giờ giấc .,negative,ky_nang_giang_day
200929,và cho bài tập và kiểm tra bài tập ở tuần dạy tiếp theo .,neutral,bai_tap
200934,sữa lỗi cho sinh viên .,neutral,de_xuat
200939,cô chủ đọng nhắc nhở các bạn học tập và ai có thắc mắc cô giải đáp hết .,positive,hanh_vi
200941,"giảng viên nhiệt tình , tận tâm với sinh viên và rất vui tính .",positive,hanh_vi
200945,thầy hay vắng .,negative,hanh_vi
200949,"thầy thường xuyên truyền đạt kỹ năng cần thiết và thiết thực , xây dựng được sự chủ động học tập của sinh viên .",positive,ky_nang_giang_day
200952,"thầy đi dạy không đúng giờ , toàn bắt sinh viên chờ từ 30 phút đến 1 tiếng .",negative,hanh_vi
200955,thấy dạy rất tốt .,positive,ky_nang_giang_day
200958,"cô thân thiện , trẻ trung .",positive,hanh_vi
200960,"cô dạy nhanh quá , khó hiểu dẫn đến chán nản .",negative,ky_nang_giang_day
200962,cách giảng bài chi tiết vừa đủ và dễ hiểu .,positive,ky_nang_giang_day
200963,"đồ án môn học mới lạ , hấp dẫn , mang tính thách thức và ứng dụng cao .",positive,bai_tap
200965,cô giảng hay dễ hiểu .,positive,ky_nang_giang_day
200966,không dạy thật sự .,negative,ky_nang_giang_day
200969,giảng viên nhiệt tình hướng dẫn sinh viên .,positive,hanh_vi
200971,thầy dạy rất chán .,negative,ky_nang_giang_day
200972,"thầy giáo rất nhiệt tình trong việc hỗ trợ sinh viên , giúp sinh viên hiểu ra được các khuyết điểm đồ án học tập của các nhóm .",positive,hanh_vi
200977,khả năng truyền đạt chưa được tốt .,negative,ky_nang_giang_day
200989,"hướng dẫn , giải đáp thắc mắc tận tình .",positive,hanh_vi
201006,khả năng truyền đạt chưa gây được sự thu hút .,negative,ky_nang_giang_day
201022,cảm ơn .,positive,noi_chung
201032,thầy rất chú tâm .,positive,hanh_vi
201050,tăng hiệu suất máy tính .,neutral,thiet_bi_day_hoc
201055,thầy rất có tâm trong việc tạo áp lực giúp sinh viên học nhiều hơn và thực hành nhiều hơn .,positive,hanh_vi
201067,"thầy vui tính , cởi mở .",positive,hanh_vi
201069,"bài tập quá khó hiểu , quá lan man , chỉ có một vài bài là hợp lý nhưng cũng khó làm .",negative,bai_tap
201070,"thầy cung cấp tài liệu học tập rất đầy đủ , chi tiết .",positive,cung_cap_tai_lieu
201072,mong cô dạy thêm về ngữ pháp .,neutral,de_xuat
201073,"kỳ sau em có học một môn của chị nữa đó , nhớ giúp em qua môn nha chị .",neutral,noi_chung
201077,"ngoài kiến thức lý thuyết tụi em đã học , thầy còn cung cấp thêm cho chúng em thêm nhiều kiến thức mới nữa .",positive,kien_thuc
201093,"sự nhiệt tình , quan tâm , lắng nghe .",positive,hanh_vi
201094,"lúc đầu vào học thì chưa tập trung nội dung học , mất thời gian nhưng về sau đã tập trung việc học hơn .",negative,ky_nang_giang_day
201100,cung cấp nhiều tài liệu tham khảo .,positive,cung_cap_tai_lieu
201105,có chút không hiểu bài .,negative,ky_nang_giang_day
201108,không nêu thông tin rõ ràng thời gian báo cáo .,negative,noi_chung
201114,"tiết dạy sinh động , lôi cuốn .",positive,ky_nang_giang_day
201119,cô là giáo viên có tâm và nhiệt huyết nhất em từng gặp .,positive,hanh_vi
201125,rất mong thầy sẽ tiếp tục giảng dạy các khoá sau .,positive,de_xuat
201138,thầy wzjwz307 dạy giỏi từ xưa đến giờ .,positive,ky_nang_giang_day
201139,nghiêm túc trong quá trình giảng dạy .,positive,hanh_vi
201152,dù đã xem trước bài khi lên lớp nhưng nó quá xa lạ đối với em .,negative,ky_nang_giang_day
201155,nhiều lúc hỏi bài sợ thầy la .,negative,hanh_vi
201157,"giải đáp các thắc mắc của sinh viên , hướng dẫn , theo dõi và giám sát sinh viên trong lúc thực hành .",positive,hanh_vi
201160,"giáo viên nhiệt tình , tận tâm .",positive,hanh_vi
201176,tạo những deadline mà sinh viên không thể sắp xếp được thời gian .,negative,bai_tap
201178,"thầy dạy truyền đạt tư tưởng tốt , dễ hiểu .",positive,ky_nang_giang_day
201184,cô tận tâm và nhiệt tình giúp đỡ em .,positive,hanh_vi
201185,nội dung slide doubledot em thấy slide này làm tài liệu đọc ôn lại ( khi đã hiểu rồi ) thì phù hợp hơn tài liệu giảng .,positive,cung_cap_tai_lieu
201200,"có những khoảng thời gian trống trong giờ học , làm kéo dài buổi học .",negative,ky_nang_giang_day
201205,"vui tính , hòa đồng nhiệt tình , chỉ bảo tận tình .",positive,hanh_vi
201206,cô dạy diễu hiểu ạ .,positive,ky_nang_giang_day
201209,em vinh dự được là học trò của thầy .,positive,hanh_vi
201211,thầy căn chỉnh thời gian dạy không tốt .,negative,ky_nang_giang_day
201223,tài liệu phục vụ cho môn học chưa được nhà trường hỗ trợ .,negative,cung_cap_tai_lieu
201225,nhiệt tình trả lời thắc mắc của sinh viên .,positive,hanh_vi
201227,đảm bảo về mặt giờ giấc .,neutral,noi_chung
201234,truyền đạt dễ hiểu .,positive,ky_nang_giang_day
201243,dạy không nhiệt tình .,negative,hanh_vi
201248,50% giành cho kiến thức chi tiết một loại công nghệ dotnet doubledot có thể giống đồ án cuối kỳ hiện tại .,neutral,chuong_trinh_hoc
201253,giáo viên đảm bảo giờ giấc .,positive,hanh_vi
201259,thầy dạy kỹ càng .,positive,ky_nang_giang_day
201267,"giảng viên dạy nhiệt tình , vui tính .",positive,hanh_vi
201272,"thời gian làm việc trên lớp không hiệu quả , giảng viên thường cho nghỉ học .",negative,ky_nang_giang_day
201274,"giảng viên giảng dạy hay nói lan man , không đúng trọng tâm môn học .",negative,ky_nang_giang_day
201282,nhiều bài tập kiểm tra năng lực qua từng phần .,neutral,bai_tap
201287,nói ngoài lề hơi nhiều .,negative,noi_chung
201289,"giảng dạy dễ hiểu , ví dụ trực quan .",positive,ky_nang_giang_day
201292,nhiệt tình tâm huyết giảng dạy .,positive,hanh_vi
201298,cô dạy lý thuyết hơi nhanh .,negative,ky_nang_giang_day
201300,giảng viên nhiệt tình đối với sinh viên .,positive,hanh_vi
201311,thầy nói nhỏ quá colonsmile .,negative,ky_nang_giang_day
201324,hay và sáng tạo .,positive,noi_chung
201328,bỏ thi lý thuyết cuối kỳ do làm đồ án tốn khá nhiều thời gian .,negative,bai_tap
201330,"giảng viên giảng bài dễ hiểu , áp dụng làm bài được ngay .",positive,ky_nang_giang_day
201336,cô dạy khó hiểu và nhàm chán .,negative,ky_nang_giang_day
201342,"giảng viên nhiệt tình , tâm huyết , tương tác nhiều với sinh viên .",positive,hanh_vi
201346,dạy nhanh dẫn đến nhiều lúc khó hiểu .,negative,ky_nang_giang_day
201348,slide trình chiếu đã quá cũ không cập nhật thông tin mới .,negative,cung_cap_tai_lieu
201361,thầy giảng bài hấp dẫn .,positive,ky_nang_giang_day
201364,nhìn có vẻ khó chịu nhưng thầy rất dễ chịu (y) .,positive,hanh_vi
201370,"giảng viên giảng bài dễ hiểu , có đưa ra ví dụ minh họa .",positive,ky_nang_giang_day
201371,"giải thích các vấn đề trong bài giảng chưa hay , khó hiểu .",negative,ky_nang_giang_day
201379,truyền đạt hơi khó hiểu .,negative,ky_nang_giang_day
201382,"trang thiết bị còn kém , loa chưa đủ rõ để nghe anh văn , máy chiếu chưa nhìn rõ màu sắc .",negative,thiet_bi_day_hoc
201383,thầy hướng dẫn kỹ .,positive,ky_nang_giang_day
201385,thầy giảng bài dễ hiểu !,positive,ky_nang_giang_day
201389,không có ý kiến gì thêm .,neutral,noi_chung
201393,"số lượng máy phòng thực hành quá ít , phải đến 2 - 3 người dùng chung một máy .",negative,thiet_bi_day_hoc
201397,đầy đủ chi tiết .,positive,noi_chung
201399,"khi giảng bài , nói rất nhanh và khó nghe .",negative,ky_nang_giang_day
201401,giảng viên tận tình hướng dẫn .,positive,hanh_vi
201408,"cô dạy nhiệt tình , quan tâm đến học sinh .",positive,hanh_vi
201412,"bên cạnh đó còn chia sẻ với sinh viên nhiều kinh nghiệm quý báu , có ích cho việc học và làm sau này .",positive,kinh_nghiem
201418,thường xuyên nghỉ không báo trước không báo lên da hoặc báo với sinh viên .,negative,hanh_vi
201425,thường xuyên vào lớp muộn và dạy lố giờ .,negative,hanh_vi
201434,kiến thức chưa vững .,negative,kien_thuc
201436,"tiết dạy thầy rất sinh động , không thể tin được , thật là không thể tin nổi , quá là tuyệt vời !",positive,ky_nang_giang_day
201438,giảng viên chưa để ý nhiều đến sinh viên .,negative,hanh_vi
201442,thầy dạy hay và vui .,positive,ky_nang_giang_day
201448,"nguyên tắc , phương pháp giảng dạy tốt .",positive,ky_nang_giang_day
201449,dạy liên tục không ngừng nghỉ làm sinh viên hơi ngán vì phải tập trung liên tục dẫn đến nhiều sinh viên nản gục mặt xuống bàn ngủ .,negative,ky_nang_giang_day
201450,"bài tập nhiều quá , không phù hợp lắm .",negative,bai_tap
201452,có các ví dụ thực tiễn .,neutral,kinh_nghiem
201456,hi hi đồ ngốc .,negative,noi_chung
201460,thầy nói to quá .,negative,hanh_vi
201462,"buổi học buổi không hiệu quả , sinh viên tới trường học mà không thấy giáo viên , nghỉ không thông báo , mà nghỉ mấy nhiểu buổi như vậy , vừa tốn thời gian sinh viên tốn công sức tới trường không thấy giáo viên đâu , ngồi đợi cả buổi không có sinh viên mới bỏ về .",negative,hanh_vi
201470,em rất hài lòng thầy về mọi mặt .,positive,noi_chung
201473,kiến thức xã hội .,neutral,kien_thuc
201478,cô dạy hay và nhiệt tình .,positive,ky_nang_giang_day
201483,giảng viên không nhiệt tình .,negative,hanh_vi
201484,"thầy dạy ngắn gọn , súc tích , dễ hiểu .",positive,ky_nang_giang_day
201487,khó tiếp thu !,negative,ky_nang_giang_day
201496,cô nhiệt tình và vui vẻ .,positive,hanh_vi
201497,cung cấp tài liệu đầy đủ .,positive,cung_cap_tai_lieu
201498,chỉ bảo rõ ràng .,positive,ky_nang_giang_day
201503,thầy dạy cũng hay .,positive,ky_nang_giang_day
201506,"thầy hay vắng , trễ .",negative,hanh_vi
201514,"lên lớp đúng giờ , dạy nhiệt tình .",positive,hanh_vi
201517,giảng viên thực hành có cũng như không !,negative,ky_nang_giang_day
201518,"phương pháp học môn anh văn trên trường tốt với mọi người , nhưng nó xung khắc với phương pháp em đang tự học , nếu duy trì lâu em có biến cố .",positive,ky_nang_giang_day
201524,"giảng viên tận tình , chu đáo .",positive,hanh_vi
201525,không hướng dẫn tận tình cho sinh viên .,negative,hanh_vi
201528,phương pháp của thầy hay .,positive,ky_nang_giang_day
201531,"cô rất tận tâm , nhiệt tình với sinh viên .",positive,hanh_vi
201534,thầy dạy lý thuyết kỹ .,positive,ky_nang_giang_day
201535,thầy rất tuyệt vời !,positive,hanh_vi
201540,phương pháp dạy của thầy rất hiệu quả .,positive,ky_nang_giang_day
201541,thầy giải đáp thắc mắc nhiệt tình .,positive,hanh_vi
201542,"vui tính , nhiệt tình và quan tâm đến sinh viên .",positive,hanh_vi
201543,khả năng truyền đạt kiến thức kém .,negative,ky_nang_giang_day
201547,cô truyền đạt kiến thức rất hiệu quả .,positive,ky_nang_giang_day
201551,giáo viên thường xuyên cho nghỉ học .,negative,hanh_vi
201564,team 8 người mà có 2 người gánh hết cái trình bày giữa kỳ và cuối kỳ cực khổ lắm luôn thầy .,negative,bai_tap
201566,nhất là môn anh văn vì số tiết trong buổi học là 4 nên khá căng thẳng .,negative,chuong_trinh_hoc
201572,"khác với thầy wzjwz286 dạy lý thuyết , thầy rất nhiệt tình trong việc giảng dạy của mình .",positive,hanh_vi
201576,giáo viên truyền đạt tốt .,positive,ky_nang_giang_day
201578,dạy nhiệt huyết .,positive,ky_nang_giang_day
201582,"thầy giảng bài hay , cuốn hút người nghe .",positive,ky_nang_giang_day
201583,hy vọng ý kiến của em được xem xét !,neutral,de_xuat
201586,giáo viên dạy quá giờ so với quy định .,negative,ky_nang_giang_day
201596,"giảng viên dạy cực khó hiểu , khả năng truyền đạt kém , giảng dạy nhàm chán khiến sinh viên không có hứng thú khi tham gia học tập .",negative,ky_nang_giang_day
201597,giảng viên chưa tương tác với sinh viên trên các diễn đàn .,negative,hanh_vi
201598,cách thầy giảng em không nắm được nội dung tổng quát .,negative,ky_nang_giang_day
201599,thầy hơi khó tính quá .,negative,hanh_vi
201612,đưa ra các tiêu chí tính điểm một cách cụ thể .,neutral,cham_diem
201623,phương pháp giảng dạy rất tiên tiến .,positive,ky_nang_giang_day
201635,"thầy dạy dễ hiểu , luôn nhắc lại kiến thức cũ ở mỗi tiết .",positive,ky_nang_giang_day
201638,thầy dạy hay nhất là về cuộc sống .,positive,ky_nang_giang_day
201646,giảng rất chi tiết .,positive,ky_nang_giang_day
201651,"giáo viên trẻ trung , năng động , nhiệt tình , vui vẻ .",positive,hanh_vi
201657,bài tập làm đầy đủ .,neutral,bai_tap
201678,giọng nói của giảng viên khó nghe .,negative,ky_nang_giang_day
201679,thầy cho ít dạng bài tập .,negative,bai_tap
201694,thầy rất chịu khó lắng nghe ý kiến của sinh viên .,positive,hanh_vi
201695,"giáo viên dạy tân tâm , dễ hiểu .",positive,ky_nang_giang_day
201698,"thời gian lên lớp sinh viên chúng em không được học gì từ thầy , chỉ toàn là tự tìm hiểu .",negative,ky_nang_giang_day
201703,giảng dạy tích cực và dễ hiểu .,positive,ky_nang_giang_day
201713,đề nghị giảng viên phải theo sát với thực tế hơn .,positive,de_xuat
201723,"dạy hay , đúng trọng tâm .",positive,ky_nang_giang_day
201730,béo quá không tốt cho sức khỏe .,negative,noi_chung
201741,cô rất nhiệt tình và dễ thương .,positive,hanh_vi
201750,thầy giảng dạy tận tâm .,positive,hanh_vi
201754,"khả năng hoạt động nhóm , tinh thần tự học cao .",positive,hanh_vi
201755,"giảng viên tận tâm , giúp đỡ sinh viên khi không hiểu bài .",positive,hanh_vi
201757,tài liệu ít được cập nhật .,negative,cung_cap_tai_lieu
201759,"giáo viên thường xuyên gây cười , tạo hứng thú học tập .",positive,hanh_vi
201761,"nhiệt tình , tận tụy .",positive,hanh_vi
201767,không có gì để nói .,neutral,noi_chung
201772,đảm bảo thời gian lên lớp và sử dụng thời gian lên lớp hiệu quả .,neutral,chuong_trinh_hoc
201773,thầy không tạo được cảm hứng cho học sinh .,negative,ky_nang_giang_day
201774,giảng viên dạy có tâm huyết .,positive,hanh_vi
201775,giảng viên rất hay .,positive,ky_nang_giang_day
201777,thêm nhiều kiến thức ngoài mới .,neutral,de_xuat
201780,không nắm bắt được kiến thức môn học .,negative,kien_thuc
201783,cô hướng dẫn nhiệt tình và tận tâm với sinh viên trong môn học .,positive,hanh_vi
201789,quá dễ thương nên học sinh khó lòng mà rớt được .,neutral,noi_chung
201794,cho lớp leo cây nhiều quá .,negative,bai_tap
201811,"giảng viên dễ mến , dễ gần gũi với sinh viên .",positive,hanh_vi
201815,"không đảm bảo thời gian dạy học , thường dạy quá giờ .",negative,ky_nang_giang_day
201822,cô wzjwz194 is the best !,positive,hanh_vi
201823,"cô nhiệt tình , thương học sinh .",positive,hanh_vi
201824,"nội dung giảng dạy hơi khó hiểu , đi nhanh , sinh viên khó nắm bắt kịp bài giảng .",negative,ky_nang_giang_day
201830,giảng dạy thật sự quá nhanh !,negative,ky_nang_giang_day
201835,dạy chưa nhiệt tình .,negative,hanh_vi
201836,"cô dạy rất hay , cuốn hút .",positive,ky_nang_giang_day
201840,"giảng viên tận tình , hay giúp đỡ sinh viên .",positive,hanh_vi
201844,phong cách giảng bài của cô tạo sự cuốn hút người nghe cảm giác thoải mái .,positive,ky_nang_giang_day
201856,nhiều lúc cô wzjwz233 hơi nhầm lẫn .,negative,hanh_vi
201860,cô dạy vui .,positive,ky_nang_giang_day
201867,"em rất đồng tình với cách thông tin đến sinh viên của thầy wzjwz134 , thầy thông tin cho sinh viên qua facebook giúp sinh viên nắm thông tin nhanh hơn qua trang courses hay daa .",positive,hanh_vi
201870,thầy có phương pháp giảng dạy hiệu quả .,positive,ky_nang_giang_day
201875,giảng viên giảng dạy rất tận tâm .,positive,hanh_vi
201876,em cảm thấy hài lòng với môn này .,positive,noi_chung
201877,thầy lên lớp sớm .,positive,hanh_vi
201878,giúp sinh viên nâng cao được khả năng lập trình .,positive,noi_chung
201884,"giáo viên dạy đúng giờ , tận tình giải đáp những thắc mắc của học sinh .",positive,hanh_vi
201885,"nhưng thầy thử nghĩ nếu em muốn ngủ mà cứ phải lên lớp thì thầy có thích khi nhìn xuống lớp giảng viên thì dạy , sinh viên thì ngủ mà vẫn có điểm danh như vậy thì có được không .",negative,hanh_vi
201887,em xim cám ơn !,positive,noi_chung
201888,ôn tập tỉ mỉ .,neutral,noi_chung
201894,"tận tâm , quan tâm sinh viên !",positive,hanh_vi
201895,"giảng viên dạy sinh động , dễ hiểu .",positive,ky_nang_giang_day
201903,cô nhiệt tình và thân thiện .,positive,hanh_vi
201906,sau khi học xong 2 môn học wzjwz168 và wzjwz87 lớp do thầy wzjwz88 làm giảng viên lý thuyết và thầy wzjwz89 làm giảng viên em thấy một điều thế này .,neutral,noi_chung
201908,"giáo viên vui , tạo cảm hứng cho học sinh hoạt động trong lớp , em rất thích .",positive,hanh_vi
201918,nói nhanh trong lúc giảng bài .,negative,ky_nang_giang_day
201919,thầy dạy khá dễ hiểu .,positive,ky_nang_giang_day
201922,thầy bận đôi khi nghỉ không báo trước .,negative,hanh_vi
201927,thầy nhiệt tình !,positive,hanh_vi
201931,nguồn tài liệu tự học không nhiều .,negative,cung_cap_tai_lieu
201937,không có tính thực tiễn .,negative,kinh_nghiem
201941,"giảng viên đã kết hợp vừa học lý thuyết vừa giải bài tập giúp sinh viên dễ tiếp thu kiến thức , kỹ năng mới .",positive,ky_nang_giang_day
201945,"cô dạy rất chi tiết , dễ hiểu , biết cách truyền cảm hứng cho sinh viên .",positive,ky_nang_giang_day
201946,tiếp thu được nhiều kiến thức .,positive,kien_thuc
201947,cách truyền đạt của giảng viên tốt .,positive,ky_nang_giang_day
201955,cô chỉ dạy lý thuyết một cách cứng nhắc .,negative,ky_nang_giang_day
201956,thầy giảng bài khó hiểu quá .,negative,ky_nang_giang_day
201958,"giảng viên ghi chép quá nhiều , tốn thời gian .",negative,ky_nang_giang_day
201961,giọng cô dễ nghe .,positive,ky_nang_giang_day
201962,nội dung giảng dạy của giảng viên còn sơ sài .,negative,kien_thuc
201963,tiếng anh .,neutral,noi_chung
201965,bài tập về nhà hơi khó .,negative,bai_tap
201966,thầy quá tuyệt vời coloncontemn .,positive,hanh_vi
201983,"môn nhập môn quản trị doanh nghiệp thầy wzjwz111 dạy thường xuyên nghỉ học , lại không có thông báo trước .",negative,hanh_vi
201984,nói hơi nhanh .,negative,ky_nang_giang_day
201987,giảng dạy hết mình .,positive,ky_nang_giang_day
300003,"thầy còn giảng bài hơi nhỏ , sinh viên tụi em lắng nghe không rõ .",negative,ky_nang_giang_day
300011,"thầy truyền đạt tốt , giảng bài dễ hiểu .",positive,ky_nang_giang_day
300012,đến hôm tiếp theo thì thầy lại nạp cho bọn em nhiều kiến thức mới dẫn đến khó hiểu hơn .,negative,ky_nang_giang_day
300013,"có thể cho nhiều bài kiểm tra mỗi phần để biết được tình trạng học tập , hiểu bài của sinh viên .",neutral,de_xuat
300018,nhưng trên hết tụi em vẫn biết đó là ý tốt của thầy .,positive,hanh_vi
300021,"dạy dễ hiểu , kể chuyện vui .",positive,ky_nang_giang_day
300025,thầy rất nhiệt tình và giải đáp tất cả thắc mắc của sinh viên .,positive,hanh_vi
300039,luôn nhiệt tình và tận tâm .,positive,hanh_vi
300041,"thầy hay dạy quá giờ , 3h15 kết thúc nhưng hơn 3h30 mới cho về .",negative,ky_nang_giang_day
300045,hay lên lớp muộn .,negative,hanh_vi
300048,"tận tình , gần gũi .",positive,hanh_vi
300049,"thầy dạy hơi nhanh , đa số sinh viên không theo kịp .",negative,ky_nang_giang_day
300051,"tôi và các bạn khác cùng bước vào , khi đó thầy yêu cầu đồng loạt mở hết code lên chạy demo để thầy chấm , và không may thay thầy đã tìm ra 2 bạn có source code y chang nhau , thầy bắt đầu tra hỏi lý thuyết về đề tài 'xxx' đối với 2 bạn đó .",neutral,noi_chung
300060,giảng bài hơi nhanh .,negative,ky_nang_giang_day
300062,môn học cung cấp nhiều kiến thức bổ ích .,positive,kien_thuc
300069,các hoạt động giảng dạy trên lớp của cô khá phong phú và hay .,positive,ky_nang_giang_day
300074,thầy cho nhiều ví dụ gần với thực tế hơn .,positive,kinh_nghiem
300075,bài giảng khô khan .,negative,ky_nang_giang_day
300080,phải trả lời những câu hỏi của sinh viên một cách nhanh nhất .,negative,hanh_vi
300087,đôi lúc giảng viên nói nhỏ nên em không nghe được .,negative,ky_nang_giang_day
300094,"tận tâm , vui vẻ hòa đồng .",positive,hanh_vi
300099,chịu khó giảng lại nhiều lần .,negative,ky_nang_giang_day
300112,"điều em không hài lòng nhất là cô cho nghỉ quá nhiều , đến gần cuối kỳ cô mới dạy và học bù để chạy bài .",negative,ky_nang_giang_day
300117,nên tổ chức thi hình thức trăc nghiệm .,neutral,de_xuat
300127,đôi khi hơi nhàm chán .,negative,noi_chung
300130,cô dạy rất nhiệt tình và tâm huyết .,positive,hanh_vi
300135,sinh viên có cảm giác thầy giảng như cho có .,negative,ky_nang_giang_day
300139,"rất nhiều vấn đề khó hiểu nhưng thầy không dạy một cách tường tận khiến sinh viên rơi vào "" hố đen "" .",negative,ky_nang_giang_day
300140,giảng viên dạy rất tốt theo nhiều mặt .,positive,ky_nang_giang_day
300142,"giảng viên dạy hay , hướng dẫn rõ ràng .",positive,ky_nang_giang_day
300149,"giọng nói hơi khó nghe , ngoài ra không có gì không hài lòng .",negative,ky_nang_giang_day
300150,sáng tạo .,positive,noi_chung
300151,các bài tập thực hành áp dụng được kiến thức đã học trên lớp .,positive,bai_tap
300166,"em thích cách dạy của cô , kết hợp thuyết trình và cuối tiết đánh giá góp ý cho sinh viên , giúp phát triển kỹ năng nói cho sinh viên .",positive,ky_nang_giang_day
300168,thầy đến lớp muộn 15 phút .,negative,hanh_vi
300172,"khi lớp có các bạn vắng quá nhiều , thầy gọi lớp trưởng để nhác nhở các bạn trong lớp đi học .",neutral,hanh_vi
300174,để dành thời gian lên lớn đến giảng bài cho sinh viên hiểu và giải đáp thắc mắc cho sinh viên không phải em mà rất nhiều người khác cũng phàn nàn về cách dạy của thầy .,negative,ky_nang_giang_day
300184,"dạy nhiệt tình , dễ hiểu .",positive,ky_nang_giang_day
300187,truyền đạt dễ hiểu chi tiết .,positive,ky_nang_giang_day
300197,có liên hệ môn học với thực tế .,positive,kinh_nghiem
300198,không hài lòng cho lắm .,negative,noi_chung
300199,"bài tập về nhà quá nhiều , làm cho sinh viên không có nhiều thời gian để làm đồ án và học môn khác .",negative,bai_tap
300200,giảng viên giảng dạy cụ thể đưa ra ví dụ minh họa giúp sinh viên dễ tiếp thu bài .,positive,ky_nang_giang_day
300202,"giảng viên nhiệt tình , đến lớp đúng giờ .",positive,hanh_vi
300203,"cô vui vẻ , nhiệt tình .",positive,hanh_vi
300206,cho nghỉ nhiều hoặc lên lớp không có ai dạy .,negative,ky_nang_giang_day
300208,không đánh giá đúng thực lực của sinh viên .,negative,cham_diem
300218,cần tăng cường ôn tập để kiểm tra như doubledot đưa ra một số đề kiểm tra tham khảo cho sinh viên .,neutral,de_xuat
300222,"thầy dạy nhiệt tình , tâm huyết .",positive,hanh_vi
300223,giảng viên giảng dạy hiệu quả bằng tiếng anh .,positive,ky_nang_giang_day
300225,"em cảm ơn thầy colonlove à còn cái thầy vui tính ghê , cười đùa nói chuyện thân thiện .",positive,hanh_vi
300229,em rất thích những tiết sửa bài tập của cô .,positive,hanh_vi
300233,độ tập trung và cách làm việc của thầy rất nghiêm túc quy cũ .,negative,hanh_vi
300237,có thêm nhiều phong trào liên quan tới tiếng anh hơn nữa .,neutral,de_xuat
300239,"cô giảng dạy tận tình , không khí học tập vui vẻ .",positive,hanh_vi
300244,"cười duyên , rất tốt với học sinh .",positive,hanh_vi
300246,mong kỳ sau thầy vẫn dạy một số môn khác .,neutral,de_xuat
300254,"dạy không tận tình , dạy cho có cho đầy đủ trách nhiệm .",negative,hanh_vi
300258,"cô dạy nhanh lắm , chúng em không theo kịp .",negative,ky_nang_giang_day
300260,sử dụng thời gian một cách hợp lý .,positive,ky_nang_giang_day
300261,thầy thường xuyên đặt ra các câu hỏi trên lớp giúp sinh viên dễ tiếp thu bài .,positive,ky_nang_giang_day
300268,coi thi quá khó .,negative,bai_tap
300270,bài tập đầy đủ lý thuyết dễ hiểu .,positive,bai_tap
300271,thầy đi đúng giờ .,positive,hanh_vi
300273,em rất thích học cô nhưng đáng tiếc là không còn được học cô nhiều nữa .,positive,hanh_vi
300274,tạo ra các hoạt động giúp tụi em chủ động tìm hiểu kiến thức và ghi nhớ bài học sâu hơn .,positive,ky_nang_giang_day
300277,ít trả lời mail hỏi bài tập thực hành của sinh viên .,negative,hanh_vi
300283,có thông báo về lịch thi nói trên web môn học .,neutral,noi_chung
300289,giáo viên nghỉ dạy .,negative,hanh_vi
300297,"cô giảng rất hay , thâm thúy , giúp cho sinh viên dễ dàng hiểu bài .",positive,ky_nang_giang_day
300298,ngoài ra còn cung cấp thêm một số kiến thức mới mà không có trong chương trình dạy .,positive,kien_thuc
300301,thầy dạy nhiệt tình và thân thiện với sinh viên .,positive,hanh_vi
300312,"lý do doubledot sinh viên mới bắt đầu tiếp cận môn học chưa hiểu rõ các từ chuyên nghành nên không hiểu nội dung bài giảng , dù giảng viên giải thích bằng tiếng việt .",negative,ky_nang_giang_day
300315,giảng viên không dạy sinh viên .,negative,ky_nang_giang_day
300321,giọng của thầy không được hay lắm .,negative,ky_nang_giang_day
300325,chúc cô thành công !,positive,noi_chung
300327,nghe kể chuyện hay nhiều trong khi học .,positive,ky_nang_giang_day
300330,"theo ý kiến chủ quan của em , việc giảng dạy hoàn toàn bằng tiếng anh cho lớp chất lượng cao là rất thiết thực , nhưng với trình độ tiếng anh hiện nay của lớp thì hiệu quả học tập của lớp vẫn còn kém .",positive,ky_nang_giang_day
300332,ra đề thi giữa kỳ không bám sát vào bài tập đã làm trên lớp .,negative,bai_tap
300340,"thầy rất nhiệt tình , rất quan tâm đến sinh viên .",positive,hanh_vi
300342,hỏi cũng không nhận được câu trả lời chính xác để học .,negative,hanh_vi
300356,thầy giảng bài kỹ !,positive,ky_nang_giang_day
300358,thầy liên hệ thực tiễn rất nhiều .,positive,kinh_nghiem
300360,giảng viên nhiệt tình và tận tâm với sinh viên .,positive,hanh_vi
300365,thật sự anh văn là một môn rất quan trọng trong lĩnh vực công việc và học tập .,neutral,noi_chung
300366,cô wzjwz93 giảng bài rất hay .,positive,ky_nang_giang_day
300375,cứ mỗi khi có thắc mắc thì lại không thể tìm thấy giáo viên thực hành để được giải đáp .,negative,hanh_vi
300383,"đối với em thì cách thầy giảng khá là dễ hiểu nên thầy đừng lo quá về vấn đề đó ạ , với lại sinh viên đa phần thụ động nên nếu không hiểu lại càng không dám hỏi .",positive,ky_nang_giang_day
300387,"cô dạy nhiệt tình , tạo được động lực cho sinh viên .",positive,hanh_vi
300399,"phòng học còn nóng và bụi bặm , máy chiếu tuy vẫn nhìn được nhưng vẫn mờ , nếu ngồi xa hay hôm nào sáng quá sẽ không thấy rõ .",negative,thiet_bi_day_hoc
300401,nghỉ học thường xuyên .,negative,hanh_vi
300402,"thầy giảng chi tiết , dễ hiểu .",positive,ky_nang_giang_day
300403,môn này giải bài tập khá nhiều và khó .,negative,bai_tap
300413,các ví dụ dễ hiểu dễ áp dụng .,positive,kinh_nghiem
300415,chia sẻ nhiều câu chuyện thú vị .,positive,ky_nang_giang_day
300417,vì lịch thực hành không được sắp xếp từ đầu dẫn đến trùng giờ với môn khác .,negative,chuong_trinh_hoc
300421,nhiều khi giải đáp còn khó hiểu .,negative,ky_nang_giang_day
300425,thầy có tâm trong việc truyền đạt cho sinh viên .,positive,hanh_vi
300427,"cô giảng nhiệt tình , chỉ bài cho tụi em thì lại tới chỗ .",positive,hanh_vi
300433,nội dung giảng dạy của cô còn sơ sài .,negative,kien_thuc
300439,nhìn chung tạo được cảm hứng rất nhiều cho sinh viên học tập hiệu quả .,positive,noi_chung
300440,giảng viên dạy nhiệt tình vui vẻ .,positive,hanh_vi
300442,"giáo viên nói hơi nhỏ , khó nghe .",negative,ky_nang_giang_day
300444,"dạy hơi nhanh , sinh viên khó theo kịp .",negative,ky_nang_giang_day
300450,"thường xuyên vào lớp muộn , 8h mới vào tới lớp .",negative,hanh_vi
300452,"thầy hay cho nghỉ , rồi lại thông báo đi học bù , nhiều khi làm lỡ thời gian của sinh viên .",negative,hanh_vi
300459,chưa có .,neutral,noi_chung
300460,luyện giao tiếp tốt .,positive,hanh_vi
300462,"thầy đến lớp đúng giờ , tận tâm .",positive,hanh_vi
300470,nội dung giảng dạy còn mơ hồ .,negative,ky_nang_giang_day
300472,kiến thức cơ sở vững chắc .,positive,kien_thuc
300478,đèn và quạt .,neutral,thiet_bi_day_hoc
300479,thầy giảng bài hay và rất dễ hiểu .,positive,ky_nang_giang_day
300480,"cô nhiệt tình , chu đáo .",positive,hanh_vi
300481,"giảng viên rất nhiệt tình , đúng giờ và nghiêm túc trong giảng dạy .",positive,hanh_vi
300484,giảng dạy tập trung .,positive,ky_nang_giang_day
300486,giảng viên giảng và chiếu slide đôi khi nhanh nên chậm lại .,negative,ky_nang_giang_day
300488,"thầy rất vui tính , nhiệt tình giải đáp các thắc mắc của sinh viên !",positive,hanh_vi
300490,dễ tiếp cận kiến thức .,positive,kien_thuc
300494,thầy cho nhiều bài tập hay .,positive,bai_tap
300499,thầy nhiệt tình tới nỗi mỗi lần xong tiết học áo thấy đều ướt đẫm mồ hôi .,positive,hanh_vi
300502,rất nhiệt tình và có trách nhiệm .,positive,hanh_vi
300503,thầy sửa bài còn chưa kỹ .,negative,ky_nang_giang_day
300504,truyền đạt hơi kém .,negative,ky_nang_giang_day
300505,"nên bổ sung phần xây dựng kiến trúc game , tiếp xúc vơi các kiến trúc game phổ biến hiện nay .",neutral,de_xuat
300514,giải thích thuật toán hơi nhanh .,negative,ky_nang_giang_day
300521,còn nhanh .,negative,ky_nang_giang_day
300522,giảng viên chưa cung cấp đầy đủ đề cương môn học .,negative,cung_cap_tai_lieu
300531,"học rất thoải mái và dễ tiếp thu , kết quả đạt được hẳn sẽ tốt hơn !",positive,ky_nang_giang_day
300540,giáo viên rất nhiệt tình giảng dạy .,positive,hanh_vi
300549,cảm giác như là cấp 2 học nhạc và vẽ vậy .,neutral,noi_chung
300560,cách dạy .,neutral,noi_chung
300565,"cô giáo bộ môn rất tận tụy vì sinh viên , không có ý kiến gì thêm .",positive,hanh_vi
300571,semimar là hình thức tiếp thu kiến thức nhưng do những người seminar nói bâng quơ và thật sự có những nhóm không biết đang làm gì thì sao người ngồi dưới hiểu gì .,negative,ky_nang_giang_day
300577,dạy rất dễ hiểu ạ .,positive,ky_nang_giang_day
300578,"giảng viên truyền đạt tốt , dễ hiểu .",positive,ky_nang_giang_day
300580,thầy sửa bài tập nhanh quá nên hơi khó hiểu .,negative,ky_nang_giang_day
300588,thầy đảm bảo về bài tập cho sinh viên .,positive,bai_tap
300600,tụi em chưa thật sự vững ngữ pháp .,negative,kien_thuc
300601,giải bài tập dễ hiểu .,positive,bai_tap
300602,liên hệ thực tế .,neutral,kinh_nghiem
300604,"nên làm sạch lại bàn ghế , và một số thiết bị bằng điện .",neutral,de_xuat
300605,cô nhiệt tình và tận tâm lắm coloncontemn .,positive,hanh_vi
300608,có giảng lại lý thuyết cặn kẽ .,positive,ky_nang_giang_day
300610,cô biết lắng nghe sinh viên nói .,positive,hanh_vi
300612,"thân thiện , dễ thương .",positive,hanh_vi
300614,dạy hay .,positive,ky_nang_giang_day
300615,giảng viên chưa bám sát sinh viên .,negative,hanh_vi
300627,chắc cũng sẽ không ảnh hưởng nhiều lắm đến thời gian dạy bài mới trên lớp .,neutral,noi_chung
300633,"giảng viên nhiệt tình , vui vẻ , hòa đồng với sinh viên , luôn giúp đỡ , chỉ dẫn cho sinh viên lúc gặp khó khăn trong bài thực hành .",positive,hanh_vi
300646,chuyện lớp ồn cô cũng tìm cách nói để tránh mất lòng .,neutral,hanh_vi
300647,"thầy hơi khó , nhiều điều dạy chưa hiểu lắm .",negative,ky_nang_giang_day
300654,cô rất nhiệt tình khi giải đáp thắc mắc của sinh viên .,positive,hanh_vi
300661,"thầy rất nhiệt tình , luôn đến lớp đúng giờ .",positive,hanh_vi
300664,hay dễ hiểu .,positive,ky_nang_giang_day
300665,"nhưng chất lượng cơ sở vật chất nhất là bàn ghế bên dãy nhà wzjwz15 , có một số phòng bụi nhiều , bàn ghế dơ nhưng không được lau dọn .",negative,thiet_bi_day_hoc
300667,lớp ồn ào .,negative,hanh_vi
300671,thầy không hỗ trợ sinh viên nhiều trong quá trình thực hành .,negative,hanh_vi
300672,giảng viên dạy bài nhanh khiến nhiều lúc sinh viên không theo kịp .,negative,ky_nang_giang_day
300678,nói hay .,positive,noi_chung
300682,hạn chế sử dụng tiếng việt .,negative,noi_chung
300684,"cô dạy tâm huyết , quan tâm học sinh .",positive,hanh_vi
300689,"giảng viên tận tâm , nhiệt tình .",positive,hanh_vi
300706,kiến thức cô cung cấp rất đầy đủ .,positive,kien_thuc
300707,giảng viên là người có nhiệt huyết trong giảng dạy .,positive,hanh_vi
300709,"cô dạy nhiệt tình , kỹ và dễ hiểu .",positive,ky_nang_giang_day
300715,bài giảng không thu hút học sinh .,negative,ky_nang_giang_day
300719,nhóm 4 người đông không ổn thầy ạ .,negative,noi_chung
300723,"giáo viên nói hơi nhỏ , rất khó nghe , và hiểu được bài .",negative,ky_nang_giang_day
300728,phương pháp dạy còn chưa thực sự thu hút được sự chú ý của sinh viên gây nên nhàm chán và thụ động .,negative,ky_nang_giang_day
300729,vui tính nhiệt tình .,positive,hanh_vi
300730,cô dễ tính .,positive,hanh_vi
300734,thường lố giờ .,negative,hanh_vi
300743,"em thấy thầy dạy rất thiếu trách nhiệm , chỉ lơ là cho hết giờ .",negative,hanh_vi
300751,có liên hệ thực tế .,positive,kinh_nghiem
300752,"ngoài ra sinh viên cũng không có đủ khả năng để hiểu được "" source code "" có tốt hay không .",negative,ky_nang_giang_day
300758,giáo viên rất nhiệt tình và tận tâm .,positive,hanh_vi
300768,"thầy giảng dạy nhiệt tình , chu đáo !",positive,hanh_vi
300775,"có demo , video giới thiệu đầy đủ .",positive,cung_cap_tai_lieu
300779,nhiều lúc giảng dạy nói hơi nhanh .,negative,ky_nang_giang_day
300788,tận tình và vui vẻ hướng dẫn .,positive,hanh_vi
300792,thầy dạy nhanh .,negative,ky_nang_giang_day
300803,"dạy tốt , không khó khăn với học sinh .",positive,ky_nang_giang_day
300808,"ok xem xong cài như youtube kết nối với laptop báo lỗi , cô bảo cài sai dot wtf ?",negative,ky_nang_giang_day
300835,thầy nghỉ quá nhiều .,negative,hanh_vi
300837,cô tạo nhiều cơ hội cho sinh viên tham quan nhiều chuyến đi thực tế rất hữu ích .,positive,kinh_nghiem
300843,thầy cũng theo sát sinh viên để nghe sinh viên báo cáo tới tận cuối giờ .,positive,hanh_vi
300849,không lan man .,neutral,noi_chung
300850,khả năng truyền đạt dễ hiểu .,positive,ky_nang_giang_day
300851,cô xinh quá .,positive,noi_chung
300853,thầy dạy tốt .,positive,ky_nang_giang_day
300856,hay kêu tên sinh viên lên bảng giải bài tập .,negative,ky_nang_giang_day
300857,mô học cung cấp kiến thức mơ hồ lắm .,negative,kien_thuc
300860,"có những chỉ dẫn cụ thể cùng với những phương pháp mới , nhanh gọn .",positive,ky_nang_giang_day
300861,giảng viên lý thuyết dạy kỹ càng .,positive,ky_nang_giang_day
300867,"quan tâm đến sinh viên , thường xuyên hướng dẫn từng sinh viên .",positive,hanh_vi
300885,không rõ .,neutral,noi_chung
300891,các buổi thực hành ht2 không thông báo với sinh viên .,negative,hanh_vi
300902,vì theo em thầy mọi người đi học rất đầy đủ .,neutral,noi_chung
300916,mong thầy sẽ lại dạy lớp z một lần nữa !,positive,ky_nang_giang_day
300922,thầy dạy rất hay và cuốn hút .,positive,ky_nang_giang_day
300930,"phương pháp giảng dạy phù hợp , lôi cuốn vào bài học .",positive,ky_nang_giang_day
300931,học được rất nhiều kiến thức từ thầy .,positive,kien_thuc
300932,thầy rất teen và cập nhật từ ngữ teen rất nhanh .,positive,ky_nang_giang_day
300935,thầy giảng có tâm huyết và thân thiện .,positive,hanh_vi
300938,giảng viên đến đúng giờ và luôn điểm danh sau đó khoảng 5 phút .,positive,hanh_vi
300943,giảng viên có khả năng truyền đạt .,positive,ky_nang_giang_day
300944,cô nên sắp xếp lịch làm việc chính xác hơn .,neutral,de_xuat
300952,cô giảng lý thuyết còn quá chi là khó hiểu ạ .,negative,ky_nang_giang_day
300956,bài học rất có ích .,positive,kien_thuc
300959,còn một vài chỗ cô dạy hơi khó hiểu nhưng cô không giải thích kỹ lắm .,negative,ky_nang_giang_day
300963,trình bày rất chi tiết .,positive,ky_nang_giang_day
300964,"thầy dạy hơi chậm , tạo cảm giác buồn ngủ .",negative,ky_nang_giang_day
300971,"em có thể sử dụng kiến thức đã học để vọc một số trang web , cách dạy và đồ án của thầy thực tế dù thầy có trí tưởng tượng hơi bị phong phú .",positive,kien_thuc
300982,thường đến lớp trễ .,negative,hanh_vi
300983,"lượng kiến thức thì đòi hỏi quá cao , đề thi cũng khó .",negative,kien_thuc
300987,cô rất nhiệt tình giảng dạy .,positive,hanh_vi
300991,cô wzjwz106 hay cho nghỉ .,neutral,de_xuat
301001,"giảng viên dạy nhiệt tình , giảng dễ hiểu .",positive,ky_nang_giang_day
301005,"thầy rất hiền , tận tâm .",positive,hanh_vi
301008,nhiều lúc nhìn thầy hơi dữ t_t .,negative,hanh_vi
301022,"phòng lab được trang bị những máy tính cấu hình thấp không đảm bảo được nhu cầu thực hành của sinh viên khoa wzjwz46 , chất lượng mạng kém , có nhiều dây mạng không thể truy cập internet .",negative,thiet_bi_day_hoc
301028,lượng kiến thức giảng dạy chưa được chuẩn bị kỹ càng .,negative,kien_thuc
301031,em nghĩ sẽ hiệu quả hơn nhiều .,neutral,noi_chung
301038,giáo viên rất tận tâm .,positive,hanh_vi
301042,cô nhiệt huyết trong việc rèn cho sinh viên làm nhiều và tự nghiên cứu nhiều điều này giúp sinh viên có khả năng tự học tự nghiên cứu .,positive,hanh_vi
301047,thầy dạy còn hơi khó hiểu .,negative,ky_nang_giang_day
301051,"thầy nhiệt tình , thân thiện .",positive,hanh_vi
301057,thầy rất tận tình trên lớp và trong định hướng cho sinh viên .,positive,hanh_vi
301061,nghỉ quá nhiều .,negative,ky_nang_giang_day
301064,thầy dạy như đúng rồi .,positive,ky_nang_giang_day
301065,dạy bài hơi nhanh khó hiểu .,negative,ky_nang_giang_day
301067,giảng viên chỉ đứng lớp và điểm danh .,negative,hanh_vi
301069,"thầy dạy nhanh , sinh viên không hiểu bài cho lắm .",negative,ky_nang_giang_day
301076,thầy khá tận tâm và nhiệt thành .,positive,hanh_vi
301078,"cô dạy rất nhiệt tình , tận tâm chỉ bảo cho sinh viên .",positive,hanh_vi
301079,"thứ nhất , môn mạch số quá "" hiếm "" tài liệu tham khảo ngay cả khi em tìm từ các nguồn trên internet , slide bài giảng thầy đưa ra không thể nào đáp ứng được khả năng tự nghiên cứu , tự học để rồi ứng dụng làm các bài tập mà thầy cho cuối cùng là làm các bài kiểm tra đánh giá .",negative,cung_cap_tai_lieu
301087,cho nghỉ thường xuyên mà không thông báo trước làm mất thời gian đi lại của sinh viên .,negative,hanh_vi
301099,thầy cô dạy rất hay .,positive,ky_nang_giang_day
301104,hiểu tâm lý sinh viên !,positive,ky_nang_giang_day
301108,"thầy dạy mất quá nhiều giờ , chỉ có 3 tiết nhưng thường dùng tới 5 tiết , ảnh hưởng đến những môn ở tiết 4 5 .",negative,ky_nang_giang_day
301122,giảng viên giảng khá nhanh .,negative,ky_nang_giang_day
301123,vì môn vậy lý kỹ thuật sinh viên chỉ học để lấy điểm cao kéo điểm trung bình lên thôi .,neutral,cham_diem
301124,hay kể chuyện cho lớp em nghe .,positive,ky_nang_giang_day
301130,"thầy vui tính , tụi em dễ tiếp xúc dễ hỏi .",positive,hanh_vi
301133,giảng viên dạy hay dễ hiểu .,positive,ky_nang_giang_day
301134,"giáo viên mời doanh nghiệp chỉ dẫn sinh viên lập trình trên một ngôn ngữ mới , nhưng các anh chị bên doanh nghiệp chỉ dẫn quá nhanh nên sinh viên không theo kịp .",negative,ky_nang_giang_day
301136,không đề cương ôn thi cuối kỳ .,negative,cung_cap_tai_lieu
301138,rất hài lòng về hoạt động của giảng viên .,positive,hanh_vi
301145,"deadline dài ( 1 tháng ) , thuận lợi trong việc sắp xếp thời gian , có thể chủ động thời gian trong những trường hợp có sự cố xảy ra .",positive,bai_tap
301157,đưa ra đồ án chưa hoàn toàn phù hợp với hình thức học thực hành .,negative,bai_tap
301158,tận tâm đối với sinh viên .,positive,hanh_vi
301160,"cô dạy hay , dế hiểu .",positive,ky_nang_giang_day
301162,thầy tận tâm !,positive,hanh_vi
301170,"thầy giảng hay , mặc dù thỉnh thoảng có ngoài lề nhưng làm cho chúng em rất hứng thú và không buồn ngủ .",positive,ky_nang_giang_day
301174,giao tiếp .,neutral,hanh_vi
301178,"khả năng truyền đạt , sư phạm của thầy chưa tốt .",negative,ky_nang_giang_day
301181,lập trình web mà thi trên giấy .,negative,cham_diem
301182,"vui tính , nhiệt tình , thật lòng thương sinh viên .",positive,hanh_vi
301183,dạy đúng giờ .,positive,ky_nang_giang_day
301189,giáo viên giảng dạy tận tâm .,positive,hanh_vi
301190,cung cấp nhiều kiến thức .,positive,kien_thuc
301195,giảng viên cho rất ít bài tập đi kèm .,negative,bai_tap
301198,đây là giáo viên dạy tệ nhất trong những giáo viên em từng học .,negative,ky_nang_giang_day
301201,cách giảng dạy khó hiểu .,negative,ky_nang_giang_day
301210,chịu cực chăm chỉ theo sát từng sinh viên .,positive,hanh_vi
301211,"giảng viên giảng dễ hiểu , theo xác chuyên cần của sinh viên .",positive,ky_nang_giang_day
301213,kiến thức không áp dụng được nhiều cho thực tế .,negative,kien_thuc
301223,thầy luôn biết cách thúc đẩy sinh viên học tập một cách hăng say hơn .,positive,hanh_vi
301233,cần tăng số buổi gặp giáo viên hướng dẫn .,neutral,de_xuat
301240,"giảng viên nhiệt tình , đúng giờ , giải đáp hiệu quả thắc mắc .",positive,hanh_vi
301242,"phần lớn thời gian trên lớp thầy toàn chép bài lên bảng , chép đầy bảng thầy lại xóa rồi chép tiếp .",negative,ky_nang_giang_day
301250,cô dạy hay nói bài đúng trọng tâm dễ hiểu .,positive,ky_nang_giang_day
301263,"thầy dạy tận tình , dễ hiểu .",positive,ky_nang_giang_day
301277,trong khi đề thi cho phép sinh viên dùng mạng .,neutral,noi_chung
301290,nhiều khi giảng khó hiểu .,negative,ky_nang_giang_day
301293,ít tương tác với sinh viên .,negative,hanh_vi
301307,"cần chuyên nghiệp hơn , cụ thể hơn để sinh viên dễ dàng tiếp cận .",neutral,de_xuat
301317,"thân thiện , vui vẻ .",positive,hanh_vi
301323,trừ những điều không hài lòng một chút thì trên cả tuyệt vời colonhihi .,positive,noi_chung
301332,giải đáp thắc mắc chi tiết khi hỏi bài .,positive,hanh_vi
301337,"cô tận tâm , có những chuẩn mực tốt đẹp của một nhà giáo .",positive,hanh_vi
301349,thầy dạy vui và tốt .,positive,ky_nang_giang_day
301354,điều mà em không hài nhất đó là giảng viên giảng bài còn khó hiểu .,negative,ky_nang_giang_day
301359,"cho làm bài tập nhiều , nên dễ vô bài lắm .",positive,bai_tap
301368,phần nghe nói được cải thiện .,positive,kinh_nghiem
301371,thầy dạy giỏi .,positive,ky_nang_giang_day
301384,"hay cho nghỉ , mất tiết .",negative,de_xuat
301397,"giảng viên thân thiện , hoà đồng , tận tình với sinh viên .",positive,hanh_vi
301401,thầy dạy đúng bài .,positive,ky_nang_giang_day
301402,"thầy hiển dễ chịu , thoải mái , vui tính .",positive,hanh_vi
301407,giảng viên giảng bài hơi khó hiểu .,negative,ky_nang_giang_day
301413,thường cho nghỉ .,neutral,ky_nang_giang_day
301420,"cách dạy kỳ quặc , khó hiểu .",negative,ky_nang_giang_day
301423,một số nội dung giảng viên lướt qua khá nhanh .,negative,ky_nang_giang_day
301424,giảng viên dạy rất vui tính .,positive,hanh_vi
301426,tích cực trong giảng dạy .,positive,ky_nang_giang_day
301429,tài liệu tham khảo đầy đủ .,positive,cung_cap_tai_lieu
301442,về giảng dạy .,neutral,noi_chung
301443,thầy quá bận .,negative,hanh_vi
301446,cách truyền đạt không gây hứng thú .,negative,ky_nang_giang_day
301447,chương trình hơi nhanh so với lý thuyết .,negative,chuong_trinh_hoc
301449,giáo viên vẫn nhiệt tình mặc dù có một số thành phần không lắng nghe .,positive,hanh_vi
301451,"giảng viên nhiệt tình , thân thiện , vui tính .",positive,hanh_vi
301458,"giáo viên nhiệt tình , đi dạy đúng giờ .",positive,hanh_vi
301463,phần học nội dung chương trình đào tạo của mỗi khoa quá thừa .,negative,chuong_trinh_hoc
301464,cô dạy rất tuyệt .,positive,ky_nang_giang_day
301466,giảng viên truyền đạt hay .,positive,ky_nang_giang_day
301467,thầy nhiệt tình hướng dẫn từng sinh viên .,positive,hanh_vi
301468,không thích phương pháp dạy của thầy !,negative,ky_nang_giang_day
301477,"chỉ dạy ngữ pháp , tiếng anh quan trọng phát âm và nói hơn .",neutral,ky_nang_giang_day
301478,trong lớp thầy luôn tác động để lớp tự giác phát biểu nêu ý kiến .,positive,hanh_vi
301488,giảng viên dễ tính gần gũi với học sinh .,positive,hanh_vi
301501,"giảng viên theo dõi , giám sát quá trình thực hành tốt .",positive,hanh_vi
301503,kiến thức tốt .,positive,kien_thuc
301510,giọng thầy nói nhỏ và hơi khó nghe .,negative,hanh_vi
301511,đi dạy trễ .,negative,hanh_vi
301515,khả năng truyền đạt còn chưa tốt .,negative,ky_nang_giang_day
301519,"đi trễ , làm việc riêng trong giờ dạy .",negative,hanh_vi
301524,lý thuyết liên hệ với thực tế dễ hình dung và hiểu rõ vấn đề .,positive,kien_thuc
301527,giảng viên tương tác tốt .,positive,hanh_vi
301537,chưa chú ý đến sinh viên lắm .,negative,hanh_vi
301538,quá giờ .,negative,noi_chung
301545,dạy nhiệt tình .,positive,hanh_vi
301546,giải bài tập giúp sinh viên rèn khá nhiều .,positive,bai_tap
301555,giảng viên rất tệ .,negative,hanh_vi
301557,"có vài buổi thầy "" tận dụng "" tụi em để khiêng bàn ghế cho trường , cũng vui nhưng hơi mệt .",negative,hanh_vi
301564,thoải mái .,positive,noi_chung
301570,nhiệt tình trong công tác dạy học .,positive,hanh_vi
301572,em rất hài lòng về phong thái của cô .,positive,hanh_vi
301586,"hệ thống kiến thức được thầy cung cấp khá nhiều , logic và thiết thực .",positive,kien_thuc
301590,giáo viên có nhiều kinh nghiệm .,positive,kinh_nghiem
301591,phần điểm tích cực theo như thầy đánh giá là không hợp lý và công bằng cho tất cả sinh viên nếu điểm đó được tính là wzjwz59 % trong tổng điểm .,negative,cham_diem
301593,"tóm lại , kiến thức tổng quan thì có thể tiếp nhận nhưng kiến thức về chi tiết nội dung thì mập mờ .",negative,kien_thuc
301597,"đề kiểm tra không phù hợp với các dạng bài được hướng dẫn trong lớp , ra kiểm tra các dạng bài mới , phân bổ nội dung trong bài kiểm tra không đồng đều với nội dung giảng dạy .",negative,cham_diem
301599,theo sát kỹ sinh viên .,neutral,noi_chung
301603,sau đó thầy cho lời giải sau vài tuần .,negative,ky_nang_giang_day
301607,thầy dạy hơi chậm chút .,negative,ky_nang_giang_day
301613,cô tận tâm với sinh viên .,positive,hanh_vi
301617,"thái độ đối với sinh viên không tốt , dẫn đến việc cảm thấy không thoải mái khi học .",negative,hanh_vi
301619,"giảng viên dạy rất nhiệt tình , tạo sự thoải mái trong lớp học làm sinh viên hứng thú khi đến lớp .",positive,hanh_vi
301620,"quá nhiều , quá lan man .",negative,noi_chung
301624,giảng viên có tâm và có tinh thần giảng dạy .,positive,hanh_vi
301625,nhiều bài tập hay .,positive,bai_tap
301627,"lúc đầu học thầy rất ghét vì thầy giảng khó hiểu và bắt làm như thứ "" trên trời dưới đất "" .",negative,ky_nang_giang_day
301631,"học phòng elab quá rộng , phân tán sinh viên làm giảng viên khó tương tác trực tiếp với sinh viên .",negative,thiet_bi_day_hoc
301635,"giáo viên dễ thương , nhiệt tình , tâm huyết và công bằng .",positive,hanh_vi
301641,"tự tư duy , sáng tạo ra bài học .",positive,ky_nang_giang_day
301642,như thế làm bài thật nhàm chán .,negative,bai_tap
301648,chưa thực sự hiệu quả cũng như truyền được hứng thú cho sinh viên .,negative,ky_nang_giang_day
301654,kiến thức và sự hiểu biết thực tiễn của thầy được truyền đạt đến sinh viên .,positive,kien_thuc
301655,thầy giảng lý thuyết sơ sài rồi kêu sinh viên về tự google mà code .,negative,ky_nang_giang_day
301656,"nhiệt tình , luôn luôn đúng giờ !",positive,hanh_vi
301663,"thầy có tâm , dạy nhiệt tình .",positive,hanh_vi
301665,"thầy dạy rất trầm , bài giảng chưa lôi cuốn , rất nhàm chán .",negative,ky_nang_giang_day
301671,thầy giảng bài rất dễ hiểu .,positive,ky_nang_giang_day
301673,giảng viên hay lên lớp trễ .,negative,hanh_vi
301678,giảng viên không nhiệt tình giải đáp thắc mắc .,negative,hanh_vi
301683,cách dạy của thầy giúp sinh viên có thể chủ động và rất dễ hiểu .,positive,ky_nang_giang_day
301686,chắc là em không có gì là không hài lòng về thầy wzjwz317 .,positive,hanh_vi
301688,thầy là giảng viên đầu tiên mà em đánh giá điểm 4 ở gần như tất cả các mục .,positive,noi_chung
301701,cảm ơn hai thầy và nhà trường đã đọc !,positive,hanh_vi
301702,nên giúp sinh viên tự nhiên trong giao tiếp .,neutral,de_xuat
301703,thầy nhiệt tình và quan tâm đến sinh viên .,positive,hanh_vi
301704,"thoải mái , cung cấp đầy đủ kiến thức .",positive,kien_thuc
301705,rất thú vị .,positive,noi_chung
301708,"giảng viên dạy dễ hiểu , rõ ràng .",positive,ky_nang_giang_day
301711,"thầy tích cực , tận tâm vì sinh viên .",positive,hanh_vi
301713,"như vậy , chất lượng dạy và học sẽ được nâng lên đáng kể ạ .",positive,noi_chung
301716,giảng dạy chất lượng .,positive,ky_nang_giang_day
301719,tất cả đều hài lòng .,positive,noi_chung
301721,giảng viên khi giảng giọng đều đều dễ làm sinh viên nghe vào buồn ngủ .,negative,ky_nang_giang_day
301723,quả không sai !,positive,noi_chung
301731,thầy tạo ra nhiều hoạt động hay để áp dụng kiến thức vào bài học .,positive,ky_nang_giang_day
301747,nhiệt tình giúp đỡ .,positive,hanh_vi
301749,em không có ý kiến về mục này .,neutral,noi_chung
301754,cho nhiều bài tập .,negative,bai_tap
301768,không có điểm nào không hài lòng .,positive,noi_chung
301778,cách giảng dạy không phù hợp với sinh viên .,negative,ky_nang_giang_day
301779,"vui vẻ , tận tình .",positive,hanh_vi
301781,chủ động trong việc giảng dạy .,positive,ky_nang_giang_day
301786,thầy hay bận .,negative,hanh_vi
301797,"bài giảng của cô rất hay , tuy nhiên sinh viên không nắm được các phần quan trọng , và phủ đều lên toàn bộ bài giảng , do đó gây khó hiểu , mất tập trung , hoặc gây buồn ngủ .",negative,ky_nang_giang_day
301807,thầy thường vắng và thay vào đó là dạy bù .,negative,hanh_vi
301817,trình bày ý trong slide rất chi tiết .,positive,cung_cap_tai_lieu
301819,giảng viên chấm bài thi hơi khó .,negative,cham_diem
301821,đưa ra nhiều phương pháp để giải bài tập .,positive,ky_nang_giang_day
301825,thầy đi dạy rất đúng giờ .,positive,hanh_vi
301827,"cô rất nhiệt tình với sinh viên , vui vẻ , dễ chịu .",positive,hanh_vi
301828,em rất thất vọng với môn học của giảng viên này .,negative,chuong_trinh_hoc
301834,thầy giảng bài nhiệt tình .,positive,hanh_vi
301836,"cuối cùng thì ngoài những lời phê bình thầy quá nhiều , khó kể hết .",negative,hanh_vi
301850,giải đáp thắc mắc nhiệt tình .,positive,hanh_vi
301852,"nội dung môn học không thừa , không thiếu .",neutral,chuong_trinh_hoc
301866,phương pháp dễ hiểu .,positive,ky_nang_giang_day
301867,cô tiếng anh đẹp gái quá .,positive,noi_chung
301870,"và cuối cùng , đây cũng chỉ là tâm sự của riêng tôi , tôi không có ý gì cả , có lẽ đó cũng là chút kỷ niệm mà tôi lưu lại đối với môn học này , có lẽ vì số tôi quá đen , âu thì tôi đành cam chịu vậy hi hi rớt môn rồi , buồn quá .",negative,noi_chung
301872,giải thích được các vấn đề mà sinh viên chưa hiểu ở lý thuyết .,positive,ky_nang_giang_day
301887,nhiệt tình thân thiện .,positive,hanh_vi
301893,lý thuyết hơi khó hiểu .,negative,ky_nang_giang_day
301897,thời gian lên lớp hợp lý .,positive,chuong_trinh_hoc
301898,"giảng viên rất tận tâm , nhiệt tình trong công tác giảng dạy .",positive,hanh_vi
301899,giáo viên dạy nhiệt tình và rất tận tâm .,positive,hanh_vi
301901,"thoải mái , có hiệu quả .",positive,noi_chung
301903,"thầy nhiệt tình , giọng dễ nghe , làm việc đúng giờ ( cái này em rất thích ) , tác phong làm việc gọn gàng nhanh nhẹn , dứt khoát .",positive,hanh_vi
301905,bài tập giáo viên dạy khá thú vị .,positive,bai_tap
301908,thầy vui vẻ tận tâm trong bài giảng .,positive,hanh_vi
301910,"bài học rõ ràng , bám sát nội dung thi .",positive,ky_nang_giang_day
301925,đôi khi sinh viên không thể suy nghĩ ra mà không có sự giúp đỡ của thầy .,negative,hanh_vi
301932,"giảng viên nhiệt tình , tận tâm !",positive,hanh_vi
301934,hóa hợp với sinh viên hơn .,positive,ky_nang_giang_day
301936,"vui vẻ , nhiệt tình hướng dẫn .",positive,hanh_vi
301943,giọng nói của giảng viên hơi khó nghe khiến việc tiếp thu các vấn đề hơi khó đối với sinh viên .,negative,ky_nang_giang_day
301951,cô giảng dễ hiểu giúp em tiếp thu bài rất nhanh .,positive,ky_nang_giang_day
301953,giáo viên phát âm chuẩn .,positive,ky_nang_giang_day
301955,"nhiệt tình , quan tâm chia sẻ với sinh viên .",positive,hanh_vi
301958,đôi lúc đi muộn giờ học .,negative,hanh_vi
301959,cho phép được sử dụng android trong báo cáo .,neutral,de_xuat
301964,giảng viên thường xuyên cập nhật rất nhiều thông tin bổ ích cho sinh viên .,positive,kien_thuc
301970,rất thích nguyên tắc đúng giờ của thầy .,positive,hanh_vi
301974,nên có sự so sánh phản hồi về phương pháp lập trình của sinh viên .,neutral,de_xuat
400006,cô còn giảng hơi nhanh .,negative,ky_nang_giang_day
400015,chưa có demo thực tế .,negative,kinh_nghiem
400023,chưa đưa được nhiều bài tập cho sinh viên .,negative,bai_tap
400029,chưa thật sự dễ hiểu .,negative,ky_nang_giang_day
400033,"chưa từng thấy cô giảng dạy trên lớp và nói gì đồ án , trong khi thầy dạy lý thuyết lại có .",negative,ky_nang_giang_day
400035,"tận tình , kỹ lưỡng .",positive,hanh_vi
400045,"giảng viên dạy hay , dễ hiểu .",positive,ky_nang_giang_day
400046,thầy có hướng dẫn vào lúc thực hành .,neutral,kinh_nghiem
400053,sử dụng tạo bài kiểm tra trong course chưa hợp lý .,negative,bai_tap
400059,"thiết kế và trình bày bài giảng mạch lạc , ngắn gọn , chi tiết giúp sinh viên dễ nắm bắt làm quen các khái niệm trong xác suất thống kê .",positive,ky_nang_giang_day
400063,hoạt động nhóm tốt giúp sinh viên tích cực .,positive,hanh_vi
400067,thầy hòa đồng và thân thiện .,positive,hanh_vi
400069,"thầy là một người sống rất có tâm , lại có vẻ bề ngoài đẹp trai , thầy rất hóm hỉnh và dí dỏm .",positive,hanh_vi
400070,cô còn chưa thể tạo ra cho lớp học không khí sôi nổi trong học tập .,negative,hanh_vi
400077,"truyền đạt dễ hiểu , phương pháp giảng dạy hứng thú .",positive,ky_nang_giang_day
400080,cô đưa ra nhiều phương án giải quyết khi sinh viên gặp vấn đề nào đó với đồ án !,positive,hanh_vi
400092,đề nghị thầy giảm béo .,neutral,de_xuat
400098,chất lượng không tốt .,negative,noi_chung
400103,"cô dạy hơi nhanh , cách nói của cô dễ gây áp lực .",negative,ky_nang_giang_day
400115,"thầy nhiệt tình , tận tâm quá mức .",positive,hanh_vi
400118,giọng cô nghe dễ ngủ !,negative,ky_nang_giang_day
400123,"thầy dạy chi tiết , dễ hiểu .",positive,ky_nang_giang_day
400127,"sáng 7h15 - 7h20 các cô lao công mới quét lớp , sàn nhà , mà cứ quét là hắt thẳng kể cả mặt sinh viên đang đi ở hành lang các nhà như không có ai , rất khó chịu cho các bạn sinh viên , nói ra với các cô sợ các cô buồn rồi hôm sau hắt mạnh tay hơn .",negative,thiet_bi_day_hoc
400142,lòng nhiệt huyết .,positive,hanh_vi
400145,đôi khi để giờ trống nhiều .,negative,noi_chung
400147,cô dạy rất dễ hiểu dễ làm .,positive,ky_nang_giang_day
400149,"có lẽ là "" top giảng viên dạy dễ hiểu nhất đó giờ "" mà em từng học .",positive,ky_nang_giang_day
400158,"khá gần gũi với sinh viên , vui tính , nhiệt tình .",positive,hanh_vi
400164,giảng hay đi đúng trọng tâm .,positive,ky_nang_giang_day
400169,nên bỏ thực hành hình thức 2 đối với môn này .,negative,de_xuat
400179,giảng viên tới lớp hơi trễ .,negative,hanh_vi
400182,thầy dạy ok .,positive,ky_nang_giang_day
400190,dạy khó colonsmile .,negative,ky_nang_giang_day
400192,"giảng viên rất nhiệt tình , sôi nổi , có tâm với sinh viên .",positive,hanh_vi
400193,không có bài tập làm thêm .,negative,bai_tap
400194,"thầy dạy cực tốt , phương pháp hay , có cách giảng bài rất dễ tiếp thu , học thầy wzjwz176 đã hai lần và lần nào cũng thấy hài lòng .",positive,ky_nang_giang_day
400209,cô dạy hay .,positive,ky_nang_giang_day
400218,nhưng với em kỳ này thầy đã dạy môn này thất bại rồi !,negative,ky_nang_giang_day
400220,thầy cho thuyết trình quá nhiều .,negative,ky_nang_giang_day
400221,giảng viên giảng bài tiếp thu tốt .,positive,ky_nang_giang_day
400224,và sinh viên lên trường cũng chỉ tự làm như vậy thì ở nhà làm còn sướng hơn !,negative,noi_chung
400226,giảng viên dạy nhiệt huyết .,positive,hanh_vi
400238,đôi lúc tính tình thầy hơi khó nhai colonbigsmile .,negative,hanh_vi
400239,1 tín chỉ thực hành 2 tín chỉ học phí .,neutral,noi_chung
400247,đôi khi bài giảng giảng viên thực hiện hơi chán không được cuốn hút .,negative,ky_nang_giang_day
400251,cần chia nhóm học tập .,neutral,de_xuat
400253,thầy giao dịch sách hơi nhiều .,negative,cung_cap_tai_lieu
400265,"đầu năm đến giờ gặp thầy được một lần thôi , thầy tổ chức gặp được một lần .",negative,hanh_vi
400267,nhiệt tâm .,positive,hanh_vi
400269,học sinh thiếu đi sự năng nổ .,negative,hanh_vi
400278,còn hơi thiếu sinh động .,negative,ky_nang_giang_day
400282,code demo hơi khó hiểu .,negative,ky_nang_giang_day
400285,chưa truyền đạt cho rõ .,negative,ky_nang_giang_day
400301,không quan tâm tới sinh viên khi làm thực hành .,negative,hanh_vi
400304,"thầy wzjwz105 giảng dạy rất tốt , truyền đạt hay , luôn đưa ra những vấn đề hay .",positive,ky_nang_giang_day
400305,cơ mà sao phân biệt thầy với thầy wzjwz294 vậy thầy ?,neutral,noi_chung
400306,"giảng viên nhiệt tình trong quá trình giảng dạy và trả lời câu hỏi cho sinh viên , giảng viên khá vui tính .",positive,hanh_vi
400313,học nhóm .,neutral,noi_chung
400317,cho bài tập hay và nhiều .,positive,bai_tap
400319,phương pháp dạy giúp thoải mái ( kể chuyện ) .,positive,ky_nang_giang_day
400321,"thứ nhất thầy không đảm bảo được giờ lên lớp , rất khó khăn để báo cáo đồ án và hỏi ý kiến thầy .",negative,hanh_vi
400332,thái độ xem thường sinh viên khi báo cáo .,negative,hanh_vi
400362,"thầy khá tận tâm , nhiệt tình với sinh viên .",positive,hanh_vi
400366,"giảng nhiều , dễ hiểu , truyền đạt có hệ thống .",positive,ky_nang_giang_day
400367,không có sự lôi cuốn và thu hút trong cách giảng .,negative,ky_nang_giang_day
400372,phương pháp dạy chưa hợp lý .,negative,ky_nang_giang_day
400378,"thầy nhiệt tình giúp đỡ , tận tâm với công việc .",positive,hanh_vi
400382,"nhiệt tình , dễ gần .",positive,hanh_vi
400387,"phương pháp giảng dạy còn thô , không sinh động .",negative,ky_nang_giang_day
400388,"thầy rất tâm huyết , chuyên tâm dạy .",positive,hanh_vi
400392,"biết tạo điều kiện cho học sinh rèn luyện các kỹ năng , khả năng dẫn dắt truyền đạt tốt .",positive,ky_nang_giang_day
400399,cách truyền đạt hài hước .,positive,ky_nang_giang_day
400404,hơi khắt khe quá với sinh viên .,negative,cham_diem
400407,giọng nói hay .,positive,ky_nang_giang_day
400418,thầy chia sẻ nhiều điều trong thực tế .,positive,kinh_nghiem
400424,tích cực hướng dẫn khi sinh viên hỏi bài .,positive,hanh_vi
400427,giảng viên thường hay đi trễ nửa tiếng .,negative,hanh_vi
400434,nói chuyện hơi khó nghe .,negative,ky_nang_giang_day
400440,"đến lớp đúng giờ , vui tính .",positive,hanh_vi
400444,không có gì để phàn nàn .,neutral,noi_chung
400446,"giảng viên nhiệt tình , em cảm thấy hài lòng .",positive,hanh_vi
400448,thầy dạy hơi nhanh nên khó chép bài kịp .,negative,ky_nang_giang_day
400450,đây là mong muốn của em chứ không phải không hài lòng ) .,neutral,noi_chung
400451,nhiệt tình chu đáo với sinh viên .,positive,hanh_vi
400452,cho đề thi hơi khó .,negative,bai_tap
400454,thầy rất tận tâm với sinh viên .,positive,hanh_vi
400456,chúc thầy thành công !,positive,noi_chung
400458,thầy dạy được cách tư duy sáng tạo .,positive,ky_nang_giang_day
400461,"giáo viên tận tình chỉ bảo , tạo không khí vui vẻ .",positive,hanh_vi
400481,"giảng viên cởi mở dễ tiếp xúc , trao đổi .",positive,hanh_vi
400486,thầy rất vui vẻ và tâm lý .,positive,hanh_vi
400488,dạy ổn .,positive,ky_nang_giang_day
400490,"giảng viên sử dụng thời gian hợp lý , trình bày chi tiết dễ hiểu .",positive,ky_nang_giang_day
400499,cho phép sinh viên tự giác ôn tập .,neutral,noi_chung
400500,quý thầy lắm .,positive,hanh_vi
400501,các đường link tham khảo không đáp ứng tốt nhu cầu giải quyết vấn đề .,negative,cung_cap_tai_lieu
400506,còn hạn chế về chuyên môn trong quá trình giảng dạy .,negative,kien_thuc
400508,thầy dễ chịu nên tiết học diễn ra vui vẻ không nhàm chán .,positive,hanh_vi
400509,nhiệt tình và thân thiết với học sinh .,positive,hanh_vi
400516,giáo viên dạy hay !,positive,ky_nang_giang_day
400517,phong cách truyền đạt của cô khiến em còn hơi khó hiểu .,negative,ky_nang_giang_day
400521,"cô dạy nhiệt tình , lên lớp đầy đủ .",positive,hanh_vi
400543,cho quá nhiều bài tập về nhà .,negative,bai_tap
400544,giáo viên tích cực trong giảng dạy .,positive,hanh_vi
400546,đi học trễ .,negative,noi_chung
400549,"nếu lần sau có môn thầy , em nhất định sẽ đăng ký colonsmile .",positive,noi_chung
400556,khi được sinh viên nhờ hỗ trợ làm bài thầy mới đến nơi và giúp đỡ .,positive,hanh_vi
400563,"có rất nhiều thiết bị đang xuống cấp và hư hỏng , ảnh hưởng đến chất lượng giảng dạy .",negative,thiet_bi_day_hoc
400565,"tốt , nhiệt tình , giỏi .",positive,hanh_vi
400566,tận tâm giúp đỡ sinh viên .,positive,hanh_vi
400568,thầy rất nhiệt tình ạ .,positive,hanh_vi
400569,"tận tình , tâm huyết với sinh viên .",positive,hanh_vi
400593,"thực ra mà nói , chúng em đóng tiền thực hành 320k trên 1 chỉ , nhưng các giờ thực hành chưa tốt .",negative,kinh_nghiem
400603,không tạo được sự chú ý của sinh viên .,negative,hanh_vi
400604,thầy cho nhiều bài tập với số lượng lớn .,negative,bai_tap
400611,"nên tăng cường cọ sát cho sinh viên trong môn học này , như làm việc nhóm và thuyết trình .",positive,de_xuat
400628,hài lòng về cách dạy của cô và cách truyền đạt kiến thức qua môn học này .,positive,ky_nang_giang_day
400631,hy vọng nhà trường xem xét .,neutral,de_xuat
400635,"cô dạy chậm , dễ hiểu .",positive,ky_nang_giang_day
400639,giảng bài buồn ngủ .,negative,ky_nang_giang_day
400640,không phụ thuộc vào giảng viên .,negative,noi_chung
400652,rất tốt .,positive,noi_chung
400655,"slide bài giảng cứng nhắc , không trực quan , khó nắm bắt được nội dung bài học .",negative,cung_cap_tai_lieu
400672,cho nhiều bài tập hay .,positive,bai_tap
400673,giáo viên có những đồ án sát mới mục tiêu bài học .,positive,bai_tap
400680,truyền đạt cho sinh viên rất dễ hiểu và áp dụng .,positive,ky_nang_giang_day
400683,"thầy rất tận tâm và nhiệt hình , tạo cảm hứng cho sinh viên không chỉ ở hiện tại mà còn tương lai trong việc phát triển các kỹ năng của ngành công nghệ thông tin nói chung .",positive,hanh_vi
400684,hiểu được các kiến thức quan trọng của môn học .,positive,kien_thuc
400694,thầy dạy hay hứng thú .,positive,hanh_vi
400703,thầy wzjwz265 không dạy lớp em một ngày nào .,negative,hanh_vi
400705,"truyền đạt chưa tốt , lan man , không mang hiệu quả cao .",negative,ky_nang_giang_day
400708,thầy rất ít nổi nóng .,positive,hanh_vi
400716,nhưng cũng rất nóng tính .,negative,hanh_vi
400718,"tận tình giúp đỡ , giải đáp cho sinh viên .",positive,hanh_vi
400719,giáo trình hợp lý chất lượng cao .,positive,cung_cap_tai_lieu
400720,"thầy vui vẻ , dễ tính .",positive,hanh_vi
400722,sử dụng nhiều slide .,negative,cung_cap_tai_lieu
400727,thầy ngầu quá em hơi sợ .,negative,hanh_vi
400728,slide không đầy đủ khó khăn khi xem lại kiến thức .,negative,cung_cap_tai_lieu
400730,mong nhà trường xem xét lại .,neutral,de_xuat
400732,em muốn có thời gian tiếp xúc và học hỏi thầy nhiều hơn nhưng do thầy ít lên lớp nên không có cơ hội .,negative,hanh_vi
400735,"thầy không thông báo khi nào nghỉ khi nào học , để học sinh phải lên trường chờ mấy tiếng đồng hồ rồi đi về , thầy cũng không lên lớp .",negative,hanh_vi
400739,biết cách phân bố thời gian .,neutral,noi_chung
400745,ra đề khó .,negative,bai_tap
400749,"giảng khó hiểu quá , xen lẫn tiếng anh và tiếng việt .",negative,ky_nang_giang_day
400758,phong thái .,neutral,hanh_vi
400761,"em cảm thấy nếu có lộ trình để áp dụng phương pháp này một cách cụ thể thì nên áp dụng , còn không thì cứ theo phương pháp truyền thống đi ạ !",neutral,de_xuat
400764,cô luôn cho lớp làm bài tập để tránh lãng phí thời gian .,positive,bai_tap
400765,tính chất môn học là code trực tiếp trên phần mềm dreamweaver và code sửa đi sửa lại để làm cho sinh viên hiểu .,positive,ky_nang_giang_day
400768,không gặp sinh viên đủ 3 buổi học thực hành .,negative,kinh_nghiem
400770,nhiều nội dung thầy còn dạy hơi nhanh .,negative,ky_nang_giang_day
400772,"truyền đạt không được tốt , buồn ngủ , hàn lâm .",negative,ky_nang_giang_day
400773,kiến thức học được còn mơ màng .,negative,kien_thuc
400776,"đôi khi đến lớp muộn , giọng nói còn nhỏ .",negative,hanh_vi
400781,giảng viên tận tâm và vui tính .,positive,hanh_vi
400783,giảng viên có kiến thức chuyên sâu vê môn học .,positive,kien_thuc
400787,"giảng viên vô cùng tận tâm , hết mình vì sinh viên .",positive,hanh_vi
400790,thầy làm biếng quá .,negative,hanh_vi
400791,"nhưng sẽ chẳng ai học nổi , nhưng một bài dạy trong một tiết thì điều đó cực kỳ tốt , để sinh viên không mất quá nhiều thì giờ cũng như giảng viên .",positive,ky_nang_giang_day
400798,"sử dụng giờ lên lớp không hiệu quả do đó không tập trung dạy bài kỹ lưỡng , khả năng truyền đạt không tốt .",negative,ky_nang_giang_day
400799,"thầy dạy chậm , nhưng dễ hiểu , học sinh dễ nắm bắt chương trình học , biết được hướng căn bản để làm bài .",positive,ky_nang_giang_day
400805,lượng kiến thức truyền tải cho học sinh đầy đủ .,positive,kien_thuc
400806,trình bày hay .,positive,ky_nang_giang_day
400810,"nhiệt tình , tận tâm , hài hước , famous name .",positive,hanh_vi
400811,cách nói chuyện .,neutral,noi_chung
400818,thầy rất vui tính và rất thật !,positive,hanh_vi
400820,không có ý kiến không hài lòng về thầy .,neutral,hanh_vi
400821,cung cấp đầy đủ thông tin bài học .,positive,cung_cap_tai_lieu
400827,thầy vui tính và tận tâm .,positive,hanh_vi
400828,cách thầy truyền đạt cực hay !,positive,ky_nang_giang_day
400833,thầy vui tính .,positive,hanh_vi
400838,"thầy có tâm và rất tận tình , rõ ràng trong các thông báo .",positive,hanh_vi
400842,hay cho chơi các game show để cải thiện kỹ năng nói tiếng anh .,positive,de_xuat
400847,"thầy giảng rất hay , làm sinh viên khá hứng thú .",positive,ky_nang_giang_day
400853,"giảng viên thân thiện , vui tính , nhiệt tình trong giảng dạy .",positive,hanh_vi
400862,nhìn chung là tôi rất hài lòng với giảng viên wzjwz264 .,positive,hanh_vi
400863,"giảng viên chu đáo , nhiệt tình trong giảng dạy .",positive,hanh_vi
400865,diễn đạt ý sang tiếng việt chưa rõ ràng .,negative,ky_nang_giang_day
400866,giáo viên đến đúng giờ .,positive,hanh_vi
400868,phân biệt rõ ràng giữa đúng và sai .,positive,ky_nang_giang_day
400874,truyền đạt dễ hiểu !,positive,ky_nang_giang_day
400879,thái độ giảng dạy rất tốt .,positive,hanh_vi
400882,bài tập phong phú đa dạng .,positive,bai_tap
400883,cô rất nhiệt tình và tạo hứng thú trong học tập .,positive,hanh_vi
400885,giải đáp thắc mắc kịp thời .,positive,hanh_vi
400886,không có gì làm em không hài lòng cả .,neutral,noi_chung
400888,giáo viên nhiệt tình trong công việc .,positive,hanh_vi
400896,không hay lắm !,negative,noi_chung
400899,hướng dẫn lớp thực hành để làm bài tốt hơn .,positive,ky_nang_giang_day
400902,thầy dữ quá sinh viên 50 người thì 49 người sợ thầy .,negative,hanh_vi
400905,sinh viên lên lớp thì muốn làm cũng được không cần phải ngồi làm bài thực hành chỉ cần đến hôm nộp bài có bài nộp là được .,negative,bai_tap
400908,"tích cực sử dụng hiệu quả trang moodle để cung cấp thông tin , dữ liệu .",positive,cung_cap_tai_lieu
400910,chưa thực sự tốt .,negative,noi_chung
400911,thầy dạy rất nhanh .,negative,ky_nang_giang_day
400913,cô nhiệt tình chỉ dạy luôn đi dạy đúng giờ và lúc nào cũng có mặt trong lớp .,positive,hanh_vi
400919,cô giảng rất nhiệt tình và quan tâm học sinh .,positive,hanh_vi
400920,"giờ học vui vẻ , sôi nổi .",positive,hanh_vi
400921,"giáo trình của môn học chưa đầy đủ , chưa cập nhập .",negative,cung_cap_tai_lieu
400923,giảng viên có khả năng truyền đạt tốt .,positive,ky_nang_giang_day
400927,đôi khi cô giảng hơi nhanh .,negative,ky_nang_giang_day
400931,kiến thức bổ ích .,positive,kien_thuc
400933,mong giảng viên lưu tâm .,neutral,de_xuat
400934,thầy giảng khá buồn ngủ và chán .,negative,hanh_vi
400943,đồ án của môn học có những đồ án quá nặng trong khi phân công đồ án chưa phù hợp với lực học của từng sinh viên .,negative,bai_tap
400944,tất cả môn học .,neutral,noi_chung
400960,giúp đỡ học sinh từng chút một và rất vui vẻ .,positive,hanh_vi
400961,vui vẻ nhiệt tình .,positive,hanh_vi
400963,có những ví dụ sinh động dễ hiểu .,positive,kinh_nghiem
400964,thầy dạy rất sát với thực tế .,positive,kinh_nghiem
400966,thầy nói hơi nhỏ nên có khi nghe được khi không nghe được .,negative,ky_nang_giang_day
400969,đôi khi mọi chuyện một con người không thể đánh giá qua học hành được àm phải nhiều phương diện cô ạ .,neutral,noi_chung
400970,không có điều gì .,neutral,noi_chung
400973,silde bằng tiếng việt .,neutral,cung_cap_tai_lieu
400985,giảng viên rất nhiệt tình !,positive,hanh_vi
400988,đúng giờ .,positive,hanh_vi
400992,"giảng viên chuyên về vhdl , về môn học này thì sử dụng hdl nên có nhiều phần giảng viên không giải đáp được .",negative,kien_thuc
400996,động lực học và không khí chưa có mạnh mẽ .,negative,hanh_vi
400999,dạy lý thuyết nhiều nhưng toàn là những phần không trọng tâm và khó hiểu nữa .,negative,ky_nang_giang_day
401013,truyền đạt kiến thức hay và cuốn hút .,positive,ky_nang_giang_day
401016,máy chiếu còn chưa tốt .,negative,thiet_bi_day_hoc
401029,"cung cấp kiến thức rộng , chính xác .",positive,kien_thuc
401030,cô rất thân thiện và hiền lành .,positive,hanh_vi
401034,ít năng động trong lớp .,negative,hanh_vi
401035,đôi khi không đúng giờ .,negative,hanh_vi
401042,sinh viên gặp khó khăn khi làm giao diện và xử lý chuỗi khi làm đồ án .,negative,bai_tap
401045,"cô nhiệt tình , vui vẻ .",positive,hanh_vi
401046,"đảm bảo giờ lên lớp , nhiều lần lên lớp rồi mới nhận được thông báo nghỉ học , rất bất tiện cho sinh viên , do nhiều sinh viên có nhà xa mà tới lúc lên trường rồi mới có thông báo nghỉ thì thật khó cho sinh viên .",negative,noi_chung
401048,"thầy nhiệt tình , thoải mái .",positive,hanh_vi
401049,giờ học còn khá là tẻ nhạt !,negative,ky_nang_giang_day
401052,nhận xét cũng khá chi tiết về bài tập tụi em làm .,positive,bai_tap
401054,dạy hơi nhanh .,negative,ky_nang_giang_day
401056,kiến thức chưa nhiều .,negative,kien_thuc
401064,không tạo được sự tâp trung hứng thú cho sinh viên .,negative,hanh_vi
401065,cô rất vui vẻ và hòa đồng .,positive,hanh_vi
401072,giờ giấc giảng viên không đảm bảo .,negative,hanh_vi
401080,"tuy nhiên , em không thể làm khác được .",neutral,noi_chung
401087,hi hi .,neutral,noi_chung
401088,thầy dạy tóm ý chính giúp em nắm bài dễ hơn .,positive,ky_nang_giang_day
401094,"cô dạy nhiệt tình , không gì tốt hơn ở cô .",positive,hanh_vi
401096,"tận tâm , đi đúng giờ .",positive,hanh_vi
401097,kết quả đạt được trong buổi thực hành hỗ trợ rất nhiều cho lý thuyết được học .,positive,kinh_nghiem
401099,giao nhiều bài tập để luyện tập .,positive,bai_tap
401106,có 1 vài kiến thức thực tiễn hay .,positive,kien_thuc
401113,"hướng dẫn , giảng dạy .",neutral,ky_nang_giang_day
401120,ít chữa bài tập .,negative,bai_tap
401121,"ngồi đợi thật lâu từ 9h sáng đến 2h trưa , cuối cùng cũng đã đến lượt mình .",negative,noi_chung
401126,bài giảng của cô wzjwz295 bám sát kiến thức quá đôi khi lại khô khan và gây hiện tượng kinh điển là buồn ngủ hoặc chán nản trong giờ học .,negative,ky_nang_giang_day
401130,tận tâm hướng dẫn sinh viên .,positive,hanh_vi
401138,dạy nhiệt tình và tận tâm .,positive,hanh_vi
401142,giáo viên giảng bài dễ tiếp thu .,positive,ky_nang_giang_day
401152,"giảng viên nhiệt tình , vui tính .",positive,hanh_vi
401155,thầy nhiệt tình .,positive,hanh_vi
401156,"em thấy thầy hơi gia trưởng , em nghĩ chắc tại chúng em còn nhỏ nên cái suy nghĩ nó hơi khác thế hệ đi trước , giọng thầy hơi khó nghe .",negative,hanh_vi
401158,"thấy cái gì cũng ổn , không đáng chê cũng không đáng khen .",neutral,noi_chung
401163,kết thúc môn học muộn .,negative,chuong_trinh_hoc
401166,ít thấy giảng viên xuất hiện .,negative,hanh_vi
401171,"không gửi từ vựng , grammar lên courses .",negative,cung_cap_tai_lieu
401176,bài tập ít đa dạng .,negative,bai_tap
401179,thầy không cho chúng em slide cho đến cuối kỳ thầy mới đưa .,negative,cung_cap_tai_lieu
401180,"thầy rất tận tình , quan tâm đến sinh viên .",positive,hanh_vi
401184,hình thức thi nên là đề mở hoặc trắc nghiệm đề đóng .,neutral,de_xuat
401192,không cho bài tập về nhà .,negative,bai_tap
401194,"thưa , không có .",neutral,noi_chung
401200,"giảng viên giảng hay , dễ tiếp thu .",positive,ky_nang_giang_day
401203,trang bị thêm thiết bị nghe nhìn .,neutral,thiet_bi_day_hoc
401204,đôi khi giảng bài quá nhanh .,negative,ky_nang_giang_day
401205,"học 4 tiết , nhồi nhét quá nhiều kiến thức .",negative,chuong_trinh_hoc
401206,"năng nổ , nhiệt tình .",positive,hanh_vi
401211,cần có nhiều người như cô .,positive,hanh_vi
401214,thầy thường sai bảo sinh viên làm việc riêng cho thầy trong giờ học .,negative,hanh_vi
401220,"sôi nổi , vui tính .",positive,hanh_vi
401225,"hòa đồng , vui vẻ .",positive,hanh_vi
401232,giọng cực khó nghe .,negative,ky_nang_giang_day
401236,"thái độ , phong cách làm việc của thầy .",neutral,hanh_vi
401237,em mong mình sẽ lại được học thầy ở các môn quan trọng khác .,positive,ky_nang_giang_day
401238,giáo viên nhiệt tình đối với sinh viên .,positive,hanh_vi
401240,thầy có kiến thức sâu rộng về môn học .,positive,kien_thuc
401241,"giáo viên truyền đạt kém , khó hiểu .",negative,ky_nang_giang_day
401243,quá thoải mái cho sinh viên .,positive,noi_chung
401250,tuy nhiên thầy giảng hơi khó hiểu .,negative,ky_nang_giang_day
401254,cách truyền đạt kiến thức của thầy .,positive,ky_nang_giang_day
401255,không hướng dẫn cho sinh viên kỹ năng lập trình mạng máy tính .,negative,ky_nang_giang_day
401258,và đưa ra các gợi ý về nhà tìm hiểu những thứ bên lề giúp ích trong việc học .,neutral,de_xuat
401261,khá giống lúc học phổ thông .,neutral,noi_chung
401268,cô cực kỳ nhiệt tình .,positive,hanh_vi
401271,"dạy kỹ , ôn thi cũng kỹ không bỏ sót phần nào .",positive,ky_nang_giang_day
401276,chưa giúp tôi phát triển được tốt nhất khả năng của mình .,negative,ky_nang_giang_day
401278,cùng sinh viên giải nhiều bài tập .,positive,bai_tap
401280,truyền đạt không tốt .,negative,ky_nang_giang_day
401281,đảm bảo giờ lên lớp hiệu quả .,positive,ky_nang_giang_day
401289,cô nhiệt tình trong việc giảng dạy và giúp đỡ sinh viên .,positive,hanh_vi
401292,thầy rất tâm huyết với sinh viên .,positive,hanh_vi
401297,khi được học với thầy wzjwz80 em cảm thấy hài lòng hơn hẳn những giảng viên trước .,positive,hanh_vi
401301,"thầy giảng cặn kẽ , dễ hiểu !",positive,ky_nang_giang_day
401303,"vào lớp muộn , ra trễ làm ảnh hưởng tới các hoạt động khác của sinh viên .",negative,hanh_vi
401310,cung cấp nhiều kiến thức thực tế và các kiến thức khác ngoài môn học giúp sinh viên có cái nhìn tổng quan hơn về môn học .,positive,kien_thuc
401311,đây là tình trạng chung của tất cả các lớp thực hành không chỉ riêng lớp này .,neutral,noi_chung
401314,thầy nghiêm túc và lên lớp đây đủ xong chưa tạo được hứng thú khi học .,negative,hanh_vi
401316,có cảm giác cô giảng không thu hút em .,negative,ky_nang_giang_day
401329,"thầy giảng bài rất hay , dễ hiểu .",positive,ky_nang_giang_day
401341,chưa biết cách truyền đạt .,negative,ky_nang_giang_day
401343,lớp học hơi buồn chán .,negative,noi_chung
401351,sinh viên không được cung cấp nhiều tài liệu cho môn học ngoài slide của giảng viên cung cấp .,negative,cung_cap_tai_lieu
401354,"vui tính , hòa đồng với sinh viên .",positive,hanh_vi
401358,môn này cũng được nghe thầy nói của chỉ có ở trường chúng ta .,neutral,noi_chung
401367,"như vậy , sinh viên làm đồ án sẽ không có tương tác thực tế với giảng viên tương tác qua moodle thì vẫn được .",negative,kinh_nghiem
401368,thiết kế bài giảng chưa thuyết phục .,negative,ky_nang_giang_day
401372,dạy dở .,negative,ky_nang_giang_day
401378,đa phần sinh viên không tập trung học nhiệt tình nên không theo kịp .,negative,hanh_vi
401380,nhưng buổi thực hành hết sưc bổ ích và tính ứng dụng cực cao .,positive,kinh_nghiem
401385,"lên lớp trễ thường xuyên , 2 buổi báo nghĩ vào giờ chót .",negative,hanh_vi
401393,dạy rất kỹ .,positive,ky_nang_giang_day
401406,thầy dạy rất có tâm huyết với học sinh .,positive,hanh_vi
401407,nói chung em rất thích thầy colonsmile .,positive,noi_chung
401424,và em nghĩ mức độ gây áp lực về nội dung bài tập còn ít ( nội dung bài tập chưa nâng cao và yêu cầu nhiều về kiến thức ) .,negative,bai_tap
401425,điều em không hài lòng nhất là đôi lúc giảng bài hơi nhanh .,negative,ky_nang_giang_day
401426,đôi khi dạy khiến học sinh buồn ngủ bởi cách dạy chưa hay hoặc bài học khó nhưng chưa chỉ ra hợp lý .,negative,ky_nang_giang_day
401429,nên thêm thời gian học .,positive,de_xuat
401430,"cô dạy nhiệt tình , tận tâm với sinh viên .",positive,hanh_vi
401431,"thầy giảng tận tâm , nhiệt tình .",positive,hanh_vi
401435,cô rất sâu sát đến từng bạn .,positive,hanh_vi
401437,phương pháp thầy dạy giống cấp 3 làm em nhớ hồi cày cuốc colonsmile .,negative,ky_nang_giang_day
401440,"các nội dung trong tài liệu môn học chưa đầy đủ và chi tiết , chưa đi sâu vào bản chất của vấn đề , đặc biệt là phần xml và hướng đối tượng .",negative,cung_cap_tai_lieu
401445,"thầy nhiệt tình , ân cần .",positive,hanh_vi
401453,thầy luôn đến sớm hơn sinh viên .,positive,hanh_vi
401459,có thông báo cho sinh viên rất đầy đủ .,positive,noi_chung
401462,cô quá dễ thương .,positive,hanh_vi
401465,"thầy dạy rất hay , em hài lòng về cách giảng dạy của thầy .",positive,ky_nang_giang_day
401467,thầy có nhiều kiến thức hay .,positive,kien_thuc
401474,quan tâm tới học sinh .,positive,hanh_vi
401477,sử dụng hệ thống làm bài online để làm bài tập .,neutral,bai_tap
401481,dạy dễ nghe dễ hiểu .,positive,ky_nang_giang_day
401489,không ai có thể không hài lòng về cách dạy của cô ( trừ những bạn không đi học ) .,positive,ky_nang_giang_day
401490,dạy rất chán .,negative,ky_nang_giang_day
401491,"thầy có cách giảng dạy lưu loát , truyền đạt dễ hiểu .",positive,ky_nang_giang_day
401501,còn nhiều chỗ thiếu sót .,negative,noi_chung
401503,"chép nhiều ví dụ gây mất thời gian , 3 tiết học trở thành 5 tiết học .",negative,ky_nang_giang_day
401507,bài học chưa thực sự sinh động .,negative,ky_nang_giang_day
401511,nghỉ dạy không báo trước sinh viên .,negative,hanh_vi
401512,"thầy luôn đi đúng giờ , không điểm danh .",neutral,hanh_vi
401514,"thưa , thầy là người cung cấp kiến thức rất chuẩn mực và sâu để em có thể tìm tòi , dễ dàng học hỏi thêm những kiến thức khác liên quan đến môn học .",positive,kien_thuc
401522,cô phát âm chưa chuẩn .,negative,ky_nang_giang_day
401534,"giọng thầy rất khó nghe , cả lớp gần như không ai nghe hiểu được .",negative,ky_nang_giang_day
401536,phương pháp dạy tốt dễ hiểu .,positive,ky_nang_giang_day
401540,slide quá dài và dùng từ ngữ khó hiểu .,negative,cung_cap_tai_lieu
401542,dễ trong việc tiếp xúc với thực tế sau này .,positive,kinh_nghiem
401549,cô dạy rất tận tình chu đáo .,positive,hanh_vi
401552,"thầy nhiệt tình vui vẻ , thương sinh viên .",positive,hanh_vi
401555,"bài giảng hay , gần gũi với sinh viên .",positive,ky_nang_giang_day
401557,sự giảng dạy của giảng viên là rất gần với thực tế .,positive,kinh_nghiem
401564,tài liệu dùng cho học tập và tài liệu tham khảo đầy đủ .,positive,cung_cap_tai_lieu
401565,hướng dẫn tận tình .,positive,hanh_vi
401567,"thầy rất quan tâm đến sinh viên , thầy tạo riêng một nhóm để các sinh viên trong lớp đặt câu hỏi cũng như bài tập .",positive,hanh_vi
401569,"thầy bụng bự , vui tính , hòa đồng .",positive,hanh_vi
401570,thầy rất thoải mái với sinh viên .,positive,hanh_vi
401572,ic được cấp thường hư một phần .,negative,thiet_bi_day_hoc
401578,tậm tân với sinh viên .,neutral,noi_chung
401581,"giảng viên nên tập trung vào giáo trình môn học hơn , nên gửi trước giáo trình để sinh viên tham khảo .",neutral,de_xuat
401588,"đồng thời thiết bị ở phòng thực hành hay hỏng hóc , gây gián đoạn và ảnh hưởng tới kết quả và thời gian làm thực hành .",negative,thiet_bi_day_hoc
401604,"nộp báo cáo sau khi thực hành , đăng lịch học lên moodle .",neutral,bai_tap
401606,bình thường .,neutral,noi_chung
401607,thầy giảng siêu hay .,positive,ky_nang_giang_day
401622,thầy chia sẻ cho chúng em những kiến thức bổ ích .,positive,kien_thuc
401627,slide bài giảng tiếng anh giúp tụi em nâng cao khả năng học tiếng anh .,positive,cung_cap_tai_lieu
401628,em không có gì thắc mắc .,neutral,noi_chung
401634,mời giáo viên bản xứ tham gia giảng dạy để sinh viên có thêm cơ hội phát triển các kỹ năng cơ bản trong anh văn .,neutral,de_xuat
401646,"cho bài tập thương xuyên , đều đặn .",positive,bai_tap
401652,thầy khá vui vẻ và nhiệt tình .,positive,hanh_vi
401653,"giảng dạy theo phương pháp mới , thú vị , dễ hiểu .",positive,ky_nang_giang_day
401654,"giảng viên truyền đạt tốt , em không có ý kiến gì thêm .",positive,ky_nang_giang_day
401673,"nhiệt tình , tận tâm , đúng giờ .",positive,hanh_vi
401679,"thầy chỉ hướng dẫn , còn lại để sinh viên tìm hiểu nên kiến thức khắc sâu .",negative,ky_nang_giang_day
401681,mở rộng thêm các kiến thức bên ngoài .,neutral,de_xuat
401684,nắm được các kiến thức quan trọng .,positive,kien_thuc
401687,thầy quá đẹp trai .,neutral,noi_chung
401688,lên lớp đầy đủ và đúng giờ .,positive,hanh_vi
401690,"tiết học rất vui nhộn , tăng thêm tinh thần đi học cho sinh viên .",positive,hanh_vi
401692,"thầy nhiệt tình , tâm huyết .",positive,hanh_vi
401696,thường xuyên giúp đỡ cho sinh viên hiểu bài .,positive,hanh_vi
401697,có sự tương tác hỗ trợ tốt trong quá trình học .,positive,hanh_vi
401703,hơi khó hiểu nếu không học trước ở nhà .,negative,ky_nang_giang_day
401704,kiến thức đầy đủ .,positive,kien_thuc
401713,cô dạy hơi khó hiểu .,negative,ky_nang_giang_day
401714,thầy dạy cả bài học lẫn cách học sao cho hiệu quả .,positive,ky_nang_giang_day
401722,"truyền đạt quá nhanh , em chưa nắm kịp lắm .",negative,ky_nang_giang_day
401727,nghỉ nhiều nhưng bù ít .,negative,noi_chung
401730,cô dạy rất vui vẻ .,positive,hanh_vi
401731,"nhiệt tình , tận tâm .",positive,hanh_vi
401733,cô dễ thương tận tình với sinh viên .,positive,hanh_vi
401750,áp dụng vừa dạy vừa có ví dụ code trực tiếp .,positive,ky_nang_giang_day
401751,tương tác tốt với tất cả sinh viên trong giờ học .,positive,hanh_vi
401757,cô giảng tận tình .,positive,hanh_vi
401768,"thầy giảng bài cực kỳ thu hút , dễ hiểu , không gây buồn ngủ , nhàm chán .",positive,ky_nang_giang_day
401773,nhưng khi thi cuối kỳ thì kiến thức quá khó .,negative,kien_thuc
401776,còn ít giao tiếp với học sinh về chuyên môn .,negative,hanh_vi
401780,đúng giờ và nhiệt tình .,positive,hanh_vi
401782,"cô dạy hay , thích lên lớp cô dạy .",positive,ky_nang_giang_day
401785,đôi lúc giảng hơi nhanh .,negative,ky_nang_giang_day
401788,"thầy dạy khó hiểu quá , tụi em tiếp thu vô được rất ít .",negative,ky_nang_giang_day
401791,"hơn nữa cô báo nghỉ rất trễ , cách rất sát giờ học .",negative,hanh_vi
401792,"nhiệt tình trong giảng dạy , vui vẻ .",positive,hanh_vi
401793,thời gian học trên lớp khá thoải mái .,positive,chuong_trinh_hoc
401800,thầy dạy kỹ nhiệt tình .,positive,ky_nang_giang_day
401802,nên đổi sang ht1 .,neutral,de_xuat
401808,phương thức giảng dạy .,neutral,ky_nang_giang_day
401815,cô nhiệt tình và tận tâm với lớp .,positive,hanh_vi
401828,góp phần truyền cảm hứng cho học viên .,positive,hanh_vi
401833,giáo viên dạy dễ hiểu .,positive,ky_nang_giang_day
401836,cô còn vui vẻ tận tâm nữa nên em rất quý cô .,positive,hanh_vi
401845,không có bài ví dụ mẫu trong slide cũ ở nhiều chương khó cho việc ôn tập !,negative,cung_cap_tai_lieu
401848,cô lo cho các sinh viên .,positive,hanh_vi
401849,không có điều gì không hài lòng về thầy .,positive,hanh_vi
401853,em chỉ có góp ý nho nhỏ đó thôi ạ .,neutral,noi_chung
401854,"thầy giảng dạy tôt , dễ hiểu .",positive,ky_nang_giang_day
401856,"thầy giảng viên truyền đạt kiến thức rất tốt , sinh viên dễ tiếp thu .",positive,ky_nang_giang_day
401857,giảng viên để nhóm của bạn wzjwz224 seminar nhiều lần và lớp không thể tiếp thu từ buổi seminar hiệu quả như là giảng viên dạy .,negative,hanh_vi
401858,"truyền đạt tốt , hay .",positive,ky_nang_giang_day
401863,"dạy kiến thức sâu , rộng .",positive,kien_thuc
401866,thầy hay cúp tiết .,negative,hanh_vi
401873,thầy nên xem xét bài mà sinh viên giải .,neutral,de_xuat
401874,"quản lý như vậy dẫn đến tình trạng "" cha chung không ai khóc "" .",negative,noi_chung
401883,giảng viên đảm bảo giờ lên lớp .,positive,hanh_vi
401886,"em thấy nó thật sự rất tốt , giải quyết sinh viên với những vấn đề trên .",positive,noi_chung
401890,dễ .,neutral,noi_chung
401896,"có sách , giáo trình cụ thể để xác định đươc rõ mục đích của môn học .",neutral,cung_cap_tai_lieu
401898,"chưa có trình độ sư phạm cao , nên việc giảng giải vấn đề có nhiều lúc chưa rõ .",negative,ky_nang_giang_day
401905,cách giảng dạy chưa đạt hiệu quả cao .,negative,ky_nang_giang_day
401911,dễ nắm bắt kiến thức để đi thi .,positive,kien_thuc
401913,"thiếu lôi cuốn , còn nói dựa vào slide nhiều .",negative,ky_nang_giang_day
401918,"thầy rất tận tình , có tâm , quan tâm đến việc học của sinh viên .",positive,hanh_vi
401920,cho bài tập cũng là những bài tập hay .,positive,bai_tap
401921,dạy sát kiến thức trong giáo trình .,positive,ky_nang_giang_day
401923,"hướng dẫn dễ hiểu , hết mình .",positive,ky_nang_giang_day
401928,có hứng thú khi lên lớp .,positive,hanh_vi
401933,"giáo viên giỏi , nhiệt tình .",positive,hanh_vi
401937,phong cách dạy tốt .,positive,ky_nang_giang_day
401943,cô giảng đến khi nào sinh viên chịu hiểu thì thôi .,neutral,ky_nang_giang_day
401951,"giảng bài kỹ , nhắc lại kiến thức quan trọng trong những buổi học mới .",positive,ky_nang_giang_day
401952,giảng viên không tạo được hứng thú học tập cho sinh viên .,negative,ky_nang_giang_day
401956,tận tâm hướng dẫn .,positive,hanh_vi
401963,thầy truyền được lửa cho sinh viên rất nhiều .,positive,hanh_vi
401966,"khả năng truyền đạt tốt , kể chuyện cho sinh viên hứng thú .",positive,ky_nang_giang_day
401969,"cô chú trọng đến phát âm , bản chất .",positive,ky_nang_giang_day
401970,"thầy up tài liệu , thông báo lên course , gmail của sinh viên giúp em dễ nắm bắt lịch nghỉ bù , có tài liệu tham khảo thêm .",positive,cung_cap_tai_lieu
401975,"vui tính , dễ thương .",positive,hanh_vi
401981,hoàn hảo !,positive,noi_chung
401985,thầy dạy nhiệt tình và truyền cảm .,positive,hanh_vi
401986,"thầy khá tận tậm , nhiệt tình .",positive,hanh_vi
401988,thầy hay đi trễ và nghỉ dạy nhiều .,negative,hanh_vi
401989,chương trình học khá dài chưa tập trung .,negative,chuong_trinh_hoc
401990,"giọng thầy rất êm êm , không có cao độ điều này gây mất hứng thú với người nghe .",negative,ky_nang_giang_day
401991,nhưng mà nhìn dáng thầy đi em thấy thương thương thầy .,neutral,noi_chung
500001,giáo viên nhiệt tình gần gũi .,positive,hanh_vi
500003,thầy dạy tận tâm và nhiệt tình .,positive,hanh_vi
500005,"giảng dễ hiểu , dễ tiếp thu .",positive,ky_nang_giang_day
500007,giảng bài tốt .,positive,ky_nang_giang_day
500023,"cả 3 , 4 buổi thực hành theo hình thức 2 môn này có thầy cô này tham gia hay hướng dẫn buổi nào đâu mà đánh giá , chỉ có mỗi thầy wzjwz43 thôi .",negative,hanh_vi
500028,"khi giảng thầy chưa chỉ rõ trọng tâm của bài để sinh viên nắm bắt và dễ tiếp thu hơn , giọng thầy còn nhỏ , đều đều .",negative,ky_nang_giang_day
500040,truyền đạt bài giảng rất tốt .,positive,ky_nang_giang_day
500043,"hiện tại tốt , không cần điều chỉnh gì thêm .",positive,noi_chung
500046,em chưa gặp thầy lần nào .,neutral,noi_chung
500048,deadline cho thời gian đủ dài để sinh viên hoàn thành bài tập .,positive,bai_tap
500050,"thầy dạy nghiêm túc , theo dõi sát buổi học .",positive,hanh_vi
500051,"khả năng truyền đạt nội dung học tập chưa cao , chưa nêu rõ ràng nội dung của môn .",negative,ky_nang_giang_day
500052,cách truyền tải vấn đề .,neutral,noi_chung
500055,vui nhiệt tình .,positive,hanh_vi
500057,lên lớp không đầy đủ .,negative,noi_chung
500059,không chỉ phần mềm .,negative,noi_chung
500067,thầy giảng bài đầy đủ .,positive,ky_nang_giang_day
500073,"gần gũi , tận tâm , thương sinh viên .",positive,hanh_vi
500078,cô rất nhiệt tình !,positive,hanh_vi
500079,cho làm nhiều đồ án và bài tập liên quan tới môn học .,neutral,bai_tap
500089,quá chu đáo nên hay đi lòng vòng vấn đề .,negative,ky_nang_giang_day
500092,cách truyền đạt của giảng viên làm sinh viên khó tiếp thu .,negative,ky_nang_giang_day
500104,cô dạy có tâm .,positive,hanh_vi
500105,"một số lối giảng còn khó hiểu , thiếu đa dạng và thực tiễn .",negative,ky_nang_giang_day
500107,cụ thể là phần chấm điểm giữa kỳ .,neutral,cham_diem
500113,thầy rất nhiệt tình và vui tính .,positive,hanh_vi
500120,thầy vui tính truyền đạt dễ hiểu .,positive,ky_nang_giang_day
500121,dạy đúng giờ nhiệt tình .,positive,hanh_vi
500124,giáo viên hay tới trễ .,negative,hanh_vi
500129,phương pháp giảng dạy của giảng viên dễ hiểu giúp sinh viên dễ nắm bắt .,positive,ky_nang_giang_day
500133,thầy giỏi và nhiệt tình .,positive,hanh_vi
500141,"thầy giáo nhiệt tình , vui vẻ , tận tình giải đáp thắc mắc cho sinh viên .",positive,hanh_vi
500142,"giảng viên không giải thích gì về bài tập , nếu có giải thích thì chỉ qua loa cho xong .",negative,ky_nang_giang_day
500144,cách truyền đạt kiến thức của giảng viên có hơi khó hiểu .,negative,ky_nang_giang_day
500151,giải thích thắc mắc của sinh viên .,neutral,ky_nang_giang_day
500163,em thấy vậy được rồi .,neutral,noi_chung
500164,"thầy dạy kỹ , chi tiết .",positive,ky_nang_giang_day
500167,truyền đạt của thầy hơi khó hiểu .,negative,ky_nang_giang_day
500171,"tích cực , chuyên cần , giúp đỡ sinh viên tận tâm .",positive,hanh_vi
500176,chưa demo nhiều .,negative,kinh_nghiem
500189,"nhiệt tình , tỉ mỉ .",positive,hanh_vi
500197,thầy dạy hay dễ hiểu !,positive,ky_nang_giang_day
500205,giúp biết thêm nhiều kiến thức mới .,positive,kien_thuc
500207,đồ án thực tế quá khó với sinh viên .,negative,bai_tap
500210,thỉnh thoảng đi hơi trễ .,negative,hanh_vi
500211,ít có tương tác với cô .,negative,hanh_vi
500216,không chi tiết nhiều về phần bài tập .,negative,bai_tap
500227,cách truyền đạt nội dung rất dễ hiểu .,positive,ky_nang_giang_day
500231,trò chơi sinh động .,positive,noi_chung
500234,còn ít bài tập .,negative,bai_tap
500236,"giảng viên lên lớp đúng giờ , đầy đủ .",positive,hanh_vi
500237,"giảng viên thực hành dạy qua loa , không để ý nhiều đến sinh viên .",negative,hanh_vi
500243,"giảng viên đứng lớp dạy chưa tròn trách nhiệm , còn hời hợt .",negative,hanh_vi
500249,giảng viên đi dạy rất đúng giờ .,positive,hanh_vi
500251,"cách giảng dạy , các hoạt động được tổ chức trong giờ học của giáo viên .",neutral,ky_nang_giang_day
500254,"em không học lớp này , không hiểu sao trong danh sách khảo sát của em lại có lớp này với giảng viên này .",negative,noi_chung
500255,giọng thầy rất khó nghe .,negative,ky_nang_giang_day
500256,"thầy hiền , tận tình .",positive,hanh_vi
500259,quá đúng giờ .,positive,hanh_vi
500261,thầy dạy vô cùng nhiệt tình .,positive,hanh_vi
500266,có tính thực tiễn .,positive,kinh_nghiem
500267,dạy buồn ngủ !,negative,ky_nang_giang_day
500277,không nhàm chán .,positive,noi_chung
500281,cung cấp đầy đủ thông tin của môn học vào đầu kỳ .,positive,cung_cap_tai_lieu
500298,phương pháp truyền đạt kiến thức tới sinh viên chưa được hiệu quả .,negative,ky_nang_giang_day
500300,"giảng viên tận tâm , nhiệt tình trong công tác giảng dạy .",positive,hanh_vi
500307,"tận tình giúp đỡ học sinh , thầy dạy nhiệt huyết .",positive,hanh_vi
500309,việc lên lớp và không lên lớp không có khác biệt .,neutral,noi_chung
500311,"thầy rất nhiệt tình , giảng thì dễ hiểu .",positive,ky_nang_giang_day
500313,chưa tận dụng thời gian hiệu quả .,negative,ky_nang_giang_day
500317,"thầy thực hành vào lớp đúng một buổi , chưa đầy 2 tiết và chỉ để giao lưu , trao đổi .",negative,ky_nang_giang_day
500320,i love teacher x .,positive,hanh_vi
500321,"phương pháp giảng dạy và cách tiếp cận với sinh viên rất tư nhiên , không gò bó .",positive,ky_nang_giang_day
500324,"cô nhiệt tình quá nên nhiều cái cô giảng đi giảng lại buồn ngủ quá , mà tốn thời gian nữa , nhiều bạn vẫn chưa hiểu thì nên về nhà tự học thêm chứ cô giảng kỹ quá đâm ra dư thừa .",negative,ky_nang_giang_day
500328,"đề cương hiện tại thầy ra khá là mù mờ , rất tốn thời gian để xác định ý nghĩa thực sự của câu hỏi .",negative,cung_cap_tai_lieu
500338,bài tập thực hành không có sức lôi cuốn sinh viên phải thực hiện .,negative,bai_tap
500339,"giảng viên vui tính , tận tình chỉ bảo .",positive,hanh_vi
500340,đảm bảo đúng thời gian lên lớp !,positive,hanh_vi
500347,"nhiệt tình , tâm huyết , báo sát nội dung môn học , hết lòng hỗ trợ sinh viên .",positive,hanh_vi
500350,"kiến thức uyên thâm , tầm hiểu biết sâu rộng .",positive,kien_thuc
500359,sẵn sàng giúp đỡ sinh viên .,positive,hanh_vi
500361,hơn là những thuật toán của những môn trước .,neutral,noi_chung
500363,thầy bắt chơi hết game không để mất máu thì khó quá .,negative,ky_nang_giang_day
500366,cô dạy hơi chán .,negative,ky_nang_giang_day
500373,không có thực hành môn này .,negative,kinh_nghiem
500374,nửa đầu tiên hơi có sự chênh lệch kiến thức dạy học giữa lớp sáng và chiều .,negative,ky_nang_giang_day
500381,"vâng , may thay có một bạn đã trả lời được những gì thầy đưa ra , và thế là bạn kia rớt .",negative,noi_chung
500382,"giọng thầy rất hay , khả năng truyền đạt rất tốt .",positive,ky_nang_giang_day
500383,cô rất chú ý nghe câu hỏi sinh viên và nhiệt tình giải đáp .,positive,hanh_vi
500389,làm sinh viên không thoải mái học tập .,negative,noi_chung
500390,chấm điểm khó .,negative,cham_diem
500403,"thầy tận tình , dạy dễ hiểu .",positive,ky_nang_giang_day
500406,"thầy dạy rất vui vẻ , gần gũi với học sinh .",positive,hanh_vi
500410,thầy dạy kiến thức đủ để em làm bài thi hiểu về giải tích 2 và đạt được kết quả tốt trong kỳ thi .,positive,kien_thuc
500413,máy chiếu rất mờ .,negative,thiet_bi_day_hoc
500417,không đến lớp làm sinh viên đi học rồi phải tự đi về .,negative,noi_chung
500424,"trong buổi học thầy hay nói lan man nhiều chủ đề khác , tuy thu hút được sự tập trung và chú ý của sinh viên nhưng thường không liên quan hoặc ít liên quan đến môn học .",negative,ky_nang_giang_day
500436,thầy vô cùng nhiệt tình .,positive,hanh_vi
500453,tận tình trong việc giảng dạy .,positive,hanh_vi
500457,"giáo viên giảng dạy nhiệt tình , tận tâm .",positive,hanh_vi
500464,kiểm tra vở bài tập .,negative,cham_diem
500467,giảng viên dạy tương đối dễ hiểu .,positive,ky_nang_giang_day
500468,tâm huyết với bài giảng .,positive,hanh_vi
500469,đảm bảo giờ giấc lên lớp cũng như số lượng bài tập về nhà .,neutral,bai_tap
500472,dạy khá tốt .,positive,ky_nang_giang_day
500473,"cô nhiệt tình , tận tâm .",positive,hanh_vi
500479,"thầy dạy rất kỹ , chú trọng từng chi tiết .",positive,ky_nang_giang_day
500483,thầy gần gũi với học sinh .,positive,hanh_vi
500486,tận tâm !,positive,hanh_vi
500487,"giảng viên thường xuyên khích lệ sinh viên cố gắng trau dồi , cải thiện nhiều kỹ năng cần thiết .",positive,hanh_vi
500488,giảng viên giảng bài khó hiểu nên sinh viên tự học là chính .,negative,ky_nang_giang_day
500492,"không đảm bào giờ học trên lớp , sinh viên hỏi trả lời không thỏa mãn theo yêu cầu .",negative,hanh_vi
500493,em không hài với phương pháp dạy của thầy .,negative,ky_nang_giang_day
500495,sinh viên hoàn toàn tự học .,neutral,noi_chung
500499,đôi khi diễn đạt khó hiểu .,negative,ky_nang_giang_day
500500,thầy có khả năng truyền đạt kiến thức tốt .,positive,ky_nang_giang_day
500501,"giáo viên dạy rất hay , tâm huyết .",positive,ky_nang_giang_day
500505,cho bài tập mỗi tuần .,neutral,bai_tap
500511,thầy wzjwz247 đôi lúc nhìn hơi bị bí hiểm em cảm thấy sợ vì điều này .,negative,hanh_vi
500512,thầy vui tính và nhiệt tình .,positive,hanh_vi
500514,khả năng nói tiếng anh tốt .,positive,noi_chung
500519,sắp xếp thời gian nghĩ và dạy bù tốt .,positive,ky_nang_giang_day
500527,"tiết học thiếu không khí vui tươi , nhiệt tình từ sinh viên .",negative,hanh_vi
500528,"dễ hiểu , dễ tiếp thu .",positive,ky_nang_giang_day
500532,"rất chăm lo cho sinh viên , nhiệt tình .",positive,hanh_vi
500537,cách tính điểm chưa công bằng cho các thành viên trong nhóm đồ án .,negative,cham_diem
500538,"vì phòng học lớn , chất lượng không hiệu quả .",negative,thiet_bi_day_hoc
500539,thà sinh viên ở nhà tự thực hành vui hơn .,positive,kinh_nghiem
500540,"khó tiếp thu , trình bày quá nhanh không kịp nghe .",negative,ky_nang_giang_day
500544,biết thêm nhiều thông tin bổ ích .,positive,noi_chung
500552,"đôi khi còn khô cứng , hay giảng dạy thuật toán qua code .",negative,ky_nang_giang_day
500560,thầy trẻ mới ra trường nên rất nhiệt tình .,positive,hanh_vi
500565,dạy khá là nhiệt tình .,positive,hanh_vi
500567,thầy dạy hay kêu sinh viên uống bia !,negative,hanh_vi
500574,giáo viên cho xem các bộ phim tiếng anh giúp trau dồi kỹ năng nghe rất hữu ích .,positive,ky_nang_giang_day
500581,thầy rất quan tâm đến sinh viên .,positive,hanh_vi
500601,ít nhiệt tình trong việc hỗ trợ sinh viên làm đồ án .,negative,hanh_vi
500602,cô thường xuyên lên lớp muộn khiến học sinh phải đợi cô .,negative,hanh_vi
500604,"lên lớp trễ , nghỉ không thấy thông báo .",negative,noi_chung
500624,thầy dạy chủ yếu chứng minh công thức có sẵn nên hay mất thời gian và không đưa ra trọng tâm cho sinh viên học !,negative,ky_nang_giang_day
500626,"giảng viên nhiệt tình , tận tâm với công việc .",positive,hanh_vi
500642,em hoàn toàn hài lòng về phương pháp giảng dạy của cô .,positive,ky_nang_giang_day
500645,thầy wzjwz63 đưa ra những đề tài rất hay .,positive,bai_tap
500646,giờ thực hành được tăng cường nhiều hơn nữa .,positive,kinh_nghiem
500649,"thầy dạy cũng được , có kể vài câu chuyện về kỹ năng sống .",positive,ky_nang_giang_day
500653,giáo viên dạy rất tốt !,positive,ky_nang_giang_day
500656,hài lòng nhất là đúng giờ .,positive,hanh_vi
500657,phát âm tốt và sữa sai khi sinh viên phát âm hoặc viết sai ngữ pháp .,positive,ky_nang_giang_day
500660,"đọc slide xong cũng hết giờ và coi như kiến thức đó đã được "" nạp "" .",negative,ky_nang_giang_day
500665,"cô giảng nhiệt tình , không gây cảm giác áp lực hay cảm giác chán !",positive,hanh_vi
500666,tụi em cũng là người đóng học phí mà .,negative,noi_chung
500667,làm nhiều bài tập .,negative,bai_tap
500669,đồ án quá khó so với sức của sinh viên .,negative,bai_tap
500673,môn này là môn em đi học nhiều nhất .,positive,noi_chung
500681,"em cảm giác như môn vừa học là "" nhập môn lisp và prolog "" .",neutral,noi_chung
500687,"đi dạy đúng giờ , dễ hiểu .",positive,ky_nang_giang_day
500689,em chỉ có ý kiến là các trang thiết bị trong các phòng học anh văn như vậy là chưa đảm bảo .,negative,thiet_bi_day_hoc
500695,thầy hiền .,positive,hanh_vi
500696,từ đó bọn em khó mà có được nhiều kiến thức về môn học này .,negative,kien_thuc
500698,không quan tâm đến học sinh .,negative,hanh_vi
500707,thầy luôn quan tâm đến các khó khăn mà sinh viên gặp phải và giúp đỡ sinh viên giải quyết tận tâm và nhiệt tình .,positive,hanh_vi
500708,"giáo viên vui tính , nhiệt tình .",positive,hanh_vi
500717,"thầy nóng tính , đối với sinh viên có thể lâu lâu đùa giỡn ( chấp nhận được ) để thoải mái dễ tiếp thu bài học những thầy không cho phép điều đó .",negative,hanh_vi
500718,đảm bảo giờ giấc .,neutral,noi_chung
500720,thầy giảng bài rất nhiệt tình và quan tâm đến sinh viên .,positive,hanh_vi
500724,đã hoàn hảo .,positive,noi_chung
500731,"thầy trẻ , phong cách giảng dạy có phần cởi mở hơn .",positive,ky_nang_giang_day
500736,sử dụng thời gian học không hiệu quả .,negative,noi_chung
500747,thầy ít cho bài tập .,negative,bai_tap
500754,"giảng viên dạy nhanh , đôi khi không bắt kịp bài .",negative,ky_nang_giang_day
500755,"thầy dạy quá nhanh , dồn kiến thức quá nhiều , phương pháp giảng chưa hợp lý .",negative,ky_nang_giang_day
500759,tạo động cơ học tập lâu dài .,positive,noi_chung
500771,biết về các công cụ quản lý cấu hình và quản lý dự án theo agile .,neutral,kien_thuc
500775,"thầy giảng bài rất kỹ , sát vào vấn đề và dễ hiểu .",positive,ky_nang_giang_day
500778,slide cô chuẩn bị rất hay lý thuyết rất chi tiết .,positive,cung_cap_tai_lieu
500779,cô hay yêu cầu học sinh phải làm bài tập đầy đủ .,neutral,bai_tap
500780,giáo viện rất nhiệt tình với sinh viên .,positive,hanh_vi
500782,tận tình với học sinh !,positive,hanh_vi
500784,hoặc không phân nhóm nhưng vẫn nên cho đề tài để sinh viên tìm hiểu .,neutral,de_xuat
500786,không có đủ ổ cắm điện sử dụng .,negative,thiet_bi_day_hoc
500792,"cô là một giảng viên vô cùng tâm huyết , tận tâm và thương sinh viên .",positive,hanh_vi
500793,thường xuyên nghỉ không thông báo trước và đi trễ .,negative,hanh_vi
500799,thầy đến lớp rất đúng giờ và cho sinh viên ra về cũng rất hợp lý .,positive,hanh_vi
500801,cho thi giữa kỳ .,neutral,noi_chung
500803,phục vụ ở mảng nào cho công việc sau này !,neutral,noi_chung
500807,tôi không có ý kiến .,neutral,noi_chung
500808,dạy một lúc quá nhiều bài .,negative,ky_nang_giang_day
500809,kỹ năng tự học được thầy đưa lên tối đa .,positive,ky_nang_giang_day
500813,nên thay hình thức này bằng hình thức khác .,neutral,de_xuat
500820,"có các ví dụ bài tập hay , hiệu quả .",positive,bai_tap
500821,thang điểm kiểm tra bài thực hành dễ gây ức chế .,negative,cham_diem
500826,em thấy cô dạy nhiệt tình .,positive,hanh_vi
500836,"đúng giờ , nhiệt tình , quan tâm đến học sinh .",positive,hanh_vi
500839,không tạo được cảm hứng cho sinh viên .,negative,ky_nang_giang_day
500844,tôi rất thích .,positive,noi_chung
500845,"giảng viên dạy rất dài dòng , lê thê mặc dù chẳng cần kéo dài đến thế .",negative,ky_nang_giang_day
500847,giảng bài tập kết hợp lý thuyết .,neutral,ky_nang_giang_day
500849,bài tập được thầy đưa trên courses .,neutral,bai_tap
500852,"thầy giảng chi tiết , hướng dẫn dễ hiểu .",positive,ky_nang_giang_day
500853,thầy dạy rất nhiệt huyết và tận tình .,positive,hanh_vi
500857,nhìn chung giảng viên cung cấp đủ kiến thức cho sinh viên .,positive,kien_thuc
500860,"giảng viên giảng chậm , dễ hiểu .",positive,ky_nang_giang_day
500867,ít bài tập làm thêm cũng như không sửa bài tập giao trên moodle .,negative,bai_tap
500873,"thầy dạy dễ hiểu , dễ tiếp thu , dễ .",positive,ky_nang_giang_day
500881,giảng hơi nhanh nên có một số kiến thức không nắm bắt kịp .,negative,ky_nang_giang_day
500887,"giáo viên dạy khó hiểu , sinh viên không tiếp thu được .",negative,ky_nang_giang_day
500893,giảng dạy khó tiếp thu .,negative,ky_nang_giang_day
500894,thực hành không có tính thực tiễn .,negative,kinh_nghiem
500896,"thầy tân tâm , dạy dễ hiểu .",positive,ky_nang_giang_day
500897,cô dạy rất hay rất dễ hiểu .,positive,ky_nang_giang_day
500900,"cách giảng suông khá nhàm chán , chưa tạo được sự thu hút sinh viên nghe giảng .",negative,ky_nang_giang_day
500903,"về giờ lên lớp , thường trễ .",negative,hanh_vi
500905,"seminar xong , thầy dặn doubledot "" mấy em tuần sau kiểm tra phần dfd , về xem lại bài ha , không hiểu thì đọc lại lý thuyết , làm vẫn không được thì hỏi bạn ha , chúng ta kết thúc ở đây ha "" .",neutral,de_xuat
500908,mô tả bài giảng trên bảng nhìn hơi rối mắt .,negative,ky_nang_giang_day
500912,cô tạo sự chủ động cho tụi em khi thực hành .,positive,hanh_vi
500920,em nhìn nó giống như ma trận chữ hơn .,neutral,noi_chung
500922,"lớp thường xuyên đổi giáo viên , nhiều buổi học nghỉ không thông báo .",negative,hanh_vi
500928,giảng viên nói tiếng anh hơi khó nghe .,negative,ky_nang_giang_day
500930,làm nhiều bài kiểm tra quá .,negative,bai_tap
500944,không thấy lên lớp .,negative,hanh_vi
500948,thầy giảng phần cuối hơi khó tiếp thu .,negative,ky_nang_giang_day
500954,"giáo viên rất nhiệt tình , tận tâm với sinh viên !",positive,hanh_vi
500958,"giờ giấc , cách giảng dạy .",neutral,ky_nang_giang_day
500965,truyền cảm hứng môn học .,positive,ky_nang_giang_day
500979,truyền đạt chưa được thu hút .,negative,ky_nang_giang_day
500980,dạy dễ hiểu !,positive,ky_nang_giang_day
500981,"thầy giáo rất nhiệt tình , cảm ơn thầy trong thời gian vừa qua .",positive,hanh_vi
500986,bài giảng trực quan dễ tiếp thu .,positive,ky_nang_giang_day
500987,"học thấy rất phí thời gian , kiến thức thu được chẳng bao nhiêu .",negative,kien_thuc
500989,các bài tập thực hành có lượng bài khá nhiều và tương tự nhau .,negative,bai_tap
500996,đó là tại sao .,neutral,noi_chung
500998,"giảng viên nhiệt tình , vui tính , giảm bớt căng thẳng trong quá trình học .",positive,hanh_vi
501000,được giáo viên bổ túc thêm nhiều kiến thức hơn so với giáo trình .,positive,kien_thuc
501004,em mong thầy cũng như các giảng viên khác bàn bạc xem xét lại vấn đề về việc điểm danh đối với môi trường đại học .,neutral,de_xuat
501006,"tuy nhiên , mọi chuyện như lời nói đã không xảy ra !",negative,noi_chung
501007,có hướng dẫn định hướng nghề nghiệp bổ ích .,positive,kinh_nghiem
501011,thầy dạy kỹ .,positive,ky_nang_giang_day
501012,"thầy rất tận tâm , vui vẻ .",positive,hanh_vi
501013,cách trao đổi của thầy qua facebook rất nhanh chóng và gần gũi .,positive,hanh_vi
501015,có vẻ như đó là thói quen của thầy ạ .,neutral,hanh_vi
501019,"phương pháp dạy hơi nhanh , có thể một số người chưa bắt kịp .",negative,ky_nang_giang_day
501023,thầy hạn chế nói xưng hô mày trong lớp .,negative,hanh_vi
501029,trình độ đề thi không phù hợp với kiến thức trong lớp .,negative,cham_diem
501032,trong quá trình giảng dạy có kèm theo các phương pháp học tập .,neutral,ky_nang_giang_day
501035,tốc độ giảng bài vừa phải để em có thể dễ dàng theo kịp .,positive,ky_nang_giang_day
501038,giúp đỡ tận tình !,positive,hanh_vi
501041,"thái độ dạy hời hợt , những buổi giảng viên "" không kẹt xe "" thì sẽ cho lớp nghỉ sớm để giảng viên "" đi họp "" .",negative,hanh_vi
501042,"thầy tiếp nhận lớp quá trễ , thậm chí sau 3 tuần thầy vẫn chưa liên lạc với lớp .",negative,hanh_vi
501044,chưa phổ biến rõ cách thức nộp bài thi .,negative,bai_tap
501048,quá nhàm chán và lớp chỉ đi học có 8 - 12 người .,negative,noi_chung
501049,"rất tốt , không có gì để chê .",positive,noi_chung
501053,truyền đạt đúng những mục đích của các buổi học .,positive,ky_nang_giang_day
501055,cô rất có trách nhiệm với sinh viên .,positive,hanh_vi
501062,"thầy chỉ bảo rất nhiệt tình , tận tâm , nghiêm túc nhưng thoải mái , vui vẻ , em rất thích !",positive,hanh_vi
501078,cho em xin ít con chip nfc .,neutral,noi_chung
501088,sinh viên khó tiếp thu được hết tất cả .,negative,ky_nang_giang_day
501099,thứ hai là em thấy rằng vai trò của thầy wzjwz51 trong môn wzjwz52 các kỹ thuật trong xử lý ngôn ngữ tự nhiên hơi ít .,negative,ky_nang_giang_day
501107,phần nói nhiều hơn .,negative,ky_nang_giang_day
501118,thầy dạy cung cấp rất nhiều ví dụ thực tế .,positive,kinh_nghiem
501121,có một đóng góp cho bộ môn anh văn trên trường mình mà em thấy nó hữu ích .,positive,kien_thuc
501129,"giảng viên nhiệt tình , tận tâm và quan tâm đến sinh viên .",positive,hanh_vi
501130,nhưng ít nhất cũng giúp sinh viên mô hình hoạt động mạng .,positive,kien_thuc
501140,"nguyên học kỳ mà gặp mặt giáo viên 1 , 2 lần .",negative,hanh_vi
501142,do dạy khác chuẩn coloncontemn .,neutral,noi_chung
501144,"kinh nghiệm truyền đạt rất tệ , khiến sinh viên vô cùng buồn ngủ .",negative,kinh_nghiem
501150,thực sự thầy dạy rất tốt nên em không cần gì thêm .,positive,ky_nang_giang_day
501154,kiến thức mà thầy truyền đạt .,neutral,kien_thuc
501156,"giảng viên vui tính , nhiệt tình , tạo sự thoải mái trong lớp học .",positive,hanh_vi
501177,hơi áp dụng vào slide nhiều .,negative,cung_cap_tai_lieu
501183,kỹ năng nghe và nói còn ít thực hành .,negative,kinh_nghiem
501184,thầy hay bận nghỉ và các bạn cũng vậy nên khi học thì lớp lại rất vắng khoảng 1 - 5 người .,negative,hanh_vi
501190,"giảng viên tận tâm , hỗ trợ nhiệt tình .",positive,hanh_vi
501194,chưa chỉ sinh viên cách tìm thêm tài liệu để đọc thêm .,negative,cung_cap_tai_lieu
501201,"cách truyền đạt , dạy của thầy rất dễ hiểu , dễ nắm bài .",positive,ky_nang_giang_day
501209,giảng lý thuyết nhiều gây nhàm chán và buồn ngủ .,negative,ky_nang_giang_day
501222,thầy hay thay đổi các chủ đề dẫn tới sinh viên khó có thể hiểu được ý của thầy .,negative,ky_nang_giang_day
501227,cô đi công tác hơi nhiều .,negative,hanh_vi
501228,"thứ hai , về cách chấm điểm quá trình doubledot về bài easy doubledot giảng viên chỉ nhìn sơ qua bài viết đếm số dòng và nhìn chữ đẹp hay xấu rồi cho điểm , chữ đẹp và nhiều chữ thì điểm cao , và ngược lại .",negative,cham_diem
501235,"vui vẻ , hòa đồng và biết lắng nghe ý kiến của sinh viên .",positive,hanh_vi
501236,"đôi lúc , thầy giảng bài hơi khó hiểu .",negative,ky_nang_giang_day
501238,ví dụ quá ít .,negative,cung_cap_tai_lieu
501240,kiến thức nắm được không rộng và bao quát .,negative,kien_thuc
501258,những kiến thức mà thầy mang đến giúp sinh viên có những kiến thức sâu hơn về nhiều mặt !,positive,kien_thuc
501259,"phong cách giảng dạy hay , lôi cuốn .",positive,ky_nang_giang_day
501261,"trước giữa kỳ thầy không thân thiện , nhiệt tình .",negative,hanh_vi
501263,do thời hạn có hạn và sinh viên đi học nên giảng viên chưa quan tâm được hết tất cả sinh viên .,negative,hanh_vi
501264,các buổi thực hành học hơi chán vì tương tác giữa giảng viên với sinh viên quá ít .,negative,hanh_vi
501270,"tận tậm , nhiệt tình , cuốn hút người học .",positive,hanh_vi
501277,"thầy tuy nhỏ người nhưng có giọng nói rất to rõ ràng , có uy lực có khí chất hùng dũng .",positive,hanh_vi
501284,cô giảng bài hơi nhiều khiến sinh viên học quá nhiều kiến thức dẫn đến rối .,negative,ky_nang_giang_day
501286,"thầy dạy hay , tuy nhiên còn nhiều chỗ chưa thật sự giải đáp hoàn toàn cho sinh viên vì chưa đủ thời gian .",neutral,ky_nang_giang_day
501293,"thầy rất vui vẻ , hỗ trợ tốt với sinh viên .",positive,hanh_vi
501305,thầy dạy nhiệt tình và truyền cảm hứng cho người học .,positive,hanh_vi
501310,những buổi nghỉ thầy nên thông báo trước ạ .,neutral,de_xuat
501316,thời gian chưa đảm bảo .,negative,chuong_trinh_hoc
501319,"trong lớp cô ít giao tiếp bằng tiếng anh , nói tiếng việt là nhiều , không nâng cao khả năng nghe của sinh viên .",negative,hanh_vi
501326,"đúng giờ , sử dụng thời gian hiệu quả .",positive,ky_nang_giang_day
501328,"đúng giờ , sử dụng giờ hiệu quả .",positive,ky_nang_giang_day
501329,"giảng viên đảm bảo giờ lên lớp , tận tâm .",positive,hanh_vi
501331,cô dạy thâm giờ quá .,negative,ky_nang_giang_day
501345,"deadline 3 lần sau đó được cho thêm 2 ngày , nhưng đến 23h59 ngày hôm sau đã quá hạn , nếu nộp vào ngày hôm sau nữa sẽ trễ deadline .",negative,bai_tap
501354,thầy nóng tính và tự tôn cao quá .,negative,hanh_vi
501356,"sự thân thiện và không gây áp lực , không khí buổi học luôn thoải mái để tiếp thu bài .",positive,hanh_vi
501359,cô tận tâm và dạy sinh viên tận tình .,positive,hanh_vi
501371,thầy giúp sinh viên tự học khá tốt .,positive,hanh_vi
501385,"trong lúc vấn đáp đồ án trực tiếp với sinh viên , khi có điều gì không hài lòng , giảng viên này sẵn sàng mắng chửi thô tục thậm tệ đối với sinh viên .",negative,hanh_vi
501387,"giảng viên dạy dễ hiểu , dễ hình dung .",positive,ky_nang_giang_day
501390,không hiệu quả trong việc giảng .,negative,ky_nang_giang_day
501393,"thầy hay đố quá , tụi em không biết được bao nhiêu colonsurprise !",negative,ky_nang_giang_day
501396,ít luyện kỹ năng nói .,negative,bai_tap
501397,"tinh thần , đáp ứng yêu câu .",positive,hanh_vi
501399,cơ mà hình thức 2 mà dot căn bản tự học thôi .,negative,noi_chung
501405,"cô dễ thương , gần gũi và rất quan tâm đến sinh viên của mình .",positive,hanh_vi
501407,"nói chung là thua , feed môn , ráng qua 5 điểm cho khỏe .",negative,noi_chung
501409,giảng viên nhiệt tình và có trách nhiệm .,positive,hanh_vi
501415,em cảm ơn cô nhiều .,positive,hanh_vi
501418,"gói gọn doubledot hay , tận tình , phù hợp với mọi trình độ cũng như nhu cầu môn học .",positive,ky_nang_giang_day
600001,giáo trình chưa cụ thể .,negative,cung_cap_tai_lieu
600002,giảng buồn ngủ .,negative,ky_nang_giang_day
600010,có một số vấn đề nói chưa rõ .,negative,ky_nang_giang_day
600014,nói chuyện dễ nghe .,positive,ky_nang_giang_day
600018,thầy cô dạy rất nhiệt tình !,positive,hanh_vi
600019,em không có bất cứ một lời phê bình nào .,positive,noi_chung
600023,"đồng thời , bài giảng , theo em nhìn nhận , thực sự rất chi tiết .",positive,ky_nang_giang_day
600030,"sự nhiệt tình , vui tính của giảng viên .",positive,hanh_vi
600031,"thầy cho tự tìm hiểu , và tự tìm hiểu khác với hiểu được vấn đề .",negative,ky_nang_giang_day
600038,tạm được .,neutral,noi_chung
600039,rât tốt .,positive,noi_chung
600041,giảng viên chưa cho sinh viên bài tập về nhà .,negative,bai_tap
600046,còn đi trễ .,negative,hanh_vi
600052,cô rất nghiêm .,negative,hanh_vi
600058,quá khó khăn trong việc báo cáo bài .,negative,bai_tap
600063,"thầy vui tính , rất nhiệt tình với sinh viên .",positive,hanh_vi
600070,không check mail mỗi khi hỏi bài .,negative,hanh_vi
600074,"thì hiện nay khóa 5 đang học môn này có cảm nhận vẫn còn là con "" chuột bạch "" thử nghiệm cho môn học .",negative,chuong_trinh_hoc
600088,được 200 điểm là đươc 1 điểm quá trình .,neutral,cham_diem
600089,chất lượng tốt .,positive,noi_chung
600107,cô giáo xinh .,positive,noi_chung
600115,"đúng giờ , tận tình .",positive,hanh_vi
600117,"giọng cô khó nghe , cô truyền đạt chưa hay , giảng nhanh .",negative,ky_nang_giang_day
600121,thầy rất đúng giờ .,positive,hanh_vi
600122,cô có tổ chức một hoạt động về anh văn nhưng em thấy chưa thực sự có hiệu quả ( đó là ý kiến cá nhân của em ) .,negative,ky_nang_giang_day
600126,thầy dịch slide và giảng khó hiểu .,negative,ky_nang_giang_day
600130,"thầy giáo tích cực , tâm lý .",positive,hanh_vi
600131,"thầy tận tâm , nhiệt tình với sinh viên .",positive,hanh_vi
600136,thầy nhiệt tình giảng bài !,positive,hanh_vi
600138,thầy giảng kỹ bài .,positive,ky_nang_giang_day
600141,"việc truyền đạt kiến thức theo lối bình dân , khiến sinh viên khó hình dung , nắm bắt được mình đang được truyền đạt điều gì .",negative,ky_nang_giang_day
600145,báo nghỉ không đại trà .,negative,noi_chung
600146,"cô dạy hay tuyệt , rất dễ hiểu .",positive,ky_nang_giang_day
600151,đừng có một chỗ tiếng anh một chỗ tiếng việt .,negative,cung_cap_tai_lieu
600152,giảng dạy hay dễ hiểu .,positive,ky_nang_giang_day
600154,thầy nhiệt tình trong cách giảng dạy .,positive,hanh_vi
600158,"hiện tại tương đối tốt , không cần điều chỉnh gì thêm .",positive,noi_chung
600160,vui tính hoà đồng .,positive,hanh_vi
600169,tệ đến mức không tả được .,negative,noi_chung
600171,thầy không cho slide bài giảng cũng không giới thiệu tài liệu đọc thêm .,negative,cung_cap_tai_lieu
600173,thầy tiếp tục giảng bài .,neutral,ky_nang_giang_day
600174,"tài liệu thầy cung cấp đầy đủ , cụ thể .",positive,cung_cap_tai_lieu
600177,giáo viên có kiến thức tốt .,positive,kien_thuc
600181,"thầy giảng bài khá là dễ hiểu , chậm nhưng chắc .",positive,ky_nang_giang_day
600197,đề nghị trừ lương .,neutral,de_xuat
600204,giảng viên nhiệt tình !,positive,hanh_vi
600208,thầy rất nhiệt tình giảng dạy .,positive,hanh_vi
600239,giải đáp thắc mắc sinh viên kỹ lưỡng .,positive,hanh_vi
600243,thấy rất vui tính .,positive,hanh_vi
600253,thầy dạy dễ hiểu !,positive,ky_nang_giang_day
600257,giảng viên tận tâm nhiệt tình vui vẻ .,positive,hanh_vi
600265,dời lịch hẹn gặp sinh viên nhưng không thông báo .,negative,hanh_vi
600267,tận dụng hết thời gian .,neutral,noi_chung
600272,do đó làm hiệu quả học chưa đạt mức tốt nhất .,negative,noi_chung
600275,"nhiệt tình , tạo không khí học tập tốt .",positive,hanh_vi
600281,em thấy cô dạy rất hay .,positive,ky_nang_giang_day
600282,thầy dạy rất nhiệt tình .,positive,hanh_vi
600293,không hài lòng với sự cố gắng của bản thân mình .,negative,noi_chung
600295,một người thầy như vậy thì làm sao có thể dạy được học sinh tốt .,negative,ky_nang_giang_day
600296,"đúng từng câu chữ thì ok , còn lại failse .",negative,noi_chung
600301,giảng viên tận tâm và nhiệt tình .,positive,hanh_vi
600302,quan tấm sinh viên nhiều hơn .,neutral,noi_chung
600309,thầy thân thiện .,positive,hanh_vi
600312,"em không thể nghe được thầy nói gì do khác vùng miền , cách giảng dạy chưa có sức hấp dẫn .",negative,ky_nang_giang_day
600315,"thầy giảng hay , dễ hiểu , có nhiều ví dụ .",positive,ky_nang_giang_day
600321,môn này thầy dạy rất mơ hồ .,negative,ky_nang_giang_day
600323,"cô rất nhiệt tình , tận tâm và gần gũi .",positive,hanh_vi
600324,giảng viên dạy rất dễ hiều .,positive,ky_nang_giang_day
600329,đồ án thầy phân tích rất chuyên sâu .,positive,ky_nang_giang_day
600337,giảng dạy tốt đạt hiểu quả cao .,positive,ky_nang_giang_day
600338,"truyền đạt tốt , dễ hiểu .",positive,ky_nang_giang_day
600340,"giảng viên luôn đến lớp đúng giờ , giảng dạy thân thiện , tận tâm .",positive,hanh_vi
600346,giảng viên làm việc riêng khi sinh viên báo cáo .,negative,hanh_vi
600352,thầy rất vui tính gần gũi .,positive,hanh_vi
600353,lên lớp đầy đủ .,neutral,noi_chung
600354,giáo viên lên lớp đúng giờ .,positive,hanh_vi
600355,hướng dẫn cách học tiếng anh hiệu quả cho sinh viên !,neutral,de_xuat
600359,giảng viên thường xuyên tương tác với sinh viên trong lúc dạy .,positive,hanh_vi
600367,lo cho sinh viên .,neutral,noi_chung
600368,đôi khi thầy hơi lan man .,negative,hanh_vi
600378,thầy không quan tâm tiến độ và bám sát hoạt động học của sinh viên .,negative,hanh_vi
600379,quay video quá trình dạy .,positive,de_xuat
600380,trong quá trình dạy cô có liên hệ thực tế nhiều .,positive,kinh_nghiem
600382,thầy dạy khá hay và kỹ .,positive,ky_nang_giang_day
600384,tận tâm và nhiệt tình trong giảng dạy .,positive,hanh_vi
600399,"thầy cho cả lớp tranh luận về các quy luật , các cặp phạm trù , các nguyên lý của chủ nghĩa mác - lênin .",neutral,ky_nang_giang_day
600404,kiến thức truyền đạt .,neutral,kien_thuc
600408,"nhiệt tình , quan tâm sinh viên .",positive,hanh_vi
600412,"những bài giảng thiết thực , kèm theo những hình thức học tập mới lạ làm cho sinh viên cảm thấy bớt căng thắng khi học .",positive,ky_nang_giang_day
600417,nâng cấp phiên bản của các phần mềm .,negative,thiet_bi_day_hoc
600421,đó là ý kiến cá nhân của em .,neutral,noi_chung
600423,"hướng dẫn và giảng dạy chi tiết , dễ hiểu .",positive,ky_nang_giang_day
600424,"thầy nhiệt tình , giải đáp thắc mắc kịp thời .",positive,hanh_vi
600426,"thầy cho các nhóm seminar dịch sách tiếng anh nhưng nhiều nhóm làm quá qua loa nên em không hiểu nội dung sách cho lắm , mặc dù thầy có giảng lại .",negative,bai_tap
600428,tạm tạm .,neutral,noi_chung
600431,"cách dạy không hay , dễ gây nhàm chán .",negative,ky_nang_giang_day
600432,có đầy nhiệt tình và quan tâm việc học .,positive,hanh_vi
600440,"phương pháp truyền đạt thú vị , tiết học sôi động không gò bó .",positive,ky_nang_giang_day
600441,"thầy wzjwz288 nhiệt tình , nghiêm túc .",positive,hanh_vi
600443,cách học theo nhóm rất hay .,positive,ky_nang_giang_day
600448,"giảng dạy đúng giờ , hiệu quả .",positive,ky_nang_giang_day
600450,chưa tạo được nhiều hoạt động trên lớp .,negative,ky_nang_giang_day
600457,"điểm thi còn nhiều bất cập , rất nhiều bạn còn phúc kháo .",negative,cham_diem
600460,"thầy giảng rõ ràng , dễ hiểu .",positive,ky_nang_giang_day
600469,"đề thi nằm ngoài mục tiêu giảng dạy quá nhiều , đề trắc nghiệm khách quan mà cho tới 5 đáp án là không hợp lý .",negative,cham_diem
600472,cô cho nhiều bài tập để rèn luyện .,positive,bai_tap
600477,tốt .,positive,noi_chung
600505,"quản lý lớp tốt , truyền đạt hay .",positive,ky_nang_giang_day
600508,giao viên dạy rất nhiệt tình .,positive,hanh_vi
600513,giảng viên luôn nhiệt tình với sinh viên trong quá trình giảng dạy .,positive,hanh_vi
600516,"nhiệt huyết , vui tính .",positive,hanh_vi
600519,đây là một giảng viên có số lượng fan đông nhất trường .,positive,hanh_vi
600533,"thân thiện , tận tình hướng dẫn .",positive,hanh_vi
600547,thiếu kinh nghiệm .,negative,kinh_nghiem
600554,"thưa , thầy luôn nhiệt tâm và rất gần gũi với sinh viên .",positive,hanh_vi
600555,"cô dạy rất nhiệt tình , hiểu tâm lý sinh viên , rất vui tính .",positive,hanh_vi
600563,giọng thầy hơi nhỏ và đều đều làm sinh viên buồn ngủ .,negative,ky_nang_giang_day
600565,thầy vui vẻ tận tâm .,positive,hanh_vi
600566,"thầy dạy chi tiết , dễ hiểu bài , luôn đi vào các phần trọng tâm của bài .",positive,ky_nang_giang_day
600568,"giảng dạy hay , dễ hiểu .",positive,ky_nang_giang_day
600582,buồn ngủ .,negative,noi_chung
600584,thầy đẹp trai nhưng trông có pha chút nữ tính .,neutral,noi_chung
600596,chất lượng giảng dạy .,neutral,noi_chung
600615,có hài lòng .,positive,noi_chung
600632,cuối buổi học thầy chia sẻ kinh nghiệm để tụi em có thể học tốt hơn .,positive,kinh_nghiem
600635,sinh viên có nhiều môn học nên khó mà chỉ đầu tư quá nhiều cho một môn .,negative,noi_chung
600642,"thầy tâm lý , vui tính .",positive,hanh_vi
600644,phòng quá nóng và chói làm máy chiếu bị mờ .,negative,thiet_bi_day_hoc
600648,thầy rất tích cực trong quá trình giảng dạy .,positive,hanh_vi
600651,chưa giảng chi tiết những bài tập sinh viên không làm được .,negative,bai_tap
600667,chấm bài tập hoặc đồ án hơi gắt .,negative,cham_diem
600668,"cách dạy thuyết phục sinh viên , phù hợp với sinh viên .",positive,ky_nang_giang_day
600671,giảng viên cho quá nhiều bài tập .,negative,bai_tap
600674,"nhiệt tình , tận tâm , vui tính .",positive,hanh_vi
600682,thu hút em học .,positive,noi_chung
600685,"giáo viên không có khả năng đứng lớp , bài giảng dở tệ .",negative,ky_nang_giang_day
600686,nên có nhiều buổi kiểm tra trên lớp .,neutral,de_xuat
600688,thầy luôn tích cực trả lời thắc mắc của sinh viên trên moodle .,positive,hanh_vi
600712,cô dạy rất nhiệt tình và quan tâm đến sinh viên .,positive,hanh_vi
600715,vô cùng tuyệt vời .,positive,noi_chung
600723,mong phòng đào tạo xem xét để khóa sau học được chất lượng ạ .,negative,de_xuat
600726,em rất hài lòng về cách dạy của thầy trong môi trường đại học .,positive,ky_nang_giang_day
600727,"thầy tận tâm , nhiệt tình với học sinh .",positive,hanh_vi
600736,cô rất nhiệt tình và tận tâm với sinh viên !,positive,hanh_vi
600743,giọng nói dễ nghe .,positive,ky_nang_giang_day
600744,một số vấn đề còn khó hiểu .,negative,ky_nang_giang_day
600751,giáo viên đúng giờ .,positive,hanh_vi
600756,giảng viên nên thông báo hình thức ra đề đề mở hay đề đóng để sinh viên biết và chuẩn bị tài liệu để bài kiểm tra có kết quả tốt hơn .,neutral,de_xuat
600761,ít cho học sinh luyện kỹ năng nghe nói .,negative,bai_tap
600770,giảng viên giải đáp các thắc mắc tại lớp tận tình .,positive,hanh_vi
600776,thầy dạy vui tính .,positive,hanh_vi
600780,"giảng viên rất nhiệt tình , tạo mọi điều kiện cho sinh viên hoàn thành tốt môn học .",positive,hanh_vi
600781,thầy rất nhiệt tình trong việc giảng dạy và hướng dẫn sinh viên .,positive,hanh_vi
600789,thường xuyên cho bài tập về nhà .,negative,bai_tap
600790,"giáo viên nên liên hệ với giáo viên lý thuyết , để có nội dung thực hành sát với nội dung giảng dạy trên lớp .",neutral,de_xuat
600804,"cách trình bày , diễn đạt kiến thức chưa được tốt .",negative,ky_nang_giang_day
600811,"hiểu được sơ lược về một hệ điều hành , biết được một số thuật toán cần thiết của môn học .",positive,kien_thuc
600827,"giảng viên tận tâm , nhiệt tình với sinh viên .",positive,hanh_vi
600832,em cảm ơn thầy nhiều ạ .,positive,hanh_vi
600833,giáo viên thân thiện .,positive,hanh_vi
600839,"hay đi trễ , giảng buồn ngủ .",negative,hanh_vi
600841,"cách giảng bài khó hiểu , vòng vèo , không theo chủ đề .",negative,ky_nang_giang_day
600842,phần speaking rất dễ hiểu .,positive,ky_nang_giang_day
600847,thầy biết lắng nghe ý kiến từ học sinh .,positive,hanh_vi
600849,truyền đạt khó hiểu .,negative,ky_nang_giang_day
600850,nhanh .,neutral,noi_chung
600851,thầy dạy thiếu nhiệt tình .,negative,hanh_vi
600857,môn học rất là hữu ích .,positive,kien_thuc
600859,"giảng dễ hiểu , thu hút , hấp dẫn .",positive,ky_nang_giang_day
600860,giảng viên giảng nhanh .,negative,ky_nang_giang_day
600868,"thầy rất vui , cực kỳ nhiệt tình .",positive,hanh_vi
600875,điểm danh quá nhiều .,negative,noi_chung
600877,buổi thực hành giáo viên không đi buổi nào .,negative,hanh_vi
600886,"không ý kiến , môn học rất tốt .",positive,chuong_trinh_hoc
600899,đề nghị giảng viên nên sử dụng hệ thống moodle nhiều hơn !,neutral,de_xuat
600900,thầy dạy chưa đúng giờ .,negative,hanh_vi
600902,tận tâm và nhiệt huyết .,positive,hanh_vi
600903,có chuyên môn cao .,positive,kien_thuc
600909,"nhiệt tình , vui tính !",positive,hanh_vi
600911,"nhiệt tình , tâm huyết với học sinh .",positive,hanh_vi
600914,giáo trình tiếng anh .,neutral,cung_cap_tai_lieu
600915,"thầy dạy rất hay , nhiệt tình , dễ hiểu .",positive,ky_nang_giang_day
600922,"hơi lan man , không đi vào trọng tâm .",negative,ky_nang_giang_day
600927,lượng kiến thức cho phần kiểm tra đánh giá kết quả học tập tràn lan .,negative,kien_thuc
600935,"mơ hồ , không chi tiết .",negative,noi_chung
600936,nói chung again 10 fraction 10 .,neutral,noi_chung
600951,quá trình giảng dạy rất dễ hiểu .,positive,ky_nang_giang_day
600953,cô giảng dễ hiểu .,positive,ky_nang_giang_day
600957,chú trọng giao tiếp .,neutral,hanh_vi
600960,giang viên quá cứng nhắc .,negative,hanh_vi
600961,trong khi đề thi lại có 50% bài tập .,negative,bai_tap
600965,đảm báo giờ lên lớp và kiến thức .,positive,kien_thuc
600969,tận tình giúp đỡ các bạn sinh viên .,positive,hanh_vi
600975,bài tập .,neutral,bai_tap
600983,"nhìn cô dễ thương , giọng cô nghe rất ngọt .",positive,hanh_vi
600984,"cô vui , nhiệt tình , hướng dẫn tận tâm , thân thiện .",positive,hanh_vi
600994,ngoài ra còn nói về một số kiến thức thực tế liên quan đến môn học .,neutral,kien_thuc
601005,"giảng bài dễ hiểu , dễ tiếp thu .",positive,ky_nang_giang_day
601008,"giáo viên vui vẻ , thân thiện .",positive,hanh_vi
601017,nên có hướng dẫn chi tiết .,negative,de_xuat
601021,"khoa wzjwz10 với số lượng sinh viên khá đông mà đôi khi lại có thêm những bạn từ khoa khác vào học , nên giảng đường 2 trở nên đông kín .",negative,thiet_bi_day_hoc
601025,giảng viên tận tình giúp đỡ sinh viên .,positive,hanh_vi
601029,giải đáp thắc mắc của sinh viên nhanh chóng .,positive,hanh_vi
601030,bài giảng mang tính thực tiễn và ứng dụng cao .,positive,kinh_nghiem
601047,còn nhiều slide .,negative,cung_cap_tai_lieu
601052,sau khi qua môn này chắc sẽ không học thầy nữa .,negative,hanh_vi
601055,điều này tạo cho sinh viên sự chủ động trong học tập .,positive,noi_chung
601057,thầy giảng rất ít .,negative,ky_nang_giang_day
601068,cô than hoài à .,negative,hanh_vi
601069,"nội dung môn học không phù hợp , quá nhiều lý thuyết , lý thuyết quá rườm rà và không phù hợp với truyền thống việt nam .",negative,chuong_trinh_hoc
601070,cô vui vẻ và nhiệt tình .,positive,hanh_vi
601071,"phương pháp giảng dạy tốt , dễ hiểu .",positive,ky_nang_giang_day
601074,giảng viên hay đến muộn .,negative,hanh_vi
601076,cách dạy học tăng khả năng tự vận động của học sinh .,positive,ky_nang_giang_day
601079,thầy dạy còn khá khó về thời lượng .,negative,ky_nang_giang_day
601081,em rất thích .,positive,noi_chung
601089,giảng viên thường đến lớp trễ .,negative,hanh_vi
601099,giảng viên tận tình .,positive,hanh_vi
601100,"giảng viên vui tính , hòa đồng .",positive,hanh_vi
601105,cách ứng dụng lý thuyết vào thực tế .,neutral,kinh_nghiem
601107,"phòng học còn nóng và bụi bặm , máy chiếu tuy nhìn được nhưng như vậy vẫn là mờ , nếu ngồi xa hay hôm nào sáng quá sẽ khó thấy .",negative,thiet_bi_day_hoc
601111,thầy rất thân thiện !,positive,hanh_vi
601116,"ngoài ra , các mặt còn lại em không có ý kiến .",neutral,noi_chung
601117,"giảng viên truyền đạt tốt , khơi gợi cho sinh viên tự tìm hiểu kiến thức .",positive,ky_nang_giang_day
601118,"thầy truyền đạt kiến thức rất hay , và dễ hiểu .",positive,ky_nang_giang_day
601123,cách thầy giảng rất hấp dẫn và dễ hiểu .,positive,ky_nang_giang_day
601125,"cô dạy quá nhanh , lý thuyết dạy quá nhanh và quá nhiều mà cũng không cần thiết lắm .",negative,ky_nang_giang_day
601127,thầy giảng hơi khó hiểu hay tại bài học khó hiểu ?,negative,ky_nang_giang_day
601128,"giảng viên vui vẻ , nhiệt tình .",positive,hanh_vi
601130,sinh viên tìm tòi cách khác để có được kết quả giống nhưng không chấp nhận .,negative,hanh_vi
601131,"giảng viên thân thiện , hòa đồng với sinh viên .",positive,hanh_vi
601133,dạy hơi khó hiểu .,negative,ky_nang_giang_day
601134,cô giảng hay .,positive,ky_nang_giang_day
601138,"giảng viên nhiệt tình , tương tác tích cực với sinh viên .",positive,hanh_vi
601140,thầy tạo điều kiện cho sinh viên có thê hoàn thành tất cả các bài lab .,positive,hanh_vi
601143,có dạy thêm ngôn ngữ trung rất thú vị .,positive,ky_nang_giang_day
601149,giảng viên giảng dạy khó tiếp thu .,negative,ky_nang_giang_day
601159,"giảng viên vui tính , nhiệt tình .",positive,hanh_vi
601160,chưa truyền đạt được kiến thức .,negative,ky_nang_giang_day
601162,thầy giúp học sinh giải nhiều bài tập .,positive,hanh_vi
601165,tóm lại em rất hài lòng .,positive,noi_chung
601166,"giảng viên giảng bài còn mơ hồ , phức tạp .",negative,ky_nang_giang_day
601180,slide bài giảng hay .,positive,cung_cap_tai_lieu
601183,thiếu hiệu quả không phù hợp với môn học .,negative,chuong_trinh_hoc
601184,dạy lý thuyết tốt .,positive,ky_nang_giang_day
601186,dạy rất dễ hiểu .,positive,ky_nang_giang_day
601187,"thầy hiền , nhiệt tình .",positive,hanh_vi
601188,kiến thức thực cần tế hơn .,negative,kien_thuc
601190,đôi lúc thầy giảng hơi nhanh .,negative,ky_nang_giang_day
601192,"thầy dạy những nội dung cần thiết , ngắn gọn và dễ hiểu .",positive,ky_nang_giang_day
601197,thầy rất quan tâm đến điểm số của sinh viên .,positive,hanh_vi
601199,"cô dạy hấp dẫn , thú vị !",positive,ky_nang_giang_day
601201,giảng bài hay !,positive,ky_nang_giang_day
601210,nhiệt tình và quan tâm học sinh .,positive,hanh_vi
601212,thầy chưa hỗ trợ lớp trong việc giải đáp các câu hỏi cũng như tạo điều kiện cho sinh viên học hỏi .,negative,hanh_vi
601216,nên có nhiều bài tập cho sinh viên tham khảo .,positive,de_xuat
601219,luôn giải thích chi tiết vấn đề thắc mắc của sinh viên .,positive,ky_nang_giang_day
601223,giáo viên dạy rất tệ .,negative,ky_nang_giang_day
601227,giảng viên dạy tận tâm .,positive,hanh_vi
601232,dạy sát với chương trình .,positive,chuong_trinh_hoc
601242,không có ý kiến gì .,neutral,noi_chung
601245,luôn luôn đúng giờ .,positive,hanh_vi
601246,"cô giảng dạy rất chăm chú , tận tình giải đáp thắc mắc của sinh viên .",positive,hanh_vi
601249,thầy có kiến thức nhiều .,positive,kien_thuc
601258,cô dạy rất có tâm và quan tâm đến sinh viên .,positive,hanh_vi
601264,thầy tận tâm nhiệt huyết .,positive,hanh_vi
601267,đi dạy đầy đủ .,positive,hanh_vi
601268,thầy lo giảng quên cả giờ giấc .,negative,hanh_vi
601269,cô rất nhiệt tình trong việc giảng dạy .,positive,hanh_vi
601270,giảng viên khá vui tính .,positive,hanh_vi
601271,"giảng viên tận tâm , nhiệt tình , quan tâm sinh viên .",positive,hanh_vi
601272,"nói chuyện rất nhỏ , cách truyền đạt chưa đến với sinh viên .",negative,ky_nang_giang_day
601275,cảm ơn thầy rất nhiều .,positive,hanh_vi
601276,"đề thi sử dụng google dịch , nửa tiếng anh nửa tiếng việt .",negative,cham_diem
601286,"thầy nên có đề mẫu , bài mẫu .",neutral,de_xuat
601288,"thầy rất nhiệt tình , giúp đỡ sinh viên rất nhiều trong quá trình hoàn thành đồ án .",positive,hanh_vi
601291,giảng viên tận tụy có tâm huyết đối với sinh viên .,positive,hanh_vi
601293,em có suy nghĩ là thầy không tin các bài tập do chính các bạn nữ làm .,negative,hanh_vi
601296,không hài lòng điểm gì cả !,negative,cham_diem
601299,"thầy luôn hướng dẫn sinh viên giải bài tập bằng nhiều cách , suy luận logic .",positive,ky_nang_giang_day
601321,"thầy còn nhiều lúc giảng chưa kỹ lướt qua quá nhanh chưa kịp đọc bài , chỉ dẫn chưa rõ ràng .",negative,ky_nang_giang_day
601324,giảng viên tận tình với sinh viên .,positive,hanh_vi
601325,"nên phân công giảng viên ít công việc ngoài , phân bố thời gian nghỉ lễ hợp lý .",neutral,de_xuat
601338,giảng dạy tốt !,positive,ky_nang_giang_day
601341,"tận tâm , nhiệt tình trong giảng dạy .",positive,hanh_vi
601345,"giảng viên nhiệt tình giải đáp câu hỏi , thắc mắc .",positive,hanh_vi
601357,"thầy dạy vui tính , dễ hiểu , dễ thương !",positive,ky_nang_giang_day
601358,làm kiểm tra thường xuyên .,neutral,chuong_trinh_hoc
601361,"môn học đề cao tính ứng dụng , vì vậy nên trang bị nhiều cơ sở vật chất và tài liệu nghiên cứu làm ý tưởng cho sinh viên làm đồ án môn học .",neutral,de_xuat
601362,áp dụng thực tiễn .,positive,kinh_nghiem
601365,"giảng viên thường giảng dạy quá thời gian của tiết học , nói nhiều và cách nói không thu hút sinh viên .",negative,ky_nang_giang_day
601366,giảng viên chưa cung cấp kiến thức đầy đủ cho sinh viên .,negative,kien_thuc
601401,thầy rất rất chi là nhiệt tình .,positive,hanh_vi
601410,"giảng viên năng động , hoạt bát , tạo hứng thú cho sinh viên trong lớp .",positive,hanh_vi
601417,xảy ra tai nạn đáng tiếc .,negative,noi_chung
601421,em thích nhất là phần dạy lý thuyết của thầy .,positive,ky_nang_giang_day
601422,"khi đưa ra ví dụ , cô có thể gợi ý hướng giải để chúng em dễ hiểu bài hơn .",positive,ky_nang_giang_day
601424,"giảng viên giảng dạy rất nhiệt tình , dễ tiếp thu kiến thức .",positive,ky_nang_giang_day
601437,áp lực nặng .,negative,noi_chung
601439,giảng viên dạy hơi quá thời gian .,negative,ky_nang_giang_day
601443,"không nhấn vào trọng tâm , giảng bài hơi khó tiếp thu .",negative,ky_nang_giang_day
601446,cô có tính cách năng động hòa đồng với học sinh .,positive,hanh_vi
601447,số bài thực hành quá nhiều đối với một môn thực hành hình thức 2 .,negative,bai_tap
601450,"thân thiện , nhiệt tình , hòa đồng , vui tính , đẹp trai .",positive,hanh_vi
601452,"cô rất tận tâm , hết mình với sinh viên .",positive,hanh_vi
601456,"cô nói nhanh , liên tục nhiều khi em không thể nghe kịp .",negative,ky_nang_giang_day
601459,thầy rất nhiệt tâm .,positive,hanh_vi
601466,"dạy nhiệt tình , thân thiện .",positive,hanh_vi
601472,"em học không tốt , em nghỉ nhiều buổi thực hành , còn lý thuyết thì em khá vững .",negative,ky_nang_giang_day
601478,tạm ổn .,neutral,noi_chung
601479,"thầy vui tính , nhiệt tình , trả lời mọi thắc mắc của sinh viên .",positive,hanh_vi
601488,giảng viên truyền đạt hiệu quả .,positive,ky_nang_giang_day
601489,rất thực tế và cụ thể .,positive,kinh_nghiem
601495,"thầy dạy rất kỹ , rất chi tiết .",positive,ky_nang_giang_day
601496,"cô dạy nhiệt tình , dễ hiểu , đảm bảo cho sinh viên hiểu rõ lý thuyết .",positive,ky_nang_giang_day
601502,"thầy nói lan man khá nhiều , khiến sinh viên không biết đâu là phần nội dung chính .",negative,ky_nang_giang_day
601505,"cô dạy rất hay , chậm và kỹ càng , giúp chúng em hiểu sâu hơn về bài giảng .",positive,ky_nang_giang_day
601509,giáo viên giảng dễ hiểu .,positive,ky_nang_giang_day
601511,bản thân sinh viên chưa từng gặp giảng viên này một lần nào trong khóa học .,negative,hanh_vi
601516,nhiều lúc thầy nói hơi nhanh .,negative,ky_nang_giang_day
601520,"có nhiều vấn đề còn khó hiểu , khó tiếp cận .",negative,ky_nang_giang_day
601537,em quen ngồi máy tính tìm hiểu hơn là học môn này buồn ngủ .,negative,ky_nang_giang_day
601541,"trang bị máy chiếu mới , loa và micro của phòng học , máy tính mới cho phòng lab .",positive,thiet_bi_day_hoc
601542,giảng bài đôi khi hơi khó hiểu .,negative,ky_nang_giang_day
601549,tài liệu đầy đủ .,positive,cung_cap_tai_lieu
601551,tích cực giúp đỡ sinh viên .,positive,hanh_vi
601554,"giảng viên nghỉ dạy khá nhiều , không đảm bảo giờ lên lớp .",negative,hanh_vi
601556,chu đáo .,positive,noi_chung
601562,thầy giảng hay có trọng tâm dễ hiểu .,positive,ky_nang_giang_day
601570,có hướng dẫn đầy đủ dễ hiểu .,positive,ky_nang_giang_day
700016,thầy rất tận tình và giúp đỡ sinh viên rất nhiều .,positive,hanh_vi
700017,giảng viên giải thích kỹ và chi tiết .,positive,ky_nang_giang_day
700019,"còn những phần tìm bao đóng , chứng minh dạng chuẩn chưa làm rõ .",negative,ky_nang_giang_day
700020,cung cấp kiến thức bổ ích .,positive,kien_thuc
700023,"giảng viên nhiệt tình , giải đáp thắc mắc đầy đủ .",positive,hanh_vi
700025,giảng viên dạy sôi nổi .,positive,ky_nang_giang_day
700026,em học bên chất lượng cao mà phòng máy không cung cấp đủ máy ( vì máy hư hoặc không cài chương trình ) .,negative,thiet_bi_day_hoc
700027,chưa giỏi chuyên môn cho lắm .,negative,kien_thuc
700028,cách mà cô tiếp cận với sinh viên .,neutral,hanh_vi
700030,"giảng viên tận tâm , gần gũi với học sinh .",positive,hanh_vi
700035,giữa lý thuyết từ vựng với trò chơi để dễ tiếp thu .,positive,ky_nang_giang_day
700040,cung cấp bài tập đa dạng .,positive,bai_tap
700042,ổn .,neutral,noi_chung
700054,như vậy tụi em sẽ định hướng tốt hơn và tập trung vào những thứ cần thiết .,neutral,noi_chung
700059,"thầy dạy chi tiết , giảng giải kỹ .",positive,ky_nang_giang_day
700061,giảng viên cho bài tập nhiều đầy đủ .,positive,bai_tap
700062,up các bài giảng đầy đủ .,positive,cung_cap_tai_lieu
700065,"cô dạy hay , em không có ý kiến .",positive,ky_nang_giang_day
700067,"tận tâm , sẵn lòng giúp đỡ sinh viên giải đáp thắc mắc .",positive,hanh_vi
700070,tính thực tế cũng cao so với việc thi lý thuyết lấy điểm .,positive,kinh_nghiem
700080,giảng bài xúc tích .,positive,ky_nang_giang_day
700083,có up bài cho sinh viên làm thêm bài tập .,neutral,bai_tap
700085,em không thích như vậy tí xíu nào .,negative,noi_chung
700086,"thầy dạy đường lối mà em cứ ngỡ như em đang trở về thời đó , cách kể chuyện lịch sử qua tuyệt vời , có thể nói nếu tất cả các môn chính trị nào cũng có thầy dạy thì chắc em lên trình chính trị nhiều lắm ạ .",positive,ky_nang_giang_day
700090,không slide .,negative,cung_cap_tai_lieu
700106,giảng viên dạy rất là nhiệt tình .,positive,hanh_vi
700107,quá nhiệt tình .,positive,hanh_vi
700108,thầy lý thuyết wzjwz223 cũng thường xuyên đi trễ .,negative,hanh_vi
700112,thầy dạy rất hay và kỹ .,positive,ky_nang_giang_day
700118,rất tận tình .,positive,hanh_vi
700125,ít cho bài tập .,negative,bai_tap
700126,có nhiều thầy cô đến lớp không đúng giờ .,negative,hanh_vi
700128,nhiệt tình giảng bài .,positive,hanh_vi
700152,gần gũi với sinh viên .,positive,hanh_vi
700157,gíao viên hầu như chỉ dạy qua loa cho có .,negative,ky_nang_giang_day
700158,"gây mê , hay mắng và rất dễ hờn coloncontemn .",negative,hanh_vi
700163,giáo viên thực hành .,neutral,noi_chung
700167,bài tập thầy giảng rất hay .,positive,bai_tap
700169,hơi khô khan trong việc giảng dạy .,negative,ky_nang_giang_day
700175,"thầy vui vẻ , tận tình .",positive,hanh_vi
700176,tóm lại doubledot cô là giảng viên tệ nhất được học từ năm nhất đến bây giờ .,negative,noi_chung
700178,cô dạy lý thuyết rất dễ hiểu .,positive,ky_nang_giang_day
700183,chấm điểm hơi khó .,negative,cham_diem
700186,"giáo viên nghỉ không thông báo nhiều lần , ảnh hưởng tới thời gian và công sức của sinh viên .",negative,hanh_vi
700188,thầy thường xuyên trả lời trễ không trả lời mail của sinh viên .,negative,hanh_vi
700207,cô cực kỳ dễ thương luôn .,positive,hanh_vi
700210,đề thi quá dài .,negative,bai_tap
700212,nghiêm khắc hơn đối với sinh viên .,negative,hanh_vi
700222,"bài tập rất hay và thiết thực , cho sinh viên nhiều lựa chọn .",positive,bai_tap
700225,thầy vui tính và nhiệt tình giảng dạy .,positive,hanh_vi
700239,em mong là có phần khảo sát môn học ở giữa kỳ chứ cuối kỳ thì môn học đã qua đi rồi .,neutral,de_xuat
700241,giúp đỡ học sinh các bài khó .,positive,hanh_vi
700253,giảng viên liên tục bỏ buổi dạy mà không có lý do .,negative,hanh_vi
700257,"không có , giáo viên dạy rất ổn !",positive,ky_nang_giang_day
700258,"thầy quan tâm , hỗ trợ nhiều .",positive,hanh_vi
700272,""" các bạn có hiểu ý thầy wzjwz287 không ạ "" ( đáp lại thầy là sự im lặng ) .",negative,ky_nang_giang_day
700276,tận tình giúp đở sinh viên .,positive,hanh_vi
700278,"cô rất nhiệt tình , vui vẻ .",positive,hanh_vi
700293,kỹ những chương cuối .,neutral,noi_chung
700295,chuẩn bị bài học kỹ càng .,positive,ky_nang_giang_day
700296,"phòng máy , thết bị cũ .",negative,thiet_bi_day_hoc
700298,"nhiệt tình , vui tính , tâm lý .",positive,hanh_vi
700299,đặt nhiều câu hỏi trong lúc dạy .,neutral,ky_nang_giang_day
700300,cô giải bài tập rất kỹ lưỡng .,positive,ky_nang_giang_day
700308,"thầy dạy tận tâm , luôn giải đáp thắc mắc cho học trò .",positive,hanh_vi
700312,thầy cho học cực kỳ ít buổi và cũng không bù .,negative,chuong_trinh_hoc
700313,dạy quá nhanh và đôi chút hơi khó hiểu .,negative,ky_nang_giang_day
700318,giáo viên không cho đồ án môn học .,negative,bai_tap
700324,giảng viên truyền đạt bài rất dễ tiếp thu .,positive,ky_nang_giang_day
700329,cô vui tính colonsmilesmile .,positive,hanh_vi
700330,thầy luôn đảm bảo giờ dạy .,positive,hanh_vi
700337,rất gần gũi và tận tâm .,positive,hanh_vi
700341,với lượng kiến thức nhiều nên gây sự khó hiểu không tiếp thu kịp .,negative,kien_thuc
700366,không hướng dẫn cụ thể bài tập và cách giải .,negative,bai_tap
700375,thầy rất tận tình !,positive,hanh_vi
700381,chỉ có cơ sở vật chất trường còn hạn chế .,negative,thiet_bi_day_hoc
700384,cung cấp ít từ mới .,negative,cung_cap_tai_lieu
700385,thầy ra đề khó quá .,negative,bai_tap
700387,"rất hài lòng , rất nhiệt tình , chu đáo , trao đổi bài với sinh viên tận tâm .",positive,hanh_vi
700394,demo tốt .,positive,noi_chung
700396,không được thực hành nhiều .,negative,kinh_nghiem
700399,em hoàn toàn không hài lòng về cách giảng dạy của thầy cả .,negative,ky_nang_giang_day
700403,cám ơn thầy fraction cô rất nhiều .,positive,hanh_vi
700411,"cô giảng dạy có tâm , nhiệt tình với sinh viên .",positive,hanh_vi
700412,cô dạy rất hay .,positive,ky_nang_giang_day
700415,chương trình học thú vị .,positive,chuong_trinh_hoc
700428,cô dạy rất hay và rất tốt .,positive,ky_nang_giang_day
700435,cô còn cho một thời gian để gặp học sinh .,positive,hanh_vi
700437,làm bài giảng sinh động .,positive,ky_nang_giang_day
700440,đã có làm đơn với phòng đào tạo .,neutral,noi_chung
700445,trên lớp cho ít ví dụ mở rộng nên chưa hiểu sâu .,negative,kinh_nghiem
700446,"vui vẻ , hỏi thầy thầy rep lại rất nhanh .",positive,hanh_vi
700453,"nhiệt tình , có trách nhiệm .",positive,hanh_vi
700454,bài tập đầy đủ .,positive,bai_tap
700456,không điểm danh .,negative,hanh_vi
700459,có cung cấp tài liệu cho sinh viên .,neutral,cung_cap_tai_lieu
700463,giảng viên đến lớp rất đúng giờ ( sớm hơn cả giờ bắt đầu ) .,positive,hanh_vi
700468,"giáo viên nhiệt tình , kịp thời trả lời mail thắc mắc liên quan tới môn học của sinh viên .",positive,hanh_vi
700472,thầy đi trễ dạy muộn giờ .,negative,hanh_vi
700473,"giảng viên nhiệt tình , năng động .",positive,hanh_vi
700480,thầy giảng hay dễ hiểu .,positive,ky_nang_giang_day
700481,cô vô cùng nhiệt tình và tận tâm .,positive,hanh_vi
700487,cám ơn cô đã dạy lớp em .,positive,ky_nang_giang_day
700488,quan tâm và nhiệt tình .,positive,hanh_vi
700490,thầy dạy khá chi tiết .,positive,ky_nang_giang_day
700493,"giảng viên dạy tận tâm , nhiệt tình .",positive,hanh_vi
700494,thầy nghỉ ' hơi ' nhiều .,negative,hanh_vi
700497,đó là ý kiến cá nhân của em về giảng viên môn anh văn 2 này .,neutral,noi_chung
700498,"cách dạy không phù hợp , khó hiểu gây chán nản , không có động lực học .",negative,ky_nang_giang_day
700499,hướng dẫn đầy đủ .,positive,ky_nang_giang_day
700502,giảng dạy lý thuyết tốt .,positive,ky_nang_giang_day
700507,giúp sinh viên hoàn thiện các kỹ năng trong việc học tập .,positive,noi_chung
700508,"thầy wzjwz192 giảng bài dễ hiểu , cụ thể , chi tiết .",positive,ky_nang_giang_day
700522,"giảng viên cho bài tập hay , khó .",neutral,bai_tap
700528,không nhiệt tình .,negative,hanh_vi
700533,"nhiệt tình , vui vẻ , quan tâm đến sinh viên .",positive,hanh_vi
700534,"giọng nói của thầy truyền cảm , không gây cảm giác buồn ngủ .",positive,ky_nang_giang_day
700535,rất có tâm huyết và thương sinh viên colonsmile .,positive,hanh_vi
700541,hơi nhanh nhưng em vẫn theo kịp được .,negative,ky_nang_giang_day
700543,"mang tính chê trách sinh viên về chuyên môn , làm cho tâm lý sinh viên đi xuống , không có hứng thú trong học tập .",negative,hanh_vi
700545,"cô dạy tận tâm , nhiệt tình , giúp đỡ sinh viên .",positive,hanh_vi
700547,cô rất xinh .,positive,noi_chung
700551,"giảng dạy lý thuyết dễ hiểu , ví dụ hợp lý .",positive,ky_nang_giang_day
700552,khả năng truyền đạt của giảng viên chưa tốt .,negative,ky_nang_giang_day
700555,em không hiểu và thầy giải thích em cũng không hiểu thầy đang nói gì .,negative,ky_nang_giang_day
700560,"hướng dẫn chi tiết , rõ ràng .",positive,ky_nang_giang_day
700567,"cô dạy rất nhiệt tình , rất quan tâm học sinh .",positive,hanh_vi
700571,slide chi tiết .,positive,cung_cap_tai_lieu
700576,cảm thấy cô rất nhiệt tình làm việc theo nhóm hiệu quả .,positive,hanh_vi
700584,giảng viên rất nhiệt tình .,positive,hanh_vi
700595,bài tập phong phú .,positive,bai_tap
700603,quan tâm đến tình hình học tập của sinh viên rất nhiều .,positive,hanh_vi
700609,giảng tận tình .,positive,hanh_vi
700621,giảng viên giảng chưa kỹ .,negative,ky_nang_giang_day
700625,giảng bài rất dễ hiểu bài .,positive,ky_nang_giang_day
700626,phương pháp dạy học .,neutral,ky_nang_giang_day
700627,rất không hài lòng .,negative,noi_chung
700634,vì thế không thể tốt toàn vẹn được .,negative,noi_chung
700635,thầy dạy rất nhiệt tình và luôn tạo không khí thoải mái trong giờ học .,positive,hanh_vi
700638,phương pháp dạy rất hay .,positive,ky_nang_giang_day
700641,"cô hướng dẫn , giải thích kiến thức môn học rất cụ thể và dễ hiểu .",positive,ky_nang_giang_day
700645,"lên lớp thầy không có hướng dẫn , giải thích một vài thứ mình sẽ làm ( các môn khác thì có hướng dẫn sơ lược ) .",negative,ky_nang_giang_day
700646,cô rất nhiệt tình và tận tâm .,positive,hanh_vi
700647,kế hoạch giảng dạy tốt .,positive,ky_nang_giang_day
700649,chưa sâu rõ hoàn toàn kiến thức .,negative,kien_thuc
700660,bài tập còn chưa đa dạng .,negative,bai_tap
700667,trời nóng .,negative,noi_chung
700668,tiết học lúc nào cũng sôi nổi .,positive,hanh_vi
700670,phương pháp dạy hiệu quả .,positive,ky_nang_giang_day
700671,dạy được .,positive,ky_nang_giang_day
700678,"không khí lớp học không được sôi động , năng nổ .",negative,hanh_vi
700679,em không có ý kiến gì về cách giảng dạy của giảng viên .,neutral,ky_nang_giang_day
700689,dạy full english .,neutral,ky_nang_giang_day
700693,cô giảng bài rất là hay và không nhàm chán .,positive,ky_nang_giang_day
700698,giảng viên đến lớp sớm hơn .,positive,hanh_vi
700699,sáng tạo trong giảng dạy .,positive,ky_nang_giang_day
700702,"thầy dạy rất dề hiểu , tiếp thu bài nhanh .",positive,ky_nang_giang_day
700705,nắng vào buổi sáng ở gần cửa sổ .,neutral,noi_chung
700707,cô giảng hơi nhanh .,negative,ky_nang_giang_day
700709,tạo không khí vui vẻ cho lớp học .,positive,hanh_vi
700710,thầy không sử dụng moodle .,negative,cung_cap_tai_lieu
700713,"cô wzjwz290 dạy rất tận tâm , nhiệt tình colonsmile .",positive,hanh_vi
700714,thầy giảng bài rất chi tiết và dễ hiểu .,positive,ky_nang_giang_day
700715,"cách giảng dạy của cô có vẻ theo khuôn mẫu , truyền thống , nên mặc dù em biết cô đã rất tâm huyết với từng giờ lên lớp nhưng vẫn không gây được hứng thú cho các bạn .",negative,ky_nang_giang_day
700716,tiết học nhàm chán .,negative,ky_nang_giang_day
700718,chấm báo cáo hơi khắt khe .,negative,cham_diem
700719,thầy tốt .,positive,hanh_vi
700721,nói còn hơi nhỏ .,negative,noi_chung
700723,"nắm được tất cả tên các thành viên trong lớp , thường xuyên quan tâm tới sinh viên .",positive,hanh_vi
700724,cho phép sinh viên chuẩn bị bài trước tiết kiệm thời gian làm thực hành .,neutral,de_xuat
700728,"còn khoảng 15 - 20 phút cuối giờ mới mở slide lên và đọc slide , lướt rất nhanh nên sinh viên không thể hiểu bài được .",negative,ky_nang_giang_day
700729,chưa tạo được sự phấn khởi và không khí học tập năng động và náo nhiệt .,negative,hanh_vi
700730,thường xuyên dạy lố giờ .,negative,ky_nang_giang_day
700732,chúng em đã nghỉ khoảng 4 tuần như thế .,neutral,noi_chung
700736,"không tiếp cận lắm với sinh viên , hơi chán .",negative,hanh_vi
700743,giáo viên dạy nhiệt tình .,positive,hanh_vi
700747,làm sao có thể tìm thấy điểm không hài lòng được .,negative,noi_chung
700751,"thầy wzjwz254 rất hài hước và thân thiện , đặc biệt rất quan tâm đến việc học của sinh viên , thầy giải đáp tất cả những câu hỏi của em và cả sinh viên trong lớp , ngoài ra thầy còn nhờ những bạn đã hoàn thành xong bài tập của mình hướng dẫn cho những bạn chưa hiểu .",positive,hanh_vi
700753,học được nhiều điều mới không nằm trong sách vở .,positive,kien_thuc
700760,dễ hiểu vui tính .,positive,ky_nang_giang_day
700770,"thầy có thái độ phân biệt , chỉ quan tâm đến một vài sinh viên .",negative,hanh_vi
700780,"mỗi khi chúng em cần hỏi gì , cô đều giúp đỡ .",positive,hanh_vi
700781,bằng chứng là đầu kỳ lớp thầy đông cuối kỳ các sinh viên điều chạy sang lớp khác học ké vì học thầy sợ không hiểu không thể thi cuối kỳ được .,negative,ky_nang_giang_day
700785,"em có đi học ở một trung tâm ngoài trường , tiền học phí so với trường mình về số tiết là gần như tương đương nhau nhưng chất lượng học rất khác nhau , em được đảm bảo giờ lên lớp đúng , thực hành nói , nghe mỗi buổi học .",positive,ky_nang_giang_day
700786,bài tập cho hơi khó .,negative,bai_tap
700793,đây là những ví dụ nhập môn mà các em học sinh lớp 8 - 9 khi bắt đầu được học về quy hoạch động để đi thi học sinh giỏi .,neutral,noi_chung
700794,"giảng viên vui tính , cởi mở , thỉnh thoảng cũng hay khó tính với vài học sinh lười trong lớp .",neutral,hanh_vi
700796,giáo viên tâm lý .,neutral,noi_chung
700799,mến cô .,positive,hanh_vi
700800,giáo viên giảng dạy khá nhanh .,negative,ky_nang_giang_day
700801,"cô dạy rất dễ hiểu , điều chỉnh phù hợp với tốc độ tiếp thu của sinh viên .",positive,ky_nang_giang_day
700802,"thầy nhiệt tình , vui tính , thường tích cực hướng nghiệp cho sinh viên .",positive,hanh_vi
700806,"không có , chỉ là do em lười học nên không tiếp thu được .",negative,noi_chung
700808,theo sát quá trình thực hành của sinh viên .,neutral,kinh_nghiem
700810,"thầy dạy rõ ràng , dễ hiểu .",positive,ky_nang_giang_day
700813,"tận tình , vui tính .",positive,hanh_vi
700826,giáo viên dễ tính .,positive,hanh_vi
700827,giảng viên nói tiếng anh khó nghe và khó hiểu .,negative,ky_nang_giang_day
700830,không thu hút được sự tập trung của sinh viên .,negative,ky_nang_giang_day
700837,học sinh chưa thật sự đạt được kiến thức đầy đủ .,negative,kien_thuc
700840,nhiều kiến thức bổ ích .,positive,kien_thuc
700844,"nhiệt tình , vui vẻ , thoải mái .",positive,hanh_vi
700855,em xin cám ơn !,positive,noi_chung
700871,"nhiệt tình trong giảng dạy , vui vẻ , hòa đồng .",positive,hanh_vi
700880,thầy giải đáp các thắc mắc rất tường tận !,positive,hanh_vi
700883,cô rất tận tâm ạ !,positive,hanh_vi
700884,"giảng viên ít dạy từ mới , cấu trúc ngữ pháp vdotv .",negative,ky_nang_giang_day
700895,giảng viên nhiệt tính tâm huyết .,positive,hanh_vi
700897,"slide dễ hiểu , đầy đủ .",positive,cung_cap_tai_lieu
700902,"dạy nhiệt tình , dạy hết mình .",positive,hanh_vi
700905,thầy rất tận tình và hiểu sinh viên .,positive,hanh_vi
700911,phương pháp dạy của thầy thực sự hiệu quả và cuốn hút .,positive,ky_nang_giang_day
700913,tích cực hỗ trợ sinh viên .,positive,hanh_vi
700919,nên có thêm bài tập giải trực tiếp trên lớp .,neutral,de_xuat
700926,cần mở thêm lớp thực hành .,neutral,de_xuat
700927,kiến thức chuyên môn cao .,positive,kien_thuc
700929,tạo được kiến thức đầu đầy đủ cho sinh viên mới vào học bộ môn này .,positive,kien_thuc
700935,giảng dạy có tâm .,positive,hanh_vi
700938,do giảng viên giảng bằng tiếng anh nên với một số bạn không học tốt anh văn như em thì để hiểu được bài giảng quả là một việc khó khăn .,negative,ky_nang_giang_day
700940,thầy hiền và dễ thương .,positive,hanh_vi
700957,giáo viên rất tận tâm và nhiệt tình .,positive,hanh_vi
700960,"trợ giảng tận tình , dễ chịu , giảng viên chính hầu như không có mặt .",negative,hanh_vi
700965,dạy rất chi tiết .,positive,ky_nang_giang_day
700968,giáo viên dạy toàn trong sách giáo trình .,negative,ky_nang_giang_day
700971,do khi ra trường các công ty chủ yếu đánh mạnh phần thực hành và vận dụng .,neutral,kinh_nghiem
700972,giáo viên truyền đạt kinh nghiệm thực tế nhiều .,positive,kinh_nghiem
700980,"cô này chỉ hỗ trợ thầy wzjwz185 , chưa thấy cụ thể công việc .",negative,hanh_vi
700989,giảng viên giảng rất dễ hiểu .,positive,ky_nang_giang_day
700991,thầy dạy rất dễ hiểu bài .,positive,ky_nang_giang_day
700994,giảng viên cho điểm quá trình một cách chủ quan .,negative,cham_diem
701002,dạy rất nhiệt tình .,positive,hanh_vi
701003,"làm đa số học sinh chán , không hiểu bài nên không muốn đi học .",negative,ky_nang_giang_day
701015,"tiết học thú vị , giảng viên dạy hay , rất dễ hiểu .",positive,ky_nang_giang_day
701018,"lớp thực hành quá nhàm chán , sinh viên chỉ lên lớp có lệ .",negative,ky_nang_giang_day
701019,cô giảng bài giống như việc cô không biết mình giảng gì và cô thường xuyên kêu các bạn về xem lại trong sách .,negative,ky_nang_giang_day
701020,"cô nhiệt tình , giúp đỡ sinh viên rất nhiều .",positive,hanh_vi
701025,"giảng viên tận tình giảng dạy , quan tâm đến sinh viên .",positive,hanh_vi
701029,vì giữa kỳ do em bỏ lở .,neutral,noi_chung
701030,"phong cách dạy rất hay , rất dễ hiểu , tận tâm , nhiệt tình .",positive,ky_nang_giang_day
701036,dạy hơi chán .,negative,ky_nang_giang_day
701037,em xin hết .,neutral,noi_chung
701043,"cô giảng khá kỹ , nhưng hơi chậm .",neutral,ky_nang_giang_day
701045,dễ hiểu xinh gái .,positive,ky_nang_giang_day
701049,khá tận tâm và quân tâm đến sinh viên .,positive,hanh_vi
701051,tận tình trong giảng dạy .,positive,hanh_vi
701059,"quan trọng nhất là việc giảng rất hay quên mà không chịu note lại , trong khi đó sinh viên đã nhắc nhiều lần , và hay nhớ lung tung .",negative,hanh_vi
701072,giảng viên nhiệt tình và tận tâm .,positive,hanh_vi
701079,giảng viên chưa đi sâu vào vấn đề bài học .,negative,ky_nang_giang_day
701082,hầu như không có điều không hài lòng .,neutral,noi_chung
701086,sự tận tình .,positive,hanh_vi
701088,"qua hai học kỳ được học các môn học do thầy wzjwz110 giảng dạy , thầy dạy rất được .",positive,ky_nang_giang_day
701097,bọn em không thể nghe rõ .,negative,thiet_bi_day_hoc
701100,vấn đề không thể nắm bắt được hết .,negative,noi_chung
701107,đây là một môn học khó nhưng mà chất lượng slide bài giảng khá kém .,negative,cung_cap_tai_lieu
701108,thầy dạy đủ nội dung bài học .,positive,ky_nang_giang_day
701109,cách dạy tốt .,positive,ky_nang_giang_day
701114,cô dạy tốt .,positive,ky_nang_giang_day
701121,tiếp thu bài cũng ổn .,neutral,ky_nang_giang_day
701122,nhiệt tình và vui vẻ .,positive,hanh_vi
701129,"giáo viên giảng dạy xúc tích , dễ hiểu .",positive,ky_nang_giang_day
701130,hoàn toàn bình thường .,neutral,noi_chung
701134,được biết thêm nhiều kiến thức khác ở bên ngoài giúp mở rộng tầm mắt .,positive,kien_thuc
701137,thầy nhiệt tình hướng dẫn sinh viên .,positive,hanh_vi
701138,"giảng viên vui vẻ , nhiệt tình , gần gũi với sinh viên .",positive,hanh_vi
701150,lên lớp đều .,neutral,noi_chung
701152,một số lúc .,neutral,noi_chung
701157,"cô dạy rất nhiệt huyết , luôn vì sinh viên .",positive,hanh_vi
701160,"phương pháp dạy hay , dễ hiểu .",positive,ky_nang_giang_day
701163,cô dạy cũng ok .,positive,ky_nang_giang_day
701165,"lớp học của thầy luôn thoải mái và vui vẻ , không hề gò ép , cứng nhắc như các môn khác .",positive,hanh_vi
701177,bài giảng chưa sâu .,negative,kien_thuc
701178,"giọng thầy hơi khó nghe , dễ gây buồn ngủ .",negative,ky_nang_giang_day
701182,thầy nhiệt tình dễ thương .,positive,hanh_vi
701184,cung cấp đầy đủ kiến thức từng nội dung bài học .,positive,kien_thuc
701185,hệ thống âm thanh hỗ trợ những bài nghe không được như yêu cầu môn học .,negative,thiet_bi_day_hoc
701187,đầu tư một bộ giáo trình chất lượng và dễ hiểu và giảng dạy theo bộ giáo trình đó .,positive,cung_cap_tai_lieu
701188,giảng viên truyền đạt kiến thức kém hiệu quả .,negative,ky_nang_giang_day
701191,không vận dụng thời gian hợp lý .,negative,ky_nang_giang_day
701204,"thầy giảng dạy nhiệt tình , tận tụy hết mình vì công việc .",positive,hanh_vi
701208,đôi khi quá luyên thuyên các vấn đề không liên quan đến môn học .,negative,ky_nang_giang_day
701209,tạm thời chưa có .,neutral,noi_chung
701215,"những phần dễ thì thầy nói luyên thuyên , ví dụ rất nhiều , những phần khó thầy lướt nhanh .",negative,ky_nang_giang_day
701216,phương pháp dạy chưa thật sự hiệu quả .,negative,ky_nang_giang_day
701222,bám sát vào bài cũng như thực tế .,positive,kinh_nghiem
701223,nhiều khi đi muộn .,negative,hanh_vi
701229,đôi khi giảng hơi nhanh !,negative,ky_nang_giang_day
701234,sự nhiệt tình trong giảng dạy và giải đáp thắc mắc cho sinh viên .,positive,hanh_vi
701235,học hỏi được nhiều kiến thức .,positive,kien_thuc
701236,"thầy vui tính , dễ gần và thân thiện với sinh viên .",positive,hanh_vi
701244,thầy dạy hơi khó hiểu nhưng rất kỹ .,neutral,ky_nang_giang_day
701247,"thầy dạy hay , giảng kỹ , dễ hiểu .",positive,ky_nang_giang_day
701251,các bài tập trên lớp rất hợp lý .,positive,bai_tap
701258,cách thầy giảng chưa hiệu quả lắm .,negative,ky_nang_giang_day
701261,giảng viên có cách nói chậm dễ làm sinh viên buồn ngủ .,negative,ky_nang_giang_day
701267,"thầy dạy rất hay , thú vị .",positive,ky_nang_giang_day
701269,"giáo viên nói rất rõ ràng , dễ nghe .",positive,ky_nang_giang_day
701271,phương pháp giảng dạy fraction truyền đạt khó hiểu khi tiếp xúc kiến thức mới .,negative,ky_nang_giang_day
701272,"giảng viên giảng dạy rất nhiệt tình , tạo đủ áp lực cho sinh viên .",positive,hanh_vi
701274,lớp buồn không có ý kiến nhiều .,negative,noi_chung
701279,"thầy dạy chủ động , liên tục , giới thiệu đường lối công nghiệp .",positive,ky_nang_giang_day
701286,giảng nhanh quá .,negative,ky_nang_giang_day
701289,cách giảng dạy có phần khó hiểu .,negative,ky_nang_giang_day
701290,không khí căng thẳng .,negative,noi_chung
701300,cô dạy nhiệt huyết .,positive,hanh_vi
701303,giảng viên truyền đạt dễ tiếp thu .,positive,ky_nang_giang_day
701305,trang bị máy tính hiện đại hơn .,positive,thiet_bi_day_hoc
701308,cách truyền đạt .,neutral,ky_nang_giang_day
701309,cách giảng hay .,positive,ky_nang_giang_day
701323,"giảng viên có quan tâm đến sinh viên , đặc biệt là những sinh viên trung bình , yếu , sắp xếp lịch để dạy phụ đạo .",positive,hanh_vi
701324,"hòa đồng , vui tính , nhiệt tình .",positive,hanh_vi
701331,cực kỳ tận tâm .,positive,hanh_vi
701333,thầy wzjwz186 không dạy lớp này .,negative,hanh_vi
701342,hiệu quả .,neutral,noi_chung
701347,"khó gần , khó tính .",negative,hanh_vi
701352,"nhiệt tình , dễ mến , thân thiện , quan tâm sinh viên .",positive,hanh_vi
701354,cung cấp đầy đủ tài liệu học tập .,positive,cung_cap_tai_lieu
701355,cô có nhiều hoạt động trong lớp học khiến cho môn học dễ tiếp thu hơn .,positive,ky_nang_giang_day
701356,rất ít khi thấy giảng viên đến phòng thực hành .,negative,hanh_vi
701357,thông báo nghỉ trễ .,negative,noi_chung
701359,đồ án hay .,positive,bai_tap
701360,thầy dạy rất nhiệt tình !,positive,hanh_vi
701362,slide bài giảng chưa được đưa lên .,negative,cung_cap_tai_lieu
701364,thầy rất hài hước và vui tính .,positive,hanh_vi
701370,giang viên khá thân thiện .,positive,hanh_vi
701374,"thầy dạy kỹ , giảng dạy trực quan , dễ hiểu .",positive,ky_nang_giang_day
701375,cô giảng bằng tiếng anh rất hay .,positive,ky_nang_giang_day
701376,tận tâm với việc giảng dạy .,positive,hanh_vi
701377,dạy tương đối đầy đủ chương trình .,positive,chuong_trinh_hoc
701382,"tân tâm , nhiệt tình .",positive,hanh_vi
701391,đồ án quá khó với sinh viên năm 3 chưa đủ kiến thức .,negative,bai_tap
701395,cách giảng dạy .,neutral,ky_nang_giang_day
701399,rất hài lòng .,positive,noi_chung
701406,thầy tâm huyết .,positive,hanh_vi
701407,tài liệu và slide cập nhật kịp thời .,positive,cung_cap_tai_lieu
701411,giảng viên nhiệt tình lên lớp rất đúng giờ .,positive,hanh_vi
701430,bài tập nhiều .,negative,bai_tap
701433,tài liệu phục vụ học tập còn ít .,negative,cung_cap_tai_lieu
701435,giáo viên vui vẻ nhiệt tình .,positive,hanh_vi
701441,chúng em học gần hết học kỳ mới đi thực hành để làm gì nữa chứ .,negative,kinh_nghiem
701444,thầy dạy rất hay .,positive,ky_nang_giang_day
701446,thầy dạy khá ổn .,positive,ky_nang_giang_day
701462,thuyết trình trước lớp bằng tiếng anh theo chủ đề .,neutral,noi_chung
701464,giảng dạy hiệu quả và dễ hiểu .,positive,ky_nang_giang_day
701465,không reply mail .,negative,hanh_vi
701466,các hoạt động hỗ trợ dạy học của cô tạo ra rất thú vị .,positive,ky_nang_giang_day
701467,thảo luận được nhiều vấn đề .,neutral,noi_chung
701472,cách thầy giảng dạy không phù hợp với em .,negative,ky_nang_giang_day
701486,thầy không up slide bài giảng lên website môn học .,negative,cung_cap_tai_lieu
701487,nhiều bài tập về nhà .,negative,bai_tap
701494,cô cho nhiều bài tập hay .,positive,bai_tap
701497,"thực hành chỉ cần theo hình thức 2 , và gần như sinh viên cũng không cần thực hành nhiều trên trường , vì gần như không được hướng dẫn nhiều ở các buổi thực hành .",negative,kinh_nghiem
701498,"kiến thức nói thì lung tung , lan man , dàn trải .",negative,kien_thuc
701502,"giảng viên nhiệt tình , giờ rất chính xác .",positive,hanh_vi
701504,thầy dạy tạm ổn .,neutral,ky_nang_giang_day
701506,thầy dạy rất đầy đủ .,positive,ky_nang_giang_day
701510,không có điều gì không hài lòng .,positive,noi_chung
701511,cô dạy thực sự rất buồn ngủ .,negative,ky_nang_giang_day
701519,"cung cấp nhiều kiến thức mới , bổ ích .",positive,kien_thuc
701522,thầy dạy nhiệt tình vui vẻ .,positive,hanh_vi
701527,dạy bài tập kỹ .,positive,ky_nang_giang_day
701530,"dạy đúng giờ , nhiệt tình .",positive,hanh_vi
701534,thiếu hướng dẫn chi tiết .,negative,ky_nang_giang_day
701545,"quan tâm , tận tình giúp đỡ sinh viên .",positive,hanh_vi
701546,"phương pháp giảng dạy phù hợp và hiệu quả , lôi cuốn vào bài học .",positive,ky_nang_giang_day
701547,cho nhiều ví dụ minh họa dễ hiểu .,positive,kinh_nghiem
701549,có nhiều ví dụ và giải thích rõ hơn .,positive,ky_nang_giang_day
701550,nối dung trong slide còn hạn chế .,negative,cung_cap_tai_lieu
701558,"slide bài giảng toàn chữ , màu nền xanh pdf làm tất cả sinh viên không thể photo ra đọc .",negative,cung_cap_tai_lieu
701559,"thầy dạy dễ hiểu , những phần khó hiểu thầy hay viết outline .",positive,ky_nang_giang_day
701561,bài tập nhiều và khó .,negative,bai_tap
701562,tuyệt vời !,positive,noi_chung
701564,có sự phối hợp chặt chẽ giữa giáo viên lý thuyết và thực hành .,positive,hanh_vi
701567,"giảng viên nghỉ dạy không thông báo trước , nhiều lần lên trường và phải đợi đến 8h rồi về .",negative,hanh_vi
701575,"tận tình , không có thời gian chết .",positive,hanh_vi
701582,"thầy dạy nhiệt tình , dễ tính .",positive,hanh_vi
701587,quá nhiều .,negative,noi_chung
701594,học thoải mái không ràng buộc .,positive,noi_chung
701599,"tận tâm , vui tính trong giờ giảng dạy giúp giải tỏa căng thẳng .",positive,hanh_vi
701602,"giáo viên không bám sát với sinh viên , không nắm được sinh viên cần gì .",negative,hanh_vi
701604,các thông tin về môn học luôn rõ ràng .,positive,cung_cap_tai_lieu
701612,"những lúc không hiểu hỏi thầy thì thầy cũng ậm ừ chứ không cho câu trả lời , hoặc hướng đi chính xác .",negative,hanh_vi
701614,nhiệt tình vui tinh thân thiện .,positive,hanh_vi
701618,giảng viên rất nhiệt tình và đúng giờ .,positive,hanh_vi
701622,dạy không rõ trọng tâm .,negative,ky_nang_giang_day
701624,thầy rất tốt .,positive,hanh_vi
701639,"có khả năng truyền đạt , chú trọng đến kiến thức hơn điểm số .",positive,ky_nang_giang_day
701641,giảng viên chu đáo nhiệt tình .,positive,hanh_vi
701653,chất lượng tốt không cần cải tiến .,positive,noi_chung
701654,thầy giảng bài quá nhanh .,negative,ky_nang_giang_day
701660,đọc slide từ đầu tới cuối .,neutral,cung_cap_tai_lieu
701668,hậu quả họ phải chép lẫn nhau .,negative,bai_tap
701671,phần thực hành này học 3 buổi .,neutral,kinh_nghiem
701676,omg .,neutral,noi_chung
701684,"giảng viên đến lớp đúng giờ , tận tâm .",positive,hanh_vi
701685,cô đi dạy đúng giờ .,positive,hanh_vi
701689,thầy hay tạo niềm vui hứng thú cho lớp .,positive,hanh_vi
701692,"cho sinh viên nói với bạn , giao tiếp tất cả trong lớp bằng tiếng anh .",neutral,de_xuat
701700,"cô giáo tận tâm , dễ gần .",positive,hanh_vi
701707,lúc đầu có thống nhất không làm đồ án nhưng cuối cùng lại bắt sinh viên làm đồ án làm sinh viên bất ngờ !,negative,bai_tap
701718,nhiều seminar .,neutral,noi_chung
701719,"hình dung chưa, câu mà thầy hay hỏi nhất .",negative,ky_nang_giang_day
701728,nhiệt tình và giúp sinh viên rèn luyện kỹ năng tốt .,positive,hanh_vi
701729,cô rất nhiệt tình với học sinh với từng bài giảng .,positive,hanh_vi
701731,"em thấy trong lúc giảng , thầy ví dụ rất sinh động , dễ hiểu .",positive,ky_nang_giang_day
701734,giọng thầy hơi khó nghe một xíu .,negative,ky_nang_giang_day
701746,giáo viên hướng dẫn thực hành tận tình khi sinh viên có câu hỏi .,positive,hanh_vi
701748,"nộp báo cáo giữa kỳ không có hồi đáp , đến lúc báo cáo cuối kỳ thì lại bảo đề tài các em báo cáo không được phép chọn , mặc dù đề tài có trong danh sách giảng viên up lên moodle .",negative,bai_tap
701753,giao tiếp tốt với sinh viên .,positive,hanh_vi
701754,"em cảm thấy áp lực và không thoải mái trao đổi với thầy , hỏi thầy mà thầy không trả lời .",negative,hanh_vi
701756,các bài tập về nhà và bài tập kiểm tra tại lớp giúp tụi em chú tâm vào học tập hơn .,positive,bai_tap
701761,giữ nguyên hình thức cũ !,neutral,noi_chung
701766,"thầy dễ gần , tận tình .",positive,hanh_vi
701768,"giải thích tất cả nội dung mới , nói sơ lược về nội dung cũ .",neutral,ky_nang_giang_day
701775,rất thu hút .,positive,noi_chung
701778,kỹ lưỡng .,positive,noi_chung
701791,cập nhật thông tin môn học trên courses .,positive,de_xuat
701792,"em không biết là do giảng viên hay do bộ môn phân bổ cách dạy như vậy nhưng em hi vọng chất lượng sẽ ngày được cải thiện , chúng em là sinh viên học để sau này đi làm chứ không phải học để qua môn , và tiếng anh lại rất cần thiết co ngành nghề của chúng em .",positive,de_xuat
701802,vui vẻ với sinh viên .,positive,hanh_vi
701803,giải đáp thắc mắc nhiệt tình ( nếu hỏi trực tiếp ) .,positive,hanh_vi
701805,"hơi nghiêm quá , nhưng không vấn đề , rất ok .",positive,hanh_vi
701815,không giao bài tập .,negative,bai_tap
701824,"thầy vui tính , hòa đồng với sinh viên , giúp sinh viên tự chủ trong học tập .",positive,hanh_vi
701832,phần học lý thuyết suông .,negative,noi_chung
701834,"nhiệt tình , truyền cảm hứng tò mò nghiên cứu , khích lệ tinh thần học tập .",positive,hanh_vi
701838,thầy giảng dạy nhiệt tình dễ hiểu .,positive,ky_nang_giang_day
701847,giáo viên không lên lớp .,negative,hanh_vi
701854,"cung cấp kiến thức bổ ích , dễ tiếp thu .",positive,kien_thuc
701855,trang thiết bị tốt .,positive,thiet_bi_day_hoc
701859,giảng viên khuyến khích việc tự học và nghiên cứu ở sinh viên .,positive,hanh_vi
701860,sinh viên dễ cảm thấy chán và ớn .,negative,noi_chung
701862,"thầy rất nhiệt tình , rất quan tâm sinh viên .",positive,hanh_vi
701883,phương pháp truyền đạt của cô hơi quan liêu bao cấp .,negative,ky_nang_giang_day
701884,"dạy từng phần , vẽ từng đoạn mạch và lý giải chứ không giải thích chung cả hình chương 4 doubledot datapath .",neutral,ky_nang_giang_day
701886,thầy rất nhiệt tình và tâm huyết .,positive,hanh_vi
701888,phương pháp giảng dạy không phù hợp với sinh viên .,negative,ky_nang_giang_day
701893,em quí thầy nhưng em phải nói với thầy một cách hài hước và chân thành rằng là việc điểm danh trên lớp không hiệu quả .,negative,noi_chung
701896,thầy hơi nghiêm túc và khó tính khiến sinh viên căng thẳng .,negative,hanh_vi
701898,thầy giải và hướng dẫn giải bài tập dễ hiểu .,positive,ky_nang_giang_day
701899,cô dạy vẫn còn hơi khó hiểu ạ .,negative,ky_nang_giang_day
701902,"giảng viên dạy hay , giảng kỹ .",positive,ky_nang_giang_day
701903,"giảng viên dạy rất nhiệt tình , chỉ bảo tận tình .",positive,hanh_vi
701911,điều đó làm tăng áp lực cho sinh viên .,negative,noi_chung
701918,giảng viên đưa nhiều bài tập với mức độ từ dễ đến khó .,neutral,bai_tap
701920,dạy rất hay và chi tiết .,positive,ky_nang_giang_day
701922,giáo viên dạy chưa tốt .,negative,ky_nang_giang_day
701932,thầy còn hay đi muộn .,negative,hanh_vi
701939,tài liệu cung cấp cho sinh viên trên web của trường còn ít .,negative,cung_cap_tai_lieu
701940,chưa theo sát chương trình .,negative,chuong_trinh_hoc
701941,truyền đạt nguồn kiến thức phong phú .,positive,kien_thuc
701947,thầy quá khắt khe .,negative,hanh_vi
701948,rất nhiệt tình và chuyên nghiệp .,positive,hanh_vi
701954,"em được biết đây là kỳ dạy cuối cùng của thầy nên em chúc thầy sức khỏe dồi dào , gia đình hạnh phúc .",positive,noi_chung
701956,slide chưa cập nhật với tình hình ngành hiện nay .,negative,cung_cap_tai_lieu
701961,"thầy nhiệt tình , dễ thương .",positive,hanh_vi
701986,"giảng viên dạy chậm , dễ tiếp thu .",positive,ky_nang_giang_day
701988,giảng viên giảng dạy nhiệt tình tận tâm .,positive,hanh_vi
701990,"giáo trình giảng dạy còn cứng nhắc , không linh hoạt với đời sống thực tế , xã hội .",negative,chuong_trinh_hoc
701992,"thầy nói khó hiểu , phát âm khó nghe .",negative,ky_nang_giang_day
701998,giọng nói hơi khó nghe .,negative,ky_nang_giang_day
702000,"thay đổi hình thức thi giữa kỳ và cuối kỳ , đối với một môn học thiên về lập trình thì việc lập trình giấy là không phù hợp .",negative,cham_diem
702001,chưa sử dụng hết thời gian dạy học .,negative,ky_nang_giang_day
702002,cô dạy rất tâm huyết và thường học sinh .,positive,hanh_vi
702011,giúp đỡ sinh viên rất nhiều .,positive,hanh_vi
702021,giảng khó hiểu hơn các thầy cô khác .,negative,ky_nang_giang_day
702031,phương pháp dạy không hiểu nhàm chán tiếp thu ít .,negative,ky_nang_giang_day
702047,cô giảng bài kỹ !,positive,ky_nang_giang_day
702051,nghỉ học không thông báo trước .,negative,hanh_vi
702056,giảng bài đúng trọng tâm .,positive,ky_nang_giang_day
702058,"bài giảng chung chung , không đánh thức được khả năng nhạy bén của sinh viên .",negative,ky_nang_giang_day
702059,"giảng viên vui vẻ , giờ học vui .",positive,hanh_vi
702065,"sự tận tình , đúng giờ và nghiêm túc trong việc học .",positive,hanh_vi
702067,khả năng truyền đạt của thầy chưa được tốt .,negative,ky_nang_giang_day
702068,cách giảng hơi khó hiểu .,negative,ky_nang_giang_day
702071,thầy dạy ngắn gọn không lan man .,positive,ky_nang_giang_day
702073,"cô giảng bài quá nhanh , nhiều sinh viên đã bỏ cuộc khi bài bị lướt quá nhanh .",negative,ky_nang_giang_day
702075,học được nhiều kỹ năng mới và hay .,positive,kien_thuc
702077,tuyệt .,positive,noi_chung
702084,"dạy tốt , dạy hay .",positive,ky_nang_giang_day
702087,tạo động lực cho học sinh học tập .,positive,hanh_vi
702092,trễ giờ .,negative,hanh_vi
702097,cũng được .,neutral,noi_chung
702100,"cô dạy rất tận tâm , nhiệt tình .",positive,hanh_vi
702107,truyền đạt bài học .,neutral,ky_nang_giang_day
702108,nhiệt tình giải đáp thắc mắc của sinh viên .,positive,hanh_vi
702113,giọng thầy hơi khó nghe ạ .,negative,ky_nang_giang_day
702116,"yêu cầu sinh viên tự học , tự chuẩn bị .",neutral,de_xuat
702117,khiến sinh viên mơ hồ về môn này .,negative,noi_chung
702126,thầy dạy rất dễ hiểu !,positive,ky_nang_giang_day
702133,cái này vấn đề chung của cả nước mất rồi colonhihi .,neutral,noi_chung
702143,cô giảng hơi lòng vòng và dài dòng một xíu .,negative,ky_nang_giang_day
702145,nói còn nhỏ .,negative,noi_chung
702153,thầy cung cấp đầy đủ kiến thức cho sinh viên về các ngành nghề đào tạo của trường .,positive,kien_thuc
702154,"sinh động , hoạt bát , dễ hiểu .",positive,ky_nang_giang_day
702157,"cô nhiệt tình , dễ thương .",positive,hanh_vi
702159,"rất tốt , bám sát môn học .",positive,chuong_trinh_hoc
702164,thầy nói hơi nhỏ .,negative,ky_nang_giang_day
702171,giáo viên dạy rất nhiệt tình .,positive,hanh_vi
702173,thầy rất nhiệt tình và tận tâm trong việc chỉ dạy sinh viên .,positive,hanh_vi
702174,khả năng truyền đạt còn hạn chế .,negative,ky_nang_giang_day
702178,chỉ rất nhiệt tình .,positive,hanh_vi
702179,nhiệt tình và giúp đỡ sinh viên .,positive,hanh_vi
702186,đưa ra các hàm .,neutral,noi_chung
702187,"giảng viên có tâm huyết , hướng dẫn tận tình để sinh viên làm bài .",positive,hanh_vi
702189,bắt đầu giờ học đúng giờ .,positive,hanh_vi
702190,thầy dạy rất có tâm .,positive,hanh_vi
702195,thầy cho nghỉ học thường xuyên .,negative,hanh_vi
702201,có nhiều kiến thức hay ngoài đề cương .,positive,kien_thuc
702209,"giảng viên nhiệt tình , gần gũi với học sinh .",positive,hanh_vi
702213,cố tạo động lực cho sinh viên phấn đấu .,positive,hanh_vi
702214,thông báo nghỉ hơi chậm .,negative,noi_chung
702224,hy vọng học kỳ tiếp theo được học môn cấu trúc rời rạc của thầy .,neutral,de_xuat
702225,"cô vui tính , thân thiện .",positive,hanh_vi
702227,"em thấy thầy thuân sử dụng thời gian trên lớp thật sự chưa hiệu quả , có những vấn đề khó và tụi em phải về nhà tìm hiểu nhưng thầy lại không giảng lại cặn kẽ mà chỉ nêu ra những kiến thức mang tính hàn lâm tổng quát .",negative,ky_nang_giang_day
702233,"giảng viên nhiệt tình , kiểm tra lại kiến thức buổi trước .",positive,hanh_vi
702234,"thực chất thì giảng viên không làm gì cả ngoài việc cho sinh viên tìm hiểu thuyết trình môn học và ngồi nghe , không góp ý kiến và chốt vấn đề đạt được và không đạt được của sinh viên .",negative,hanh_vi
702235,cảm thấy bình thường .,neutral,noi_chung
702236,bài giảng rất dễ hiểu .,positive,ky_nang_giang_day
702240,"giáo viên đến đúng giờ , nhiệt tình chỉ dẫn sinh viên .",positive,hanh_vi
702247,"thầy quản lý lớp chưa tốt , những sinh viên lười như em rất hay nghỉ học .",negative,hanh_vi
702252,hài lòng .,positive,noi_chung
702261,cơ sở vật chất ảnh hưởng đến chất lượng môn học .,negative,thiet_bi_day_hoc
702265,nhiều vấn đề nói chưa rõ .,negative,ky_nang_giang_day
702267,rất nhiều đều không hài lòng với cách giảng dạy của giảng viên như doubledot .,negative,ky_nang_giang_day
702274,thầy dạy có phần nhàm chán .,negative,ky_nang_giang_day
702276,"thầy nói nhiều từ khó nhưng lại nói quá nhỏ và nhanh , em không nghe được từ đó là gì .",negative,ky_nang_giang_day
702283,rất thất vọng !,negative,noi_chung
702284,"thầy rất nhiệt tình , thầy giúp sinh viên chủ động hơn .",positive,hanh_vi
702287,dạ em không có ý kiến về vấn đề này .,neutral,noi_chung
702289,giảng viên dạy nhanh quá .,negative,ky_nang_giang_day
702292,"dễ hiểu với mọi thể loại học sinh yếu , trung bình , khá .",positive,ky_nang_giang_day
702295,làm nhiều bài tập hơn .,neutral,de_xuat
702296,cô dạy khá khó hiểu cách truyền đạt không rõ ràng .,negative,ky_nang_giang_day
702297,"sinh viên không học được gì từ giảng viên , sinh viên phải tự tìm tòi .",negative,ky_nang_giang_day
702303,giáo viên thờ ơ dạy cho có .,negative,hanh_vi
702319,tận tình và tâm huyết .,positive,hanh_vi
702322,giảng viên rất nhiệt tình ạ .,positive,hanh_vi
702325,thầy dễ thương nhiệt tình .,positive,hanh_vi
702329,đôi khi quá nghiêm khắc .,negative,hanh_vi
702346,"nhiều bài khá dài và khó , 1 tuần làm 1 lần sẽ không đủ để cân bằng với các môn khác .",negative,bai_tap
702352,làm bài tập khá nhiều .,negative,bai_tap
702353,tuy nhiên thầy ít đùa .,negative,hanh_vi
702356,giảng viên rất nhiệt tình và vui vẻ .,positive,hanh_vi
702357,không có sự hứng thú khi lên lớp .,negative,hanh_vi
702363,lắng nghe cách giải quyết vấn đề của sinh viên .,positive,hanh_vi
702364,cô dạy rất tốt và giải bài tập dễ hiểu .,positive,ky_nang_giang_day
702365,"giảng viên giảng dạy còn chưa tận tâm , nhiệt tình .",negative,hanh_vi
702369,giáo viên có phương pháp giảng dạy hay .,positive,ky_nang_giang_day
702375,tạo không khí học tập năng động .,positive,hanh_vi
702376,"thầy giảng rất kỹ , phương pháp học rất thú vị .",positive,ky_nang_giang_day
702379,mưa cho nghỉ ạ colonsmile .,neutral,de_xuat
702382,quá trình giảng dạy vẫn còn chưa thực sự hiệu quả .,negative,ky_nang_giang_day
702386,khó hiểu .,negative,ky_nang_giang_day
702389,"bài tập thầy cho quá khó , nhưng không sao đề ra như vậy mới nâng cao trình độ của tụi em .",negative,bai_tap
702391,"cô dạy rất rõ ràng , rành mạch , nhưng hơi thiên về lý thuyết .",positive,ky_nang_giang_day
702394,giải đáp thắc mắc có vẻ sai .,negative,ky_nang_giang_day
702399,giảng viên tuyệt vời nhất uit .,positive,hanh_vi
702402,"giảng dạy nhiệt tình , tận tâm .",positive,hanh_vi
702414,giáo viên chưa chủ động giảng dạy .,negative,ky_nang_giang_day
702426,she's very sociable .,positive,hanh_vi
702428,giảng kỹ .,positive,ky_nang_giang_day
702432,khả năng tư duy được nâng cao .,positive,noi_chung
702442,tạo trò chơi giúp giờ học sinh động .,positive,ky_nang_giang_day
702445,chú thích những phần cần phải tập trung .,neutral,noi_chung
702447,thầy truyền đạt rất tốt .,positive,ky_nang_giang_day
702452,"cô wzjwz200 rất nhiệt tình và cũng như rất quan tâm đến lớp , đồng thời cô cũng rất thân thiện .",positive,hanh_vi
702455,tài liệu tìm kiếm còn hạn chế .,negative,cung_cap_tai_lieu
702458,giọng thầy khó nghe rõ .,negative,ky_nang_giang_day
702463,gần gũi .,positive,hanh_vi
702464,"cũng như bao đứa sinh viên khác bước vào phòng báo cáo đồ án , tôi cảm thấy rất hồi hộp và lo sợ bởi lẽ đồ án lần này tôi không thật sự code 100% , tôi tham khảo nó từ internet và thay đổi một vài thứ để hoàn chỉnh và chờ đến ngày báo cáo .",negative,noi_chung
702467,ngôn ngữ dùng để thuyết trình bài học còn hơi khó nghe được vì giảng viên giảng bài bằng tiếng anh .,negative,ky_nang_giang_day
702485,giảng viên thường xuyên đi trễ .,negative,hanh_vi
702486,đôi lúc hơi khó hiểu .,negative,ky_nang_giang_day
702488,cách diễn giải cao siêu quá dẫn đến việc tiếp thu kém hiệu quả .,negative,ky_nang_giang_day
702491,giáo viên luôn đến đúng giờ .,positive,hanh_vi
702492,giảng viên thiếu chuẩn bị khi lên lớp .,negative,ky_nang_giang_day
702494,chưa đúng giờ lên lớp .,negative,hanh_vi
702502,cứ theo tiến độ của môn học .,neutral,chuong_trinh_hoc
702506,"thầy cố gắng giảng bài cho mọi người hiểu , cố gắng dạy cho sinh viên hiểu từ gốc rễ .",positive,ky_nang_giang_day
702507,"cô truyền cảm hứng rất nhiều cho học sinh , không chỉ riêng môn tiếng anh mà còn nhiều kỹ năng cần thiết khác nữa .",positive,hanh_vi
702508,điều mà em hài lòng nhất đó là giảng viên luôn mở rộng kiến thức thêm bên ngoài về bài học .,positive,kien_thuc
702512,thầy dạy không nhiệt tình .,negative,hanh_vi
702523,giảng viên thiếu tâm huyết .,negative,hanh_vi
702524,giảng viên bên lớp lý thuyết thì kiến thức dạy hoàn toàn khác với giảng viên lớp thực hành .,negative,kien_thuc
702526,thầy ít liên hệ ứng dụng trong thực tế .,negative,kinh_nghiem
702528,giảng khá tốt .,positive,ky_nang_giang_day
702546,phần thực hành không liên quan tới lý thuyết .,negative,kinh_nghiem
702550,giảng viên dạy tích cực .,positive,hanh_vi
702552,"đánh giá kết quả học tập chính xác , công tâm .",positive,cham_diem
702554,hỏi thầy những kiến thức bên ngoài có liên quan tới môn học nhiều khi thầy không trả lời .,negative,hanh_vi
702556,"thầy dạy rất hay , cách thầy dạy giúp sinh viên dễ hiểu bài !",positive,ky_nang_giang_day
702559,thấy nên lên lớp đầy đủ hon .,neutral,de_xuat
702572,"thầy rất nhiệt tình , vui tính .",positive,hanh_vi
702575,ngoài bài giảng thầy còn nói thêm những hiện tượng khoa học khá hay .,positive,kien_thuc
702576,tôi hài lòng .,positive,noi_chung
702588,dạy bài hay .,positive,ky_nang_giang_day
702594,môn học tạo cho sinh viên quá nhiều sự mơ hồ .,negative,chuong_trinh_hoc
702596,không hài lòng tất cả .,negative,noi_chung
702599,chuẩn bị nội dung thực hành chu đáo .,positive,cung_cap_tai_lieu
702611,"thầy dạy nhiệt tình , tận tâm .",positive,hanh_vi
702614,"sử dụng giờ lên lớp không hiệu quả , chỉ dịch slide và không nêu được ý nghĩa các phần .",negative,ky_nang_giang_day
702616,kiến thức hơi ít .,negative,kien_thuc
702618,đi sâu vào vấn đề khó hơn .,neutral,chuong_trinh_hoc
702621,cô còn cho ít bài tập .,negative,bai_tap
702630,thầy giảng hơi nhanh nên còn vài chỗ khó hiểu .,negative,ky_nang_giang_day
702631,phần ý kiến của em trong phần khảo sát thầy wzjwz7 em nói có liên quan đến thầy luôn .,neutral,noi_chung
702632,"giảng viên giải đáp tận tình các thắc mắc của sinh viên , tạo cơ hội học tập cho sinh viên .",positive,hanh_vi
702641,nên có ngoại khóa .,neutral,de_xuat
702648,"giảng viên nhiệt tình , đi sớm .",positive,hanh_vi
702659,thầy rất tận tâm trong công việc .,positive,hanh_vi
702662,"nhẹ nhàng , từ tốn .",positive,hanh_vi
702667,thầy giảng tương đối dễ hiểu .,positive,ky_nang_giang_day
702669,"cách dạy , giọng nói buồn ngủ , không truyền đạt hết được kiến thức .",negative,ky_nang_giang_day
702674,"có lẽ thầy giảng như thế thì chỉ phù hợp với người học có trình độ thạc sĩ , tiến sĩ trở lên thôi .",negative,ky_nang_giang_day
702678,cô rất nhiệt tình trong giảng dạy .,positive,hanh_vi
702684,giảng viên giảng bài không thực sự hiệu quả .,negative,ky_nang_giang_day
702685,giải đề chi tiết cho sinh viên .,neutral,ky_nang_giang_day
702691,"giáo viên nhiệt tình , vui vẻ .",positive,hanh_vi
702692,thầy dạt rất tốt .,positive,hanh_vi
702695,không có nội dung thực hành của môn học này .,negative,kinh_nghiem
702709,thầy giảng dạy không thu hút cho lắm .,negative,ky_nang_giang_day
702713,ghi hơi nhiều .,negative,ky_nang_giang_day
702726,giáo viên dạy rất hay .,positive,ky_nang_giang_day
702729,"thầy dạy hay , dễ hiểu .",positive,ky_nang_giang_day
702732,"bài giảng chưa sinh động , thường gây chán cho sinh viên , sinh viên không tiếp thu được nhiều về kiến thức thầy nói .",negative,ky_nang_giang_day
702737,giáo viên rất nhiệt tình vui vẻ .,positive,hanh_vi
702739,thiết nghĩ nhà trường cần đặt chuẩn tiếng anh đầu vào cho lớp chất lượng cao cao hơn nữa để lớp có thể thực sự học bằng tiếng anh .,negative,de_xuat
702753,phương pháp giảng dạy và truyền đạt kiến thức khá tốt .,positive,ky_nang_giang_day
702758,"thầy cho chép nhiều , ít giảng bài .",negative,ky_nang_giang_day
702774,bơi rất vui .,positive,noi_chung
702777,"cô wzjwz258 dạy rất nhiệt tình , thoải mái .",positive,hanh_vi
702783,cung cấp cho sinh viên những kiến thức tổng quát về môn học .,positive,kien_thuc
702784,"nhiệt tình , chu đáo .",positive,hanh_vi
702791,trung bình .,neutral,noi_chung
702796,cô nên cho tụi em xem thiết kế dữ liệu cũng như giao diện cũng những phầm mềm chuyên nghiệp .,neutral,de_xuat
702805,"thầy giảng bài quá nhỏ , cách dạy quá chán và buồn ngủ .",negative,ky_nang_giang_day
702806,phòng lab khoa mạng có chất lượng khá thấp .,negative,thiet_bi_day_hoc
702808,tài liệu cực kỳ dễ hiểu .,positive,cung_cap_tai_lieu
702811,thầy giản dạy nhiệt tình tận tình chỉ bài .,positive,hanh_vi
702815,hơi bắt bẻ .,negative,hanh_vi
702816,phương pháp dạy học hay .,positive,ky_nang_giang_day
702825,rất tâm huyết với sinh viên .,positive,hanh_vi
702829,sau 30 fraction 4 giảng viên không đến lớp .,negative,hanh_vi
702831,chương trình của trường mình ngày càng không sát thực tiễn .,negative,chuong_trinh_hoc
702841,khó nghe trong việc giao tiếp ngôn ngữ .,negative,hanh_vi
702857,thầy rất vui tính và luôn kích thích tinh thần học hỏi ở các sinh viên .,positive,hanh_vi
702858,dạy kỹ càng .,positive,ky_nang_giang_day
702860,học để làm gì !,negative,noi_chung
702866,môn giải tích là một môn khô khan nhưng cô wzjwz261 dạy rất dễ hiểu .,positive,ky_nang_giang_day
702869,giáo viên giảng còn khó hiểu .,negative,ky_nang_giang_day
702870,giảng dạy đầy đủ .,positive,ky_nang_giang_day
702873,thầy dạy rất nhiệt tình và tâm huyết .,positive,hanh_vi
702878,"thầy giảng bài , giải bài còn quá nhanh .",negative,ky_nang_giang_day
702880,cách diễn đạt của cô rất khó hiểu .,negative,ky_nang_giang_day
702882,cô dạy rất tận tình và gần gũi nhưng tại tụi em lười quá .,positive,hanh_vi
702885,"nhìn chung em hài lòng về môn học này , nên em không có ý kiến khác .",positive,noi_chung
702887,cô giảng dạy rất hay và hiệu quả .,positive,ky_nang_giang_day
702891,em hoàn toàn hài lòng về phương pháp giảng dạy này .,positive,ky_nang_giang_day
702892,dạy chưa hiểu rõ bài .,negative,ky_nang_giang_day
702900,đáng để học tập .,positive,noi_chung
702904,"vui vẻ , biết lắng nghe ý kiến sinh viên .",positive,hanh_vi
702916,giao viên hay nghỉ .,negative,hanh_vi
702917,"cho làm các bài kiểm tra cuối giờ , giúp chúng em phải tập trung nghe bài .",positive,bai_tap
702918,phương pháp dạy còn hoang mang .,negative,ky_nang_giang_day
702930,cô dạy rất nhiệt tình .,positive,hanh_vi
702937,"phương pháp dạy dễ hiểu , cách tiếp cận đơn giản và hấp dẫn .",positive,ky_nang_giang_day
702960,cô rất tận tình trong việc củng cố kiến thức .,positive,hanh_vi
702966,giáo viên truyền đạt kiến thức dễ hiểu .,positive,ky_nang_giang_day
702967,em học được nhiều thứ từ môn này ạ colonlove .,positive,kien_thuc
702975,giảng viên đại học có tâm nhất colonsmilesmile .,positive,hanh_vi
702978,"thầy dạy nhiệt tình , tận tâm !",positive,hanh_vi
702979,hoạt động nhóm .,neutral,noi_chung
702980,"giờ học là 7h30 thì 8h thầy vào lớp , hết tiết là 9h45 nhưng lại học tới 10h15 .",negative,hanh_vi
702981,thầy dạy hết sức mơ hồ và khó hiểu .,negative,ky_nang_giang_day
702988,cách mà thầy giảng bài khiến cho sinh viên không thấy chán trong giờ học !,positive,ky_nang_giang_day
702992,đáng để học hỏi !,positive,noi_chung
702999,những tiết thực hành rất bổ ích ạ .,positive,kinh_nghiem
703002,"cô nhiệt tình , dạy có tâm .",positive,hanh_vi
703005,"có hoạt động trò chơi , hát tiếng anh .",neutral,noi_chung
703016,đó là một động lực rất lớn để tụi em hoàn thành hết tất cả bài tập của thầy .,positive,bai_tap
703017,lớp học sôi động .,positive,hanh_vi
703020,bài tập thực hành giúp sinh viên nâng cao mạnh kỹ năng lập trình .,positive,bai_tap
703021,không dặn dò các học sinh thi các phần nào .,negative,hanh_vi
703022,giảng viên dạy bài dễ hiểu .,positive,ky_nang_giang_day
703025,"thầy day dễ hiểu , dễ nắm bắt được kiến thức , không dạy lan man .",positive,ky_nang_giang_day
703026,cách dạy của thầy rất có vấn đề .,negative,ky_nang_giang_day
703031,giáo viên dạy không tạo được cảm giác hứng thú cho sinh viên .,negative,hanh_vi
703032,học khó hiểu .,negative,ky_nang_giang_day
703034,làm cho các bạn bị thiệt thòi .,negative,noi_chung
703039,tôi chưa gặp thầy này lần nào .,neutral,noi_chung
703040,đôi lúc hơi khó .,negative,noi_chung
703041,"hôm trước lúc hỏi vấn đề này ok chưa thầy , thầy bảo ok rồi , hôm sau lên báo cáo thì nhè chỗ đó ra mà chửi .",negative,hanh_vi
703045,"giảng viên nhiệt tình , chịu khó giúp đỡ sinh viên .",positive,hanh_vi
703047,khả năng truyền đạt tốt và định hướng nghề nghiệp .,positive,ky_nang_giang_day
703048,truyền đạt chưa được hiệu quả .,negative,ky_nang_giang_day
703050,giảng viên xinh đẹp dạy tốt .,positive,ky_nang_giang_day
703054,"giảng viên tận tâm , nhiệt tình trong giải quyết mọi thắc mắc của sinh viên .",positive,hanh_vi
703055,"giảng viên tốt , vui tính .",positive,hanh_vi
703059,"giảng viên tận tâm , nhiệt tình , hòa đồng .",positive,hanh_vi
703061,"có thể không chữa cũng được , ai thắc mắc sẽ hỏi riêng .",neutral,noi_chung
703062,dạy hơi buồn ngủ .,negative,ky_nang_giang_day
703064,"thầy không đảm bảo giờ lên lớp , lớp học bù cũng không được đảm bảo .",negative,hanh_vi
703069,nói quá nhanh .,negative,ky_nang_giang_day
703077,"tuy nhiên , cách trả lời về các vấn đề với sinh viên còn thiếu tôn trọng , đôi khi không trả lời mà dùng những lời lẽ không phù hợp trên cương vị giảng viên hỗ trợ việc học tập cho sinh viên .",negative,hanh_vi
703079,"tâm lý giảng dạy rất nặng nề , áp lực .",negative,ky_nang_giang_day
703080,"giáo viên rất nhẹ nhàng lịch sự , dễ mến , luôn đảm bảo đủ giờ dạy và luôn đúng giờ .",positive,hanh_vi
703085,giảng viên thân thiệt .,positive,hanh_vi
703086,nên khuyến khích kỹ năng nghe nói .,neutral,de_xuat
703088,"giảng hay , diễn đạt tốt , giúp sinh viên dễ dàng tiếp thu kiến thức mới .",positive,ky_nang_giang_day
703093,cô đẹp colonsmile .,positive,noi_chung
703099,giảng viên nhiệt tình trong quá trình giảng dạy .,positive,hanh_vi
703100,đi học rất ít nên rất mất công người đi dậy .,neutral,noi_chung
703103,"nhiệt tình , vui vẻ với sinh viên .",positive,hanh_vi
703109,thầy tận tình .,positive,hanh_vi
703115,"giảng viên giảng dạy nhanh , truyền đạt khó nắm bắt .",negative,ky_nang_giang_day
703118,hơi khó để tiếp xúc với cách dạy của thầy .,negative,ky_nang_giang_day
703119,chô tiếng việt giống như là copy nguyên văn từ google dịch vậy .,neutral,noi_chung
703130,thầy tận tình hay trao đổi nhiều với lớp .,positive,hanh_vi
703132,cô cứ bị đẹp và dễ thương thế nào ý .,neutral,noi_chung
703133,nhiều khi tụi em nghĩ là thầy có biết gì không đây .,negative,kien_thuc
703134,"giảng viên gần gũi , vui vẻ giải đáp thắc mắc của sinh viên .",positive,hanh_vi
703136,quá nghiêm khắc tạo áp lực .,negative,hanh_vi
703150,dạy còn cứng nhắc không nguyên cứu trước khi dạy .,negative,ky_nang_giang_day
703157,giáo viên giảng dạy có tâm huyết .,positive,hanh_vi
